{"type":"FeatureCollection","properties":{"borough":"Hackney","generatedAt":"2026-09-30T14:02:29.719Z","source":"© OpenStreetMap contributors, ODbL 1.0","majorRouteCount":105,"otherRouteCount":130,"stopCount":855,"stationCount":14},"features":[{"type":"Feature","properties":{"kind":"boundary"},"geometry":{"type":"Polygon","coordinates":[[[-0.1045094,51.5647097],[-0.1045064,51.5647081],[-0.1044773,51.5646926],[-0.104442,51.564673],[-0.1044039,51.5646508],[-0.1043402,51.5646167],[-0.1042618,51.5645725],[-0.1042354,51.5645583],[-0.1040037,51.5644211],[-0.1038815,51.5643482],[-0.1037474,51.5642668],[-0.1036125,51.5641824],[-0.1033931,51.5640456],[-0.1031617,51.5639046],[-0.1028844,51.563734],[-0.1025749,51.5635487],[-0.1025255,51.5635174],[-0.1023358,51.563407],[-0.1022639,51.5633608],[-0.1021697,51.5632917],[-0.1020945,51.5632357],[-0.1020321,51.5631891],[-0.1019806,51.563151],[-0.101913,51.5631019],[-0.1018232,51.5630358],[-0.1017232,51.562958],[-0.1015899,51.5628593],[-0.1015074,51.5628009],[-0.1014663,51.5627758],[-0.1014273,51.562756],[-0.1013416,51.5627167],[-0.1012611,51.5626805],[-0.1012085,51.5626567],[-0.101163,51.5626334],[-0.1010847,51.562589],[-0.1010143,51.5625446],[-0.1009387,51.5624923],[-0.1008075,51.5624012],[-0.1005972,51.5622569],[-0.1003757,51.5621042],[-0.1002175,51.5619965],[-0.0999057,51.5617848],[-0.0996066,51.5615705],[-0.0994797,51.5614851],[-0.0992399,51.5613111],[-0.0989311,51.5610952],[-0.0987941,51.5609983],[-0.0986995,51.5609188],[-0.0986363,51.5608519],[-0.0986121,51.5608117],[-0.0984874,51.5608316],[-0.0980002,51.5609076],[-0.0975064,51.5609841],[-0.0970771,51.5610511],[-0.0966571,51.5611206],[-0.0961339,51.5612053],[-0.0960835,51.5612135],[-0.0960636,51.5612143],[-0.0960432,51.5612133],[-0.0959977,51.5612058],[-0.0958374,51.5611776],[-0.0956181,51.5611324],[-0.0954006,51.5610883],[-0.0951098,51.5610286],[-0.0948084,51.5609671],[-0.0947666,51.5609581],[-0.0947229,51.560951],[-0.0946472,51.5609322],[-0.0945722,51.5609088],[-0.0945087,51.5608863],[-0.0944429,51.5608586],[-0.0943257,51.5608095],[-0.0942319,51.5607694],[-0.0940498,51.5606918],[-0.0939859,51.5606626],[-0.0939438,51.5606417],[-0.0938619,51.5606005],[-0.0937374,51.5605384],[-0.0936908,51.5605155],[-0.0936357,51.560492],[-0.0936233,51.5604885],[-0.0936142,51.5604864],[-0.0935941,51.5604868],[-0.0935325,51.5604879],[-0.0933569,51.5604903],[-0.0933202,51.5604886],[-0.0933126,51.5604877],[-0.0933012,51.5604865],[-0.0932725,51.5604848],[-0.0932181,51.5604816],[-0.0932097,51.5604808],[-0.0931834,51.5604782],[-0.093149,51.5604746],[-0.0931131,51.5604708],[-0.0930786,51.5604673],[-0.0930469,51.5604643],[-0.0930117,51.5604609],[-0.0929202,51.5604516],[-0.0928487,51.560444],[-0.0927424,51.5604213],[-0.0926631,51.5604048],[-0.0926294,51.5603942],[-0.0925984,51.5603848],[-0.0925725,51.5603779],[-0.0925305,51.560366],[-0.0924558,51.5603448],[-0.0923863,51.5603238],[-0.0923292,51.5603101],[-0.0922824,51.560299],[-0.0922327,51.5602878],[-0.09221,51.5602827],[-0.0921787,51.5602748],[-0.0921454,51.560267],[-0.0920859,51.5602575],[-0.0920558,51.5602542],[-0.092003,51.5602479],[-0.0919423,51.5602372],[-0.0918627,51.5602263],[-0.0918407,51.5602227],[-0.0918115,51.5602176],[-0.0917432,51.5601994],[-0.0916025,51.5601648],[-0.09159,51.5601156],[-0.091587,51.5601048],[-0.0915792,51.5600895],[-0.0915658,51.5600681],[-0.0915379,51.5600227],[-0.0914845,51.559936],[-0.0914433,51.5598702],[-0.0913772,51.5597646],[-0.0913156,51.559662],[-0.0912581,51.5595726],[-0.0911892,51.5594632],[-0.0911457,51.5593968],[-0.0910895,51.5593127],[-0.0910672,51.5592749],[-0.0909891,51.5591503],[-0.0909076,51.5590136],[-0.0908572,51.5589294],[-0.0908464,51.5589112],[-0.0908381,51.5588966],[-0.090815,51.5588489],[-0.0907569,51.5587256],[-0.0906774,51.5585519],[-0.0906056,51.5583986],[-0.0905484,51.5582726],[-0.0904761,51.5581193],[-0.0904091,51.5579708],[-0.0903756,51.5579051],[-0.0903596,51.5578715],[-0.090345,51.5578525],[-0.0903347,51.5578403],[-0.090322,51.5578298],[-0.0903129,51.5578249],[-0.0903073,51.557821],[-0.0902874,51.5578133],[-0.0902992,51.5578039],[-0.0903506,51.5577638],[-0.0903674,51.5577517],[-0.0903749,51.557743],[-0.090382,51.5577327],[-0.0904049,51.5576944],[-0.0904233,51.5576612],[-0.0904258,51.5576549],[-0.0904277,51.5576446],[-0.0904282,51.5576333],[-0.0904266,51.5576118],[-0.0904225,51.5575622],[-0.0904154,51.5575063],[-0.0904013,51.5574094],[-0.0903708,51.5571886],[-0.090362,51.557103],[-0.0903426,51.5569517],[-0.0903339,51.5568282],[-0.0903331,51.5567376],[-0.0903293,51.5566428],[-0.0903273,51.5566074],[-0.0903247,51.5565696],[-0.0903194,51.5565015],[-0.0903059,51.5563277],[-0.090301,51.5562606],[-0.0902863,51.5561334],[-0.0902747,51.5560236],[-0.0902729,51.5559911],[-0.0902741,51.5559291],[-0.090278,51.5558616],[-0.0902819,51.5557405],[-0.0902848,51.5556076],[-0.0902839,51.5555571],[-0.0902861,51.5555203],[-0.0902898,51.5554622],[-0.0902912,51.5554408],[-0.0903004,51.5553376],[-0.0903219,51.5551228],[-0.0903234,51.5550984],[-0.0903321,51.5550069],[-0.0903344,51.5549754],[-0.0903382,51.5549118],[-0.0903414,51.5548629],[-0.090343,51.5548168],[-0.0903457,51.5547815],[-0.0903492,51.5547331],[-0.0903537,51.5546671],[-0.0903604,51.5545725],[-0.0903674,51.5544766],[-0.0903708,51.5544231],[-0.0903758,51.5543081],[-0.0903826,51.5541494],[-0.0902271,51.5541371],[-0.0900396,51.5541261],[-0.0899083,51.5540804],[-0.0898897,51.5540752],[-0.0898529,51.5540594],[-0.0898211,51.5540469],[-0.0897941,51.5540376],[-0.0897595,51.554025],[-0.0897337,51.5540166],[-0.0896842,51.5539962],[-0.0896464,51.553981],[-0.0896367,51.5539765],[-0.0896107,51.5539636],[-0.0895849,51.5539467],[-0.089554,51.5539267],[-0.0895328,51.553913],[-0.0895198,51.5539039],[-0.0895076,51.5538959],[-0.0894904,51.5538822],[-0.0894877,51.5538802],[-0.0894547,51.5538539],[-0.0894365,51.5538396],[-0.0894087,51.5538178],[-0.0893662,51.5537844],[-0.0893561,51.5537763],[-0.0893208,51.5537458],[-0.0893128,51.5537389],[-0.0893012,51.553742],[-0.0892794,51.5537478],[-0.0892401,51.5537582],[-0.0891884,51.5537719],[-0.089133,51.5537866],[-0.0890674,51.5538043],[-0.0890195,51.5538174],[-0.0889637,51.5538326],[-0.0888336,51.5538681],[-0.0886425,51.55392],[-0.0885807,51.5539386],[-0.0884865,51.5538221],[-0.0884203,51.5537417],[-0.0881747,51.553433],[-0.0880702,51.5532996],[-0.0879164,51.55313],[-0.0878242,51.5530321],[-0.0878006,51.5530065],[-0.0877825,51.5529896],[-0.0877378,51.552945],[-0.0877278,51.5529333],[-0.0876747,51.5528977],[-0.0876107,51.5528548],[-0.0875915,51.5528428],[-0.0875527,51.5528215],[-0.0874967,51.5527907],[-0.087396,51.5527595],[-0.0873836,51.5527556],[-0.0873609,51.5527469],[-0.0873255,51.5527369],[-0.0872972,51.5527292],[-0.087251,51.5527176],[-0.0872168,51.5527086],[-0.0871679,51.5526962],[-0.0871356,51.552688],[-0.0870839,51.5526765],[-0.087024,51.5526611],[-0.0869648,51.5526486],[-0.086902,51.5526384],[-0.0868148,51.5526207],[-0.0867585,51.5526111],[-0.086723,51.5526031],[-0.0866517,51.5525923],[-0.0865964,51.5525786],[-0.0865513,51.5525688],[-0.0865023,51.5525591],[-0.0864537,51.5525501],[-0.0863689,51.5525317],[-0.0863009,51.5525082],[-0.0862406,51.5524841],[-0.0862072,51.5524697],[-0.0861312,51.5524338],[-0.0860564,51.5523995],[-0.0858566,51.5523061],[-0.0857894,51.5522708],[-0.0857291,51.5522443],[-0.0856089,51.5521949],[-0.0855603,51.552173],[-0.0855131,51.5521583],[-0.0854251,51.5521324],[-0.0854002,51.5521279],[-0.0853831,51.552124],[-0.0853527,51.5521208],[-0.0853182,51.5521164],[-0.0852549,51.5521091],[-0.0851904,51.5521009],[-0.0851007,51.5520886],[-0.0850052,51.5520765],[-0.0849339,51.5520664],[-0.0847932,51.5520595],[-0.0846334,51.5520516],[-0.0844696,51.5520682],[-0.0842787,51.5520862],[-0.084006,51.5521125],[-0.0838009,51.552132],[-0.083593,51.5521493],[-0.0834483,51.5521499],[-0.0832464,51.5521385],[-0.0831084,51.5521285],[-0.082996,51.5521199],[-0.0828068,51.5521071],[-0.0827639,51.5521038],[-0.0824441,51.5520877],[-0.0821857,51.5520718],[-0.0819693,51.5520615],[-0.0817568,51.5520427],[-0.0815214,51.5520223],[-0.0811781,51.5519915],[-0.0809309,51.5519676],[-0.0807258,51.5519479],[-0.0806775,51.5519429],[-0.0805349,51.5519316],[-0.0804222,51.5519221],[-0.0803482,51.5519158],[-0.0802876,51.5519095],[-0.0801283,51.5518916],[-0.08009,51.5518873],[-0.0800414,51.5518808],[-0.0800054,51.5518743],[-0.0799629,51.5518665],[-0.0799208,51.5518576],[-0.0798975,51.5518528],[-0.0798629,51.5518444],[-0.0798196,51.551834],[-0.0797783,51.5518229],[-0.0797429,51.5518132],[-0.0797187,51.5518059],[-0.0797035,51.5518013],[-0.0796545,51.551786],[-0.0795954,51.5517643],[-0.0795624,51.5517519],[-0.0795257,51.5517324],[-0.079466,51.5516973],[-0.0794437,51.5516829],[-0.0794256,51.551671],[-0.0794051,51.5516575],[-0.0793612,51.5516279],[-0.0793437,51.5516147],[-0.0793261,51.5516014],[-0.0792778,51.5515619],[-0.0792332,51.5515195],[-0.0791654,51.5514545],[-0.079115,51.5514063],[-0.0790371,51.5513334],[-0.0789921,51.5512887],[-0.0788875,51.5511805],[-0.078806,51.5510933],[-0.0787514,51.5510289],[-0.0787172,51.5509851],[-0.0787043,51.5509632],[-0.0786807,51.5509271],[-0.0786682,51.5509108],[-0.0786648,51.550905],[-0.0786599,51.5508991],[-0.0786449,51.5508723],[-0.0786096,51.5508127],[-0.0785727,51.550745],[-0.078483,51.5505981],[-0.0784212,51.5505003],[-0.0782992,51.5503155],[-0.0782523,51.5502391],[-0.0781419,51.5500694],[-0.0780535,51.5499327],[-0.0780013,51.5498513],[-0.0779641,51.5497968],[-0.0779364,51.5497516],[-0.0778527,51.5496441],[-0.0777112,51.549491],[-0.0777041,51.5494814],[-0.077675,51.5494494],[-0.0775713,51.5493219],[-0.0773473,51.549037],[-0.077103,51.5487267],[-0.0770624,51.5486793],[-0.0769649,51.5485493],[-0.0768986,51.5484474],[-0.0768093,51.5482964],[-0.0767368,51.5481687],[-0.0767179,51.548132],[-0.0767058,51.5480999],[-0.0766796,51.5480373],[-0.0766574,51.547985],[-0.0766033,51.5478705],[-0.0765858,51.5478379],[-0.0765344,51.5476956],[-0.0764725,51.5475326],[-0.0764281,51.5474028],[-0.0763947,51.5473036],[-0.0763623,51.5472233],[-0.0763528,51.547202],[-0.0763578,51.5471721],[-0.0763632,51.5471564],[-0.0763911,51.5471204],[-0.0764014,51.5470983],[-0.0764063,51.547072],[-0.0764,51.5469979],[-0.0763843,51.5468574],[-0.0763684,51.5466993],[-0.0763584,51.5465788],[-0.0763366,51.5464029],[-0.0763317,51.5463635],[-0.0763508,51.5463128],[-0.0764389,51.5462767],[-0.0765148,51.5462409],[-0.0766465,51.5461768],[-0.0766982,51.5461118],[-0.076712,51.546085],[-0.0767229,51.5460679],[-0.0769619,51.5460861],[-0.077055,51.5460929],[-0.0773622,51.5461234],[-0.0775732,51.5461476],[-0.0778166,51.5461763],[-0.0780474,51.546203],[-0.0781566,51.5462127],[-0.0783002,51.5462222],[-0.0783507,51.5462257],[-0.0785037,51.5462387],[-0.0788436,51.546266],[-0.0789967,51.5462787],[-0.0792781,51.5463043],[-0.0795068,51.5463246],[-0.0796605,51.546338],[-0.0798299,51.5463498],[-0.0802392,51.5463834],[-0.0821935,51.5465122],[-0.0827214,51.5465403],[-0.0830322,51.5465589],[-0.083265,51.5465733],[-0.0833968,51.5465742],[-0.083628,51.5465815],[-0.0838162,51.5465834],[-0.0837866,51.5463476],[-0.0837636,51.5461951],[-0.0837146,51.5458875],[-0.0836668,51.5456367],[-0.0835945,51.54523],[-0.0835964,51.5452011],[-0.083603,51.5451712],[-0.0836204,51.5451298],[-0.0836897,51.5449442],[-0.0838204,51.5446021],[-0.0839114,51.544363],[-0.0840113,51.544101],[-0.084159,51.5437206],[-0.0842676,51.5434294],[-0.0843292,51.5432652],[-0.0844168,51.5430347],[-0.0844764,51.5428734],[-0.0845555,51.5426681],[-0.0846605,51.5423908],[-0.084778,51.5420847],[-0.0849704,51.5415807],[-0.0851478,51.5411229],[-0.08532,51.5406755],[-0.085488,51.5402369],[-0.085661,51.5397919],[-0.085807,51.5394092],[-0.0859395,51.5390492],[-0.0860582,51.5387199],[-0.0862332,51.5382465],[-0.0864292,51.5377344],[-0.0864883,51.537551],[-0.086497,51.5375182],[-0.0865513,51.5374458],[-0.0865862,51.537416],[-0.0865851,51.5374043],[-0.0865881,51.5373653],[-0.0865899,51.537342],[-0.08659,51.5373004],[-0.0866038,51.5372982],[-0.0867087,51.5372974],[-0.0868394,51.5372834],[-0.0869691,51.5372487],[-0.0870581,51.5372273],[-0.0872989,51.5371636],[-0.087347,51.5371508],[-0.0873882,51.5371389],[-0.0874352,51.5371258],[-0.0874605,51.5371182],[-0.0874981,51.5371077],[-0.08752,51.5371009],[-0.0875409,51.5370939],[-0.0875703,51.5370848],[-0.0876196,51.5370637],[-0.0876741,51.5370361],[-0.0876966,51.5370251],[-0.08785,51.5369521],[-0.0878632,51.5369455],[-0.0879194,51.536919],[-0.0879781,51.5368909],[-0.0880761,51.5368437],[-0.0881973,51.5367858],[-0.0883396,51.5367175],[-0.0885691,51.5366061],[-0.0886018,51.5365918],[-0.0886242,51.5365783],[-0.0887597,51.5365099],[-0.0890747,51.5363504],[-0.0894833,51.5361431],[-0.0897155,51.5360413],[-0.08982,51.5359963],[-0.0899324,51.535942],[-0.0899398,51.5359461],[-0.0901414,51.5358503],[-0.0903086,51.5357707],[-0.0903589,51.5357485],[-0.0904213,51.5357226],[-0.0904236,51.5357238],[-0.0905899,51.5356436],[-0.090584,51.5356409],[-0.0908388,51.5355216],[-0.0911805,51.5353606],[-0.0915049,51.5352064],[-0.0915558,51.5351832],[-0.091518,51.5351535],[-0.0915683,51.535129],[-0.0915757,51.535132],[-0.0915942,51.5351221],[-0.0915898,51.5351198],[-0.0916197,51.5350901],[-0.0916438,51.5350655],[-0.0917777,51.5350032],[-0.0918741,51.5349588],[-0.0919301,51.535005],[-0.0919729,51.534986],[-0.0919519,51.534967],[-0.0922289,51.534837],[-0.0922831,51.5348112],[-0.0924249,51.5347423],[-0.0926525,51.534632],[-0.0928383,51.5345413],[-0.0928953,51.5345139],[-0.0930032,51.534464],[-0.0931722,51.5343975],[-0.0932724,51.5343552],[-0.0934178,51.5342953],[-0.0936151,51.5342135],[-0.0938166,51.5341298],[-0.0939745,51.5340647],[-0.0941646,51.5339829],[-0.0942733,51.533941],[-0.0943664,51.5339063],[-0.0944947,51.5338603],[-0.0945136,51.5338525],[-0.0945189,51.5338556],[-0.0946352,51.5338122],[-0.0948038,51.5337499],[-0.095047,51.5336575],[-0.0950516,51.5336511],[-0.0951557,51.533612],[-0.0954353,51.533506],[-0.0956587,51.5334217],[-0.0960072,51.5333004],[-0.0961767,51.5332442],[-0.0963205,51.5331966],[-0.0964064,51.533169],[-0.0965794,51.5331183],[-0.096865,51.5330391],[-0.0969911,51.5330052],[-0.0970587,51.5330013],[-0.0970057,51.5329227],[-0.0968827,51.5327497],[-0.0966765,51.5324499],[-0.096417,51.5320751],[-0.0962221,51.5317911],[-0.096058,51.5315545],[-0.0959374,51.5313728],[-0.0958445,51.5312283],[-0.0957617,51.531108],[-0.0955342,51.5307794],[-0.0954065,51.53059],[-0.0953275,51.530462],[-0.0953099,51.5304348],[-0.0952661,51.5303507],[-0.0952168,51.5302612],[-0.0951658,51.5301587],[-0.0951491,51.5301205],[-0.0951303,51.5300822],[-0.0951197,51.5300525],[-0.0951098,51.5300141],[-0.0950989,51.5299724],[-0.09509,51.5299036],[-0.0950889,51.5298787],[-0.0950916,51.5298558],[-0.0950902,51.5298384],[-0.0950925,51.5298141],[-0.0950977,51.529781],[-0.0951031,51.5297537],[-0.0951101,51.5297203],[-0.0951211,51.5296904],[-0.0951543,51.5296181],[-0.0951831,51.5295534],[-0.0952601,51.5294294],[-0.0953189,51.529336],[-0.0953779,51.5292427],[-0.0953994,51.5292041],[-0.0949611,51.5290916],[-0.0946289,51.5290064],[-0.0942028,51.5288974],[-0.0936072,51.5287465],[-0.0931207,51.5286212],[-0.092578,51.5284818],[-0.0921704,51.5283763],[-0.091854,51.5282976],[-0.0912679,51.5281437],[-0.0909987,51.5280738],[-0.0909449,51.5280623],[-0.0906613,51.5279906],[-0.0904183,51.5279237],[-0.0902498,51.5278781],[-0.0900265,51.5278237],[-0.0898495,51.5277806],[-0.0897397,51.5277487],[-0.0896036,51.5277099],[-0.0895163,51.5276841],[-0.0893455,51.5276417],[-0.0890752,51.5275655],[-0.0889821,51.5275356],[-0.088859,51.5274936],[-0.0887577,51.5274507],[-0.088718,51.5274287],[-0.088649,51.5273825],[-0.0886078,51.5273521],[-0.0885594,51.5273147],[-0.0885248,51.5272846],[-0.0884804,51.5272439],[-0.088413,51.5271772],[-0.088388,51.5271545],[-0.088379,51.5271441],[-0.0883611,51.5271187],[-0.0883179,51.5270617],[-0.0883032,51.527037],[-0.0882279,51.5269383],[-0.088189,51.5268876],[-0.0881594,51.5268401],[-0.0881209,51.526783],[-0.0880935,51.5267406],[-0.0880649,51.5266976],[-0.0880257,51.526615],[-0.0879896,51.5265423],[-0.0879453,51.526446],[-0.0879308,51.526417],[-0.0878802,51.5263037],[-0.0878584,51.52624],[-0.0878231,51.5262144],[-0.0877747,51.5261787],[-0.0877303,51.5261516],[-0.0876654,51.5261198],[-0.0875795,51.526072],[-0.0875487,51.5260566],[-0.0874913,51.5260157],[-0.0874557,51.5260101],[-0.0873943,51.5259822],[-0.0871752,51.5258931],[-0.0871431,51.5258791],[-0.0870836,51.5258487],[-0.0870514,51.5258276],[-0.0870253,51.5258039],[-0.0869921,51.5257901],[-0.0869367,51.5257779],[-0.0868518,51.5258035],[-0.0867848,51.5258164],[-0.0866844,51.5258465],[-0.0865101,51.5258981],[-0.0862885,51.5259474],[-0.0861087,51.5259899],[-0.0858774,51.526048],[-0.0855868,51.5261226],[-0.0852874,51.526188],[-0.0851368,51.5262199],[-0.0850362,51.5262359],[-0.0850232,51.5261971],[-0.0850191,51.5261785],[-0.0850188,51.526171],[-0.0849974,51.5261124],[-0.0849611,51.5260076],[-0.084921,51.5258787],[-0.084908,51.5258379],[-0.084885,51.5257796],[-0.0848648,51.525717],[-0.084835,51.5256258],[-0.0848168,51.5255673],[-0.0847717,51.5254275],[-0.0848133,51.5254062],[-0.0848641,51.5253728],[-0.0849271,51.5253312],[-0.0849952,51.5252866],[-0.0850521,51.5252226],[-0.0850726,51.5252006],[-0.0851126,51.5251383],[-0.085159,51.5250666],[-0.0852622,51.5249082],[-0.0853577,51.5247527],[-0.085434,51.5246281],[-0.08549,51.5245369],[-0.0853964,51.5245151],[-0.0852774,51.5244868],[-0.0851454,51.5244556],[-0.0851527,51.5244314],[-0.0851549,51.5243693],[-0.0851582,51.5243157],[-0.0851668,51.5242778],[-0.0851778,51.5242298],[-0.0851952,51.5241426],[-0.0852097,51.5240656],[-0.0852278,51.5239428],[-0.0851385,51.5239413],[-0.0846433,51.5239349],[-0.0842405,51.5239283],[-0.0842924,51.5237351],[-0.084329,51.523595],[-0.0844178,51.5232541],[-0.0844313,51.5230357],[-0.0844509,51.5227518],[-0.0844605,51.5226789],[-0.0844865,51.522555],[-0.0845411,51.522299],[-0.0845606,51.5221743],[-0.084569,51.5221307],[-0.0846131,51.5219667],[-0.0846295,51.5219137],[-0.0847159,51.5216828],[-0.0847389,51.5216207],[-0.0847764,51.5215192],[-0.0848756,51.5212707],[-0.0849057,51.5211776],[-0.0849822,51.5209725],[-0.0850485,51.5208028],[-0.0851213,51.5206346],[-0.0851781,51.5205077],[-0.0852589,51.5203467],[-0.0833255,51.5198144],[-0.082734,51.5200682],[-0.0823258,51.5203142],[-0.0820173,51.5205556],[-0.0817951,51.5207327],[-0.0817623,51.5207574],[-0.0815494,51.5210218],[-0.0812842,51.5214321],[-0.0810832,51.5218697],[-0.0810504,51.5219534],[-0.0808001,51.5218978],[-0.080759,51.5218893],[-0.0807596,51.5218882],[-0.0797693,51.5216708],[-0.0785555,51.5215103],[-0.078513,51.5215562],[-0.0785074,51.5215629],[-0.0784461,51.5216406],[-0.0783688,51.5217541],[-0.0783055,51.5218454],[-0.0782638,51.5219118],[-0.0780755,51.5218788],[-0.0780344,51.5218721],[-0.0775724,51.5220095],[-0.0773794,51.5220596],[-0.0772111,51.5221003],[-0.0771055,51.5221184],[-0.0767809,51.522171],[-0.0767589,51.5221752],[-0.0766741,51.5221916],[-0.0765855,51.5221207],[-0.0764848,51.5220449],[-0.0762242,51.5221829],[-0.0761465,51.5223674],[-0.07609,51.5224948],[-0.0760173,51.522649],[-0.0759554,51.5228107],[-0.0758533,51.5230815],[-0.0758064,51.5230798],[-0.0757997,51.5231958],[-0.0757732,51.5235548],[-0.0757683,51.5236798],[-0.0757766,51.5237233],[-0.0758409,51.5239594],[-0.0759238,51.524238],[-0.0759539,51.5243375],[-0.0764805,51.5243062],[-0.0764865,51.5243167],[-0.0765175,51.5245493],[-0.0765477,51.5248033],[-0.0765823,51.5250667],[-0.0766174,51.5254037],[-0.0766385,51.5256266],[-0.0766519,51.5257208],[-0.0766563,51.5258222],[-0.0766571,51.5261125],[-0.0766578,51.5262003],[-0.0766676,51.5263451],[-0.0766608,51.5264029],[-0.0766358,51.5264477],[-0.0765981,51.5264806],[-0.0765539,51.5265314],[-0.0765301,51.5265633],[-0.0765179,51.526588],[-0.0765162,51.5266076],[-0.0765051,51.5266508],[-0.0764911,51.5266952],[-0.0763994,51.5269327],[-0.0763559,51.5270446],[-0.0763237,51.5271406],[-0.0763653,51.5271463],[-0.0766122,51.5271868],[-0.0767416,51.5272089],[-0.0768873,51.5272326],[-0.0769443,51.5272435],[-0.0769855,51.5272511],[-0.0771477,51.527279],[-0.0773001,51.5273037],[-0.0771363,51.5273754],[-0.077094,51.5273979],[-0.0770201,51.527437],[-0.0769338,51.5274821],[-0.0768952,51.5275061],[-0.0768438,51.5275338],[-0.0767717,51.5275776],[-0.0767186,51.5276115],[-0.0766254,51.5276759],[-0.0765443,51.5277339],[-0.0764555,51.5278021],[-0.0763384,51.5278978],[-0.0762652,51.5279591],[-0.076126,51.5280714],[-0.0760428,51.5281322],[-0.0759293,51.5282117],[-0.0758312,51.5282843],[-0.0757738,51.52833],[-0.075742,51.5283566],[-0.07573,51.5283669],[-0.0757082,51.5283856],[-0.0756659,51.5284273],[-0.0755796,51.5285141],[-0.0755176,51.5285775],[-0.0754419,51.5286678],[-0.0753653,51.5287658],[-0.0753016,51.5288548],[-0.0752443,51.5289457],[-0.0752115,51.5290044],[-0.075148,51.5291023],[-0.075076,51.5292185],[-0.0750019,51.5293425],[-0.0749681,51.5293968],[-0.0749376,51.5294437],[-0.0748941,51.5295041],[-0.0748531,51.5295613],[-0.0747858,51.5296498],[-0.0747385,51.529715],[-0.0746706,51.5297887],[-0.0746021,51.5298505],[-0.0745272,51.5299093],[-0.0744131,51.5299945],[-0.0743127,51.5300655],[-0.0742736,51.5300922],[-0.0742267,51.5301189],[-0.0740967,51.5301843],[-0.0739669,51.5302498],[-0.0738792,51.5302863],[-0.0737854,51.530321],[-0.0736983,51.5303536],[-0.073396,51.5304629],[-0.0730719,51.530578],[-0.0728552,51.5306555],[-0.072704,51.5306987],[-0.0724914,51.5307653],[-0.0722059,51.5308461],[-0.0721193,51.5308678],[-0.0720612,51.530879],[-0.0719572,51.5308951],[-0.0718371,51.5309105],[-0.071732,51.5309236],[-0.071639,51.5309336],[-0.0715365,51.5309408],[-0.0713495,51.5309522],[-0.071167,51.5309619],[-0.070998,51.5309682],[-0.0708747,51.5309733],[-0.0706624,51.5309812],[-0.0704365,51.5309914],[-0.0701417,51.531005],[-0.0699065,51.5310162],[-0.0696007,51.5310289],[-0.0695882,51.531029],[-0.0694037,51.5310332],[-0.0693021,51.5310354],[-0.0691105,51.5310399],[-0.0691048,51.5310401],[-0.0689258,51.5310448],[-0.0688271,51.5310486],[-0.0686605,51.5310554],[-0.0684952,51.5310604],[-0.0682265,51.5310671],[-0.0677028,51.5310934],[-0.067512,51.5311059],[-0.0669905,51.53115],[-0.0667434,51.5311741],[-0.0666416,51.5311827],[-0.0665906,51.5311871],[-0.0665017,51.5311955],[-0.0664489,51.5312006],[-0.0663927,51.5312063],[-0.0663332,51.5312123],[-0.0663216,51.5312136],[-0.0662804,51.5312187],[-0.0662793,51.5312272],[-0.0662786,51.5312299],[-0.0662717,51.5312516],[-0.0662642,51.5312878],[-0.0662534,51.5313503],[-0.066245,51.5313919],[-0.0662298,51.5314402],[-0.0661875,51.531514],[-0.0661376,51.5315995],[-0.0660824,51.5316919],[-0.0660324,51.5317764],[-0.0659893,51.5318482],[-0.06597,51.5318833],[-0.0658766,51.5320385],[-0.0658496,51.5320844],[-0.0658234,51.5321292],[-0.0657919,51.5321823],[-0.0657385,51.5322743],[-0.0657245,51.5322971],[-0.0656215,51.5324757],[-0.0655239,51.532644],[-0.0654909,51.5327045],[-0.0654369,51.5327976],[-0.0653859,51.5328872],[-0.0653555,51.5329388],[-0.0653367,51.5329709],[-0.0653172,51.5330035],[-0.0652533,51.5331105],[-0.065233,51.5331245],[-0.0652086,51.5331425],[-0.065198,51.5331482],[-0.0651893,51.5331538],[-0.0651818,51.5331569],[-0.0651738,51.533159],[-0.0651685,51.533156],[-0.0651624,51.5331516],[-0.0651551,51.5331452],[-0.0651486,51.533138],[-0.0651411,51.533131],[-0.0651361,51.5331239],[-0.0651313,51.5331144],[-0.0651258,51.5331054],[-0.0651124,51.5330776],[-0.065092,51.5330393],[-0.0650687,51.5329875],[-0.0650488,51.5329314],[-0.0650356,51.5329031],[-0.0649849,51.5329094],[-0.0648543,51.5329234],[-0.0647641,51.5329368],[-0.064609,51.5329523],[-0.0645666,51.5329579],[-0.0645487,51.5329591],[-0.0644019,51.5329749],[-0.0642241,51.5329945],[-0.0641421,51.533008],[-0.0640712,51.5330139],[-0.0639953,51.5330237],[-0.0639524,51.5330267],[-0.0638551,51.5330392],[-0.063811,51.5330425],[-0.0636122,51.5330652],[-0.0635421,51.5330692],[-0.063393,51.533083],[-0.0631812,51.5331101],[-0.063104,51.5331157],[-0.0629711,51.5331312],[-0.0628451,51.5331429],[-0.062728,51.533158],[-0.0625677,51.533185],[-0.0625258,51.5331932],[-0.0624399,51.5332018],[-0.0623926,51.5332095],[-0.0623782,51.5332148],[-0.0623148,51.5332249],[-0.0622694,51.5332379],[-0.0622172,51.5332579],[-0.0622674,51.533333],[-0.0622729,51.5333442],[-0.0623401,51.5334124],[-0.0623791,51.5334712],[-0.062404,51.5335016],[-0.0624347,51.5335618],[-0.0624879,51.5336542],[-0.0625712,51.5337896],[-0.0626875,51.5339841],[-0.0627069,51.5340302],[-0.0627328,51.5340757],[-0.0627631,51.5341474],[-0.0627938,51.5342342],[-0.062804,51.5343009],[-0.0628157,51.5343729],[-0.0628144,51.5344261],[-0.0628231,51.5345145],[-0.0628258,51.5345385],[-0.0628321,51.5346062],[-0.0628386,51.5346485],[-0.0628536,51.5347482],[-0.0628641,51.5348217],[-0.0628832,51.5348906],[-0.0628873,51.5349174],[-0.0628875,51.5349305],[-0.0628867,51.5349411],[-0.0628832,51.5349506],[-0.0628732,51.5349712],[-0.0628642,51.5349847],[-0.0628443,51.5350114],[-0.0628283,51.5350359],[-0.0627992,51.5350812],[-0.0627902,51.5350997],[-0.0627745,51.5351229],[-0.0627571,51.5351417],[-0.0627016,51.5352155],[-0.0626374,51.5353008],[-0.0626084,51.5353413],[-0.0625416,51.5354324],[-0.0625049,51.5354778],[-0.0624615,51.5355312],[-0.0624567,51.5355301],[-0.0623572,51.5355143],[-0.0623168,51.5355038],[-0.0622445,51.5354806],[-0.0621812,51.5354606],[-0.0620021,51.5354168],[-0.0619354,51.5353955],[-0.0618914,51.5353801],[-0.0618178,51.5353487],[-0.0617631,51.5353211],[-0.0617015,51.5352869],[-0.0616027,51.535228],[-0.0615238,51.5351718],[-0.0614546,51.5351143],[-0.0613458,51.5350226],[-0.0612129,51.5349116],[-0.0610978,51.5348123],[-0.0609778,51.5347076],[-0.0608726,51.5346198],[-0.0608188,51.5345767],[-0.0607598,51.5345311],[-0.0607134,51.5344985],[-0.0606503,51.534455],[-0.060606,51.5344264],[-0.0605529,51.5343929],[-0.0604921,51.5343599],[-0.0604842,51.5343535],[-0.0604535,51.5343345],[-0.0604195,51.5343156],[-0.0603566,51.5342842],[-0.060327,51.534271],[-0.0602545,51.5342439],[-0.0601005,51.5341948],[-0.0600665,51.5341877],[-0.0600218,51.5341788],[-0.0599609,51.5341698],[-0.0598072,51.5341455],[-0.0596847,51.5341241],[-0.0596558,51.5341193],[-0.0595814,51.5341116],[-0.0595026,51.5341044],[-0.059402,51.534096],[-0.0593617,51.5340949],[-0.0593268,51.5340944],[-0.0592997,51.5340943],[-0.0592592,51.5340943],[-0.059203,51.5340941],[-0.0590792,51.5340936],[-0.0589969,51.5340935],[-0.0589043,51.5340961],[-0.0588546,51.5340987],[-0.0588273,51.5341003],[-0.0587851,51.5341035],[-0.0587537,51.5341065],[-0.0587393,51.534108],[-0.0586974,51.534113],[-0.0585707,51.5341279],[-0.0583408,51.534155],[-0.0582516,51.534167],[-0.0581834,51.5341801],[-0.0580981,51.5341973],[-0.0579615,51.5342296],[-0.0578859,51.5342515],[-0.0577715,51.534289],[-0.0577496,51.5342966],[-0.0576708,51.534315],[-0.0575908,51.5343383],[-0.0575233,51.5343575],[-0.057472,51.5343716],[-0.0573885,51.5343962],[-0.0573291,51.5344132],[-0.0572879,51.5344251],[-0.0572181,51.5344456],[-0.0570937,51.5344824],[-0.0570711,51.53449],[-0.057033,51.5345081],[-0.0568795,51.5345816],[-0.0567753,51.5346287],[-0.0566972,51.5346576],[-0.0565817,51.534697],[-0.0564858,51.5347286],[-0.0563746,51.5347609],[-0.0561774,51.534822],[-0.0560142,51.5348713],[-0.0558354,51.5349246],[-0.0557104,51.5349608],[-0.0556271,51.5349824],[-0.0553733,51.5350469],[-0.0552419,51.5350775],[-0.0551148,51.5351016],[-0.0550985,51.5351036],[-0.0550539,51.5351104],[-0.0550439,51.5351103],[-0.0549838,51.535109],[-0.0549347,51.5351135],[-0.0548856,51.5351169],[-0.0548551,51.5351205],[-0.0548252,51.5351258],[-0.0548019,51.535132],[-0.0547392,51.5351469],[-0.0547137,51.535152],[-0.0547013,51.5351543],[-0.0546613,51.5351578],[-0.0546163,51.5351611],[-0.054552,51.5351642],[-0.0544818,51.5351659],[-0.0544593,51.5351663],[-0.0544011,51.5351657],[-0.0543624,51.5351647],[-0.0542987,51.5351624],[-0.0542228,51.5351582],[-0.0541441,51.5351529],[-0.0539974,51.5351425],[-0.0538688,51.5351316],[-0.0537792,51.5351222],[-0.0537001,51.5351116],[-0.0535853,51.535094],[-0.0534823,51.5350759],[-0.0533745,51.5350544],[-0.0532561,51.5350282],[-0.0531396,51.5350004],[-0.0528837,51.5349376],[-0.0528829,51.5349401],[-0.0528594,51.534997],[-0.0528393,51.5350829],[-0.0528156,51.5352234],[-0.0527938,51.5353545],[-0.0527899,51.5353803],[-0.0527807,51.5354131],[-0.0527693,51.5354499],[-0.052755,51.5354879],[-0.0527327,51.535531],[-0.0527097,51.5355755],[-0.0526845,51.535619],[-0.0526545,51.5356629],[-0.0526306,51.5356933],[-0.0525825,51.5357478],[-0.0525181,51.5358202],[-0.0524767,51.5358656],[-0.0524414,51.5358989],[-0.0524042,51.5359299],[-0.0523598,51.5359613],[-0.0522713,51.5360222],[-0.0522103,51.5360625],[-0.0521648,51.5360899],[-0.0521424,51.5361027],[-0.0520839,51.5361351],[-0.0519953,51.5361794],[-0.051922,51.5362142],[-0.0518501,51.5362464],[-0.0517719,51.5362781],[-0.0516804,51.5363121],[-0.0516003,51.5363389],[-0.0515401,51.5363542],[-0.0514946,51.5363641],[-0.0513968,51.5363833],[-0.05127,51.536409],[-0.0511851,51.5364237],[-0.0511214,51.5364363],[-0.051081,51.5364428],[-0.051002,51.5364528],[-0.0509402,51.5364606],[-0.0509022,51.5364634],[-0.0508799,51.536464],[-0.0508639,51.5364639],[-0.0507893,51.536468],[-0.0507254,51.5364696],[-0.0506306,51.5364725],[-0.0505964,51.5364718],[-0.0505782,51.5364703],[-0.0505631,51.5364688],[-0.050436,51.5364604],[-0.0503622,51.5364547],[-0.0502827,51.5364475],[-0.0501813,51.5364351],[-0.0501159,51.5364256],[-0.0500455,51.5364146],[-0.049986,51.5364044],[-0.0498997,51.5363877],[-0.0498286,51.5363716],[-0.0497281,51.5363455],[-0.0496458,51.5363227],[-0.0495543,51.5362922],[-0.0494716,51.5362579],[-0.0494106,51.5362334],[-0.0493505,51.5362043],[-0.0492549,51.5361556],[-0.0491691,51.5361092],[-0.0490897,51.5360639],[-0.0489916,51.5360053],[-0.0489208,51.5359601],[-0.0488134,51.5358853],[-0.0487218,51.5358259],[-0.0486899,51.5358054],[-0.0486185,51.5357717],[-0.0485344,51.5357365],[-0.0484518,51.5357013],[-0.0483848,51.5356762],[-0.0483369,51.5356588],[-0.0482579,51.5356335],[-0.0482044,51.5356151],[-0.0481313,51.5355943],[-0.0480514,51.5355741],[-0.0479813,51.5355591],[-0.0479041,51.5355463],[-0.0477297,51.5355203],[-0.0476425,51.5355081],[-0.0475233,51.5354941],[-0.0474181,51.5354839],[-0.0473491,51.5354797],[-0.0471871,51.5354476],[-0.0471739,51.5354576],[-0.0471601,51.5354623],[-0.0471307,51.5354658],[-0.0470742,51.5354693],[-0.0469125,51.53548],[-0.0467341,51.5354975],[-0.0465664,51.5355156],[-0.046398,51.5355346],[-0.0461784,51.5355647],[-0.0460017,51.5355925],[-0.0457869,51.535628],[-0.0456446,51.5356533],[-0.0454318,51.5356906],[-0.0453297,51.5357099],[-0.0451771,51.5357411],[-0.045067,51.5357628],[-0.044996,51.5357793],[-0.0449906,51.5357803],[-0.044923,51.5357986],[-0.0448855,51.5358085],[-0.0448514,51.5358191],[-0.0447952,51.535842],[-0.0447622,51.5358559],[-0.0447303,51.535871],[-0.0446818,51.5358975],[-0.0446193,51.5359304],[-0.0445835,51.5359537],[-0.0445122,51.5360028],[-0.0444353,51.5360572],[-0.0443873,51.5360943],[-0.0442384,51.5362136],[-0.0440609,51.5363539],[-0.0440137,51.5363917],[-0.0439942,51.5364092],[-0.0439729,51.5364249],[-0.0439567,51.5364358],[-0.043937,51.536448],[-0.0439223,51.5364574],[-0.0439015,51.5364718],[-0.0438874,51.5364784],[-0.043871,51.5364856],[-0.0438545,51.5364907],[-0.0438385,51.5364938],[-0.0438202,51.5364965],[-0.0437894,51.5364971],[-0.0437517,51.536498],[-0.0437405,51.5364968],[-0.0437237,51.5364941],[-0.0437102,51.5364914],[-0.0436947,51.536487],[-0.0436791,51.5364818],[-0.0436588,51.5364747],[-0.0436227,51.5364639],[-0.0436112,51.5364699],[-0.0434849,51.5365382],[-0.0433802,51.5365816],[-0.0432649,51.5366288],[-0.0431029,51.5367041],[-0.0429767,51.5367623],[-0.0428821,51.536806],[-0.0427878,51.5368495],[-0.0426244,51.5369245],[-0.0424181,51.5370202],[-0.042212,51.5371149],[-0.0420093,51.5372084],[-0.0417673,51.5373201],[-0.0416116,51.5373924],[-0.041521,51.5374413],[-0.0414368,51.5374934],[-0.0413937,51.5375252],[-0.0413192,51.5375899],[-0.0412337,51.5376725],[-0.0411391,51.537764],[-0.0409461,51.5379466],[-0.0407707,51.5381123],[-0.0406638,51.5382135],[-0.0405021,51.5383674],[-0.0403315,51.5385295],[-0.0402721,51.5385854],[-0.040197,51.5386559],[-0.0401399,51.5387091],[-0.0401001,51.5387464],[-0.0400438,51.5387994],[-0.0400381,51.5388046],[-0.0397409,51.5390841],[-0.0395933,51.5392213],[-0.0393909,51.5394116],[-0.0391699,51.5396195],[-0.038925,51.5398492],[-0.0387447,51.5400181],[-0.0386439,51.5401142],[-0.0383988,51.5403461],[-0.0382535,51.5404826],[-0.0381112,51.540617],[-0.0379193,51.5407983],[-0.0378722,51.5408423],[-0.0378073,51.5409007],[-0.0377561,51.5409498],[-0.0376538,51.5410502],[-0.0375661,51.5411354],[-0.037556,51.5411466],[-0.0375465,51.5411641],[-0.0375449,51.5411737],[-0.0375438,51.5411837],[-0.0375446,51.5411927],[-0.0375454,51.541198],[-0.0375197,51.5412197],[-0.0374911,51.5412439],[-0.0374489,51.5412801],[-0.0373881,51.5413322],[-0.0373784,51.5413318],[-0.0373644,51.5413317],[-0.0373469,51.5413323],[-0.0373338,51.5413335],[-0.0373242,51.5413344],[-0.0373099,51.5413368],[-0.0373031,51.5413386],[-0.0372923,51.5413418],[-0.0372866,51.5413434],[-0.0372817,51.5413463],[-0.0372713,51.5413522],[-0.0372479,51.5413662],[-0.0372156,51.5413867],[-0.0371772,51.5414114],[-0.0371713,51.5414152],[-0.0372072,51.5414382],[-0.0372915,51.5414926],[-0.0374047,51.5415655],[-0.0374629,51.5416029],[-0.0374774,51.5416145],[-0.037541,51.5416553],[-0.0376724,51.5417401],[-0.0377611,51.5417971],[-0.0377262,51.5418208],[-0.0376859,51.5418485],[-0.0376314,51.541886],[-0.0375871,51.5419163],[-0.0375339,51.5419528],[-0.0374932,51.5419807],[-0.037447,51.5420123],[-0.0374005,51.542044],[-0.0373312,51.5420915],[-0.0372989,51.5421137],[-0.0372459,51.5421497],[-0.037198,51.5421827],[-0.0371483,51.5422166],[-0.0370989,51.5422497],[-0.0370596,51.5422762],[-0.037005,51.5423129],[-0.0369304,51.5423629],[-0.0368874,51.5423923],[-0.0367774,51.5424624],[-0.0367293,51.5424916],[-0.0366916,51.5425144],[-0.0366122,51.5425671],[-0.036494,51.5426387],[-0.0364112,51.5426841],[-0.036369,51.5427094],[-0.0363081,51.5427457],[-0.0362041,51.542808],[-0.0361376,51.5428491],[-0.0360373,51.5429081],[-0.0359898,51.5429353],[-0.0359692,51.5429465],[-0.035952,51.5429545],[-0.035904,51.5429815],[-0.0358646,51.5430038],[-0.0358185,51.5430279],[-0.0357082,51.5430888],[-0.0356839,51.5431028],[-0.0356416,51.5431243],[-0.0356165,51.5431386],[-0.0354258,51.5432354],[-0.0353924,51.5432505],[-0.0353802,51.5432575],[-0.035176,51.5433559],[-0.0351513,51.5433666],[-0.0350223,51.5434281],[-0.0347728,51.5435432],[-0.0346469,51.5436034],[-0.0346197,51.5436216],[-0.0345999,51.543635],[-0.0345884,51.543644],[-0.0345727,51.543654],[-0.0345142,51.5436988],[-0.0344707,51.5437315],[-0.0344516,51.5437444],[-0.0344185,51.543772],[-0.0343837,51.5437964],[-0.0343019,51.5438629],[-0.0342762,51.5438855],[-0.0342387,51.5439149],[-0.0342186,51.5439319],[-0.034187,51.5439553],[-0.0341292,51.5440047],[-0.033882,51.5442036],[-0.0337547,51.544308],[-0.0335762,51.5444677],[-0.0334781,51.5445575],[-0.0334103,51.5446202],[-0.0333908,51.5446335],[-0.0333692,51.5446423],[-0.0333245,51.544662],[-0.0332927,51.5446715],[-0.0332831,51.5446727],[-0.0332735,51.5446732],[-0.0332557,51.544678],[-0.0332401,51.5446802],[-0.0332187,51.5446842],[-0.0332014,51.544685],[-0.0331795,51.5446851],[-0.033168,51.5446854],[-0.0331597,51.5446855],[-0.0331519,51.544686],[-0.0331479,51.5446855],[-0.0331427,51.5446846],[-0.0331336,51.5446823],[-0.0330174,51.5446515],[-0.0329455,51.5446323],[-0.0329201,51.5446186],[-0.0328097,51.5445529],[-0.032589,51.5444233],[-0.0324201,51.5443244],[-0.0321216,51.544149],[-0.0319727,51.5440604],[-0.0317226,51.5439146],[-0.0315576,51.5438174],[-0.0313825,51.5437151],[-0.0312214,51.5436232],[-0.0311296,51.5435712],[-0.0310508,51.5435275],[-0.031015,51.5435116],[-0.0309607,51.5434933],[-0.0309049,51.5434776],[-0.0308034,51.543452],[-0.0306185,51.5434044],[-0.0305168,51.5433806],[-0.0304699,51.5433693],[-0.0302005,51.5432978],[-0.0299815,51.5432435],[-0.0299151,51.5432256],[-0.0298856,51.543216],[-0.0297565,51.5431696],[-0.0297127,51.5431536],[-0.0296602,51.5431291],[-0.0295812,51.5430895],[-0.0295876,51.5430514],[-0.029537,51.5430252],[-0.0294869,51.5430208],[-0.0294645,51.5429955],[-0.029413,51.5429224],[-0.0293201,51.5427882],[-0.029266,51.5427094],[-0.0292212,51.5426465],[-0.0292022,51.5426208],[-0.029197,51.5426069],[-0.0291745,51.5425817],[-0.0291722,51.5425786],[-0.0291629,51.5425588],[-0.0291496,51.5425421],[-0.0291326,51.5425105],[-0.0290958,51.5424433],[-0.0290872,51.5424266],[-0.0290656,51.5423805],[-0.0290557,51.5423532],[-0.0290398,51.5423162],[-0.0290344,51.5423177],[-0.0290276,51.5422995],[-0.0290187,51.5422715],[-0.0289808,51.5422789],[-0.0288831,51.5422992],[-0.0288663,51.5423026],[-0.0287731,51.5423257],[-0.0286682,51.5423492],[-0.0286274,51.5423589],[-0.0285649,51.5423721],[-0.0284724,51.5423938],[-0.0283328,51.5424249],[-0.0282364,51.5424484],[-0.0281569,51.5424663],[-0.0280139,51.5425001],[-0.0279195,51.5425239],[-0.0278139,51.5425512],[-0.0277389,51.5425703],[-0.0276468,51.5425958],[-0.0275969,51.5426097],[-0.0275406,51.5426235],[-0.027418,51.5426569],[-0.0272987,51.5426887],[-0.0271033,51.5427415],[-0.0269543,51.5427813],[-0.0266966,51.5428469],[-0.0265066,51.5428996],[-0.0263361,51.5429605],[-0.0262455,51.542992],[-0.0261565,51.5430239],[-0.0260021,51.5430804],[-0.025907,51.543119],[-0.0258259,51.5431541],[-0.0257931,51.543169],[-0.0257198,51.5432088],[-0.0256986,51.5432228],[-0.0256794,51.543233],[-0.0256523,51.543263],[-0.0256264,51.5432921],[-0.0256145,51.5433173],[-0.0256123,51.5433374],[-0.0255429,51.5433401],[-0.0255371,51.5433221],[-0.0255341,51.543314],[-0.0255276,51.5433069],[-0.0255188,51.5432985],[-0.0255158,51.5432938],[-0.0254743,51.5432752],[-0.0254159,51.5432492],[-0.0253779,51.5432323],[-0.0253486,51.5432335],[-0.0253003,51.5432364],[-0.025225,51.5432403],[-0.0251792,51.5432418],[-0.0251387,51.5432429],[-0.0251103,51.5432438],[-0.025026,51.5432487],[-0.0249564,51.5432529],[-0.0248959,51.5432565],[-0.0248484,51.5432581],[-0.0248149,51.5432594],[-0.0247855,51.5432608],[-0.0246999,51.5432651],[-0.0246723,51.5432663],[-0.0245788,51.5432705],[-0.0245093,51.5432733],[-0.0243794,51.5432797],[-0.0243551,51.5432809],[-0.0240516,51.5432959],[-0.0238558,51.543305],[-0.0235263,51.5433213],[-0.0232262,51.5433353],[-0.023085,51.5433416],[-0.0230889,51.5433768],[-0.0230044,51.5433808],[-0.022927,51.5433839],[-0.0228356,51.5433874],[-0.0227567,51.5433899],[-0.0227139,51.5433922],[-0.0226671,51.5433944],[-0.022612,51.5433971],[-0.022553,51.5433987],[-0.0224984,51.5434002],[-0.0224278,51.5434031],[-0.0224204,51.5434033],[-0.0223899,51.5434052],[-0.0223728,51.5434065],[-0.0223686,51.5434125],[-0.0223465,51.5434407],[-0.0223328,51.5434581],[-0.0223251,51.543468],[-0.0223127,51.5434838],[-0.0223003,51.5434846],[-0.0222407,51.5434882],[-0.022202,51.5434906],[-0.0221912,51.5434912],[-0.0221766,51.5434916],[-0.0221548,51.5434922],[-0.0221343,51.5434927],[-0.0221162,51.5434932],[-0.0220988,51.543494],[-0.0220763,51.5434951],[-0.0220614,51.5434959],[-0.0220384,51.543497],[-0.0220316,51.5434973],[-0.0219643,51.5435006],[-0.0219256,51.5435025],[-0.0218609,51.5435058],[-0.0218135,51.5435075],[-0.0217652,51.5435093],[-0.0216805,51.5435136],[-0.0216011,51.5435177],[-0.0214685,51.5435243],[-0.0213335,51.5435306],[-0.0211655,51.5435376],[-0.0209157,51.54355],[-0.0209052,51.5435506],[-0.0206662,51.5435608],[-0.0203468,51.5435719],[-0.0201413,51.5435776],[-0.020031,51.5435805],[-0.0200016,51.5435807],[-0.0199316,51.5435804],[-0.0198807,51.5435812],[-0.0198183,51.5435809],[-0.019768,51.5435795],[-0.0196429,51.5435777],[-0.019497,51.5435773],[-0.0194938,51.5435741],[-0.0192846,51.5435746],[-0.0185533,51.5435478],[-0.0184165,51.5435373],[-0.0183792,51.5435328],[-0.0183538,51.5435313],[-0.0183644,51.5434929],[-0.0183325,51.5434891],[-0.0182784,51.5435125],[-0.0180851,51.5434955],[-0.0180685,51.5434938],[-0.0179659,51.5434755],[-0.0178625,51.5434661],[-0.0177821,51.5434566],[-0.0176294,51.5434405],[-0.0174833,51.5434271],[-0.0173569,51.5434162],[-0.0173021,51.543411],[-0.017201,51.5433998],[-0.0170177,51.5433837],[-0.0169899,51.5433778],[-0.0169167,51.5433602],[-0.0168041,51.5433383],[-0.0167937,51.5433392],[-0.0167917,51.5433651],[-0.0165775,51.5433281],[-0.0165716,51.5433641],[-0.0165688,51.5433839],[-0.0165335,51.5436432],[-0.0165273,51.5438859],[-0.0168756,51.545095],[-0.0169853,51.5459547],[-0.017128,51.5464727],[-0.0176212,51.547916],[-0.0185815,51.5498021],[-0.0187246,51.5500416],[-0.0188755,51.550286],[-0.018942,51.5504823],[-0.0189488,51.5506577],[-0.0189221,51.5508407],[-0.018903,51.5509798],[-0.0188556,51.5511427],[-0.0188443,51.5513017],[-0.018888,51.5514247],[-0.0189724,51.5515403],[-0.0189957,51.5516019],[-0.0180824,51.5515748],[-0.0171679,51.5515755],[-0.01717,51.5515926],[-0.0171895,51.5517089],[-0.0173007,51.5523624],[-0.0173071,51.5523872],[-0.0175043,51.5533923],[-0.0176759,51.5537261],[-0.0177997,51.5539638],[-0.0178362,51.5540202],[-0.0179063,51.5541371],[-0.0179505,51.5542109],[-0.0180757,51.5540863],[-0.0184712,51.5551757],[-0.0188275,51.5553399],[-0.0191599,51.5554921],[-0.0201596,51.5559543],[-0.0207749,51.5562388],[-0.0219339,51.5567574],[-0.0225573,51.5570521],[-0.023034,51.5572706],[-0.0230942,51.5572788],[-0.0235535,51.5573324],[-0.0239199,51.5573682],[-0.0239687,51.5573726],[-0.0239825,51.5576193],[-0.0240716,51.5579274],[-0.0242042,51.5582975],[-0.0242782,51.5584857],[-0.0243776,51.5586565],[-0.0244472,51.5587485],[-0.0245455,51.5588778],[-0.0246563,51.5589822],[-0.0247592,51.5590721],[-0.0249497,51.559238],[-0.025139,51.5593968],[-0.0255345,51.5596921],[-0.0258909,51.5599229],[-0.0262007,51.5600648],[-0.0263719,51.5601423],[-0.0265064,51.5602031],[-0.0268527,51.5603672],[-0.0275319,51.5606762],[-0.0278912,51.5608082],[-0.0281278,51.5609084],[-0.0285521,51.561072],[-0.0291705,51.5612838],[-0.0293766,51.5613232],[-0.0295894,51.5613385],[-0.0297203,51.5613488],[-0.0297561,51.5613539],[-0.0297934,51.5613581],[-0.0300485,51.5613642],[-0.0301093,51.5613607],[-0.030118,51.5613599],[-0.0301701,51.5613554],[-0.0302309,51.5613502],[-0.0302918,51.561344],[-0.030302,51.5613424],[-0.0303643,51.5613353],[-0.0304253,51.5613273],[-0.0304863,51.5613176],[-0.0305459,51.5613069],[-0.0306055,51.5612953],[-0.0306652,51.5612828],[-0.0307235,51.5612694],[-0.0307818,51.5612551],[-0.0308388,51.561239],[-0.0308724,51.5612296],[-0.030928,51.5612126],[-0.0309836,51.5611946],[-0.0310392,51.5611758],[-0.0310934,51.561156],[-0.0311463,51.5611353],[-0.0311977,51.5611128],[-0.0316909,51.5609169],[-0.032178,51.5607632],[-0.0325698,51.5606781],[-0.0328749,51.5606292],[-0.033308,51.5606212],[-0.0335164,51.56064],[-0.0336711,51.5606669],[-0.033878,51.5607198],[-0.0342669,51.5608675],[-0.0347285,51.5610713],[-0.0349079,51.5611579],[-0.035027,51.5612067],[-0.0352634,51.5612799],[-0.0360147,51.5614543],[-0.0364166,51.5615042],[-0.0366081,51.5615119],[-0.0366919,51.5615088],[-0.036815,51.5614983],[-0.0369645,51.5614783],[-0.0370866,51.5614561],[-0.0372411,51.56142],[-0.0376834,51.5612682],[-0.0379496,51.561216],[-0.0381383,51.5611904],[-0.0383672,51.5611681],[-0.0384858,51.561162],[-0.0387265,51.561166],[-0.0388378,51.5611607],[-0.038983,51.5611739],[-0.0391091,51.5612282],[-0.0392338,51.5613139],[-0.0393752,51.5614143],[-0.0397253,51.5616261],[-0.0399106,51.5617128],[-0.0400766,51.5617785],[-0.0401916,51.5617876],[-0.0403146,51.5617798],[-0.0404768,51.5617636],[-0.0406105,51.5617434],[-0.0407414,51.5617168],[-0.0410792,51.5616136],[-0.0417141,51.5614426],[-0.0418885,51.561414],[-0.0421928,51.5613813],[-0.0423897,51.5613666],[-0.0425392,51.5613799],[-0.0427121,51.5614178],[-0.0427935,51.5614381],[-0.0433736,51.5616015],[-0.0437351,51.5617191],[-0.0441455,51.5617367],[-0.0443643,51.5617143],[-0.0444745,51.5617026],[-0.0447405,51.56169],[-0.045104,51.5617581],[-0.0453548,51.5619322],[-0.0457055,51.5622321],[-0.0457264,51.5622504],[-0.0460642,51.5623118],[-0.0465689,51.5623859],[-0.0466562,51.5624035],[-0.046729,51.5624218],[-0.0468016,51.5624428],[-0.0469039,51.5624796],[-0.0469607,51.5625021],[-0.0470287,51.562532],[-0.0470922,51.5625654],[-0.0471512,51.5626015],[-0.0471875,51.5626309],[-0.0472194,51.5626602],[-0.0472484,51.5626912],[-0.0472729,51.562724],[-0.0472946,51.5627577],[-0.0473119,51.5627912],[-0.0473248,51.5628265],[-0.0473374,51.5628699],[-0.0473415,51.5629086],[-0.0473412,51.5629482],[-0.0473381,51.5629877],[-0.0473292,51.563028],[-0.047316,51.5630665],[-0.0472998,51.5631066],[-0.0472827,51.5631369],[-0.0472594,51.5631734],[-0.0472319,51.5632098],[-0.0472001,51.5632444],[-0.0470283,51.5634169],[-0.046824,51.5636374],[-0.0467818,51.5636798],[-0.0467424,51.5637242],[-0.0467179,51.563757],[-0.0466933,51.5637935],[-0.0466701,51.56383],[-0.0466511,51.5638674],[-0.0466351,51.5639049],[-0.0466234,51.5639434],[-0.0466153,51.5639963],[-0.0466173,51.5640503],[-0.0466251,51.5641053],[-0.0466386,51.5641595],[-0.0466526,51.5642047],[-0.0466734,51.5642572],[-0.0467273,51.5643795],[-0.0468368,51.5645171],[-0.0474835,51.5651834],[-0.0475476,51.5652384],[-0.0476666,51.5653231],[-0.0482391,51.5656663],[-0.0483064,51.5657132],[-0.0484337,51.5658062],[-0.0485676,51.5659127],[-0.0489596,51.5662286],[-0.0490539,51.5663174],[-0.0491502,51.5663927],[-0.049852,51.5668531],[-0.0504469,51.5672146],[-0.0506886,51.5674668],[-0.050788,51.5675386],[-0.0508527,51.5675766],[-0.0511755,51.5677213],[-0.0519345,51.567992],[-0.0528249,51.5683935],[-0.0531592,51.5685735],[-0.0532939,51.5686629],[-0.0533843,51.5687436],[-0.0535347,51.5690059],[-0.054176,51.5700732],[-0.0542919,51.5701965],[-0.0544391,51.5702988],[-0.0545561,51.5703628],[-0.0546792,51.5704197],[-0.0547916,51.5704575],[-0.0549803,51.5704993],[-0.0552903,51.5705386],[-0.0555761,51.5705379],[-0.0557805,51.5705485],[-0.0558696,51.5705581],[-0.0560103,51.5706081],[-0.0561722,51.570671],[-0.0563992,51.5707944],[-0.0566216,51.5709932],[-0.0567707,51.5713554],[-0.0571061,51.5716109],[-0.0575903,51.5718977],[-0.0582258,51.5723246],[-0.0584309,51.5725249],[-0.0584502,51.5725792],[-0.0584964,51.5727139],[-0.058533,51.5729393],[-0.0585938,51.5732047],[-0.0587428,51.573503],[-0.0587481,51.5735139],[-0.0588648,51.5737551],[-0.0590794,51.5740698],[-0.0593728,51.5744316],[-0.0596861,51.5749377],[-0.0597417,51.5750222],[-0.0600046,51.5754231],[-0.0600835,51.5756025],[-0.0603339,51.5761624],[-0.0606904,51.5768382],[-0.0609947,51.5774206],[-0.0611842,51.5777843],[-0.0614294,51.5777379],[-0.061526,51.5777179],[-0.0617213,51.5776786],[-0.06172,51.5776733],[-0.0619891,51.5776176],[-0.061982,51.5776024],[-0.0621207,51.5775742],[-0.0621184,51.5775709],[-0.0623405,51.5775263],[-0.0623425,51.5775294],[-0.0624885,51.5774985],[-0.0624841,51.5774875],[-0.0625171,51.5774806],[-0.0625203,51.5774883],[-0.0626847,51.5774546],[-0.0627352,51.5774441],[-0.0627529,51.5774417],[-0.062749,51.577432],[-0.0627828,51.5774251],[-0.0627876,51.5774348],[-0.0629393,51.5774044],[-0.062938,51.5774013],[-0.0630481,51.577378],[-0.0630633,51.5773746],[-0.0631704,51.5773535],[-0.0631718,51.577357],[-0.0633153,51.5773267],[-0.0633083,51.5773134],[-0.0633459,51.5773061],[-0.0633486,51.5773155],[-0.0634415,51.5772966],[-0.0635134,51.5772842],[-0.0635994,51.5772655],[-0.0636747,51.5772526],[-0.0638169,51.5772221],[-0.0638158,51.5772197],[-0.0639019,51.5772036],[-0.0640642,51.5771742],[-0.0640714,51.5771724],[-0.0640871,51.5771951],[-0.0641637,51.5771753],[-0.0643038,51.5771393],[-0.064418,51.5771101],[-0.0646238,51.5770249],[-0.0649225,51.5769733],[-0.0652524,51.5769123],[-0.0655595,51.5768563],[-0.0658621,51.5768017],[-0.0662186,51.5767363],[-0.0663942,51.5767097],[-0.0667744,51.5766415],[-0.0667737,51.5765147],[-0.0667764,51.5764366],[-0.0667615,51.5764182],[-0.0667428,51.5763931],[-0.0667552,51.576341],[-0.0670894,51.5763017],[-0.0672765,51.5762764],[-0.0674066,51.5762625],[-0.0674671,51.5762556],[-0.0676063,51.5762421],[-0.0676561,51.5762368],[-0.0676566,51.5762387],[-0.067792,51.5762242],[-0.067838,51.5762177],[-0.0680345,51.5761855],[-0.0682168,51.5761564],[-0.0682499,51.5761513],[-0.0682809,51.5761485],[-0.0683117,51.5761453],[-0.0684036,51.5761339],[-0.0684648,51.5761262],[-0.0686671,51.5761009],[-0.0687272,51.5760946],[-0.0687605,51.5760898],[-0.0688371,51.5760779],[-0.0689256,51.5760645],[-0.0689878,51.5760535],[-0.0691114,51.5760326],[-0.0692394,51.5760089],[-0.0694343,51.5759736],[-0.0698776,51.5758941],[-0.0700047,51.5758728],[-0.0700239,51.5758693],[-0.0701285,51.575853],[-0.0703231,51.5758242],[-0.0704272,51.5758079],[-0.0704945,51.5757978],[-0.0705182,51.5757936],[-0.0705217,51.5757934],[-0.0705398,51.575791],[-0.0705504,51.5757896],[-0.0705596,51.5757868],[-0.0705665,51.575784],[-0.0706168,51.5757697],[-0.0707026,51.5757452],[-0.0707644,51.5757271],[-0.0708909,51.5757101],[-0.0709982,51.5756944],[-0.0710714,51.5756872],[-0.0711488,51.5756778],[-0.071148,51.575675],[-0.0711731,51.575672],[-0.0712728,51.5756625],[-0.0714128,51.5756484],[-0.0714122,51.575646],[-0.0715128,51.5756372],[-0.071597,51.5756303],[-0.0717624,51.5756158],[-0.0718748,51.5756057],[-0.0718799,51.5756218],[-0.0719072,51.575712],[-0.0720478,51.5756917],[-0.0722181,51.5756681],[-0.0722248,51.5756666],[-0.0722296,51.5756651],[-0.0722324,51.5756628],[-0.072376,51.5756383],[-0.0725433,51.5756114],[-0.0728033,51.5756562],[-0.0728118,51.5756564],[-0.0728234,51.5756559],[-0.0728572,51.575656],[-0.0728907,51.5756544],[-0.0729451,51.5756491],[-0.0730392,51.5756386],[-0.07311,51.575631],[-0.0732269,51.5756204],[-0.0734548,51.5756091],[-0.0735283,51.5756035],[-0.0735324,51.575623],[-0.0736252,51.5756186],[-0.0736359,51.5757068],[-0.0737639,51.5757005],[-0.0737597,51.5756708],[-0.0739053,51.5756551],[-0.0743756,51.5756127],[-0.0743902,51.5756816],[-0.0744517,51.5756755],[-0.074433,51.5756063],[-0.0745396,51.5755953],[-0.0748537,51.575562],[-0.0748542,51.5755658],[-0.0749868,51.5755539],[-0.0750526,51.575547],[-0.0751716,51.5755352],[-0.075188,51.5755072],[-0.0751939,51.5754924],[-0.0752049,51.575464],[-0.0752091,51.5754481],[-0.0752165,51.5754063],[-0.0752184,51.5753859],[-0.0752166,51.5753717],[-0.0752128,51.5753609],[-0.0752081,51.5753281],[-0.0752321,51.5753286],[-0.0753238,51.5753247],[-0.075396,51.5753492],[-0.0754313,51.5753616],[-0.0756597,51.5754403],[-0.0758093,51.5754914],[-0.0758614,51.5754165],[-0.0759193,51.5753359],[-0.0759495,51.5752987],[-0.0759815,51.5752564],[-0.0760354,51.5751918],[-0.0760618,51.5751648],[-0.0760839,51.5751378],[-0.07612,51.5751027],[-0.0761732,51.5750416],[-0.076223,51.5749832],[-0.0762551,51.5749482],[-0.0762665,51.574935],[-0.0762683,51.5749332],[-0.0763606,51.5749481],[-0.0764791,51.5749675],[-0.0766414,51.5749938],[-0.0768419,51.5750294],[-0.0768435,51.5750252],[-0.0769015,51.5750352],[-0.0770943,51.5750717],[-0.0770725,51.5751131],[-0.0770681,51.5751123],[-0.0770571,51.5751365],[-0.0771886,51.5751628],[-0.0773362,51.5751899],[-0.0775579,51.575231],[-0.0775817,51.5751821],[-0.0778929,51.5752416],[-0.0780452,51.575271],[-0.0780365,51.5752877],[-0.0784308,51.5753507],[-0.0785594,51.5753724],[-0.0788122,51.5754118],[-0.0789156,51.5754246],[-0.0790646,51.57544],[-0.0791814,51.5754504],[-0.0792668,51.5754602],[-0.0793499,51.5754688],[-0.0795601,51.5754861],[-0.0798586,51.5755094],[-0.0798549,51.5755361],[-0.079928,51.5755394],[-0.0802182,51.5755538],[-0.0803739,51.5755621],[-0.0805353,51.5755698],[-0.0807585,51.5755817],[-0.0808651,51.5755865],[-0.0808645,51.5756222],[-0.0808641,51.5756374],[-0.0813429,51.5755463],[-0.0813416,51.5755436],[-0.0814309,51.5755266],[-0.0814609,51.5755242],[-0.0815297,51.5755124],[-0.0816368,51.5754937],[-0.0817244,51.5754789],[-0.0818416,51.5754581],[-0.0819281,51.5754421],[-0.0819655,51.5754361],[-0.08201,51.5754276],[-0.082091,51.5754137],[-0.0820977,51.5754101],[-0.0821282,51.5753966],[-0.0821758,51.5753807],[-0.0821973,51.5753731],[-0.0822389,51.5753646],[-0.0822507,51.575362],[-0.0822957,51.5753533],[-0.082315,51.5753492],[-0.0824528,51.5753322],[-0.0826116,51.5753155],[-0.0827792,51.5753077],[-0.0828276,51.5753017],[-0.0828939,51.5752909],[-0.0829651,51.5752813],[-0.0830324,51.575271],[-0.083235,51.5752412],[-0.083466,51.5752059],[-0.0837898,51.5751647],[-0.0837924,51.5751827],[-0.0838343,51.575181],[-0.0839369,51.5751725],[-0.0840323,51.5751664],[-0.084034,51.5751709],[-0.0841106,51.5751663],[-0.0842298,51.5751565],[-0.0843112,51.5751489],[-0.0843888,51.5751419],[-0.0845125,51.5751329],[-0.0845388,51.5751348],[-0.0849183,51.5751099],[-0.0850812,51.5750954],[-0.08526,51.5750784],[-0.085529,51.5750543],[-0.0856845,51.5750379],[-0.0857434,51.5749784],[-0.0857734,51.5749499],[-0.0858567,51.5748793],[-0.0861151,51.5748384],[-0.0864615,51.574785],[-0.0866696,51.5747573],[-0.0867796,51.5747413],[-0.0870581,51.5747111],[-0.0871246,51.5747052],[-0.0871755,51.5746997],[-0.0872265,51.5746964],[-0.0872691,51.5746954],[-0.0872456,51.574649],[-0.0872135,51.5745834],[-0.0872086,51.5745732],[-0.0871811,51.5745147],[-0.0871758,51.5745019],[-0.0871181,51.5745011],[-0.0870311,51.5744742],[-0.086985,51.5744586],[-0.0869437,51.5744342],[-0.0869378,51.5744308],[-0.0869136,51.5744122],[-0.08691,51.5744094],[-0.0868966,51.5743965],[-0.0868851,51.5743824],[-0.0868738,51.5743575],[-0.0868702,51.574339],[-0.0868718,51.5743354],[-0.0868842,51.574298],[-0.086972,51.5743151],[-0.0871808,51.5743462],[-0.0872852,51.5743593],[-0.0873808,51.574372],[-0.0874538,51.5743801],[-0.0875662,51.5743922],[-0.0876318,51.5743988],[-0.0876782,51.5744009],[-0.0877466,51.5744022],[-0.0877857,51.5744017],[-0.0878567,51.5743989],[-0.0880184,51.5743865],[-0.0882146,51.5743577],[-0.0883195,51.5743408],[-0.0885202,51.5743221],[-0.0886098,51.5743183],[-0.0887603,51.5743223],[-0.0889124,51.5743316],[-0.0891666,51.5743572],[-0.0894214,51.5743816],[-0.0895437,51.5743899],[-0.0896605,51.574396],[-0.0898365,51.5743937],[-0.090027,51.574378],[-0.0902848,51.5743344],[-0.0903896,51.5743105],[-0.0906606,51.5742192],[-0.0907112,51.5742016],[-0.0909743,51.574115],[-0.0910842,51.5740775],[-0.0911326,51.5740654],[-0.0912645,51.5740293],[-0.0913545,51.5740077],[-0.0914258,51.5739952],[-0.0914672,51.5739895],[-0.0916135,51.5739766],[-0.0918043,51.573968],[-0.0920702,51.5739624],[-0.0921032,51.5739626],[-0.092157,51.5739648],[-0.0921827,51.5739666],[-0.0922177,51.5739737],[-0.092383,51.5739908],[-0.0925895,51.5740123],[-0.0927496,51.5740248],[-0.0928468,51.5740324],[-0.0929427,51.5740371],[-0.0930389,51.5740347],[-0.0931831,51.5740205],[-0.0932612,51.574013],[-0.0934229,51.5739932],[-0.093507,51.5739824],[-0.0936947,51.5739514],[-0.0937863,51.5739292],[-0.0938229,51.5739172],[-0.0938831,51.5738976],[-0.0940494,51.5738383],[-0.0941919,51.5737869],[-0.0943027,51.5737451],[-0.0943058,51.5737438],[-0.094598,51.5736302],[-0.0946556,51.5736075],[-0.0946872,51.5735945],[-0.0947206,51.573587],[-0.0947507,51.5735845],[-0.0947687,51.5735849],[-0.0947903,51.5735872],[-0.0951059,51.5736038],[-0.0953468,51.5736236],[-0.0954709,51.5736365],[-0.0955801,51.5736474],[-0.095631,51.5736535],[-0.0959435,51.5737018],[-0.0961261,51.573739],[-0.0961833,51.5737529],[-0.0962943,51.5737808],[-0.0963626,51.5737918],[-0.0965764,51.5738224],[-0.0966268,51.5738266],[-0.0966713,51.5738273],[-0.096755,51.5738256],[-0.0968421,51.5738209],[-0.0969625,51.5738094],[-0.0970772,51.5737894],[-0.0973704,51.5737211],[-0.0975649,51.5736626],[-0.0976608,51.5736432],[-0.0977676,51.5736211],[-0.0976622,51.5733867],[-0.0976251,51.5733035],[-0.0976015,51.5732571],[-0.0975698,51.5731862],[-0.0975296,51.5730852],[-0.0974809,51.5729751],[-0.0974523,51.572919],[-0.0973698,51.5727757],[-0.097276,51.5726125],[-0.0971906,51.5724684],[-0.097159,51.5724083],[-0.0971038,51.5723113],[-0.0970473,51.5721961],[-0.097027,51.5721575],[-0.096912,51.5719229],[-0.0968597,51.5718181],[-0.0968129,51.571728],[-0.0968045,51.5717049],[-0.0968,51.5716876],[-0.0967941,51.571655],[-0.0967906,51.5716362],[-0.096787,51.5716261],[-0.0967799,51.5716128],[-0.0967642,51.5715892],[-0.0967583,51.571578],[-0.0967215,51.5715279],[-0.0966705,51.5714677],[-0.0965501,51.5712747],[-0.0964778,51.5711594],[-0.0964364,51.5710976],[-0.0963694,51.5709996],[-0.0963407,51.5709585],[-0.0963211,51.5709186],[-0.0962407,51.5708238],[-0.0961832,51.570772],[-0.0960731,51.5706704],[-0.0960493,51.570653],[-0.0962202,51.5705383],[-0.0963092,51.570475],[-0.0965077,51.5703199],[-0.0968514,51.5700544],[-0.0975969,51.5694863],[-0.0981017,51.5691094],[-0.0981133,51.5691007],[-0.0982632,51.568987],[-0.0984642,51.5688336],[-0.0987014,51.5686501],[-0.0989148,51.5684848],[-0.0990868,51.5683547],[-0.0994055,51.5681157],[-0.0996936,51.5679015],[-0.1001201,51.5675765],[-0.1003629,51.567388],[-0.1005548,51.5672401],[-0.10075,51.5670913],[-0.1009645,51.5669401],[-0.1011244,51.566829],[-0.1012986,51.5667173],[-0.101409,51.5666466],[-0.1014871,51.5665969],[-0.1016416,51.5665034],[-0.1017762,51.5664177],[-0.1019,51.5663372],[-0.1020973,51.5662128],[-0.1022863,51.5660909],[-0.1024749,51.5659702],[-0.1026701,51.5658432],[-0.102843,51.565735],[-0.1030086,51.5656308],[-0.1032623,51.5654729],[-0.103402,51.5653829],[-0.1035648,51.565278],[-0.103716,51.5651813],[-0.1040038,51.5649977],[-0.1041111,51.564931],[-0.1041951,51.5648786],[-0.1042514,51.5648447],[-0.1043072,51.5648122],[-0.1043231,51.5648026],[-0.1043615,51.5647836],[-0.1044001,51.5647642],[-0.1044195,51.564754],[-0.1044485,51.5647386],[-0.1044688,51.5647287],[-0.1045094,51.5647097]]]}},{"type":"Feature","properties":{"kind":"routes","class":"major","routeCount":105},"geometry":{"type":"MultiLineString","coordinates":[[[-0.0759502826064295,51.52282427287149],[-0.0760624,51.5227635],[-0.0767972,51.5222982],[-0.07705163698734273,51.52212712826391]],[[-0.09613644594816508,51.57374151413776],[-0.096107,51.5737029],[-0.0958656,51.5734109],[-0.0956717,51.573107],[-0.0954735,51.5727032],[-0.095356,51.5723004],[-0.095341,51.5719177],[-0.0953954,51.5716246],[-0.0955271,51.5713272],[-0.0957272,51.5710518],[-0.09612145407422543,51.570715021016724]],[[-0.016777673591494215,51.54475505506597],[-0.0169009,51.5447564],[-0.0175561,51.5447636],[-0.0193779,51.5447836],[-0.0222951,51.5449031],[-0.025016,51.545144],[-0.0253509,51.5451881],[-0.0277338,51.5455016],[-0.0302553,51.5458802],[-0.0310496,51.5459895],[-0.0326775,51.5462136],[-0.0349012,51.5464276],[-0.0370388,51.5465593],[-0.0382302,51.5466069],[-0.039097,51.5466416],[-0.0431274,51.5466746],[-0.04531,51.5466785],[-0.0496485,51.5466863],[-0.0502329,51.5466874],[-0.0522273,51.546691],[-0.0569857,51.5466951],[-0.0591953,51.5467469],[-0.0597949,51.5467761],[-0.0612805,51.5468484]],[[-0.0612805,51.5468484],[-0.0627257,51.5469428],[-0.0641878,51.5470567],[-0.0738025,51.5478529],[-0.0740919,51.5478768],[-0.07670250956058117,51.54809203811039]],[[-0.07677899607484878,51.54824302329322],[-0.0740674,51.5480188],[-0.0737741,51.5479945],[-0.0641701,51.547214],[-0.0627058,51.5471029],[-0.0619798,51.5470574],[-0.0612538,51.5470119]],[[-0.0612538,51.5470119],[-0.0597672,51.546961],[-0.0590969,51.546938],[-0.0568666,51.5469091],[-0.0522273,51.546905],[-0.047532,51.5468923],[-0.0453143,51.5468863],[-0.0431208,51.5468803],[-0.0391632,51.5468556],[-0.0370808,51.5467738],[-0.0349541,51.5466581],[-0.0326378,51.5463988],[-0.0309946,51.5461933],[-0.0302685,51.5461025],[-0.0276676,51.5457238],[-0.0252725,51.5454286],[-0.0249888,51.5453936],[-0.0222871,51.5451806],[-0.0192692,51.5450612],[-0.0168859,51.5450179],[-0.016853220164660045,51.54501730990839]],[[-0.0750013,51.5457604],[-0.0750028,51.5457349],[-0.0750523,51.5443916]],[[-0.0750523,51.5443916],[-0.0750794,51.5440168]],[[-0.0750794,51.5440168],[-0.0750981,51.5437807]],[[-0.0750981,51.5437807],[-0.0751141,51.543562],[-0.0751679,51.543001]],[[-0.0751679,51.543001],[-0.0752787,51.54168]],[[-0.0752787,51.54168],[-0.0753236,51.5411874],[-0.0753634,51.5407909]],[[-0.0753634,51.5407909],[-0.0754099,51.5403378],[-0.0754293,51.54014],[-0.0754757,51.5395218],[-0.0754892,51.539402],[-0.0755378,51.5389293],[-0.0755655,51.5385622],[-0.0755884,51.5382761],[-0.0757024,51.5366208]],[[-0.0757024,51.5366208],[-0.0757178,51.5362187]],[[-0.0757178,51.5362187],[-0.075722,51.5355928],[-0.0757097,51.53494],[-0.075682,51.5340002],[-0.0756943,51.5337688],[-0.075682,51.5334509],[-0.0756772,51.533128],[-0.0756442,51.5324014],[-0.0756371,51.5320768],[-0.0756285,51.5316576],[-0.0756251,51.531472],[-0.0756229,51.5312351],[-0.0756308,51.5311367],[-0.0756564,51.5309696],[-0.0756759,51.5308721],[-0.0757003,51.5307782],[-0.0757352,51.5306658],[-0.0757646,51.5305798],[-0.075808,51.5304782],[-0.0758805,51.5303253],[-0.0759457,51.5302099],[-0.0760016,51.5301193],[-0.0760839,51.5300102],[-0.076184,51.5298854],[-0.0762786,51.5297801],[-0.0763645,51.5296864],[-0.0765245,51.5295367],[-0.0766791,51.5293985],[-0.0769768,51.5291631],[-0.0772947,51.5289167],[-0.0774969,51.5287458],[-0.0776615,51.5286113],[-0.0777848,51.5284968],[-0.0779549,51.5283335],[-0.0780903,51.5281557],[-0.0782206,51.5279377],[-0.0783128,51.5278006],[-0.0784118,51.527624],[-0.0785019,51.5274315],[-0.078559,51.5272941],[-0.0786061,51.5271315],[-0.0786528,51.5269484],[-0.0786833,51.5267359],[-0.0786994,51.5265353],[-0.0787039,51.526362],[-0.0787019,51.5260517]],[[-0.0787019,51.5260517],[-0.0787012,51.5255922],[-0.0786956,51.5253126],[-0.0786997,51.5250386]],[[-0.0786997,51.5250386],[-0.0786914,51.5248498],[-0.0786672,51.5247036],[-0.0786249,51.5245751]],[[-0.0786249,51.5245751],[-0.0785652,51.5244439],[-0.0784965,51.5243221],[-0.0784134,51.5242053],[-0.0783158,51.5240929],[-0.0782048,51.5239863],[-0.0780808,51.5238854],[-0.0779623,51.5238013],[-0.0778337,51.523723],[-0.0776931,51.5236489],[-0.0775434,51.5235829]],[[-0.0775434,51.5235829],[-0.0773884,51.5235233],[-0.0772287,51.5234688],[-0.0770647,51.5234194]],[[-0.0770647,51.5234194],[-0.0768821,51.5233675],[-0.0766173,51.523323],[-0.0764503,51.5233041],[-0.0763614,51.5232981],[-0.0760711,51.5232889],[-0.0757930827134129,51.52328544550509]],[[-0.0751099,51.5443904],[-0.0750714,51.5454441],[-0.075066,51.5455925],[-0.0750614,51.5457322],[-0.0750608,51.5457616]],[[-0.0751099,51.5443904],[-0.0751037,51.5440681],[-0.0751027,51.5440163]],[[-0.0751027,51.5440163],[-0.0750981,51.5437807]],[[-0.07659208535464883,51.547849608717804],[-0.0764956,51.5478043],[-0.0762746,51.5476818]],[[-0.0762746,51.5476818],[-0.0760926,51.547567]],[[-0.0760926,51.547567],[-0.0758369,51.5473481],[-0.0756442,51.5471751],[-0.0754155,51.5469427],[-0.0752242,51.5467083],[-0.0751237,51.5465266],[-0.0750244,51.5463431],[-0.0749386,51.5461402],[-0.0748631,51.5459462]],[[-0.0748631,51.5459462],[-0.0748512,51.545712],[-0.0748592,51.5454372],[-0.074885,51.5446614]],[[-0.074885,51.5446614],[-0.0749581,51.5440076]],[[-0.0749581,51.5440076],[-0.0750499,51.5436411],[-0.0751679,51.543001]],[[-0.0788224981061739,51.52154560498933],[-0.0787276,51.5216156]],[[-0.0787276,51.5216156],[-0.0786538,51.5216542],[-0.0785767,51.5216966],[-0.078516,51.5217313]],[[-0.078516,51.5217313],[-0.07831870673506977,51.521826351423194],[-0.0783157,51.5218278]],[[-0.07815394438529358,51.521892547555574],[-0.0779587,51.5219707]],[[-0.0779587,51.5219707],[-0.0778453,51.5220099],[-0.0777198,51.5220449],[-0.0775551,51.5220933],[-0.0774553,51.5221202],[-0.0773245,51.5221507],[-0.0771762,51.5221836],[-0.0770341,51.5222103],[-0.0769083,51.5222311],[-0.076679,51.522268],[-0.0764672,51.5222983],[-0.0763505,51.5223119],[-0.076245,51.5223217],[-0.07616268829229508,51.52232896061868]],[[-0.0788742,51.5216355],[-0.0787859,51.5216881],[-0.0786645,51.5217595],[-0.0784143,51.5218817]],[[-0.0784143,51.5218817],[-0.0783235,51.5219255],[-0.0779152,51.5220734]],[[-0.0779152,51.5220734],[-0.0778032,51.5221121],[-0.0777163,51.5221417],[-0.0776346,51.5221688],[-0.077552,51.5221936],[-0.0774501,51.5222224],[-0.0773401,51.5222524],[-0.0772263,51.5222791],[-0.0771098,51.5223058],[-0.0770062,51.5223247],[-0.0768813,51.5223462],[-0.0767095,51.5223739],[-0.0765492,51.5223978],[-0.0764783,51.5224071],[-0.0763921,51.5224162],[-0.0762838,51.5224264],[-0.076191,51.5224344],[-0.07611446796137868,51.52243962799505]],[[-0.0779737,51.5219297],[-0.0778673,51.5219671],[-0.0777482,51.5220035],[-0.0776362,51.5220358],[-0.0774406,51.5220865],[-0.0773012,51.5221221],[-0.0771609,51.522151],[-0.0769864,51.5221824],[-0.076785,51.5222171],[-0.0765659,51.5222518],[-0.0764224,51.5222716],[-0.0762848,51.5222881],[-0.0762074,51.5222958],[-0.07617562331293924,51.52229824618742]],[[-0.0785459,51.5216682],[-0.0783755,51.5217636],[-0.07835687548349966,51.521771299184145]],[[-0.07809047841437257,51.52188142500093],[-0.0779737,51.5219297]],[[-0.0786647,51.521607],[-0.0786251,51.5216256],[-0.0785459,51.5216682]],[[-0.0786647,51.521607],[-0.07875914778748339,51.521537228217085]],[[-0.08972605402084882,51.53603675520633],[-0.0896579,51.5359559],[-0.0886231,51.5346587],[-0.0874062,51.532996],[-0.0868654,51.5320417],[-0.0866054,51.5315662],[-0.0864806,51.5310777],[-0.0865534,51.5305698],[-0.0870162,51.5293049],[-0.0877962,51.527299],[-0.0878144,51.5271081],[-0.08764402708314745,51.52610790680529]],[[-0.08778262465206738,51.52618454524956],[-0.0879556,51.5272384],[-0.0878819,51.5274193],[-0.0875147,51.5283379],[-0.0870066,51.5297061],[-0.0868438,51.530168],[-0.0868168,51.5302451],[-0.086733,51.5304841],[-0.0866158,51.5309298],[-0.0866353,51.5312337],[-0.0868307,51.5317118],[-0.0877137,51.5331982],[-0.089147,51.5351249],[-0.08985818192400491,51.53597785446198]],[[-0.09620145245733024,51.570788443083295],[-0.0956396,51.5709279],[-0.0912512,51.5724467],[-0.0910641,51.5725033],[-0.0889499,51.573236],[-0.0882274,51.5735153],[-0.0879755,51.5736177],[-0.0871665,51.5740288],[-0.0864696,51.5745243],[-0.0860611039483468,51.57484694658867]],[[-0.0855731617990505,51.57504964242119],[-0.0856643,51.5749591],[-0.0863091,51.5744557],[-0.0870317,51.5739396],[-0.0878851,51.5735131],[-0.0888298,51.5731215],[-0.0940128,51.5713746],[-0.0955821,51.5708457],[-0.09611843778247628,51.570712237590364]],[[-0.0251461,51.5433662],[-0.0251423,51.5433344],[-0.0244192,51.5433625],[-0.0244179,51.5433535],[-0.0243104,51.5433591],[-0.0241556,51.5433671],[-0.0241111,51.5433694],[-0.0240726,51.5433714],[-0.0240435,51.5433729],[-0.0239616,51.5433771],[-0.0239189,51.5433791],[-0.0239217,51.5433922],[-0.0233244,51.5434151],[-0.0233291,51.5434446],[-0.0251461,51.5433662]],[[-0.0428972,51.5470218],[-0.0426505,51.5470133],[-0.0426513,51.5470035],[-0.0426521,51.5469952],[-0.0425056,51.5469914],[-0.0425048,51.5469984],[-0.0425007,51.547033],[-0.0440215,51.5470849],[-0.0440235,51.5470606],[-0.0439306,51.5470576],[-0.0439313,51.5470484],[-0.0438096,51.5470445],[-0.0438088,51.5470544],[-0.0430286,51.5470252],[-0.0429908,51.5470237],[-0.042992,51.5470026],[-0.0428983,51.5470007],[-0.0428972,51.5470218]],[[-0.0571518,51.5469975],[-0.0571517,51.5470084],[-0.0569862,51.5470081],[-0.0569863,51.5469953],[-0.0569863,51.5469808],[-0.0569632,51.5469808],[-0.0567852,51.5469806],[-0.056785,51.5469972],[-0.056618,51.5469971],[-0.0562907,51.5470002],[-0.0562908,51.5470107],[-0.0562911,51.547031],[-0.0566186,51.5470287],[-0.0569331,51.5470277],[-0.0571516,51.547029],[-0.057398,51.5470299],[-0.0576252,51.5470312],[-0.0579551,51.5470408],[-0.0580922,51.5470453],[-0.0580949,51.5470146],[-0.0579573,51.5470096],[-0.0576275,51.5470006],[-0.0573989,51.5469982],[-0.0572007,51.5469982],[-0.0571827,51.546998],[-0.0571518,51.5469975]],[[-0.0756094,51.5481255],[-0.0758904,51.5481465],[-0.075954,51.5481513],[-0.0760951,51.5481619],[-0.07676124701313775,51.54821176046314]],[[-0.07674464272666605,51.54818251401648],[-0.0765877,51.5481711],[-0.0761008,51.5481346],[-0.07596,51.5481235],[-0.0759588,51.5481291],[-0.0758245,51.5481196],[-0.0756128,51.548103],[-0.0756094,51.5481255]],[[-0.0165722312185143,51.5433602484972],[-0.0167821,51.5433935]],[[-0.0167821,51.5433935],[-0.0169331,51.5434171],[-0.0170811,51.5434379]],[[-0.0170811,51.5434379],[-0.0179605,51.5435379]],[[-0.0179605,51.5435379],[-0.0180478,51.5435446],[-0.0182392,51.5435593],[-0.0185204,51.5435766],[-0.0188414,51.5435902],[-0.0190521,51.5435976],[-0.0192444,51.5436021],[-0.0195057,51.5436068],[-0.0198988,51.543606],[-0.0201509,51.5436011],[-0.0203951,51.5435936],[-0.0209095,51.5435744],[-0.0214279,51.5435502]],[[-0.0214279,51.5435502],[-0.0222763,51.5435099]],[[-0.0222763,51.5435099],[-0.0232647,51.5434647]],[[-0.0232647,51.5434647],[-0.0236935,51.543445],[-0.0249209,51.5433901],[-0.0253509,51.5433705],[-0.0254041,51.543368]],[[-0.0254041,51.543368],[-0.0258174,51.543355]],[[-0.0258174,51.543355],[-0.0261664,51.5433484],[-0.0263409,51.5433505],[-0.0265199,51.5433554],[-0.0267765,51.5433684],[-0.02703,51.543389],[-0.0272899,51.5434201],[-0.0275649,51.5434601]],[[-0.0275649,51.5434601],[-0.0278189,51.5435027],[-0.0280277,51.543546],[-0.028251,51.5435937],[-0.028494,51.5436544],[-0.0287488,51.5437244],[-0.0290026,51.5438025],[-0.0292508,51.5438898],[-0.0294801,51.5439807]],[[-0.0294801,51.5439807],[-0.0296785,51.5440682],[-0.0298868,51.5441706],[-0.0301365,51.544295],[-0.0303275,51.5444107],[-0.0305863,51.5445855]],[[-0.0305863,51.5445855],[-0.031218,51.5449853]],[[-0.031218,51.5449853],[-0.0315358,51.5451604],[-0.0318894,51.5453486],[-0.0321834,51.5454913],[-0.0326143,51.545683],[-0.033081,51.5458709],[-0.0331867,51.5459099]],[[-0.0331867,51.5459099],[-0.0336227,51.5460647]],[[-0.0336227,51.5460647],[-0.0339775,51.5461825],[-0.0343161,51.5462859],[-0.034628,51.5463764],[-0.0349919,51.5464638],[-0.0353258,51.546543],[-0.0356972,51.5466188],[-0.03606,51.5466792],[-0.0364376,51.5467365],[-0.0368885,51.5467932]],[[-0.0368885,51.5467932],[-0.0371291,51.5468163]],[[-0.0371291,51.5468163],[-0.0375636,51.5468535],[-0.0380355,51.5468807],[-0.0385736,51.5469059],[-0.0418752,51.5470198]],[[-0.0418752,51.5470198],[-0.0420628,51.5470306]],[[-0.0420628,51.5470306],[-0.0435036,51.5470791],[-0.0442512,51.5471085]],[[-0.0442512,51.5471085],[-0.0444754,51.5471146]],[[-0.0459305,51.5471664],[-0.0444754,51.5471146]],[[-0.0459305,51.5471664],[-0.0475907,51.5472225]],[[-0.0475907,51.5472225],[-0.0479385,51.5472353]],[[-0.0479385,51.5472353],[-0.0490191,51.5472732],[-0.0499123,51.5472988],[-0.050979,51.5473083],[-0.0517422,51.5473017],[-0.0524785,51.5472762],[-0.0532254,51.547233],[-0.0538283,51.5471864],[-0.0545538,51.5471269]],[[-0.0545538,51.5471269],[-0.0552133,51.5470861]],[[-0.0552133,51.5470861],[-0.0558244,51.5470566],[-0.0562912,51.547042],[-0.0566186,51.5470414],[-0.0569334,51.5470412],[-0.0571515,51.5470417],[-0.0573976,51.5470416],[-0.0576242,51.5470437],[-0.0579542,51.5470537],[-0.0580911,51.5470586],[-0.0586966,51.5470861],[-0.0617002,51.5472419],[-0.0631758,51.5473258]],[[-0.0631758,51.5473258],[-0.06489,51.5474179]],[[-0.06489,51.5474179],[-0.0657315,51.5474621],[-0.0685679,51.5476145],[-0.0693504,51.5476676],[-0.0740476,51.5480183]],[[-0.0740476,51.5480183],[-0.0756584,51.5481421],[-0.07582,51.5481546]],[[-0.07582,51.5481546],[-0.07677031391528828,51.548227730716995]],[[-0.0756013,51.5481805],[-0.0758784,51.5482016],[-0.0759421,51.5482065],[-0.0760835,51.5482173],[-0.07679516078688133,51.548271495482545]],[[-0.07680969263257978,51.54829706391399],[-0.0766512,51.5482851],[-0.0760781,51.5482429],[-0.0759364,51.548233],[-0.0759383,51.5482243],[-0.0758124,51.5482148],[-0.0755987,51.5481986],[-0.0756013,51.5481805]],[[-0.056982,51.5471034],[-0.0569817,51.547117],[-0.0569817,51.5471299],[-0.0569346,51.54713],[-0.0569346,51.5471247],[-0.0568954,51.5471246],[-0.0566189,51.5471235],[-0.0565476,51.5471232],[-0.0565476,51.5471169],[-0.0562922,51.5471198],[-0.0562918,51.5470861],[-0.0566189,51.5470844],[-0.0569345,51.5470851],[-0.0571511,51.5470861],[-0.0573962,51.5470867],[-0.0576207,51.5470894],[-0.0579511,51.5470968],[-0.0580874,51.5471002],[-0.0580846,51.5471326],[-0.0579489,51.5471275],[-0.0576184,51.5471185],[-0.0573954,51.5471151],[-0.0573706,51.5471153],[-0.0571982,51.5471167],[-0.0571797,51.5471164],[-0.0571509,51.5471159],[-0.057151,51.5471048],[-0.056982,51.5471034]],[[-0.0439703,51.5471752],[-0.0439743,51.547141],[-0.0434754,51.5471211],[-0.0431811,51.5471103],[-0.0428174,51.5470976],[-0.0424825,51.5470908],[-0.0424805,51.547117],[-0.0425078,51.5471176],[-0.0427855,51.5471245],[-0.0427835,51.5471449],[-0.0429146,51.5471497],[-0.0429165,51.5471294],[-0.0434038,51.5471479],[-0.043855,51.5471605],[-0.0438645,51.5471733],[-0.0439703,51.5471752]],[[-0.0251558,51.543454],[-0.0251524,51.5434249],[-0.0241319,51.5434708],[-0.0233305,51.5435101],[-0.0233341,51.5435371],[-0.0239325,51.5435099],[-0.0239388,51.5435603],[-0.0239681,51.5435588],[-0.0241652,51.5435488],[-0.024391,51.5435384],[-0.0243792,51.543507],[-0.0243645,51.5435064],[-0.0243612,51.5434889],[-0.0251558,51.543454]],[[-0.07678653628273777,51.548256304459386],[-0.075816,51.5481864]],[[-0.075816,51.5481864],[-0.0756534,51.5481741],[-0.0740399,51.5480495]],[[-0.0740399,51.5480495],[-0.0693461,51.5476982],[-0.0685643,51.5476447],[-0.0657289,51.5474918],[-0.0648862,51.5474483],[-0.0631721,51.5473548]],[[-0.0631721,51.5473548],[-0.0616965,51.5472713],[-0.0586947,51.5471162],[-0.0580885,51.5470884],[-0.057952,51.5470847],[-0.0576217,51.5470765],[-0.0573966,51.5470739],[-0.0571512,51.5470725],[-0.0569342,51.5470727],[-0.0566181,51.5470719],[-0.0562916,51.5470743],[-0.0558257,51.5470903],[-0.0552182,51.5471191]],[[-0.0552182,51.5471191],[-0.0545585,51.5471587]],[[-0.0545585,51.5471587],[-0.0538346,51.5472162],[-0.0532299,51.547264],[-0.0524799,51.547304],[-0.0517433,51.5473344],[-0.0509769,51.5473407],[-0.0499102,51.547331],[-0.0490166,51.5473034],[-0.047936,51.5472657]],[[-0.047936,51.5472657],[-0.047588,51.5472545]],[[-0.047588,51.5472545],[-0.0459271,51.5471944]],[[-0.0459271,51.5471944],[-0.0444964,51.5471461]],[[-0.0444964,51.5471461],[-0.0442724,51.547139]],[[-0.0442724,51.547139],[-0.042501,51.547069],[-0.0420602,51.5470589]],[[-0.0420602,51.5470589],[-0.0418725,51.5470494]],[[-0.0418725,51.5470494],[-0.0385702,51.546936],[-0.0380221,51.5469106],[-0.0375595,51.5468858],[-0.0371201,51.5468497]],[[-0.0371201,51.5468497],[-0.0368797,51.5468268]],[[-0.0368797,51.5468268],[-0.0364228,51.5467676],[-0.0360433,51.5467113],[-0.0356813,51.5466497],[-0.0353203,51.5465738],[-0.0349785,51.5464962],[-0.0346164,51.5464081],[-0.0342879,51.5463129],[-0.0339569,51.5462114],[-0.0336006,51.5460929]],[[-0.0336006,51.5460929],[-0.033168,51.5459361]],[[-0.033168,51.5459361],[-0.0330593,51.5458961],[-0.0325899,51.5457065],[-0.0321512,51.5455122],[-0.0318597,51.5453735],[-0.0315077,51.5451888],[-0.0311835,51.5450093]],[[-0.0311835,51.5450093],[-0.0305466,51.5446064]],[[-0.0305466,51.5446064],[-0.0302857,51.5444388],[-0.0300838,51.5443168],[-0.0298607,51.5441901],[-0.029651,51.5440951],[-0.0294484,51.5440044]],[[-0.0294484,51.5440044],[-0.0291986,51.5439067],[-0.0289948,51.5438352],[-0.0287512,51.5437582],[-0.0284848,51.5436826],[-0.0282393,51.5436226],[-0.0280156,51.5435739],[-0.0278148,51.5435332],[-0.0275597,51.5434878]],[[-0.0275597,51.5434878],[-0.027288,51.5434495],[-0.0270339,51.5434224],[-0.0267805,51.5434001],[-0.0265285,51.5433862],[-0.0261787,51.5433795],[-0.0258209,51.5433833]],[[-0.0258209,51.5433833],[-0.025405,51.543399]],[[-0.025405,51.543399],[-0.0253544,51.5434017],[-0.0249423,51.5434211],[-0.0236938,51.5434754],[-0.023273,51.5434962]],[[-0.023273,51.5434962],[-0.023067,51.5435053],[-0.0222797,51.5435418]],[[-0.0222797,51.5435418],[-0.0214347,51.5435794]],[[-0.0214347,51.5435794],[-0.0209376,51.5436036],[-0.0204365,51.5436229],[-0.0201822,51.5436313],[-0.0199237,51.543637],[-0.0195188,51.5436385],[-0.019081,51.5436325],[-0.01879,51.543622],[-0.0185097,51.5436094],[-0.0182354,51.5435943],[-0.01804,51.5435793],[-0.0179599,51.5435738]],[[-0.0179599,51.5435738],[-0.0170826,51.5434735]],[[-0.0170826,51.5434735],[-0.0169304,51.5434514],[-0.0167751,51.5434292]],[[-0.0167751,51.5434292],[-0.016567247771602213,51.54339530206299]],[[-0.07745355642307152,51.522040350068416],[-0.0769249,51.5223663],[-0.0761866,51.5228322],[-0.07588083508675524,51.52300846864355]],[[-0.08836453442270557,51.527123573426636],[-0.0882125,51.5270192],[-0.0879558,51.5266971],[-0.08774754029499493,51.52616212279266]],[[-0.07575662850648916,51.57547340860081],[-0.0758027,51.5754088],[-0.0759179,51.575262],[-0.0760765,51.5750782],[-0.0762352,51.5749023],[-0.0763871,51.5747266],[-0.0765772,51.5745092],[-0.0768804,51.574167],[-0.0770101,51.5740218],[-0.077229,51.5737741],[-0.0773133,51.5736748],[-0.0774405,51.5735262],[-0.0775854,51.573343],[-0.077677,51.5732209],[-0.0777562,51.5731031],[-0.0778236,51.572999],[-0.0779016,51.5728694],[-0.0779739,51.5727319],[-0.078043,51.5725912],[-0.0781075,51.5724399],[-0.0781542,51.5723159],[-0.0782042,51.5721671],[-0.0782407,51.5720498],[-0.0782694,51.5719442],[-0.0782908,51.571847],[-0.0783138,51.5717399],[-0.0783391,51.5716067],[-0.0783607,51.5714423],[-0.0783762,51.57128],[-0.0783863,51.5711341],[-0.0783859,51.571028],[-0.0783803,51.5708776],[-0.0783678,51.5707232],[-0.0783488,51.5705525],[-0.0783361,51.5704713],[-0.0783224,51.570388],[-0.0783042,51.5703099],[-0.0782561,51.5701393],[-0.0782039,51.5699563],[-0.0781453,51.5697795],[-0.0780845,51.5696314],[-0.0780062,51.569453],[-0.0779324,51.569297],[-0.0778554,51.5691588],[-0.0777566,51.5690061],[-0.0776319,51.5688265],[-0.0774969,51.5686496],[-0.0773991,51.5685278],[-0.0772926,51.5684063],[-0.0771767,51.5682828],[-0.0770493,51.5681508],[-0.0768838,51.5679953],[-0.0767009,51.5678335],[-0.0765475,51.5677069],[-0.0763563,51.5675562],[-0.0761575,51.5674152],[-0.0759945,51.5672987],[-0.0758125,51.5671785],[-0.073745,51.5658476],[-0.0732812,51.5655511]],[[-0.0732812,51.5655511],[-0.0729836,51.5653636],[-0.0729064,51.5653134],[-0.0728196,51.5652569],[-0.0727254,51.5651895]],[[-0.0727254,51.5651895],[-0.0725515,51.5650632],[-0.0723965,51.5649473],[-0.0722835,51.5648611],[-0.0721645,51.5647643],[-0.0720344,51.5646536],[-0.0719278,51.56456],[-0.0718175,51.5644628],[-0.0717322,51.564381],[-0.0715916,51.5642288],[-0.0714812,51.5641065],[-0.0714003,51.5640132],[-0.0713067,51.5638965],[-0.0712281,51.5637989],[-0.0711362,51.5636741],[-0.0710672,51.5635738],[-0.0709895,51.5634613],[-0.0709396,51.5633815],[-0.0708769,51.5632752],[-0.0706442,51.5628606],[-0.0704653,51.5625368],[-0.0702762,51.5621907],[-0.0700306,51.5617409],[-0.0697987,51.5613161],[-0.0696588,51.5610614],[-0.0692506,51.560323],[-0.0690377,51.5599282],[-0.0683229,51.5586205],[-0.0681004,51.5582128],[-0.0667254,51.5557011]],[[-0.0667254,51.5557011],[-0.0666519,51.555567]],[[-0.0666519,51.555567],[-0.0665856,51.5554462]],[[-0.0665856,51.5554462],[-0.066254,51.5548414]],[[-0.066254,51.5548414],[-0.0656733,51.5537801],[-0.0655924,51.5536418],[-0.0654889,51.5534827],[-0.0653916,51.5533446],[-0.0653015,51.5532319],[-0.065175,51.5530783],[-0.0650513,51.5529423],[-0.0648961,51.5527798],[-0.0648201,51.5527024],[-0.0647344,51.5526204],[-0.0645976,51.5524936],[-0.064373,51.5522991],[-0.0642371,51.5521865],[-0.0640916,51.5520742],[-0.0639452,51.551968]],[[-0.0639452,51.551968],[-0.0637955,51.5518669]],[[-0.0637955,51.5518669],[-0.0636794,51.5517919],[-0.0628446,51.5512805]],[[-0.0628446,51.5512805],[-0.0625021,51.5510709],[-0.0623873,51.5509987],[-0.0622763,51.5509278],[-0.0621743,51.5508592],[-0.0620872,51.5507959],[-0.0619946,51.550726],[-0.0619287,51.5506697],[-0.0618683,51.550614],[-0.0618101,51.5505549],[-0.0617439,51.5504841],[-0.0616888,51.5504245]],[[-0.0616888,51.5504245],[-0.0616145,51.5503311],[-0.0615514,51.550249],[-0.0614947,51.5501629],[-0.0614403,51.5500728],[-0.0613997,51.5499954],[-0.0613749,51.5499401],[-0.0613509,51.5498857],[-0.0613168,51.5498035]],[[-0.0613168,51.5498035],[-0.0612998,51.5497563]],[[-0.0612998,51.5497563],[-0.0612401,51.5495729]],[[-0.0612401,51.5495729],[-0.0612161,51.5494424],[-0.0611922,51.549345],[-0.0611604,51.5492696],[-0.0611315,51.5492061],[-0.061093,51.5491377],[-0.0609106,51.5488614],[-0.060443,51.5481871],[-0.0603011,51.5479824],[-0.060232,51.5478762],[-0.060031,51.5475893]],[[-0.060031,51.5475893],[-0.0598952,51.5473865]],[[-0.0598952,51.5473865],[-0.0596597,51.5470377]],[[-0.0596597,51.5470377],[-0.0593734,51.5465749]],[[-0.0593734,51.5465749],[-0.0592778,51.5464124]],[[-0.0589282,51.545759],[-0.0590417,51.5459777],[-0.0592778,51.5464124]],[[-0.0589282,51.545759],[-0.0588387,51.5455668]],[[-0.0588387,51.5455668],[-0.0587811,51.5454093],[-0.0586912,51.5451929],[-0.058581,51.5449566],[-0.0585076,51.5447751],[-0.0583848,51.5445207],[-0.0583521,51.5444354]],[[-0.0583521,51.5444354],[-0.0582707,51.5442736],[-0.058192,51.544084],[-0.0580225,51.5437017],[-0.0579066,51.5434105],[-0.0578253,51.5431923],[-0.0577634,51.5429839],[-0.0577166,51.5427827],[-0.0576653,51.5425001],[-0.057652,51.5423413],[-0.0576564,51.5421615],[-0.0576652,51.5420401],[-0.0576829,51.5418923],[-0.0577184,51.5416738],[-0.0577627,51.541435],[-0.0578111,51.5412015],[-0.0578697,51.5409555],[-0.0579407,51.5406864],[-0.057987,51.5404979],[-0.0580303,51.5403106],[-0.0581046,51.540019],[-0.0581576,51.5397655],[-0.0581851,51.5395786],[-0.058208,51.5394483],[-0.0582266,51.5393086],[-0.0582416,51.5391833],[-0.0582549,51.5390134],[-0.0582655,51.5388198],[-0.0582735,51.5386098],[-0.0582567,51.5383454],[-0.0582399,51.538121],[-0.0582275,51.537861],[-0.058208,51.5375795],[-0.058193,51.5372672],[-0.0581815,51.5370131],[-0.0581753,51.5367663],[-0.0581515,51.5364638],[-0.058132,51.5361268],[-0.0581055,51.5356292],[-0.0580887,51.5353867],[-0.0580587,51.5350914],[-0.0580339,51.5348302],[-0.0580038,51.5345811],[-0.0579905,51.5344701]],[[-0.0579905,51.5344701],[-0.057956439885366945,51.53423106582686]],[[-0.07601790974559192,51.522647706701925],[-0.0763439,51.5226235],[-0.0769006,51.5225565],[-0.0772201,51.5224757],[-0.0774338,51.5224123]],[[-0.0774338,51.5224123],[-0.0776203,51.5223627]],[[-0.0776203,51.5223627],[-0.0778846,51.5222798],[-0.0781132,51.5221959],[-0.0784127,51.5220455],[-0.0785828,51.5219316]],[[-0.0785828,51.5219316],[-0.0789473,51.5216454]],[[-0.0789473,51.5216454],[-0.07905079105996884,51.52157579202103]],[[-0.07912979471792081,51.521586238624344],[-0.0790274,51.5216563]],[[-0.0790274,51.5216563],[-0.0786402,51.5219541]],[[-0.0786402,51.5219541],[-0.0784624,51.5220568],[-0.0781522,51.5222103],[-0.0778955,51.5223132],[-0.0776386,51.5223902]],[[-0.0776386,51.5223902],[-0.0774515,51.5224438]],[[-0.0774515,51.5224438],[-0.0772342,51.5224999],[-0.0769129,51.5225754],[-0.0763908,51.5226386],[-0.0760096789185812,51.52266890838232]],[[-0.05800305948919299,51.53421977297584],[-0.0580374,51.5344679]],[[-0.0580374,51.5344679],[-0.0580462,51.5345381],[-0.0580674,51.5346909],[-0.0580906,51.5348834],[-0.0581156,51.5351011],[-0.0581343,51.5353154],[-0.0581481,51.5355389],[-0.0581643,51.5358317],[-0.0581749,51.5360265],[-0.0581893,51.5362567],[-0.0582018,51.5364721],[-0.0582125,51.5367329],[-0.0582212,51.5369009],[-0.0582375,51.5371233],[-0.0582456,51.5372928],[-0.0582575,51.5375541],[-0.0582706,51.5377683],[-0.0582793,51.5379899],[-0.0582931,51.5382185],[-0.0583106,51.5385291],[-0.0583137,51.5386726],[-0.0583156,51.538879],[-0.0582993,51.5390804],[-0.0582793,51.5392686],[-0.0582562,51.5394599],[-0.0582208,51.5397188],[-0.0581764,51.5399217],[-0.0581255,51.5401092],[-0.0580723,51.5403234],[-0.0580102,51.5405763],[-0.0579493,51.5408112],[-0.0579099,51.5409706],[-0.0578637,51.5411572],[-0.0577822,51.5415199],[-0.0577612,51.5416342],[-0.0577362,51.5417835],[-0.0577199,51.5419184],[-0.0577087,51.542049],[-0.0576999,51.5422752],[-0.0577099,51.5424043],[-0.0577243,51.5425598],[-0.0577612,51.5427888],[-0.0578024,51.542938],[-0.0578587,51.5431351],[-0.058076,51.5437158],[-0.0581631,51.5439167],[-0.0583282,51.5442653],[-0.0583909,51.5444294]],[[-0.0583909,51.5444294],[-0.0584534,51.544552],[-0.0585555,51.5447679],[-0.0588091,51.5453528],[-0.058885,51.5455596]],[[-0.058885,51.5455596],[-0.0589803,51.5457633]],[[-0.0589803,51.5457633],[-0.0590873,51.545968],[-0.059331,51.5464082]],[[-0.059331,51.5464082],[-0.0594242,51.5465712]],[[-0.0594242,51.5465712],[-0.0597127,51.5470386]],[[-0.0597127,51.5470386],[-0.0599403,51.5473747]],[[-0.0599403,51.5473747],[-0.0600779,51.5475767]],[[-0.0600779,51.5475767],[-0.0602717,51.5478663],[-0.0603431,51.5479685],[-0.0604848,51.5481745],[-0.0609527,51.5488503],[-0.0611356,51.5491233],[-0.0611781,51.549196],[-0.0612121,51.5492604],[-0.0612434,51.5493387],[-0.0612645,51.5494369],[-0.0612936,51.5495802]],[[-0.0612936,51.5495802],[-0.061356,51.5497648]],[[-0.061356,51.5497648],[-0.061372,51.5498099]],[[-0.061372,51.5498099],[-0.0614028,51.5498813],[-0.0614273,51.5499405],[-0.0614476,51.5499854],[-0.0614825,51.5500528],[-0.061517,51.5501121],[-0.0615579,51.550176],[-0.061603,51.5502448],[-0.0616597,51.5503197],[-0.0617348,51.5504096]],[[-0.0617348,51.5504096],[-0.0617863,51.5504672],[-0.0618509,51.5505351],[-0.0619086,51.5505925],[-0.0619702,51.5506509],[-0.0620317,51.5507035],[-0.0621262,51.5507762],[-0.0622215,51.5508439],[-0.0623153,51.5509082],[-0.062419,51.5509723],[-0.0625352,51.5510456],[-0.0628805,51.5512557]],[[-0.0628805,51.5512557],[-0.0631885,51.5514518],[-0.0633747,51.5515652],[-0.0637149,51.5517694],[-0.0638547,51.5518599]],[[-0.0638547,51.5518599],[-0.0640027,51.5519602]],[[-0.0640027,51.5519602],[-0.0641456,51.5520652],[-0.0642993,51.5521846],[-0.0644775,51.5523325],[-0.0646662,51.5524991],[-0.0647877,51.5526123],[-0.0648813,51.552701],[-0.0649984,51.552822],[-0.0651002,51.5529342],[-0.0652117,51.5530588],[-0.0653057,51.5531678],[-0.0653816,51.5532626],[-0.0654523,51.5533575],[-0.0655225,51.5534531],[-0.0656202,51.5536042],[-0.0657216,51.5537678],[-0.066304,51.5548308]],[[-0.066304,51.5548308],[-0.0666401,51.5554486]],[[-0.0666401,51.5554486],[-0.0667057,51.5555693]],[[-0.0667057,51.5555693],[-0.0667787,51.5557034]],[[-0.0667787,51.5557034],[-0.068146,51.5582049],[-0.068363,51.5586103],[-0.0690802,51.5599167],[-0.0693001,51.5603118],[-0.0697048,51.5610503],[-0.0698484,51.5613138],[-0.0700747,51.5617326],[-0.0703178,51.5621783],[-0.0705151,51.562539],[-0.0706918,51.5628624],[-0.0709252,51.5632725],[-0.0709937,51.5633855],[-0.0710435,51.5634632],[-0.0711058,51.5635567],[-0.0711777,51.5636618],[-0.0712728,51.5637875],[-0.071336,51.5638686],[-0.0714404,51.5639953],[-0.0715212,51.5640921],[-0.0716304,51.564215],[-0.0717698,51.5643687],[-0.0718535,51.5644451],[-0.0719778,51.5645554],[-0.0720639,51.5646321],[-0.0721965,51.5647449],[-0.0723237,51.5648457],[-0.0724313,51.5649291],[-0.0725849,51.5650453],[-0.0727594,51.5651702]],[[-0.0727594,51.5651702],[-0.0728546,51.5652378],[-0.0729411,51.5652959],[-0.0730085,51.5653384],[-0.0733152,51.5655302]],[[-0.0733152,51.5655302],[-0.0737857,51.5658298],[-0.0758458,51.5671548],[-0.076024,51.5672746],[-0.0761963,51.567392],[-0.0763968,51.567537],[-0.076587,51.5676866],[-0.0767413,51.5678151],[-0.0769236,51.5679768],[-0.0770981,51.5681372],[-0.0772263,51.5682688],[-0.0773304,51.5683836],[-0.0774439,51.5685122],[-0.0775459,51.5686389],[-0.0776854,51.5688202],[-0.0778042,51.5689958],[-0.077905,51.5691524],[-0.0779781,51.5692877],[-0.0780557,51.5694463],[-0.0781355,51.5696234],[-0.0781965,51.569779],[-0.0782539,51.5699524],[-0.0783044,51.570132],[-0.078347,51.5702896],[-0.0783662,51.5703745],[-0.0783821,51.5704665],[-0.0783949,51.5705498],[-0.0784179,51.570721],[-0.0784321,51.570877],[-0.0784372,51.5710269],[-0.0784369,51.5711339],[-0.0784298,51.5712626],[-0.0784129,51.5714416],[-0.0783911,51.5716075],[-0.0783637,51.5717437],[-0.0783405,51.5718489],[-0.0783185,51.5719509],[-0.0782904,51.5720524],[-0.0782546,51.5721736],[-0.0782052,51.57232],[-0.0781565,51.5724476],[-0.0780911,51.572597],[-0.0780229,51.5727378],[-0.0779468,51.5728797],[-0.0778687,51.5730116],[-0.0778047,51.5731113],[-0.0777226,51.5732314],[-0.0776266,51.573362],[-0.0774827,51.5735433],[-0.0773562,51.5736905],[-0.0772704,51.5737908],[-0.0770521,51.5740371],[-0.0769399,51.5741691],[-0.076621,51.5745257],[-0.0764316,51.5747396],[-0.0762754,51.5749157],[-0.0761191,51.575092],[-0.0759653,51.5752673],[-0.0758419,51.575425],[-0.07579737459745135,51.57548732655033]],[[-0.05113074756052035,51.56770123903968],[-0.0511895,51.5676163],[-0.0512816,51.5674767]],[[-0.0512816,51.5674767],[-0.0514143,51.5672745],[-0.0515909,51.5670186]],[[-0.0515909,51.5670186],[-0.0516819,51.5668911]],[[-0.0516819,51.5668911],[-0.0520103,51.5664459],[-0.0521687,51.5662388],[-0.0523638,51.565989],[-0.0525289,51.5657849],[-0.052708,51.5655692],[-0.0528903,51.5653566],[-0.0530484,51.5651757],[-0.0532385,51.5649586],[-0.0534803,51.5646975],[-0.0537136,51.5644462],[-0.0539216,51.5642306],[-0.0541082,51.5640404],[-0.0543885,51.5637632],[-0.0546975,51.5634568],[-0.05486,51.5633049],[-0.0550507,51.5631304],[-0.0552412,51.5629656],[-0.0554111,51.5628207],[-0.0557034,51.5625747],[-0.0559931,51.5623399],[-0.0569824,51.5615314],[-0.0575772,51.5610462],[-0.0578752,51.5608024],[-0.0580757,51.5606218],[-0.0581813,51.5605221],[-0.0582827,51.5604223]],[[-0.0582827,51.5604223],[-0.0584742,51.5602324],[-0.0586148,51.5600796],[-0.0586821,51.5600012],[-0.0587454,51.5599152],[-0.0588062,51.5598246],[-0.058865,51.5597389],[-0.0589381,51.5596118],[-0.0589883,51.5595037],[-0.0590322,51.559397],[-0.0590875,51.5592226],[-0.0591327,51.559038],[-0.0591555,51.5588689],[-0.0591553,51.5587018],[-0.059146,51.5585529],[-0.0591314,51.5584101],[-0.0590998,51.558216]],[[-0.0590998,51.558216],[-0.0586862,51.5557267]],[[-0.0586862,51.5557267],[-0.0586347,51.5553767],[-0.0586244,51.5552751],[-0.0586142,51.5551644],[-0.0586064,51.5549266],[-0.058611,51.5547931],[-0.0586314,51.5546501],[-0.0586867,51.5544071],[-0.0587344,51.554234],[-0.0587943,51.554076],[-0.0588596,51.5539394],[-0.058951,51.5537678],[-0.05904,51.5536081],[-0.0591344,51.5534568],[-0.0593496,51.5531678],[-0.0595903,51.5528981],[-0.0598751,51.5525955],[-0.0600311,51.5524315],[-0.0602061,51.5522625]],[[-0.0602061,51.5522625],[-0.0606141,51.5518605],[-0.0607365,51.5517303],[-0.0608225,51.5516326],[-0.0609143,51.5515176],[-0.0609884,51.5514178],[-0.0610555,51.5513171],[-0.0611198,51.5512011],[-0.0611802,51.5510748],[-0.0612165,51.5509848],[-0.061252,51.5508796],[-0.0612688,51.5508124],[-0.0612917,51.5507092],[-0.0613036,51.550638]],[[-0.0613036,51.550638],[-0.0613132,51.5504863],[-0.0613136,51.5503988],[-0.0613058,51.5502837]],[[-0.0613058,51.5502837],[-0.0612943,51.5502057],[-0.0612834,51.5501505],[-0.0612645,51.5500659]],[[-0.0612645,51.5500659],[-0.0612522,51.5500135],[-0.061228,51.5499268],[-0.0612004,51.549843],[-0.0611508,51.5497337]],[[-0.0611508,51.5497337],[-0.0610588,51.5495488]],[[-0.0610588,51.5495488],[-0.0610305,51.5494773],[-0.0609579,51.5493405],[-0.0608707,51.5492126],[-0.0606777,51.5489231],[-0.0603784,51.5484822],[-0.0603373,51.5484161],[-0.0602926,51.5483361],[-0.0602524,51.5482534],[-0.0602483,51.5482432],[-0.060208,51.5481545],[-0.0601549,51.5480311],[-0.0600994,51.5479037],[-0.0600588,51.5478149],[-0.0599829,51.5476786],[-0.0599406,51.5476134]],[[-0.0599406,51.5476134],[-0.0598021,51.5474111]],[[-0.0598021,51.5474111],[-0.0595531,51.5470357]],[[-0.0595531,51.5470357],[-0.0593595,51.5467279],[-0.0592751,51.5465821]],[[-0.0592751,51.5465821],[-0.0591776,51.5464203]],[[-0.0591776,51.5464203],[-0.0589327,51.5460008],[-0.0587931,51.5457478]],[[-0.0587931,51.5457478],[-0.0587204,51.5455851]],[[-0.0587204,51.5455851],[-0.0585015,51.5450355],[-0.0584018,51.5447883],[-0.0582481,51.5444515]],[[-0.0582481,51.5444515],[-0.0581604,51.5442463],[-0.0579918,51.5438694],[-0.0577904,51.5434843],[-0.0577275,51.5432963],[-0.0576789,51.5431475],[-0.0576301,51.5429792],[-0.0575905,51.5428149],[-0.0575566,51.5426459],[-0.0575364,51.54252],[-0.057524,51.5423263],[-0.0575231,51.5420054],[-0.0575251,51.5418247],[-0.0575613,51.5414537],[-0.0576202,51.5410821],[-0.0576692,51.5408896],[-0.057769,51.5405344],[-0.0579219,51.5400041],[-0.0580315,51.5396123],[-0.0580864,51.5393529],[-0.0581253,51.5390724],[-0.058138,51.5386775],[-0.0581288,51.5383622],[-0.0580985,51.5379516],[-0.0580926,51.5375853],[-0.0580824,51.5372086],[-0.0580652,51.5367281],[-0.0580268,51.5362302],[-0.0580051,51.5359022],[-0.0579776,51.5355766],[-0.0579503,51.5352622],[-0.0579158,51.5349499],[-0.0578494,51.5344767]],[[-0.0578494,51.5344767],[-0.057821120037299695,51.534272734690575]],[[-0.07612878668497401,51.52240734117406],[-0.0761437,51.5224065],[-0.076238,51.5224002],[-0.0763345,51.5223921],[-0.0764198,51.5223841],[-0.0765021,51.522374],[-0.0765984,51.5223626],[-0.0766845,51.5223504],[-0.0767718,51.5223361],[-0.0768787,51.5223178],[-0.0769956,51.5222982],[-0.0771023,51.522276],[-0.0772108,51.5222511],[-0.0773143,51.5222269],[-0.0774129,51.5222019],[-0.0774668,51.5221872],[-0.0775378,51.5221659],[-0.0776276,51.5221382],[-0.0777357,51.5221035],[-0.0778312,51.5220713],[-0.0779364,51.5220335]],[[-0.0779364,51.5220335],[-0.07824712427387243,51.52190887754136]],[[-0.07827186763015274,51.52189895370162],[-0.0783286,51.5218762],[-0.0784651,51.5218069]],[[-0.0784651,51.5218069],[-0.0786231,51.5217296],[-0.0787362,51.5216659],[-0.0788046,51.521626]],[[-0.0788046,51.521626],[-0.0789085847887779,51.52155698817647]],[[-0.07898028924395155,51.52156646961085],[-0.0788742,51.5216355]],[[-0.05786949456671278,51.534256877655146],[-0.0578993,51.5344744]],[[-0.0578993,51.5344744],[-0.0579343,51.5346799],[-0.0579617,51.5349224],[-0.0579971,51.5352572],[-0.0580192,51.5355514],[-0.0580457,51.5358489],[-0.0580722,51.5361463],[-0.0580952,51.5364301],[-0.0581129,51.5367028],[-0.0581262,51.5369821],[-0.0581324,51.5373268],[-0.0581377,51.5376128],[-0.0581527,51.5379064],[-0.0581651,51.5381356],[-0.0581774,51.5383951],[-0.0581889,51.538658],[-0.0581889,51.5388042],[-0.0581863,51.5389472],[-0.0581712,51.5390989],[-0.0581465,51.5392726],[-0.0581226,51.5394348],[-0.058074,51.5396421],[-0.0579794,51.5399714],[-0.0579211,51.5401699],[-0.0578336,51.5404696],[-0.0577655,51.5407241],[-0.0576833,51.5410067],[-0.0576356,51.5412536],[-0.0575984,51.5414944],[-0.0575816,51.5417016],[-0.0575657,51.5419672],[-0.0575657,51.5422399],[-0.0575825,51.5424317],[-0.0576055,51.5425835],[-0.0576497,51.5428507],[-0.0577001,51.54307],[-0.0577611,51.5432498],[-0.0579043,51.5435813],[-0.0580599,51.5439111],[-0.0582291,51.5442736],[-0.0583002,51.5444434]],[[-0.0583002,51.5444434],[-0.0584513,51.5447822],[-0.0585298,51.5449818],[-0.0586255,51.5452247],[-0.0587337,51.545482],[-0.0587776,51.5455762]],[[-0.0587776,51.5455762],[-0.0588497,51.5457525]],[[-0.0588497,51.5457525],[-0.058981,51.5459905],[-0.059229,51.5464162]],[[-0.059229,51.5464162],[-0.0593257,51.5465784]],[[-0.0593257,51.5465784],[-0.059407,51.5467176],[-0.0596059,51.5470367]],[[-0.0596059,51.5470367],[-0.0598457,51.5473996]],[[-0.0598457,51.5473996],[-0.0599848,51.5476016]],[[-0.0599848,51.5476016],[-0.0600277,51.5476692],[-0.0601059,51.5478062],[-0.0601498,51.5478942],[-0.0602014,51.5480156],[-0.0602564,51.5481455],[-0.0602945,51.5482298],[-0.0603417,51.5483269],[-0.0603857,51.5484063],[-0.0604254,51.5484702],[-0.0607211,51.5489119],[-0.0609157,51.5491975],[-0.0610028,51.5493291],[-0.0610824,51.5494771],[-0.0611174,51.5495565]],[[-0.0611174,51.5495565],[-0.061206,51.549742]],[[-0.061206,51.549742],[-0.0612481,51.5498378],[-0.0612788,51.5499274],[-0.0613052,51.5500339],[-0.061322,51.5500994]],[[-0.061322,51.5500994],[-0.0613342,51.55015],[-0.0613438,51.5502029],[-0.0613572,51.550288]],[[-0.0613572,51.550288],[-0.0613635,51.5503834],[-0.0613634,51.5504794],[-0.0613534,51.5506401]],[[-0.0613534,51.5506401],[-0.0613316,51.5507525],[-0.0613001,51.5508796],[-0.0612665,51.5509845],[-0.0612316,51.5510739],[-0.0611941,51.5511533],[-0.0611445,51.5512463],[-0.0610975,51.5513291],[-0.0610419,51.5514153],[-0.0609854,51.5514938],[-0.0609261,51.5515732],[-0.0608597,51.5516505],[-0.0607766,51.5517467],[-0.0606508,51.5518806],[-0.0602479,51.5522787]],[[-0.0602479,51.5522787],[-0.0600747,51.5524476],[-0.0599219,51.5526065],[-0.0596335,51.5529172],[-0.0593865,51.5532093],[-0.059193,51.5534722],[-0.0590891,51.5536363],[-0.0590062,51.5537807],[-0.058928,51.5539366],[-0.0588481,51.5541005],[-0.0587969,51.5542485],[-0.0587434,51.5544244],[-0.0586898,51.5546521],[-0.058669,51.5548004],[-0.0586634,51.5549241],[-0.0586696,51.5551577],[-0.0586763,51.5552762],[-0.0586877,51.5553711],[-0.0587381,51.5557238]],[[-0.0587381,51.5557238],[-0.0591539,51.5582129]],[[-0.0591539,51.5582129],[-0.0591828,51.5584056],[-0.0591957,51.5585538],[-0.0592082,51.5586993],[-0.0592042,51.558875],[-0.059187,51.5590257],[-0.0591577,51.5591673],[-0.0591248,51.55928],[-0.0590715,51.5594289],[-0.0590286,51.5595324],[-0.0589709,51.5596529],[-0.0589129,51.5597546],[-0.0588567,51.5598407],[-0.058782,51.559946],[-0.0587154,51.5600301],[-0.0586525,51.5601069],[-0.0585199,51.5602455],[-0.0583235,51.56044]],[[-0.0583235,51.56044],[-0.058223,51.5605385],[-0.058118,51.5606375],[-0.0579105,51.5608204],[-0.057623,51.5610586],[-0.0570198,51.5615506],[-0.0560329,51.5623573],[-0.0557412,51.5625895],[-0.0554428,51.5628401],[-0.0552769,51.5629826],[-0.0550822,51.5631555],[-0.054904,51.563319],[-0.0547305,51.5634825],[-0.0544315,51.5637817],[-0.0541463,51.5640611],[-0.0539668,51.5642448],[-0.0537529,51.564468],[-0.0535178,51.5647224],[-0.0532866,51.5649706],[-0.0530849,51.5651968],[-0.0529314,51.5653719],[-0.0527481,51.5655875],[-0.05257,51.5658002],[-0.0524037,51.5660084],[-0.0522103,51.566256],[-0.0520529,51.566462],[-0.0517281,51.5669035]],[[-0.0517281,51.5669035],[-0.0516364,51.5670308]],[[-0.0516364,51.5670308],[-0.0514635,51.5672879],[-0.0513261,51.5674885]],[[-0.0513261,51.5674885],[-0.0512243,51.567637],[-0.05116913340541303,51.567718446077336]],[[-0.0610152,51.5494791],[-0.0609382,51.5493455],[-0.0608533,51.5492185],[-0.0606563,51.5489283],[-0.0605545,51.5487732],[-0.060361,51.5484866],[-0.0603186,51.5484199],[-0.0602741,51.5483396],[-0.060231,51.5482483],[-0.0601897,51.5481579],[-0.0601368,51.548037],[-0.0600812,51.5479071],[-0.0600379,51.5478188],[-0.0599621,51.547683],[-0.0599261,51.5476908],[-0.0599386,51.5477136],[-0.0599511,51.5477415],[-0.0599599,51.5477676],[-0.0599658,51.5477969],[-0.0599707,51.5478296],[-0.059979,51.5478842],[-0.0600577,51.5480627],[-0.0601498,51.548272],[-0.0601912,51.5483587],[-0.0602349,51.5484386],[-0.0602797,51.5485072],[-0.0603961,51.5486796],[-0.0604735,51.5487943],[-0.0605784,51.5489488],[-0.0607776,51.549244],[-0.0608331,51.5493109],[-0.0608853,51.5493662],[-0.0609463,51.5494207],[-0.0609881,51.5494839],[-0.0610152,51.5494791]],[[-0.0608645,51.548957],[-0.0608959,51.5490039],[-0.0609649,51.5491126],[-0.060999,51.5491694],[-0.0610291,51.5492188],[-0.0610091,51.5492233],[-0.0610655,51.549321],[-0.0610776,51.5493418],[-0.0611641,51.5494883],[-0.0611295,51.5494949],[-0.0610214,51.5493243],[-0.0609346,51.5491911],[-0.0608216,51.5490241],[-0.0607439,51.5489053],[-0.0604459,51.548465],[-0.0604073,51.5484019],[-0.0603632,51.5483228],[-0.0603228,51.5482411],[-0.0603152,51.5482238],[-0.0602772,51.5481417],[-0.0602215,51.5480089],[-0.0601695,51.5478905],[-0.0601896,51.5478867],[-0.0602458,51.5480008],[-0.0602885,51.5480857],[-0.0603587,51.5482106],[-0.0603747,51.5482382],[-0.0604463,51.5483501],[-0.0605092,51.5484334],[-0.0605175,51.5484468],[-0.0606602,51.5486563],[-0.0606246,51.5486656],[-0.0606718,51.5487425],[-0.0608271,51.5489646],[-0.0608645,51.548957]],[[-0.07579594239297809,51.52324670494041],[-0.0760735,51.5232497],[-0.0763666,51.523255],[-0.0764573,51.5232634],[-0.0764929,51.5232669],[-0.0767255,51.5232955],[-0.0769578,51.5233475],[-0.0770847,51.5233887]],[[-0.0770847,51.5233887],[-0.077247,51.5234378],[-0.0774055,51.5234915],[-0.0775598,51.5235497]],[[-0.0775598,51.5235497],[-0.0777195,51.5236199],[-0.0778693,51.5236987],[-0.0780005,51.5237785],[-0.0781204,51.523865],[-0.0782464,51.5239677],[-0.078359,51.5240763],[-0.0784586,51.5241912],[-0.0785432,51.5243107],[-0.0786137,51.5244367],[-0.0786792,51.5245716]],[[-0.0786792,51.5245716],[-0.0787227,51.5246828],[-0.078749,51.5248453],[-0.0787528,51.5248737]],[[-0.0787528,51.5248737],[-0.07875,51.5249554],[-0.0787536,51.5253067],[-0.0787597,51.5255894],[-0.0787653,51.5259308],[-0.0787673,51.5260577]],[[-0.0787673,51.5260577],[-0.0787751,51.5263889],[-0.0787801,51.5266201],[-0.0787673,51.5269009],[-0.0787522,51.527055],[-0.0787289,51.5271794],[-0.0786798,51.5273326],[-0.0786519,51.5274267],[-0.0786195,51.5275091],[-0.0785399,51.5276613],[-0.0784641,51.527801],[-0.0783529,51.5279622],[-0.0782491,51.5281062],[-0.0781089,51.5282735],[-0.0779036,51.5284849],[-0.0777772,51.5286061],[-0.0776462,51.5287145],[-0.0775867,51.5287635],[-0.0774908,51.5288417],[-0.0773166,51.5289738],[-0.077078,51.5291446],[-0.0768602,51.5293052],[-0.0767066,51.5294346],[-0.0765476,51.5295749],[-0.0764332,51.5296894],[-0.0763025,51.5298276],[-0.0761816,51.5299651],[-0.0760596,51.5301291],[-0.0759845,51.5302504],[-0.0758669,51.5304706],[-0.0758192,51.530581],[-0.0757875,51.530668],[-0.0757512,51.5307823],[-0.0757273,51.5308799],[-0.0757083,51.5309752],[-0.0756882,51.5311394],[-0.0756806,51.5312471],[-0.0756773,51.5315283],[-0.075686,51.531862],[-0.0756921,51.5320751],[-0.0757046,51.5324274],[-0.0757144,51.5327736],[-0.0757253,51.5330989],[-0.0757372,51.5333787],[-0.075746,51.5337215],[-0.0757364,51.5339975],[-0.0757662,51.5349393],[-0.0757771,51.5355921],[-0.0757598,51.5359693],[-0.0757697,51.53622]],[[-0.0757697,51.53622],[-0.0757532,51.5366272]],[[-0.0757532,51.5366272],[-0.0756368,51.5383049],[-0.0756139,51.5385646],[-0.0755346,51.5394],[-0.0755161,51.5395756],[-0.0754933,51.5398846],[-0.0754737,51.5401806],[-0.0754497,51.5404421],[-0.0754126,51.5407928]],[[-0.0754126,51.5407928],[-0.0753786,51.541186],[-0.0753293,51.5416863]],[[-0.0753293,51.5416863],[-0.0752765,51.5423307],[-0.0752606,51.5425587],[-0.0752135,51.5430051]],[[-0.0752135,51.5430051],[-0.0752188,51.5436451],[-0.0752464,51.5440285]],[[-0.0752464,51.5440285],[-0.0751985,51.5454343]],[[-0.0751985,51.5454343],[-0.0751912,51.5456495],[-0.0751808,51.5459543]],[[-0.0751808,51.5459543],[-0.0751649,51.5461619],[-0.0751785,51.546267],[-0.0752014,51.5463643],[-0.0752423,51.5465136],[-0.0753824,51.5467144],[-0.0754578,51.5468223],[-0.075721,51.547137],[-0.0758819,51.5473202],[-0.0761458,51.5475348]],[[-0.0761458,51.5475348],[-0.0763217,51.5476532]],[[-0.0763217,51.5476532],[-0.0765331,51.5477718],[-0.07656793899428369,51.54778845211841]],[[-0.0752135,51.5430051],[-0.0751491,51.5437823]],[[-0.0751491,51.5437823],[-0.0751314,51.5440191]],[[-0.0751314,51.5440191],[-0.0751099,51.5443904]],[[-0.0751491,51.5437823],[-0.0751114,51.5440196]],[[-0.0751114,51.5440196],[-0.0751037,51.5440681],[-0.0750523,51.5443916]]]}},{"type":"Feature","properties":{"kind":"routes","class":"other","routeCount":130},"geometry":{"type":"MultiLineString","coordinates":[[[-0.08699883735103443,51.52579290046519],[-0.0869917,51.5258113],[-0.0869545,51.5258447],[-0.086921,51.5258605],[-0.0868895,51.5258731]],[[-0.0868895,51.5258731],[-0.0868183,51.525886],[-0.0867058,51.5259094],[-0.0866054,51.525897]],[[-0.0865064,51.5259183],[-0.0866054,51.525897]],[[-0.0862015,51.5259963],[-0.0865064,51.5259183]],[[-0.0860251,51.5260385],[-0.0861342,51.5260119],[-0.0862015,51.5259963]],[[-0.0859292,51.5260637],[-0.0859803,51.5260501],[-0.0860251,51.5260385]],[[-0.0859292,51.5260637],[-0.0859042,51.5261226],[-0.0858107,51.5261488],[-0.0857626,51.5261623],[-0.0857234,51.5261722],[-0.0856248,51.5261393]],[[-0.0855011,51.526172],[-0.0855747,51.5261521],[-0.0856248,51.5261393]],[[-0.0852973,51.5262173],[-0.0853565,51.5262049],[-0.0855011,51.526172]],[[-0.085032,51.5262694],[-0.0852332,51.5262314],[-0.0852973,51.5262173]],[[-0.0848805,51.5262807],[-0.0849751,51.5262749],[-0.085032,51.5262694]],[[-0.0847997,51.5262825],[-0.0848805,51.5262807]],[[-0.0847997,51.5262825],[-0.0847046,51.5263301],[-0.0844441,51.5263264]],[[-0.0844441,51.5263264],[-0.0843363,51.5263521],[-0.0842816,51.5263521],[-0.0842239,51.5263527],[-0.0841727,51.5263594],[-0.0840488,51.526393],[-0.083957,51.5263954]],[[-0.083957,51.5263954],[-0.0838907,51.5264197]],[[-0.0838907,51.5264197],[-0.0838514,51.5264341]],[[-0.0838514,51.5264341],[-0.0838018,51.5264523]],[[-0.0838018,51.5264523],[-0.0837359,51.5264748]],[[-0.0837359,51.5264748],[-0.0837062,51.5264849],[-0.0836042,51.5265089]],[[-0.0836042,51.5265089],[-0.0835901,51.5265137],[-0.0835079,51.5265335],[-0.0834018,51.5265496],[-0.0832844,51.5265674]],[[-0.0832844,51.5265674],[-0.0832553,51.526572]],[[-0.0832553,51.526572],[-0.0831521,51.5265883]],[[-0.0831521,51.5265883],[-0.0830447,51.5265998],[-0.0829594,51.5266089]],[[-0.0829594,51.5266089],[-0.0826671,51.5266401]],[[-0.0826671,51.5266401],[-0.0825683,51.5266506],[-0.082367,51.5266662],[-0.0821222,51.5266806],[-0.0819322,51.5266898],[-0.0818845,51.5266949],[-0.0817152,51.5267128],[-0.0814089,51.5267487],[-0.081355,51.5267558],[-0.0812753,51.5267643]],[[-0.0812753,51.5267643],[-0.0811866,51.5267757],[-0.0811321,51.5267872],[-0.0808156,51.526867],[-0.080679,51.5269032],[-0.0806227,51.5269181],[-0.0805394,51.5269454],[-0.0804315,51.5269764]],[[-0.0804315,51.5269764],[-0.0803429,51.5270282],[-0.0803009,51.5270506],[-0.0802573,51.5270862],[-0.0802285,51.5271098],[-0.0801506,51.5271588],[-0.0800797,51.5271909],[-0.079995,51.527218],[-0.0798664,51.5272342],[-0.0796839,51.5272403],[-0.0795413,51.5272408],[-0.0793903,51.5272419],[-0.0789381,51.527245]],[[-0.0789381,51.527245],[-0.0788449,51.5272388],[-0.0784881,51.5272151],[-0.0784656,51.5272136]],[[-0.0784656,51.5272136],[-0.0783922,51.5272067],[-0.0783372,51.5272022],[-0.0782625,51.527196],[-0.0780493,51.5271833]],[[-0.0780038,51.5275903],[-0.0780358,51.5273976],[-0.0780391,51.5273515],[-0.0780399,51.5273348],[-0.0780493,51.5271833]],[[-0.0779408,51.5282861],[-0.0779717,51.5279657],[-0.0779755,51.5279093],[-0.0780038,51.5275903]],[[-0.0778563,51.528765],[-0.0779244,51.5285731],[-0.0779358,51.5284316],[-0.0779383,51.528359],[-0.0779408,51.5282861]],[[-0.0776833,51.529188],[-0.0777537,51.5290524],[-0.0777624,51.5290354],[-0.0777893,51.5289795],[-0.0778563,51.528765]],[[-0.0772991,51.5301541],[-0.0773338,51.5300493],[-0.0774293,51.5297792],[-0.0774631,51.5296766],[-0.0775262,51.5294917],[-0.0775471,51.5294445],[-0.0776054,51.5293328],[-0.0776833,51.529188]],[[-0.0772241,51.5304684],[-0.0772338,51.5304084],[-0.0772778,51.5302188],[-0.0772991,51.5301541]],[[-0.0772148,51.5305254],[-0.0772241,51.5304684]],[[-0.077178,51.5306934],[-0.077192,51.530628],[-0.0772042,51.5305713],[-0.0772148,51.5305254]],[[-0.0771505,51.5308392],[-0.0771606,51.5307915],[-0.0771646,51.5307691],[-0.077178,51.5306934]],[[-0.0771074,51.5310433],[-0.0771505,51.5308392]],[[-0.0771052,51.5310548],[-0.0771074,51.5310433]],[[-0.0770354,51.5321261],[-0.077032,51.5320492],[-0.07702,51.5317756],[-0.0770283,51.531662],[-0.0770426,51.5314663],[-0.0770486,51.5313845],[-0.077089,51.531139],[-0.0771052,51.5310548]],[[-0.0770889,51.5324359],[-0.0770682,51.5323231],[-0.0770354,51.5321261]],[[-0.0771041,51.5325313],[-0.0770917,51.5324511],[-0.0770889,51.5324359]],[[-0.0771442,51.5329174],[-0.0771418,51.5328333],[-0.0771361,51.5327768],[-0.0771225,51.5326497],[-0.0771041,51.5325313]],[[-0.0771391,51.5330777],[-0.0771442,51.5329174]],[[-0.0771352,51.5331413],[-0.0771368,51.5331204],[-0.0771391,51.5330777]],[[-0.0771186,51.5333131],[-0.0771236,51.5332701],[-0.0771352,51.5331413]],[[-0.077021,51.5341495],[-0.0770407,51.5339804],[-0.0770635,51.5337852],[-0.0771186,51.5333131]],[[-0.0770133,51.5342153],[-0.077021,51.5341495]],[[-0.0769878,51.5344545],[-0.076991,51.5344152],[-0.0769949,51.5343717],[-0.0770133,51.5342153]],[[-0.0769807,51.5345291],[-0.0769878,51.5344545]],[[-0.0769289,51.5350945],[-0.0769644,51.534709],[-0.0769677,51.5346721],[-0.0769701,51.534643],[-0.0769807,51.5345291]],[[-0.0768945,51.5360474],[-0.076912,51.5357295],[-0.076915,51.5356138],[-0.0769186,51.5354335],[-0.0769213,51.5353432],[-0.0769289,51.5350945]],[[-0.0768763,51.5364109],[-0.076881,51.5362593],[-0.0768945,51.5360474]],[[-0.076872,51.536578],[-0.0768738,51.5365097],[-0.076874,51.5365012],[-0.0768747,51.536474],[-0.0768763,51.5364109]],[[-0.0768257,51.5370133],[-0.0768525,51.53681],[-0.0768555,51.5367874],[-0.0768645,51.5366717],[-0.0768699,51.5366159],[-0.076872,51.536578]],[[-0.0768088,51.5372109],[-0.0768145,51.5371437],[-0.0768257,51.5370133]],[[-0.0767363,51.5381767],[-0.0767476,51.5380268],[-0.076774,51.5376882],[-0.0767944,51.5374082],[-0.0768088,51.5372109]],[[-0.0767302,51.5382413],[-0.0767363,51.5381767]],[[-0.0767171,51.5385229],[-0.0767188,51.538451],[-0.0767236,51.5383629],[-0.0767302,51.5382413]],[[-0.0767093,51.5388139],[-0.0767171,51.5385229]],[[-0.0766803,51.5394796],[-0.0766984,51.5392131],[-0.0767008,51.5391771],[-0.0767001,51.5390418],[-0.0767023,51.5389765],[-0.076705,51.5389195],[-0.0767062,51.5388767],[-0.0767093,51.5388139]],[[-0.0765497,51.5405516],[-0.0765869,51.5402462],[-0.0766803,51.5394796]],[[-0.0765185,51.5407726],[-0.076524,51.5407392],[-0.076531,51.5406936],[-0.0765497,51.5405516]],[[-0.0765091,51.5408371],[-0.0765185,51.5407726]],[[-0.076459,51.5410678],[-0.0764731,51.5410037],[-0.0764804,51.5409681],[-0.0764839,51.5409451],[-0.0765091,51.5408371]],[[-0.0764478,51.5411455],[-0.076459,51.5410678]],[[-0.0764346,51.5412374],[-0.0764478,51.5411455]],[[-0.0764335,51.5412456],[-0.0764346,51.5412374]],[[-0.0764238,51.5413163],[-0.0764335,51.5412456]],[[-0.0763307,51.5419942],[-0.0763667,51.5417322],[-0.0764238,51.5413163]],[[-0.0763222,51.5420562],[-0.0763307,51.5419942]],[[-0.0763041,51.5421936],[-0.0763222,51.5420562]],[[-0.0762839,51.5423638],[-0.0762974,51.5422531],[-0.0762993,51.5422399],[-0.0763041,51.5421936]],[[-0.0762839,51.5423638],[-0.0762667,51.5424849],[-0.0762632,51.5425123],[-0.0762572,51.5425566],[-0.0762322,51.5427582]],[[-0.0762322,51.5427582],[-0.076225,51.5428161]],[[-0.076225,51.5428161],[-0.076168,51.5432756],[-0.0761407,51.5434783],[-0.0760518,51.5441384]],[[-0.0760388,51.5442498],[-0.0760518,51.5441384]],[[-0.0759831,51.5446239],[-0.0760265,51.5443519],[-0.0760388,51.5442498]],[[-0.0759658,51.5447921],[-0.0759831,51.5446239]],[[-0.0759212,51.5450325],[-0.0759585,51.5448416],[-0.0759658,51.5447921]],[[-0.0758903,51.5451922],[-0.0758952,51.545161],[-0.0759212,51.5450325]],[[-0.0758426,51.5453703],[-0.0758836,51.5452229],[-0.0758903,51.5451922]],[[-0.0758104,51.5454982],[-0.0758426,51.5453703]],[[-0.0757839,51.5455974],[-0.0758104,51.5454982]],[[-0.0757327,51.5457921],[-0.0757839,51.5455974]],[[-0.0757016,51.5459106],[-0.0757327,51.5457921]],[[-0.075646,51.5461993],[-0.075675,51.5460083],[-0.0756783,51.5459868],[-0.0756887,51.5459546],[-0.0757016,51.5459106]],[[-0.0756467,51.5463831],[-0.0756474,51.5463733],[-0.0756472,51.5463519],[-0.075646,51.5461993]],[[-0.0756177,51.5470785],[-0.0756375,51.5468984],[-0.0756486,51.5466529],[-0.0756494,51.5465946],[-0.0756472,51.5464252],[-0.0756467,51.5463831]],[[-0.0756177,51.5470785],[-0.0755961,51.5471964]],[[-0.0755961,51.5471964],[-0.0755766,51.5472725],[-0.075563,51.5473277],[-0.0755495,51.5473802],[-0.0755459,51.5474025],[-0.0754958,51.5476885],[-0.0754822,51.5477659],[-0.0754596,51.5478977],[-0.0754567,51.547915],[-0.0754515,51.5479448],[-0.0754338,51.5480348]],[[-0.0754338,51.5480348],[-0.0754186,51.5481125],[-0.0754138,51.5481478],[-0.0754004,51.5482469]],[[-0.0754004,51.5482469],[-0.075381,51.5483901],[-0.0753735,51.5484458]],[[-0.0753735,51.5484458],[-0.0753714,51.5484642]],[[-0.0753714,51.5484642],[-0.0753597,51.5485658],[-0.0753313,51.5488253],[-0.0753255,51.5488782],[-0.0752925,51.5491783],[-0.0752176,51.5497001],[-0.0752125,51.549736],[-0.0752056,51.5497839]],[[-0.0752056,51.5497839],[-0.0751989,51.5498417],[-0.0751952,51.5498833],[-0.0751915,51.5499249],[-0.0751718,51.5500761],[-0.0751515,51.5502881],[-0.0751388,51.5504045],[-0.0751349,51.5504408],[-0.0751324,51.5504699],[-0.0751244,51.5506122]],[[-0.0751244,51.5506122],[-0.0750957,51.5507823],[-0.0750929,51.5508016]],[[-0.0750929,51.5508016],[-0.0750913,51.5508149],[-0.075087,51.5508491]],[[-0.075087,51.5508491],[-0.0750696,51.5509902]],[[-0.0750696,51.5509902],[-0.0750528,51.5511464]],[[-0.0750528,51.5511464],[-0.0750412,51.5512378],[-0.075039,51.5512565],[-0.0750318,51.5513166],[-0.0749479,51.5520498]],[[-0.0749479,51.5520498],[-0.0749389,51.5521859]],[[-0.0749389,51.5521859],[-0.0749329,51.5522511]],[[-0.0749329,51.5522511],[-0.0749172,51.5524237],[-0.0749135,51.5524634],[-0.0749092,51.5525117],[-0.0748958,51.5526584]],[[-0.0748958,51.5526584],[-0.0748662,51.5529719],[-0.0748593,51.5530991],[-0.0748415,51.5534267],[-0.0748234,51.5536671]],[[-0.0748234,51.5536671],[-0.0748194,51.5537651]],[[-0.0748194,51.5537651],[-0.0748135,51.5538717],[-0.0748056,51.554019]],[[-0.0748056,51.554019],[-0.0748006,51.5541708],[-0.0747993,51.5542101],[-0.0747958,51.554242],[-0.0747861,51.5543309]],[[-0.0747861,51.5543309],[-0.0747777,51.5543892]],[[-0.0747777,51.5543892],[-0.0747537,51.5545555]],[[-0.0747537,51.5545555],[-0.0747297,51.5547254],[-0.0746796,51.5549757],[-0.0746307,51.5551984],[-0.0746038,51.5553552],[-0.0745719,51.5555668]],[[-0.0745719,51.5555668],[-0.0745652,51.5556102],[-0.0745355,51.555804]],[[-0.0745355,51.555804],[-0.0745202,51.5559089]],[[-0.0745202,51.5559089],[-0.0745136,51.5562911]],[[-0.0745136,51.5562911],[-0.0745108,51.5563597],[-0.0745087,51.5564374],[-0.0745143,51.5567146],[-0.074511,51.5568761],[-0.0745142,51.5570808]],[[-0.0745142,51.5570808],[-0.0745726,51.5571421],[-0.0745665,51.557214],[-0.0745642,51.5572518]],[[-0.0745642,51.5572518],[-0.0745592,51.5572946],[-0.0745084,51.5573327]],[[-0.0745084,51.5573327],[-0.074501,51.5575018]],[[-0.074501,51.5575018],[-0.0744379,51.5578711],[-0.0743742,51.558244],[-0.0743489,51.5583943],[-0.0742937,51.5587069],[-0.0741664,51.5593344]],[[-0.0741664,51.5593344],[-0.0741208,51.5595472]],[[-0.0741208,51.5595472],[-0.0740863,51.5597086],[-0.0740762,51.5597572],[-0.074066,51.5598168]],[[-0.074066,51.5598168],[-0.0740393,51.5599443],[-0.0740378,51.5599515],[-0.0740108,51.560118]],[[-0.0740108,51.560118],[-0.0739615,51.5604272],[-0.0739388,51.5605694]],[[-0.0739388,51.5605694],[-0.0739294,51.5606249],[-0.0739106,51.5607178]],[[-0.0739106,51.5607178],[-0.0736924,51.5617688],[-0.0736871,51.561792],[-0.0736816,51.5618158],[-0.0736724,51.5618558],[-0.0736487,51.561959]],[[-0.0736487,51.561959],[-0.0736234,51.5620497]],[[-0.0736234,51.5620497],[-0.0736187,51.5620904],[-0.0736076,51.5621373],[-0.0735694,51.562289],[-0.0735264,51.5624436],[-0.0735163,51.5624799],[-0.0734667,51.5626591],[-0.073426,51.5627568],[-0.0733596,51.5629347],[-0.0731952,51.5632925]],[[-0.0731952,51.5632925],[-0.0731924,51.5633284],[-0.0731867,51.5633584]],[[-0.0731867,51.5633584],[-0.0731775,51.5633903],[-0.0731687,51.5634323]],[[-0.0731687,51.5634323],[-0.0731298,51.5634684]],[[-0.0731298,51.5634684],[-0.0731232,51.5634949],[-0.0731114,51.5635335]],[[-0.0731114,51.5635335],[-0.0730856,51.563745],[-0.0730829,51.5638922]],[[-0.0730829,51.5638922],[-0.0730979,51.5640578]],[[-0.0730979,51.5640578],[-0.0730981,51.5641022],[-0.0730982,51.5641444]],[[-0.0730982,51.5641444],[-0.0731056,51.5643448]],[[-0.0731056,51.5643448],[-0.073115,51.5646008],[-0.0730982,51.5647837],[-0.0730815,51.5651641],[-0.073083,51.5652171],[-0.0730825,51.5652584],[-0.0730822,51.5653013],[-0.0730871,51.5654045]],[[-0.0730871,51.5654045],[-0.0730829,51.5654837],[-0.0730798,51.5655397],[-0.0730786,51.5655597],[-0.0730739,51.5656012],[-0.0730351,51.5659294]],[[-0.0730351,51.5659294],[-0.0729993,51.5662328]],[[-0.0729993,51.5662328],[-0.072976,51.5663948],[-0.0729915,51.5666259]],[[-0.0729915,51.5666259],[-0.0730544,51.5666712],[-0.0730521,51.5667231],[-0.0730503,51.5667639],[-0.0730476,51.5668053],[-0.0729725,51.5668581]],[[-0.0729725,51.5668581],[-0.0729717,51.5669121],[-0.0729686,51.5669754]],[[-0.0729686,51.5669754],[-0.072956,51.5673381]],[[-0.072956,51.5673381],[-0.0729406,51.5675474],[-0.0729255,51.5678481]],[[-0.0729255,51.5678481],[-0.072921,51.5679035]],[[-0.072921,51.5679035],[-0.0729192,51.5679829]],[[-0.0729192,51.5679829],[-0.0729177,51.5680231],[-0.0729154,51.5680621],[-0.0729131,51.5681096]],[[-0.0729131,51.5681096],[-0.0729116,51.5681405],[-0.0729102,51.5681688]],[[-0.0729102,51.5681688],[-0.0729015,51.5683459],[-0.072889,51.5686003],[-0.072889,51.5687353],[-0.0728728,51.5692616],[-0.0728611,51.5695295],[-0.0728598,51.5695588]],[[-0.0728598,51.5695588],[-0.0728591,51.5695766],[-0.0728553,51.5696629],[-0.0728523,51.5697164]],[[-0.0728523,51.5697164],[-0.0728459,51.569829]],[[-0.0728459,51.569829],[-0.0728452,51.570081]],[[-0.0728452,51.570081],[-0.0728447,51.5702654],[-0.0728438,51.5703052],[-0.0728423,51.5703371]],[[-0.0728423,51.5703371],[-0.0728384,51.5704235]],[[-0.0728384,51.5704235],[-0.0728356,51.5705043]],[[-0.0728356,51.5705043],[-0.0728311,51.5706159]],[[-0.0728311,51.5706159],[-0.0728295,51.5706946],[-0.0728288,51.57072],[-0.0728283,51.5707706],[-0.0728251,51.5711087],[-0.0727881,51.5717358],[-0.0727699,51.5720038]],[[-0.0727699,51.5720038],[-0.0727818,51.572143],[-0.0727786,51.5722824],[-0.0727603,51.5724214]],[[-0.0727603,51.5724214],[-0.0727105,51.5726467]],[[-0.0727105,51.5726467],[-0.0726825,51.572755],[-0.0726503,51.5728793],[-0.0725481,51.5732866],[-0.0725422,51.5733088],[-0.0725126,51.5734164]],[[-0.0725126,51.5734164],[-0.0724884,51.5735298]],[[-0.0724884,51.5735298],[-0.0724705,51.5736076],[-0.072461,51.5736463],[-0.0724399,51.5737102]],[[-0.0724399,51.5737102],[-0.0724087,51.5737911]],[[-0.0724087,51.5737911],[-0.0723355,51.573843]],[[-0.0723355,51.573843],[-0.072344,51.5740609],[-0.0723423,51.574135]],[[-0.0723423,51.574135],[-0.0723029,51.5745031],[-0.0722727,51.5747853]],[[-0.0722727,51.5747853],[-0.0722657,51.5749045],[-0.0722642,51.5749809],[-0.0722639,51.5750138],[-0.072266,51.5750473],[-0.0722698,51.5751091],[-0.072281,51.5752153],[-0.0722925,51.5753205]],[[-0.0722925,51.5753205],[-0.0722995,51.5753652]],[[-0.0722995,51.5753652],[-0.0723305,51.5754715],[-0.0723541,51.5755729],[-0.07237499455846864,51.57563847154121]],[[-0.0879999,51.5266132],[-0.0879922,51.5265964],[-0.0879575,51.526521],[-0.0879367,51.526474],[-0.08784548422364316,51.526230633318]],[[-0.0880418,51.5267026],[-0.0879999,51.5266132]],[[-0.0880568,51.5267244],[-0.0880418,51.5267026]],[[-0.0880568,51.5267244],[-0.0880656,51.5267249],[-0.088069,51.5267254],[-0.0880728,51.5267261],[-0.08808591459511485,51.52672919537027],[-0.0880889,51.5267299]],[[-0.0883032,51.527037],[-0.0882304,51.5269412]],[[-0.0887963766733914,51.52746707936119],[-0.0887379,51.5275688],[-0.0887265,51.5276881],[-0.0887002,51.528028]],[[-0.0887002,51.528028],[-0.0886593,51.528318],[-0.088607,51.5285207]],[[-0.088607,51.5285207],[-0.0885908,51.5285511],[-0.0885744,51.5285668],[-0.0884558,51.5286448],[-0.0884291,51.5286653]],[[-0.0884291,51.5286653],[-0.0876089,51.5292674]],[[-0.0876089,51.5292674],[-0.0874802,51.5293583]],[[-0.0874802,51.5293583],[-0.0873503,51.5294398],[-0.0873067,51.5294673]],[[-0.0873067,51.5294673],[-0.087195,51.5295126]],[[-0.0871777,51.529529],[-0.087195,51.5295126]],[[-0.0870652,51.529612],[-0.0871777,51.529529]],[[-0.0869799,51.5296747],[-0.0870209,51.5296441],[-0.0870431,51.5296281],[-0.0870652,51.529612]],[[-0.0862297,51.5307329],[-0.0862328,51.5306455],[-0.0862449,51.5305686],[-0.0862865,51.5304111],[-0.0864056,51.5302141],[-0.0865269,51.5300772],[-0.0865759,51.5300217],[-0.0866441,51.529951],[-0.0867645,51.5298474],[-0.0869799,51.5296747]],[[-0.0862532,51.5309751],[-0.0862297,51.5307329]],[[-0.0862938,51.5312159],[-0.0862749,51.5311376],[-0.0862676,51.5310905],[-0.0862583,51.5310352],[-0.0862552,51.5309904],[-0.0862532,51.5309751]],[[-0.0863042,51.531254],[-0.0862938,51.5312159]],[[-0.0863042,51.531254],[-0.0863121,51.5312784],[-0.0863349,51.531342]],[[-0.0863349,51.531342],[-0.086442,51.5313652],[-0.0864543,51.5313856],[-0.0864902,51.5314454],[-0.0864617,51.5315115]],[[-0.0865575,51.531674],[-0.0864995,51.5315757],[-0.0864617,51.5315115]],[[-0.0866558,51.5318405],[-0.0865575,51.531674]],[[-0.0869816,51.5323453],[-0.0868705,51.5321731],[-0.0867066,51.5319192],[-0.0866558,51.5318405]],[[-0.0869816,51.5323453],[-0.0870631,51.5323745],[-0.0870817,51.5324052],[-0.0870983,51.5324331],[-0.087073,51.5325075]],[[-0.0871713,51.5326725],[-0.087128,51.5326007],[-0.087073,51.5325075]],[[-0.0872922,51.5328573],[-0.0872497,51.532788],[-0.0871713,51.5326725]],[[-0.0873585,51.5329498],[-0.0872922,51.5328573]],[[-0.0876294,51.5333222],[-0.0875313,51.5331888],[-0.0875056,51.5331537],[-0.0874758,51.5331136],[-0.0873585,51.5329498]],[[-0.0880359,51.5338735],[-0.0878593,51.5336329],[-0.0876601,51.5333637],[-0.0876294,51.5333222]],[[-0.088212,51.5341129],[-0.0881256,51.5339954],[-0.0880359,51.5338735]],[[-0.088212,51.5341129],[-0.0882689,51.5341354],[-0.0882832,51.5341559],[-0.0882981,51.5341774],[-0.0882896,51.5342276]],[[-0.0887603,51.5348411],[-0.0884973,51.5345039],[-0.0882896,51.5342276]],[[-0.0891173,51.5353418],[-0.0890778,51.5352902],[-0.0890532,51.5352593],[-0.0890279,51.5352267],[-0.0887603,51.5348411]],[[-0.0892946,51.5355699],[-0.0892624,51.5355285],[-0.089226,51.5354817],[-0.0891882,51.5354333],[-0.0891173,51.5353418]],[[-0.0895364,51.5358515],[-0.0894305,51.5357281],[-0.0892946,51.5355699]],[[-0.0896571,51.5359921],[-0.0895364,51.5358515]],[[-0.0897118154248494,51.5360429153736],[-0.0896571,51.5359921]],[[-0.0773329,51.524915],[-0.0773189,51.5248014]],[[-0.0773189,51.5248014],[-0.0772897,51.5246618]],[[-0.0772897,51.5246618],[-0.0772798,51.5246197]],[[-0.0772798,51.5246197],[-0.0772671,51.5245791]],[[-0.0772671,51.5245791],[-0.0772452,51.5244762],[-0.0772257,51.5243743],[-0.0772269,51.5243154]],[[-0.0772269,51.5243154],[-0.0772267,51.524285]],[[-0.0772267,51.524285],[-0.0772274,51.5242202],[-0.0772257,51.5241621]],[[-0.0772257,51.5241621],[-0.0772226,51.5240936],[-0.0772263,51.5239579],[-0.0772286,51.5239243],[-0.0772319,51.5238954],[-0.0772415,51.5237956]],[[-0.0772415,51.5237956],[-0.077249,51.5237047]],[[-0.077249,51.5237047],[-0.0772347,51.5236384],[-0.0772484,51.5235938]],[[-0.0772484,51.5235938],[-0.0772762,51.5235268]],[[-0.0772762,51.5235268],[-0.077432,51.5232079],[-0.0774611,51.5231017]],[[-0.0774611,51.5231017],[-0.0775038,51.5230357],[-0.0775384,51.5229971],[-0.0775589,51.5229644],[-0.0776112,51.5228664]],[[-0.0776112,51.5228664],[-0.0776467,51.5227994]],[[-0.0776467,51.5227994],[-0.0776831,51.5227284],[-0.0776939,51.5227132],[-0.0777427,51.5226565],[-0.0778482,51.5226161]],[[-0.0779086,51.5225206],[-0.0778482,51.5226161]],[[-0.077946,51.5224589],[-0.0779086,51.5225206]],[[-0.0780773,51.5221682],[-0.0780107,51.5223117],[-0.077946,51.5224589]],[[-0.07821863823811737,51.521903885299295],[-0.0781749,51.5219908],[-0.0780773,51.5221682]],[[-0.0879478,51.5271561],[-0.0879348,51.5270438]],[[-0.0879348,51.5270438],[-0.0879302,51.5269966],[-0.0879288,51.526973]],[[-0.0879288,51.526973],[-0.0879324,51.5269447],[-0.0879426,51.5269034],[-0.0879613,51.5268627],[-0.0880113,51.5267867]],[[-0.0880113,51.5267867],[-0.0880178,51.5267774],[-0.0880568,51.5267244]],[[-0.08762375363901478,51.526096625424266],[-0.0876229,51.5260966],[-0.0875483,51.5260784]],[[-0.0875483,51.5260784],[-0.0874759,51.5260527],[-0.0874553,51.5260447]],[[-0.0874553,51.5260447],[-0.0874275,51.5260332]],[[-0.0874275,51.5260332],[-0.087175,51.5259517],[-0.0870933,51.5259252]],[[-0.0870933,51.5259252],[-0.0870493,51.5259094],[-0.0870112,51.5258965],[-0.0868895,51.5258731]],[[-0.0844441,51.5263264],[-0.0843345,51.5262982],[-0.0842654,51.5262896],[-0.084169,51.5262753],[-0.0841021,51.5262541]],[[-0.0841021,51.5262541],[-0.0840157,51.5262275],[-0.0839297,51.5261931]],[[-0.0839297,51.5261931],[-0.0839038,51.526184],[-0.0838662,51.5261704],[-0.0838061,51.5261466]],[[-0.0838061,51.5261466],[-0.0837497,51.5261251],[-0.0836634,51.5260938],[-0.0835977,51.5260691]],[[-0.0835977,51.5260691],[-0.0835418,51.526047],[-0.0835255,51.5260398],[-0.0834547,51.5260027]],[[-0.0834547,51.5260027],[-0.0834377,51.5259957]],[[-0.0834377,51.5259957],[-0.0833683,51.5259629],[-0.0832743,51.5259174],[-0.0829265,51.5257411],[-0.082384,51.5254724],[-0.0819879,51.5252599],[-0.0818419,51.5251836],[-0.0818188,51.5251715],[-0.0817839,51.5251544],[-0.0817224,51.5251229],[-0.081408,51.5249614],[-0.0811874,51.5248403],[-0.0809695,51.52473]],[[-0.0809695,51.52473],[-0.0808508,51.5246603],[-0.0806285,51.5245297],[-0.0805797,51.5244999],[-0.0805749,51.5244941]],[[-0.0805749,51.5244941],[-0.0804551,51.5244198],[-0.0802992,51.52433]],[[-0.0802992,51.52433],[-0.0801448,51.5242403],[-0.0800953,51.5242146],[-0.0800537,51.524193],[-0.0800065,51.5241646],[-0.0797893,51.5240342],[-0.0797063,51.5239798],[-0.0792802,51.5237216]],[[-0.0792802,51.5237216],[-0.0791344,51.5237262],[-0.0790786,51.523729]],[[-0.0790786,51.523729],[-0.078869,51.5237412]],[[-0.078869,51.5237412],[-0.0785432,51.5237539],[-0.0781451,51.5237773],[-0.0780757,51.523782],[-0.0775006,51.523819],[-0.0774461,51.5238215],[-0.0773927,51.5238224],[-0.0773323,51.5238145],[-0.0772415,51.5237956]],[[-0.0723355,51.573843],[-0.0722867,51.5737818]],[[-0.0722867,51.5737818],[-0.0722951,51.5737116]],[[-0.0722951,51.5737116],[-0.072312,51.5736113],[-0.072318,51.573563],[-0.0723286,51.5734877]],[[-0.0723286,51.5734877],[-0.072344,51.57337]],[[-0.072344,51.57337],[-0.0723635,51.5732792],[-0.0724047,51.5731033]],[[-0.0724047,51.5731033],[-0.0724411,51.5729605]],[[-0.0724411,51.5729605],[-0.0724994,51.5727337],[-0.072525,51.5726343]],[[-0.072525,51.5726343],[-0.0725887,51.5724091]],[[-0.0725887,51.5724091],[-0.0726354,51.5722717],[-0.0726959,51.5721364],[-0.0727699,51.5720038]],[[-0.0729725,51.5668581],[-0.072915,51.566798],[-0.072919,51.5667392]],[[-0.072919,51.5667392],[-0.0729231,51.5666842],[-0.0729251,51.5666642]],[[-0.0729251,51.5666642],[-0.0729915,51.5666259]],[[-0.0731298,51.5634684],[-0.0730993,51.5634408],[-0.0730752,51.5634206],[-0.073054,51.563402],[-0.0730216,51.5633725]],[[-0.0730216,51.5633725],[-0.0728769,51.5633201],[-0.0725374,51.5631478],[-0.072361,51.5630797],[-0.0719088,51.5629435],[-0.0715381,51.5628318]],[[-0.0715381,51.5628318],[-0.0714963,51.5627879],[-0.0714584,51.5627654],[-0.0714003,51.5627366],[-0.0712003,51.5626095],[-0.071097,51.5625264]],[[-0.071097,51.5625264],[-0.0710863,51.5625107],[-0.0710058,51.5624034]],[[-0.0710058,51.5624034],[-0.0709747,51.5623298],[-0.0708918,51.5621379],[-0.0708087,51.5618189],[-0.0707681,51.5616017],[-0.0706271,51.5610931],[-0.0705594,51.5608746],[-0.0705481,51.5608477]],[[-0.0705481,51.5608477],[-0.070506,51.5607348]],[[-0.070506,51.5607348],[-0.0703911,51.5603954]],[[-0.0703911,51.5603954],[-0.0703749,51.5603495],[-0.0703638,51.560318]],[[-0.0703638,51.560318],[-0.070323,51.5602336],[-0.0703014,51.560173],[-0.0702781,51.5601043]],[[-0.0702781,51.5601043],[-0.0702028,51.5598858],[-0.0701145,51.5596297],[-0.0699934,51.5593718]],[[-0.0699934,51.5593718],[-0.0698458,51.5590694],[-0.0695148,51.5584702]],[[-0.0695148,51.5584702],[-0.0693685,51.5582116]],[[-0.0693685,51.5582116],[-0.0693346,51.5581631],[-0.0693139,51.5581379],[-0.0692541,51.5580651],[-0.0690494,51.5578134],[-0.0689081,51.5576465],[-0.068869,51.5575999],[-0.068852,51.5575758],[-0.0687705,51.5574599]],[[-0.0687705,51.5574599],[-0.0687704,51.5574233],[-0.0687865,51.5574067],[-0.0688321,51.5573529],[-0.0688834,51.5573253]],[[-0.0688834,51.5573253],[-0.0692754,51.5572648],[-0.0699081,51.5572298],[-0.0699271,51.5572288],[-0.0706613,51.5572008],[-0.071264,51.5571856],[-0.0712958,51.5571848],[-0.071359,51.5571877]],[[-0.071359,51.5571877],[-0.0714217,51.5571872],[-0.0715024,51.5571865],[-0.0716226,51.5571854],[-0.0723944,51.5571788],[-0.0725074,51.5571778],[-0.0729999,51.5571881],[-0.0731427,51.5571932],[-0.073931,51.5572211],[-0.074274,51.5572207]],[[-0.074274,51.5572207],[-0.0743393,51.5572135],[-0.0743813,51.5572042],[-0.0744133,51.557196],[-0.0744272,51.5571859],[-0.0744495,51.55717],[-0.0744752,51.5571449],[-0.0745142,51.5570808]],[[-0.0765337,51.5423503],[-0.076492,51.5423477],[-0.0764842,51.5423472],[-0.0764586,51.5423456],[-0.076394,51.5423461],[-0.0762839,51.5423638]],[[-0.0769029,51.5423873],[-0.0765808,51.5423533],[-0.0765337,51.5423503]],[[-0.0777439,51.5424652],[-0.0774795,51.5424407],[-0.0771858,51.5424135],[-0.0769029,51.5423873]],[[-0.0781658,51.5425014],[-0.0777439,51.5424652]],[[-0.0784219,51.542526],[-0.0782128,51.5425059],[-0.0781658,51.5425014]],[[-0.0795974,51.5426543],[-0.0794704,51.5426415],[-0.0790529,51.5425995],[-0.0788101,51.5425649],[-0.0784219,51.542526]],[[-0.0800184,51.5426967],[-0.0798691,51.5426817],[-0.0795974,51.5426543]],[[-0.080286,51.5427237],[-0.0802265,51.5427177],[-0.0801638,51.5427114],[-0.0800806,51.542703],[-0.0800184,51.5426967]],[[-0.0807032,51.5427637],[-0.080437,51.5427389],[-0.080286,51.5427237]],[[-0.0814875,51.5428363],[-0.0809585,51.5427874],[-0.0807032,51.5427637]],[[-0.0837326,51.5430592],[-0.082794,51.5429727],[-0.0826487,51.542957],[-0.082492,51.5429404],[-0.0814875,51.5428363]],[[-0.0840237,51.543091],[-0.0837326,51.5430592]],[[-0.0843469,51.5431277],[-0.0841973,51.5431107],[-0.0841613,51.5431066],[-0.0841535,51.5431058],[-0.0841072,51.5431005],[-0.0840237,51.543091]],[[-0.0843469,51.5431277],[-0.0843863,51.5430237],[-0.0843992,51.5429897],[-0.0845616,51.5425561]],[[-0.0845616,51.5425561],[-0.0847592,51.5420428]],[[-0.0847592,51.5420428],[-0.0847702,51.5420141],[-0.08478,51.5419954]],[[-0.08478,51.5419954],[-0.0847944,51.5419657],[-0.0848025,51.5419445],[-0.0848705,51.5417711]],[[-0.0848705,51.5417711],[-0.0848868,51.5417327],[-0.0849013,51.5416947],[-0.0849219,51.5416408],[-0.0849377,51.5415783],[-0.0849454,51.5415582],[-0.0850655,51.5412381]],[[-0.0850655,51.5412381],[-0.0852577,51.5407475]],[[-0.0852577,51.5407475],[-0.0852792,51.5406919],[-0.0853823,51.5404289],[-0.085385,51.5404221],[-0.0854633,51.5402222],[-0.0855116,51.5400956],[-0.0856228,51.5398082],[-0.0856639,51.5397019],[-0.085682,51.5396499],[-0.0856938,51.5396208],[-0.0857315,51.5395274]],[[-0.0857315,51.5395274],[-0.0857635,51.5394391],[-0.085771,51.5394172],[-0.0857937,51.5393538],[-0.0859344,51.5389522],[-0.0859675,51.538858],[-0.0859742,51.5388392],[-0.086157,51.5383464],[-0.0863068,51.5379408],[-0.0863789,51.5377574],[-0.0864443,51.5375911],[-0.0864809,51.5375188],[-0.0864957,51.5374928],[-0.0865223,51.5374588],[-0.0865421,51.5374367]],[[-0.0865421,51.5374367],[-0.08657,51.5374206],[-0.08658577865262276,51.53741151839608]],[[-0.0882896,51.5342276],[-0.0882234,51.5341975],[-0.0882106,51.534179],[-0.0881942,51.5341555],[-0.088212,51.5341129]],[[-0.087073,51.5325075],[-0.0869781,51.5324536],[-0.0869671,51.5324348],[-0.0869466,51.5324016],[-0.0869816,51.5323453]],[[-0.0864617,51.5315115],[-0.0863644,51.5314814]],[[-0.0863644,51.5314814],[-0.0863443,51.5314479],[-0.0863258,51.5314172],[-0.0863135,51.5313967],[-0.0863349,51.531342]],[[-0.087195,51.5295126],[-0.087198,51.5294433]],[[-0.087198,51.5294433],[-0.087275,51.5292881]],[[-0.087275,51.5292881],[-0.0873429,51.5291515],[-0.087401,51.5290344],[-0.0875789,51.5286474]],[[-0.0875789,51.5286474],[-0.0875932,51.528614],[-0.0876084,51.5285814]],[[-0.0876084,51.5285814],[-0.0876655,51.5284585],[-0.0877474,51.528282],[-0.087787,51.5281929],[-0.0879829,51.5276521],[-0.0879926,51.5274737],[-0.0879747,51.527379],[-0.087961,51.5272379],[-0.0879478,51.5271561]],[[-0.0874275,51.5260332],[-0.08742209946266268,51.52599483200339]],[[-0.08707375614837229,51.525842249525795],[-0.0870134,51.5258221],[-0.0869917,51.5258113]],[[-0.0869917,51.5258113],[-0.08698,51.5258009],[-0.0869702,51.5257892],[-0.08696676628815757,51.52578452109595]],[[-0.0778482,51.5226161],[-0.077875,51.522684]],[[-0.077875,51.522684],[-0.0778528,51.5227606],[-0.0778442,51.5227913]],[[-0.0778442,51.5227913],[-0.0778155,51.5228568]],[[-0.0778155,51.5228568],[-0.0780167,51.5229252],[-0.0780665,51.5229437],[-0.0781072,51.522967],[-0.0781535,51.5230286]],[[-0.0781535,51.5230286],[-0.078373,51.5231638],[-0.0784676,51.5232278]],[[-0.0784676,51.5232278],[-0.0788416,51.5234531],[-0.079126,51.5236245],[-0.0791537,51.5236412],[-0.0792132,51.5236795],[-0.0792802,51.5237216]],[[-0.0792802,51.5237216],[-0.0794306,51.5237191],[-0.0797339,51.5237015],[-0.0798958,51.5236921],[-0.0802618,51.5236752],[-0.0803082,51.5236783],[-0.080346,51.5236906]],[[-0.080346,51.5236906],[-0.0803772,51.5237158],[-0.0803546,51.5239038],[-0.080345,51.5240796]],[[-0.080345,51.5240796],[-0.080339,51.5241267],[-0.0803371,51.5241643],[-0.0803318,51.5242094],[-0.0803173,51.5242597]],[[-0.0803173,51.5242597],[-0.0802992,51.52433]],[[-0.0802992,51.52433],[-0.0802841,51.5244431],[-0.0802802,51.5244764]],[[-0.0802802,51.5244764],[-0.0802846,51.5245072],[-0.0802964,51.5246303]],[[-0.0802964,51.5246303],[-0.0802957,51.5248256]],[[-0.0802957,51.5248256],[-0.0803127,51.5250556],[-0.0803162,51.5253086],[-0.0803185,51.5256454],[-0.0803205,51.525756],[-0.0803129,51.5259914],[-0.0803165,51.5260533],[-0.0803189,51.5260952],[-0.080325,51.5261648]],[[-0.080325,51.5261648],[-0.0803588,51.5265798],[-0.080383,51.5268019],[-0.0803903,51.5268473],[-0.0803951,51.526897],[-0.080406,51.5269315],[-0.0804315,51.5269764]],[[-0.0780493,51.5271833],[-0.0780503,51.5270783],[-0.0780496,51.5270311],[-0.0780491,51.5269952],[-0.0780317,51.5267344]],[[-0.0780317,51.5267344],[-0.0780388,51.5265301],[-0.078039,51.5264673]],[[-0.078039,51.5264673],[-0.0780398,51.5263617]],[[-0.0780398,51.5263617],[-0.0780367,51.5262768]],[[-0.0780367,51.5262768],[-0.0780327,51.5262272],[-0.0780289,51.5261972],[-0.078027,51.5261918],[-0.0780208,51.5261723]],[[-0.0780208,51.5261723],[-0.0780034,51.5261179]],[[-0.0780034,51.5261179],[-0.077932,51.5259947],[-0.0778639,51.5258877],[-0.0777889,51.5257861],[-0.0777147,51.5257014]],[[-0.0777147,51.5257014],[-0.0776333,51.5255986]],[[-0.1044972578822314,51.5647032304871],[-0.1044715,51.5647161]],[[-0.1044715,51.5647161],[-0.1042625,51.5645983],[-0.1042001,51.5645627],[-0.1039318,51.5644137]],[[-0.1039318,51.5644137],[-0.1037899,51.5643294]],[[-0.1037899,51.5643294],[-0.1036189,51.5642238]],[[-0.1036189,51.5642238],[-0.1031932,51.5639514],[-0.102729,51.5636668],[-0.1023484,51.5634419],[-0.1023068,51.5634174],[-0.1022639,51.5633909],[-0.1022187,51.5633654],[-0.102153,51.5633214],[-0.1020741,51.5632626],[-0.1020234,51.5632243],[-0.1018811,51.5631165],[-0.1016289,51.5629249],[-0.1014441,51.562793],[-0.1010294,51.5625788],[-0.1009123,51.5625105],[-0.100544,51.5622528],[-0.1000087,51.5618854],[-0.0999232,51.5618264],[-0.099751,51.5617078],[-0.0996983,51.5616727],[-0.0995119,51.56154],[-0.0994471,51.5614925]],[[-0.0994471,51.5614925],[-0.0993111,51.5613864]],[[-0.0993111,51.5613864],[-0.0992616,51.5613523],[-0.0990393,51.5611987]],[[-0.0990393,51.5611987],[-0.0989285,51.5611221],[-0.0987655,51.5610032],[-0.0986831,51.5609305],[-0.0986012,51.5608166]],[[-0.0986012,51.5608166],[-0.09860094591634057,51.560813480002125]],[[-0.0572865,51.5344807],[-0.057290066917355276,51.53442447411853],[-0.0572903,51.5344208]],[[-0.0572825,51.5345085],[-0.0572865,51.5344807]],[[-0.0572825,51.5345085],[-0.0572742,51.5346008]],[[-0.0572742,51.5346008],[-0.0572492,51.5347085],[-0.0572108,51.5348773],[-0.0572054,51.5349505],[-0.0571904,51.5351323]],[[-0.0571904,51.5351323],[-0.0571889,51.5351526]],[[-0.0571889,51.5351526],[-0.0572189,51.535193],[-0.0572195,51.5352247],[-0.0572188,51.5352528],[-0.0572141,51.5354975],[-0.0572115,51.5355404]],[[-0.0572115,51.5355404],[-0.0572078,51.5355934],[-0.0572048,51.5356296]],[[-0.0572048,51.5356296],[-0.0572018,51.5356933]],[[-0.0572018,51.5356933],[-0.057198,51.5358026]],[[-0.057198,51.5358026],[-0.0571912,51.535879],[-0.057183,51.5360017],[-0.0571278,51.536052]],[[-0.0571278,51.536052],[-0.0571235,51.5361615],[-0.0570981,51.5363033],[-0.0570433,51.5365275],[-0.0569715,51.5368365],[-0.0569659,51.5368576],[-0.0569043,51.5372508],[-0.0568963,51.5373295],[-0.0568928,51.537379]],[[-0.0568928,51.537379],[-0.0569052,51.5375434],[-0.05691,51.5375984],[-0.0569269,51.5376588]],[[-0.0569269,51.5376588],[-0.0569905,51.5377562],[-0.0570047,51.5378407]],[[-0.0570047,51.5378407],[-0.0570194,51.5378873],[-0.0570823,51.5379767]],[[-0.0570823,51.5379767],[-0.0571131,51.5380309],[-0.0571356,51.5381057],[-0.0571402,51.5381272]],[[-0.0571402,51.5381272],[-0.0571419,51.5382032],[-0.0571467,51.5382988],[-0.0571386,51.5383614],[-0.0571188,51.5384402],[-0.0570862,51.538515]],[[-0.0570862,51.538515],[-0.0570035,51.5385546]],[[-0.0570035,51.5385546],[-0.0569815,51.5385818],[-0.0568852,51.5387067]],[[-0.0568852,51.5387067],[-0.0568044,51.5388112],[-0.0566434,51.538996],[-0.0565048,51.5391551],[-0.0564609,51.5392055]],[[-0.0564609,51.5392055],[-0.0563773,51.539303]],[[-0.0563773,51.539303],[-0.0562411,51.5394617],[-0.0561597,51.5395549],[-0.0561363,51.5395824]],[[-0.0561363,51.5395824],[-0.0560415,51.5396908]],[[-0.0560415,51.5396908],[-0.0559733,51.5397637]],[[-0.0559733,51.5397637],[-0.0559706,51.539826],[-0.0559517,51.5398504]],[[-0.0559517,51.5398504],[-0.0559252,51.5398844]],[[-0.0559252,51.5398844],[-0.0559008,51.5399158],[-0.0558651,51.5399617]],[[-0.0558651,51.5399617],[-0.0558314,51.5400049]],[[-0.0558314,51.5400049],[-0.0558012,51.5400437],[-0.0557361,51.5401275],[-0.0557083,51.5401632]],[[-0.0557083,51.5401632],[-0.0556767,51.5402038],[-0.0556385,51.540253],[-0.0555701,51.5402821]],[[-0.0555701,51.5402821],[-0.0555243,51.5403347],[-0.055381,51.5405361],[-0.05532,51.5406149]],[[-0.05532,51.5406149],[-0.0552612,51.5406924],[-0.0552311,51.5407444],[-0.0552094,51.5407965],[-0.0552,51.5408485],[-0.055197,51.5408916],[-0.0551963,51.5409013],[-0.0552008,51.5410064],[-0.055211,51.5412161],[-0.0552193,51.5413854],[-0.0552254,51.5415377]],[[-0.0552254,51.5415377],[-0.0552712,51.5415647]],[[-0.0552712,51.5415647],[-0.055283,51.541575],[-0.0552876,51.5416168],[-0.0552873,51.5416328]],[[-0.0552873,51.5416328],[-0.0553004,51.541886]],[[-0.0553004,51.541886],[-0.0553013,51.5419516]],[[-0.0553013,51.5419516],[-0.0553008,51.5419826],[-0.0553023,51.5420503],[-0.0553138,51.5422628],[-0.0553127,51.5422926],[-0.0553118,51.5423395],[-0.055259,51.5423946]],[[-0.055259,51.5423946],[-0.0552677,51.5425185],[-0.0552771,51.5426514]],[[-0.0552771,51.5426514],[-0.0552794,51.5426902]],[[-0.0552794,51.5426902],[-0.0552863,51.5428065],[-0.0553065,51.5431442]],[[-0.0553065,51.5431442],[-0.0553079,51.5431649]],[[-0.0553079,51.5431649],[-0.0553107,51.5432141]],[[-0.0553107,51.5432141],[-0.0553189,51.5432962]],[[-0.0553189,51.5432962],[-0.0553278,51.5433595]],[[-0.0553278,51.5433595],[-0.0553925,51.5433948],[-0.0553982,51.5434682],[-0.0553988,51.5434994],[-0.0554001,51.5435522],[-0.0553322,51.5435848]],[[-0.0553322,51.5435848],[-0.0553351,51.5436274]],[[-0.0553351,51.5436274],[-0.0553359,51.5437512]],[[-0.0553359,51.5437512],[-0.0553367,51.5438727]],[[-0.0553367,51.5438727],[-0.0553364,51.5439578],[-0.0553359,51.5439707],[-0.0553355,51.5439787],[-0.0553354,51.5439833],[-0.0553349,51.5439948],[-0.0553343,51.5440092],[-0.0553372,51.5441135],[-0.0553412,51.5442556]],[[-0.0553412,51.5442556],[-0.0553461,51.5444331]],[[-0.0553461,51.5444331],[-0.055343,51.5444525]],[[-0.055343,51.5444525],[-0.0553413,51.5444793]],[[-0.0553413,51.5444793],[-0.0553336,51.5446018]],[[-0.0553336,51.5446018],[-0.0553322,51.5446145],[-0.0553311,51.544638],[-0.0553302,51.5446574],[-0.0553295,51.5446715],[-0.0553284,51.5446918],[-0.0553274,51.544702],[-0.0553256,51.5447399]],[[-0.0553256,51.5447399],[-0.0553169,51.5448158]],[[-0.0553169,51.5448158],[-0.0553094,51.5448804]],[[-0.0553094,51.5448804],[-0.0552745,51.5451821]],[[-0.0552745,51.5451821],[-0.0552739,51.5452029],[-0.055256,51.5453078]],[[-0.055256,51.5453078],[-0.0552513,51.5453351],[-0.0552452,51.5453861]],[[-0.0552452,51.5453861],[-0.0552183,51.5456102]],[[-0.0552183,51.5456102],[-0.0552881,51.5456557],[-0.0552786,51.5457433],[-0.0552395,51.545779]],[[-0.0552395,51.545779],[-0.0552387,51.5458066],[-0.0552361,51.5459047]],[[-0.0552361,51.5459047],[-0.0552368,51.5459703],[-0.0552344,51.5459916],[-0.0552263,51.5460529]],[[-0.0552263,51.5460529],[-0.055179,51.5463973],[-0.055161,51.5465281]],[[-0.055161,51.5465281],[-0.0551583,51.5465638],[-0.0551483,51.5466698]],[[-0.0551483,51.5466698],[-0.0551385,51.5467281]],[[-0.0551385,51.5467281],[-0.0551318,51.5467631],[-0.0550986,51.5468903],[-0.0550978,51.5468935],[-0.0550416,51.5469381]],[[-0.0550416,51.5469381],[-0.0550177,51.5470488],[-0.0550096,51.5470961]],[[-0.0550096,51.5470961],[-0.0550057,51.5471186],[-0.0550092,51.547145],[-0.0550166,51.5471578]],[[-0.0550166,51.5471578],[-0.0550234,51.5471697]],[[-0.0550234,51.5471697],[-0.0550591,51.5471968],[-0.0551267,51.5472313]],[[-0.0551267,51.5472313],[-0.055204,51.5472621],[-0.0552282,51.5472717]],[[-0.0552282,51.5472717],[-0.0552915,51.5472702],[-0.0560364,51.5475881],[-0.0560704,51.5476029],[-0.0560743,51.5476399]],[[-0.0560743,51.5476399],[-0.0561304,51.5476701]],[[-0.0561304,51.5476701],[-0.056179,51.5476935],[-0.0563159,51.5477596],[-0.0564622,51.5478302]],[[-0.0564622,51.5478302],[-0.0569307,51.5480562]],[[-0.0569307,51.5480562],[-0.0571471,51.5481606],[-0.057264,51.548217],[-0.0572786,51.5482241],[-0.0574192,51.5482972],[-0.0580457,51.5485946],[-0.058281,51.5487063],[-0.0583263,51.5487278]],[[-0.0583263,51.5487278],[-0.0584614,51.548792],[-0.0585129,51.5488165],[-0.0585632,51.5488403]],[[-0.0585632,51.5488403],[-0.0586208,51.5488674]],[[-0.0586208,51.5488674],[-0.0588274,51.5489645],[-0.0589894,51.5490406],[-0.0591452,51.5491061]],[[-0.0591452,51.5491061],[-0.0592716,51.5491626],[-0.0593637,51.5492044],[-0.0593937,51.5492146],[-0.0594291,51.5492271]],[[-0.0594291,51.5492271],[-0.0594524,51.5492368],[-0.0594963,51.5492592],[-0.0595195,51.5492746],[-0.0595289,51.5492816]],[[-0.0595289,51.5492816],[-0.0595469,51.5492963],[-0.0595566,51.5493074],[-0.0595725,51.5493252],[-0.0595859,51.5493511]],[[-0.0595859,51.5493511],[-0.0595947,51.5493757]],[[-0.0595947,51.5493757],[-0.0596018,51.5494012],[-0.0596094,51.5494362],[-0.0596134,51.5494596],[-0.0596142,51.5494712]],[[-0.0596142,51.5494712],[-0.0596153,51.5494886],[-0.0596088,51.5495449]],[[-0.0596088,51.5495449],[-0.0594914,51.5495404]],[[-0.0594914,51.5495404],[-0.0594355,51.5495387],[-0.0593576,51.5495366],[-0.0592497,51.5495338],[-0.0591004,51.5495301]],[[-0.0591004,51.5495301],[-0.0583148,51.5495209],[-0.0582191,51.5495202],[-0.0571801,51.5495131]],[[-0.0571801,51.5495131],[-0.0569867,51.5495117],[-0.0562414,51.5495063],[-0.0559721,51.5495044],[-0.0556835,51.5495085],[-0.0553266,51.5495336],[-0.0552935,51.5495346],[-0.0552357,51.5495383]],[[-0.0552357,51.5495383],[-0.0552034,51.5495396]],[[-0.0552034,51.5495396],[-0.0551438,51.5495657],[-0.0550861,51.5495704],[-0.0550216,51.5495757],[-0.0549398,51.5495824],[-0.0548066,51.5496075]],[[-0.0548066,51.5496075],[-0.0547212,51.5496269],[-0.0546385,51.5496291]],[[-0.0546385,51.5496291],[-0.0545416,51.5496571],[-0.0544776,51.5496866],[-0.0544001,51.5497293]],[[-0.0544001,51.5497293],[-0.0543864,51.5497368],[-0.0543011,51.5497889],[-0.0540171,51.5499943],[-0.0538951,51.5500864],[-0.0538537,51.5501176],[-0.0537616,51.5502025]],[[-0.0537616,51.5502025],[-0.053462,51.5504789],[-0.0533661,51.5505488]],[[-0.0533661,51.5505488],[-0.0533082,51.550591],[-0.0533029,51.5505946],[-0.05325,51.5506303]],[[-0.05325,51.5506303],[-0.0531924,51.5506476],[-0.0531082,51.5506621],[-0.0530301,51.5506758],[-0.0528724,51.5507036],[-0.0528442,51.5507083],[-0.0523866,51.550785],[-0.0523306,51.5507944],[-0.0520059,51.5508403]],[[-0.0520059,51.5508403],[-0.0519442,51.550859]],[[-0.0519442,51.550859],[-0.0518895,51.5509212],[-0.0518632,51.5509344],[-0.051841,51.5509417],[-0.0517734,51.5509635],[-0.0516962,51.5509887],[-0.0516494,51.5510116],[-0.0515928,51.5510663],[-0.0515784,51.5510825]],[[-0.0515784,51.5510825],[-0.0515831,51.5511347],[-0.0515616,51.5511652]],[[-0.0515616,51.5511652],[-0.0516333,51.5513344]],[[-0.0516333,51.5513344],[-0.0517511,51.5515321],[-0.0518171,51.5516111],[-0.0518923,51.5516874],[-0.0521102,51.5518933],[-0.0521195,51.551902],[-0.0521437,51.551929],[-0.0524088,51.5521781],[-0.0525819,51.5523477],[-0.0525864,51.5523518],[-0.0526156,51.5523843]],[[-0.0526156,51.5523843],[-0.0526373,51.5524045]],[[-0.0526373,51.5524045],[-0.0527098,51.5524311],[-0.0527235,51.552445],[-0.0527632,51.5524907],[-0.0527786,51.5525145],[-0.0527728,51.5525622]],[[-0.052841,51.5526661],[-0.0527728,51.5525622]],[[-0.0533586,51.5534459],[-0.0532294,51.5532435],[-0.0531735,51.5531559],[-0.0531123,51.5530625],[-0.0531082,51.5530563],[-0.0529268,51.5527863],[-0.052875,51.5527105],[-0.052841,51.5526661]],[[-0.0539912,51.5542204],[-0.0539005,51.5541134],[-0.0538128,51.5540056],[-0.0537045,51.5538872],[-0.0535918,51.5537517],[-0.0535221,51.5536679],[-0.0534272,51.553539],[-0.0533586,51.5534459]],[[-0.0541437,51.5543984],[-0.0540985,51.5543465],[-0.0539912,51.5542204]],[[-0.0541891,51.5544536],[-0.0541705,51.554431],[-0.0541437,51.5543984]],[[-0.0543386,51.5546305],[-0.0541891,51.5544536]],[[-0.054381,51.5546806],[-0.0543386,51.5546305]],[[-0.0544989,51.5548445],[-0.05444,51.5547627],[-0.054381,51.5546806]],[[-0.0548334,51.5553831],[-0.0547879,51.5553029],[-0.0547086,51.5551663],[-0.0546267,51.5550206],[-0.0545594,51.5549279],[-0.0544989,51.5548445]],[[-0.0551632,51.5558983],[-0.0549975,51.5556376],[-0.0549873,51.5556263],[-0.0548334,51.5553831]],[[-0.0551632,51.5558983],[-0.0552576,51.5559269],[-0.0552771,51.5559555],[-0.0553068,51.5559943],[-0.0553312,51.5560276]],[[-0.0553312,51.5560276],[-0.0553618,51.5560677],[-0.0553552,51.5561386]],[[-0.0555328,51.556376],[-0.0554554,51.5562659],[-0.0554324,51.5562373],[-0.0554253,51.5562304],[-0.0553552,51.5561386]],[[-0.0557108,51.5566693],[-0.0556566,51.5565495],[-0.0555328,51.556376]],[[-0.0557707,51.5568222],[-0.0557108,51.5566693]],[[-0.0558414,51.5572572],[-0.0558327,51.5571963],[-0.0558217,51.5571133],[-0.055813,51.5570475],[-0.0557958,51.5569631],[-0.0557878,51.5569239],[-0.0557707,51.5568222]],[[-0.0558635,51.5574343],[-0.0558414,51.5572572]],[[-0.0558808,51.5576559],[-0.05587,51.557578],[-0.0558629,51.5574791],[-0.0558635,51.5574343]],[[-0.0558761,51.5577853],[-0.0558808,51.5576559]],[[-0.0558761,51.5577853],[-0.0559414,51.5578628]],[[-0.0559414,51.5578628],[-0.0559504,51.5579545],[-0.0559573,51.5579908],[-0.0559655,51.5580243],[-0.0559847,51.5580578],[-0.0560097,51.5580945],[-0.0560613,51.5581607]],[[-0.0560613,51.5581607],[-0.0562093,51.5582332],[-0.0562606,51.5582678]],[[-0.0562606,51.5582678],[-0.0563013,51.5583181],[-0.0563327,51.5583621],[-0.0563553,51.5584097],[-0.0563639,51.5584431],[-0.0563586,51.5584913],[-0.0563498,51.5585229],[-0.0563235,51.558574]],[[-0.0563235,51.558574],[-0.0563084,51.5586051],[-0.0562803,51.558638],[-0.0562543,51.5586612],[-0.0561852,51.5587109]],[[-0.0561852,51.5587109],[-0.0561062,51.5588058],[-0.0560819,51.5588425],[-0.056068,51.5588816],[-0.0560583,51.5589029],[-0.0560515,51.5589386],[-0.0560521,51.5589632],[-0.0560536,51.5589789],[-0.0560569,51.5589946],[-0.0560032,51.5590602]],[[-0.0560032,51.5590602],[-0.0560891,51.559175]],[[-0.0560891,51.559175],[-0.0561261,51.5592287],[-0.0562169,51.5593598]],[[-0.0562169,51.5593598],[-0.056366,51.5595443]],[[-0.056366,51.5595443],[-0.0564682,51.5597391],[-0.0564842,51.5597695]],[[-0.0564842,51.5597695],[-0.0565186,51.5598461],[-0.0565443,51.5598842]],[[-0.0565443,51.5598842],[-0.05658,51.559961]],[[-0.05658,51.559961],[-0.0566355,51.5600879],[-0.0566433,51.5601121]],[[-0.0566433,51.5601121],[-0.0566585,51.5601593],[-0.05667,51.5601991]],[[-0.05667,51.5601991],[-0.0567264,51.5603571]],[[-0.0567264,51.5603571],[-0.0567866,51.5605497]],[[-0.0567866,51.5605497],[-0.0568589,51.5607141],[-0.0569441,51.5609101],[-0.0570688,51.5611456]],[[-0.0570688,51.5611456],[-0.0571525,51.5613559]],[[-0.0571525,51.5613559],[-0.0571629,51.5613821],[-0.057178,51.5614201],[-0.0571931,51.5614575]],[[-0.0571931,51.5614575],[-0.0571946,51.5614617],[-0.0572034,51.5614837],[-0.057233,51.5615658]],[[-0.057233,51.5615658],[-0.0572891,51.5617443]],[[-0.0572891,51.5617443],[-0.0573135,51.5618218]],[[-0.0573135,51.5618218],[-0.0573237,51.5618567],[-0.0573472,51.5619367],[-0.0574447,51.5621778]],[[-0.0574447,51.5621778],[-0.057496,51.5622786],[-0.0575392,51.5623636]],[[-0.0576999,51.5625897],[-0.0576084,51.5624711],[-0.0575392,51.5623636]],[[-0.0581271,51.5630191],[-0.0580434,51.562944],[-0.0580222,51.5629265],[-0.0578095,51.5627257],[-0.0576999,51.5625897]],[[-0.0582816,51.5629669],[-0.0581271,51.5630191]],[[-0.0589419,51.562777],[-0.0583523,51.5629443],[-0.0582816,51.5629669]],[[-0.0657927,51.5624742],[-0.0656128,51.562555],[-0.065608,51.5625572],[-0.0653581,51.5626887],[-0.0650871,51.562802],[-0.0648813,51.5628767],[-0.064772,51.5629146],[-0.0646763,51.5629389],[-0.0645243,51.5629556],[-0.0643732,51.5629527],[-0.0640984,51.5628999],[-0.0639103,51.5628563],[-0.0637363,51.5628328],[-0.0635232,51.5628073],[-0.0633391,51.5627852],[-0.0630086,51.5627898],[-0.0623948,51.5628032],[-0.0622055,51.5628073],[-0.0619477,51.5627915],[-0.0617774,51.562776],[-0.0615719,51.562705],[-0.0613906,51.5626381],[-0.0610726,51.5625251],[-0.0607835,51.5624777],[-0.0604456,51.5624646],[-0.0602954,51.562472],[-0.0602147,51.5624851],[-0.0597474,51.5625692],[-0.0594711,51.5626358],[-0.0590331,51.5627496],[-0.0589419,51.562777]],[[-0.0669895,51.5623083],[-0.0666955,51.5623039],[-0.0663248,51.5623446],[-0.0661026,51.5623809],[-0.0659481,51.562418],[-0.0657927,51.5624742]],[[-0.0671403,51.5623105],[-0.0669895,51.5623083]],[[-0.0672342,51.5623138],[-0.0671403,51.5623105]],[[-0.0673562,51.5623213],[-0.0672342,51.5623138]],[[-0.0675735,51.5623344],[-0.0673562,51.5623213]],[[-0.067844,51.5623471],[-0.0675735,51.5623344]],[[-0.067844,51.5623471],[-0.0679119,51.5622823],[-0.0679486,51.5622561],[-0.068022,51.5622226],[-0.0681388,51.5621983]],[[-0.0681388,51.5621983],[-0.0683012,51.5621595],[-0.0685002,51.5621154]],[[-0.0685002,51.5621154],[-0.0686463,51.562077],[-0.0690143,51.5619723],[-0.0691454,51.5619146],[-0.0692853,51.5618506]],[[-0.0692853,51.5618506],[-0.0695777,51.5616816],[-0.0697399,51.5615775],[-0.0698353,51.5615098]],[[-0.0698353,51.5615098],[-0.0699667,51.5614045]],[[-0.0699667,51.5614045],[-0.070007,51.5613669],[-0.0701423,51.56122],[-0.0703597,51.5609381]],[[-0.0703597,51.5609381],[-0.0703735,51.5609172],[-0.0704102,51.5608619]],[[-0.0704102,51.5608619],[-0.0704656,51.5607954],[-0.0704823,51.5607712],[-0.070506,51.5607348]],[[-0.0703638,51.560318],[-0.0704247,51.5602625],[-0.0704621,51.5602398],[-0.0705441,51.5602034]],[[-0.0705441,51.5602034],[-0.0706794,51.5601917],[-0.0707838,51.5601913],[-0.0709623,51.5602002],[-0.0711448,51.5602185]],[[-0.0711448,51.5602185],[-0.0714502,51.5602708],[-0.0716029,51.5603001],[-0.0719311,51.560376],[-0.0721814,51.5604361],[-0.0725271,51.560519],[-0.072868,51.5605937],[-0.0729879,51.56062],[-0.0731344,51.5606389],[-0.0733686,51.5606532],[-0.073522,51.5606603]],[[-0.073522,51.5606603],[-0.0736845,51.5606678]],[[-0.0736845,51.5606678],[-0.0737377,51.5606715],[-0.0737924,51.5606786],[-0.0739106,51.5607178]],[[-0.0732855,51.5654099],[-0.0730871,51.5654045]],[[-0.0741511,51.5654781],[-0.0739354,51.5654368],[-0.0739027,51.5654343],[-0.0737129,51.5654195],[-0.0734099,51.5654122],[-0.0733375,51.5654109],[-0.0732855,51.5654099]],[[-0.0743771,51.5655415],[-0.0741511,51.5654781]],[[-0.0792194,51.56721],[-0.079116,51.567223],[-0.0788324,51.5672399],[-0.0785307,51.5672372],[-0.0783494,51.567229],[-0.0780438,51.5671971],[-0.0776998,51.5671366],[-0.0771727,51.5670224],[-0.0767799,51.5669358],[-0.0764232,51.5668402],[-0.0761993,51.5667487],[-0.0761664,51.5667352],[-0.0760142,51.5666435],[-0.075441,51.5662217],[-0.0750939,51.5659687],[-0.0748921,51.5658169],[-0.0747755,51.5657363],[-0.0746433,51.5656448],[-0.0745414,51.5656048],[-0.0743771,51.5655415]],[[-0.0801228,51.5670283],[-0.0799242,51.5670791],[-0.0795676,51.567155],[-0.0793478,51.5671939],[-0.0792194,51.56721]],[[-0.0803304,51.5669752],[-0.0801228,51.5670283]],[[-0.0839003,51.5660971],[-0.0835918,51.5661749],[-0.0832467,51.5662619],[-0.0820526,51.5665608],[-0.0810913,51.566809],[-0.0809846,51.5668337],[-0.0808296,51.5668707],[-0.0803304,51.5669752]],[[-0.0841372,51.5660388],[-0.0839003,51.5660971]],[[-0.0847584,51.5658631],[-0.0845565,51.5659161],[-0.0845398,51.5659205],[-0.0844811,51.5659359],[-0.0841372,51.5660388]],[[-0.0870903,51.5652588],[-0.0859192,51.5655574],[-0.0852419,51.5657349],[-0.085069,51.565778],[-0.0850024,51.5657947],[-0.0849509,51.5658075],[-0.0849091,51.5658196],[-0.0847584,51.5658631]],[[-0.0880388,51.565007],[-0.0876274,51.5651081],[-0.0875378,51.565132],[-0.0870903,51.5652588]],[[-0.0924298,51.5639037],[-0.0922705,51.5639546],[-0.0922073,51.5639715],[-0.0921498,51.5639872],[-0.0918295,51.5640663],[-0.0916587,51.5641075],[-0.0911998,51.5642204],[-0.0880388,51.565007]],[[-0.0924298,51.5639037],[-0.0925901,51.5638512],[-0.0926537,51.5638304]],[[-0.0926537,51.5638304],[-0.0927156,51.5638101],[-0.0929421,51.5637322],[-0.0931372,51.5636664]],[[-0.0931372,51.5636664],[-0.0933263,51.5636049],[-0.0937525,51.5634671],[-0.0942292,51.5633109],[-0.0944124,51.5632512],[-0.0948943,51.5630872],[-0.095757,51.5628011],[-0.0958001,51.5627873]],[[-0.0958001,51.5627873],[-0.0961148,51.5626919],[-0.0962783,51.5626396],[-0.0967876,51.5624922]],[[-0.0967876,51.5624922],[-0.0971031,51.5624009],[-0.0972095,51.5623687],[-0.0973092,51.5623279],[-0.0975924,51.5621499],[-0.0976355,51.5621308],[-0.0976972,51.5621177],[-0.0977485,51.5621162],[-0.0978053,51.5621251],[-0.0978622,51.5621411],[-0.0979091,51.562147],[-0.0979637,51.5621409],[-0.0980106,51.5621217],[-0.0984783,51.5618389],[-0.0985403,51.5618211],[-0.0985904,51.561821],[-0.0986692,51.5618404],[-0.0987257,51.5618442],[-0.0987891,51.5618327],[-0.0990677,51.5616931]],[[-0.0990677,51.5616931],[-0.0992799,51.5615782],[-0.0993248,51.5615538],[-0.0994471,51.5614925]],[[-0.1036189,51.5642238],[-0.1037153,51.5642528],[-0.10373286982462454,51.5642577092157]],[[-0.0581271,51.5630191],[-0.0582096,51.5630926],[-0.0582625,51.5631385],[-0.0584983,51.5633595],[-0.058732,51.5635826],[-0.058866,51.5637021],[-0.0589224,51.5637583],[-0.0589593,51.5637925],[-0.0594273,51.5642162],[-0.0595593,51.5643357],[-0.0596398,51.564406],[-0.05973,51.5644847]],[[-0.05973,51.5644847],[-0.0597676,51.5645204],[-0.059859,51.5646078],[-0.0599892,51.5647778]],[[-0.0600964,51.5652872],[-0.0600812,51.5652171],[-0.0600197,51.5649032],[-0.0599956,51.5647963],[-0.0599892,51.5647778]],[[-0.0601346,51.5655324],[-0.0601287,51.5654743],[-0.0601189,51.5654103],[-0.06011,51.5653614],[-0.0600964,51.5652872]],[[-0.0601405,51.5655908],[-0.0601346,51.5655324]],[[-0.0601444,51.5656237],[-0.0601405,51.5655908]],[[-0.0601478,51.5656529],[-0.0601444,51.5656237]],[[-0.0601796,51.5658157],[-0.060166,51.5657346],[-0.0601591,51.5656956],[-0.0601478,51.5656529]],[[-0.0601796,51.5658157],[-0.0601986,51.5658885],[-0.060214,51.5659878],[-0.0602292,51.5660669]],[[-0.0602292,51.5660669],[-0.0602423,51.5661279],[-0.0602466,51.5661559],[-0.060254,51.5662005],[-0.0602627,51.5662471]],[[-0.0602627,51.5662471],[-0.0602863,51.566359]],[[-0.0602863,51.566359],[-0.0603425,51.5665357]],[[-0.0603425,51.5665357],[-0.0604059,51.5667865],[-0.0604248,51.5668174]],[[-0.0604248,51.5668174],[-0.0604577,51.5668856]],[[-0.0604577,51.5668856],[-0.0604783,51.5669252],[-0.0605642,51.5670496]],[[-0.060618,51.5671183],[-0.0605642,51.5670496]],[[-0.0608789,51.5674516],[-0.0608703,51.5674406],[-0.0606566,51.5671676],[-0.060618,51.5671183]],[[-0.0608789,51.5674516],[-0.0610453,51.5676575]],[[-0.0612184,51.5679238],[-0.061165,51.5678442],[-0.0610453,51.5676575]],[[-0.061338,51.56809],[-0.0612184,51.5679238]],[[-0.0614985,51.5683144],[-0.0614458,51.5682471],[-0.0613928,51.5681793],[-0.061338,51.56809]],[[-0.0616341,51.5684909],[-0.0614985,51.5683144]],[[-0.0617819,51.5686833],[-0.0616341,51.5684909]],[[-0.0644025,51.570581],[-0.0638297,51.570253],[-0.0637098,51.5701826],[-0.0636759,51.5701609],[-0.0635044,51.5700515],[-0.0633111,51.5699369],[-0.0630746,51.5697869],[-0.0630561,51.5697752],[-0.063029,51.569758],[-0.0629133,51.5696951],[-0.0628511,51.5696612],[-0.0628377,51.5696525],[-0.0627413,51.5695899],[-0.0625569,51.5694741],[-0.0623858,51.5693318],[-0.0622066,51.5691609],[-0.0620538,51.5689922],[-0.0619285,51.5688499],[-0.0617819,51.5686833]],[[-0.0652717,51.5710697],[-0.065095,51.5709783],[-0.0644025,51.570581]],[[-0.0654432,51.5711541],[-0.0654227,51.5711441],[-0.0652717,51.5710697]],[[-0.0654432,51.5711541],[-0.0655272,51.5711563],[-0.0658177,51.5712835],[-0.0658547,51.5713012],[-0.0659405,51.5713421],[-0.0662892,51.5715084],[-0.0664071,51.5715646],[-0.0665512,51.5716367],[-0.0668395,51.5717811],[-0.0670148,51.5718846]],[[-0.0670148,51.5718846],[-0.0670542,51.5719108],[-0.0670678,51.5719735]],[[-0.0671332,51.5720115],[-0.0670678,51.5719735]],[[-0.0684568,51.5724702],[-0.0682532,51.5724356],[-0.0681219,51.5724094],[-0.0679835,51.5723728],[-0.0677947,51.5723112],[-0.0676128,51.5722457],[-0.0674193,51.5721603],[-0.0672784,51.5720907],[-0.0671332,51.5720115]],[[-0.0693284,51.5725745],[-0.0692545,51.5725651],[-0.0691183,51.5725482],[-0.068918,51.5725232],[-0.0686763,51.5724931],[-0.0684568,51.5724702]],[[-0.0696024,51.5726093],[-0.0693284,51.5725745]],[[-0.0715095,51.573122],[-0.0714308,51.5730898],[-0.0712398,51.5730115],[-0.070924,51.5729055],[-0.0705926,51.5728084],[-0.0702165,51.5727145],[-0.0699277,51.5726589],[-0.0696024,51.5726093]],[[-0.0716687,51.5731873],[-0.0715095,51.573122]],[[-0.0718146,51.5732456],[-0.0716687,51.5731873]],[[-0.0718399,51.5732542],[-0.0718146,51.5732456]],[[-0.0718399,51.5732542],[-0.0719723,51.5732776]],[[-0.0719723,51.5732776],[-0.0721909,51.5733233],[-0.0722356,51.573338],[-0.072344,51.57337]],[[-0.072344,51.57337],[-0.0725126,51.5734164]],[[-0.0725126,51.5734164],[-0.0727617,51.5735035],[-0.0729519,51.5735833],[-0.0730056,51.5736313]],[[-0.0733559,51.5736933],[-0.0730056,51.5736313]],[[-0.0737405,51.5737633],[-0.0736737,51.5737496],[-0.0733559,51.5736933]],[[-0.0766602,51.5743109],[-0.0765762,51.5742962],[-0.0765037,51.574285],[-0.0764064,51.57427],[-0.0753228,51.5740666],[-0.0750331,51.574013],[-0.0747279,51.5739534],[-0.0745119,51.5739112],[-0.0741199,51.5738361],[-0.0741073,51.5738337],[-0.073993,51.5738118],[-0.0737405,51.5737633]],[[-0.0768674,51.5743467],[-0.0766602,51.5743109]],[[-0.0770722,51.5743812],[-0.076985,51.5743676],[-0.0768674,51.5743467]],[[-0.0772388,51.5744099],[-0.0771701,51.5743981],[-0.0770722,51.5743812]],[[-0.0785898,51.5746548],[-0.0778012,51.5745159],[-0.0777113,51.5745001],[-0.077596,51.5744784],[-0.0775231,51.5744651],[-0.0772388,51.5744099]],[[-0.0825794,51.5747758],[-0.0821747,51.5747994],[-0.0820547,51.5748064],[-0.0816732,51.5748279],[-0.0815431,51.5748353],[-0.0813637,51.5748367],[-0.0807466,51.5748414],[-0.080637,51.5748392],[-0.0804247,51.5748269],[-0.0801887,51.5748178],[-0.0798291,51.5747975],[-0.0796692,51.5747881],[-0.0795367,51.5747803],[-0.0792682,51.5747533],[-0.0788315,51.5746921],[-0.0785898,51.5746548]],[[-0.0857813,51.5744792],[-0.085387,51.5745414],[-0.0852283,51.574564],[-0.0850978,51.5745789],[-0.0849865,51.5745933],[-0.0843745,51.5746482],[-0.0842052,51.5746614],[-0.0836634,51.5747035],[-0.0834013,51.5747194],[-0.0831081,51.5747384],[-0.0829354,51.574751],[-0.0825794,51.5747758]],[[-0.0857813,51.5744792],[-0.0858423,51.5744394],[-0.0858734,51.5744331],[-0.0859734,51.5744122],[-0.0860747,51.574394]],[[-0.0860747,51.574394],[-0.0861613,51.5743608]],[[-0.0861613,51.5743608],[-0.0862335,51.5743246],[-0.0862935,51.5742799],[-0.0863829,51.5742498]],[[-0.0863829,51.5742498],[-0.0865262,51.5741259]],[[-0.0865262,51.5741259],[-0.0867367,51.5739624],[-0.0868885,51.5738633],[-0.0870119,51.5737987],[-0.0871893,51.5737107],[-0.0872187,51.5736982],[-0.0872934,51.5736665],[-0.0874594,51.5736036],[-0.087642,51.5735344],[-0.0878225,51.5734622],[-0.0880088,51.5733957],[-0.0887982,51.5731138],[-0.0888661,51.5730896],[-0.0896836,51.5727976],[-0.0897548,51.5727691],[-0.0898251,51.5727442]],[[-0.0898251,51.5727442],[-0.0903957,51.5725427],[-0.0904586,51.5725205],[-0.0905142,51.5725004],[-0.0906463,51.5724539],[-0.0907915,51.5724074],[-0.0914827,51.5721858],[-0.0940128,51.5713746]],[[-0.0940128,51.5713746],[-0.0946517,51.5711698],[-0.0947406,51.5711314],[-0.0949537,51.5710237],[-0.0950663,51.5709748],[-0.095149,51.5709444],[-0.0952309,51.5709175]],[[-0.0952309,51.5709175],[-0.0953573,51.5708792],[-0.0955813,51.5707979],[-0.0956489,51.5707785],[-0.0957064,51.5707578],[-0.0958097,51.5707122]],[[-0.0958097,51.5707122],[-0.095977,51.5706384]],[[-0.095977,51.5706384],[-0.0960838,51.5705464],[-0.0961194,51.5705198],[-0.0962634,51.5704843]],[[-0.0992528,51.5682159],[-0.0987636,51.5685777],[-0.0980814,51.5691042],[-0.0971413,51.5698279],[-0.0962634,51.5704843]],[[-0.0996194,51.5679314],[-0.0995584,51.5679788],[-0.0994799,51.5680397],[-0.0994428,51.5680685],[-0.0994012,51.5681008],[-0.0993626,51.5681308],[-0.0993405,51.5681479],[-0.0992528,51.5682159]],[[-0.1030884,51.565564],[-0.1028286,51.5657309],[-0.1020194,51.5662377],[-0.1012925,51.566702],[-0.1010216,51.5668826],[-0.1007518,51.5670757],[-0.1002969,51.5674133],[-0.1000637,51.5675864],[-0.0996194,51.5679314]],[[-0.1033451,51.5653958],[-0.1030884,51.565564]],[[-0.1037654,51.5651294],[-0.1037154,51.5651611],[-0.1036326,51.5652136],[-0.1035844,51.5652441],[-0.1034068,51.5653566],[-0.1033451,51.5653958]],[[-0.1044715,51.5647161],[-0.1044148,51.5647439],[-0.1043392,51.564781],[-0.1042484,51.5648298],[-0.1041967,51.5648575],[-0.1038668,51.5650663],[-0.1037841,51.5651178],[-0.1037654,51.5651294]],[[-0.1039318,51.5644137],[-0.1038975,51.5643669],[-0.10389226015338875,51.56435461910951]],[[-0.0286641,51.5474386],[-0.0288708,51.5473111]],[[-0.0272741,51.5478475],[-0.0274038,51.5478095],[-0.0275183,51.5477759],[-0.0278523,51.547678],[-0.0286641,51.5474386]],[[-0.0282516,51.5487098],[-0.0280194,51.5485177],[-0.0278188,51.5483323],[-0.0275483,51.5480822],[-0.0275337,51.5480687],[-0.0274908,51.5480307],[-0.0273715,51.5479327],[-0.0272741,51.5478475]],[[-0.028481,51.5489054],[-0.0282516,51.5487098]],[[-0.0288375,51.5492027],[-0.0287313,51.5491116],[-0.028481,51.5489054]],[[-0.0302048,51.550373],[-0.0299916,51.5501772],[-0.0299698,51.5501572],[-0.0299192,51.550114],[-0.0297161,51.5499403],[-0.0291912,51.5495211],[-0.0288375,51.5492027]],[[-0.0304638,51.5506012],[-0.0303175,51.550477],[-0.0302048,51.550373]],[[-0.0310634,51.5511085],[-0.0310131,51.5510662],[-0.0308804,51.5509547],[-0.0308766,51.5509515],[-0.0308581,51.550936],[-0.0306891,51.550794],[-0.0305958,51.5507155],[-0.0304638,51.5506012]],[[-0.0315358,51.5509095],[-0.0313007,51.5510086],[-0.0312468,51.5510313],[-0.031227,51.5510396],[-0.0310634,51.5511085]],[[-0.0317356,51.5508319],[-0.0315358,51.5509095]],[[-0.0323482,51.550616],[-0.0320811,51.5507068],[-0.0320108,51.5507322],[-0.0317356,51.5508319]],[[-0.0327982,51.5504634],[-0.0327793,51.5504695],[-0.0325758,51.5505386],[-0.0325041,51.550563],[-0.0324411,51.5505844],[-0.0323482,51.550616]],[[-0.033228,51.5503254],[-0.0330533,51.5503815],[-0.0327982,51.5504634]],[[-0.0337418,51.5501823],[-0.0336483,51.5502058],[-0.033228,51.5503254]],[[-0.0350596,51.5498644],[-0.0344723,51.5500082],[-0.0341019,51.550092],[-0.0339771,51.5501233],[-0.0337418,51.5501823]],[[-0.0352868,51.5498053],[-0.0350596,51.5498644]],[[-0.0353655,51.5497849],[-0.0352868,51.5498053]],[[-0.0359711,51.5496312],[-0.0358641,51.5496595],[-0.0356018,51.549724],[-0.0353655,51.5497849]],[[-0.036688,51.5494708],[-0.0363866,51.5495383],[-0.0363181,51.5495536],[-0.0362658,51.5495653],[-0.0359711,51.5496312]],[[-0.0374803,51.5493062],[-0.0371852,51.5493703],[-0.0370842,51.5493922],[-0.0370073,51.5494074],[-0.036845,51.5494396],[-0.036688,51.5494708]],[[-0.0379907,51.5491887],[-0.0377963,51.5492359],[-0.0377286,51.5492523],[-0.0374803,51.5493062]],[[-0.0381328,51.5491609],[-0.0379907,51.5491887]],[[-0.0389223,51.5490112],[-0.0387092,51.5490481],[-0.0381328,51.5491609]],[[-0.039525,51.5489068],[-0.0392902,51.5489475],[-0.0392288,51.5489581],[-0.0391601,51.54897],[-0.0389223,51.5490112]],[[-0.040805,51.548741],[-0.0406187,51.5487471],[-0.0404577,51.5487616],[-0.040284,51.5487788],[-0.0401308,51.548795],[-0.0399158,51.5488359],[-0.0397402,51.5488696],[-0.0396113,51.5488919],[-0.039525,51.5489068]],[[-0.0409199,51.5487336],[-0.040805,51.548741]],[[-0.0420798,51.5486489],[-0.0417633,51.5486935],[-0.0416942,51.5486983],[-0.0416274,51.5487044],[-0.0415615,51.5487088],[-0.0414432,51.5487164],[-0.0412583,51.5487253],[-0.0411974,51.5487282],[-0.0409199,51.5487336]],[[-0.0420798,51.5486489],[-0.0420975,51.5486883],[-0.0421112,51.5487145],[-0.0421884,51.5488619]],[[-0.0421884,51.5488619],[-0.0422361,51.548953],[-0.0423058,51.5490762]],[[-0.0423058,51.5490762],[-0.0423985,51.549229],[-0.0424699,51.5493474],[-0.0425989,51.5495414]],[[-0.0425989,51.5495414],[-0.0426333,51.5495932],[-0.0426539,51.5496129],[-0.0426794,51.5496497],[-0.0427187,51.5497065],[-0.0428004,51.5498325],[-0.0428402,51.5498997],[-0.0429203,51.5500394],[-0.0430314,51.5502348]],[[-0.0430314,51.5502348],[-0.0430584,51.5502269],[-0.0430945,51.5502144],[-0.0432156,51.5501683],[-0.0433083,51.5501343],[-0.0436298,51.5500445]],[[-0.0436298,51.5500445],[-0.0437432,51.5500155],[-0.0440623,51.5499356]],[[-0.0440623,51.5499356],[-0.0442037,51.5499009],[-0.0442664,51.549884],[-0.0442842,51.5498625]],[[-0.0442842,51.5498625],[-0.0441947,51.5497075],[-0.0440515,51.5494474],[-0.0440023,51.5493618],[-0.0439739,51.5493226],[-0.0438442,51.5490742]],[[-0.0438442,51.5490742],[-0.0437729,51.5489363]],[[-0.0437729,51.5489363],[-0.0437606,51.5488868],[-0.0437032,51.5487697],[-0.0435311,51.548448],[-0.0435135,51.5484184],[-0.0434926,51.5483777]],[[-0.0470219,51.5480334],[-0.0463928,51.5480169],[-0.046305,51.5480152],[-0.0462912,51.5480147],[-0.0459806,51.54801],[-0.0458491,51.5480064],[-0.0455333,51.5480138],[-0.0452483,51.548041],[-0.044897,51.5481029],[-0.044806,51.54812],[-0.0447133,51.5481349],[-0.0444882,51.548176],[-0.04424,51.5482267],[-0.044007,51.5482743],[-0.0438534,51.5483057],[-0.0437349,51.5483299],[-0.0434926,51.5483777]],[[-0.047559,51.5480489],[-0.0474758,51.5480474],[-0.0474213,51.5480444],[-0.047379,51.5480424],[-0.0473522,51.5480417],[-0.0470219,51.5480334]],[[-0.047559,51.5480489],[-0.0475787,51.5479388],[-0.0476169,51.5476159]],[[-0.0476169,51.5476159],[-0.0476189,51.5475935],[-0.0476456,51.5473147],[-0.047647,51.547299]],[[-0.047647,51.547299],[-0.0476535,51.5471904]],[[-0.0476535,51.5471904],[-0.0476533,51.5471572],[-0.0476663,51.5469348],[-0.0476709,51.5468937],[-0.0476719,51.5468575],[-0.0476761,51.546793]],[[-0.0478336,51.5467948],[-0.0477667,51.5467957],[-0.0476761,51.546793]],[[-0.050764,51.5471],[-0.0505969,51.5471295],[-0.0505726,51.547132],[-0.0504476,51.5471447],[-0.0502185,51.5471437],[-0.0500351,51.547136],[-0.0499541,51.5471298],[-0.0499329,51.5471276],[-0.0498236,51.5471163],[-0.0496274,51.5470896],[-0.04937,51.5470545],[-0.0492461,51.5470232],[-0.0490702,51.5469742],[-0.0489345,51.5469355],[-0.0486996,51.5468685],[-0.0485126,51.5468344],[-0.0483672,51.5468136],[-0.048288,51.5468067],[-0.0482327,51.5468024],[-0.0480245,51.5467939],[-0.0479647,51.546793],[-0.0478336,51.5467948]],[[-0.0510302,51.5470449],[-0.0508202,51.5470901],[-0.050764,51.5471]],[[-0.0510942,51.5470322],[-0.0510302,51.5470449]],[[-0.051148,51.5470189],[-0.0510942,51.5470322]],[[-0.0514336,51.5469486],[-0.051148,51.5470189]],[[-0.0515013,51.5469319],[-0.0514336,51.5469486]],[[-0.0521976,51.5467139],[-0.0518779,51.546814],[-0.051553,51.5469157],[-0.0515013,51.5469319]],[[-0.0527731,51.5465615],[-0.0525422,51.5466145],[-0.0524807,51.5466325],[-0.0524282,51.5466455],[-0.0522674,51.5466915],[-0.0521976,51.5467139]],[[-0.0529135,51.5465331],[-0.0527731,51.5465615]],[[-0.0534519,51.5463977],[-0.0529135,51.5465331]],[[-0.0538468,51.5462984],[-0.0538224,51.5463071],[-0.0537347,51.546334],[-0.0535948,51.5463668],[-0.0534519,51.5463977]],[[-0.0538468,51.5462984],[-0.0538812,51.5462402],[-0.0539466,51.5462086],[-0.0539994,51.5461833],[-0.0540784,51.5461459],[-0.0542834,51.5460444]],[[-0.0542834,51.5460444],[-0.0545155,51.5459419],[-0.0546206,51.545895]],[[-0.0546206,51.545895],[-0.0546729,51.5458538],[-0.054724,51.5458247],[-0.0547451,51.5458064],[-0.0547514,51.5457433],[-0.0547093,51.545634],[-0.0546798,51.5455471],[-0.0546724,51.5455254],[-0.0546042,51.5448895],[-0.0545916,51.5447725],[-0.054587,51.5447175],[-0.0545951,51.5446646],[-0.0545997,51.5446253],[-0.0546,51.5445903],[-0.0546073,51.5445642]],[[-0.0546073,51.5445642],[-0.0546434,51.5445512],[-0.0551368,51.5444774],[-0.0551961,51.5444685]],[[-0.0551961,51.5444685],[-0.055343,51.5444525]],[[-0.0553322,51.5435848],[-0.0552751,51.5435567],[-0.0552689,51.5434731],[-0.0552665,51.5434424],[-0.0552652,51.543396],[-0.0553278,51.5433595]],[[-0.055259,51.5423946],[-0.0551911,51.5423436],[-0.0551886,51.5422954],[-0.0551861,51.5422467],[-0.0551834,51.5420484],[-0.0551829,51.5419921],[-0.0551907,51.5419081]],[[-0.0551907,51.5419081],[-0.0551914,51.5418864],[-0.0551911,51.5418508]],[[-0.0551911,51.5418508],[-0.0551861,51.5417199]],[[-0.0551861,51.5417199],[-0.0551847,51.5416864],[-0.0551834,51.5416427]],[[-0.0551834,51.5416427],[-0.0551767,51.5415735],[-0.0552254,51.5415377]],[[-0.0555701,51.5402821],[-0.0555315,51.5402267],[-0.0555438,51.5402089],[-0.0555696,51.5401758],[-0.0556035,51.5401326]],[[-0.0556035,51.5401326],[-0.0556792,51.5400359]],[[-0.0556792,51.5400359],[-0.055721,51.5399814]],[[-0.055721,51.5399814],[-0.0557581,51.539935]],[[-0.0557581,51.539935],[-0.0557956,51.5398873],[-0.0558737,51.5397871]],[[-0.0558737,51.5397871],[-0.0559733,51.5397637]],[[-0.0570035,51.5385546],[-0.0569768,51.5384944],[-0.0570081,51.5383961],[-0.0570221,51.538309],[-0.0570136,51.5382511],[-0.0569979,51.5381574],[-0.0569859,51.5381223]],[[-0.0569859,51.5381223],[-0.0569727,51.5380961],[-0.0569554,51.538062]],[[-0.0569554,51.538062],[-0.0569071,51.5379565]],[[-0.0570823,51.5379767],[-0.0569071,51.5379565]],[[-0.0572471,51.5379788],[-0.0572175,51.5379818],[-0.0570823,51.5379767]],[[-0.057486,51.5379413],[-0.0572471,51.5379788]],[[-0.0576441,51.5379054],[-0.057486,51.5379413]],[[-0.0580732,51.5378081],[-0.0580532,51.5378126],[-0.0579719,51.537831],[-0.0576441,51.5379054]],[[-0.0583184,51.5377613],[-0.0580732,51.5378081]],[[-0.0593588,51.5375486],[-0.059249,51.5375683],[-0.0588635,51.5376425],[-0.0587979,51.5376581],[-0.0584878,51.5377243],[-0.0583971,51.5377444],[-0.0583184,51.5377613]],[[-0.0593588,51.5375486],[-0.0595443,51.5375245],[-0.0596692,51.5375208],[-0.0599043,51.5375301],[-0.0602476,51.537548],[-0.0603332,51.5375543],[-0.0603886,51.5375606],[-0.0604875,51.5375821],[-0.0605843,51.5376143],[-0.060664,51.5376443],[-0.0607294,51.5376918],[-0.0607727,51.5377258],[-0.0608034,51.5377619]],[[-0.0608034,51.5377619],[-0.0608289,51.5378113],[-0.0608449,51.5378428],[-0.0608733,51.5378839],[-0.0609231,51.5379338],[-0.0609913,51.53798],[-0.0611091,51.5380653],[-0.0613971,51.5382716]],[[-0.0613971,51.5382716],[-0.0614622,51.5383073],[-0.0615199,51.5383331],[-0.061565,51.5383469],[-0.0616525,51.5383736],[-0.0617662,51.5383957],[-0.061812,51.5384047],[-0.0619103,51.5384329]],[[-0.0625264,51.5381304],[-0.0620501,51.5383591],[-0.0620041,51.5383833],[-0.0619103,51.5384329]],[[-0.062855,51.5379764],[-0.0627798,51.5380114],[-0.0625805,51.5381047],[-0.0625264,51.5381304]],[[-0.0631741,51.5378281],[-0.062855,51.5379764]],[[-0.0632766,51.5377762],[-0.0631741,51.5378281]],[[-0.0636641,51.5375844],[-0.0636346,51.5376004],[-0.0634157,51.5377096],[-0.0633503,51.5377409],[-0.0632766,51.5377762]],[[-0.0637232,51.5375489],[-0.0636906,51.5375685],[-0.0636641,51.5375844]],[[-0.0637232,51.5375489],[-0.0635694,51.5374313],[-0.0634878,51.5373482],[-0.0634314,51.5372784],[-0.0633986,51.5372269],[-0.0633606,51.537071],[-0.0633498,51.5368939],[-0.0633362,51.5367659],[-0.0633547,51.5367187],[-0.0634034,51.5366728]],[[-0.0634034,51.5366728],[-0.0634242,51.5366619],[-0.063456,51.5366454],[-0.0635135,51.5366311],[-0.0637156,51.5366248],[-0.0638835,51.5366195],[-0.0640394,51.536613],[-0.0640786,51.5366128],[-0.0642773,51.5366058],[-0.064642,51.536593],[-0.064856,51.5365859],[-0.0650028,51.5365794]],[[-0.0650028,51.5365794],[-0.0652985,51.5365664],[-0.0655424,51.5365557]],[[-0.0655424,51.5365557],[-0.0658709,51.5365413],[-0.0659883,51.5365405],[-0.0662781,51.5365303],[-0.066488,51.5365229],[-0.0666271,51.5365175],[-0.0668058,51.536509],[-0.0671628,51.5364925],[-0.0673261,51.536491],[-0.0675608,51.5364835],[-0.0675877,51.5364823],[-0.0678816,51.5364695],[-0.0679203,51.5364676],[-0.068355,51.5364465],[-0.0684196,51.5364443],[-0.0685397,51.5364397]],[[-0.0685397,51.5364397],[-0.0690494,51.5364209],[-0.0690722,51.5364202],[-0.0694945,51.5364067],[-0.0696226,51.5364069],[-0.0696607,51.5364065],[-0.0701288,51.53639],[-0.0702431,51.5363853]],[[-0.0702431,51.5363853],[-0.0702465,51.536451],[-0.070247,51.5364593],[-0.0702477,51.5364692],[-0.0702587,51.5366042]],[[-0.0702587,51.5366042],[-0.0702843,51.5370329]],[[-0.0702843,51.5370329],[-0.0702924,51.537147],[-0.0702986,51.5372612],[-0.0703073,51.5374853]],[[-0.0703073,51.5374853],[-0.0703066,51.5375433]],[[-0.0703066,51.5375433],[-0.070306,51.5375974]],[[-0.070306,51.5375974],[-0.0703057,51.5376323],[-0.0703056,51.537645],[-0.0703057,51.5377144]],[[-0.0703057,51.5377144],[-0.0703058,51.5377424]],[[-0.0703058,51.5377424],[-0.0703059,51.5377997],[-0.070306,51.5378275]],[[-0.070306,51.5378275],[-0.070305,51.5378778]],[[-0.070305,51.5378778],[-0.0703042,51.5379166],[-0.0703035,51.5379524]],[[-0.0703035,51.5379524],[-0.070301,51.5380555],[-0.070296,51.538169],[-0.0702583,51.5386147],[-0.0702524,51.5387092],[-0.0702421,51.5388263]],[[-0.0702421,51.5388263],[-0.0702237,51.5389517],[-0.0702203,51.5389969],[-0.0702103,51.5390732],[-0.0702024,51.5391375]],[[-0.0702024,51.5391375],[-0.0701977,51.5391911]],[[-0.0701977,51.5391911],[-0.0701948,51.5392313]],[[-0.0701948,51.5392313],[-0.0701847,51.5393347]],[[-0.0701847,51.5393347],[-0.0701824,51.5393831]],[[-0.0701824,51.5393831],[-0.070173,51.5395046]],[[-0.070173,51.5395046],[-0.0701673,51.5395643]],[[-0.0701673,51.5395643],[-0.0701589,51.539671]],[[-0.0701589,51.539671],[-0.0701426,51.5397948],[-0.0701353,51.539879]],[[-0.0701353,51.539879],[-0.0701274,51.5399466]],[[-0.0701274,51.5399466],[-0.0701166,51.5401179],[-0.0701127,51.5402009],[-0.0701178,51.5402485],[-0.0701192,51.540254]],[[-0.0701192,51.540254],[-0.0701176,51.5402835],[-0.0701148,51.5403244]],[[-0.0701148,51.5403244],[-0.070103,51.5404155],[-0.0700934,51.540505]],[[-0.0700934,51.540505],[-0.0700928,51.5405498],[-0.0700908,51.5405772]],[[-0.0700908,51.5405772],[-0.0700901,51.5405943],[-0.0700648,51.54083],[-0.0700465,51.5410599],[-0.0700449,51.5410778],[-0.0700083,51.5415401],[-0.0699911,51.5416688],[-0.0699719,51.5418922],[-0.0699511,51.5421124]],[[-0.0699511,51.5421124],[-0.0699449,51.5421997]],[[-0.0699449,51.5421997],[-0.0699358,51.5423776]],[[-0.0699358,51.5423776],[-0.0699342,51.5423884]],[[-0.0699342,51.5423884],[-0.0699282,51.5424924]],[[-0.0699282,51.5424924],[-0.0699183,51.5427968],[-0.0699176,51.5428298]],[[-0.0699176,51.5428298],[-0.0699159,51.5428463],[-0.0699154,51.5428846],[-0.0699143,51.5430478]],[[-0.0699143,51.5430478],[-0.0699086,51.5431285],[-0.0699038,51.5431703],[-0.0699006,51.5432162],[-0.0698837,51.5435069]],[[-0.0698837,51.5435069],[-0.0698617,51.5439397]],[[-0.0698617,51.5439397],[-0.0698603,51.5440077],[-0.0698539,51.5440932],[-0.0698373,51.5442549]],[[-0.0698373,51.5442549],[-0.0698352,51.544275]],[[-0.0698352,51.544275],[-0.0698255,51.5445143],[-0.0698192,51.5449288],[-0.0698082,51.5451193]],[[-0.0698082,51.5451193],[-0.0697944,51.5453587],[-0.0697895,51.5455979],[-0.0697876,51.5456076],[-0.0697558,51.5457662]],[[-0.0697558,51.5457662],[-0.0696697,51.5460751]],[[-0.0696697,51.5460751],[-0.0696346,51.5461806],[-0.0696135,51.5462315],[-0.0695797,51.5463248]],[[-0.0694968,51.5465724],[-0.0695333,51.5464764],[-0.0695496,51.5464346],[-0.0695659,51.5463768],[-0.0695797,51.5463248]],[[-0.0694968,51.5465724],[-0.0693327,51.5468528]],[[-0.0693327,51.5468528],[-0.0692708,51.5469989],[-0.0691889,51.5472026],[-0.0691597,51.5472882],[-0.0691468,51.5473307],[-0.0691547,51.5473702],[-0.0691547,51.5474118]],[[-0.0691547,51.5474118],[-0.0691332,51.5474448],[-0.0690491,51.5475249],[-0.0690261,51.5475599],[-0.0689892,51.5476162]],[[-0.0689892,51.5476162],[-0.0689057,51.5477556]],[[-0.0689057,51.5477556],[-0.0688733,51.5478033],[-0.0688466,51.5478425]],[[-0.0688466,51.5478425],[-0.0687664,51.5479647],[-0.0687191,51.5480167],[-0.0686724,51.5480636]],[[-0.0686724,51.5480636],[-0.068773,51.5480923],[-0.0688587,51.5481039],[-0.0689339,51.5481004],[-0.0693968,51.5480875],[-0.0697194,51.5480784],[-0.070106,51.5480676],[-0.0703501,51.5480608],[-0.0707489,51.5480498],[-0.0707959,51.5480554],[-0.0708372,51.5480691]],[[-0.0708372,51.5480691],[-0.070865,51.5480904],[-0.0708747,51.5481169],[-0.0708876,51.5482638],[-0.0708937,51.5483332]],[[-0.0708937,51.5483332],[-0.0709284,51.5484853]],[[-0.0709284,51.5484853],[-0.0709558,51.5488676]],[[-0.0709558,51.5488676],[-0.0709586,51.5489026],[-0.0709668,51.5490071],[-0.0709743,51.5491039],[-0.0709769,51.5491368]],[[-0.0709769,51.5491368],[-0.0710067,51.54963]],[[-0.0710067,51.54963],[-0.0710092,51.5496759],[-0.0710144,51.5497726],[-0.0710202,51.5498789],[-0.071023,51.54993]],[[-0.071023,51.54993],[-0.0710377,51.5501341],[-0.0710522,51.5502241],[-0.0710559,51.5502471],[-0.0710827,51.5503219],[-0.0711289,51.5503901],[-0.0711709,51.550443],[-0.0712108,51.5504874],[-0.0712611,51.550543],[-0.0713213,51.5505932],[-0.0714117,51.5506554],[-0.071486,51.5507029]],[[-0.071486,51.5507029],[-0.0715329,51.5507267]],[[-0.0715329,51.5507267],[-0.0715703,51.5507425],[-0.0719708,51.5508815]],[[-0.0719708,51.5508815],[-0.0721381,51.5509461],[-0.0723544,51.5510442],[-0.0724318,51.5510968],[-0.0724888,51.5511419]],[[-0.0745015,51.550711],[-0.0743524,51.5507289],[-0.0740722,51.5507641],[-0.0737617,51.5508091],[-0.0732993,51.5508859],[-0.0730411,51.5509599],[-0.072981,51.5509798],[-0.0727643,51.5510538],[-0.0724888,51.5511419]],[[-0.0746817,51.5506923],[-0.0745015,51.550711]],[[-0.0747804,51.5506774],[-0.0746817,51.5506923]],[[-0.0748327,51.5506695],[-0.0747804,51.5506774]],[[-0.0751244,51.5506122],[-0.0750481,51.5506346],[-0.0749469,51.550652],[-0.074897,51.5506597],[-0.0748327,51.5506695]],[[-0.0766718,51.5499705],[-0.0762188,51.5502345],[-0.0761137,51.5502868],[-0.0758923,51.5503766],[-0.0757676,51.5504212],[-0.0753908,51.5505388],[-0.0753306,51.550557],[-0.0752526,51.5505788],[-0.0751244,51.5506122]],[[-0.0767496,51.5499251],[-0.0766718,51.5499705]],[[-0.0768938,51.5498497],[-0.0767496,51.5499251]],[[-0.0770196,51.5497753],[-0.0768938,51.5498497]],[[-0.0770468,51.5497599],[-0.0770196,51.5497753]],[[-0.077102,51.5497286],[-0.0770813,51.5497403],[-0.0770468,51.5497599]],[[-0.0771741,51.5496921],[-0.077102,51.5497286]],[[-0.0772428,51.5496598],[-0.0771741,51.5496921]],[[-0.0774067,51.5495948],[-0.0772428,51.5496598]],[[-0.0775705,51.549532],[-0.077507,51.549555],[-0.0774067,51.5495948]],[[-0.0776781,51.5494925],[-0.0775705,51.549532]],[[-0.0776781,51.5494925],[-0.077747,51.549589],[-0.0777531,51.5495971]],[[-0.0777531,51.5495971],[-0.0777628,51.5496089],[-0.0778107,51.5496678],[-0.0779222,51.5498348],[-0.0779788,51.5499196],[-0.0780056,51.5499596],[-0.0780515,51.5500286],[-0.0780771,51.5500763],[-0.0781601,51.5501976]],[[-0.0781601,51.5501976],[-0.0781882,51.5502443],[-0.0782382,51.5503061],[-0.0783875,51.5505274]],[[-0.0783875,51.5505274],[-0.0784065,51.5505573],[-0.0785107,51.5507244],[-0.0785387,51.5507895],[-0.0785895,51.5508702],[-0.078672,51.5509838],[-0.0787603,51.5510796],[-0.0787834,51.5511094],[-0.0789105,51.5512416],[-0.0790153,51.5513493]],[[-0.0790153,51.5513493],[-0.079101,51.5514362]],[[-0.079101,51.5514362],[-0.0792488,51.5515674],[-0.0792795,51.5515946]],[[-0.0792795,51.5515946],[-0.0793224,51.5516283],[-0.0793521,51.5516501]],[[-0.0793521,51.5516501],[-0.0793874,51.5516756],[-0.0794068,51.5516891]],[[-0.0794921,51.5517426],[-0.0794584,51.5517239],[-0.0794265,51.5517029],[-0.0794068,51.5516891]],[[-0.0795299,51.5517615],[-0.0794921,51.5517426]],[[-0.0804698,51.55193],[-0.0802097,51.5519077],[-0.0800632,51.5518876],[-0.0799576,51.5518724],[-0.0798115,51.5518408],[-0.0797158,51.5518288],[-0.0796389,51.5518067],[-0.079573,51.5517834],[-0.0795299,51.5517615]],[[-0.0811609,51.5519926],[-0.0810107,51.5519786],[-0.0809574,51.5519736],[-0.0808394,51.5519625],[-0.0804698,51.55193]],[[-0.0814678,51.5520193],[-0.0814184,51.5520157],[-0.0813664,51.5520119],[-0.0813036,51.5520074],[-0.0811609,51.5519926]],[[-0.08349113749825333,51.55214972237389],[-0.0834663,51.5521513],[-0.0832225,51.5521464],[-0.0828607,51.5521212],[-0.0827397,51.5521112],[-0.08241765839697997,51.55208607298186],[-0.0823834,51.5520834]],[[-0.0818248,51.5520478],[-0.08175244660582541,51.5520423227305],[-0.081554,51.5520273],[-0.0814989,51.5520222],[-0.0814678,51.5520193]],[[-0.0301074,51.5447759],[-0.0300463,51.5447434],[-0.0299964,51.5447167],[-0.0299305,51.5446781]],[[-0.0302615,51.5448511],[-0.0301647,51.5448066],[-0.0301074,51.5447759]],[[-0.0302615,51.5448511],[-0.0303393,51.5448245],[-0.0304352,51.5448179],[-0.0305272,51.544812],[-0.030619,51.5448029],[-0.030915,51.5447641]],[[-0.030915,51.5447641],[-0.031101,51.5447462],[-0.0311632,51.5447405],[-0.0313447,51.5447256]],[[-0.0313447,51.5447256],[-0.0318179,51.5447172]],[[-0.0318179,51.5447172],[-0.0319366,51.5447187],[-0.032173,51.5447283]],[[-0.032173,51.5447283],[-0.0323936,51.5447421],[-0.0325883,51.5447543]],[[-0.0325883,51.5447543],[-0.032719,51.5447617],[-0.032782,51.544764],[-0.0329148,51.5447749],[-0.0330536,51.5447908]],[[-0.0330536,51.5447908],[-0.0330827,51.5447942]],[[-0.0330827,51.5447942],[-0.0332056,51.5448173],[-0.0333131,51.5448386],[-0.0334083,51.5448558]],[[-0.0334083,51.5448558],[-0.033597,51.5448832],[-0.0348267,51.5450455]],[[-0.0348267,51.5450455],[-0.0353024,51.5451021],[-0.0353611,51.5451095],[-0.035507,51.5451303],[-0.0355882,51.5451603]],[[-0.0355882,51.5451603],[-0.0357774,51.5451824]],[[-0.0357774,51.5451824],[-0.0358799,51.5451886],[-0.0359915,51.5451939]],[[-0.0359915,51.5451939],[-0.0360463,51.5451949],[-0.0360726,51.5451954]],[[-0.0360726,51.5451954],[-0.036105,51.545196]],[[-0.036105,51.545196],[-0.0362724,51.5451988],[-0.0364207,51.5451993],[-0.0365891,51.5451981],[-0.0367211,51.5451958],[-0.0368545,51.5451932]],[[-0.0368545,51.5451932],[-0.0370384,51.5451941],[-0.0371238,51.5451935],[-0.0380051,51.5451858]],[[-0.0380051,51.5451858],[-0.0384019,51.5451876],[-0.0385287,51.5451894],[-0.0385841,51.5451894],[-0.0391207,51.5451946],[-0.0394907,51.5451998],[-0.0398656,51.5452105],[-0.0401041,51.545216],[-0.0404103,51.5452231],[-0.0405513,51.5452249],[-0.0407032,51.5452309],[-0.040939,51.5452367],[-0.0411787,51.5452441]],[[-0.0411787,51.5452441],[-0.0412667,51.5452457],[-0.0414663,51.5452494],[-0.0415149,51.5452498],[-0.0415853,51.5452504]],[[-0.0415853,51.5452504],[-0.0417054,51.5452471]],[[-0.0417054,51.5452471],[-0.0418668,51.54524],[-0.0419203,51.5452334]],[[-0.0419203,51.5452334],[-0.0419616,51.5452283],[-0.0423085,51.545188]],[[-0.0423085,51.545188],[-0.0423781,51.5451784],[-0.0428785,51.5450968],[-0.0431541,51.5450595],[-0.043527,51.5450032],[-0.0437007,51.5449871],[-0.0437273,51.5449839],[-0.0440538,51.5449752],[-0.0441749,51.5449705],[-0.0450085,51.5449681],[-0.0450687,51.544968],[-0.0451615,51.5449681],[-0.0454742,51.5449688],[-0.0455363,51.5449649]],[[-0.0455363,51.5449649],[-0.0455753,51.5449649]],[[-0.0455753,51.5449649],[-0.0455914,51.5449636],[-0.0456106,51.5449615],[-0.0456279,51.5449597]],[[-0.0456279,51.5449597],[-0.04569,51.5449518],[-0.0457343,51.5449433],[-0.0457671,51.5449348],[-0.0458568,51.5449052],[-0.0459257,51.5448815]],[[-0.0460508,51.5450397],[-0.0460444,51.5450198],[-0.0460175,51.5449777],[-0.0459939,51.544948],[-0.0459689,51.54492],[-0.0459257,51.5448815]],[[-0.0476761,51.546793],[-0.0476077,51.5467883],[-0.0475392,51.54678],[-0.047476,51.5467698],[-0.0474213,51.5467601],[-0.0473102,51.5467359],[-0.0472198,51.5467082],[-0.0471493,51.5466832],[-0.0470449,51.5466344],[-0.04694,51.5465519],[-0.0469097,51.5465196],[-0.0468436,51.5464494],[-0.046741,51.5463009],[-0.0466281,51.5461192],[-0.0465554,51.5460009],[-0.0464271,51.5458174],[-0.0462407,51.5456189],[-0.0461755,51.5455337],[-0.0461347,51.545461],[-0.0461158,51.5454123],[-0.0461095,51.5453811],[-0.0460911,51.545249],[-0.0460772,51.5451407],[-0.0460623,51.5450773],[-0.0460508,51.5450397]],[[-0.0596531,51.5495466],[-0.0596088,51.5495449]],[[-0.0598273,51.5495533],[-0.0596531,51.5495466]],[[-0.0598595,51.5495545],[-0.0598273,51.5495533]],[[-0.059877,51.549548],[-0.0598595,51.5495545]],[[-0.0600656,51.5494658],[-0.0599782,51.5495029],[-0.059877,51.549548]],[[-0.0604978,51.5492315],[-0.0604368,51.5492676],[-0.0602737,51.5493563],[-0.060197,51.5493959],[-0.0601706,51.549411],[-0.0601431,51.5494257],[-0.0600793,51.5494596],[-0.0600656,51.5494658]],[[-0.0606076,51.5491754],[-0.0604978,51.5492315]],[[-0.0611033,51.5489835],[-0.0609241,51.5490427],[-0.0607144,51.5491258],[-0.0606076,51.5491754]],[[-0.061499,51.5488537],[-0.0613658,51.5488973],[-0.0612738,51.5489276],[-0.0611523,51.5489675],[-0.0611033,51.5489835]],[[-0.0619728,51.5486956],[-0.0619139,51.5487157],[-0.0617715,51.5487642],[-0.0617482,51.548772],[-0.0617265,51.5487792],[-0.0616999,51.5487879],[-0.061499,51.5488537]],[[-0.0627129,51.5484509],[-0.0625264,51.5485069],[-0.0619728,51.5486956]],[[-0.067411,51.5482981],[-0.0672994,51.5483049],[-0.0670372,51.5483114],[-0.0668721,51.5483125],[-0.0668322,51.5483133],[-0.0666529,51.5483128],[-0.0664164,51.5483097],[-0.0662157,51.548309],[-0.0659141,51.5483066],[-0.0658455,51.5483071],[-0.0655126,51.548303],[-0.0653438,51.5483111],[-0.0650475,51.5483226],[-0.0647847,51.5483368],[-0.0647317,51.5483391],[-0.0644037,51.5483653],[-0.0642092,51.5483703],[-0.0641042,51.5483654],[-0.0640672,51.5483594],[-0.0640283,51.5483532],[-0.0639174,51.5483349],[-0.0638567,51.5483272],[-0.0637996,51.5483186],[-0.0636298,51.5482984],[-0.063502,51.5482975],[-0.0633796,51.5483039],[-0.0633004,51.548313],[-0.0631094,51.5483441],[-0.0628416,51.5484123],[-0.0627129,51.5484509]],[[-0.0675191,51.5482877],[-0.067411,51.5482981]],[[-0.0681099,51.54823],[-0.0677049,51.5482698],[-0.0675191,51.5482877]],[[-0.0683787,51.5481908],[-0.0683151,51.5482029],[-0.0681099,51.54823]],[[-0.0686724,51.5480636],[-0.0685864,51.5481309],[-0.0685005,51.5481677],[-0.0683787,51.5481908]],[[-0.0695797,51.5463248],[-0.0697334,51.5462917],[-0.0698439,51.5462678],[-0.0699357,51.5462784]],[[-0.0699906,51.5462613],[-0.0699357,51.5462784]],[[-0.0709067,51.5462346],[-0.0706469,51.5462217],[-0.0703649,51.5462155],[-0.0701988,51.5462207],[-0.0699906,51.5462613]],[[-0.0730209,51.5462493],[-0.0726516,51.5462482],[-0.0724516,51.5462477],[-0.0723805,51.5462475],[-0.0723151,51.5462472],[-0.0720932,51.5462494],[-0.0717674,51.5462526],[-0.071423,51.5462489],[-0.0709067,51.5462346]],[[-0.0743199,51.546246],[-0.074114,51.5462464],[-0.073661,51.5462473],[-0.0735737,51.5462463],[-0.0735438,51.5462459],[-0.0733749,51.5462475],[-0.0730209,51.5462493]],[[-0.074546,51.5462443],[-0.0745076,51.5462444],[-0.0744704,51.5462445],[-0.0744316,51.5462449],[-0.0743199,51.546246]],[[-0.075646,51.5461993],[-0.075488,51.5462389],[-0.0754275,51.5462397],[-0.0753553,51.5462421],[-0.0751084,51.5462376],[-0.074546,51.5462443]],[[-0.075646,51.5461993],[-0.0758085,51.5461313],[-0.0758573,51.5461243],[-0.0759182,51.5461178],[-0.0759924,51.5461095],[-0.0761247,51.5460993],[-0.0763066,51.5460845],[-0.0765181,51.5460728],[-0.0766082,51.5460706]],[[-0.0766082,51.5460706],[-0.0767229,51.5460679]],[[-0.0767229,51.5460679],[-0.0768743,51.5460743],[-0.0771284,51.5460903]],[[-0.0771284,51.5460903],[-0.0772489,51.546106]],[[-0.0772489,51.546106],[-0.0775356,51.546133]],[[-0.0775356,51.546133],[-0.0776519,51.546144],[-0.0777338,51.5461522]],[[-0.0777338,51.5461522],[-0.077833,51.5461626],[-0.0781639,51.546196]],[[-0.0781639,51.546196],[-0.0783844,51.5462185]],[[-0.0783844,51.5462185],[-0.0785682,51.5462372],[-0.0790716,51.5462813]],[[-0.0790716,51.5462813],[-0.0792319,51.5462953]],[[-0.0792319,51.5462953],[-0.0793489,51.5463001],[-0.0795961,51.5463194],[-0.0798895,51.5463423],[-0.0805345,51.5463949],[-0.0806059,51.5463999],[-0.0807146,51.5464074]],[[-0.0807146,51.5464074],[-0.0808458,51.5464165]],[[-0.0808458,51.5464165],[-0.080896,51.54642],[-0.0809553,51.5464241],[-0.081037,51.5464298]],[[-0.081037,51.5464298],[-0.0811905,51.5464422],[-0.08146156056934552,51.546463960835766]],[[-0.08377085636167522,51.54658294222682],[-0.0837827,51.5465825]],[[-0.0837827,51.5465825],[-0.08381586947156015,51.54658076693899]],[[-0.0962634,51.5704843],[-0.09625825120917068,51.57051123661191]],[[-0.09610150103132319,51.57069660839947],[-0.0960618,51.5707236]],[[-0.0960618,51.5707236],[-0.0959114,51.5708117]],[[-0.0959114,51.5708117],[-0.095834,51.570856],[-0.095729,51.5708883]],[[-0.095729,51.5708883],[-0.0955236,51.5709532]],[[-0.0955236,51.5709532],[-0.0954534,51.5709764],[-0.0948579,51.5711778],[-0.0946901,51.5712344]],[[-0.0946901,51.5712344],[-0.0945216,51.5712892],[-0.0940322,51.5714482]],[[-0.0940322,51.5714482],[-0.0926909,51.571884],[-0.0925641,51.5719252],[-0.0913831,51.572309],[-0.0913363,51.5723242]],[[-0.0913363,51.5723242],[-0.090973,51.5724449]],[[-0.090973,51.5724449],[-0.09091,51.5724655]],[[-0.09091,51.5724655],[-0.0908587,51.5724833],[-0.0907282,51.5725284],[-0.0905895,51.5725764],[-0.089825,51.5728409],[-0.0897691,51.5728602]],[[-0.0897691,51.5728602],[-0.0876998,51.5735986],[-0.0874326,51.5736996]],[[-0.0874326,51.5736996],[-0.0873745,51.5737265],[-0.0872582,51.5737804],[-0.08711,51.5738647],[-0.0869642,51.5739476],[-0.0868491,51.5740296]],[[-0.0868491,51.5740296],[-0.0866313,51.5741848]],[[-0.0866313,51.5741848],[-0.0863984,51.5743754],[-0.0863175,51.5744007]],[[-0.0863175,51.5744007],[-0.086275,51.5744376],[-0.0862533,51.5744549]],[[-0.0862533,51.5744549],[-0.0861991,51.5745067]],[[-0.0861991,51.5745067],[-0.0860998,51.5746091],[-0.0860777,51.574631]],[[-0.0860777,51.574631],[-0.0860583,51.5746479],[-0.0858876,51.5748195],[-0.0857559,51.5749495],[-0.085695,51.5750092]],[[-0.085695,51.5750092],[-0.0856634356030325,51.5750401215827]],[[-0.0420798,51.5486489],[-0.0422778,51.5486155],[-0.0424309,51.5485869],[-0.0426487,51.5485448],[-0.0427228,51.5485296],[-0.0428443,51.5485062],[-0.0431509,51.5484457],[-0.0432855,51.5484191],[-0.0434926,51.5483777]],[[-0.0430314,51.5502348],[-0.043051,51.5502711],[-0.0430794,51.5503254],[-0.0431211,51.5503978],[-0.0431732,51.550489],[-0.0432366,51.5505962],[-0.0433035,51.550712],[-0.0433312,51.5507612],[-0.0433629,51.5508142],[-0.0435171,51.5510793],[-0.0435742,51.5511756],[-0.0436408,51.5512918],[-0.043668,51.5513392],[-0.0437206,51.5514346],[-0.0438287,51.5516306]],[[-0.0438287,51.5516306],[-0.0438404,51.5516524],[-0.0438955,51.5517549],[-0.0440033,51.5519453]],[[-0.0440033,51.5519453],[-0.0440376,51.552006]],[[-0.0440376,51.552006],[-0.0440823,51.5520883],[-0.0443698,51.5526689]],[[-0.0443698,51.5526689],[-0.0442649,51.552689],[-0.0428755,51.5529549],[-0.042325,51.5530625],[-0.0413983,51.5532401]],[[-0.0413983,51.5532401],[-0.041531,51.553494]],[[-0.041531,51.553494],[-0.0414773,51.5535062],[-0.0410222,51.5535969],[-0.0405233,51.5536963],[-0.0401746,51.5537695],[-0.0400963,51.5537849],[-0.0399543,51.5538129],[-0.0396301,51.5538767],[-0.0392946,51.553946],[-0.0391855,51.5539707],[-0.0390698,51.553997],[-0.0387621,51.5540565],[-0.038703,51.5540679],[-0.0385422,51.554099],[-0.0384884,51.5541094],[-0.0381422,51.5541764],[-0.0379669,51.5542103],[-0.0379244,51.5542125],[-0.0378885,51.5542123],[-0.0378501,51.5542067],[-0.0378388,51.5542051],[-0.0377991,51.5542038]],[[-0.0377991,51.5542038],[-0.037761,51.5542116],[-0.0377369,51.5542239],[-0.0377155,51.5542411],[-0.0372417,51.554626]],[[-0.0372417,51.554626],[-0.0371596,51.5546927],[-0.0368819,51.5549248]],[[-0.0398243,51.5580497],[-0.0396826,51.5579619],[-0.0396793,51.5579599],[-0.0395727,51.5578777],[-0.0395441,51.5578419],[-0.0392173,51.5572122],[-0.0389989,51.5567913],[-0.0389921,51.5567759],[-0.0386513,51.5560015],[-0.0386127,51.5559461],[-0.0385806,51.5559113],[-0.0385387,51.5558775],[-0.0382138,51.5556999],[-0.0379248,51.5555323],[-0.0372882,51.5551665],[-0.0368819,51.5549248]],[[-0.0398789,51.5580666],[-0.0398243,51.5580497]],[[-0.0435561,51.5573366],[-0.0434177,51.5573692],[-0.0432875,51.5573946],[-0.0429982,51.5574435],[-0.0426647,51.5574998],[-0.0425522,51.5575188],[-0.042299,51.5575615],[-0.0420063,51.5576109],[-0.0416914,51.5576641],[-0.0413246,51.5577347],[-0.0412618,51.5577498],[-0.0410765,51.5577957],[-0.0408056,51.5578629],[-0.0404848,51.5579425],[-0.0402746,51.5579917],[-0.0400558,51.5580428],[-0.0399592,51.5580604],[-0.0399112,51.5580679],[-0.0398789,51.5580666]],[[-0.0440191,51.5572463],[-0.0436652,51.5573097],[-0.0436208,51.5573199],[-0.0435561,51.5573366]],[[-0.0463653,51.5570012],[-0.0463009,51.5570061],[-0.0461997,51.5570154],[-0.0454317,51.5570831],[-0.0444902,51.5571789],[-0.0440191,51.5572463]],[[-0.0464601,51.5569881],[-0.0463653,51.5570012]],[[-0.0464601,51.5569881],[-0.0464591,51.5569501],[-0.0464549,51.5569057],[-0.0464445,51.5568567]],[[-0.0464445,51.5568567],[-0.0464255,51.5568057]],[[-0.0464255,51.5568057],[-0.0464928,51.5567933],[-0.0465236,51.5567845],[-0.0465559,51.5567756]],[[-0.0465559,51.5567756],[-0.0465739,51.5567697]],[[-0.0465739,51.5567697],[-0.0466096,51.5567516],[-0.0466453,51.5567269]],[[-0.0466453,51.5567269],[-0.0466738,51.5566953]],[[-0.0466738,51.5566953],[-0.0466944,51.5566593],[-0.0467692,51.5565801],[-0.0473891,51.5559244],[-0.0479548,51.5552986],[-0.0483468,51.554865],[-0.0484413,51.5547591],[-0.048728,51.5544412],[-0.048918,51.5542305]],[[-0.048918,51.5542305],[-0.0490045,51.5541363],[-0.0491635,51.5539633],[-0.0495157,51.5535803]],[[-0.0495157,51.5535803],[-0.0495393,51.5535329],[-0.0495367,51.5534935],[-0.0495248,51.5534055]],[[-0.0495248,51.5534055],[-0.0495144,51.5533641]],[[-0.0495144,51.5533641],[-0.0494994,51.5533141]],[[-0.0494994,51.5533141],[-0.0494853,51.5532471],[-0.0494052,51.5529283],[-0.0493525,51.5527182]],[[-0.0493525,51.5527182],[-0.0492939,51.5524588],[-0.0492263,51.5521802],[-0.0492243,51.5521549],[-0.0492274,51.5521327]],[[-0.0492274,51.5521327],[-0.0492514,51.5520886],[-0.0492841,51.5520455],[-0.049352,51.5519914],[-0.0494059,51.5519557],[-0.0494587,51.5519198]],[[-0.0494587,51.5519198],[-0.049633,51.5518415],[-0.0497893,51.5517906],[-0.0500111,51.551744],[-0.0501794,51.5517172]],[[-0.0501794,51.5517172],[-0.0505189,51.5516601],[-0.0507421,51.5516069],[-0.0510151,51.5515394]],[[-0.0510151,51.5515394],[-0.0513993,51.5514509]],[[-0.0513993,51.5514509],[-0.051513,51.5513995],[-0.0515641,51.551373],[-0.0515703,51.5513695],[-0.0516333,51.5513344]],[[-0.0515616,51.5511652],[-0.0515256,51.5511378],[-0.0514997,51.5510937],[-0.0514874,51.55107],[-0.0514827,51.5510559]],[[-0.0514827,51.5510559],[-0.051443,51.5509862]],[[-0.051443,51.5509862],[-0.0514055,51.5509356]],[[-0.0514055,51.5509356],[-0.0514883,51.550909]],[[-0.0514883,51.550909],[-0.051629,51.550868],[-0.0516787,51.5508569],[-0.0518308,51.5508438],[-0.0520059,51.5508403]],[[-0.0546385,51.5496291],[-0.0546712,51.5495879],[-0.0547081,51.5495731],[-0.0548045,51.5495467],[-0.054834,51.5495416],[-0.0548739,51.5495342]],[[-0.0548739,51.5495342],[-0.0548896,51.5495312],[-0.0550065,51.5495254],[-0.0551392,51.5495188],[-0.0552034,51.5495396]],[[-0.0560743,51.5476399],[-0.0560185,51.5476426],[-0.0559893,51.5476295],[-0.0557836,51.5475372],[-0.0556991,51.5474993]],[[-0.0556991,51.5474993],[-0.0554113,51.5473724],[-0.0552423,51.5472979],[-0.0552282,51.5472717]],[[-0.0550416,51.5469381],[-0.0550097,51.5468889],[-0.0550189,51.5468011]],[[-0.0550189,51.5468011],[-0.0550231,51.5467613],[-0.0550277,51.5467284]],[[-0.0550277,51.5467284],[-0.055034,51.5466652]],[[-0.0551483,51.5466698],[-0.055034,51.5466652]],[[-0.0557531,51.546657],[-0.0554718,51.5466709],[-0.055312,51.5466765],[-0.0552642,51.5466745],[-0.0551483,51.5466698]],[[-0.0563692,51.5466211],[-0.0562413,51.5466308],[-0.0560191,51.5466424],[-0.0558703,51.5466502],[-0.0557682,51.5466563],[-0.0557531,51.546657]],[[-0.056513,51.5466095],[-0.0564384,51.5466159],[-0.0563692,51.5466211]],[[-0.0597274,51.5464559],[-0.059597,51.5464689],[-0.0593782,51.5464804],[-0.0589512,51.5464905],[-0.0580159,51.5465322],[-0.0567756,51.5465882],[-0.0567229,51.5465914],[-0.056513,51.5466095]],[[-0.0600592,51.5464115],[-0.0599442,51.5464281],[-0.0598038,51.5464483],[-0.0597274,51.5464559]],[[-0.0636311,51.5457876],[-0.0635693,51.5457887],[-0.0634121,51.5458025],[-0.0633556,51.5458105],[-0.0632824,51.545821],[-0.0632215,51.5458314],[-0.0625039,51.5459544],[-0.0624043,51.545976],[-0.0616907,51.5461123],[-0.0611543,51.5462188],[-0.0610902,51.5462315],[-0.0610312,51.5462426],[-0.0607028,51.5463038],[-0.0606711,51.5463097],[-0.0603742,51.5463595],[-0.0600592,51.5464115]],[[-0.0637049,51.5457893],[-0.0636311,51.5457876]],[[-0.068928,51.5462519],[-0.0686837,51.546215],[-0.0683818,51.5461694],[-0.0681633,51.5461379],[-0.0679589,51.5461085],[-0.0675384,51.5460629],[-0.0669214,51.5460125],[-0.0658632,51.5459425],[-0.0645641,51.5458539],[-0.0638598,51.545799],[-0.0637049,51.5457893]],[[-0.0694806,51.5463459],[-0.0694603,51.5463419],[-0.0693829,51.5463281],[-0.068928,51.5462519]],[[-0.0694806,51.5463459],[-0.0695121,51.5463357],[-0.069547,51.5463286],[-0.0695797,51.5463248]],[[-0.0776333,51.5255986],[-0.0775686,51.5255169],[-0.0775251,51.5254547],[-0.0775063,51.5254234]],[[-0.0775063,51.5254234],[-0.0774733,51.5253685],[-0.0774581,51.5253379]],[[-0.0774581,51.5253379],[-0.077446,51.525314],[-0.0774117,51.5252186],[-0.0773886,51.525153],[-0.0773455,51.5249936],[-0.0773329,51.524915]],[[-0.0774611,51.5231017],[-0.0774387,51.5230001],[-0.0774448,51.5229639],[-0.0774487,51.5229174],[-0.0774458,51.5228834]],[[-0.0774458,51.5228834],[-0.0774429,51.5228481],[-0.0774236,51.5227997]],[[-0.0774236,51.5227997],[-0.0773663,51.5227603],[-0.0773475,51.5227202]],[[-0.0773475,51.5227202],[-0.0771219,51.5225432]],[[-0.0771219,51.5225432],[-0.0768819,51.5223719]],[[-0.0768819,51.5223719],[-0.0768454,51.5223448],[-0.076647,51.5221984]],[[-0.076647,51.5221984],[-0.0764809,51.5220762],[-0.07645960999528238,51.522058239296435]],[[-0.0438121,51.536639],[-0.0436455,51.5365847],[-0.0435069,51.5365344],[-0.04349833445118619,51.53653093497216]],[[-0.0448897,51.5379772],[-0.0448524,51.5379202],[-0.0447081,51.5375728],[-0.0447005,51.537553],[-0.0446355,51.5373738],[-0.0446169,51.5373141],[-0.0445603,51.5371685],[-0.0445179,51.5370799],[-0.0444639,51.5369829],[-0.0444465,51.5369589],[-0.0443895,51.5368951],[-0.0443184,51.5368261],[-0.044251,51.5367788],[-0.0441705,51.53674],[-0.0438916,51.5366592],[-0.0438121,51.536639]],[[-0.0448897,51.5379772],[-0.0449526,51.5379682],[-0.0450158,51.5379759],[-0.04507,51.5379988],[-0.0451099,51.538028]],[[-0.0451099,51.538028],[-0.045129,51.5380633],[-0.0451287,51.5380927],[-0.0451101,51.5381311],[-0.0450761,51.5381599],[-0.045025,51.5381818],[-0.0450079,51.5381858]],[[-0.045669,51.5396622],[-0.0456131,51.5395345],[-0.0455563,51.5394027],[-0.0453362,51.5389188],[-0.0453266,51.5388976],[-0.0452159,51.5386543],[-0.0451239,51.5384512],[-0.0450332,51.5382511],[-0.0450079,51.5381858]],[[-0.045669,51.5396622],[-0.0457382,51.5397221],[-0.0457996,51.5397632],[-0.0459092,51.5397726]],[[-0.0459092,51.5397726],[-0.0460189,51.5397756],[-0.046186,51.5397925],[-0.0463173,51.5398238],[-0.0465073,51.5399173],[-0.0465479,51.5399438],[-0.046614,51.5400626],[-0.0466209,51.540073],[-0.0467084,51.5401974],[-0.0467994,51.5403072],[-0.0469655,51.5405112],[-0.0471541,51.5407611],[-0.0472208,51.5408427],[-0.0473696,51.5410262]],[[-0.0473696,51.5410262],[-0.0474384,51.5410942],[-0.0474676,51.5411432]],[[-0.0475521,51.5412128],[-0.0475353,51.5411902],[-0.0475162,51.5411733],[-0.0474857,51.5411534],[-0.0474676,51.5411432]],[[-0.0475521,51.5412128],[-0.0476052,51.5412304],[-0.0476853,51.5412713],[-0.0477425,51.5413085],[-0.0479075,51.541431],[-0.0479701,51.5414664],[-0.0479757,51.5414696],[-0.0480161,51.541486],[-0.0480741,51.5415033],[-0.0481441,51.5415209],[-0.048219,51.5415355],[-0.0483671,51.5415616],[-0.0485449,51.541594],[-0.0485962,51.541604],[-0.0486133,51.5416073],[-0.0486612,51.5416164]],[[-0.0486612,51.5416164],[-0.0487168,51.5416197],[-0.048738,51.5416205],[-0.0487637,51.5416191],[-0.0488119,51.5416151]],[[-0.0488119,51.5416151],[-0.0488411,51.5415726],[-0.0488558,51.5415531],[-0.0489433,51.5415303]],[[-0.0495239,51.5410383],[-0.0492993,51.5411647],[-0.0492185,51.5412173],[-0.0490936,51.5413292],[-0.0490165,51.5414118],[-0.0489758,51.5414813],[-0.0489529,51.5415155],[-0.0489433,51.5415303]],[[-0.0505201,51.5406756],[-0.0503957,51.5407098],[-0.0503089,51.5407367],[-0.0499419,51.5408653],[-0.0495239,51.5410383]],[[-0.0508976,51.5405884],[-0.0506422,51.5406435],[-0.0505201,51.5406756]],[[-0.0512788,51.5405177],[-0.051091,51.540552],[-0.0510516,51.5405592],[-0.0509967,51.5405698],[-0.0508976,51.5405884]],[[-0.051516,51.54047],[-0.0514595,51.540481],[-0.0514285,51.5404873],[-0.0512788,51.5405177]],[[-0.0519875,51.5403775],[-0.0519263,51.5403881],[-0.051516,51.54047]],[[-0.0522203,51.5403373],[-0.0519875,51.5403775]],[[-0.055329,51.5399712],[-0.0552335,51.5399759],[-0.0549045,51.5400049],[-0.0548138,51.5400136],[-0.0545038,51.5400539],[-0.0543865,51.5400689],[-0.0540859,51.5401067],[-0.0539401,51.5401207],[-0.0538118,51.5401286],[-0.0536643,51.5401341],[-0.0535833,51.540137],[-0.0533307,51.5401408],[-0.0531834,51.5401541],[-0.0530314,51.5401739],[-0.0528425,51.5402085],[-0.0525987,51.5402602],[-0.0523472,51.5403109],[-0.0522203,51.5403373]],[[-0.055329,51.5399712],[-0.0554099,51.5399361],[-0.055467,51.5399283]],[[-0.055467,51.5399283],[-0.0555185,51.5399299],[-0.0555781,51.5399276],[-0.055637,51.5399261],[-0.0556923,51.5399269],[-0.0557581,51.539935]],[[-0.0557581,51.539935],[-0.0558651,51.5399617]],[[-0.0835938,51.5451093],[-0.0841026,51.5437645],[-0.0842882,51.5432754],[-0.084305,51.5432355],[-0.084319,51.5432024],[-0.0843469,51.5431277]],[[-0.0836821,51.5459315],[-0.0836626,51.5458095],[-0.0836371,51.5456648],[-0.083574,51.5452862],[-0.0835748,51.5451995],[-0.0835938,51.5451093]],[[-0.0837827,51.5465825],[-0.0837725,51.5464953],[-0.083768,51.546454],[-0.0837467,51.5462589],[-0.083743,51.5462349],[-0.0837296,51.5461541],[-0.0836821,51.5459315]],[[-0.0837827,51.5465825],[-0.08378277167004594,51.54658306251952]],[[-0.08569538737332055,51.55223044472747],[-0.0857154,51.5522446],[-0.0857998,51.5522859]],[[-0.0860005,51.5523874],[-0.0857998,51.5522859]],[[-0.08614981841414718,51.55244259475089],[-0.0860005,51.5523874]],[[-0.0879139,51.5531339],[-0.08782299287357449,51.55303079057473],[-0.0877947,51.5529987],[-0.08777880596895793,51.552985914233005],[-0.0876505,51.5528827],[-0.08744899468570219,51.552775919406095]],[[-0.0885495,51.5539297],[-0.0883197,51.5536364],[-0.0882844,51.5535896],[-0.0879139,51.5531339]],[[-0.0898463,51.5555401],[-0.0895105,51.5551144],[-0.0890886,51.5545839],[-0.0889857,51.5544546],[-0.0889537,51.554414],[-0.0885495,51.5539297]],[[-0.0899961,51.5557121],[-0.0899544,51.5556695],[-0.0898463,51.5555401]],[[-0.0900125,51.5557303],[-0.0899961,51.5557121]],[[-0.0901073,51.555831],[-0.090068,51.5557871],[-0.0900125,51.5557303]],[[-0.0902,51.5559498],[-0.0901349,51.5558617],[-0.0901073,51.555831]],[[-0.0902908,51.5562017],[-0.0902697,51.5561085],[-0.0902456,51.5560262],[-0.0902,51.5559498]],[[-0.0903016,51.5563166],[-0.0902908,51.5562017]],[[-0.090322,51.5565853],[-0.0903189,51.5565001],[-0.0903016,51.5563166]],[[-0.0903225,51.5567223],[-0.090322,51.5565853]],[[-0.0903314,51.5568598],[-0.0903228,51.5567805],[-0.0903225,51.5567223]],[[-0.090356,51.5570835],[-0.0903314,51.5568598]],[[-0.0903653,51.5571648],[-0.090356,51.5570835]],[[-0.0903696,51.5572154],[-0.0903653,51.5571648]],[[-0.090376,51.5572917],[-0.0903696,51.5572154]],[[-0.0903821,51.5573801],[-0.090376,51.5572917]],[[-0.0903876,51.5574514],[-0.0903865,51.5574218],[-0.0903821,51.5573801]],[[-0.0903908,51.5575282],[-0.0903876,51.5574514]],[[-0.090401248250759,51.557700507510745],[-0.0903984,51.5576738],[-0.0903908,51.5575282]],[[-0.0917148,51.5602425],[-0.09170093939624899,51.56018900755587]],[[-0.0917148,51.5602425],[-0.0917208,51.5602975]],[[-0.0917208,51.5602975],[-0.0917316,51.560397],[-0.0917298,51.5606777]],[[-0.0917298,51.5606777],[-0.0917293,51.5607474]],[[-0.0917293,51.5607474],[-0.0917289,51.5608245]],[[-0.0917289,51.5608245],[-0.0917279,51.5608963],[-0.0917246,51.5609971]],[[-0.0917246,51.5609971],[-0.0917239,51.5610495],[-0.0917178,51.5612797]],[[-0.0917178,51.5612797],[-0.0917158,51.561355],[-0.0917087,51.5615398]],[[-0.0917087,51.5615398],[-0.0917077,51.5615648]],[[-0.0917077,51.5615648],[-0.0916957,51.5618738]],[[-0.0916957,51.5618738],[-0.0917111,51.5620349]],[[-0.0917111,51.5620349],[-0.0917178,51.562075]],[[-0.0917178,51.562075],[-0.0917554,51.562235]],[[-0.0917554,51.562235],[-0.0917794,51.5623188]],[[-0.0917794,51.5623188],[-0.0918028,51.5623947]],[[-0.0918028,51.5623947],[-0.091815,51.5624296],[-0.0918402,51.5625156]],[[-0.0918402,51.5625156],[-0.0918699,51.5626135]],[[-0.0918699,51.5626135],[-0.0918941,51.5626895],[-0.0919399,51.5628327]],[[-0.0919399,51.5628327],[-0.0919966,51.5629959]],[[-0.0919966,51.5629959],[-0.0920577,51.5631641]],[[-0.0920577,51.5631641],[-0.0921385,51.5633527]],[[-0.0921385,51.5633527],[-0.09215,51.5633815]],[[-0.09215,51.5633815],[-0.0921665,51.5634156]],[[-0.0921665,51.5634156],[-0.0921858,51.5634557]],[[-0.0921858,51.5634557],[-0.0922094,51.5634994],[-0.0923298,51.5637228]],[[-0.0923298,51.5637228],[-0.0923521,51.5637642],[-0.0923755,51.5638078]],[[-0.0923755,51.5638078],[-0.0924298,51.5639037]],[[-0.0924298,51.5639037],[-0.0924805,51.5640055]],[[-0.0924805,51.5640055],[-0.092504,51.5640434],[-0.0925311,51.5640853]],[[-0.0925311,51.5640853],[-0.0926578,51.5642909],[-0.0926802,51.5643263]],[[-0.0926802,51.5643263],[-0.0926958,51.5643513]],[[-0.0926958,51.5643513],[-0.0927194,51.5643846]],[[-0.0927194,51.5643846],[-0.0932545,51.5652267]],[[-0.0932545,51.5652267],[-0.0933434,51.5652812],[-0.0933536,51.5652967],[-0.0933754,51.5653297],[-0.0933931,51.5653565],[-0.0934069,51.5653776]],[[-0.0934069,51.5653776],[-0.0934348,51.5654811]],[[-0.0934348,51.5654811],[-0.0934829,51.5655592]],[[-0.0934829,51.5655592],[-0.0934981,51.5655842],[-0.0935184,51.5656193],[-0.0936029,51.5657869],[-0.093657,51.5659011]],[[-0.093657,51.5659011],[-0.0938516,51.5663066]],[[-0.0938516,51.5663066],[-0.09393,51.5664825]],[[-0.09393,51.5664825],[-0.0939697,51.5666249]],[[-0.0939697,51.5666249],[-0.0940044,51.5667729],[-0.0940136,51.566808],[-0.0940238,51.5668471],[-0.0940292,51.5668836],[-0.0940346,51.5669706],[-0.0940344,51.5669971]],[[-0.0940344,51.5669971],[-0.0940491,51.5671191]],[[-0.0940491,51.5671191],[-0.0940541,51.5671716],[-0.0940539,51.5671875],[-0.094059,51.5672419]],[[-0.094059,51.5672419],[-0.0940756,51.5674436]],[[-0.0940756,51.5674436],[-0.0940796,51.567505]],[[-0.0940796,51.567505],[-0.0940842,51.5675515]],[[-0.0940842,51.5675515],[-0.0940925,51.5676602]],[[-0.0940925,51.5676602],[-0.0940991,51.567786]],[[-0.0940991,51.567786],[-0.0941049,51.5678774]],[[-0.0941049,51.5678774],[-0.0941069,51.5679112]],[[-0.0941069,51.5679112],[-0.0941149,51.5680141]],[[-0.0941149,51.5680141],[-0.0941279,51.5680858]],[[-0.0941279,51.5680858],[-0.094172,51.5682469],[-0.0942239,51.5684098]],[[-0.0942239,51.5684098],[-0.0942362,51.5684385]],[[-0.0942362,51.5684385],[-0.0942738,51.5685337],[-0.0943034,51.5685792]],[[-0.0943034,51.5685792],[-0.0943407,51.5686359]],[[-0.0943407,51.5686359],[-0.0944232,51.5687569]],[[-0.0944232,51.5687569],[-0.0946207,51.5690219],[-0.0946682,51.5690862],[-0.0947538,51.5692029],[-0.0948139,51.5692878]],[[-0.0948139,51.5692878],[-0.0948362,51.569319],[-0.0948749,51.5693707]],[[-0.0948749,51.5693707],[-0.0948913,51.5693932],[-0.0949957,51.5695371]],[[-0.0949957,51.5695371],[-0.0950705,51.5696376]],[[-0.0950705,51.5696376],[-0.0950865,51.5696586],[-0.0951161,51.5696976]],[[-0.0951161,51.5696976],[-0.0951645,51.5697613],[-0.0951858,51.5697916]],[[-0.0951858,51.5697916],[-0.0952011,51.5698135],[-0.0952233,51.5698451]],[[-0.0952233,51.5698451],[-0.0952516,51.5698829]],[[-0.0952516,51.5698829],[-0.0954546,51.5701588]],[[-0.0954546,51.5701588],[-0.0955278,51.5702421],[-0.095558,51.570285]],[[-0.095558,51.570285],[-0.0955972,51.570335]],[[-0.0955972,51.570335],[-0.095636,51.5703819],[-0.0956731,51.5704356]],[[-0.0956731,51.5704356],[-0.0958004,51.5704765],[-0.0958328,51.5705069],[-0.0958685,51.5705389],[-0.095977,51.5706384]],[[-0.095977,51.5706384],[-0.0960618,51.5707236]],[[-0.0960618,51.5707236],[-0.0961465,51.5708093]],[[-0.0961465,51.5708093],[-0.0962053,51.5708923],[-0.096251,51.5711413]],[[-0.096251,51.5711413],[-0.0962725,51.5711818]],[[-0.0962725,51.5711818],[-0.0963206,51.5712785]],[[-0.0963206,51.5712785],[-0.0963408,51.5713194],[-0.0963642,51.5713627],[-0.0963828,51.5713975]],[[-0.0963828,51.5713975],[-0.0963983,51.571422],[-0.0965073,51.5716144]],[[-0.0965073,51.5716144],[-0.096574,51.5717352]],[[-0.096574,51.5717352],[-0.0965965,51.5717756]],[[-0.0965965,51.5717756],[-0.0966356,51.5718405],[-0.0967031,51.5719517]],[[-0.0967031,51.5719517],[-0.0967175,51.5719774],[-0.0967351,51.5720086]],[[-0.0967351,51.5720086],[-0.0968261,51.572177]],[[-0.0968261,51.572177],[-0.0969445,51.5723881],[-0.0971667,51.5727948]],[[-0.0971667,51.5727948],[-0.0972117,51.5728761]],[[-0.0972117,51.5728761],[-0.0972295,51.5729077],[-0.0972841,51.5730048],[-0.0972918,51.5730186]],[[-0.0972918,51.5730186],[-0.0973657,51.5731527]],[[-0.0973657,51.5731527],[-0.0974051,51.5732227]],[[-0.0974051,51.5732227],[-0.0974865,51.5733661],[-0.0975167,51.573424]],[[-0.0975167,51.573424],[-0.0975368,51.5734613],[-0.0975843,51.5735504]],[[-0.0975843,51.5735504],[-0.0976117,51.5735974],[-0.09764082241481183,51.57364724134674]],[[-0.0571278,51.536052],[-0.0570847,51.5360028],[-0.0570847,51.5359671],[-0.0570867,51.5359408],[-0.0570917,51.5358745],[-0.0570946,51.5358013]],[[-0.0570946,51.5358013],[-0.057107,51.5356187]],[[-0.057107,51.5356187],[-0.0571137,51.5355399],[-0.0571207,51.5354119]],[[-0.0571207,51.5354119],[-0.0571318,51.535252],[-0.0571337,51.5352344],[-0.0571404,51.5351976],[-0.0571889,51.5351526]],[[-0.0863175,51.5744007],[-0.0863025,51.5743538],[-0.0863829,51.5742498]],[[-0.0778155,51.5228568],[-0.0777731,51.5229303]],[[-0.0777731,51.5229303],[-0.0776746,51.523075],[-0.0776569,51.5231046],[-0.07763,51.5231621],[-0.0775789,51.5232338]],[[-0.0775789,51.5232338],[-0.0774104,51.5235181],[-0.0773918,51.523549],[-0.0773566,51.5236162],[-0.077341,51.5236446],[-0.0773185,51.523672],[-0.077249,51.5237047]],[[-0.0780493,51.5271833],[-0.0778782,51.527173],[-0.0778312,51.5271714],[-0.0776993,51.527171],[-0.0775963,51.5271708]],[[-0.0772820645735983,51.52730077693548],[-0.0775963,51.5271708]],[[-0.0687051,51.5310556],[-0.06908897225986367,51.53104051558871]],[[-0.0674995,51.5311157],[-0.0677074,51.5310961],[-0.0682012,51.5310696],[-0.0685971,51.5310601],[-0.0687051,51.5310556]],[[-0.0673186,51.5311302],[-0.0674073,51.531123],[-0.0674995,51.5311157]],[[-0.06627678620425749,51.531235604256175],[-0.0665722,51.5312008],[-0.0670167,51.5311547],[-0.067162,51.5311425],[-0.0672623,51.5311341],[-0.0673186,51.5311302]],[[-0.0558314,51.5400049],[-0.055721,51.5399814],[-0.05566,51.5399795],[-0.0555925,51.5399794],[-0.0555296,51.5399815],[-0.0554564,51.5399847]],[[-0.0554564,51.5399847],[-0.055417,51.5399861],[-0.055329,51.5399712]],[[-0.0489433,51.5415303],[-0.04896,51.5415602],[-0.0489671,51.5415832],[-0.048955,51.5416021],[-0.0489372,51.5416308],[-0.0489038,51.541672],[-0.0488748,51.5416969],[-0.0488455,51.541716],[-0.0488009,51.5417415]],[[-0.0488009,51.5417415],[-0.0487709,51.5417545],[-0.048737,51.5417677],[-0.0486872,51.5417796]],[[-0.0486872,51.5417796],[-0.0486621,51.5417842],[-0.0478011,51.5419768]],[[-0.0478011,51.5419768],[-0.0477219,51.5419944]],[[-0.0477219,51.5419944],[-0.0476522,51.5420062],[-0.0476147,51.5420133]],[[-0.0476147,51.5420133],[-0.0475945,51.5420279],[-0.0475742,51.5420397],[-0.0475456,51.5420514],[-0.0473959,51.5420796]],[[-0.0473959,51.5420796],[-0.0472765,51.5421094],[-0.0472287,51.54212],[-0.0470539,51.5421589]],[[-0.0470539,51.5421589],[-0.0469299,51.5421842],[-0.0468155,51.5422131],[-0.0458469,51.5424438],[-0.045451,51.5425395]],[[-0.045451,51.5425395],[-0.045245,51.5425868],[-0.0451902,51.5425947],[-0.045136,51.5426101]],[[-0.045136,51.5426101],[-0.0450528,51.5426293],[-0.0450078,51.5426397],[-0.04449,51.542762],[-0.0440079,51.5428759],[-0.0433396,51.54304],[-0.0429329,51.5431413],[-0.042865,51.5431595],[-0.0427249,51.543196]],[[-0.0427249,51.543196],[-0.0417989,51.5434126],[-0.0416808,51.5434399],[-0.0416423,51.5434484]],[[-0.0416423,51.5434484],[-0.0415631,51.5434662]],[[-0.0415631,51.5434662],[-0.0414576,51.5434874],[-0.0411148,51.5435573],[-0.0409937,51.5435799],[-0.0407816,51.5436214],[-0.04072,51.5436337],[-0.0405274,51.5436723],[-0.0404243,51.5436836],[-0.0403083,51.543707],[-0.040105,51.54375],[-0.0392538,51.5439264],[-0.0390803,51.5439614],[-0.0379859,51.5441739],[-0.0375429,51.5442596],[-0.0373134,51.5443116],[-0.0372304,51.5443324],[-0.0370045,51.5443945],[-0.0369676,51.5444062],[-0.0365572,51.5445635],[-0.036347,51.5446519],[-0.0361867,51.5447387],[-0.0361068,51.5447939],[-0.0360472,51.5448407]],[[-0.0360472,51.5448407],[-0.0359155,51.5449542]],[[-0.0359155,51.5449542],[-0.0358403,51.5449741],[-0.0358058,51.5450039],[-0.0357628,51.5450409]],[[-0.0357628,51.5450409],[-0.0355882,51.5451603]],[[-0.0355882,51.5451603],[-0.0355367,51.5451796],[-0.0354577,51.5451917],[-0.0353548,51.5451932]],[[-0.0353548,51.5451932],[-0.0346604,51.5450956]],[[-0.0346604,51.5450956],[-0.0342758,51.5450442]],[[-0.0342758,51.5450442],[-0.0335762,51.5449528],[-0.0335329,51.5449471],[-0.0329502,51.5448704],[-0.0329095,51.5448652],[-0.0326559,51.5448416],[-0.0323651,51.5448218]],[[-0.0323651,51.5448218],[-0.0319291,51.5448107],[-0.0316511,51.5448103]],[[-0.0316511,51.5448103],[-0.0312797,51.5448251],[-0.0309536,51.5448457],[-0.0307189,51.5448681],[-0.0306495,51.5448767],[-0.0305692,51.5448854],[-0.0305034,51.5448888],[-0.0304363,51.5448892],[-0.0303513,51.544883],[-0.0302615,51.5448511]],[[-0.0301869,51.5449406],[-0.0302205,51.5448869],[-0.0302615,51.5448511]],[[-0.0301205,51.5451234],[-0.0301399,51.545061],[-0.0301593,51.5450027],[-0.0301749,51.5449678],[-0.0301869,51.5449406]],[[-0.0301365,51.5453031],[-0.0301329,51.5452784],[-0.030122,51.5451908],[-0.0301205,51.5451234]],[[-0.0301556,51.5454899],[-0.030152,51.5454502],[-0.0301476,51.5454011],[-0.0301365,51.5453031]],[[-0.0301756,51.5457775],[-0.0301754,51.5457524],[-0.0301611,51.5455493],[-0.0301593,51.5455298],[-0.0301556,51.5454899]],[[-0.0230226,51.54902],[-0.0228926,51.5490924]],[[-0.0228926,51.5490924],[-0.022848,51.5491193],[-0.0227318,51.5491842],[-0.0225493,51.549275]],[[-0.0225493,51.549275],[-0.0224107,51.5493294]],[[-0.0224107,51.5493294],[-0.0223853,51.5492399]],[[-0.0223853,51.5492399],[-0.0223411,51.5491699]],[[-0.0223411,51.5491699],[-0.0223051,51.5491172],[-0.0222469,51.5490494],[-0.0221594,51.5489475],[-0.0221989,51.5488737]],[[-0.0221989,51.5488737],[-0.0221179,51.548801],[-0.0220425,51.5487412],[-0.0220303,51.5487315],[-0.0219456,51.5486639],[-0.0218645,51.5485866],[-0.0217881,51.5485051],[-0.021733,51.5484463],[-0.0215866,51.5482902],[-0.0212991,51.5479318],[-0.0209452,51.5474907],[-0.0205091,51.5470151],[-0.0202948,51.5467678]],[[-0.0202948,51.5467678],[-0.0202352,51.546699],[-0.0201333,51.5465815]],[[-0.0201333,51.5465815],[-0.020055,51.5464911],[-0.0200226,51.546455],[-0.0199236,51.5463393],[-0.0197872,51.5461818],[-0.0197712,51.5461633]],[[-0.0197712,51.5461633],[-0.0196836,51.546061],[-0.0196687,51.5460437]],[[-0.0196687,51.5460437],[-0.0194227,51.5457369],[-0.0194117,51.5457241]],[[-0.0194117,51.5457241],[-0.0191074,51.5453682],[-0.0190286,51.5452599],[-0.019019,51.5452466]],[[-0.019019,51.5452466],[-0.0188997,51.5451832],[-0.0188608,51.5451389],[-0.0188291,51.5451009],[-0.018786,51.5450506],[-0.0186833,51.5449093],[-0.0185986,51.5448114],[-0.018437,51.544627],[-0.0183211,51.5445259],[-0.0181959,51.5444333],[-0.018149,51.5444089],[-0.0180918,51.5443807],[-0.0180535,51.5443621],[-0.0180154,51.5443065]],[[-0.0180154,51.5443065],[-0.0178895,51.5442768]],[[-0.0178895,51.5442768],[-0.0177952,51.5442597]],[[-0.0177643,51.5442178],[-0.0177952,51.5442597]],[[-0.0177643,51.5442178],[-0.0177834,51.544173],[-0.0178015,51.5441365],[-0.017807,51.5441186],[-0.0178273,51.5440592],[-0.0178658,51.5440332]],[[-0.0178658,51.5440332],[-0.0178543,51.5439312],[-0.0178263,51.5437355]],[[-0.0178263,51.5437355],[-0.0178132,51.5436782],[-0.0178107,51.5436482],[-0.0178066,51.5435998],[-0.0178055,51.5434616]],[[-0.0178055,51.5434616],[-0.017805399625625933,51.54345935306522]],[[-0.0715381,51.5628318],[-0.0713941,51.5628283],[-0.0712539,51.5628129],[-0.0711864,51.5628067],[-0.0709079,51.5627762],[-0.0708559,51.5627674],[-0.0707536,51.5627453]],[[-0.0707536,51.5627453],[-0.0706651,51.5627332]],[[-0.0706651,51.5627332],[-0.0705163,51.5627142]],[[-0.0705163,51.5627142],[-0.0704756,51.5627091],[-0.0702185,51.562677],[-0.0693406,51.5625522],[-0.0692804,51.5625425]],[[-0.0692804,51.5625425],[-0.0692179,51.5625344],[-0.068474,51.5624424],[-0.0683822,51.5624311]],[[-0.0683822,51.5624311],[-0.0682969,51.5624191],[-0.0680131,51.562379],[-0.067844,51.5623471]],[[-0.0560032,51.5590602],[-0.055885,51.5590256],[-0.0558618,51.5590002],[-0.0558201,51.5589549],[-0.0557298,51.5588541],[-0.055644,51.5587703]],[[-0.055644,51.5587703],[-0.0555488,51.5587123],[-0.0555142,51.5586902]],[[-0.0555142,51.5586902],[-0.0554653,51.5586676]],[[-0.0554653,51.5586676],[-0.0554187,51.558605],[-0.0553892,51.5585715],[-0.0553623,51.5585339],[-0.0553389,51.5584973],[-0.0553197,51.5584646],[-0.0553082,51.558429],[-0.0553031,51.5583992],[-0.0553091,51.5583736],[-0.0553168,51.55834]],[[-0.0553168,51.55834],[-0.0554048,51.5582414],[-0.0554905,51.5581709],[-0.0555371,51.5581403]],[[-0.0555371,51.5581403],[-0.055615,51.5580491],[-0.0556721,51.5580038]],[[-0.0556721,51.5580038],[-0.0557204,51.5579724],[-0.0557584,51.557935],[-0.0557951,51.5578987],[-0.0558761,51.5577853]],[[-0.0553552,51.5561386],[-0.0552665,51.5560966],[-0.0552234,51.5560575],[-0.0552023,51.5560272],[-0.0551702,51.5559875],[-0.055151,51.5559551],[-0.0551632,51.5558983]],[[-0.0527728,51.5525622],[-0.0527308,51.5525453],[-0.0527006,51.5525299],[-0.0526876,51.5525159],[-0.0526505,51.5524715],[-0.0526368,51.5524558],[-0.0526373,51.5524045]],[[-0.055034,51.5466652],[-0.0550412,51.5465598],[-0.0550973,51.5460626],[-0.0551025,51.5460245],[-0.0551079,51.5459861],[-0.0551121,51.5458992]],[[-0.0551121,51.5458992],[-0.0551176,51.5458444],[-0.0551236,51.5458007],[-0.0551357,51.5457384],[-0.0552099,51.5456797]],[[-0.0552099,51.5456797],[-0.0552183,51.5456102]],[[-0.0569071,51.5379565],[-0.0568893,51.537899],[-0.0568755,51.5378114],[-0.0568721,51.5377599],[-0.0569269,51.5376588]],[[-0.077249,51.5237047],[-0.0771418,51.5236982],[-0.0770472,51.5236876],[-0.076993,51.5236813],[-0.0769482,51.5236447]],[[-0.0769482,51.5236447],[-0.0763949,51.5236404]],[[-0.0763949,51.5236404],[-0.0760059,51.5236403],[-0.07576986171323856,51.52363996037656]],[[-0.0769482,51.5236447],[-0.0770022,51.5236148],[-0.0770493,51.5236108],[-0.0770951,51.523607],[-0.0772484,51.5235938]],[[-0.096251,51.5711413],[-0.0960825,51.5709972],[-0.0960517,51.5709573],[-0.0960136,51.5709169]],[[-0.0960136,51.5709169],[-0.0959114,51.5708117]],[[-0.0959114,51.5708117],[-0.0958097,51.5707122]],[[-0.0958097,51.5707122],[-0.0957414,51.5706428]],[[-0.0957414,51.5706428],[-0.0956626,51.5705222],[-0.0956731,51.5704356]],[[-0.0934348,51.5654811],[-0.0933246,51.5653985],[-0.0932987,51.5653592],[-0.0932734,51.5653209],[-0.0932611,51.5653022],[-0.0932545,51.5652267]],[[-0.0857998,51.5522859],[-0.085545,51.5522063],[-0.0854918,51.5521918],[-0.0853822,51.5521591]],[[-0.0853822,51.5521591],[-0.0852841,51.5521306],[-0.08517429280566427,51.55209869132118]],[[-0.0699357,51.5462784],[-0.0698897,51.5463177],[-0.0698442,51.5463358]],[[-0.0698442,51.5463358],[-0.0698318,51.5463929],[-0.069823,51.5463977],[-0.0697844,51.5464181],[-0.0697233,51.5464476],[-0.0696475,51.5464956],[-0.0695956,51.5465213],[-0.0694968,51.5465724]],[[-0.0551121,51.5458992],[-0.0550142,51.5458929]],[[-0.0550142,51.5458929],[-0.054924,51.5459074],[-0.0548874,51.5459098],[-0.0548178,51.5459147],[-0.0547745,51.5459224],[-0.054736,51.5459341],[-0.0546686,51.5459607],[-0.0546046,51.5459948],[-0.0545146,51.5460387],[-0.0543509,51.5461281],[-0.0541748,51.5462209],[-0.0540042,51.5462857],[-0.0539483,51.5463082],[-0.0538468,51.5462984]],[[-0.0299305,51.5446781],[-0.0296693,51.5445302],[-0.0296396,51.5445138],[-0.0294468,51.5444073]],[[-0.0756202,51.5453542],[-0.0757336,51.5453628],[-0.0758426,51.5453703]],[[-0.0698442,51.5463358],[-0.0698111,51.5463466],[-0.0697904,51.5463539],[-0.0697337,51.5463716],[-0.0697047,51.5463763],[-0.069686,51.5463782],[-0.0696402,51.5463786],[-0.0695659,51.5463768]],[[-0.0695659,51.5463768],[-0.0695339,51.5463698],[-0.0695121,51.5463602],[-0.0694806,51.5463459]],[[-0.0556035,51.5401326],[-0.0555982,51.540091],[-0.0555883,51.5400724],[-0.0555515,51.5400436],[-0.0555363,51.5400326],[-0.0555059,51.5400102],[-0.0554564,51.5399847]],[[-0.0476147,51.5420133],[-0.0475819,51.5420004],[-0.0475419,51.5419797],[-0.047519,51.5419665],[-0.0474986,51.5419534],[-0.0474782,51.5419355]],[[-0.0474782,51.5419355],[-0.0474835,51.5419096],[-0.0474965,51.5418557],[-0.0475047,51.5418143],[-0.0475111,51.5417823],[-0.0475262,51.5416724],[-0.0475427,51.5415521],[-0.0475468,51.541528],[-0.0475674,51.5413226],[-0.0475652,51.54128],[-0.047562,51.5412487],[-0.0475521,51.5412128]],[[-0.0474676,51.5411432],[-0.0474031,51.5411291],[-0.0473381,51.5411206],[-0.0472944,51.5411169]],[[-0.0472944,51.5411169],[-0.0467369,51.5411154],[-0.0465609,51.5411095],[-0.0464698,51.5411035],[-0.0463922,51.541094],[-0.0463354,51.5410834],[-0.0462856,51.5410716],[-0.04623,51.5410533],[-0.0461662,51.5410287],[-0.0461304,51.541009],[-0.0460551,51.5409723],[-0.0459789,51.5409295],[-0.0458856,51.5408601],[-0.0457624,51.5407533],[-0.0455825,51.5405865],[-0.0454296,51.5404265],[-0.0454002,51.5403878],[-0.0453782,51.5403334],[-0.0453498,51.5402225],[-0.0453505,51.5401248],[-0.0453625,51.5400886],[-0.0453908,51.5400479],[-0.0454495,51.5399801],[-0.0455517,51.5399064],[-0.0456033,51.539864]],[[-0.0456033,51.539864],[-0.045609,51.5398352],[-0.0456443,51.5397891],[-0.0456725,51.5397391],[-0.045669,51.5396622]],[[-0.0450079,51.5381858],[-0.044968,51.5381914],[-0.0448817,51.5381836],[-0.0448286,51.5381627],[-0.0447894,51.5381306],[-0.0447741,51.5381036],[-0.0447707,51.5380745]],[[-0.0447707,51.5380745],[-0.0447824,51.5380394],[-0.0448192,51.5380032],[-0.0448897,51.5379772]],[[-0.0166335,51.5442445],[-0.016630640528427606,51.54424463968683]],[[-0.0169579,51.5442286],[-0.0166335,51.5442445]],[[-0.0169759,51.5442277],[-0.0169579,51.5442286]],[[-0.0173275,51.5442292],[-0.0169759,51.5442277]],[[-0.0173275,51.5442292],[-0.0174251,51.5441897],[-0.0174856,51.5441937],[-0.0175885,51.5442006],[-0.0177643,51.5442178]],[[-0.0180154,51.5443065],[-0.0181396,51.5442997],[-0.0181802,51.5443215],[-0.0183031,51.5443863],[-0.0184387,51.5444722],[-0.018548,51.5445524],[-0.018636,51.544635],[-0.0187231,51.5447466],[-0.0188173,51.544866],[-0.0189167,51.5449969],[-0.0189587,51.5450573],[-0.0189837,51.5450956],[-0.0190223,51.5451499],[-0.019019,51.5452466]],[[-0.0221989,51.5488737],[-0.0222878,51.548902],[-0.0223163,51.5489346]],[[-0.0223163,51.5489346],[-0.022354,51.5489777],[-0.0223801,51.5490076],[-0.0224603,51.5490994],[-0.0225017,51.5491785]],[[-0.0225017,51.5491785],[-0.0226833,51.5490959],[-0.0227297,51.5490657],[-0.0227645,51.5490384]],[[-0.0227645,51.5490384],[-0.0228116,51.5490043],[-0.0228805,51.548962],[-0.0230498,51.5488668]],[[-0.0230498,51.5488668],[-0.0231422,51.5488223],[-0.0234014,51.5486881],[-0.0234691,51.548665],[-0.0235247,51.5486383],[-0.0235829,51.5486051],[-0.023621,51.5485692],[-0.0239814,51.5483775],[-0.0240553,51.5483542],[-0.0240851,51.5483382],[-0.0241152,51.5483122],[-0.0241415,51.5482815],[-0.0242354,51.5482221],[-0.0242808,51.5482098],[-0.02437,51.5482032],[-0.0244511,51.5481796],[-0.0244695,51.5481722],[-0.0245392,51.5481409],[-0.0246685,51.5481335]],[[-0.0246685,51.5481335],[-0.0251988,51.5478649]],[[-0.025787,51.54829],[-0.0255396,51.5480911],[-0.0252401,51.5478923],[-0.0251988,51.5478649]],[[-0.0258572,51.5483566],[-0.025787,51.54829]],[[-0.0258572,51.5483566],[-0.0260265,51.5482954],[-0.0261872,51.5482403],[-0.0263653,51.5481729]],[[-0.0263653,51.5481729],[-0.0264262,51.5481389],[-0.0266106,51.5480409],[-0.0266897,51.5480077]],[[-0.0266897,51.5480077],[-0.0269887,51.5479267],[-0.0270405,51.5479127],[-0.0271882,51.547873],[-0.0272741,51.5478475]],[[-0.0288708,51.5473111],[-0.0290369,51.5471994],[-0.0291466,51.5471205]],[[-0.0291466,51.5471205],[-0.0292679,51.5470275],[-0.0294107,51.5469179],[-0.0295438,51.5468157]],[[-0.0295438,51.5468157],[-0.029863,51.5465715],[-0.0298985,51.5465405]],[[-0.0298985,51.5465405],[-0.0299558,51.5464899],[-0.0300064,51.5464384],[-0.0300384,51.5464021],[-0.0300755,51.5463581]],[[-0.0300755,51.5463581],[-0.030107,51.5463106]],[[-0.030107,51.5463106],[-0.0301677,51.5462089],[-0.0301888,51.5461644],[-0.0301959,51.5461134],[-0.0301961,51.5460591],[-0.0301756,51.5457775]],[[-0.0330827,51.5447942],[-0.0332131,51.5447496],[-0.0332983,51.544714]],[[-0.0332983,51.544714],[-0.0333758,51.5446812],[-0.033419,51.5446733]],[[-0.033419,51.5446733],[-0.0341735,51.5440147]],[[-0.0341735,51.5440147],[-0.0344575,51.5437832],[-0.0345925,51.5436823],[-0.0347152,51.5436117],[-0.0348324,51.5435531],[-0.0349676,51.5435036]],[[-0.0349676,51.5435036],[-0.0352926,51.5433483],[-0.0355005,51.5432486]],[[-0.0355005,51.5432486],[-0.03556,51.5432265],[-0.0356266,51.5431926],[-0.0357805,51.5431203],[-0.0358425,51.543074]],[[-0.0358425,51.543074],[-0.036635,51.5426155],[-0.037445,51.542085],[-0.0374708,51.5420637],[-0.03778,51.5418399],[-0.037886,51.5417462],[-0.0380352,51.5415739]],[[-0.0380352,51.5415739],[-0.0380737,51.5415144],[-0.0380933,51.5414802],[-0.0381,51.5414685],[-0.0381047,51.5414596],[-0.0381121,51.5414469],[-0.0381283,51.541419],[-0.0382118,51.5412774],[-0.0383195,51.5410834],[-0.038387,51.5409543],[-0.0384746,51.540855],[-0.0385392,51.5407931],[-0.0385562,51.5407871],[-0.0385846,51.5407691],[-0.0386357,51.5407506],[-0.0386969,51.5407102],[-0.038739,51.5406789],[-0.0387477,51.5406518],[-0.0392639,51.5403777],[-0.0395986,51.5402092],[-0.0400421,51.5399471]],[[-0.0400421,51.5399471],[-0.0407187,51.5394848],[-0.0412153,51.539161],[-0.0414756,51.5389778],[-0.0414994,51.5389646],[-0.0416442,51.5388955],[-0.0417049,51.5388669],[-0.0417648,51.5388413],[-0.0418723,51.5387959],[-0.0421969,51.5386661],[-0.0423735,51.5386094],[-0.0424439,51.5385903],[-0.0425687,51.5385573],[-0.0427322,51.5385296],[-0.0429639,51.538499],[-0.0433932,51.5384273],[-0.0437704,51.538328],[-0.0444621,51.5381506],[-0.0445062,51.5381393],[-0.0445825,51.5381196],[-0.044698,51.5380883],[-0.0447707,51.5380745]],[[-0.0451099,51.538028],[-0.0452953,51.5379888],[-0.0453204,51.5379844],[-0.0457029,51.5379176],[-0.0466721,51.5377565],[-0.046745,51.5377444],[-0.0478032,51.5375785],[-0.0481265,51.53753],[-0.048708,51.5374339],[-0.0489097,51.5374002],[-0.0489727,51.5373871],[-0.0490967,51.5373626],[-0.0491501,51.5373522],[-0.0492169,51.5373411],[-0.0494372,51.5373039],[-0.0514808,51.5369218]],[[-0.0514808,51.5369218],[-0.0517548,51.5368691],[-0.0518339,51.5368416],[-0.0518515,51.5368388],[-0.0519563,51.5368223]],[[-0.0519563,51.5368223],[-0.0525813,51.5367095],[-0.0527589,51.5366767],[-0.0529583,51.5366371],[-0.0536178,51.5365054]],[[-0.0536178,51.5365054],[-0.0538182,51.5364676],[-0.0539793,51.5364376],[-0.054084,51.5364165],[-0.0549054,51.5362447],[-0.0550434,51.5362162],[-0.0552457,51.536173],[-0.0554574,51.5361158],[-0.0557161,51.5360275],[-0.0557605,51.5360115],[-0.0561159,51.5358558],[-0.0562127,51.5358165],[-0.0565404,51.5356833],[-0.0566773,51.5356277],[-0.0568342,51.5355607]],[[-0.0568342,51.5355607],[-0.0569146,51.5355217],[-0.0569585,51.5355042],[-0.0569896,51.5354918],[-0.0570452,51.5354641],[-0.0570826,51.5354391],[-0.0571207,51.5354119]],[[-0.0246685,51.5481335],[-0.0246306,51.5481881],[-0.0245434,51.5482292],[-0.0244364,51.5482797],[-0.0237912,51.5486078],[-0.023609,51.5487004],[-0.0230226,51.54902]],[[-0.0177952,51.5442597],[-0.017721,51.5442897],[-0.0175754,51.5442822],[-0.0174089,51.5442723],[-0.0173275,51.5442292]],[[-0.0882304,51.5269412],[-0.08823015029298144,51.52694124958721],[-0.0882163,51.526944],[-0.0882024,51.5269449],[-0.0881905,51.5269448],[-0.0881746,51.5269436],[-0.0881604,51.5269417],[-0.0881459,51.5269393],[-0.0881402,51.5269377],[-0.0881347,51.526935],[-0.0881261,51.5269292],[-0.0881021,51.5269014],[-0.0880113,51.5267867]],[[-0.0854003539155472,51.552127927816066],[-0.0853822,51.5521591]],[[-0.0848927,51.5532311],[-0.0849678,51.553056],[-0.0850629,51.5528439],[-0.0853071,51.552299],[-0.0853286,51.5522559],[-0.0853488,51.5522166],[-0.0853822,51.5521591]],[[-0.0830808,51.5572208],[-0.0832291,51.5571437],[-0.0833048,51.5571039],[-0.08377,51.5568597],[-0.0838702,51.5567842],[-0.0839028,51.5567267],[-0.0839524,51.5565814],[-0.0839754,51.5564968],[-0.083998,51.5564263],[-0.084027,51.556257],[-0.0840452,51.5561239],[-0.0842669,51.5552712],[-0.084411,51.5547918],[-0.084468,51.554588],[-0.0845345,51.5543684],[-0.0846425,51.5539604],[-0.0846816,51.5538127],[-0.0848927,51.5532311]],[[-0.0823751,51.5578837],[-0.0823977,51.5578206],[-0.0824328,51.557755],[-0.0825,51.5576489],[-0.0825898,51.557552],[-0.0828205,51.5573636],[-0.0830808,51.5572208]],[[-0.0831822,51.5603238],[-0.0831079,51.5602145],[-0.0829953,51.5600491],[-0.0827818,51.5596752],[-0.0826418,51.5593741],[-0.0825633,51.559205],[-0.0825296,51.5591267],[-0.082492,51.5590323],[-0.0824378,51.5588643],[-0.0824194,51.5587778],[-0.0823607,51.5585122],[-0.0823414,51.5582709],[-0.0823334,51.5581789],[-0.0823386,51.5580585],[-0.0823515,51.5579705],[-0.0823751,51.5578837]],[[-0.0834945,51.5610439],[-0.0834532,51.5608793],[-0.083407,51.5606679],[-0.0833098,51.5604889],[-0.0832402,51.5604152],[-0.0831822,51.5603238]],[[-0.0835207,51.5611797],[-0.0835049,51.5610987],[-0.0834945,51.5610439]],[[-0.0835207,51.5611797],[-0.0833945,51.5611825],[-0.0832449,51.5611889],[-0.083095,51.5611998],[-0.0828966,51.5612258],[-0.0826208,51.561281],[-0.0825195,51.5613068],[-0.0823941,51.5613358],[-0.0823155,51.5613577],[-0.0822645,51.5613722],[-0.0822003,51.5613914],[-0.0820007,51.5614617],[-0.0819416,51.5614832],[-0.0816332,51.561608],[-0.0814948,51.5616612],[-0.081055,51.5618318],[-0.0806282,51.5619944]],[[-0.0806282,51.5619944],[-0.0805072,51.5620351]],[[-0.0805072,51.5620351],[-0.0804293,51.5620627]],[[-0.0804293,51.5620627],[-0.0803532,51.562082],[-0.0803067,51.5620902],[-0.0802538,51.5620951],[-0.080212,51.5620973]],[[-0.080212,51.5620973],[-0.0801159,51.5621021],[-0.0800171,51.5621077],[-0.0798926,51.5621129],[-0.0797808,51.5621195],[-0.0797125,51.5621225],[-0.079646,51.5621254],[-0.079434,51.5621348],[-0.0793081,51.5621417],[-0.0790083,51.5621636]],[[-0.0790083,51.5621636],[-0.078846,51.5621791],[-0.0787215,51.562191]],[[-0.0787215,51.562191],[-0.0782851,51.5622344],[-0.0779101,51.5622435],[-0.0777123,51.5622398],[-0.0775517,51.5622338]],[[-0.0775517,51.5622338],[-0.0774287,51.5622289],[-0.0771768,51.5622132],[-0.0770442,51.5622043],[-0.0769811,51.5622023],[-0.0765496,51.5621881],[-0.0760159,51.5621706],[-0.0757746,51.5621627],[-0.0755409,51.5621519],[-0.0754719,51.5621465],[-0.0754069,51.5621381],[-0.0751449,51.5621037],[-0.0746237,51.5620363],[-0.0741347,51.5619934]],[[-0.0741347,51.5619934],[-0.0740165,51.5619845]],[[-0.0740165,51.5619845],[-0.0739617,51.5619804],[-0.073907,51.5619771],[-0.0738327,51.5619716]],[[-0.0738327,51.5619716],[-0.0737132,51.5619606],[-0.0736487,51.561959]],[[-0.0731952,51.5632925],[-0.0731607,51.5633097],[-0.0731383,51.5633257],[-0.0730902,51.5633474],[-0.0730641,51.5633595],[-0.0730216,51.5633725]],[[-0.09037365524092891,51.55774444392053],[-0.0902738,51.5577632],[-0.0902201,51.5577764],[-0.0901911,51.5577835],[-0.0899616,51.5578637],[-0.0899027,51.557888],[-0.0898243,51.5579219],[-0.0894401,51.5580922]],[[-0.0894401,51.5580922],[-0.0893426,51.5581351]],[[-0.0893426,51.5581351],[-0.0891118,51.5582569]],[[-0.0891118,51.5582569],[-0.0889126,51.5583832],[-0.0887855,51.5584625],[-0.0886007,51.5585732],[-0.088442,51.5586714],[-0.0883511,51.5587182],[-0.0876834,51.5590615],[-0.0876648,51.5590709],[-0.087487,51.5591627],[-0.0872155,51.5593245],[-0.0871333,51.5593796],[-0.0869826,51.5594805],[-0.086926,51.5595222],[-0.0869063,51.5595388],[-0.0867281,51.5597076],[-0.0863458,51.5600489],[-0.0862572,51.5601166],[-0.0861423,51.5601806],[-0.0860748,51.5602166]],[[-0.0860748,51.5602166],[-0.0859381,51.5602894]],[[-0.0859381,51.5602894],[-0.0858765,51.5603244]],[[-0.0858765,51.5603244],[-0.0857639,51.5603852]],[[-0.0857639,51.5603852],[-0.0857009,51.5604204]],[[-0.0857009,51.5604204],[-0.0856268,51.5604616],[-0.0854751,51.5605502],[-0.0853157,51.5606494],[-0.0851439,51.560778],[-0.085125,51.560799],[-0.0850445,51.5608808],[-0.0849424,51.5609641],[-0.0849014,51.5609978]],[[-0.0849014,51.5609978],[-0.0848434,51.5610344],[-0.0847932,51.5610581],[-0.0847307,51.5610808],[-0.0846951,51.5610903]],[[-0.0846951,51.5610903],[-0.0846118,51.5611124],[-0.0845227,51.5611276],[-0.084372,51.5611548]],[[-0.084372,51.5611548],[-0.0842655,51.5611686],[-0.0840262,51.561183],[-0.0839734,51.561183]],[[-0.0839734,51.561183],[-0.0837075,51.5611821],[-0.0836575,51.5611819],[-0.0835207,51.5611797]],[[-0.0730829,51.5638922],[-0.0729916,51.563897],[-0.0729621,51.5638985],[-0.0729248,51.5639048],[-0.0728822,51.5639119],[-0.0728411,51.5639261]],[[-0.0728411,51.5639261],[-0.0728238,51.563932],[-0.0722843,51.5641526],[-0.0719751,51.5642791],[-0.0718331,51.5643342]],[[-0.0718331,51.5643342],[-0.0716641,51.5643982]],[[-0.0716641,51.5643982],[-0.0714963,51.5644587],[-0.0712597,51.5645455],[-0.0709881,51.5646412],[-0.0708185,51.564697]],[[-0.0708185,51.564697],[-0.070548,51.5647639],[-0.069998,51.5649428],[-0.0696811,51.565031],[-0.0695397,51.5650703],[-0.0694221,51.5650978],[-0.0693051,51.5651224],[-0.0687674,51.5652458],[-0.0683195,51.5653593],[-0.0682724,51.5653703],[-0.0680995,51.5654062]],[[-0.0680995,51.5654062],[-0.0678961,51.5654467],[-0.0675953,51.5654968],[-0.0674003,51.5655293],[-0.0670962,51.5655745],[-0.0669707,51.5655932],[-0.0668027,51.5656136]],[[-0.0668027,51.5656136],[-0.0666574,51.5656277],[-0.0662197,51.5656695],[-0.0650045,51.5657793],[-0.0648207,51.5657901]],[[-0.0648207,51.5657901],[-0.0646528,51.5657995],[-0.0638685,51.5658351],[-0.0637734,51.5658391],[-0.0634627,51.5658596],[-0.0633188,51.5658691],[-0.0631546,51.565875],[-0.0627096,51.5658971],[-0.0625143,51.5659127],[-0.0623491,51.565926],[-0.0622045,51.5659344],[-0.0619758,51.5659557],[-0.0618144,51.565965],[-0.0614752,51.5659845],[-0.0608595,51.5660225]],[[-0.0608595,51.5660225],[-0.0605214,51.5660434]],[[-0.0605214,51.5660434],[-0.0604496,51.5660495],[-0.0603307,51.5660589],[-0.0602292,51.5660669]],[[-0.0540193,51.5661982],[-0.0540622,51.5661953],[-0.0540946,51.5661931],[-0.0549494,51.5661405],[-0.0559469,51.5660722],[-0.0568931,51.5660156],[-0.0571546,51.566],[-0.057278,51.5659926],[-0.0575029,51.5659797],[-0.0582624,51.5659361],[-0.0584232,51.5659269],[-0.0586327,51.5659149],[-0.059904,51.5658329],[-0.0599806,51.5658274],[-0.0600161,51.5658249],[-0.0601796,51.5658157]],[[-0.0540193,51.5661982],[-0.0539652,51.5662029],[-0.053934,51.5662067],[-0.0537321,51.5662302],[-0.0536113,51.5662502],[-0.0535975,51.5662525],[-0.0535115,51.5662746],[-0.0534723,51.5662895],[-0.0534174,51.5663104],[-0.0531818,51.5664393],[-0.0531173,51.5664984],[-0.0529358,51.5666729],[-0.0528667,51.5667393],[-0.0528424,51.5667627],[-0.0526974,51.5668792],[-0.0526053,51.5669313],[-0.0524646,51.5669762],[-0.0522732,51.5670087],[-0.0521714,51.5670113],[-0.0518566,51.566988]],[[-0.0518566,51.566988],[-0.0515338,51.5669164]],[[-0.0515338,51.5669164],[-0.051312,51.5668627],[-0.05111,51.5667761],[-0.0507677,51.5666076],[-0.0506656,51.566546]],[[-0.0506656,51.566546],[-0.0506449,51.5665137],[-0.0506568,51.5664751],[-0.0506648,51.5664581],[-0.0512416,51.5657222],[-0.0513317,51.5656107],[-0.0518152,51.5650127],[-0.0519892,51.5647931],[-0.0520332,51.5647205],[-0.0520834,51.5646265],[-0.0521304,51.5645336],[-0.0521807,51.5644011],[-0.0521965,51.5643278],[-0.0522158,51.5642091],[-0.052236,51.5639938],[-0.0522381,51.5639088]],[[-0.0522381,51.5639088],[-0.0522392,51.5638382],[-0.0522305,51.5635505],[-0.0522295,51.5635028],[-0.052227,51.5633898],[-0.0522252,51.5633506],[-0.0522156,51.5631368],[-0.0522036,51.5629908],[-0.0521948,51.5628835],[-0.0521879,51.5628331],[-0.0521852,51.5628134]],[[-0.0521852,51.5628134],[-0.0521726,51.5627421],[-0.0521666,51.5627138]],[[-0.0563299,51.5619743],[-0.056319,51.5619758],[-0.0555216,51.5620916],[-0.0553347,51.5621214],[-0.0551398,51.5621552],[-0.0549999,51.5621796],[-0.0548758,51.5622002],[-0.0546309,51.5622444],[-0.0531181,51.5625229],[-0.0523552,51.5626727],[-0.0522827,51.5626877],[-0.0521666,51.5627138]],[[-0.0566662,51.5619286],[-0.0563299,51.5619743]],[[-0.0566662,51.5619286],[-0.0567642,51.5619156],[-0.0569543,51.5618869],[-0.0571859,51.5618467],[-0.0572302,51.5618381],[-0.0573135,51.5618218]],[[-0.09193236324224426,51.52831709174199],[-0.091902,51.5283774],[-0.0918764,51.5284104],[-0.09181,51.5284416]],[[-0.0918805,51.5286906],[-0.0918169,51.5284731],[-0.09181,51.5284416]],[[-0.092168,51.5295506],[-0.0919978,51.5290345],[-0.0918805,51.5286906]],[[-0.0923078,51.530001],[-0.092168,51.5295506]],[[-0.092395,51.5302459],[-0.0923078,51.530001]],[[-0.0924162,51.530305],[-0.092395,51.5302459]],[[-0.0924814,51.5304923],[-0.0924162,51.530305]],[[-0.0924814,51.5304923],[-0.0925033,51.5305537],[-0.0926651,51.530961]],[[-0.0926651,51.530961],[-0.0927016,51.5310534],[-0.0927808,51.5312538],[-0.0928451,51.5314852]],[[-0.0928451,51.5314852],[-0.0927607,51.5314953],[-0.0917779,51.5316133],[-0.0915299,51.5316431],[-0.0906857,51.5317653],[-0.0903253,51.5318159],[-0.0900925,51.5318509],[-0.0896046,51.5319244],[-0.0895339,51.5319208]],[[-0.0895339,51.5319208],[-0.0896457,51.5322026],[-0.0897375,51.5323591],[-0.0897836,51.5324388],[-0.0899651,51.5327075],[-0.0901593,51.5329568],[-0.0902598,51.5330859],[-0.0902671,51.5330953],[-0.0903567,51.5332146]],[[-0.0903567,51.5332146],[-0.0898982,51.5333361],[-0.0896468,51.533409],[-0.089397,51.5334815],[-0.0891025,51.5335641],[-0.0889193,51.5336119],[-0.0888855,51.5336207],[-0.0888662,51.5336272],[-0.0886443,51.5336926],[-0.0885764,51.5337126],[-0.0884634,51.5337467],[-0.0881452,51.5338413],[-0.0881192,51.533849],[-0.0880359,51.5338735]],[[-0.0865575,51.531674],[-0.0864433,51.5316969],[-0.0864182,51.5316985],[-0.0863847,51.5317007],[-0.086373,51.5317014],[-0.0861765,51.5317141],[-0.0859687,51.5317275],[-0.0859505,51.5317287],[-0.0855979,51.5317515],[-0.0850203,51.5317887]],[[-0.0850203,51.5317887],[-0.0850019,51.5318014],[-0.0850019,51.5318177],[-0.0850273,51.5319626],[-0.0850679,51.5322115]],[[-0.0850679,51.5322115],[-0.0844632,51.5322505],[-0.0843318,51.5322589],[-0.0840694,51.5322748],[-0.083121,51.5323439],[-0.0830821,51.5323467],[-0.0830286,51.532352]],[[-0.0828949,51.5310151],[-0.0829015,51.5310777],[-0.0829835,51.5318705],[-0.0829846,51.5318827],[-0.0829961,51.5320052],[-0.0830228,51.5322899],[-0.0830286,51.532352]],[[-0.0828949,51.5310151],[-0.0828409,51.5310159],[-0.0828113,51.5310164],[-0.0822197,51.5310253],[-0.0817473,51.5310324],[-0.0815471,51.5310354],[-0.0811581,51.5310412],[-0.0809452,51.5310445],[-0.0807656,51.5310472],[-0.0805186,51.5310509],[-0.0801783,51.5310556]],[[-0.0801783,51.5310556],[-0.0801803,51.5308505]],[[-0.0801803,51.5308505],[-0.0801169,51.5308483],[-0.0800291,51.5308458],[-0.0794349,51.5308168],[-0.0789793,51.5307916],[-0.0787258,51.5307775],[-0.0786359,51.5307763],[-0.0785407,51.5307674],[-0.0779831,51.530737],[-0.0778657,51.5307317],[-0.0777846,51.530728],[-0.0777011,51.5307237]],[[-0.0777011,51.5307237],[-0.0774628,51.5307114]],[[-0.0774628,51.5307114],[-0.0773841,51.530706],[-0.0773367,51.5307034],[-0.077178,51.5306934]],[[-0.0769807,51.5345291],[-0.0768221,51.5345235],[-0.0768017,51.5345225],[-0.0767116,51.5345192]],[[-0.0767116,51.5345192],[-0.0764869,51.5345142]],[[-0.0764869,51.5345142],[-0.0760343,51.5345087],[-0.0759702,51.5345096]],[[-0.0759702,51.5345096],[-0.0758655,51.5345178],[-0.0758163,51.5345216],[-0.0755843,51.5345417],[-0.0754427,51.5345543]],[[-0.0754427,51.5345543],[-0.0747802,51.5346222],[-0.0746493,51.5346375],[-0.0745349,51.5346536],[-0.0736037,51.5347966],[-0.0734534,51.5348196],[-0.0732316,51.5348539],[-0.0728574,51.5349112],[-0.0727476,51.5349248],[-0.0725864,51.5349402],[-0.0724744,51.5349479],[-0.0723292,51.5349562],[-0.0718249,51.534993],[-0.0715637,51.5349992],[-0.0710173,51.5349895],[-0.0707206,51.5349897],[-0.0705368,51.5349899],[-0.0703982,51.5349906],[-0.0703222,51.534991],[-0.0702129,51.5349923],[-0.0700986,51.5349914]],[[-0.0700986,51.5349914],[-0.0699847,51.5349922],[-0.0699102,51.5349916],[-0.0698535,51.5349916],[-0.0692456,51.5349938],[-0.0687359,51.5349957],[-0.0686358,51.5349967],[-0.0684704,51.534998],[-0.0683869,51.5349987],[-0.0679919,51.5350019],[-0.0671444,51.5350044],[-0.0670195,51.5350052],[-0.0667529,51.5350047],[-0.0667051,51.5350056],[-0.0663504,51.5350038],[-0.0655633,51.5350027],[-0.0653941,51.5350009],[-0.065236,51.5350028],[-0.0644393,51.5349993],[-0.0643232,51.5350011],[-0.0638395,51.5350042],[-0.0636466,51.5350045]],[[-0.0634547,51.5350033],[-0.0636466,51.5350045]],[[-0.0633819,51.5350029],[-0.0634547,51.5350033]],[[-0.0630851,51.5349882],[-0.0631068,51.5349951],[-0.0631264,51.5349971],[-0.0631586,51.5350005],[-0.0632375,51.5350011],[-0.063301,51.5350025],[-0.0633819,51.5350029]],[[-0.0630174,51.5349669],[-0.0630851,51.5349882]],[[-0.0628172,51.5351562],[-0.0628583,51.535117],[-0.0629087,51.5350707],[-0.0630174,51.5349669]],[[-0.0627474,51.5352201],[-0.0628172,51.5351562]],[[-0.062705,51.535262],[-0.0627474,51.5352201]],[[-0.0625666572317438,51.53539822763754],[-0.062705,51.535262]],[[-0.062438343641664264,51.53552718512099],[-0.0623728,51.5355947],[-0.0623689,51.5355987]],[[-0.0623689,51.5355987],[-0.0623096,51.5356517]],[[-0.0623096,51.5356517],[-0.0622437,51.5357216],[-0.0621433,51.5358837],[-0.0621223,51.5359089]],[[-0.0621223,51.5359089],[-0.0621035,51.5359211],[-0.0620753,51.5359268]],[[-0.0620753,51.5359268],[-0.0620207,51.5359225],[-0.0619495,51.5359121],[-0.061621,51.5358593],[-0.061361,51.5358265],[-0.061275,51.5358157],[-0.0604855,51.5357601],[-0.0599956,51.5357281],[-0.0598471,51.5357227],[-0.0597902,51.5357206]],[[-0.0597902,51.5357206],[-0.0597839,51.5360704],[-0.0597674,51.5362326],[-0.0597613,51.5362945],[-0.0597109,51.5365206]],[[-0.0597109,51.5365206],[-0.0596708,51.5366406],[-0.0596013,51.5368269],[-0.0595677,51.5369296],[-0.0594983,51.5371344],[-0.059422,51.5373146]],[[-0.059422,51.5373146],[-0.0593688,51.5374278],[-0.059357,51.5374629],[-0.059349,51.5375066],[-0.0593588,51.5375486]],[[-0.0631051,51.5402589],[-0.0630634,51.5401997],[-0.0628474,51.5398642],[-0.0626668,51.5396035],[-0.0624927,51.5393324],[-0.0624674,51.539293],[-0.0622182,51.5388957],[-0.0620217,51.5386249],[-0.0619713,51.5385244],[-0.0619513,51.5384762],[-0.0619322,51.53845],[-0.0619103,51.5384329]],[[-0.0631512,51.5403238],[-0.0631051,51.5402589]],[[-0.0643819,51.5432398],[-0.0643726,51.5431813],[-0.0642704,51.5428943],[-0.0642287,51.5427771],[-0.0641418,51.5425146],[-0.0641209,51.5424389],[-0.0640255,51.542122],[-0.0639289,51.5418012],[-0.0638007,51.5414598],[-0.0635832,51.5409942],[-0.0634695,51.5408005],[-0.063373,51.540656],[-0.0633259,51.5405854],[-0.0631512,51.5403238]],[[-0.0643819,51.5432398],[-0.0639338,51.5432612],[-0.0638505,51.543264],[-0.063101,51.5432909],[-0.0626846,51.5433049],[-0.0625717,51.5433126]],[[-0.0625717,51.5433126],[-0.062376,51.5433371]],[[-0.062376,51.5433371],[-0.0622595,51.5433517]],[[-0.0622595,51.5433517],[-0.0611004,51.5434966],[-0.0609576,51.5435115],[-0.0600154,51.5436234],[-0.0598279,51.5436377],[-0.0596681,51.5436312],[-0.0592503,51.543594]],[[-0.0592503,51.543594],[-0.0592018,51.5435834]],[[-0.0592018,51.5435834],[-0.0591456,51.543571]],[[-0.0591456,51.543571],[-0.0590894,51.5435587]],[[-0.0590894,51.5435587],[-0.0580879,51.5433856],[-0.0579908,51.5433703],[-0.0579803,51.5433691],[-0.0578466,51.543354],[-0.0576877,51.5433583],[-0.0576497,51.5433619],[-0.0575292,51.5433733],[-0.057195,51.5434113],[-0.0570597,51.5434256],[-0.0570168,51.5434311],[-0.0569057,51.543445],[-0.0566205,51.5434803]],[[-0.0566205,51.5434803],[-0.0558874,51.5435698]],[[-0.0558874,51.5435698],[-0.05565,51.543596],[-0.0556332,51.5435978],[-0.0556006,51.5436014],[-0.0555278,51.5436179],[-0.0554899,51.5436252],[-0.0553351,51.5436274]],[[-0.0552099,51.5456797],[-0.0552157,51.5457426],[-0.0552395,51.545779]],[[-0.0552361,51.5459047],[-0.0551121,51.5458992]],[[-0.0478336,51.5467948],[-0.0478243,51.5469005],[-0.047824,51.5469304],[-0.047824,51.547029],[-0.0478409,51.5471564],[-0.0478468,51.5471928]],[[-0.0478468,51.5471928],[-0.0478463,51.5472528],[-0.0478297,51.5472888],[-0.0478181,51.5473205]],[[-0.0478181,51.5473205],[-0.0478003,51.5473679],[-0.0477825,51.5474331],[-0.0477597,51.5475167],[-0.0477445,51.5476248]],[[-0.0477445,51.5476248],[-0.0477113,51.5478621],[-0.0477049,51.5479081],[-0.0476987,51.5479452],[-0.0476751,51.5480505]],[[-0.0476751,51.5480505],[-0.047559,51.5480489]],[[-0.0470219,51.5480334],[-0.0470191,51.5480945],[-0.0470249,51.5481425],[-0.0471126,51.5483918],[-0.047221,51.5486225],[-0.0472716,51.548732],[-0.0473823,51.5489596],[-0.0474764,51.5491533],[-0.0474932,51.5491879]],[[-0.0474932,51.5491879],[-0.0474404,51.5491971],[-0.04742,51.5492007]],[[-0.04742,51.5492007],[-0.0471264,51.5492522]],[[-0.0471264,51.5492522],[-0.0469854,51.549277]],[[-0.0469854,51.549277],[-0.0468895,51.5492951],[-0.0467578,51.5493178],[-0.0463983,51.5493868]],[[-0.0463983,51.5493868],[-0.0460896,51.5494462]],[[-0.0460896,51.5494462],[-0.0458568,51.5494922],[-0.0456886,51.549521],[-0.0456005,51.5495376],[-0.0455141,51.5495555]],[[-0.0455141,51.5495555],[-0.0453851,51.5495823],[-0.0453044,51.549599],[-0.0451516,51.5496354],[-0.0450085,51.549671]],[[-0.0446513,51.5497665],[-0.0444172,51.5498291],[-0.0443847,51.5498378]],[[-0.0443847,51.5498378],[-0.0443661,51.5498428],[-0.0442842,51.5498625]],[[-0.0596663,51.5346596],[-0.0596941,51.5347986],[-0.0597349,51.5350615],[-0.0597538,51.5352935],[-0.0597544,51.5353016],[-0.0597637,51.5354159],[-0.0597902,51.5357206]],[[-0.0596219,51.5343367],[-0.0596209,51.5343936],[-0.0596453,51.5345691],[-0.0596663,51.5346596]],[[-0.0608927,51.534951],[-0.060858,51.5349192],[-0.0606786,51.5347593],[-0.0605853,51.5346795],[-0.0604918,51.5346116],[-0.060416,51.5345676],[-0.06029,51.5345064],[-0.0601405,51.5344455],[-0.0599554,51.5343826],[-0.0598712,51.5343576],[-0.0598228,51.534347],[-0.0597678,51.5343414],[-0.0597123,51.5343402],[-0.0596219,51.5343367]],[[-0.0614854,51.5354302],[-0.0613663,51.5353762],[-0.0613291,51.5353489],[-0.0612745,51.5353042],[-0.0611773,51.5352116],[-0.0610062,51.535055],[-0.0608927,51.534951]],[[-0.0623096,51.5356517],[-0.0622683,51.5356453],[-0.0622417,51.5356404],[-0.0617395,51.5355364],[-0.0616137,51.5354983],[-0.0614854,51.5354302]],[[-0.0862938,51.5312159],[-0.0864043,51.5312075],[-0.0865119,51.5311933],[-0.0865653,51.5311865],[-0.0867165,51.5311687],[-0.086765,51.5311632],[-0.0868366,51.531154],[-0.0870434,51.5311301],[-0.0870996,51.5311236],[-0.0874792,51.5310801],[-0.087681,51.5310546],[-0.0878057,51.5310385],[-0.0881727,51.5309915],[-0.0883392,51.5309702],[-0.0884149,51.5309622],[-0.0892329,51.5308723],[-0.0893658,51.530858],[-0.089874,51.5307957],[-0.0902173,51.5307538],[-0.0908302,51.5306907],[-0.0910404,51.5306691],[-0.091123,51.5306578],[-0.0912681,51.5306417]],[[-0.0912681,51.5306417],[-0.091873,51.5305663],[-0.0923777,51.5305045],[-0.092436,51.5304983],[-0.0924814,51.5304923]],[[-0.09181,51.5284416],[-0.0917775,51.5284146]],[[-0.0917775,51.5284146],[-0.0917577,51.5283731],[-0.0917605,51.5283389],[-0.0917467,51.5283037],[-0.09171590449706538,51.52826133844412]],[[-0.0841021,51.5262541],[-0.0841788,51.5262349],[-0.0842681,51.5262252],[-0.0844679,51.5262384],[-0.0846277,51.5262397],[-0.0847004,51.5262386],[-0.0847997,51.5262825]],[[-0.0856248,51.5261393],[-0.08564084521463149,51.52610872603919]],[[-0.08588236777510865,51.52604675214988],[-0.0859292,51.5260637]],[[-0.0866054,51.525897],[-0.08665326038175933,51.525855718613315]],[[-0.0687705,51.5574599],[-0.0687067,51.5574225],[-0.0686836,51.5573993],[-0.0686567,51.5573575],[-0.0686426,51.5572869]],[[-0.0686426,51.5572869],[-0.06854,51.5571265],[-0.0684324,51.5569463],[-0.0684169,51.5569146],[-0.0683602,51.5567991],[-0.0683297,51.5567277],[-0.0683094,51.5566709],[-0.0682952,51.5566125],[-0.0682676,51.5564993],[-0.0682489,51.5563952],[-0.06821,51.5561748],[-0.0681935,51.55607],[-0.0681617,51.5558681],[-0.068138,51.5556376],[-0.0681285,51.5555755]],[[-0.0681285,51.5555755],[-0.0681303,51.5555071],[-0.0681339,51.5553645],[-0.0681623,51.5552249],[-0.0682031,51.5550823],[-0.0682571,51.5549192],[-0.0682814,51.5548217],[-0.0682846,51.5548091],[-0.0683148,51.5547347],[-0.0683726,51.5546672]],[[-0.0683726,51.5546672],[-0.0682871,51.5545468]],[[-0.0682871,51.5545468],[-0.0681788,51.5544236],[-0.0681453,51.5543838],[-0.0681151,51.5543504],[-0.0680374,51.5542671],[-0.0678193,51.5540192],[-0.0677571,51.553948],[-0.0676919,51.5538746],[-0.0673973,51.553543],[-0.0670473,51.5531399],[-0.0668467,51.55291],[-0.0666679,51.5527117],[-0.0666402,51.5526766],[-0.0666007,51.552631],[-0.0663214,51.5523078],[-0.0662858,51.552264],[-0.0661927,51.5521505],[-0.0660686,51.5520216],[-0.0660284,51.5519798]],[[-0.0660284,51.5519798],[-0.0659251,51.5518512]],[[-0.0659251,51.5518512],[-0.0658967,51.5518149],[-0.0658751,51.5517878],[-0.0657834,51.5516847],[-0.0656926,51.5515931],[-0.0656698,51.5515735],[-0.0656294,51.5515374]],[[-0.0656294,51.5515374],[-0.0655551,51.5514589]],[[-0.0655551,51.5514589],[-0.0652517,51.5512128],[-0.0649837,51.5510164],[-0.0646309,51.550793],[-0.064305,51.5506133],[-0.0640059,51.5504602],[-0.0639857,51.5504499],[-0.0637892,51.5503624],[-0.063732,51.5503369],[-0.0636673,51.5503081],[-0.0636018,51.5502789]],[[-0.0636018,51.5502789],[-0.063424,51.5502135],[-0.0630988,51.5500971],[-0.062613,51.5499425],[-0.06209,51.5498213],[-0.0615082,51.549706]],[[-0.0615082,51.549706],[-0.0614412,51.5496919]],[[-0.0614412,51.5496919],[-0.0612145,51.549652],[-0.0610382,51.5496259],[-0.0609578,51.5496203],[-0.0608589,51.5496138],[-0.0607085,51.5496045],[-0.0605135,51.5495943],[-0.0602279,51.5495716],[-0.060173,51.5495683],[-0.0600177,51.5495604]],[[-0.0600177,51.5495604],[-0.0598793,51.5495554]],[[-0.0598793,51.5495554],[-0.0598595,51.5495545]],[[-0.0450085,51.549671],[-0.0448905,51.5497026],[-0.0448116,51.5497226],[-0.0447471,51.5497398],[-0.04469,51.5497551],[-0.0446513,51.5497665]],[[-0.0291466,51.5471205],[-0.029104,51.547099],[-0.0290418,51.547064],[-0.0287263,51.5468862],[-0.0285221,51.546768],[-0.0282996,51.5466439],[-0.0282618,51.5466227],[-0.027947,51.5464402],[-0.0278419,51.5463871],[-0.0275756,51.5462376],[-0.0272868,51.5460667],[-0.0272012,51.5460272],[-0.0271152,51.546005],[-0.0270044,51.5460006],[-0.0267558,51.5459976],[-0.0265044,51.5459923],[-0.0264454,51.5459903],[-0.0263673,51.545978]],[[-0.0263673,51.545978],[-0.0263125,51.545964],[-0.026264,51.5459365],[-0.0261827,51.5458248],[-0.026147,51.5457757],[-0.0260865,51.5456945],[-0.0259207,51.5454719],[-0.0258642,51.5453961],[-0.025835,51.5453568],[-0.0257193,51.5452038],[-0.0256673,51.545128],[-0.0255585,51.5449692]],[[-0.0255585,51.5449692],[-0.0253203,51.5445991],[-0.0251195,51.5442758]],[[-0.0251195,51.5442758],[-0.0250573,51.5441845],[-0.0250412,51.5441395],[-0.0250565,51.5440952],[-0.025328,51.5437483],[-0.0253851,51.5436754],[-0.0254351,51.5436107],[-0.0254595,51.5435788],[-0.0255152,51.5435058],[-0.0255466,51.5434646],[-0.0255724,51.5434195],[-0.0255796,51.5433911],[-0.025579,51.5433547],[-0.025576349773323594,51.543338798639944]],[[-0.0686426,51.5572869],[-0.0686927,51.5573112],[-0.0687279,51.5573224],[-0.0687935,51.5573258],[-0.0688834,51.5573253]],[[-0.074274,51.5572207],[-0.0743637,51.5572535],[-0.0744326,51.5572788],[-0.0744758,51.5573129],[-0.0745084,51.5573327]],[[-0.0456186044614255,51.562157791553986],[-0.0456202,51.5621571]],[[-0.0456202,51.5621571],[-0.0457594,51.5620968],[-0.0458783,51.5620867]],[[-0.0459342,51.5620586],[-0.0458783,51.5620867]],[[-0.046079,51.5619952],[-0.0459342,51.5620586]],[[-0.0462179,51.5619379],[-0.046079,51.5619952]],[[-0.0462741,51.561915],[-0.0462179,51.5619379]],[[-0.0463143,51.5618953],[-0.0462741,51.561915]],[[-0.0463326,51.5618864],[-0.0463143,51.5618953]],[[-0.0465533,51.5617836],[-0.0463326,51.5618864]],[[-0.0475213,51.5613605],[-0.0465533,51.5617836]],[[-0.0487048,51.5608551],[-0.0484326,51.5609724],[-0.0475213,51.5613605]],[[-0.0488127,51.5608094],[-0.0487719,51.5608267],[-0.0487048,51.5608551]],[[-0.0488357,51.5607997],[-0.0488127,51.5608094]],[[-0.0489649,51.5607441],[-0.0488357,51.5607997]],[[-0.0490623,51.5607002],[-0.0489649,51.5607441]],[[-0.0491134,51.5606772],[-0.0490895,51.5606879],[-0.0490623,51.5607002]],[[-0.0491816,51.5606475],[-0.0491326,51.5606686],[-0.0491134,51.5606772]],[[-0.0494295,51.5605396],[-0.0491816,51.5606475]],[[-0.0496569,51.5604415],[-0.0494295,51.5605396]],[[-0.0525146,51.5592337],[-0.0510832,51.5598445],[-0.0508776,51.55993],[-0.04983,51.5603657],[-0.0496569,51.5604415]],[[-0.0528477,51.5590902],[-0.0527571,51.5591279],[-0.0526041,51.5591946],[-0.0525146,51.5592337]],[[-0.0529311,51.5590552],[-0.0528477,51.5590902]],[[-0.0529845,51.5590329],[-0.0529311,51.5590552]],[[-0.0530261,51.5590154],[-0.0529845,51.5590329]],[[-0.0531901,51.5589575],[-0.0530991,51.5589891],[-0.0530448,51.5590086],[-0.0530261,51.5590154]],[[-0.0534392,51.5588986],[-0.0531901,51.5589575]],[[-0.0539199,51.5587886],[-0.0537487,51.5588262],[-0.0534392,51.5588986]],[[-0.054631,51.5586207],[-0.0539199,51.5587886]],[[-0.0548559,51.558575],[-0.0547789,51.5585909],[-0.0547296,51.5586008],[-0.054631,51.5586207]],[[-0.0548559,51.558575],[-0.0548837,51.5585236],[-0.0549136,51.558508]],[[-0.0549136,51.558508],[-0.0550247,51.5584655]],[[-0.0550247,51.5584655],[-0.0550735,51.5584462]],[[-0.0550735,51.5584462],[-0.055096,51.5584362]],[[-0.055096,51.5584362],[-0.0551716,51.5584033]],[[-0.0551716,51.5584033],[-0.0552239,51.5583814],[-0.0553168,51.55834]],[[-0.0555183,51.5560856],[-0.0553552,51.5561386]],[[-0.055959,51.5559452],[-0.0556289,51.5560515],[-0.0555719,51.5560691],[-0.0555183,51.5560856]],[[-0.0566352,51.5557351],[-0.0565353,51.5557779],[-0.0564214,51.5558108],[-0.0562084,51.555873],[-0.0560915,51.5559058],[-0.0560653,51.5559123],[-0.055959,51.5559452]],[[-0.0577626,51.5528953],[-0.0576541,51.5529956],[-0.0576221,51.5530252],[-0.0575795,51.5530645],[-0.0573732,51.5532692],[-0.0573425,51.5533136],[-0.0572916,51.5533871],[-0.057216,51.5535115],[-0.0571625,51.5536051],[-0.0571037,51.5537345],[-0.0570683,51.5538692],[-0.0570053,51.5544122],[-0.0569906,51.5545705],[-0.0569747,51.5547422],[-0.0569241,51.5552759],[-0.0568851,51.5554351],[-0.0568422,51.5555151],[-0.0568117,51.5555798],[-0.0567312,51.5556636],[-0.0566352,51.5557351]],[[-0.0579204,51.5527413],[-0.0579003,51.5527636],[-0.0578351,51.5528257],[-0.0577626,51.5528953]],[[-0.0579652,51.5526835],[-0.0579204,51.5527413]],[[-0.0580766,51.5524662],[-0.0580524,51.5525182],[-0.0580301,51.5525663],[-0.0579848,51.5526508],[-0.0579652,51.5526835]],[[-0.0581278,51.5523561],[-0.0580766,51.5524662]],[[-0.0581635,51.5522793],[-0.0581278,51.5523561]],[[-0.0582449,51.5521043],[-0.0581847,51.5522337],[-0.0581635,51.5522793]],[[-0.0583274,51.5519268],[-0.0582449,51.5521043]],[[-0.0583753,51.5518238],[-0.0583684,51.5518387],[-0.0583274,51.5519268]],[[-0.0584264,51.5517134],[-0.0584068,51.5517565],[-0.0583753,51.5518238]],[[-0.0585979,51.5513361],[-0.0585732,51.5513904],[-0.0584264,51.5517134]],[[-0.0586114,51.5513064],[-0.0585979,51.5513361]],[[-0.0587114,51.5510855],[-0.0586271,51.5512717],[-0.0586114,51.5513064]],[[-0.0587212,51.5510637],[-0.0587164,51.5510744],[-0.0587114,51.5510855]],[[-0.0588529,51.5507747],[-0.0588192,51.5508475],[-0.0587212,51.5510637]],[[-0.0592943,51.5498878],[-0.0592039,51.5500393],[-0.0590821,51.5502789],[-0.0588529,51.5507747]],[[-0.0593358,51.5498184],[-0.0592943,51.5498878]],[[-0.0593761,51.5497569],[-0.0593358,51.5498184]],[[-0.0594356,51.5497013],[-0.0594081,51.5497224],[-0.0593761,51.5497569]],[[-0.0594894,51.5496687],[-0.0594523,51.5496903],[-0.0594409,51.5496981],[-0.0594356,51.5497013]],[[-0.0596531,51.5495466],[-0.0596266,51.549584],[-0.0596077,51.5496065],[-0.0595776,51.5496257],[-0.0594894,51.5496687]],[[-0.0561852,51.5587109],[-0.0560861,51.5587625],[-0.055987,51.5587946],[-0.0559063,51.558812],[-0.0558393,51.5588148],[-0.0557785,51.5588069],[-0.055729,51.558795],[-0.055644,51.5587703]],[[-0.0554653,51.5586676],[-0.055298,51.5586332],[-0.0551837,51.5586148],[-0.0551239,51.5586076],[-0.0550818,51.5586041],[-0.0549472,51.5585995],[-0.0548559,51.558575]],[[-0.0458783,51.5620867],[-0.0458274,51.5621443],[-0.0456974,51.5622014]],[[-0.0456974,51.5622014],[-0.04567904014335662,51.56220947293696]],[[-0.083957,51.5263954],[-0.0839845,51.5263532],[-0.0840123,51.5263279],[-0.0840373,51.5263018],[-0.0841021,51.5262541]],[[-0.0724888,51.5511419],[-0.0723593,51.5512348],[-0.0722981,51.551281],[-0.0722683,51.5513034],[-0.0722229,51.5513472]],[[-0.0722229,51.5513472],[-0.072187,51.5513879],[-0.0721324,51.5514774],[-0.0720593,51.5516282],[-0.0719153,51.5518876],[-0.0717626,51.5520342],[-0.0716173,51.5521337],[-0.0715083,51.5521878],[-0.0711809,51.5523197],[-0.0711454,51.552334],[-0.0708505,51.5524351],[-0.0707499,51.552476],[-0.0704923,51.5525801],[-0.0704059,51.552615]],[[-0.0704059,51.552615],[-0.0703587,51.552678],[-0.0701884,51.5527984],[-0.0701193,51.5528452],[-0.0700985,51.5528636],[-0.0700562,51.5529011],[-0.069612,51.5532903],[-0.0695644,51.5533254],[-0.0694854,51.5533834],[-0.0693545,51.5534795],[-0.0692837,51.5535175],[-0.0691634,51.5535518]],[[-0.0691634,51.5535518],[-0.0690243,51.5536888],[-0.0688431,51.5538641],[-0.0686432,51.5541054]],[[-0.0686432,51.5541054],[-0.0684872,51.5543079],[-0.0684286,51.5543872],[-0.0684068,51.5544135],[-0.0682871,51.5545468]],[[-0.0678968,51.555566],[-0.0680393,51.5555721],[-0.068073,51.5555733],[-0.0681285,51.5555755]],[[-0.0664554,51.5555116],[-0.0665477,51.555501],[-0.0667281,51.5555078],[-0.0669205,51.5555172],[-0.0672702,51.5555347],[-0.0674532,51.5555438],[-0.0678968,51.555566]],[[-0.0663626,51.5555092],[-0.0664156,51.5555106],[-0.0664554,51.5555116]],[[-0.0662776,51.5555069],[-0.0663626,51.5555092]],[[-0.0662335,51.5555057],[-0.0662776,51.5555069]],[[-0.0662044,51.555505],[-0.0662335,51.5555057]],[[-0.0657526,51.555489],[-0.0661396,51.5554919],[-0.0662044,51.555505]],[[-0.0656082,51.5554906],[-0.0657526,51.555489]],[[-0.0656082,51.5554906],[-0.0656085,51.5555371],[-0.0656102,51.5557742],[-0.065606,51.555807],[-0.0655919,51.5558576],[-0.0655095,51.5560544],[-0.0654636,51.5561404],[-0.0653866,51.5562659],[-0.0652827,51.5564136],[-0.0651912,51.5565379],[-0.0650241,51.556779],[-0.0648734,51.5569759],[-0.0648307,51.5570358],[-0.064798,51.5570883],[-0.0645231,51.5574948],[-0.0645089,51.5575158],[-0.0644637,51.5575826],[-0.0643561,51.5577557],[-0.0643037,51.55784],[-0.0641807,51.5580616],[-0.0640953,51.5582096],[-0.0640036,51.55836],[-0.0639358,51.5584548],[-0.0638686,51.5585272],[-0.0638412,51.5585502],[-0.0637905,51.5585861]],[[-0.0637905,51.5585861],[-0.0636759,51.558565],[-0.0635669,51.5585464],[-0.0634203,51.5585342],[-0.0622628,51.5584431],[-0.0621131,51.5584311],[-0.0617863,51.5584099],[-0.0616067,51.5584007],[-0.061577,51.5583991],[-0.0614687,51.5583935],[-0.061128,51.5583799],[-0.0607578,51.5583688],[-0.0606836,51.5583656],[-0.0599317,51.5583328],[-0.0597325,51.5583256]],[[-0.0597325,51.5583256],[-0.0594221,51.5583217],[-0.0593994,51.558322]],[[-0.0593994,51.558322],[-0.0592617,51.5583238],[-0.0591134,51.5583285],[-0.059023,51.5583323],[-0.0586536,51.5583477],[-0.0585561,51.5583519],[-0.0582278,51.5583661],[-0.0581679,51.5583687],[-0.0581037,51.5583715],[-0.0579148,51.5583812]],[[-0.0579148,51.5583812],[-0.057833,51.5583832]],[[-0.057833,51.5583832],[-0.0577667,51.5583864]],[[-0.0577667,51.5583864],[-0.0574526,51.5583914]],[[-0.0574526,51.5583914],[-0.0573842,51.5583925]],[[-0.0573842,51.5583925],[-0.0571456,51.5583944],[-0.0570193,51.5583945],[-0.0569642,51.5583912]],[[-0.0569642,51.5583912],[-0.0568652,51.5584106],[-0.0566844,51.5584382]],[[-0.0566844,51.5584382],[-0.0566294,51.5584488]],[[-0.0566294,51.5584488],[-0.0565293,51.5584858],[-0.0564478,51.5585223],[-0.0563235,51.558574]],[[-0.0514055,51.5509356],[-0.0513658,51.550866],[-0.0513489,51.5508327],[-0.0513427,51.5507771]],[[-0.0513427,51.5507771],[-0.0512324,51.5505081],[-0.0511665,51.5503469],[-0.0511397,51.5502862],[-0.0511145,51.5502218],[-0.0510422,51.5500299],[-0.0508339,51.5494857],[-0.050762,51.5492912],[-0.0507092,51.5491664],[-0.050616,51.5489099],[-0.0505912,51.5488639]],[[-0.0505912,51.5488639],[-0.0505681,51.5488295],[-0.0505389,51.5487998],[-0.0505038,51.5487719],[-0.0504233,51.5487284],[-0.0503013,51.5486799],[-0.0500144,51.5485664]],[[-0.0500144,51.5485664],[-0.0497988,51.5484874],[-0.0494087,51.5483399],[-0.0492671,51.5482962],[-0.0491093,51.5482552],[-0.0488491,51.5482106],[-0.0484548,51.5481531]],[[-0.0484548,51.5481531],[-0.0478939,51.5480713]],[[-0.0478939,51.5480713],[-0.0478632,51.5480672],[-0.0478189,51.548063],[-0.047773,51.5480578],[-0.0476751,51.5480505]],[[-0.0379907,51.5491887],[-0.0379436,51.5490977],[-0.0378613,51.5489386],[-0.037697,51.548561]],[[-0.037697,51.548561],[-0.0376541,51.5484492],[-0.0374944,51.5480526],[-0.0374035,51.5478409],[-0.0372069,51.5473775],[-0.0370744,51.5470604]],[[-0.0370744,51.5470604],[-0.0370243,51.5468922]],[[-0.0370243,51.5468922],[-0.0369737,51.5467568]],[[-0.0369737,51.5467568],[-0.0369428,51.5466742],[-0.0368664,51.5465243],[-0.0367752,51.546405],[-0.0366532,51.5463005]],[[-0.0366532,51.5463005],[-0.0364124,51.5461022],[-0.0361485,51.545904],[-0.0360558,51.5458202],[-0.0359841,51.5457502],[-0.0358792,51.5456009],[-0.0357548,51.5453805]],[[-0.0357548,51.5453805],[-0.0356629,51.5453203],[-0.0355806,51.545282]],[[-0.0355806,51.545282],[-0.0355389,51.5452601],[-0.0354648,51.5452305],[-0.0353548,51.5451932]],[[-0.0294468,51.5444073],[-0.0293381,51.5443435],[-0.0292904,51.5443212],[-0.0291549,51.5442903]],[[-0.0291549,51.5442903],[-0.0290172,51.5442123],[-0.0289749,51.5441881],[-0.0288965,51.5441528],[-0.0287813,51.5441186],[-0.0286825,51.5440941],[-0.0285865,51.5440703],[-0.0284963,51.544048]],[[-0.0284963,51.544048],[-0.0283092,51.5440017],[-0.0281653,51.5439644],[-0.0280623,51.5439245],[-0.027999,51.5438647],[-0.0274998,51.5430601],[-0.0274761,51.5430246],[-0.0274288,51.5429428],[-0.0273961,51.5428737],[-0.0273314,51.5426946]],[[-0.0273314,51.5426946],[-0.027327475010120447,51.54268102987995]],[[-0.0357774,51.5451824],[-0.0357541,51.5452415],[-0.0357494,51.5452741]],[[-0.0357494,51.5452741],[-0.0357513,51.5453198],[-0.0357548,51.5453805]],[[-0.0513427,51.5507771],[-0.0514157,51.5508223],[-0.0514392,51.5508514],[-0.0514883,51.550909]],[[-0.0514883,51.550909],[-0.0515347,51.5509667]],[[-0.0515347,51.5509667],[-0.0515596,51.5510128]],[[-0.0515596,51.5510128],[-0.0515762,51.5510663]],[[-0.0515762,51.5510663],[-0.0515784,51.5510825]],[[-0.0562606,51.5582678],[-0.0564006,51.5582855],[-0.0564469,51.5582996],[-0.0565166,51.5583266],[-0.0565755,51.5583453],[-0.0566514,51.5583635],[-0.0568221,51.5583745],[-0.056869,51.55838]],[[-0.056869,51.55838],[-0.0569642,51.5583912]],[[-0.0691634,51.5535518],[-0.0691313,51.553467],[-0.0691378,51.5534122],[-0.0691689,51.553329],[-0.0692453,51.553221],[-0.0695561,51.5529764]],[[-0.0695561,51.5529764],[-0.0696595,51.552906],[-0.0697772,51.5528338]],[[-0.0697772,51.5528338],[-0.0698439,51.5527979],[-0.0699526,51.5527504],[-0.0699811,51.552738],[-0.0700445,51.5527171],[-0.0702891,51.5526299],[-0.0704059,51.552615]],[[-0.08471995450282027,51.5520558789773],[-0.0846951,51.5520597],[-0.0845911,51.5520695],[-0.08436478275985271,51.55207808323899]],[[-0.0178658,51.5440332],[-0.0179033,51.5440574],[-0.0179257,51.5440996],[-0.0179338,51.5441518],[-0.0179228,51.5441921],[-0.0178895,51.5442768]],[[-0.08144118791155817,51.52118921862703],[-0.0814161,51.5212399]],[[-0.0814161,51.5212399],[-0.0811519,51.5217311],[-0.0811335,51.5217653]],[[-0.0598169,51.5597117],[-0.0598006,51.559142],[-0.0597583,51.5587242]],[[-0.0598169,51.5597117],[-0.0596415,51.559706],[-0.0592837,51.5597159],[-0.0591552,51.5597194],[-0.058746,51.5597362],[-0.0587318,51.5597368],[-0.0585506,51.5597442],[-0.057868,51.5597789],[-0.0577526,51.5597882],[-0.0575337,51.5598059],[-0.0569941,51.5598395],[-0.0566818,51.5598705]],[[-0.0566818,51.5598705],[-0.0566136,51.5598773],[-0.0565443,51.5598842]],[[-0.0459257,51.5448815],[-0.0458303,51.5447889],[-0.045802,51.5447588],[-0.0457686,51.5447292],[-0.0453755,51.5444079]],[[-0.0453755,51.5444079],[-0.0452362,51.544355],[-0.0450113,51.5442644],[-0.0448954,51.5442147],[-0.0448222,51.5441788],[-0.0447768,51.5441514]],[[-0.0447768,51.5441514],[-0.0448267,51.544141],[-0.0449167,51.544116]],[[-0.0449167,51.544116],[-0.0449544,51.5441056]],[[-0.0449544,51.5441056],[-0.045073,51.5440729],[-0.0451475,51.5440514]],[[-0.0451475,51.5440514],[-0.0452017,51.5440368],[-0.0457638,51.5438882],[-0.0458768,51.543858],[-0.0459415,51.5438393],[-0.0464792,51.5436968],[-0.0465281,51.5436839],[-0.0465727,51.5436721],[-0.046982,51.5435656],[-0.047183,51.5435229],[-0.0472981,51.5434992]],[[-0.0472981,51.5434992],[-0.0474162,51.5434717],[-0.0474744,51.543458],[-0.0475058,51.5434434],[-0.0476794,51.5433086],[-0.048288,51.5429067],[-0.0483782,51.5428621]],[[-0.0483782,51.5428621],[-0.0485877,51.5427679],[-0.0486321,51.5427434],[-0.0486975,51.542701],[-0.0487418,51.5426519],[-0.0487725,51.5426109],[-0.0487802,51.5426006],[-0.048815,51.5425155],[-0.0488233,51.5424826],[-0.0488318,51.5424544],[-0.0488446,51.5423847],[-0.0488606,51.5421546],[-0.048867,51.5419005]],[[-0.048867,51.5419005],[-0.0488615,51.541866],[-0.0488535,51.5418428],[-0.0488418,51.5418205],[-0.0488263,51.5417939],[-0.0488009,51.5417415]],[[-0.0474782,51.5419355],[-0.0473959,51.5420796]],[[-0.0473959,51.5420796],[-0.0473747,51.5421209],[-0.0473602,51.5421582],[-0.0473553,51.5421955],[-0.0473466,51.5422556],[-0.0473127,51.5422778]],[[-0.0473127,51.5422778],[-0.0473207,51.5425459]],[[-0.0473207,51.5425459],[-0.0472875,51.5431732]],[[-0.0472875,51.5431732],[-0.0472786,51.5433409],[-0.047279,51.5433664],[-0.0472937,51.5434531],[-0.0472964,51.543469],[-0.0472981,51.5434992]],[[-0.0472981,51.5434992],[-0.047278,51.5435617],[-0.0472751,51.5436003],[-0.047258,51.5436478],[-0.0472375,51.5436848],[-0.0471619,51.5438026],[-0.0468593,51.5441945],[-0.0466813,51.5444262],[-0.0465482,51.5446005],[-0.0463736,51.5448303],[-0.046303,51.5449048],[-0.0462197,51.5449795],[-0.0461625,51.5450009]],[[-0.0461625,51.5450009],[-0.0461243,51.545018],[-0.0460508,51.5450397]],[[-0.0673184,51.5736283],[-0.0672469,51.5734331],[-0.0670758,51.5730442],[-0.0670329,51.5729651],[-0.0669931,51.5729102]],[[-0.0669931,51.5729102],[-0.067106,51.5728904],[-0.0682344,51.5726194],[-0.0683859,51.5725742],[-0.0684195,51.572545],[-0.0684568,51.5724702]],[[-0.0722727,51.5747853],[-0.0721416,51.5747815],[-0.0718688,51.5747735],[-0.0711213,51.5747518],[-0.0709371,51.5747571],[-0.0707402,51.574782],[-0.0695945,51.5749484],[-0.0682875,51.5751465],[-0.0679447,51.5751984]],[[-0.0679447,51.5751984],[-0.0674514,51.5752768],[-0.0670363,51.575346],[-0.0666663,51.5754076],[-0.0657517,51.5755566]],[[-0.0657517,51.5755566],[-0.0655657,51.5755891],[-0.0648268,51.5757183]],[[-0.06535709309263196,51.57689320910717],[-0.0651877,51.5765178],[-0.0649977,51.576097],[-0.0648268,51.5757183]],[[-0.0723423,51.574135],[-0.0721977,51.5741314],[-0.0709786,51.5741007],[-0.0706489,51.5740934],[-0.0703986,51.5740978],[-0.0701107,51.5740873],[-0.069767,51.5739882],[-0.0697006,51.573969],[-0.0692729,51.573878],[-0.0689925,51.573849],[-0.0687496,51.5738425],[-0.0687119,51.5738436],[-0.068457,51.5738514],[-0.0680739,51.5738839],[-0.0674402,51.5739606]],[[-0.0674402,51.5739606],[-0.0673419,51.5736924],[-0.0673184,51.5736283]],[[-0.0773475,51.5227202],[-0.0774119,51.5227186],[-0.0774606,51.5227343],[-0.0775007,51.5227493],[-0.0775557,51.5227687],[-0.0776467,51.5227994]],[[-0.0776467,51.5227994],[-0.0778155,51.5228568]],[[-0.0526156,51.5523843],[-0.0525001,51.5524322]],[[-0.0525001,51.5524322],[-0.052453,51.5524529]],[[-0.052453,51.5524529],[-0.052205,51.5525655],[-0.0520966,51.5526118],[-0.0518886,51.5526723],[-0.0513131,51.5528207],[-0.0506359,51.553002],[-0.0504398,51.5530706],[-0.0500149,51.5532272],[-0.0498832,51.5532822],[-0.049812,51.5533102],[-0.0497625,51.5533274]],[[-0.0497625,51.5533274],[-0.0497322,51.5533527],[-0.0496885,51.5533742]],[[-0.0496885,51.5533742],[-0.049634,51.553391],[-0.0495826,51.5533994],[-0.0495248,51.5534055]],[[-0.0410454,51.5525845],[-0.0411913,51.5528573],[-0.0413153,51.5530892],[-0.0413983,51.5532401]],[[-0.0410454,51.5525845],[-0.0423932,51.5523301],[-0.0425852,51.5522957],[-0.0435463,51.5521006],[-0.0439335,51.5520279],[-0.0439737,51.5520208],[-0.0440376,51.552006]],[[-0.0178362,51.5540202],[-0.0180328,51.5538359]],[[-0.0180328,51.5538359],[-0.0182104,51.5536145],[-0.0183207,51.5535179],[-0.018357,51.5534862],[-0.0189403,51.5529463],[-0.0190534,51.5528416]],[[-0.0190534,51.5528416],[-0.019136,51.5527695]],[[-0.019136,51.5527695],[-0.0192623,51.5526683]],[[-0.0192623,51.5526683],[-0.0193844,51.5525754],[-0.0194292,51.5525412],[-0.0194818,51.5524999],[-0.0195749,51.5524249]],[[-0.0195749,51.5524249],[-0.019823,51.5522418]],[[-0.019823,51.5522418],[-0.0198351,51.552233],[-0.0202963,51.5518993]],[[-0.0202963,51.5518993],[-0.0203151,51.5518852],[-0.0204303,51.5517981]],[[-0.0204303,51.5517981],[-0.0204934,51.5517999],[-0.0206801,51.5518322],[-0.0207745,51.5518586],[-0.0209029,51.5518852],[-0.020986,51.5519014],[-0.021062,51.5519617]],[[-0.0211593,51.5519827],[-0.021062,51.5519617]],[[-0.024258,51.5518983],[-0.0228969,51.5519895],[-0.022681,51.5520023],[-0.0224155,51.5520188],[-0.0221286,51.5520336],[-0.0219486,51.5520444],[-0.0217131,51.5520578],[-0.02159,51.5520606],[-0.0214877,51.5520559],[-0.0213879,51.5520357],[-0.0211593,51.5519827]],[[-0.0290254,51.5516889],[-0.0286727,51.5516855],[-0.0281516,51.5516897],[-0.0279381,51.5516914],[-0.0277133,51.5517009],[-0.02686,51.5517495],[-0.0258981,51.551807],[-0.0253847,51.5518381],[-0.0250256,51.5518587],[-0.0249884,51.5518608],[-0.024258,51.5518983]],[[-0.0299039,51.5515987],[-0.0298208,51.5516247],[-0.0297156,51.5516512],[-0.0296391,51.5516656],[-0.0295563,51.5516775],[-0.0294694,51.5516823],[-0.0294009,51.5516837],[-0.0292138,51.5516863],[-0.0290254,51.5516889]],[[-0.0303485,51.5514123],[-0.0300539,51.5515371],[-0.0299039,51.5515987]],[[-0.0307496,51.5512419],[-0.0307051,51.5512613],[-0.0303485,51.5514123]],[[-0.0310634,51.5511085],[-0.0310202,51.5511295],[-0.0308791,51.5511908],[-0.0307496,51.5512419]],[[-0.0488009,51.5417415],[-0.0487923,51.5417022],[-0.0487962,51.5416546],[-0.048799,51.5416407],[-0.0488119,51.5416151]],[[-0.055467,51.5399283],[-0.0555158,51.5399013],[-0.0556049,51.5398731],[-0.0556501,51.5398613],[-0.055812,51.539802],[-0.0558737,51.5397871]],[[-0.0775963,51.5271708],[-0.0776419,51.5271306]],[[-0.0776419,51.5271306],[-0.0777411,51.5270432]],[[-0.0777411,51.5270432],[-0.0777763,51.527013],[-0.0778023,51.5269847]],[[-0.0778023,51.5269847],[-0.0778995,51.5268786]],[[-0.0778995,51.5268786],[-0.0780317,51.5267344]],[[-0.021062,51.5519617],[-0.0209479,51.5519836],[-0.0209016,51.5519765],[-0.0208248,51.5519614],[-0.0207495,51.5519467]],[[-0.0207495,51.5519467],[-0.020702,51.5519349],[-0.0206584,51.5519232],[-0.0205893,51.5519067]],[[-0.0205893,51.5519067],[-0.0205012,51.5519638],[-0.020469,51.5519847]],[[-0.020469,51.5519847],[-0.0203583,51.5520662]],[[-0.0203583,51.5520662],[-0.0200077,51.5523244]],[[-0.0200077,51.5523244],[-0.0198862,51.5524147]],[[-0.0198862,51.5524147],[-0.0197863,51.5524953]],[[-0.0197863,51.5524953],[-0.0197465,51.5525274]],[[-0.0197465,51.5525274],[-0.0196971,51.5525673],[-0.0196642,51.5525912]],[[-0.0196642,51.5525912],[-0.0193381,51.5528523]],[[-0.0193381,51.5528523],[-0.0192517,51.5529306]],[[-0.0192517,51.5529306],[-0.0191853,51.552983],[-0.0189396,51.5531735]],[[-0.0189396,51.5531735],[-0.0188965,51.553203],[-0.0187803,51.553294]],[[-0.0187803,51.553294],[-0.0185555,51.5535075],[-0.0185148,51.5535462],[-0.0183278,51.5537144]],[[-0.0183278,51.5537144],[-0.0182757,51.5537688],[-0.0181925,51.5538508],[-0.0180376,51.5540037]],[[-0.0180376,51.5540037],[-0.0179063,51.5541371]],[[-0.0861991,51.5745067],[-0.0861424,51.5744902],[-0.0860484,51.5744752],[-0.085968,51.5744746],[-0.0858954,51.5744859]],[[-0.0858954,51.5744859],[-0.0858571,51.5744918],[-0.0857813,51.5744792]],[[-0.0730056,51.5736313],[-0.0729039,51.5736429]],[[-0.0729039,51.5736429],[-0.0726828,51.5735901],[-0.0726216,51.5735738],[-0.0724884,51.5735298]],[[-0.0724884,51.5735298],[-0.0723286,51.5734877]],[[-0.0723286,51.5734877],[-0.0722194,51.5734542],[-0.0719306,51.5733315]],[[-0.0719306,51.5733315],[-0.0718399,51.5732542]],[[-0.0670678,51.5719735],[-0.0669625,51.5719571],[-0.0667167,51.5718193]],[[-0.0667167,51.5718193],[-0.0663274,51.5716281],[-0.0660864,51.5715097],[-0.0659175,51.5714267]],[[-0.0659175,51.5714267],[-0.0654631,51.5712034],[-0.0654432,51.5711541]],[[-0.0489649,51.5607441],[-0.0489258,51.5607252],[-0.0488945,51.560707],[-0.0488667,51.5606885],[-0.0488282,51.5606576],[-0.0487939,51.56063],[-0.0484694,51.5603689],[-0.0483347,51.5602605],[-0.0481877,51.5601399],[-0.0480162,51.5600027],[-0.0479837,51.5599743],[-0.0479503,51.5599451],[-0.0477806,51.5598059],[-0.047728,51.5597552],[-0.0476426,51.5596182],[-0.0474738,51.5593248],[-0.0473195,51.5590566],[-0.046998,51.5584811],[-0.046842,51.5582064],[-0.0467557,51.5580026],[-0.046568,51.5575594],[-0.0464854,51.5573203]],[[-0.0464854,51.5573203],[-0.046465,51.5572104],[-0.0464561,51.5571699],[-0.0464556,51.5571348],[-0.046455,51.5570822],[-0.0464543,51.5570537]],[[-0.0464543,51.5570537],[-0.0464601,51.5569881]],[[-0.0452523,51.5544503],[-0.0454237,51.5547938],[-0.045559,51.5550723],[-0.0456117,51.5551769],[-0.0457904,51.5555294],[-0.045874,51.5557063],[-0.0459478,51.5558679],[-0.0460701,51.5561151],[-0.0463392,51.5566319],[-0.0463601,51.556673],[-0.0463773,51.5567074],[-0.0464255,51.5568057]],[[-0.0449481,51.5538302],[-0.0450798,51.5541103],[-0.0452067,51.5543606],[-0.0452523,51.5544503]],[[-0.0443698,51.5526689],[-0.0446139,51.5531693],[-0.0446551,51.5532559],[-0.044807,51.5535485],[-0.0449481,51.5538302]],[[-0.01885421405000996,51.55116220142021],[-0.0191147,51.5511117],[-0.0197292,51.5510036]],[[-0.0197292,51.5510036],[-0.0199314,51.5509368],[-0.0203674,51.5508392],[-0.0204322,51.5508255]],[[-0.0204322,51.5508255],[-0.0206403,51.5507781]],[[-0.0206403,51.5507781],[-0.0208092,51.5507399],[-0.0208625,51.5507278],[-0.021055,51.5506885]],[[-0.021055,51.5506885],[-0.0213127,51.5506459],[-0.0213837,51.5506313],[-0.0215287,51.5506027]],[[-0.0215287,51.5506027],[-0.0215812,51.5505686],[-0.0216315,51.5505417],[-0.0217558,51.5504922],[-0.0218053,51.5504725],[-0.0219363,51.5504024]],[[-0.0219363,51.5504024],[-0.0219834,51.5503716],[-0.022116,51.550266],[-0.022248,51.5500991],[-0.0222763,51.5500166]],[[-0.0222763,51.5500166],[-0.0223847,51.5498075],[-0.0224384,51.5496174],[-0.0224417,51.5495718],[-0.0224412,51.5495484],[-0.0224392,51.5494559],[-0.0224107,51.5493294]],[[-0.0192623,51.5526683],[-0.019275,51.5526302],[-0.0192924,51.5525766],[-0.0193076,51.5525109],[-0.0193085,51.5524742],[-0.0193094,51.5524383]],[[-0.0193094,51.5524383],[-0.0192852,51.5523614],[-0.0192663,51.5523173],[-0.0191996,51.5522365]],[[-0.0191996,51.5522365],[-0.0189319,51.5520477],[-0.0187463,51.5519352],[-0.0186906,51.5519054],[-0.018618,51.5518707],[-0.0184855,51.5518143],[-0.0183384,51.5517645],[-0.0181898,51.5517224],[-0.0180394,51.5516949],[-0.0178814,51.5516747],[-0.0177057,51.5516629],[-0.0174613,51.5516551]],[[-0.0174613,51.5516551],[-0.01718098739297589,51.55165812993862]],[[-0.0226905,51.5464977],[-0.0225733,51.5463562]],[[-0.0225733,51.5463562],[-0.0221703,51.5458988]],[[-0.0221703,51.5458988],[-0.0221308,51.5459141],[-0.0220077,51.5459523],[-0.0215407,51.5461103],[-0.0212387,51.5462124],[-0.0204363,51.5464826],[-0.0203804,51.5465008]],[[-0.0203804,51.5465008],[-0.0203476,51.5465114],[-0.020319,51.546521],[-0.0202885,51.5465309],[-0.0201872,51.5465639],[-0.0201333,51.5465815]]]}},{"type":"Feature","properties":{"kind":"stops"},"geometry":{"type":"MultiPoint","coordinates":[[-0.0971413,51.5698279],[-0.0916587,51.564115],[-0.073115,51.5646008],[-0.0529135,51.5465331],[-0.074885,51.5446614],[-0.0737617,51.5508091],[-0.077932,51.5259947],[-0.0490936,51.5413292],[-0.0637495,51.5432266],[-0.0743524,51.5507289],[-0.042501,51.547069],[-0.0756375,51.5468984],[-0.0664164,51.5483097],[-0.0693327,51.5468528],[-0.0758923,51.5503766],[-0.0830447,51.5265998],[-0.082367,51.5266662],[-0.0294468,51.5444073],[-0.0719643,51.5350131],[-0.0766072,51.5381937],[-0.0551914,51.5418864],[-0.0598106,51.5363967],[-0.0597086,51.5359901],[-0.0459005,51.5424918],[-0.0546203,51.5551934],[-0.0701086,51.5598984],[-0.0803147,51.5669272],[-0.0801591,51.5670789],[-0.0763066,51.5460845],[-0.0860559,51.5261407],[-0.0733749,51.5461957],[-0.0556612,51.5475168],[-0.0570075,51.5479975],[-0.0590606,51.548988],[-0.060555,51.5491354],[-0.0613918,51.5489303],[-0.0610659,51.5496884],[-0.0609655,51.5495748],[-0.0964709,51.5713077],[-0.0966262,51.5719942],[-0.0961922,51.5713391],[-0.0949054,51.5712314],[-0.0942885,51.5714501],[-0.0939373,51.5713437],[-0.095149,51.5709444],[-0.0951702,51.5698887],[-0.0564763,51.5619984],[-0.0574666,51.5618443],[-0.0574073,51.5622917],[-0.0567707,51.5618656],[-0.0754681,51.5484665],[-0.0752447,51.5488229],[-0.0702803,51.5398026],[-0.0700386,51.5399402],[-0.1002261,51.5673738],[-0.0340372,51.5501703],[-0.0697543,51.562673],[-0.0777771,51.5745682],[-0.0770196,51.5743128],[-0.072988,51.5647845],[-0.0852544,51.574641],[-0.0875741,51.5737117],[-0.087392,51.5735376],[-0.0746419,51.5557029],[-0.074398,51.5560149],[-0.0572753,51.5351377],[-0.0838552,51.5441668],[-0.0732113,51.5645927],[-0.0717864,51.5644184],[-0.0716295,51.5643315],[-0.03653,51.5461091],[-0.0824601,51.558497],[-0.08792,51.5532312],[-0.0782981,51.550487],[-0.0403452,51.5451772],[-0.0773875,51.5622944],[-0.0779665,51.5621861],[-0.0866986,51.5369329],[-0.0358987,51.545772],[-0.0257978,51.5451841],[-0.0258528,51.5454783],[-0.0866905,51.5298045],[-0.0602478,51.5375893],[-0.0607115,51.5375996],[-0.0565544,51.5597198],[-0.0727037,51.5605235],[-0.0734382,51.5606043],[-0.0561227,51.5593533],[-0.070452,51.5377546],[-0.0701987,51.5375872],[-0.037305,51.5477461],[-0.0442936,51.5523329],[-0.0483138,51.561111],[-0.0470679,51.5615018],[-0.0922691,51.5633311],[-0.077833,51.5461626],[-0.0897661,51.5553228],[-0.0892584,51.5549046],[-0.0392835,51.5439746],[-0.0823635,51.5588387],[-0.0602035,51.5653579],[-0.0937033,51.5658162],[-0.028433,51.5489291],[-0.0781403,51.5219163],[-0.0783326,51.5219024],[-0.0781544,51.5222558],[-0.0811905,51.5464422],[-0.079785,51.5239391],[-0.0797314,51.5240759],[-0.0694178,51.5468678],[-0.0691891,51.5469884],[-0.0757237,51.5469018],[-0.0755592,51.5466537],[-0.0373021,51.5544803],[-0.078174,51.5424402],[-0.0736061,51.5624887],[-0.0735023,51.5627998],[-0.0525959,51.5592996],[-0.0546334,51.5585551],[-0.0658956,51.5714449],[-0.0550918,51.5556],[-0.0561457,51.5559503],[-0.0539471,51.5499542],[-0.0437596,51.5516441],[-0.0823751,51.5267093],[-0.0816809,51.5748916],[-0.0813624,51.5747819],[-0.0653067,51.5766104],[-0.0650755,51.5764005],[-0.074467,51.5300267],[-0.0840317,51.5566107],[-0.0839149,51.5563853],[-0.0764289,51.5278616],[-0.0859742,51.5388392],[-0.0854633,51.5402222],[-0.0768624,51.5382237],[-0.0765989,51.5385643],[-0.0662708,51.5521284],[-0.0659831,51.552052],[-0.0729819,51.5700752],[-0.0727427,51.5700022],[-0.0740422,51.5604314],[-0.0888637,51.5348241],[-0.0884455,51.5345128],[-0.0452431,51.547993],[-0.046261,51.5479545],[-0.0463017,51.5480869],[-0.0724426,51.574348],[-0.0721869,51.5743985],[-0.0769205,51.5223093],[-0.0838137,51.5431246],[-0.0836008,51.5429912],[-0.0568833,51.5547372],[-0.0810952,51.5310823],[-0.0808757,51.5309859],[-0.0288772,51.5491663],[-0.0471946,51.548369],[-0.060564,51.5671899],[-0.1031476,51.5640007],[-0.0989578,51.5618206],[-0.0773758,51.5302052],[-0.0773781,51.5296608],[-0.0781559,51.5307975],[-0.0783178,51.5307047],[-0.0769361,51.5316606],[-0.0772137,51.5327591],[-0.0771602,51.5323033],[-0.0636745,51.5628839],[-0.0631604,51.5627328],[-0.076104,51.5446336],[-0.0759552,51.5442441],[-0.068249,51.5560673],[-0.0609763,51.567422],[-0.0377903,51.5553758],[-0.0512262,51.5514278],[-0.0522002,51.5518698],[-0.0221353,51.5520666],[-0.0228853,51.5519157],[-0.0759476,51.5235699],[-0.0664144,51.5483557],[-0.0668705,51.5482524],[-0.0917129,51.5641601],[-0.0930919,51.5636103],[-0.0460753,51.5410393],[-0.0542231,51.5459981],[-0.0529401,51.546587],[-0.0528919,51.5507768],[-0.0524209,51.5508534],[-0.0528497,51.5506314],[-0.0523024,51.5507243],[-0.0400004,51.5488565],[-0.0395679,51.5488323],[-0.0571315,51.5349505],[-0.0778961,51.5279008],[-0.07801,51.5284323],[-0.0554389,51.5452115],[-0.0551603,51.5452055],[-0.049218,51.5413696],[-0.0492355,51.5411268],[-0.0376738,51.5483303],[-0.047181,51.5493],[-0.0446808,51.5498055],[-0.0440458,51.5498961],[-0.0488929,51.5469825],[-0.0491193,51.5469221],[-0.049488,51.5482963],[-0.0418562,51.5434428],[-0.0366041,51.5446089],[-0.0365941,51.5451341],[-0.0302597,51.5457963],[-0.0300552,51.5452959],[-0.0387022,51.5563598],[-0.0568283,51.5373528],[-0.0918277,51.5611855],[-0.0912983,51.5596397],[-0.0916401,51.5621405],[-0.0784174,51.5425582],[-0.0752389,51.5502953],[-0.0759403,51.5504187],[-0.0761601,51.5501925],[-0.0321502,51.5507528],[-0.032991,51.5503314],[-0.0926304,51.5644157],[-0.0841445,51.5660617],[-0.0838716,51.5660302],[-0.0512281,51.550267],[-0.0510342,51.5502468],[-0.0730667,51.567919],[-0.0728522,51.5677021],[-0.0768411,51.5354272],[-0.0699215,51.5451297],[-0.0650058,51.5366199],[-0.0655245,51.5364918],[-0.0559456,51.5572502],[-0.0559938,51.5575035],[-0.0537045,51.5538872],[-0.0530941,51.5531808],[-0.0749715,51.5657801],[-0.0744772,51.5656523],[-0.0302804,51.5503425],[-0.0303957,51.5506477],[-0.0355451,51.5496761],[-0.0816162,51.5520844],[-0.0699073,51.5571763],[-0.0567616,51.5465408],[-0.0557773,51.5467142],[-0.0538122,51.5401551],[-0.0536488,51.5400613],[-0.0872132,51.5325798],[-0.0867437,51.5321909],[-0.0598358,51.5587249],[-0.0493746,51.5530224],[-0.0765086,51.5413211],[-0.076358,51.5412339],[-0.0393434,51.5573281],[-0.0908686,51.5280577],[-0.0468367,51.5465532],[-0.0466045,51.5399158],[-0.0718707,51.5629935],[-0.0424334,51.5574934],[-0.0794038,51.5272995],[-0.0620076,51.5688314],[-0.0282975,51.5465907],[-0.0276137,51.5463185],[-0.0405987,51.5579598],[-0.0882324,51.5271269],[-0.0866639,51.5300321],[-0.055976,51.5495594],[-0.055689,51.5495634],[-0.0638318,51.5458623],[-0.0645849,51.5458013],[-0.0603797,51.5464308],[-0.0552873,51.5564324],[-0.0851356,51.5524779],[-0.0860565,51.5524702],[-0.0582877,51.5522472],[-0.0582658,51.5518092],[-0.0749757,51.5528453],[-0.0747709,51.5532589],[-0.0887751,51.5280307],[-0.0616432,51.5460654],[-0.0769882,51.5355927],[-0.0830251,51.5314467],[-0.0828733,51.5315712],[-0.0188531,51.5529184],[-0.0870911,51.5653004],[-0.0879937,51.5649642],[-0.0703427,51.531051],[-0.0968071,51.562514],[-0.0957828,51.562753],[-0.0942018,51.5678246],[-0.0939602,51.5672135],[-0.0944835,51.5668687],[-0.0475917,51.5558164],[-0.0468316,51.5564072],[-0.0685476,51.536485],[-0.069511,51.5363436],[-0.0593629,51.5625962],[-0.0700684,51.5423868],[-0.0698498,51.5421933],[-0.0709993,51.5483373],[-0.0708483,51.5484967],[-0.0446913,51.5371883],[-0.044537,51.5373186],[-0.0466319,51.545977],[-0.0703974,51.5747803],[-0.0829149,51.5257856],[-0.0824662,51.5254116],[-0.0400107,51.5538578],[-0.0411605,51.5535305],[-0.0640582,51.5504106],[-0.0635981,51.550356],[-0.0450523,51.5571547],[-0.0455138,51.5571133],[-0.074931,51.551308],[-0.0743219,51.5506775],[-0.0737776,51.550856],[-0.0595069,51.5641869],[-0.0595674,51.5644329],[-0.0274244,51.5430321],[-0.0971847,51.5730136],[-0.0973532,51.5729842],[-0.057161,51.5385404],[-0.0769908,51.5337758],[-0.055381,51.5425161],[-0.0551401,51.5428147],[-0.0455302,51.539552],[-0.074017,51.5737591],[-0.0733323,51.5737694],[-0.0713577,51.5731565],[-0.0715491,51.573064],[-0.0725377,51.5722734],[-0.0727925,51.5726813],[-0.0727182,51.573035],[-0.0724647,51.5724882],[-0.0681392,51.5461874],[-0.0687373,51.5461708],[-0.0682056,51.5566238],[-0.090225,51.5568826],[-0.0684729,51.5620615],[-0.0703273,51.5609227],[-0.0745268,51.5578763],[-0.0835191,51.5607275],[-0.0829983,51.561149],[-0.0629128,51.5380051],[-0.0624874,51.5380749],[-0.0506196,51.5491775],[-0.0287903,51.5474469],[-0.0278302,51.5476464],[-0.0192501,51.553025],[-0.0507362,51.5599158],[-0.0591563,51.5627604],[-0.046905,51.5435403],[-0.0293694,51.5444574],[-0.0299997,51.5446188],[-0.0560573,51.5395592],[-0.0563007,51.5392764],[-0.0554573,51.5405666],[-0.0477397,51.5412152],[-0.0748133,51.5620112],[-0.074566,51.5620775],[-0.093363,51.5287647],[-0.0914248,51.5723657],[-0.0914489,51.5721505],[-0.0971347,51.5697165],[-0.103309,51.5653002],[-0.0846361,51.5420772],[-0.0837467,51.5462589],[-0.0863068,51.5379408],[-0.0879067,51.5273929],[-0.0878978,51.5272029],[-0.0450048,51.5449377],[-0.0517445,51.5527634],[-0.0750823,51.5500704],[-0.0779885,51.5259784],[-0.0526419,51.5626639],[-0.0521095,51.5629318],[-0.0522394,51.564454],[-0.0521399,51.5641989],[-0.051025,51.5661179],[-0.0509048,51.5660586],[-0.0551106,51.5661901],[-0.0549042,51.5660938],[-0.0594952,51.5659182],[-0.0588571,51.5658517],[-0.061486,51.5659979],[-0.0618647,51.5658613],[-0.0643552,51.5658294],[-0.0641625,51.565725],[-0.0862194,51.5602166],[-0.0861592,51.5600833],[-0.0891913,51.5582938],[-0.0762296,51.5345579],[-0.0755009,51.5345067],[-0.0563935,51.5434477],[-0.0567234,51.5435053],[-0.0629743,51.5433694],[-0.0628021,51.5399242],[-0.0634663,51.5406502],[-0.0602057,51.5344201],[-0.0627064,51.5353513],[-0.0657695,51.5350468],[-0.0665474,51.5349645],[-0.0721763,51.5349089],[-0.0842004,51.5323137],[-0.0834932,51.5322863],[-0.085677,51.5317042],[-0.0874792,51.5310801],[-0.0908606,51.5318008],[-0.0474607,51.5415405],[-0.0907059,51.5306542],[-0.0919731,51.5288149],[-0.092021,51.5293562],[-0.0927133,51.5308602],[-0.090174,51.5328554],[-0.0887572,51.5337071],[-0.0614774,51.5358893],[-0.0795164,51.5271654],[-0.0353001,51.5433384],[-0.038298,51.5409516],[-0.0414571,51.5389402],[-0.0456568,51.5378629],[-0.0486948,51.537397],[-0.0540685,51.5363863],[-0.0811792,51.5217635],[-0.043767,51.5491013],[-0.0294829,51.5467967],[-0.0676284,51.5538949],[-0.0689533,51.5538645],[-0.095643,51.5703819],[-0.0697717,51.5442691],[-0.0454136,51.554646],[-0.045557,51.5552868],[-0.0427041,51.5495628],[-0.0688815,51.5350415],[-0.0683172,51.5349675],[-0.0594134,51.5582698],[-0.0645746,51.557299],[-0.0685413,51.5541044],[-0.0683253,51.5501728],[-0.0744052,51.542832],[-0.0473622,51.5433395],[-0.073661,51.5462473],[-0.0556991,51.5474993],[-0.0658875,51.5712683],[-0.0554428,51.5628401],[-0.0562916,51.5470743],[-0.0703597,51.5609381],[-0.0580911,51.5470586],[-0.0600994,51.5479037],[-0.0609527,51.5488503],[-0.0580303,51.5403106],[-0.0577822,51.5415199],[-0.0249209,51.5433901],[-0.0435036,51.5470791],[-0.0803932,51.5248135],[-0.0683229,51.5586205],[-0.0690802,51.5599167],[-0.0714812,51.5641065],[-0.0765772,51.5745092],[-0.0760735,51.5232497],[-0.0756308,51.5311367],[-0.075686,51.531862],[-0.0755346,51.5394],[-0.0750614,51.5457322],[-0.0750028,51.5457349],[-0.0570862,51.538515],[-0.0795413,51.5272408],[-0.0589894,51.5490406],[-0.0764346,51.5412374],[-0.0767302,51.5382413],[-0.0751985,51.5454343],[-0.0606076,51.5491754],[-0.0755655,51.5385622],[-0.0559721,51.5495044],[-0.028481,51.5489054],[-0.0288375,51.5492027],[-0.0191853,51.552983],[-0.0188097,51.544706],[-0.0187231,51.5447466],[-0.0185627,51.5448386],[-0.0274761,51.5430246],[-0.0542834,51.5460444],[-0.0585446,51.5494657],[-0.0236938,51.5434754],[-0.0230635,51.5490518],[-0.0229852,51.5488262],[-0.0452483,51.548041],[-0.0438442,51.5490742],[-0.0440623,51.5499356],[-0.0295438,51.5468157],[-0.0288708,51.5473111],[-0.0551035,51.5419929],[-0.0484221,51.5602341],[-0.0478129,51.559914],[-0.046438,51.557411],[-0.0467262,51.5577217],[-0.0553082,51.5564547],[-0.0756094,51.5453006],[-0.0760388,51.5442498],[-0.0756202,51.5453542],[-0.0299305,51.5446781],[-0.0756534,51.5481741],[-0.0446513,51.5497665],[-0.0471264,51.5492522],[-0.0605885,51.5436094],[-0.0603148,51.5435501],[-0.0560169,51.557639],[-0.0771115,51.5339788],[-0.0831336,51.5465117],[-0.0778559,51.546111],[-0.076312,51.5461242],[-0.0672419,51.5554805],[-0.0582398,51.5584341],[-0.0619464,51.5583661],[-0.0625739,51.5585219],[-0.0651224,51.5567573],[-0.0675838,51.5555921],[-0.0706406,51.5524604],[-0.0709839,51.5524609],[-0.0763952,51.5236928],[-0.0763949,51.5236404],[-0.0404103,51.5452231],[-0.0365572,51.5445635],[-0.0365891,51.5451981],[-0.0775543,51.5256278],[-0.0760059,51.5236403],[-0.0780107,51.5223117],[-0.0772452,51.5244762],[-0.0571904,51.5351323],[-0.0538118,51.5401286],[-0.0458469,51.5424438],[-0.0417989,51.5434126],[-0.0392538,51.5439264],[-0.0301756,51.5457775],[-0.0301365,51.5453031],[-0.0450085,51.5449681],[-0.046982,51.5435656],[-0.0492993,51.5411647],[-0.0536643,51.5401341],[-0.0561363,51.5395824],[-0.0568928,51.537379],[-0.0572054,51.5349505],[-0.0773503,51.5244727],[-0.0772468,51.5249187],[-0.0781749,51.5219908],[-0.0450085,51.549671],[-0.0609157,51.5491975],[-0.0603011,51.5479824],[-0.0803304,51.5669752],[-0.0556835,51.5495085],[-0.0887002,51.528028],[-0.0879747,51.527379],[-0.0879478,51.5271561],[-0.0883366,51.5270841],[-0.0879367,51.526474],[-0.0855747,51.5261521],[-0.0860251,51.5260385],[-0.0756486,51.5466529],[-0.0829265,51.5257411],[-0.082384,51.5254724],[-0.0802957,51.5248256],[-0.0797063,51.5239798],[-0.0797893,51.5240342],[-0.0736565,51.5462959],[-0.0686837,51.546215],[-0.0681633,51.5461379],[-0.075114,51.5462061],[-0.0733749,51.5462475],[-0.0751084,51.5462376],[-0.0760265,51.5443519],[-0.0445603,51.5371685],[-0.0446169,51.5373141],[-0.0456131,51.5395345],[-0.0465479,51.5399438],[-0.0461662,51.5410287],[-0.0476853,51.5412713],[-0.0475427,51.5415521],[-0.055381,51.5405361],[-0.0551829,51.5419921],[-0.0552863,51.5428065],[-0.0552745,51.5451821],[-0.0552739,51.5452029],[-0.0557682,51.5466563],[-0.0567756,51.5465882],[-0.0603742,51.5463595],[-0.0616907,51.5461123],[-0.0638598,51.545799],[-0.0645641,51.5458539],[-0.0745414,51.5656048],[-0.0781601,51.5501976],[-0.0931372,51.5636664],[-0.0921385,51.5633527],[-0.0967876,51.5624922],[-0.0958001,51.5627873],[-0.0927194,51.5643846],[-0.1031932,51.5639514],[-0.0999232,51.5618264],[-0.1002969,51.5674133],[-0.0995584,51.5679788],[-0.1034068,51.5653566],[-0.1033451,51.5653958],[-0.0963642,51.5713627],[-0.0958009,51.5703371],[-0.0963408,51.5713194],[-0.0952724,51.5698769],[-0.0602476,51.537548],[-0.060664,51.5376443],[-0.0703057,51.5376323],[-0.0650028,51.5365794],[-0.0701426,51.5397948],[-0.0701274,51.5399466],[-0.0655424,51.5365557],[-0.0685397,51.5364397],[-0.0703058,51.5377424],[-0.062855,51.5379764],[-0.0625264,51.5381304],[-0.0339771,51.5501233],[-0.0471126,51.5483918],[-0.0399158,51.5488359],[-0.0396113,51.5488919],[-0.0489345,51.5469355],[-0.0330533,51.5503815],[-0.0320811,51.5507068],[-0.0356018,51.549724],[-0.0490702,51.5469742],[-0.0563773,51.539303],[-0.0304638,51.5506012],[-0.0302048,51.550373],[-0.0278523,51.547678],[-0.0781658,51.5425014],[-0.0767171,51.5385229],[-0.0767363,51.5381767],[-0.0764238,51.5413163],[-0.0784219,51.542526],[-0.0783875,51.5505274],[-0.0762188,51.5502345],[-0.0753714,51.5484642],[-0.0753313,51.5488253],[-0.0698082,51.5451193],[-0.0692708,51.5469989],[-0.0811609,51.5519926],[-0.0814678,51.5520193],[-0.0698352,51.544275],[-0.0708937,51.5483332],[-0.0709284,51.5484853],[-0.0751718,51.5500761],[-0.0751515,51.5502881],[-0.0750318,51.5513166],[-0.0699449,51.5421997],[-0.0699342,51.5423884],[-0.0801228,51.5670283],[-0.0748921,51.5658169],[-0.0841372,51.5660388],[-0.0839003,51.5660971],[-0.0880462,51.5650216],[-0.0870903,51.5652588],[-0.0730982,51.5647837],[-0.0426333,51.5495932],[-0.0462912,51.5480147],[-0.046305,51.5480152],[-0.0891118,51.5582569],[-0.0469097,51.5465196],[-0.0465554,51.5460009],[-0.0472786,51.5433409],[-0.0494087,51.5483399],[-0.0507092,51.5491664],[-0.0511145,51.5502218],[-0.0511397,51.5502862],[-0.0521195,51.551902],[-0.0537841,51.5538607],[-0.0527786,51.5527246],[-0.0531735,51.5531559],[-0.052875,51.5527105],[-0.0547086,51.5551663],[-0.0558808,51.5576559],[-0.0557707,51.5568222],[-0.0560915,51.5559058],[-0.0549873,51.5556263],[-0.0556794,51.5568318],[-0.0558414,51.5572572],[-0.0558629,51.5574791],[-0.054631,51.5586207],[-0.0562169,51.5593598],[-0.0525146,51.5592337],[-0.0564682,51.5597391],[-0.0593994,51.558322],[-0.0597583,51.5587242],[-0.0694945,51.5364067],[-0.0884973,51.5345039],[-0.0887603,51.5348411],[-0.054084,51.5364165],[-0.048708,51.5374339],[-0.0457029,51.5379176],[-0.0414994,51.5389646],[-0.038387,51.5409543],[-0.0352926,51.5433483],[-0.0186833,51.5449093],[-0.0230226,51.54902],[-0.0230498,51.5488668],[-0.0685002,51.5621154],[-0.0672145,51.5736219],[-0.0673184,51.5736283],[-0.0719368,51.5747303],[-0.0718885,51.5748302],[-0.0811335,51.5217653],[-0.0776333,51.5255986],[-0.0773329,51.524915],[-0.0862204,51.5379337],[-0.0866139,51.5369324],[-0.0853782,51.5402124],[-0.0450413,51.5497111],[-0.0874578,51.5310269],[-0.0892165,51.5362601],[-0.0257193,51.5452038],[-0.0259207,51.5454719],[-0.0282618,51.5466227],[-0.0278419,51.5463871],[-0.0950748,51.5709054],[-0.0793903,51.5272419],[-0.0779755,51.5279093],[-0.0779358,51.5284316],[-0.0569307,51.5480562],[-0.0582191,51.5495202],[-0.0540171,51.5499943],[-0.0528724,51.5507036],[-0.0523866,51.550785],[-0.0528442,51.5507083],[-0.0523306,51.5507944],[-0.0768454,51.5223448],[-0.0774631,51.5296766],[-0.0770283,51.531662],[-0.0772778,51.5302188],[-0.0770682,51.5323231],[-0.0771361,51.5327768],[-0.0770407,51.5339804],[-0.0770635,51.5337852],[-0.076915,51.5356138],[-0.0769186,51.5354335],[-0.0865759,51.5300217],[-0.0867645,51.5298474],[-0.087128,51.5326007],[-0.0868705,51.5321731],[-0.0407563,51.5452946],[-0.0371317,51.5452387],[-0.0440679,51.5450232],[-0.0888971,51.5583352],[-0.0225984,51.5465822],[-0.0259049,51.5518316],[-0.024979,51.551783],[-0.0678301,51.5539273],[-0.0659829,51.5624776],[-0.0725849,51.5650453],[-0.0569824,51.5615314],[-0.0841961,51.5746101],[-0.0627724,51.5696944],[-0.0407032,51.5452309],[-0.0440538,51.5449752],[-0.0371238,51.5451935],[-0.0226905,51.5464977],[-0.0744035,51.5305579],[-0.0569747,51.5547422],[-0.0613658,51.5488973],[-0.0668721,51.5483125],[-0.0583684,51.5518387],[-0.0581847,51.5522337],[-0.0610382,51.5496259],[-0.0438404,51.5516524],[-0.0659175,51.5714267],[-0.0423296,51.5489551],[-0.0972841,51.5730048],[-0.0967175,51.5719774],[-0.0582278,51.5583661],[-0.057496,51.5622786],[-0.0596398,51.564406],[-0.0606566,51.5671676],[-0.0628377,51.5696525],[-0.0714308,51.5730898],[-0.0733559,51.5736933],[-0.0778012,51.5745159],[-0.0816732,51.5748279],[-0.0852283,51.574564],[-0.0913831,51.572309],[-0.0948579,51.5711778],[-0.0914827,51.5721858],[-0.0874594,51.5736036],[-0.0842052,51.5746614],[-0.0813637,51.5748367],[-0.076985,51.5743676],[-0.073993,51.5738118],[-0.0715095,51.573122],[-0.0658547,51.5713012],[-0.0619285,51.5688499],[-0.0608703,51.5674406],[-0.06011,51.5653614],[-0.0594273,51.5642162],[-0.0573237,51.5618567],[-0.0972295,51.5729077],[-0.0249884,51.5518608],[-0.0228969,51.5519895],[-0.0189403,51.5529463],[-0.0221286,51.5520336],[-0.0258981,51.551807],[-0.0552677,51.5425185],[-0.0508776,51.55993],[-0.0585545,51.5365171],[-0.0719088,51.5629435],[-0.0735163,51.5624799],[-0.0739615,51.5604272],[-0.0744379,51.5578711],[-0.0699081,51.5572298],[-0.0681935,51.55607],[-0.0677571,51.553948],[-0.0661927,51.5521505],[-0.0640059,51.5504602],[-0.0609578,51.5496203],[-0.0636673,51.5503081],[-0.0660686,51.5520216],[-0.0676919,51.5538746],[-0.0682952,51.5566125],[-0.0702028,51.5598858],[-0.078058,51.528203],[-0.0756261,51.5389703],[-0.0755875,51.5315898],[-0.0757318,51.5315983],[-0.0754918,51.5389647],[-0.0432621,51.5470381],[-0.0432274,51.547133],[-0.0571896,51.5471085],[-0.0571928,51.547013],[-0.0242431,51.5434926],[-0.0242352,51.5433895],[-0.0762083,51.5481591],[-0.0763309,51.5482482],[-0.0604707,51.5485835],[-0.0606668,51.5486908],[-0.0607008,51.5486851],[-0.0605678,51.5481995],[-0.0578256,51.5411251],[-0.0579546,51.5411227],[-0.0402595,51.5451683],[-0.0449698,51.5449249],[-0.0364957,51.5451294],[-0.0719913,51.5645962],[-0.0721607,51.564595],[-0.0687897,51.5592833],[-0.0686674,51.5593287],[-0.0759784,51.5752049],[-0.0562448,51.5620869],[-0.0562887,51.562192],[-0.0441682,51.5450131],[-0.0751205,51.5452147],[-0.0749582,51.5452133],[-0.0751255,51.5451747],[-0.0749749,51.545173]]}},{"type":"Feature","properties":{"kind":"station","name":"Dalston Junction"},"geometry":{"type":"Point","coordinates":[-0.074968,51.5452841]}},{"type":"Feature","properties":{"kind":"station","name":"Haggerston"},"geometry":{"type":"Point","coordinates":[-0.0755835,51.5386574]}},{"type":"Feature","properties":{"kind":"station","name":"Hoxton"},"geometry":{"type":"Point","coordinates":[-0.0756539,51.5315917]}},{"type":"Feature","properties":{"kind":"station","name":"Stamford Hill"},"geometry":{"type":"Point","coordinates":[-0.0762789,51.5748827]}},{"type":"Feature","properties":{"kind":"station","name":"Stoke Newington"},"geometry":{"type":"Point","coordinates":[-0.0725478,51.5650387]}},{"type":"Feature","properties":{"kind":"station","name":"Rectory Road"},"geometry":{"type":"Point","coordinates":[-0.068617,51.559112]}},{"type":"Feature","properties":{"kind":"station","name":"Clapton"},"geometry":{"type":"Point","coordinates":[-0.0568648,51.5616517]}},{"type":"Feature","properties":{"kind":"station","name":"Manor House"},"geometry":{"type":"Point","coordinates":[-0.0963971,51.5703208]}},{"type":"Feature","properties":{"kind":"station","name":"Dalston Kingsland"},"geometry":{"type":"Point","coordinates":[-0.0760535,51.5481908]}},{"type":"Feature","properties":{"kind":"station","name":"Hackney Central"},"geometry":{"type":"Point","coordinates":[-0.0568749,51.5470605]}},{"type":"Feature","properties":{"kind":"station","name":"Hackney Downs"},"geometry":{"type":"Point","coordinates":[-0.060686,51.5486455]}},{"type":"Feature","properties":{"kind":"station","name":"Homerton"},"geometry":{"type":"Point","coordinates":[-0.043121,51.5470789]}},{"type":"Feature","properties":{"kind":"station","name":"Hackney Wick"},"geometry":{"type":"Point","coordinates":[-0.0241542,51.5434383]}},{"type":"Feature","properties":{"kind":"station","name":"London Fields"},"geometry":{"type":"Point","coordinates":[-0.0577737,51.5410518]}}]}
