{"type":"FeatureCollection","properties":{"borough":"Haringey","generatedAt":"2026-09-30T14:20:04.708Z","source":"© OpenStreetMap contributors, ODbL 1.0","majorRouteCount":97,"otherRouteCount":115,"stopCount":785,"stationCount":18},"features":[{"type":"Feature","properties":{"kind":"boundary"},"geometry":{"type":"Polygon","coordinates":[[[-0.1712572,51.5724157],[-0.1711705,51.5724536],[-0.1710918,51.57248],[-0.1707026,51.5725887],[-0.170415,51.5726526],[-0.1699813,51.5727277],[-0.1697057,51.5727707],[-0.169634,51.5727758],[-0.1694496,51.5727977],[-0.1680991,51.5729158],[-0.1674775,51.5729535],[-0.1673128,51.5729604],[-0.1671987,51.5729598],[-0.1669433,51.5729552],[-0.1667455,51.5729445],[-0.1663485,51.5728791],[-0.1662763,51.5728585],[-0.1662345,51.57284],[-0.1661638,51.5727933],[-0.1661406,51.5727613],[-0.1659186,51.5727156],[-0.1658722,51.572731],[-0.1658168,51.5727417],[-0.1657366,51.5727474],[-0.1656314,51.5727323],[-0.1652984,51.5726667],[-0.1652921,51.5726492],[-0.1652306,51.5726395],[-0.1652097,51.572651],[-0.1650953,51.5726248],[-0.1651082,51.572605],[-0.1650407,51.5725896],[-0.1650291,51.5726101],[-0.1645655,51.5724981],[-0.1637168,51.5724831],[-0.1634098,51.5724992],[-0.1623365,51.5725802],[-0.1621305,51.5725997],[-0.1618217,51.5726408],[-0.1617352,51.5726555],[-0.1607441,51.5727738],[-0.1605023,51.5727769],[-0.1604164,51.5727645],[-0.1602103,51.572716],[-0.1600244,51.5726667],[-0.1588749,51.5722098],[-0.1586992,51.5722],[-0.1585312,51.5721859],[-0.1585307,51.5721888],[-0.1584258,51.5721797],[-0.1584266,51.5721769],[-0.1578227,51.5721257],[-0.1577894,51.5721172],[-0.1577796,51.5721093],[-0.15777,51.5720907],[-0.1577616,51.5720485],[-0.1576564,51.5720423],[-0.1576457,51.5720596],[-0.1576318,51.5720687],[-0.1576135,51.5720755],[-0.1575793,51.5720797],[-0.157449,51.5720682],[-0.1572494,51.5720728],[-0.1571923,51.5720773],[-0.1571028,51.5720686],[-0.1571023,51.5720731],[-0.1567735,51.5720452],[-0.1567751,51.5720409],[-0.1550909,51.571902],[-0.1550863,51.571889],[-0.1550737,51.5718785],[-0.1550368,51.5718686],[-0.1549987,51.571864],[-0.1549636,51.5718678],[-0.1549396,51.5718876],[-0.1520223,51.5716603],[-0.1516274,51.5716263],[-0.1513757,51.571593],[-0.1513335,51.5716008],[-0.1512961,51.5716027],[-0.1511728,51.5716],[-0.150997,51.5715782],[-0.1509981,51.5715941],[-0.150681,51.5715813],[-0.1506802,51.5715845],[-0.1505735,51.5715804],[-0.1501721,51.5715514],[-0.1501714,51.5715461],[-0.1500142,51.5714876],[-0.1500121,51.5714913],[-0.1499638,51.571473],[-0.1499107,51.5713889],[-0.1499258,51.5713621],[-0.1491228,51.571049],[-0.1488765,51.5709764],[-0.1487083,51.5709333],[-0.1480272,51.5707865],[-0.1472763,51.5706455],[-0.1471479,51.5706158],[-0.1466774,51.5705303],[-0.1456694,51.5703004],[-0.1453997,51.5702524],[-0.144925,51.5701783],[-0.1446196,51.570135],[-0.1445659,51.5701254],[-0.1444077,51.5700818],[-0.1440218,51.5699577],[-0.1436888,51.5698309],[-0.1434997,51.5697501],[-0.142764,51.5694151],[-0.1423738,51.5692526],[-0.1424213,51.5691034],[-0.1421659,51.5691401],[-0.1419531,51.5691703],[-0.1418436,51.569193],[-0.1416768,51.5692341],[-0.1415784,51.5692547],[-0.1413793,51.5692786],[-0.1412845,51.5692934],[-0.1411569,51.5693127],[-0.1410448,51.5693307],[-0.1409656,51.5693443],[-0.1409033,51.5693571],[-0.1408611,51.5693612],[-0.1408052,51.5693753],[-0.1408008,51.5693763],[-0.1406579,51.5694257],[-0.1405421,51.5694745],[-0.1404185,51.569529],[-0.1401173,51.5696528],[-0.1400519,51.5696893],[-0.1399622,51.5697436],[-0.1397309,51.5698667],[-0.1396176,51.5699314],[-0.1394578,51.5700138],[-0.1393504,51.5700668],[-0.139194,51.5701491],[-0.1389797,51.5702654],[-0.1388508,51.5703343],[-0.1388227,51.5703545],[-0.138773,51.5703929],[-0.1387442,51.5704123],[-0.1387045,51.5704374],[-0.1386767,51.5704537],[-0.1386367,51.5704721],[-0.1385667,51.5705011],[-0.1384936,51.5705269],[-0.1384454,51.5705458],[-0.1383346,51.5705913],[-0.1383303,51.5705929],[-0.1382622,51.5706215],[-0.1381299,51.5706767],[-0.1380803,51.5706982],[-0.1380374,51.5707198],[-0.1379539,51.5707647],[-0.1378482,51.5708199],[-0.1377557,51.5708674],[-0.137639,51.5709204],[-0.1375956,51.5709412],[-0.1375712,51.57095],[-0.1375022,51.5709764],[-0.137374,51.5710205],[-0.1372865,51.571049],[-0.1371081,51.5711112],[-0.1370605,51.5711271],[-0.1369572,51.5711642],[-0.1368958,51.5711847],[-0.1367932,51.571221],[-0.1367038,51.5712553],[-0.1365508,51.5713275],[-0.1361703,51.5715283],[-0.135905,51.5716311],[-0.1356032,51.5717405],[-0.1354425,51.5717982],[-0.1353105,51.5718459],[-0.1351522,51.5719225],[-0.1348946,51.572066],[-0.1348022,51.5721227],[-0.1347455,51.5721551],[-0.1346539,51.5721989],[-0.1341606,51.5724752],[-0.1337462,51.572696],[-0.1336256,51.5727693],[-0.1335753,51.5727991],[-0.1335369,51.5728159],[-0.1334272,51.5728659],[-0.1334111,51.5728725],[-0.13336,51.5728933],[-0.133214,51.5729615],[-0.1331214,51.5730003],[-0.1329878,51.5730568],[-0.1329396,51.5730712],[-0.1328819,51.5730932],[-0.1328101,51.5731156],[-0.1327265,51.5731381],[-0.1326448,51.5731632],[-0.1323536,51.5732491],[-0.1322395,51.5732819],[-0.1320412,51.5733343],[-0.131831,51.5733925],[-0.1317332,51.5734209],[-0.1316734,51.5734421],[-0.1315617,51.5734793],[-0.1314404,51.5735132],[-0.1312902,51.5735575],[-0.1311648,51.5735903],[-0.1309303,51.5736365],[-0.1307759,51.5736575],[-0.1306089,51.5736823],[-0.1304768,51.5737014],[-0.1301917,51.5737336],[-0.1300186,51.5737556],[-0.1299371,51.573764],[-0.1298419,51.573778],[-0.1297392,51.5737866],[-0.1296507,51.5738007],[-0.1295017,51.573816],[-0.1293356,51.5738389],[-0.1292195,51.5738545],[-0.1291944,51.5738595],[-0.1291422,51.5738671],[-0.1291205,51.5738723],[-0.1290975,51.5738755],[-0.128981,51.5738962],[-0.1289049,51.5739093],[-0.1288341,51.5739218],[-0.1287916,51.5739286],[-0.1287531,51.5739349],[-0.1286588,51.5739496],[-0.1285592,51.5739665],[-0.1285059,51.5739765],[-0.128473,51.5739849],[-0.1284173,51.5739947],[-0.1283782,51.5740036],[-0.1283142,51.5740145],[-0.1282492,51.5740273],[-0.1282279,51.5740298],[-0.1281429,51.5740448],[-0.1281296,51.5740462],[-0.1280813,51.574056],[-0.1279862,51.5740738],[-0.1279775,51.5740778],[-0.1279612,51.574079],[-0.1278812,51.5740938],[-0.1277915,51.5741111],[-0.1277298,51.5741217],[-0.1276663,51.5741308],[-0.1275929,51.5741442],[-0.1275494,51.5741477],[-0.1275069,51.5741449],[-0.1274175,51.5741381],[-0.1273658,51.5741307],[-0.1273243,51.5741268],[-0.1271994,51.574114],[-0.1271842,51.5741134],[-0.1271518,51.5741147],[-0.1271251,51.5741193],[-0.1270929,51.574122],[-0.127028,51.5741325],[-0.1270028,51.5741398],[-0.1269364,51.5741373],[-0.1267925,51.5741212],[-0.1266973,51.574112],[-0.1265714,51.5740997],[-0.1265042,51.574091],[-0.126422,51.57408],[-0.126315,51.5740661],[-0.1262453,51.5740565],[-0.1261375,51.5740392],[-0.1260084,51.5740247],[-0.1258519,51.5740168],[-0.1255695,51.5740197],[-0.1254619,51.5740284],[-0.1254423,51.5740301],[-0.125409,51.5740322],[-0.1252671,51.5740483],[-0.1250779,51.5740686],[-0.1250542,51.5740787],[-0.1249929,51.5740808],[-0.1248871,51.5740895],[-0.1248486,51.574103],[-0.1248411,51.5741057],[-0.1248358,51.5741075],[-0.124717,51.5741262],[-0.1246203,51.5741412],[-0.1246221,51.5741451],[-0.1246042,51.5741923],[-0.1245835,51.5742474],[-0.1245701,51.5742835],[-0.1245532,51.5743278],[-0.1245412,51.5743602],[-0.124454,51.5743503],[-0.1244226,51.5743467],[-0.1244041,51.5743447],[-0.1243841,51.5743429],[-0.1243604,51.574341],[-0.1243536,51.5743409],[-0.1243347,51.5743415],[-0.1243097,51.5743438],[-0.1242727,51.5743486],[-0.1242632,51.5743497],[-0.1242459,51.5743534],[-0.124226,51.5743591],[-0.1242105,51.5743643],[-0.124185,51.5743771],[-0.1241256,51.5744209],[-0.1239093,51.5745785],[-0.1238244,51.5746398],[-0.1238106,51.5746442],[-0.1237901,51.5746496],[-0.1237535,51.5746596],[-0.1236991,51.5746618],[-0.1236314,51.5746667],[-0.1233819,51.5746849],[-0.1233806,51.5746928],[-0.1232776,51.5746944],[-0.1232678,51.574695],[-0.1232342,51.5746956],[-0.1232268,51.5747019],[-0.1229291,51.5747974],[-0.1227451,51.5748579],[-0.1224106,51.5749651],[-0.1223719,51.574907],[-0.1221651,51.5749692],[-0.12187,51.5750401],[-0.1217948,51.5750597],[-0.1217758,51.5750648],[-0.1217513,51.5750256],[-0.1216358,51.5750514],[-0.1212599,51.5751351],[-0.1207588,51.5752535],[-0.1202033,51.5753848],[-0.1198916,51.5754581],[-0.119899,51.5754678],[-0.1195605,51.5755041],[-0.1193065,51.575109],[-0.1192959,51.5750908],[-0.1192283,51.5749838],[-0.119259,51.5749699],[-0.1190452,51.5748279],[-0.1190431,51.5748235],[-0.1189816,51.5747817],[-0.1189228,51.5747416],[-0.1189028,51.5747281],[-0.1194874,51.5744257],[-0.119567,51.5743847],[-0.1195805,51.5743778],[-0.1194256,51.5743734],[-0.1191144,51.574371],[-0.119064,51.5743695],[-0.1189696,51.5743666],[-0.1187084,51.5743348],[-0.1184796,51.5742995],[-0.118391,51.5742849],[-0.1182525,51.5742639],[-0.1182024,51.5742572],[-0.1180725,51.5742344],[-0.1180273,51.574226],[-0.1179949,51.57422],[-0.1178852,51.5741997],[-0.1177081,51.5741655],[-0.1175988,51.5741441],[-0.1175861,51.5741408],[-0.1175796,51.5741392],[-0.1175772,51.5741393],[-0.1175299,51.5741011],[-0.1174287,51.5740193],[-0.1173293,51.573939],[-0.1172541,51.5738784],[-0.1171898,51.573826],[-0.1171818,51.5738199],[-0.1171767,51.5738158],[-0.1171007,51.5737547],[-0.1170982,51.5737425],[-0.1169892,51.5736749],[-0.1169786,51.5736752],[-0.1168369,51.5735708],[-0.1168349,51.5735652],[-0.1168197,51.5735469],[-0.1168093,51.5735358],[-0.1168063,51.5735288],[-0.1166836,51.573439],[-0.1165952,51.573375],[-0.1165597,51.5733461],[-0.116524,51.5733222],[-0.1164941,51.5732997],[-0.1163783,51.5732231],[-0.1163302,51.5731919],[-0.116248,51.5731386],[-0.1162413,51.5731336],[-0.1162349,51.5731275],[-0.1162082,51.5731095],[-0.116122,51.5730496],[-0.1160349,51.5729779],[-0.1160072,51.5729543],[-0.1159587,51.5729179],[-0.1158157,51.5728158],[-0.1157744,51.5727655],[-0.1156873,51.572674],[-0.115577,51.5725786],[-0.1159054,51.5723317],[-0.1161063,51.5721817],[-0.1159923,51.5721218],[-0.1155292,51.5719331],[-0.1153889,51.5718761],[-0.1153898,51.5718655],[-0.1154931,51.5717428],[-0.1155948,51.5716223],[-0.1155856,51.5716183],[-0.1154587,51.5715493],[-0.115477,51.5715341],[-0.1153817,51.5714868],[-0.1152513,51.5714403],[-0.1151633,51.5714104],[-0.1151713,51.571354],[-0.1151673,51.5711959],[-0.1151586,51.5709755],[-0.1151519,51.5708315],[-0.1151749,51.5708009],[-0.1151693,51.5706748],[-0.1150688,51.5706285],[-0.1150459,51.5705873],[-0.1148165,51.5704794],[-0.1144693,51.5703196],[-0.1138603,51.5700488],[-0.1136115,51.5699382],[-0.1132851,51.5697983],[-0.1129351,51.5696454],[-0.1125871,51.5694907],[-0.1121203,51.5692864],[-0.1117101,51.5691037],[-0.1114021,51.5689459],[-0.1107166,51.5686103],[-0.1107076,51.5686059],[-0.1106723,51.5685883],[-0.110621,51.5685625],[-0.1105139,51.5685024],[-0.1102664,51.5683591],[-0.1101001,51.5682622],[-0.1099386,51.568168],[-0.1097987,51.568086],[-0.1096335,51.5679904],[-0.1096201,51.5679823],[-0.1094272,51.5678707],[-0.1092887,51.5677893],[-0.1091236,51.5676926],[-0.1090484,51.5676485],[-0.1089715,51.5676036],[-0.1088844,51.5675484],[-0.1087332,51.5674377],[-0.1086154,51.5673589],[-0.1084483,51.567241],[-0.1083374,51.5671627],[-0.1082375,51.56709],[-0.1081621,51.5670357],[-0.108152,51.5670279],[-0.1081102,51.5669979],[-0.1081044,51.5669931],[-0.108097,51.5669884],[-0.1080796,51.5669718],[-0.1080711,51.5669652],[-0.1079686,51.5668753],[-0.1078653,51.5667881],[-0.1077293,51.5666696],[-0.1076565,51.5666072],[-0.1076034,51.5665518],[-0.1075332,51.5664898],[-0.1075125,51.5664736],[-0.1074311,51.5664123],[-0.1073497,51.5663464],[-0.1073071,51.5663156],[-0.1073043,51.5663137],[-0.1071624,51.5662053],[-0.1070768,51.5661398],[-0.1069856,51.5660808],[-0.1069464,51.5660544],[-0.1069196,51.5660304],[-0.1068101,51.5659514],[-0.1067451,51.5659072],[-0.1066485,51.5658432],[-0.1065607,51.565784],[-0.1062323,51.5655575],[-0.1062046,51.5655389],[-0.1057717,51.5652503],[-0.1055153,51.5650804],[-0.1052293,51.5648863],[-0.10499,51.5647243],[-0.1049106,51.5646689],[-0.1048514,51.5646449],[-0.1046036,51.5647648],[-0.1044797,51.5648248],[-0.1044019,51.5647654],[-0.1044001,51.5647642],[-0.1043615,51.5647836],[-0.1043231,51.5648026],[-0.1043072,51.5648122],[-0.1042514,51.5648447],[-0.1041951,51.5648786],[-0.1041111,51.564931],[-0.1040038,51.5649977],[-0.103716,51.5651813],[-0.1035648,51.565278],[-0.103402,51.5653829],[-0.1032623,51.5654729],[-0.1030086,51.5656308],[-0.102843,51.565735],[-0.1026701,51.5658432],[-0.1024749,51.5659702],[-0.1022863,51.5660909],[-0.1020973,51.5662128],[-0.1019,51.5663372],[-0.1017762,51.5664177],[-0.1016416,51.5665034],[-0.1014871,51.5665969],[-0.101409,51.5666466],[-0.1012986,51.5667173],[-0.1011244,51.566829],[-0.1009645,51.5669401],[-0.10075,51.5670913],[-0.1005548,51.5672401],[-0.1003629,51.567388],[-0.1001201,51.5675765],[-0.0996936,51.5679015],[-0.0994055,51.5681157],[-0.0990868,51.5683547],[-0.0989148,51.5684848],[-0.0987014,51.5686501],[-0.0984642,51.5688336],[-0.0982632,51.568987],[-0.0981133,51.5691007],[-0.0981017,51.5691094],[-0.0975969,51.5694863],[-0.0968514,51.5700544],[-0.0965077,51.5703199],[-0.0963092,51.570475],[-0.0962202,51.5705383],[-0.0960493,51.570653],[-0.0960731,51.5706704],[-0.0961832,51.570772],[-0.0962407,51.5708238],[-0.0963211,51.5709186],[-0.0963407,51.5709585],[-0.0963694,51.5709996],[-0.0964364,51.5710976],[-0.0964778,51.5711594],[-0.0965501,51.5712747],[-0.0966705,51.5714677],[-0.0967215,51.5715279],[-0.0967583,51.571578],[-0.0967642,51.5715892],[-0.0967799,51.5716128],[-0.096787,51.5716261],[-0.0967906,51.5716362],[-0.0967941,51.571655],[-0.0968,51.5716876],[-0.0968045,51.5717049],[-0.0968129,51.571728],[-0.0968597,51.5718181],[-0.096912,51.5719229],[-0.097027,51.5721575],[-0.0970473,51.5721961],[-0.0971038,51.5723113],[-0.097159,51.5724083],[-0.0971906,51.5724684],[-0.097276,51.5726125],[-0.0973698,51.5727757],[-0.0974523,51.572919],[-0.0974809,51.5729751],[-0.0975296,51.5730852],[-0.0975698,51.5731862],[-0.0976015,51.5732571],[-0.0976251,51.5733035],[-0.0976622,51.5733867],[-0.0977676,51.5736211],[-0.0976608,51.5736432],[-0.0975649,51.5736626],[-0.0973704,51.5737211],[-0.0970772,51.5737894],[-0.0969625,51.5738094],[-0.0968421,51.5738209],[-0.096755,51.5738256],[-0.0966713,51.5738273],[-0.0966268,51.5738266],[-0.0965764,51.5738224],[-0.0963626,51.5737918],[-0.0962943,51.5737808],[-0.0961833,51.5737529],[-0.0961261,51.573739],[-0.0959435,51.5737018],[-0.095631,51.5736535],[-0.0955801,51.5736474],[-0.0954709,51.5736365],[-0.0953468,51.5736236],[-0.0951059,51.5736038],[-0.0947903,51.5735872],[-0.0947687,51.5735849],[-0.0947507,51.5735845],[-0.0947206,51.573587],[-0.0946872,51.5735945],[-0.0946556,51.5736075],[-0.094598,51.5736302],[-0.0943058,51.5737438],[-0.0943027,51.5737451],[-0.0941919,51.5737869],[-0.0940494,51.5738383],[-0.0938831,51.5738976],[-0.0938229,51.5739172],[-0.0937863,51.5739292],[-0.0936947,51.5739514],[-0.093507,51.5739824],[-0.0934229,51.5739932],[-0.0932612,51.574013],[-0.0931831,51.5740205],[-0.0930389,51.5740347],[-0.0929427,51.5740371],[-0.0928468,51.5740324],[-0.0927496,51.5740248],[-0.0925895,51.5740123],[-0.092383,51.5739908],[-0.0922177,51.5739737],[-0.0921827,51.5739666],[-0.092157,51.5739648],[-0.0921032,51.5739626],[-0.0920702,51.5739624],[-0.0918043,51.573968],[-0.0916135,51.5739766],[-0.0914672,51.5739895],[-0.0914258,51.5739952],[-0.0913545,51.5740077],[-0.0912645,51.5740293],[-0.0911326,51.5740654],[-0.0910842,51.5740775],[-0.0909743,51.574115],[-0.0907112,51.5742016],[-0.0906606,51.5742192],[-0.0903896,51.5743105],[-0.0902848,51.5743344],[-0.090027,51.574378],[-0.0898365,51.5743937],[-0.0896605,51.574396],[-0.0895437,51.5743899],[-0.0894214,51.5743816],[-0.0891666,51.5743572],[-0.0889124,51.5743316],[-0.0887603,51.5743223],[-0.0886098,51.5743183],[-0.0885202,51.5743221],[-0.0883195,51.5743408],[-0.0882146,51.5743577],[-0.0880184,51.5743865],[-0.0878567,51.5743989],[-0.0877857,51.5744017],[-0.0877466,51.5744022],[-0.0876782,51.5744009],[-0.0876318,51.5743988],[-0.0875662,51.5743922],[-0.0874538,51.5743801],[-0.0873808,51.574372],[-0.0872852,51.5743593],[-0.0871808,51.5743462],[-0.086972,51.5743151],[-0.0868842,51.574298],[-0.0868718,51.5743354],[-0.0868702,51.574339],[-0.0868738,51.5743575],[-0.0868851,51.5743824],[-0.0868966,51.5743965],[-0.08691,51.5744094],[-0.0869136,51.5744122],[-0.0869378,51.5744308],[-0.0869437,51.5744342],[-0.086985,51.5744586],[-0.0870311,51.5744742],[-0.0871181,51.5745011],[-0.0871758,51.5745019],[-0.0871811,51.5745147],[-0.0872086,51.5745732],[-0.0872135,51.5745834],[-0.0872456,51.574649],[-0.0872691,51.5746954],[-0.0872265,51.5746964],[-0.0871755,51.5746997],[-0.0871246,51.5747052],[-0.0870581,51.5747111],[-0.0867796,51.5747413],[-0.0866696,51.5747573],[-0.0864615,51.574785],[-0.0861151,51.5748384],[-0.0858567,51.5748793],[-0.0857734,51.5749499],[-0.0857434,51.5749784],[-0.0856845,51.5750379],[-0.085529,51.5750543],[-0.08526,51.5750784],[-0.0850812,51.5750954],[-0.0849183,51.5751099],[-0.0845388,51.5751348],[-0.0845125,51.5751329],[-0.0843888,51.5751419],[-0.0843112,51.5751489],[-0.0842298,51.5751565],[-0.0841106,51.5751663],[-0.084034,51.5751709],[-0.0840323,51.5751664],[-0.0839369,51.5751725],[-0.0838343,51.575181],[-0.0837924,51.5751827],[-0.0837898,51.5751647],[-0.083466,51.5752059],[-0.083235,51.5752412],[-0.0830324,51.575271],[-0.0829651,51.5752813],[-0.0828939,51.5752909],[-0.0828276,51.5753017],[-0.0827792,51.5753077],[-0.0826116,51.5753155],[-0.0824528,51.5753322],[-0.082315,51.5753492],[-0.0822957,51.5753533],[-0.0822507,51.575362],[-0.0822389,51.5753646],[-0.0821973,51.5753731],[-0.0821758,51.5753807],[-0.0821282,51.5753966],[-0.0820977,51.5754101],[-0.082091,51.5754137],[-0.08201,51.5754276],[-0.0819655,51.5754361],[-0.0819281,51.5754421],[-0.0818416,51.5754581],[-0.0817244,51.5754789],[-0.0816368,51.5754937],[-0.0815297,51.5755124],[-0.0814609,51.5755242],[-0.0814309,51.5755266],[-0.0813416,51.5755436],[-0.0813429,51.5755463],[-0.0808641,51.5756374],[-0.0808645,51.5756222],[-0.0808651,51.5755865],[-0.0807585,51.5755817],[-0.0805353,51.5755698],[-0.0803739,51.5755621],[-0.0802182,51.5755538],[-0.079928,51.5755394],[-0.0798549,51.5755361],[-0.0798586,51.5755094],[-0.0795601,51.5754861],[-0.0793499,51.5754688],[-0.0792668,51.5754602],[-0.0791814,51.5754504],[-0.0790646,51.57544],[-0.0789156,51.5754246],[-0.0788122,51.5754118],[-0.0785594,51.5753724],[-0.0784308,51.5753507],[-0.0780365,51.5752877],[-0.0780452,51.575271],[-0.0778929,51.5752416],[-0.0775817,51.5751821],[-0.0775579,51.575231],[-0.0773362,51.5751899],[-0.0771886,51.5751628],[-0.0770571,51.5751365],[-0.0770681,51.5751123],[-0.0770725,51.5751131],[-0.0770943,51.5750717],[-0.0769015,51.5750352],[-0.0768435,51.5750252],[-0.0768419,51.5750294],[-0.0766414,51.5749938],[-0.0764791,51.5749675],[-0.0763606,51.5749481],[-0.0762683,51.5749332],[-0.0762665,51.574935],[-0.0762551,51.5749482],[-0.076223,51.5749832],[-0.0761732,51.5750416],[-0.07612,51.5751027],[-0.0760839,51.5751378],[-0.0760618,51.5751648],[-0.0760354,51.5751918],[-0.0759815,51.5752564],[-0.0759495,51.5752987],[-0.0759193,51.5753359],[-0.0758614,51.5754165],[-0.0758093,51.5754914],[-0.0756597,51.5754403],[-0.0754313,51.5753616],[-0.075396,51.5753492],[-0.0753238,51.5753247],[-0.0752321,51.5753286],[-0.0752081,51.5753281],[-0.0752128,51.5753609],[-0.0752166,51.5753717],[-0.0752184,51.5753859],[-0.0752165,51.5754063],[-0.0752091,51.5754481],[-0.0752049,51.575464],[-0.0751939,51.5754924],[-0.075188,51.5755072],[-0.0751716,51.5755352],[-0.0750526,51.575547],[-0.0749868,51.5755539],[-0.0748542,51.5755658],[-0.0748537,51.575562],[-0.0745396,51.5755953],[-0.074433,51.5756063],[-0.0744517,51.5756755],[-0.0743902,51.5756816],[-0.0743756,51.5756127],[-0.0739053,51.5756551],[-0.0737597,51.5756708],[-0.0737639,51.5757005],[-0.0736359,51.5757068],[-0.0736252,51.5756186],[-0.0735324,51.575623],[-0.0735283,51.5756035],[-0.0734548,51.5756091],[-0.0732269,51.5756204],[-0.07311,51.575631],[-0.0730392,51.5756386],[-0.0729451,51.5756491],[-0.0728907,51.5756544],[-0.0728572,51.575656],[-0.0728234,51.5756559],[-0.0728118,51.5756564],[-0.0728033,51.5756562],[-0.0725433,51.5756114],[-0.072376,51.5756383],[-0.0722324,51.5756628],[-0.0722296,51.5756651],[-0.0722248,51.5756666],[-0.0722181,51.5756681],[-0.0720478,51.5756917],[-0.0719072,51.575712],[-0.0718799,51.5756218],[-0.0718748,51.5756057],[-0.0717624,51.5756158],[-0.071597,51.5756303],[-0.0715128,51.5756372],[-0.0714122,51.575646],[-0.0714128,51.5756484],[-0.0712728,51.5756625],[-0.0711731,51.575672],[-0.071148,51.575675],[-0.0711488,51.5756778],[-0.0710714,51.5756872],[-0.0709982,51.5756944],[-0.0708909,51.5757101],[-0.0707644,51.5757271],[-0.0707026,51.5757452],[-0.0706168,51.5757697],[-0.0705665,51.575784],[-0.0705596,51.5757868],[-0.0705504,51.5757896],[-0.0705398,51.575791],[-0.0705217,51.5757934],[-0.0705182,51.5757936],[-0.0704945,51.5757978],[-0.0704272,51.5758079],[-0.0703231,51.5758242],[-0.0701285,51.575853],[-0.0700239,51.5758693],[-0.0700047,51.5758728],[-0.0698776,51.5758941],[-0.0694343,51.5759736],[-0.0692394,51.5760089],[-0.0691114,51.5760326],[-0.0689878,51.5760535],[-0.0689256,51.5760645],[-0.0688371,51.5760779],[-0.0687605,51.5760898],[-0.0687272,51.5760946],[-0.0686671,51.5761009],[-0.0684648,51.5761262],[-0.0684036,51.5761339],[-0.0683117,51.5761453],[-0.0682809,51.5761485],[-0.0682499,51.5761513],[-0.0682168,51.5761564],[-0.0680345,51.5761855],[-0.067838,51.5762177],[-0.067792,51.5762242],[-0.0676566,51.5762387],[-0.0676561,51.5762368],[-0.0676063,51.5762421],[-0.0674671,51.5762556],[-0.0674066,51.5762625],[-0.0672765,51.5762764],[-0.0670894,51.5763017],[-0.0667552,51.576341],[-0.0667428,51.5763931],[-0.0667615,51.5764182],[-0.0667764,51.5764366],[-0.0667737,51.5765147],[-0.0667744,51.5766415],[-0.0663942,51.5767097],[-0.0662186,51.5767363],[-0.0658621,51.5768017],[-0.0655595,51.5768563],[-0.0652524,51.5769123],[-0.0649225,51.5769733],[-0.0646238,51.5770249],[-0.064418,51.5771101],[-0.0643038,51.5771393],[-0.0641637,51.5771753],[-0.0640871,51.5771951],[-0.0640714,51.5771724],[-0.0640642,51.5771742],[-0.0639019,51.5772036],[-0.0638158,51.5772197],[-0.0638169,51.5772221],[-0.0636747,51.5772526],[-0.0635994,51.5772655],[-0.0635134,51.5772842],[-0.0634415,51.5772966],[-0.0633486,51.5773155],[-0.0633459,51.5773061],[-0.0633083,51.5773134],[-0.0633153,51.5773267],[-0.0631718,51.577357],[-0.0631704,51.5773535],[-0.0630633,51.5773746],[-0.0630481,51.577378],[-0.062938,51.5774013],[-0.0629393,51.5774044],[-0.0627876,51.5774348],[-0.0627828,51.5774251],[-0.062749,51.577432],[-0.0627529,51.5774417],[-0.0627352,51.5774441],[-0.0626847,51.5774546],[-0.0625203,51.5774883],[-0.0625171,51.5774806],[-0.0624841,51.5774875],[-0.0624885,51.5774985],[-0.0623425,51.5775294],[-0.0623405,51.5775263],[-0.0621184,51.5775709],[-0.0621207,51.5775742],[-0.061982,51.5776024],[-0.0619891,51.5776176],[-0.06172,51.5776733],[-0.0617213,51.5776786],[-0.061526,51.5777179],[-0.0614294,51.5777379],[-0.0611842,51.5777843],[-0.0613116,51.5779621],[-0.061544,51.5783094],[-0.061659,51.5784766],[-0.0617952,51.5786538],[-0.0619746,51.5788559],[-0.0621472,51.5790596],[-0.0621833,51.5791263],[-0.0622101,51.5791903],[-0.0622265,51.5792483],[-0.0622485,51.5794562],[-0.0622276,51.5795387],[-0.0621903,51.5796569],[-0.0621268,51.5798212],[-0.0620706,51.5799092],[-0.061969,51.5800278],[-0.0617373,51.580252],[-0.0615278,51.580454],[-0.0614117,51.580571],[-0.0613084,51.5806565],[-0.0611753,51.5807538],[-0.0610262,51.5808484],[-0.060894,51.5809258],[-0.0605786,51.5810819],[-0.0602117,51.5812751],[-0.0600125,51.5813907],[-0.0598618,51.5814782],[-0.0598028,51.5815093],[-0.0597989,51.5815114],[-0.0597678,51.581528],[-0.0597547,51.581535],[-0.0595979,51.5816184],[-0.0593711,51.5817112],[-0.0593007,51.5817477],[-0.0592146,51.581791],[-0.0589871,51.5818932],[-0.0587984,51.5819838],[-0.0586214,51.5820633],[-0.0584834,51.5821344],[-0.0582852,51.5822275],[-0.0580775,51.5823634],[-0.0579932,51.5824224],[-0.0578578,51.5825129],[-0.0577958,51.5825772],[-0.0577308,51.5826774],[-0.0576121,51.5828646],[-0.057554,51.5829691],[-0.0574969,51.5830468],[-0.0574499,51.583098],[-0.0573852,51.5831533],[-0.0573081,51.5832278],[-0.0572458,51.5832787],[-0.0572183,51.5832975],[-0.0571348,51.5833422],[-0.0569376,51.5834226],[-0.0567321,51.5835133],[-0.056528,51.5836219],[-0.0563097,51.5837618],[-0.0562514,51.583819],[-0.056107,51.5839582],[-0.0560312,51.5840244],[-0.0558846,51.584136],[-0.0557888,51.5842244],[-0.0557618,51.5842534],[-0.0557194,51.5843004],[-0.0556777,51.5843506],[-0.0556139,51.5844347],[-0.0555187,51.584559],[-0.0554476,51.5846503],[-0.0554216,51.5846867],[-0.0554034,51.5847209],[-0.0553825,51.584785],[-0.0553671,51.5848604],[-0.0553506,51.584914],[-0.055327,51.5849763],[-0.0553053,51.5850586],[-0.0552845,51.5851202],[-0.0552636,51.5851723],[-0.0552274,51.5852461],[-0.055173,51.5853621],[-0.0551111,51.5854704],[-0.0550233,51.5855954],[-0.0548652,51.5857789],[-0.0547903,51.5858459],[-0.05472,51.5859071],[-0.0546621,51.5859496],[-0.0545862,51.5859991],[-0.0545015,51.5860519],[-0.0544168,51.5861015],[-0.0543383,51.5861489],[-0.0542444,51.5861974],[-0.0541612,51.5862385],[-0.0540569,51.5862978],[-0.053969,51.5863446],[-0.053867,51.5864022],[-0.053768,51.5864654],[-0.0536846,51.5865253],[-0.0535991,51.5866069],[-0.0535595,51.586646],[-0.0535186,51.5866885],[-0.0534915,51.5867168],[-0.0534607,51.5867452],[-0.0534182,51.5867838],[-0.0533748,51.5868208],[-0.0532793,51.5868932],[-0.0532261,51.586931],[-0.0532033,51.5869471],[-0.0531517,51.5869823],[-0.0531138,51.5870063],[-0.0530161,51.5870647],[-0.0529552,51.5870997],[-0.0527944,51.5871688],[-0.0527082,51.5872079],[-0.0526726,51.5872253],[-0.0526285,51.5872533],[-0.0526104,51.5872631],[-0.05251,51.5873143],[-0.0524197,51.5873651],[-0.0523701,51.5873996],[-0.0523157,51.5874469],[-0.0522383,51.5875463],[-0.0522034,51.5875998],[-0.0521827,51.58766],[-0.052178,51.5877116],[-0.0521782,51.5878072],[-0.0521971,51.5878862],[-0.0522492,51.5879947],[-0.0522728,51.5880471],[-0.0523455,51.5881732],[-0.0523652,51.588197],[-0.0524011,51.5882443],[-0.0524605,51.5883153],[-0.0525071,51.5883702],[-0.0525427,51.5884114],[-0.0525667,51.5884337],[-0.0525873,51.588444],[-0.0526194,51.5884652],[-0.0526635,51.5885002],[-0.0527011,51.5885453],[-0.0527695,51.5886739],[-0.0527928,51.5887123],[-0.052884,51.588853],[-0.0529592,51.5889839],[-0.0530118,51.5890394],[-0.0530412,51.5890641],[-0.0531061,51.5891277],[-0.0532041,51.5892467],[-0.0533531,51.5894439],[-0.0534431,51.5895971],[-0.0535082,51.5897433],[-0.0535527,51.5898813],[-0.0535579,51.5900043],[-0.0535539,51.5901481],[-0.0535032,51.5904505],[-0.0534647,51.5907114],[-0.0534484,51.5908484],[-0.0534214,51.5909395],[-0.0533774,51.5910368],[-0.0532568,51.5912558],[-0.0530975,51.5915447],[-0.0529202,51.5918621],[-0.0527517,51.5921704],[-0.0525272,51.592576],[-0.0525139,51.5926009],[-0.052455,51.5927306],[-0.0524124,51.592822],[-0.0523822,51.592926],[-0.0523732,51.5929751],[-0.0523597,51.5931093],[-0.0523579,51.5932335],[-0.0523442,51.5933516],[-0.0522973,51.5936443],[-0.0522693,51.5937756],[-0.0522461,51.5938555],[-0.0521861,51.594013],[-0.0521264,51.5941427],[-0.0520957,51.5941968],[-0.0519961,51.5943141],[-0.0519342,51.594373],[-0.0518446,51.5944577],[-0.0517538,51.5945301],[-0.0516511,51.5946013],[-0.0515742,51.5946493],[-0.051493,51.5946972],[-0.0514223,51.5947426],[-0.0513467,51.5948019],[-0.0512875,51.5948598],[-0.0512263,51.5949337],[-0.0511769,51.595019],[-0.0511339,51.5951146],[-0.0511129,51.5951962],[-0.0511068,51.5952446],[-0.0510994,51.5953876],[-0.0510855,51.5954911],[-0.0510362,51.595671],[-0.0509714,51.595834],[-0.0508972,51.5959666],[-0.0508254,51.5960759],[-0.0506115,51.5963945],[-0.0504879,51.5965849],[-0.0504281,51.5966626],[-0.0503618,51.5967351],[-0.0502582,51.5968332],[-0.0501728,51.5969084],[-0.050092,51.5969701],[-0.0499643,51.5970622],[-0.0491473,51.5976566],[-0.0484962,51.5981351],[-0.0479851,51.598512],[-0.0476018,51.5987918],[-0.0472468,51.5990539],[-0.04696,51.5992827],[-0.0466724,51.5995312],[-0.0465108,51.599679],[-0.0460578,51.6001204],[-0.0456217,51.600578],[-0.0452127,51.6009981],[-0.0448078,51.6014147],[-0.0444564,51.6017758],[-0.0441155,51.60212],[-0.0438999,51.6023354],[-0.0437027,51.6025377],[-0.043544,51.6027087],[-0.0434674,51.6028004],[-0.0434238,51.6028548],[-0.0432839,51.6030469],[-0.0428491,51.6036563],[-0.0426213,51.6039742],[-0.0425298,51.6041366],[-0.0422792,51.6044835],[-0.0420501,51.6047843],[-0.0419057,51.6049911],[-0.0417506,51.6052173],[-0.0416107,51.6054095],[-0.0414959,51.6055536],[-0.0414162,51.6056454],[-0.041433,51.6056486],[-0.0415563,51.6056692],[-0.0420767,51.6057563],[-0.0427848,51.6058731],[-0.0428609,51.6058865],[-0.0443154,51.6061203],[-0.0445113,51.6061587],[-0.0449468,51.606233],[-0.0449461,51.6062358],[-0.0450811,51.606261],[-0.0455473,51.6063545],[-0.0466563,51.6065831],[-0.0472407,51.6067026],[-0.0474585,51.6067474],[-0.0479927,51.6068572],[-0.0482741,51.6069143],[-0.0484782,51.6069564],[-0.0484739,51.606964],[-0.0486112,51.6069959],[-0.0486266,51.6070001],[-0.0489364,51.6070705],[-0.0493584,51.6071587],[-0.0494708,51.6071818],[-0.0494721,51.6071796],[-0.0497642,51.6072402],[-0.049763,51.6072423],[-0.0499437,51.6072885],[-0.050221,51.6073595],[-0.0504239,51.6074106],[-0.0506778,51.6074763],[-0.0507968,51.6075061],[-0.0507957,51.6075079],[-0.0508763,51.6075314],[-0.0511201,51.6076042],[-0.0515633,51.607738],[-0.0515264,51.6078049],[-0.0517566,51.6078916],[-0.0520468,51.6079513],[-0.0522174,51.6079974],[-0.0524724,51.608051],[-0.0525911,51.6080715],[-0.0526807,51.6080843],[-0.0528361,51.6081039],[-0.0528958,51.6081091],[-0.0529334,51.6081373],[-0.0529437,51.608209],[-0.0529481,51.6082577],[-0.052953,51.6083244],[-0.0529978,51.6083231],[-0.0530024,51.6084156],[-0.0529971,51.6084319],[-0.0529867,51.6084501],[-0.0529744,51.6084647],[-0.0529522,51.6084842],[-0.0529288,51.6085011],[-0.0529022,51.6085157],[-0.0529403,51.6085313],[-0.0529723,51.6085454],[-0.0530318,51.6085658],[-0.0530417,51.6085677],[-0.0530716,51.608576],[-0.0537001,51.6087222],[-0.0539546,51.6087779],[-0.0540228,51.6087919],[-0.0541419,51.6088153],[-0.0543204,51.6088486],[-0.0544865,51.6088785],[-0.0545356,51.6088857],[-0.0545851,51.6088846],[-0.0547364,51.6088846],[-0.0553124,51.6088866],[-0.0557773,51.6088763],[-0.055908,51.6088707],[-0.0562163,51.6088565],[-0.0565195,51.6088382],[-0.0566204,51.6088357],[-0.0571158,51.6088234],[-0.0575927,51.6088104],[-0.0580048,51.6088028],[-0.0581657,51.6087989],[-0.0582979,51.6087948],[-0.0584399,51.6087864],[-0.0588477,51.6087619],[-0.0590255,51.6087509],[-0.0591616,51.6087426],[-0.0592007,51.6087394],[-0.0592168,51.6087386],[-0.0592374,51.608737],[-0.0593653,51.608731],[-0.0595725,51.6087258],[-0.0600005,51.6087143],[-0.0601118,51.6087108],[-0.0603051,51.6087047],[-0.0609875,51.6086805],[-0.0610167,51.60868],[-0.0610451,51.6086766],[-0.0611805,51.6086723],[-0.061313,51.6086671],[-0.0614127,51.6086632],[-0.0616609,51.6086527],[-0.0618394,51.6086461],[-0.0618397,51.608644],[-0.0620812,51.6086328],[-0.0622997,51.608625],[-0.0623593,51.6086215],[-0.0624787,51.6086184],[-0.0626238,51.6086158],[-0.0628075,51.6086156],[-0.062987,51.6086193],[-0.0637029,51.6086106],[-0.0640173,51.6086089],[-0.0641787,51.6086078],[-0.0646818,51.6085989],[-0.0649743,51.6085945],[-0.0650487,51.6085921],[-0.0652385,51.6085855],[-0.0652522,51.6085851],[-0.0653611,51.6086024],[-0.0654029,51.6086102],[-0.0654474,51.6086215],[-0.0656277,51.6086283],[-0.0657548,51.6086344],[-0.0660146,51.6086535],[-0.06633,51.6086767],[-0.0667751,51.6088287],[-0.067125,51.6089473],[-0.0672588,51.6088364],[-0.0673759,51.6087396],[-0.067502,51.6086381],[-0.0675938,51.6086436],[-0.0675943,51.6086389],[-0.0677765,51.6086504],[-0.0677759,51.608655],[-0.0677959,51.6086561],[-0.0678116,51.6086575],[-0.0678666,51.6086848],[-0.0678968,51.608702],[-0.0679498,51.6087381],[-0.068007,51.6087825],[-0.0680381,51.6088151],[-0.068184,51.6087558],[-0.0683741,51.6086783],[-0.0684317,51.6086808],[-0.0687146,51.6086957],[-0.0691913,51.6087183],[-0.0694056,51.6087292],[-0.0696733,51.6087428],[-0.0696844,51.60866],[-0.0698963,51.6086698],[-0.0700365,51.6086746],[-0.0700355,51.6086851],[-0.0702231,51.6086896],[-0.0704158,51.6086968],[-0.0705472,51.6087023],[-0.070692,51.6087112],[-0.0707279,51.6087162],[-0.0707762,51.608722],[-0.0708145,51.6087229],[-0.0708481,51.6087212],[-0.0708983,51.6087226],[-0.0708934,51.6087764],[-0.0711272,51.6087599],[-0.0713182,51.6087436],[-0.0713165,51.6087311],[-0.0714995,51.6087187],[-0.0717191,51.6087034],[-0.0718215,51.6086963],[-0.0720782,51.608679],[-0.0720889,51.6087321],[-0.0721234,51.60873],[-0.0721259,51.6087298],[-0.0722756,51.6087181],[-0.0723625,51.6087117],[-0.0724151,51.608708],[-0.0726614,51.6086839],[-0.0728898,51.608662],[-0.0730861,51.6086468],[-0.0732861,51.6086335],[-0.0733678,51.6086256],[-0.0735344,51.6086065],[-0.0735521,51.6086066],[-0.0736866,51.6086035],[-0.0742398,51.6085584],[-0.0745937,51.6085302],[-0.0749736,51.6084998],[-0.0750197,51.6084965],[-0.0753824,51.6084675],[-0.0755103,51.6084577],[-0.0756016,51.6084506],[-0.0756263,51.6084487],[-0.075689,51.608444],[-0.0757273,51.6084388],[-0.0758063,51.6084299],[-0.0758687,51.6084268],[-0.0760754,51.6084233],[-0.0761596,51.6084219],[-0.0762249,51.6084201],[-0.0763537,51.6084161],[-0.0764808,51.6084122],[-0.0766384,51.6084096],[-0.0767774,51.6084076],[-0.0768667,51.6084099],[-0.0769567,51.6084122],[-0.0771047,51.6084211],[-0.0772336,51.608427],[-0.0775848,51.6084397],[-0.0777614,51.6084485],[-0.0779176,51.6084591],[-0.0781285,51.6084733],[-0.0782245,51.6084798],[-0.0783868,51.6084838],[-0.0784139,51.6084849],[-0.0788986,51.6084953],[-0.079087,51.6084988],[-0.0791744,51.608501],[-0.0792516,51.6085037],[-0.079332,51.6085054],[-0.0794224,51.6085048],[-0.0794584,51.6085054],[-0.0797017,51.6085041],[-0.0799931,51.6084989],[-0.0803062,51.608498],[-0.0804488,51.6084974],[-0.0806625,51.6084957],[-0.080748,51.6084946],[-0.080874,51.6084902],[-0.0809198,51.6084877],[-0.0809794,51.6084843],[-0.0810095,51.6084832],[-0.081093,51.6084783],[-0.0812742,51.60847],[-0.0812732,51.6084676],[-0.0813987,51.6084622],[-0.0819425,51.6084663],[-0.0819423,51.608464],[-0.0821062,51.6084651],[-0.0821063,51.6084633],[-0.0823458,51.6084686],[-0.0827098,51.6084776],[-0.0828951,51.6084831],[-0.0830894,51.6084876],[-0.0834369,51.6084964],[-0.0836002,51.608496],[-0.0837023,51.6084966],[-0.0840694,51.6084982],[-0.0841402,51.6084974],[-0.0843432,51.6084928],[-0.084382,51.6084907],[-0.084459,51.608486],[-0.0845761,51.6084759],[-0.084754,51.6084615],[-0.084754,51.6084793],[-0.0849703,51.6084684],[-0.0849844,51.6084684],[-0.0850194,51.608467],[-0.0850327,51.6084656],[-0.0850385,51.6084663],[-0.0850533,51.6084662],[-0.0851907,51.6084684],[-0.085369,51.6084719],[-0.0853977,51.6084725],[-0.0858385,51.6084699],[-0.0859574,51.6084783],[-0.0863553,51.6085052],[-0.0866328,51.6085296],[-0.086752,51.6085387],[-0.0868681,51.6085443],[-0.0871376,51.6085626],[-0.0872311,51.6085689],[-0.0875246,51.6085949],[-0.0879208,51.608625],[-0.0883968,51.6086802],[-0.0884595,51.6087025],[-0.0884908,51.6087081],[-0.0885489,51.6087188],[-0.0885641,51.6087204],[-0.0885882,51.6087251],[-0.0886167,51.6087325],[-0.0886383,51.6087378],[-0.0886676,51.6087394],[-0.088855,51.608754],[-0.0890642,51.6087704],[-0.08918,51.6087781],[-0.0893762,51.6087932],[-0.0896846,51.6088143],[-0.0897065,51.608816],[-0.0897162,51.6088167],[-0.0902237,51.608854],[-0.0906699,51.608885],[-0.0907889,51.6088927],[-0.0908712,51.6088975],[-0.0908897,51.6088528],[-0.0909156,51.6087884],[-0.0910186,51.6087903],[-0.0912059,51.6087921],[-0.0913555,51.6087931],[-0.0914456,51.6087939],[-0.0915722,51.6088301],[-0.0917543,51.6088838],[-0.0918,51.608841],[-0.0919812,51.6089006],[-0.0921164,51.6089475],[-0.0920925,51.6090528],[-0.0924914,51.6090886],[-0.092482,51.6089199],[-0.0924785,51.608848],[-0.0925234,51.6088514],[-0.0925644,51.6088545],[-0.0926306,51.6088589],[-0.0926709,51.608873],[-0.0929655,51.6089117],[-0.0933276,51.6089606],[-0.0933745,51.6089681],[-0.093521,51.608986],[-0.0935561,51.6089886],[-0.0935817,51.6089852],[-0.0936483,51.6089724],[-0.0936593,51.6089695],[-0.0936938,51.6089575],[-0.0937134,51.6089508],[-0.0937418,51.6089394],[-0.0938626,51.608883],[-0.0939456,51.6088526],[-0.0939617,51.6088487],[-0.0940689,51.608826],[-0.0942117,51.6087961],[-0.0949817,51.6086828],[-0.0951081,51.6086673],[-0.0951598,51.608659],[-0.095184,51.6086557],[-0.0952612,51.6087278],[-0.0952798,51.6087487],[-0.0953219,51.6088036],[-0.09534,51.6088386],[-0.0953565,51.6088854],[-0.0953603,51.608903],[-0.0954031,51.6089646],[-0.0954412,51.6089856],[-0.0954721,51.6090484],[-0.0955102,51.6091244],[-0.0955535,51.6092157],[-0.0955855,51.6092739],[-0.0957898,51.6092968],[-0.0962008,51.6092529],[-0.0962116,51.6092524],[-0.0963549,51.6092309],[-0.0966677,51.6091653],[-0.0967355,51.609151],[-0.0968106,51.6091354],[-0.0968259,51.6091321],[-0.0968754,51.6091228],[-0.0969034,51.6091134],[-0.0970441,51.6090617],[-0.097074,51.609048],[-0.0970998,51.6090336],[-0.0971656,51.6089893],[-0.0972781,51.6089044],[-0.0973079,51.6089135],[-0.0973302,51.6089178],[-0.0973447,51.6089202],[-0.0973638,51.6089221],[-0.0973752,51.6089234],[-0.097391,51.6089241],[-0.0974272,51.608925],[-0.0974633,51.6089234],[-0.0974715,51.6089234],[-0.0976876,51.6089162],[-0.097643,51.6088237],[-0.0975485,51.6086213],[-0.0975137,51.6085633],[-0.0974967,51.6085309],[-0.0974913,51.6085151],[-0.0975032,51.6085122],[-0.0978492,51.6084947],[-0.0979548,51.608492],[-0.0984082,51.6084718],[-0.0985844,51.6084628],[-0.0987205,51.6084608],[-0.0987939,51.6084614],[-0.0989177,51.6084597],[-0.0990969,51.6084583],[-0.0991181,51.6084585],[-0.0994885,51.6084568],[-0.0995816,51.6084568],[-0.0997585,51.6084579],[-0.0999082,51.6084582],[-0.0999781,51.6084569],[-0.100144,51.6084585],[-0.1002994,51.6084596],[-0.1004726,51.6084601],[-0.1005694,51.6084609],[-0.1005984,51.6084619],[-0.1006337,51.6084643],[-0.1007597,51.6084698],[-0.1007938,51.6084745],[-0.1008168,51.6084756],[-0.1008417,51.6084782],[-0.1008834,51.6084834],[-0.1009888,51.6084959],[-0.1010585,51.6085042],[-0.1010984,51.6085082],[-0.1011712,51.608513],[-0.1012024,51.6085152],[-0.101235,51.6085159],[-0.1012483,51.6085165],[-0.1012783,51.6085166],[-0.1013583,51.6085175],[-0.1014003,51.6085161],[-0.1014507,51.6085157],[-0.1015653,51.6085096],[-0.1016469,51.6085028],[-0.1017835,51.60849],[-0.101957,51.6084642],[-0.1022003,51.6084027],[-0.1023221,51.6082704],[-0.1025394,51.6080417],[-0.1028269,51.6081516],[-0.1031131,51.6082598],[-0.1032938,51.6083214],[-0.1033612,51.608361],[-0.1034028,51.6083839],[-0.1035315,51.60842],[-0.1036061,51.608423],[-0.1038041,51.6084285],[-0.1039356,51.6084308],[-0.1039345,51.608438],[-0.1041554,51.6084365],[-0.1042603,51.6084363],[-0.1046237,51.6084351],[-0.1051039,51.6084354],[-0.1052983,51.6084344],[-0.1054388,51.6084121],[-0.1054492,51.6084101],[-0.105546,51.6083949],[-0.1056429,51.6083774],[-0.1057195,51.6083593],[-0.1057992,51.6083566],[-0.1059059,51.6083536],[-0.1059361,51.6084029],[-0.1060832,51.6084104],[-0.1062794,51.6084187],[-0.1069667,51.6082978],[-0.1070549,51.6082816],[-0.1070559,51.608288],[-0.1071193,51.6082826],[-0.1072225,51.6082768],[-0.1072283,51.6082768],[-0.1075085,51.6082644],[-0.1076001,51.6082607],[-0.1077716,51.6082592],[-0.107772,51.6082755],[-0.1078536,51.6082731],[-0.1079087,51.6082727],[-0.1080458,51.6082693],[-0.1081878,51.6082685],[-0.108319,51.6082723],[-0.1085163,51.6082761],[-0.1085941,51.6082759],[-0.1087992,51.6082751],[-0.1088846,51.6082746],[-0.1093084,51.6082738],[-0.1093332,51.6082742],[-0.1093796,51.6082712],[-0.1093972,51.6082711],[-0.1094456,51.6082682],[-0.1096031,51.60826],[-0.1096257,51.6082571],[-0.1097612,51.6082518],[-0.1098356,51.6082526],[-0.1098998,51.608253],[-0.1098935,51.6082675],[-0.1099766,51.6082805],[-0.110063,51.6082907],[-0.1102806,51.6083161],[-0.1104247,51.6083399],[-0.1105363,51.608356],[-0.1104594,51.6085493],[-0.1104963,51.6085549],[-0.1107176,51.6085877],[-0.1107154,51.6085927],[-0.1108353,51.6086121],[-0.1108854,51.60848],[-0.110932,51.6084735],[-0.1110848,51.6084705],[-0.1113065,51.6084656],[-0.1117967,51.6084516],[-0.1119344,51.608447],[-0.1123412,51.6084346],[-0.11279,51.6084202],[-0.1130342,51.6084142],[-0.1132691,51.6084059],[-0.1137676,51.6083905],[-0.1138552,51.6083847],[-0.1138514,51.608331],[-0.1142998,51.60836],[-0.1143844,51.6083673],[-0.1144902,51.6084047],[-0.1145583,51.6084212],[-0.1148602,51.6084221],[-0.1148599,51.6084281],[-0.1151515,51.6084284],[-0.1153575,51.6084264],[-0.1154424,51.6084263],[-0.1157329,51.6084167],[-0.1159021,51.6084028],[-0.1159226,51.6083113],[-0.1161404,51.6083279],[-0.116369,51.6083462],[-0.1163852,51.6083478],[-0.1166599,51.6083788],[-0.1168724,51.6083983],[-0.116923,51.6084026],[-0.117052,51.6084146],[-0.1172866,51.6084346],[-0.1174987,51.6082034],[-0.1175817,51.6082321],[-0.1177166,51.6082803],[-0.1177154,51.608282],[-0.1179011,51.6083479],[-0.1179571,51.6083646],[-0.1180757,51.6083984],[-0.1186362,51.6085998],[-0.1187554,51.6086514],[-0.1189424,51.608532],[-0.1189464,51.6085324],[-0.1190114,51.6084902],[-0.1192032,51.6083639],[-0.1195243,51.608423],[-0.1213557,51.6085918],[-0.1213663,51.6085929],[-0.1214645,51.6086011],[-0.121571,51.6086029],[-0.1216061,51.6086093],[-0.121636,51.6086116],[-0.121781,51.6086234],[-0.1218123,51.6086233],[-0.1219237,51.6086229],[-0.1219498,51.6086244],[-0.1220292,51.6086294],[-0.1220643,51.6086349],[-0.1223277,51.6086665],[-0.1224526,51.6086811],[-0.1225418,51.6086926],[-0.1226489,51.608706],[-0.1229007,51.608736],[-0.122974,51.6087452],[-0.1231076,51.60876],[-0.1231561,51.608759],[-0.1233228,51.6087401],[-0.1233464,51.6087384],[-0.1234,51.6087188],[-0.1235122,51.6086731],[-0.1235299,51.6086957],[-0.1236217,51.6087799],[-0.123691,51.6088438],[-0.1237104,51.6088351],[-0.1238176,51.6089355],[-0.1239731,51.6090529],[-0.1240188,51.6090866],[-0.1239521,51.6091288],[-0.1241119,51.6092134],[-0.1241889,51.6092578],[-0.1241277,51.6092981],[-0.1241887,51.6093362],[-0.1243235,51.6094202],[-0.1244364,51.6094938],[-0.1245911,51.6095867],[-0.1247778,51.6096961],[-0.1250535,51.6098624],[-0.1250686,51.6098713],[-0.1250253,51.609901],[-0.1250304,51.6099038],[-0.1249777,51.6099456],[-0.1253926,51.6100178],[-0.1257287,51.6098055],[-0.1259891,51.6096432],[-0.1259,51.6095917],[-0.125981,51.609541],[-0.1260715,51.6094819],[-0.1261734,51.6094151],[-0.1262969,51.6093365],[-0.1263452,51.6093042],[-0.1264075,51.6093422],[-0.1264647,51.6093757],[-0.1266651,51.6093729],[-0.1270756,51.6093763],[-0.1273673,51.6093846],[-0.1274665,51.6093897],[-0.1275901,51.6093994],[-0.1276803,51.6094087],[-0.1278862,51.6094363],[-0.1279023,51.6094382],[-0.1285102,51.6095157],[-0.1286566,51.6095367],[-0.1287196,51.6095485],[-0.1288095,51.609566],[-0.128846,51.6095742],[-0.1290247,51.6096193],[-0.1291907,51.6096607],[-0.1292076,51.6096624],[-0.1292507,51.6096755],[-0.1294831,51.6097332],[-0.1297403,51.6097993],[-0.1299738,51.6098783],[-0.1305277,51.6100573],[-0.1308226,51.6101519],[-0.1309333,51.6101896],[-0.1311632,51.6102743],[-0.1312164,51.610293],[-0.1312343,51.6102999],[-0.1312516,51.6103059],[-0.1312987,51.6103165],[-0.1313677,51.6103282],[-0.1316301,51.6103737],[-0.1318619,51.610411],[-0.1319737,51.610432],[-0.1321415,51.6104829],[-0.1322688,51.6105202],[-0.1322962,51.6105304],[-0.132328,51.6105399],[-0.1325671,51.6106023],[-0.1328838,51.6106821],[-0.1331005,51.6107371],[-0.1331797,51.6107553],[-0.1332572,51.6107752],[-0.1337596,51.6108916],[-0.1340942,51.6109722],[-0.1343039,51.6110201],[-0.1348296,51.6111467],[-0.1349655,51.6111797],[-0.1350154,51.611188],[-0.1350806,51.6111951],[-0.1351297,51.6111971],[-0.1352269,51.6112156],[-0.135236,51.6112108],[-0.1352592,51.6111987],[-0.1353387,51.6111572],[-0.1356035,51.6110273],[-0.1357147,51.6109856],[-0.1359487,51.6109021],[-0.1359432,51.6108909],[-0.1360281,51.6108619],[-0.1361997,51.6108085],[-0.1363359,51.610774],[-0.13684,51.6106574],[-0.1373492,51.6105316],[-0.1380491,51.6103517],[-0.1384465,51.6102539],[-0.1387314,51.610183],[-0.138762,51.6101754],[-0.1387801,51.6101715],[-0.1389925,51.610115],[-0.1392055,51.6100585],[-0.1394935,51.6099856],[-0.139706,51.6099251],[-0.1399603,51.6098466],[-0.1403379,51.6097265],[-0.1409001,51.6095784],[-0.1414532,51.6094284],[-0.1419494,51.6092871],[-0.1424715,51.6091299],[-0.1430017,51.608972],[-0.1432556,51.6088936],[-0.1434508,51.6088283],[-0.1434438,51.608779],[-0.1434346,51.6084138],[-0.1434328,51.6079633],[-0.1434318,51.6079499],[-0.1433844,51.6076804],[-0.1433356,51.6075351],[-0.1432656,51.6073824],[-0.1432118,51.6072011],[-0.143196,51.6069408],[-0.1431848,51.6067945],[-0.1431722,51.6067155],[-0.1430907,51.6064523],[-0.1429747,51.6061094],[-0.1429003,51.6058952],[-0.1428732,51.6058287],[-0.1428431,51.6057723],[-0.1428148,51.6057359],[-0.142786,51.605687],[-0.1427467,51.6056376],[-0.1426768,51.6055303],[-0.1425377,51.60532],[-0.1424667,51.605219],[-0.1424329,51.6051786],[-0.1423367,51.6050966],[-0.1422764,51.6050436],[-0.1422251,51.6049771],[-0.1422048,51.6049379],[-0.1421457,51.604772],[-0.1420686,51.6045926],[-0.1420255,51.6044711],[-0.1420134,51.6044173],[-0.1420104,51.6043652],[-0.142016,51.6041877],[-0.1420074,51.6040672],[-0.1419904,51.603966],[-0.1419907,51.6039392],[-0.1419949,51.6037743],[-0.1419985,51.603706],[-0.142067,51.6036137],[-0.1420871,51.6035818],[-0.1420872,51.6035522],[-0.1420803,51.6034803],[-0.14208,51.6034052],[-0.1420886,51.6033801],[-0.1421086,51.6033462],[-0.1421371,51.6033142],[-0.1421884,51.6032508],[-0.1422466,51.6031897],[-0.1423777,51.6030663],[-0.1424802,51.6029669],[-0.1425543,51.6028872],[-0.1426123,51.6028508],[-0.1426887,51.6028198],[-0.1427274,51.6028027],[-0.1427655,51.6027791],[-0.1427926,51.6027554],[-0.1428401,51.6027038],[-0.1428991,51.6026267],[-0.1429237,51.6026024],[-0.1430312,51.6025316],[-0.1430979,51.6024696],[-0.1431669,51.6023714],[-0.1432343,51.60225],[-0.1432412,51.6022059],[-0.1432774,51.6021025],[-0.1434278,51.601954],[-0.1435348,51.6018128],[-0.143573,51.6017467],[-0.1436135,51.6016832],[-0.1436688,51.60161],[-0.1437032,51.6015753],[-0.1437822,51.6015203],[-0.1438229,51.60149],[-0.1438392,51.60146],[-0.1438642,51.6013708],[-0.1439156,51.6012917],[-0.1441814,51.6011134],[-0.1441975,51.6010934],[-0.1442443,51.601013],[-0.1442686,51.6009518],[-0.1443086,51.6008525],[-0.1443262,51.6008105],[-0.1443812,51.6007343],[-0.1444407,51.6006216],[-0.1444707,51.6005451],[-0.1445021,51.6004605],[-0.1445222,51.6003677],[-0.1445074,51.6002816],[-0.1444636,51.6001264],[-0.1445489,51.6001069],[-0.1446739,51.6000721],[-0.1448081,51.6000205],[-0.1450641,51.5999264],[-0.1452651,51.59985],[-0.1457105,51.5996814],[-0.1460171,51.5995681],[-0.1460859,51.5995394],[-0.1465378,51.599368],[-0.1468171,51.5992638],[-0.1468702,51.5992406],[-0.1470007,51.599195],[-0.147017,51.5991877],[-0.1471469,51.5991293],[-0.1474776,51.5990084],[-0.1473776,51.5989001],[-0.1478973,51.598706],[-0.1479229,51.5987299],[-0.1479898,51.5987036],[-0.1485944,51.598479],[-0.1489337,51.5983526],[-0.1496516,51.5980875],[-0.1499331,51.5979839],[-0.1503068,51.5978438],[-0.151161,51.5975281],[-0.1511673,51.5975336],[-0.1512717,51.5974965],[-0.1513563,51.5974684],[-0.1517961,51.5979148],[-0.1519814,51.5981662],[-0.1520054,51.5982603],[-0.1520495,51.5983141],[-0.1522566,51.5984917],[-0.1527524,51.5989363],[-0.1529064,51.5990995],[-0.1529711,51.5991854],[-0.1530081,51.5992952],[-0.1530771,51.5995913],[-0.1531295,51.59983],[-0.1531651,51.5999713],[-0.1531929,51.6000312],[-0.1532868,51.6002289],[-0.153314,51.6003414],[-0.1533581,51.6005492],[-0.1534388,51.6009539],[-0.1534513,51.6011612],[-0.1534595,51.6012665],[-0.1534499,51.6015042],[-0.1533539,51.6024492],[-0.1533544,51.6025615],[-0.1533668,51.6026568],[-0.1534021,51.6027846],[-0.1534316,51.6028437],[-0.1536187,51.6030395],[-0.1539974,51.6034665],[-0.1540756,51.603541],[-0.1541359,51.6036233],[-0.1543945,51.6039197],[-0.1545761,51.6041129],[-0.1546988,51.6042278],[-0.1548747,51.6043644],[-0.1551533,51.6045591],[-0.1554745,51.6047654],[-0.1557094,51.6048999],[-0.1560442,51.6050816],[-0.1561082,51.6051133],[-0.1561239,51.6051572],[-0.1561066,51.6052322],[-0.1560683,51.6053129],[-0.1559852,51.6053988],[-0.1558887,51.6054627],[-0.1560084,51.6054567],[-0.1561364,51.6054399],[-0.1563663,51.6053662],[-0.1563763,51.6053635],[-0.1565089,51.6053218],[-0.1564942,51.6052502],[-0.1565018,51.6051962],[-0.1570942,51.6043507],[-0.1575289,51.6037433],[-0.1577572,51.6033891],[-0.1581775,51.6027747],[-0.1584733,51.6023602],[-0.1586938,51.6020444],[-0.1599297,51.6002275],[-0.1617308,51.5976785],[-0.1617688,51.5975964],[-0.1617827,51.5975364],[-0.1617866,51.5974761],[-0.161774,51.5973932],[-0.1617761,51.5973015],[-0.161799,51.5969669],[-0.1615818,51.5964037],[-0.1613175,51.5957834],[-0.161108,51.5952948],[-0.1610666,51.5952019],[-0.161053,51.595107],[-0.1610352,51.5950195],[-0.1610222,51.5949685],[-0.1610292,51.5949636],[-0.1610173,51.5949193],[-0.1609709,51.5948304],[-0.16095,51.5947726],[-0.160873,51.5946907],[-0.1608038,51.594604],[-0.1607744,51.5945695],[-0.1607292,51.5944971],[-0.1606813,51.5944338],[-0.1605701,51.5943026],[-0.16044,51.5941188],[-0.1603098,51.5938261],[-0.160288,51.5936832],[-0.1602238,51.5934078],[-0.1600177,51.5929857],[-0.1599834,51.5929012],[-0.1598636,51.5925681],[-0.1597931,51.5924108],[-0.1597166,51.5922246],[-0.1595506,51.5922436],[-0.1588897,51.5923163],[-0.1588441,51.5922262],[-0.1587287,51.5920339],[-0.1587114,51.5919958],[-0.1587145,51.5919365],[-0.158726,51.5919212],[-0.1591061,51.5917156],[-0.1591976,51.5916632],[-0.1592557,51.5916157],[-0.1593247,51.5915478],[-0.1594575,51.5915713],[-0.1595484,51.5912499],[-0.1597487,51.5905891],[-0.1598273,51.5903453],[-0.1598483,51.590269],[-0.1598723,51.5901864],[-0.1598324,51.5900978],[-0.15982,51.5900243],[-0.1597931,51.5898235],[-0.1597814,51.5897183],[-0.160187,51.589695],[-0.1601545,51.5894308],[-0.1601515,51.5893781],[-0.160149,51.5891753],[-0.1601555,51.5890005],[-0.1600899,51.589002],[-0.1600956,51.5888288],[-0.1600938,51.5886709],[-0.1600992,51.5884369],[-0.1601032,51.5882151],[-0.1601113,51.5880932],[-0.16026,51.5879866],[-0.1586556,51.5879989],[-0.1586433,51.5875457],[-0.1587172,51.5875461],[-0.1587136,51.5871358],[-0.1587051,51.5866307],[-0.1584806,51.5866203],[-0.157827,51.5865769],[-0.1575467,51.5865559],[-0.1575466,51.5865669],[-0.1574262,51.5865558],[-0.1574241,51.5865498],[-0.1573564,51.5864493],[-0.1571566,51.5861888],[-0.1574006,51.586196],[-0.1579224,51.5862073],[-0.1579229,51.5861949],[-0.1579662,51.5857333],[-0.1592042,51.5847789],[-0.1595807,51.5845015],[-0.1596429,51.5844603],[-0.1598848,51.5845845],[-0.1600542,51.584679],[-0.1602703,51.5847965],[-0.1604107,51.5848752],[-0.1609024,51.5852193],[-0.16111,51.5853639],[-0.1611549,51.5853769],[-0.1612033,51.5853598],[-0.1612386,51.5853458],[-0.1613193,51.5853116],[-0.1613652,51.5852815],[-0.1613989,51.585258],[-0.1615182,51.5851543],[-0.1619189,51.5848637],[-0.1620622,51.5847464],[-0.1622896,51.5846186],[-0.1623526,51.5845885],[-0.1624952,51.5845148],[-0.1626302,51.5844659],[-0.1627089,51.5844405],[-0.1627432,51.5844322],[-0.1627736,51.5844282],[-0.1628561,51.5844116],[-0.1629302,51.5843997],[-0.1630643,51.5843726],[-0.163204,51.5843481],[-0.1634231,51.5843034],[-0.1635664,51.5842611],[-0.1636566,51.5843103],[-0.1637022,51.5842971],[-0.1637537,51.584322],[-0.163757,51.5843199],[-0.1643073,51.5839644],[-0.1646057,51.5839556],[-0.1650632,51.5835931],[-0.1649133,51.5835418],[-0.1652041,51.5834359],[-0.1657467,51.5832214],[-0.1657723,51.5829439],[-0.1661338,51.582463],[-0.1663632,51.582177],[-0.1663724,51.5821646],[-0.1662157,51.5820417],[-0.1668961,51.5819552],[-0.166902,51.5819499],[-0.1669576,51.5818969],[-0.1670142,51.5818185],[-0.1670616,51.5817528],[-0.1671468,51.5815373],[-0.1672198,51.5812994],[-0.1672169,51.5811203],[-0.1672336,51.5807052],[-0.1672213,51.5806168],[-0.1672167,51.580587],[-0.167136,51.580584],[-0.167087,51.5805823],[-0.1670762,51.5796685],[-0.1670157,51.5796631],[-0.1668546,51.5787902],[-0.1668384,51.5786541],[-0.1670524,51.578537],[-0.1672088,51.5784153],[-0.1673288,51.5783208],[-0.167381,51.5782657],[-0.1673609,51.5782585],[-0.1671675,51.5782249],[-0.1670843,51.5782101],[-0.1676342,51.577494],[-0.1677568,51.5773502],[-0.1680885,51.5769264],[-0.168285,51.5769933],[-0.1693398,51.5774137],[-0.1695484,51.5768551],[-0.1697305,51.576367],[-0.1696294,51.5763603],[-0.1695539,51.5757682],[-0.1696314,51.5757703],[-0.1695866,51.5754526],[-0.1695067,51.5748911],[-0.169472,51.5747116],[-0.1694598,51.5745118],[-0.1694696,51.5739635],[-0.1712244,51.5735713],[-0.1712112,51.5735427],[-0.1712142,51.5732819],[-0.1712399,51.5730216],[-0.171242,51.5729945],[-0.1712532,51.5726325],[-0.1712572,51.5724157]]]}},{"type":"Feature","properties":{"kind":"routes","class":"major","routeCount":97},"geometry":{"type":"MultiLineString","coordinates":[[[-0.1242044,51.607139],[-0.1242142,51.6071316],[-0.1241802,51.6071135],[-0.1242762,51.607044],[-0.1243127,51.6070614],[-0.124242,51.6071117],[-0.1247937,51.607388],[-0.124829,51.6073637],[-0.1248183,51.6073577],[-0.1247918,51.6073481],[-0.1248135,51.6073258],[-0.1248025,51.6073215],[-0.1248102,51.6073139],[-0.124972,51.6073995],[-0.12491,51.6074421],[-0.125378,51.6076569],[-0.1253437,51.6076858],[-0.1248012,51.6074368],[-0.1247728,51.6074233],[-0.1244478,51.6072685],[-0.1242044,51.607139]],[[-0.1031357,51.590604],[-0.1029933,51.5905062],[-0.1028471,51.5904065],[-0.1027298,51.5903188],[-0.1025547,51.5901798],[-0.1024758,51.590115],[-0.1024676,51.590108],[-0.102399,51.5900496],[-0.1023874,51.5900398],[-0.1022591,51.5899245],[-0.1021826,51.5898489],[-0.1022315,51.5898298],[-0.1024257,51.5900107],[-0.1024341,51.5900186],[-0.1025219,51.5900933],[-0.1026002,51.5901577],[-0.1027743,51.5902958],[-0.1028898,51.5903823],[-0.1030362,51.5904821],[-0.1031786,51.5905799],[-0.1031357,51.590604]],[[-0.131790703880066,51.610399543506155],[-0.1313819,51.6100724],[-0.1308781,51.6097846],[-0.1304045,51.6095593],[-0.1301023,51.6094498],[-0.1291602,51.6091401],[-0.1281677,51.6088303],[-0.1270896,51.6084236],[-0.1264383,51.6081683],[-0.1254787,51.6077592],[-0.1247997,51.6074523],[-0.1244371,51.6072802],[-0.1241695,51.6071374],[-0.1239336,51.6069888],[-0.1229216,51.6063263]],[[-0.1229216,51.6063263],[-0.1223803,51.6060093],[-0.1220226,51.6055805],[-0.1216417,51.6050458],[-0.1216171,51.6050112],[-0.1209711,51.6038871],[-0.1204096,51.6031614],[-0.1197219,51.6025403],[-0.1191129,51.6021516],[-0.1187083,51.6019424],[-0.1157237,51.6007501],[-0.1145267,51.6002727],[-0.1131759,51.5995986],[-0.112278,51.5991906],[-0.1117022,51.5988678],[-0.1110052,51.598389],[-0.1097553,51.5974189],[-0.1089172,51.5966854],[-0.1083147,51.5961685],[-0.1076287,51.5955705],[-0.1063927,51.5944566],[-0.1059423,51.5940657],[-0.1039279,51.5922268],[-0.1037153,51.5918195],[-0.1036862,51.5916229],[-0.1036621,51.591331],[-0.1036684,51.5909417]],[[-0.1036684,51.5909417],[-0.1031196,51.5906131],[-0.1029773,51.5905153],[-0.1028304,51.5904151],[-0.1027127,51.5903271],[-0.1025376,51.5901881],[-0.1024585,51.5901231],[-0.1023695,51.5900474],[-0.1022408,51.5899316],[-0.1021642,51.5898561],[-0.1020456,51.5896887],[-0.1020076,51.5895383],[-0.1020005,51.5893987],[-0.1022093,51.5891181]],[[-0.1022093,51.5891181],[-0.1020112,51.5883971],[-0.1018093,51.5880165],[-0.1014922,51.5875428],[-0.1008304,51.5864335],[-0.1003143,51.5851425],[-0.1000445,51.5839832],[-0.0997978,51.5828975],[-0.0996416,51.5819491],[-0.0991269,51.5788326],[-0.099126,51.5788273],[-0.0991223,51.5788042],[-0.0989341,51.5776546],[-0.0988965,51.5775148],[-0.0988891,51.5774871],[-0.0988482,51.5773349],[-0.09879,51.5772215],[-0.0986551,51.5769585],[-0.0983805,51.5765888],[-0.0969761,51.5748426],[-0.09613644594816508,51.57374151413776]],[[-0.09612145407422543,51.570715021016724],[-0.0965771,51.5703258],[-0.0971493,51.5698718],[-0.0975924,51.569605],[-0.0980323,51.5693726],[-0.0985012,51.5691916],[-0.0990843,51.5690762],[-0.0997216,51.5690022],[-0.1005214,51.5689628],[-0.1020449,51.5689428],[-0.1029429,51.5688935],[-0.1036221,51.5688011],[-0.1042872,51.5686307],[-0.1048344,51.568394],[-0.1050608,51.5682523],[-0.1052747,51.5680901]],[[-0.1052747,51.5680901],[-0.1054802,51.5678796],[-0.1057077,51.5676381],[-0.1058854,51.5673634],[-0.1060299,51.5670869],[-0.1061791,51.5667173],[-0.106316,51.5662228],[-0.10641439050154183,51.56568308921619]],[[-0.1062337920279081,51.5655585290631],[-0.1062212,51.5656642]],[[-0.1062212,51.5656642],[-0.1061909,51.5658839],[-0.1061791,51.5659696],[-0.1061604,51.566111],[-0.1061323,51.5663232],[-0.1060854,51.5666565],[-0.1060258,51.5670879]],[[-0.1060258,51.5670879],[-0.1059359,51.567793],[-0.1058,51.5688432]],[[-0.1058,51.5688432],[-0.105709,51.5694816],[-0.1056536,51.5698827],[-0.1056013,51.5702997],[-0.1054979,51.5711006],[-0.1054402,51.5715474],[-0.1052314,51.5731291],[-0.1051585,51.5737433],[-0.1051034,51.5743591],[-0.1050548,51.5748618],[-0.1050436,51.5752382]],[[-0.1050436,51.5752382],[-0.1050388,51.5753855]],[[-0.1050388,51.5753855],[-0.1050493,51.5758222],[-0.1050579,51.5759366],[-0.1050773,51.5761952],[-0.1051225,51.5765643],[-0.1052127,51.5770163],[-0.1053505,51.5775415],[-0.1055275,51.578018],[-0.1058111,51.578647]],[[-0.1058111,51.578647],[-0.106116,51.579212],[-0.1062737,51.5795107],[-0.1064768,51.5798411],[-0.1068973,51.5804023],[-0.1070525,51.5806066],[-0.1073616,51.5809703],[-0.1077358,51.5813785],[-0.1081675,51.5818136],[-0.1082091,51.5818556],[-0.1086721,51.5823229],[-0.1089906,51.5826404],[-0.1095746,51.5832375],[-0.1101243,51.5838533],[-0.1104319,51.5842468],[-0.1107316,51.5846736],[-0.1109729,51.5850617],[-0.1111705,51.5854051],[-0.1115488,51.5861367],[-0.1117024,51.5864233],[-0.1120136,51.5870844],[-0.1122952,51.5876192],[-0.112602,51.588146]],[[-0.112602,51.588146],[-0.1127002,51.5882942]],[[-0.1127002,51.5882942],[-0.1128182,51.5884625],[-0.1130065,51.5887303],[-0.1133532,51.5892027],[-0.1140523,51.5900709],[-0.1147989,51.5910095],[-0.1153688,51.5917328],[-0.1158462,51.5923423],[-0.1167644,51.5934876],[-0.1168522,51.5936013],[-0.1171361,51.5939686],[-0.117478,51.5944253],[-0.1179122,51.5949705],[-0.1183509,51.5955219],[-0.1190436,51.5963695],[-0.1193163,51.5967029]],[[-0.1193163,51.5967029],[-0.1198409,51.5973194],[-0.1203157,51.5978214],[-0.1209232,51.5984281],[-0.1212602,51.598731],[-0.1215117,51.598957],[-0.1218257,51.5992357],[-0.1225076,51.5997773],[-0.1231655,51.6002902],[-0.1235683,51.6005841]],[[-0.1235683,51.6005841],[-0.1245271,51.6012506],[-0.125576,51.6019277],[-0.1263641,51.602406],[-0.1283143,51.6036325],[-0.1286943,51.6038715]],[[-0.1286943,51.6038715],[-0.1290257,51.6040649],[-0.1293755,51.6042821],[-0.1353298,51.6079582]],[[-0.1353298,51.6079582],[-0.1386354,51.6100932],[-0.1386705,51.6101159],[-0.13875150429452798,51.61017800677652]],[[-0.0984035,51.5771484],[-0.0981781,51.5772099],[-0.0973897,51.577425],[-0.0973765,51.5774064],[-0.0983903,51.5771298],[-0.0984035,51.5771484]],[[-0.0722788,51.5804286],[-0.0721209,51.5804469],[-0.0720868,51.5804509],[-0.0719243,51.5804697],[-0.0719034,51.5804768],[-0.0718866,51.5804789],[-0.0718716,51.5804807],[-0.0718849,51.580519],[-0.0718053,51.5805297],[-0.071792,51.5804914],[-0.0717237,51.580496],[-0.0714897,51.5805279],[-0.0712044,51.5805703],[-0.0711949,51.5805468],[-0.0713083,51.5805291],[-0.0714808,51.5805042],[-0.0716957,51.580475],[-0.0719168,51.5804458],[-0.0722719,51.5804023],[-0.0722735,51.5804085],[-0.072276,51.5804177],[-0.0722788,51.5804286]],[[-0.11573339915853738,51.572016305314655],[-0.1155983,51.5720832],[-0.1143362,51.5726322],[-0.1129349,51.5731393]],[[-0.1129349,51.5731393],[-0.111811,51.573471]],[[-0.111811,51.573471],[-0.1099613,51.5739541],[-0.1095551,51.5740664],[-0.1091682,51.5741732],[-0.1073013,51.5746847],[-0.1069254,51.5747778],[-0.1065181,51.5749058],[-0.1057499,51.5751075]],[[-0.1057499,51.5751075],[-0.1045402,51.5754746],[-0.1038677,51.5756569]],[[-0.1038677,51.5756569],[-0.1029938,51.5758533],[-0.1021424,51.5761159]],[[-0.1021424,51.5761159],[-0.1020534,51.5761386],[-0.1020206,51.5761477],[-0.1019379,51.576168]],[[-0.1019379,51.576168],[-0.1012248,51.5763642],[-0.0988626,51.5770116]],[[-0.0988626,51.5770116],[-0.0985694,51.5770905]],[[-0.0985694,51.5770905],[-0.0974216,51.5773769],[-0.0973635,51.5773912],[-0.0959859,51.5777567],[-0.0953477,51.5779278]],[[-0.0953477,51.5779278],[-0.0951655,51.5779749]],[[-0.0951655,51.5779749],[-0.0943601,51.5781605],[-0.09353,51.5783257],[-0.0926609,51.578473],[-0.0917912,51.578606],[-0.0906117,51.5787339],[-0.0894253,51.5788425],[-0.0871373,51.5790085]],[[-0.0871373,51.5790085],[-0.0869019,51.5790229]],[[-0.0869019,51.5790229],[-0.0837115,51.5792947],[-0.0809811,51.5794723]],[[-0.0809811,51.5794723],[-0.0804142,51.5795191]],[[-0.0804142,51.5795191],[-0.0801061,51.5795412],[-0.0798144,51.5795624],[-0.0795044,51.5795887],[-0.079168,51.5796185],[-0.0787452,51.5796592],[-0.0782922,51.5797053],[-0.0751767,51.5800532],[-0.0750136,51.5800714],[-0.0732496,51.5802771]],[[-0.0732496,51.5802771],[-0.0728392,51.5803223]],[[-0.0728392,51.5803223],[-0.0725252,51.5803619]],[[-0.0725252,51.5803619],[-0.0722704,51.5803899],[-0.0717819,51.5804491],[-0.071513,51.5804867],[-0.0712894,51.5805184],[-0.071139,51.5805409],[-0.0708838,51.5805812],[-0.0706834,51.5806156],[-0.0704655,51.5806545]],[[-0.0704655,51.5806545],[-0.070138,51.5807258],[-0.0699096,51.5807814],[-0.0696619,51.5808457],[-0.0693911,51.5809196],[-0.0691811,51.5809772],[-0.0688056,51.5810784],[-0.0666764,51.5816499],[-0.0665237,51.5816923]],[[-0.0665237,51.5816923],[-0.0662884,51.5817608],[-0.0660035,51.5818462],[-0.065795,51.5819117],[-0.065492,51.5820115],[-0.0652347,51.5821003],[-0.0650122,51.5821804],[-0.064717,51.5822928],[-0.0644039,51.5824191],[-0.0641704,51.5825149],[-0.063959,51.5826079],[-0.0636904,51.5827307],[-0.0634734,51.5828349],[-0.0632774,51.5829302],[-0.0631366,51.5830011]],[[-0.0631366,51.5830011],[-0.0629989,51.5830727],[-0.0622438,51.5834801],[-0.0620669,51.5835741],[-0.0618817,51.5836716],[-0.0616345,51.5837901],[-0.0613874,51.5839042],[-0.0611775,51.5839989],[-0.0610105,51.5840717],[-0.0608562,51.5841361],[-0.0607211,51.5841903]],[[-0.0607211,51.5841903],[-0.0599746,51.5844788]],[[-0.0599746,51.5844788],[-0.0598789,51.5845156]],[[-0.0598789,51.5845156],[-0.0593606,51.5846891]],[[-0.0593606,51.5846891],[-0.0591498,51.5847565]],[[-0.0591498,51.5847565],[-0.0587337,51.5848793],[-0.0583545,51.5849805],[-0.0579773,51.5850739],[-0.0575863,51.5851642]],[[-0.0575863,51.5851642],[-0.0573358,51.5852202]],[[-0.0573358,51.5852202],[-0.0566355,51.5853536]],[[-0.0566355,51.5853536],[-0.0557515,51.5854923]],[[-0.0557515,51.5854923],[-0.0552622,51.5855563]],[[-0.0552622,51.5855563],[-0.05503240157653307,51.58558244217464]],[[-0.0624939,51.5825052],[-0.0623691,51.5825357],[-0.0622686,51.5825557],[-0.0621674,51.5825718],[-0.0620524,51.5825861],[-0.0619576,51.5825938],[-0.0618483,51.5825986],[-0.061744,51.5825986],[-0.061615,51.5825962],[-0.0614792,51.5825887],[-0.0613443,51.5825773],[-0.0612075,51.5825612],[-0.0611104,51.582547],[-0.0609854,51.5825249],[-0.0608476,51.5824922],[-0.0607355,51.582459],[-0.0606185,51.5824182],[-0.0605272,51.5823818],[-0.0604259,51.5823326],[-0.0603112,51.5822678],[-0.0602206,51.5822077],[-0.0601209,51.582129],[-0.0600556,51.5820684],[-0.0599955,51.5820038],[-0.0599348,51.5819235],[-0.0598782,51.5818413],[-0.0598186,51.5817322]],[[-0.0631608,51.5822667],[-0.0628258,51.5823929],[-0.0626919,51.5824424],[-0.06259,51.5824773],[-0.0624939,51.5825052]],[[-0.0631974,51.5822173],[-0.063136,51.5822391]],[[-0.0704481,51.5806235],[-0.0699944,51.5807056],[-0.068807,51.5809385],[-0.0662275,51.5814443],[-0.0657935,51.58153],[-0.0654263,51.581605],[-0.0651864,51.5816558],[-0.0649919,51.5817],[-0.064792,51.5817478],[-0.0644909,51.5818239],[-0.0643943,51.5818505],[-0.0642355,51.5818942],[-0.0640233,51.581954],[-0.0637827,51.5820257],[-0.063596,51.5820836],[-0.0634495,51.5821305],[-0.0631974,51.5822173]],[[-0.0754431,51.5816675],[-0.075453,51.5816129]],[[-0.075453,51.5816129],[-0.075458,51.5815717],[-0.0754621,51.5815181],[-0.0754623,51.5814557],[-0.0754538,51.5813804],[-0.075439,51.5812989],[-0.0754196,51.5812187],[-0.0753924,51.5811397],[-0.0753583,51.5810721],[-0.0753016,51.5809755],[-0.0752354,51.5808884],[-0.075175,51.5808225],[-0.0750928,51.5807427],[-0.0750058,51.5806761],[-0.0749236,51.5806197],[-0.0748368,51.5805689],[-0.0747388,51.5805162],[-0.074658,51.580478],[-0.0745629,51.5804387],[-0.0743968,51.580382],[-0.0742625,51.580347],[-0.0741267,51.5803174],[-0.0739922,51.5802941],[-0.0738795,51.5802808],[-0.073739,51.5802679],[-0.0735941,51.5802638],[-0.0734441,51.5802665],[-0.0732496,51.5802771]],[[-0.13865390666644892,51.610202284932775],[-0.1385859,51.6101505],[-0.1351844,51.6080502]],[[-0.1351844,51.6080502],[-0.128876,51.6041385],[-0.1285586,51.6039561]],[[-0.1285586,51.6039561],[-0.1262347,51.6024431],[-0.1255071,51.6019868],[-0.1244436,51.6013152],[-0.1234678,51.6006418]],[[-0.1234678,51.6006418],[-0.1230389,51.6003233],[-0.1229565,51.6002593],[-0.1224984,51.599903],[-0.122332,51.5997801]],[[-0.122332,51.5997801],[-0.1217962,51.5993844]],[[-0.1217962,51.5993844],[-0.1215893,51.5992214],[-0.1212581,51.5989379],[-0.121004,51.5987158],[-0.1205832,51.5983528],[-0.1201888,51.5979896],[-0.1200273,51.5978248],[-0.1198717,51.5976567],[-0.1198426,51.5976269],[-0.1196602,51.5974101],[-0.1193526,51.5970301],[-0.1191659,51.5967996],[-0.1190137,51.5966039]],[[-0.1190137,51.5966039],[-0.1189015,51.5964643],[-0.1186795,51.5961926],[-0.1186118,51.5960964]],[[-0.1186118,51.5960964],[-0.1184891,51.5959402],[-0.1181444,51.595529]],[[-0.1181444,51.595529],[-0.117816,51.5950076]],[[-0.117816,51.5950076],[-0.1176724,51.5948271],[-0.1173313,51.5943803],[-0.1170217,51.5939935],[-0.1166192,51.593491],[-0.1156393,51.5922495],[-0.114659,51.5910123],[-0.1139291,51.5900903],[-0.1132565,51.5892445],[-0.1128906,51.5887741],[-0.1125715,51.5883225]],[[-0.1125715,51.5883225],[-0.1124695,51.5881775]],[[-0.1124695,51.5881775],[-0.1123113,51.5879359],[-0.1123085,51.5879313]],[[-0.1123085,51.5879313],[-0.1121514,51.587673]],[[-0.1121514,51.587673],[-0.111917,51.5872876],[-0.1116637,51.586809],[-0.1116541,51.586791],[-0.1115611,51.5865789],[-0.111343,51.5861509],[-0.1111876,51.585817],[-0.1110991,51.5856442],[-0.1105655,51.5846744],[-0.110235,51.5842055],[-0.1098593,51.5837127],[-0.1095808,51.5833973],[-0.1091838,51.5829785],[-0.1085673,51.582371],[-0.107975,51.5817963],[-0.1072761,51.5810207],[-0.1069353,51.5806256],[-0.1063996,51.579903],[-0.1061403,51.579496],[-0.1059822,51.5792345],[-0.1056876,51.5786833],[-0.1055291,51.5783461],[-0.1053935,51.5780312],[-0.1053029,51.577773],[-0.1052072,51.5774836],[-0.1051411,51.577247],[-0.1050615,51.5769096],[-0.1050371,51.5767758],[-0.1049996,51.5765744],[-0.1049613,51.5763135],[-0.1049484,51.5761901]],[[-0.1049484,51.5761901],[-0.1049288,51.5758247],[-0.1049234,51.5755647],[-0.1049202,51.5754119]],[[-0.1049202,51.5754119],[-0.1049221,51.5752684]],[[-0.1049221,51.5752684],[-0.1049465,51.5748764],[-0.1049641,51.5745339],[-0.1049957,51.5742427],[-0.1050504,51.5737392],[-0.1050866,51.5733694],[-0.1051402,51.5729421],[-0.10518,51.5726064],[-0.1052231,51.572246],[-0.1052739,51.5718808],[-0.105334,51.5714652],[-0.1053687,51.5711589],[-0.1054145,51.5708038],[-0.1054443,51.5705996],[-0.1054883,51.5702649],[-0.1055253,51.5699913],[-0.1055599,51.5697309],[-0.1056167,51.5693015],[-0.1056598,51.5689826],[-0.1056726,51.5688878],[-0.1056735,51.5688813]],[[-0.1056735,51.5688813],[-0.1056882,51.5683606]],[[-0.1056882,51.5683606],[-0.1057253,51.5680425],[-0.1057795,51.5676387],[-0.1058024,51.5673898]],[[-0.1058024,51.5673898],[-0.1058205,51.5669524],[-0.1058225,51.5665992],[-0.1058216,51.5662199],[-0.1058141,51.5656918],[-0.105822,51.5654525]],[[-0.105822,51.5654525],[-0.10583443152517627,51.56529212101679]],[[-0.10651651851874598,51.56575352769335],[-0.106489,51.5658757]],[[-0.106489,51.5658757],[-0.1064484,51.566064],[-0.1064215,51.566223],[-0.1063401,51.5667917],[-0.1063103,51.5669948]],[[-0.1063103,51.5669948],[-0.1061746,51.5679338],[-0.1060866,51.5684836]],[[-0.1060866,51.5684836],[-0.1060598,51.568645],[-0.1060371,51.5687568],[-0.1059926,51.5689084],[-0.1059473,51.5690511],[-0.1058538,51.5692938],[-0.1058145,51.5694212],[-0.1057602,51.5696738]],[[-0.1057602,51.5696738],[-0.1057119,51.5700913],[-0.1056389,51.5706409],[-0.1053188,51.5731219],[-0.1052978,51.5732908]],[[-0.1052978,51.5732908],[-0.1052378,51.5737724],[-0.1051833,51.5741562],[-0.1051634,51.5743593],[-0.1051282,51.5748671],[-0.1051055,51.5752228]],[[-0.1051055,51.5752228],[-0.1050983,51.5753723]],[[-0.1050983,51.5753723],[-0.1051236,51.5758289],[-0.1051352,51.5760034],[-0.1051559,51.5761779],[-0.1052069,51.5764603],[-0.1052821,51.576766],[-0.1053733,51.5770982],[-0.1054748,51.5774659],[-0.105577,51.5777822],[-0.1056392,51.5779993],[-0.1057291,51.5783012],[-0.1058686,51.5786387],[-0.1059801,51.5788551],[-0.1061521,51.5791969],[-0.1063392,51.5795066],[-0.1065354,51.5798093],[-0.1067029,51.5800542],[-0.1068517,51.5802576],[-0.1071606,51.5806601],[-0.1077346,51.5813174],[-0.1081116,51.5816961],[-0.1086123,51.5821478],[-0.1088302,51.5823431],[-0.1096026,51.5830692],[-0.1098744,51.5833404],[-0.1102004,51.5837115],[-0.1104153,51.5839835],[-0.1107637,51.584459],[-0.1108891,51.5846611],[-0.1110803,51.5850046],[-0.1113571,51.5855465],[-0.1116415,51.5861764],[-0.1117534,51.5864025],[-0.1119814,51.586886],[-0.1123542,51.5876042],[-0.1126653,51.5881292]],[[-0.1126653,51.5881292],[-0.1127646,51.5882775]],[[-0.1127646,51.5882775],[-0.1128745,51.5884541],[-0.1130634,51.588718],[-0.1134078,51.58919],[-0.1141072,51.5900609],[-0.1148478,51.5909922],[-0.1154362,51.5917324],[-0.1162078,51.5927061],[-0.1168315,51.5934945],[-0.117205,51.5939649],[-0.1175351,51.5944012],[-0.1179082,51.5948568],[-0.11799,51.5949635],[-0.1183243,51.5953997],[-0.1184354,51.5955326],[-0.1186963,51.595841]],[[-0.1186963,51.595841],[-0.1191056,51.5963607],[-0.1193728,51.5966826]],[[-0.1193728,51.5966826],[-0.1198193,51.5972]],[[-0.1198193,51.5972],[-0.1199352,51.597333],[-0.1203833,51.5978105],[-0.120716,51.5981444],[-0.121066,51.5984751],[-0.1216024,51.5989584],[-0.1219112,51.5992183],[-0.1225707,51.5997394],[-0.1232345,51.6002635],[-0.1236255,51.6005465]],[[-0.1236255,51.6005465],[-0.1245939,51.6012126],[-0.125465,51.6017703],[-0.1255666,51.6018357],[-0.1263991,51.6023561],[-0.1287977,51.6038071]],[[-0.1287977,51.6038071],[-0.135424,51.6078985]],[[-0.135424,51.6078985],[-0.1387059,51.6100832],[-0.1388114659508537,51.610163156420796]],[[-0.1065011022057152,51.56574289494395],[-0.106125,51.5673585],[-0.1057608,51.5681561],[-0.1054655,51.5685306],[-0.1051112,51.5688242],[-0.1046358,51.5690993],[-0.1040512,51.5693329],[-0.103358,51.5695198],[-0.0988524,51.570218],[-0.0969937,51.5705918],[-0.09620145245733024,51.570788443083295]],[[-0.0860611039483468,51.57484694658867],[-0.0858377,51.5750234],[-0.0852117,51.5755556],[-0.0825543,51.5781944],[-0.0815917,51.57891],[-0.0807738,51.5793669]],[[-0.0807738,51.5793669],[-0.0796348,51.5799756]],[[-0.0796348,51.5799756],[-0.0773235,51.5811928],[-0.0767917,51.5814729],[-0.0751139,51.5824478],[-0.0745028,51.5827261],[-0.0727884,51.5834588]],[[-0.0727884,51.5834588],[-0.070914,51.5842585],[-0.0706037,51.5844321],[-0.0693999,51.5850755],[-0.0680058,51.5858409],[-0.0674166,51.5861285],[-0.0668774,51.5864463],[-0.0659895,51.5869346],[-0.0651712,51.5873599],[-0.0642871,51.5877057],[-0.0631872,51.5879583],[-0.0627902,51.5880338],[-0.062202,51.5881226],[-0.0605173,51.5882722],[-0.060344,51.5882876],[-0.0595332,51.5882541],[-0.0594704,51.5882459],[-0.0589707,51.588194],[-0.0583699,51.5881046],[-0.0578823,51.5880443],[-0.0572708,51.5879806],[-0.0569537,51.5879445],[-0.0565514,51.5878865],[-0.0549893,51.5876042]],[[-0.0549893,51.5876042],[-0.0544059,51.5874767],[-0.05316,51.5871414],[-0.05296478500679003,51.587094191375414]],[[-0.05314309691311164,51.58698774786505],[-0.0532254,51.5870071],[-0.0540226,51.5872211],[-0.05447,51.5873307],[-0.0550333,51.5874512]],[[-0.0550333,51.5874512],[-0.0559455,51.5876192],[-0.0561989,51.5876672],[-0.056487,51.5877152],[-0.0567016,51.5877557],[-0.0569752,51.5878008],[-0.0574228,51.5878775],[-0.0582465,51.5879721],[-0.0583516,51.5879776],[-0.0588795,51.5880051],[-0.0598103,51.5880033],[-0.0615895,51.5878702],[-0.0621626,51.5878273],[-0.0631228,51.5876767],[-0.0640213,51.5874539],[-0.065179,51.5870264],[-0.0667065,51.5862491],[-0.0672285,51.5859515],[-0.067779,51.5856573],[-0.069172,51.5849249],[-0.0703571,51.5842492],[-0.0710403,51.5838693],[-0.0720425,51.5833671]],[[-0.0720425,51.5833671],[-0.0741898,51.5824307],[-0.0760568,51.5816008],[-0.0794712,51.5798808],[-0.0800042,51.5796031]],[[-0.0800042,51.5796031],[-0.0806482,51.5792676],[-0.0814314,51.578835],[-0.0823807,51.5781403],[-0.0850983,51.5755214],[-0.0855731617990505,51.57504964242119]],[[-0.09611843778247628,51.570712237590364],[-0.096897,51.5705185],[-0.098779,51.5701041],[-0.1032607,51.5693998],[-0.1039349,51.5692174],[-0.1044654,51.5689969],[-0.1049143,51.5687202],[-0.1052448,51.5684487],[-0.1055312,51.5680606],[-0.105779,51.5673774],[-0.1062563159710564,51.56557406399952]],[[-0.1387024288825958,51.61019020973051],[-0.1386246,51.6101307],[-0.1352849,51.6079865]],[[-0.1352849,51.6079865],[-0.129271,51.6042629],[-0.1291569,51.6041927],[-0.1286597,51.6038931]],[[-0.1286597,51.6038931],[-0.1262794,51.6023972],[-0.125557,51.6019463],[-0.1244998,51.6012732],[-0.1235265,51.6006038]],[[-0.1235265,51.6006038],[-0.1231451,51.6003222],[-0.1228759,51.6001184],[-0.1224442,51.5997794],[-0.1217799,51.5992546],[-0.1214755,51.5989803],[-0.1208829,51.5984431],[-0.1205741,51.5981441],[-0.1202802,51.5978413],[-0.1198027,51.5973333],[-0.1192738,51.5967142]],[[-0.1192738,51.5967142],[-0.1190003,51.5963881],[-0.1184508,51.5957038]],[[-0.1184508,51.5957038],[-0.1183051,51.5955346],[-0.1181192,51.5953021],[-0.1178414,51.5949482],[-0.1173378,51.5942937],[-0.1170873,51.5939795],[-0.1166997,51.5934873],[-0.1158065,51.5923655],[-0.1153236,51.5917488],[-0.1147287,51.5910051],[-0.1139899,51.5900813],[-0.1133127,51.5892136],[-0.1129527,51.58875],[-0.1127029,51.5883825],[-0.1126519,51.5883075]],[[-0.1126519,51.5883075],[-0.1125527,51.5881592]],[[-0.1125527,51.5881592],[-0.1124404,51.5879759],[-0.1122415,51.5876126],[-0.1118204,51.5868076],[-0.1116525,51.586452],[-0.1114955,51.5861352],[-0.1111279,51.5854179],[-0.1108732,51.5849789],[-0.1106881,51.5846827],[-0.1103983,51.5842769],[-0.110115,51.5839108],[-0.1098422,51.5835922],[-0.109551,51.5832674],[-0.1092523,51.5829645],[-0.1089285,51.5826326],[-0.1085295,51.5822447],[-0.1081094,51.5818328],[-0.1073046,51.5809836],[-0.1070036,51.5806103],[-0.1067585,51.580315],[-0.1064289,51.579853],[-0.1062146,51.5795157],[-0.1060407,51.5792215],[-0.1057565,51.5786661],[-0.1056111,51.5783459],[-0.1054825,51.5780363],[-0.1053606,51.5777177],[-0.1052816,51.577478],[-0.1051936,51.5771285],[-0.1051398,51.5769089],[-0.1051152,51.5767751],[-0.1050784,51.5765715]],[[-0.1050784,51.5765715],[-0.1050282,51.5761903],[-0.1050015,51.5758244],[-0.104986,51.5753972]],[[-0.104986,51.5753972],[-0.1049901,51.5752515]],[[-0.1049901,51.5752515],[-0.1050129,51.5748481],[-0.1050424,51.5743663],[-0.1051107,51.5737403],[-0.105183,51.5731249],[-0.1053283,51.5719906],[-0.1056325,51.5696958],[-0.1057143,51.5691326],[-0.1057338,51.5689865],[-0.1057523,51.5688477],[-0.1057533,51.5688403]],[[-0.1057533,51.5688403],[-0.1058524,51.5680395],[-0.1059403,51.5673676],[-0.1059891,51.5669913],[-0.1060413,51.5665912],[-0.1061048,51.5661511],[-0.1061717,51.5656161]],[[-0.1061717,51.5656161],[-0.10618209758801324,51.56552389839201]],[[-0.122332,51.5997801],[-0.1220065,51.5995038],[-0.1216128,51.5991877],[-0.121356,51.5989658],[-0.1210381,51.5986996],[-0.1206555,51.5983597],[-0.1204129,51.59814],[-0.1201132,51.5978495],[-0.1199191,51.5976406],[-0.1198333,51.597544],[-0.1195209,51.5971594],[-0.119116,51.5966288],[-0.1190996,51.5966074]],[[-0.1190996,51.5966074],[-0.1188968,51.5963544],[-0.1188187,51.5962509]],[[-0.1188187,51.5962509],[-0.1182668,51.5955614],[-0.117816,51.5950076]],[[-0.1056735,51.5688813],[-0.1057281,51.5684573],[-0.1057708,51.5680957]],[[-0.1057708,51.5680957],[-0.105868,51.5673169],[-0.1059164,51.5665963],[-0.1059223,51.5664336],[-0.1059429,51.5661163],[-0.1059554,51.5659194],[-0.1059956,51.5655698]],[[-0.1059956,51.5655698],[-0.10601796683667775,51.56541447789112]],[[-0.10642947495803613,51.56569349308159],[-0.1064097,51.5658203]],[[-0.1064097,51.5658203],[-0.106362,51.5661712],[-0.1062375,51.5667966],[-0.1061445,51.5671997],[-0.1060667,51.5676218],[-0.1060226,51.567855]],[[-0.1060226,51.567855],[-0.105874,51.5688445],[-0.1058255,51.5691945],[-0.1057602,51.5696738]],[[-0.11932430093049573,51.60838618920894],[-0.1193442,51.6083639],[-0.1196878,51.607981],[-0.1199543,51.6076763],[-0.1204347,51.6071151],[-0.1212813,51.6061379],[-0.1218792,51.6054504],[-0.1219962,51.605314],[-0.1223973,51.6048695]],[[-0.1223973,51.6048695],[-0.1227962,51.6044253],[-0.1231883,51.6039721],[-0.123671,51.6034306]],[[-0.123671,51.6034306],[-0.1238892,51.6031752],[-0.1239931,51.6030367],[-0.1240817,51.6028842],[-0.124136,51.6027592],[-0.1242047,51.602576],[-0.1242319,51.6024565],[-0.1242546,51.6022203],[-0.1242459,51.6020268],[-0.1242133,51.6018556],[-0.1241712,51.6017098],[-0.1240924,51.6015232],[-0.1239913,51.601354],[-0.1238725,51.6011876]],[[-0.1238725,51.6011876],[-0.1237321,51.6010124],[-0.123575,51.6008587],[-0.1235049,51.6007926],[-0.1231648,51.6004963],[-0.1224594,51.599924],[-0.1217962,51.5993844]],[[-0.13850457017185,51.57052302817464],[-0.1398706,51.5720222],[-0.1408878,51.5730611],[-0.143807,51.576041],[-0.1443894,51.5766318],[-0.1448048,51.5769759],[-0.1453732,51.5773102],[-0.1459454,51.5775541],[-0.1465746,51.5778165],[-0.1469398,51.5779689],[-0.1477652,51.5783095],[-0.1520889,51.5801082],[-0.1583963,51.583515],[-0.1599768,51.5843587]],[[-0.1599768,51.5843587],[-0.1610908,51.5850589]],[[-0.1610908,51.5850589],[-0.16142537377916313,51.58523498800588]],[[-0.1612209846676688,51.58535278625078],[-0.1609521,51.5851675]],[[-0.1609521,51.5851675],[-0.1598402,51.5844575]],[[-0.1598402,51.5844575],[-0.1582592,51.5836136],[-0.1519613,51.5802119],[-0.1476489,51.5784179],[-0.1468234,51.5780772],[-0.1464578,51.5779247],[-0.1458277,51.5776619],[-0.1452411,51.5774118],[-0.1446478,51.5770629],[-0.1442158,51.5767051],[-0.1436281,51.5761089],[-0.1407087,51.5731288],[-0.1396898,51.5720882],[-0.13832818553648832,51.57059378801258]],[[-0.1024644,51.5896863],[-0.1025589,51.5897657],[-0.1027074,51.5898881],[-0.1027198,51.5898983],[-0.1027897,51.589956],[-0.1027991,51.5899638],[-0.1029646,51.5901033],[-0.1029665,51.5901049],[-0.1031127,51.5902269],[-0.1032686,51.5903542],[-0.1033717,51.5904417],[-0.103325,51.5904629],[-0.1026529,51.5899034],[-0.1024179,51.5897077],[-0.1024644,51.5896863]],[[-0.1254811,51.6075596],[-0.1254427,51.6075865],[-0.1250301,51.6073595],[-0.124972,51.6073995],[-0.1248102,51.6073139],[-0.1248178,51.6073063],[-0.1248285,51.6073104],[-0.1248513,51.607287],[-0.1248881,51.6073024],[-0.1249039,51.6073122],[-0.1249217,51.6072999],[-0.1243878,51.6070058],[-0.1243127,51.6070614],[-0.1242762,51.607044],[-0.1243921,51.6069608],[-0.1249774,51.6072825],[-0.1250171,51.6073043],[-0.1254811,51.6075596]],[[-0.10668062572025018,51.56586448412108],[-0.106657,51.5659692],[-0.1065119,51.5663277],[-0.1062473,51.5668577],[-0.1060206,51.5672311],[-0.1057347,51.5676529],[-0.1055064,51.5678945],[-0.1052747,51.5680901]],[[-0.1036684,51.5909417],[-0.1033892,51.5904338],[-0.1032861,51.5903462],[-0.10313,51.5902187],[-0.1029839,51.5900969],[-0.1028166,51.5899558],[-0.1027247,51.58988],[-0.1025763,51.5897577],[-0.1024818,51.5896783],[-0.1022093,51.5891181]],[[-0.1263426,51.6079524],[-0.1256011,51.6076111],[-0.1250483,51.6073026],[-0.1241719,51.6068256],[-0.1229216,51.6063263]],[[-0.13194669848931878,51.61042692815989],[-0.1318466,51.61033],[-0.1314425,51.6100141],[-0.1308132,51.6096607],[-0.1302228,51.6094039],[-0.1292069,51.6090728],[-0.1283376,51.608792],[-0.1270107,51.6082584],[-0.1263426,51.6079524]],[[-0.0702925613871676,51.60869219533984],[-0.0703921,51.6084983],[-0.0704758,51.6083056],[-0.0705487,51.6081501],[-0.0706294,51.6079579],[-0.0707022,51.6077664],[-0.0707665,51.6075695],[-0.0708216,51.6073859],[-0.0708669,51.6072081],[-0.0709042,51.6070467],[-0.0709394,51.6068742],[-0.070969,51.6067056],[-0.0709854,51.6065825],[-0.0710008,51.6064338],[-0.0710141,51.6062899],[-0.071024,51.6061528],[-0.0710267,51.6060426],[-0.0710308,51.6058726],[-0.071037,51.6056972],[-0.0710325,51.6055816],[-0.071025,51.6054578]],[[-0.071025,51.6054578],[-0.0710128,51.6053386]],[[-0.0710128,51.6053386],[-0.0709844,51.6051479],[-0.0708109,51.6040189]],[[-0.0708109,51.6040189],[-0.0707822,51.6038301],[-0.070764,51.6037104]],[[-0.070764,51.6037104],[-0.070747,51.6036017]],[[-0.070747,51.6036017],[-0.0706636,51.6030402]],[[-0.0706636,51.6030402],[-0.0706504,51.6029572]],[[-0.0706504,51.6029572],[-0.0705351,51.6022452]],[[-0.0705351,51.6022452],[-0.0705153,51.602128]],[[-0.0705153,51.602128],[-0.0703941,51.6013238]],[[-0.0703941,51.6013238],[-0.0703785,51.6012256]],[[-0.0703785,51.6012256],[-0.0703513,51.6010664],[-0.0703324,51.6009385],[-0.0703163,51.6008228],[-0.0703015,51.6006545]],[[-0.0703015,51.6006545],[-0.0702918,51.6005328]],[[-0.0702918,51.6005328],[-0.0702796,51.6003585],[-0.0702721,51.6001647],[-0.0702675,51.59997],[-0.0702671,51.5998064],[-0.0702669,51.5996342],[-0.0702738,51.5994509],[-0.0702823,51.5992662],[-0.0702922,51.5990693],[-0.0703106,51.5987334]],[[-0.0703106,51.5987334],[-0.0703166,51.598618]],[[-0.0703166,51.598618],[-0.0703419,51.5980951],[-0.070352,51.5979417],[-0.0703562,51.5978114],[-0.0703564,51.597706],[-0.0703555,51.5975911],[-0.0703521,51.5974159],[-0.0703415,51.5972216],[-0.0703299,51.5970612]],[[-0.0703299,51.5970612],[-0.0703176,51.5969528]],[[-0.0703176,51.5969528],[-0.0702954,51.5968076],[-0.0702701,51.596676],[-0.070246,51.5965605],[-0.0702164,51.5964379],[-0.0701801,51.5963005],[-0.0701428,51.5961742],[-0.0700988,51.596043],[-0.070057,51.5959203],[-0.0699777,51.5956964],[-0.0699209,51.5955398],[-0.069876,51.5954167],[-0.0698368,51.5952855]],[[-0.0698368,51.5952855],[-0.0698099,51.5951777],[-0.069792,51.595094],[-0.0697772,51.5949962],[-0.0697595,51.5948669],[-0.0697546,51.5947751],[-0.0697507,51.594676],[-0.0697514,51.5945747],[-0.0697645,51.5944633],[-0.0697792,51.594379],[-0.0697988,51.5942803]],[[-0.0697988,51.5942803],[-0.0698474,51.5940925]],[[-0.0698474,51.5940925],[-0.0698717,51.5940105],[-0.0698959,51.5939349],[-0.0699496,51.5937878],[-0.0699976,51.5936702],[-0.0700245,51.5936073],[-0.0700578,51.5935371],[-0.0701183,51.5934313],[-0.0701854,51.5933241],[-0.0702775,51.5931858],[-0.0703674,51.5930697],[-0.0704571,51.592966],[-0.0705562,51.5928568]],[[-0.0705562,51.5928568],[-0.070613,51.5927975],[-0.0706826,51.5927311],[-0.0708176,51.5926155]],[[-0.0708176,51.5926155],[-0.070942,51.5925117]],[[-0.070942,51.5925117],[-0.071028,51.5924416],[-0.0711747,51.5923324],[-0.071323,51.5922302],[-0.0714655,51.5921353],[-0.0718591,51.5918778]],[[-0.0718591,51.5918778],[-0.0719935,51.5917874]],[[-0.0719935,51.5917874],[-0.0727547,51.5912908],[-0.0729686,51.5911516],[-0.0731672,51.5910199],[-0.0733301,51.5909053],[-0.0734857,51.5907901],[-0.07361,51.5906954],[-0.0737106,51.5906131],[-0.0738272,51.590509],[-0.0739224,51.5904244],[-0.0740129,51.5903328],[-0.0740925,51.5902465],[-0.0741726,51.5901556],[-0.0742821,51.5900243],[-0.0743713,51.5899095],[-0.0744633,51.5897658],[-0.0745826,51.5895696],[-0.0746656,51.5894171],[-0.0747354,51.5892751],[-0.0748261,51.5890466],[-0.074857,51.5889448],[-0.0748887,51.5888131],[-0.0749086,51.5886851],[-0.0749303,51.5884785],[-0.0749423,51.5883032],[-0.0749512,51.5878563],[-0.0749528,51.5876471],[-0.0749562,51.5873222],[-0.0749553,51.5870281],[-0.0749602,51.5867637],[-0.0749678,51.5863076],[-0.0749711,51.5859331],[-0.0749767,51.5856197],[-0.0749851,51.5851664],[-0.074991,51.5848359],[-0.0749942,51.5845762],[-0.0750025,51.5842335]],[[-0.0750025,51.5842335],[-0.0750069,51.584115]],[[-0.0750069,51.584115],[-0.0750056,51.5839441],[-0.0750047,51.5838448],[-0.0750074,51.5837467],[-0.0750152,51.5836172],[-0.0750243,51.5834912],[-0.0750329,51.5833825],[-0.0750458,51.5832743],[-0.0750627,51.5831423],[-0.0750801,51.5830376],[-0.0751051,51.5828976],[-0.075133,51.5827504]],[[-0.075133,51.5827504],[-0.075161,51.5826095],[-0.0751892,51.5824935],[-0.0752103,51.5824111],[-0.0753053,51.5820796],[-0.0753943,51.5818167]],[[-0.0753943,51.5818167],[-0.0754431,51.5816675],[-0.0754609,51.5816096]],[[-0.0754609,51.5816096],[-0.075496,51.5814634],[-0.075531,51.5812964],[-0.0755588,51.5811487],[-0.0755849,51.5810234],[-0.0756161,51.5808277],[-0.0756344,51.5806997],[-0.0756452,51.5805597],[-0.0756549,51.5804185],[-0.0756576,51.580308],[-0.0756562,51.5801113]],[[-0.0756562,51.5801113],[-0.0756389,51.5798654]],[[-0.0756389,51.5798654],[-0.0756282,51.579746],[-0.0756106,51.5796249],[-0.0755802,51.5794727],[-0.0755472,51.5793249],[-0.0755105,51.5791702],[-0.0754578,51.5789667],[-0.0753187,51.5784203],[-0.0752543,51.5781757],[-0.0752333,51.5780907],[-0.0752109,51.5779941],[-0.0751872,51.5778825],[-0.0751678,51.5777741],[-0.0751506,51.5776684],[-0.0751356,51.5775425]],[[-0.0751356,51.5775425],[-0.0751283,51.5774248]],[[-0.0751283,51.5774248],[-0.0751281,51.5773116],[-0.0751296,51.5771941],[-0.0751353,51.5770823],[-0.0751405,51.5770172],[-0.0751516,51.5769239],[-0.0751651,51.5768374],[-0.0751882,51.5767244],[-0.0752277,51.5765705],[-0.0752768,51.5764028],[-0.0753238,51.5762698],[-0.0753883,51.5761058],[-0.075465,51.5759531],[-0.07553,51.575827],[-0.0756116,51.575691],[-0.0757008,51.5755517],[-0.07575662850648916,51.57547340860081]],[[-0.07579737459745135,51.57548732655033],[-0.0757431,51.5755633],[-0.075655,51.5756989],[-0.0755747,51.5758362],[-0.0755086,51.5759617],[-0.0754381,51.5761152],[-0.0753687,51.5762879],[-0.0753286,51.5764083],[-0.0752805,51.5765726],[-0.0752401,51.5767315],[-0.0752206,51.5768369],[-0.0752043,51.576942],[-0.0751964,51.5770216],[-0.0751908,51.5770834],[-0.075185,51.5771931],[-0.0751826,51.5773111],[-0.0751857,51.5774378]],[[-0.0751857,51.5774378],[-0.0751903,51.5775547]],[[-0.0751903,51.5775547],[-0.0752038,51.5776692],[-0.0752199,51.5777735],[-0.0752399,51.5778806],[-0.0752634,51.5779915],[-0.0752866,51.5780919],[-0.0753054,51.5781694],[-0.0753711,51.578412],[-0.0755111,51.5789609],[-0.0755637,51.579172],[-0.0755991,51.5793192],[-0.0756312,51.5794696],[-0.0756591,51.5796196],[-0.0756777,51.5797388],[-0.0756889,51.5798592]],[[-0.0756889,51.5798592],[-0.075705,51.5801051]],[[-0.075705,51.5801051],[-0.0757093,51.5802131],[-0.0757095,51.5803093],[-0.0757062,51.5804216],[-0.0756969,51.5805689],[-0.0756848,51.5807009],[-0.0756682,51.5808312],[-0.0756346,51.581028],[-0.0756093,51.5811521],[-0.0755827,51.5812988],[-0.0755452,51.5814695],[-0.0755158,51.581587]],[[-0.0755158,51.581587],[-0.0754514,51.5817936]],[[-0.0754514,51.5817936],[-0.075351,51.5820851],[-0.0752517,51.5824141],[-0.0752312,51.582499],[-0.0752085,51.5826143],[-0.0751818,51.5827541]],[[-0.0751818,51.5827541],[-0.0751437,51.5829543],[-0.0751292,51.5830413],[-0.0751113,51.5831654],[-0.0750967,51.5832764],[-0.0750836,51.5833866],[-0.0750732,51.5834945],[-0.0750662,51.583608],[-0.075058,51.5837463],[-0.0750569,51.5838485],[-0.075056,51.5839456],[-0.0750552,51.5841227]],[[-0.0750552,51.5841227],[-0.0750519,51.5842414]],[[-0.0750519,51.5842414],[-0.0750429,51.5845737],[-0.0750406,51.5848383],[-0.075034,51.5851674],[-0.0750256,51.5856216],[-0.0750218,51.5858875],[-0.0750162,51.5863033],[-0.0750098,51.5866929],[-0.0750055,51.5870267],[-0.0750055,51.5873205],[-0.0749983,51.5876478],[-0.0749971,51.5878545],[-0.0749944,51.5880372],[-0.0749904,51.5883023],[-0.0749777,51.5884828],[-0.0749565,51.5886817],[-0.0749352,51.588821],[-0.0749073,51.5889467],[-0.0748731,51.5890549],[-0.0747885,51.589273],[-0.0747069,51.5894426],[-0.0746049,51.5896272],[-0.0745189,51.5897671],[-0.0744237,51.5899122],[-0.0743255,51.5900402],[-0.0742152,51.5901703],[-0.0741365,51.5902618],[-0.0740568,51.5903475],[-0.0739647,51.5904372],[-0.0738661,51.5905281],[-0.0737459,51.5906369],[-0.0736523,51.5907139],[-0.0735271,51.5908085],[-0.07337,51.5909229],[-0.0731953,51.5910441],[-0.0729989,51.5911727],[-0.0727853,51.5913144],[-0.0720428,51.5918008]],[[-0.0720428,51.5918008],[-0.0719071,51.5918909]],[[-0.0719071,51.5918909],[-0.0714898,51.5921656],[-0.0713576,51.5922529],[-0.071215,51.5923507],[-0.071137,51.5924079],[-0.0710641,51.5924636],[-0.0709804,51.5925307]],[[-0.0709804,51.5925307],[-0.0708584,51.592634]],[[-0.0708584,51.592634],[-0.0707234,51.592748],[-0.070651,51.592817],[-0.0705864,51.5928848]],[[-0.0705864,51.5928848],[-0.0704986,51.5929819],[-0.0704182,51.5930775],[-0.0703253,51.5931966],[-0.0702312,51.5933305],[-0.070163,51.5934409],[-0.0701012,51.5935493],[-0.0700697,51.5936143],[-0.0700445,51.593673],[-0.0699976,51.5937923],[-0.0699441,51.5939415],[-0.069921,51.5940147],[-0.0698901,51.5941237]],[[-0.0698901,51.5941237],[-0.0698427,51.5943123]],[[-0.0698427,51.5943123],[-0.0698279,51.5943804],[-0.069814,51.5944688],[-0.0698042,51.5945736],[-0.0698015,51.5946803],[-0.0698055,51.594777],[-0.069809,51.5948668],[-0.0698254,51.5949895],[-0.0698394,51.5950921],[-0.0698572,51.5951778],[-0.0698839,51.5952774]],[[-0.0698839,51.5952774],[-0.069924,51.5954102],[-0.069968,51.5955311],[-0.0700107,51.5956496],[-0.0701101,51.5959129],[-0.0701532,51.5960399],[-0.0701967,51.5961743],[-0.0702345,51.596308],[-0.0702676,51.5964312],[-0.0702978,51.596557],[-0.070323,51.5966769],[-0.0703464,51.5968078],[-0.070369,51.5969526]],[[-0.070369,51.5969526],[-0.0703807,51.5970612]],[[-0.0703807,51.5970612],[-0.0703965,51.5972437],[-0.0704024,51.5974163],[-0.0704038,51.5975867],[-0.0704053,51.5977054],[-0.0704045,51.5977963],[-0.0703988,51.597941],[-0.0703947,51.5980956],[-0.0703697,51.598619]],[[-0.0703697,51.598619],[-0.0703642,51.5987344]],[[-0.0703642,51.5987344],[-0.0703424,51.599065],[-0.0703328,51.5992674],[-0.0703216,51.5994522],[-0.0703166,51.5996344],[-0.0703149,51.599802],[-0.0703183,51.5999642],[-0.0703215,51.6001655],[-0.0703323,51.6003538],[-0.0703449,51.6005312]],[[-0.0703449,51.6005312],[-0.0703529,51.6006529]],[[-0.0703529,51.6006529],[-0.0703661,51.6008222],[-0.0703822,51.6009396],[-0.070403,51.6010701],[-0.0704256,51.6012228]],[[-0.0704256,51.6012228],[-0.0704415,51.601321]],[[-0.0704415,51.601321],[-0.0705643,51.602125]],[[-0.0705643,51.602125],[-0.0705835,51.6022421]],[[-0.0705835,51.6022421],[-0.0707004,51.6029543]],[[-0.0707004,51.6029543],[-0.0707122,51.6030374]],[[-0.0707122,51.6030374],[-0.0707951,51.6035941]],[[-0.0707951,51.6035941],[-0.0708115,51.603703]],[[-0.0708115,51.603703],[-0.0708313,51.6038289],[-0.0708606,51.6040158]],[[-0.0708606,51.6040158],[-0.0710333,51.6051458],[-0.0710615,51.6053412]],[[-0.0710615,51.6053412],[-0.0710661,51.6053933],[-0.0710722,51.6054614]],[[-0.0710722,51.6054614],[-0.0710782,51.6055798],[-0.0710823,51.6056983],[-0.0710795,51.6058681],[-0.071077,51.6060449],[-0.0710735,51.6061519],[-0.0710647,51.6062914],[-0.0710508,51.6064358],[-0.071036,51.6065852],[-0.0710185,51.6067092],[-0.0709882,51.6068814],[-0.070952,51.6070482],[-0.0709192,51.607208],[-0.0708686,51.607386],[-0.0708143,51.6075758],[-0.0707524,51.6077677],[-0.0706787,51.6079647],[-0.0705989,51.6081553],[-0.070528,51.6083083],[-0.0704351,51.6085046],[-0.0703409996539746,51.60869400517648]],[[-0.0598431,51.5882317],[-0.0598767,51.5882353],[-0.0598651,51.5882842],[-0.0597115,51.5888988],[-0.0596892,51.5889867],[-0.0596783,51.5890305],[-0.0596491,51.5891375],[-0.0596032,51.5893109],[-0.0595717,51.5894313],[-0.0595261,51.5895846],[-0.0594865,51.5897117],[-0.0594403,51.5898592],[-0.0593873,51.5900158],[-0.0593276,51.5901783],[-0.0592686,51.5903395],[-0.0592309,51.5904436],[-0.0592009,51.5904392],[-0.0591895,51.5904375],[-0.0591761,51.5904356],[-0.0591876,51.5904047],[-0.0592023,51.5904068],[-0.05941,51.5898194],[-0.0593984,51.5898181],[-0.0594297,51.5897164],[-0.0594581,51.5896183],[-0.0594959,51.5894817],[-0.0595496,51.5893085],[-0.0595536,51.5892959],[-0.0596155,51.5890642],[-0.0596711,51.588834],[-0.059675,51.5888165],[-0.0596974,51.5887164],[-0.0597554,51.5884712],[-0.0597318,51.5884693],[-0.0597527,51.5883799],[-0.0597797,51.5882668],[-0.0597896,51.5882264],[-0.0598431,51.5882317]],[[-0.05125119711368742,51.607643777603364],[-0.0513239,51.6074882],[-0.0537802,51.6022313],[-0.0538424,51.6020993],[-0.0539449,51.6018815],[-0.0545344,51.6006194],[-0.0546989,51.6002654],[-0.0549321,51.59977],[-0.0554241,51.5987187]],[[-0.0554241,51.5987187],[-0.0561902,51.5970834],[-0.0573435,51.5946276],[-0.0580826,51.5930528],[-0.0582,51.5928048],[-0.0582723,51.5926512],[-0.058441,51.5922908],[-0.0585948,51.5919603],[-0.0586939,51.5917487],[-0.0589542,51.5911664],[-0.0590761,51.5908782],[-0.0591393,51.5907251],[-0.0592328,51.5904921]],[[-0.0592328,51.5904921],[-0.0592679,51.5904026],[-0.0593266,51.5902455],[-0.0593979,51.5900504],[-0.0594388,51.5899302],[-0.0594936,51.5897655],[-0.0595419,51.589608],[-0.0595856,51.5894596],[-0.0596254,51.5893157],[-0.0597208,51.5889426],[-0.0598405,51.5884716],[-0.0599014,51.5882172],[-0.0599693,51.5879059],[-0.060029,51.5876093],[-0.0600701,51.587394],[-0.0601208,51.5870928],[-0.0601862,51.5866743],[-0.0602337,51.5863374],[-0.0602925,51.5858345],[-0.0603096,51.5856439],[-0.0603229,51.5854779],[-0.0603322,51.5852473],[-0.0603389,51.5848704],[-0.0603317,51.5844161],[-0.0603239,51.584193],[-0.0603114,51.5840147],[-0.0602983,51.5838485],[-0.060278,51.5836321],[-0.0602595,51.583482],[-0.0602312,51.5832943],[-0.0602175,51.5832013],[-0.0601929,51.5830713],[-0.0601442,51.5828452],[-0.060109,51.5826917],[-0.0600752,51.5825557],[-0.0600431,51.5824366],[-0.0599601,51.5821547],[-0.0598861,51.5819333],[-0.0598186,51.5817322],[-0.0597976,51.5816767]],[[-0.0597976,51.5816767],[-0.05974420582809897,51.581540581721534]],[[-0.0593382,51.5904072],[-0.0593913,51.5902634],[-0.0594458,51.5901125],[-0.0595082,51.5899321],[-0.0595551,51.589785],[-0.0595933,51.5896675],[-0.0596235,51.5895667],[-0.0596682,51.5894086],[-0.0597174,51.5892305],[-0.059767,51.5890484],[-0.0598015,51.5889127],[-0.0599524,51.5882927],[-0.0599644,51.5882436],[-0.0600346,51.5882503],[-0.0600526,51.5882521],[-0.0600509,51.5882585],[-0.0600458,51.5882784],[-0.0600399,51.5883011],[-0.0600324,51.588332],[-0.0600148,51.5883303],[-0.0599831,51.58846],[-0.0599644,51.5885327],[-0.0598845,51.5888543],[-0.0599575,51.5888609],[-0.059984,51.5888633],[-0.0599494,51.5890107],[-0.0599391,51.5890547],[-0.0598395,51.5890456],[-0.0598135,51.5890435],[-0.059798,51.5891066],[-0.0597184,51.5894215],[-0.0596629,51.5896243],[-0.0596373,51.5897184],[-0.0596246,51.5897171],[-0.0595888,51.5898297],[-0.0594285,51.5902825],[-0.0593801,51.5904131],[-0.0593382,51.5904072]],[[-0.059787583548547976,51.581517440292416],[-0.0598423,51.5816586]],[[-0.0598423,51.5816586],[-0.0598629,51.581712],[-0.0599348,51.5819235],[-0.0600151,51.5821772],[-0.0600882,51.5824272],[-0.0601233,51.5825478],[-0.0601553,51.5826874],[-0.0601916,51.5828375],[-0.0602392,51.5830695],[-0.0602646,51.5832001],[-0.0602787,51.5832903],[-0.0603084,51.5834793],[-0.0603273,51.583631],[-0.0603499,51.583849],[-0.0603619,51.5840152],[-0.0603724,51.5841919],[-0.0603828,51.5844141],[-0.0603884,51.5848706],[-0.0603819,51.5852459],[-0.0603731,51.585461],[-0.0603601,51.5856474],[-0.0603406,51.5858368],[-0.0602803,51.5863404],[-0.0602344,51.5866783],[-0.0601664,51.5870971],[-0.0601167,51.5873987],[-0.0600784,51.5876133],[-0.0600174,51.5879096],[-0.0599473,51.5882197],[-0.0598883,51.5884731],[-0.0597702,51.5889414],[-0.0596732,51.5893205],[-0.0596322,51.5894659],[-0.0595884,51.5896119],[-0.0595401,51.5897715],[-0.0594879,51.5899355],[-0.0594451,51.590058],[-0.0593745,51.590253],[-0.059316,51.5904102],[-0.0592815,51.5904985]],[[-0.0592815,51.5904985],[-0.0591865,51.5907317],[-0.059119,51.5908896],[-0.0590048,51.5911671],[-0.0587404,51.5917578],[-0.0586417,51.5919693],[-0.058488,51.5923009],[-0.0583187,51.5926594],[-0.058246,51.5928133],[-0.0581293,51.5930611],[-0.0573918,51.5946386],[-0.0562386,51.5970929],[-0.0554735,51.598727]],[[-0.0554735,51.598727],[-0.0549792,51.599779],[-0.0547458,51.6002742],[-0.0545818,51.6006283],[-0.0539922,51.6018916],[-0.0538891,51.6021089],[-0.0538282,51.602239],[-0.0513708,51.6074964],[-0.05129572341463895,51.60765721988465]],[[-0.1186963,51.595841],[-0.1190611,51.5962326]],[[-0.1190611,51.5962326],[-0.1191765,51.5963684],[-0.1193731,51.596588]],[[-0.1193731,51.596588],[-0.1200128,51.5972325],[-0.1205128,51.5977333],[-0.1211322,51.5983522],[-0.1217057,51.5989],[-0.121901,51.5990618]],[[-0.121901,51.5990618],[-0.1221624,51.5992769],[-0.1224243,51.5994504],[-0.1225777,51.5995369],[-0.1227374,51.5996156],[-0.1235697,51.6000056],[-0.1238442,51.6001461],[-0.1239558,51.6002175],[-0.1241052,51.6003259],[-0.1242929,51.6004756],[-0.1244341,51.6006274],[-0.1245269,51.6007523],[-0.124663,51.6009558],[-0.124774,51.6012346]],[[-0.124774,51.6012346],[-0.1248301,51.601742]],[[-0.1248301,51.601742],[-0.1247027,51.6022324]],[[-0.1247027,51.6022324],[-0.124518,51.6025364],[-0.1241068,51.6030103],[-0.1237289,51.6034231],[-0.1232267,51.6039909],[-0.1228459,51.604432],[-0.1225232,51.6047986]],[[-0.1225232,51.6047986],[-0.1219228,51.6054744],[-0.1215633,51.6059119],[-0.1213298,51.6062198],[-0.1209143,51.6068019],[-0.120437,51.607363],[-0.1200437,51.6077699],[-0.1198054,51.6080252],[-0.1194641,51.6084088],[-0.11946167816596094,51.60841147415014]],[[-0.0712315,51.580451],[-0.0713587,51.5804326],[-0.0713455,51.5803955],[-0.0715062,51.5803733],[-0.0715194,51.5804105],[-0.071577,51.5804029],[-0.0715681,51.5803763],[-0.0718276,51.5803429],[-0.0718478,51.5803403],[-0.0718734,51.5803371],[-0.0719093,51.5803317],[-0.0719129,51.5803424],[-0.0719149,51.5803481],[-0.0719177,51.5803563],[-0.0720189,51.5803439],[-0.0720206,51.5803489],[-0.0720862,51.5803409],[-0.072108,51.5803383],[-0.0723413,51.5803098],[-0.0723453,51.5803269],[-0.072347,51.5803339],[-0.0719183,51.580385],[-0.0717173,51.5804113],[-0.0712413,51.580478],[-0.0712315,51.580451]],[[-0.0973118,51.5773313],[-0.0981205,51.5771151],[-0.0983291,51.5770593],[-0.0983464,51.5770843],[-0.0973291,51.5773563],[-0.0973118,51.5773313]],[[-0.055054098070632426,51.58555155308851],[-0.0553026,51.5855239]],[[-0.0553026,51.5855239],[-0.0557675,51.5854657]],[[-0.0557675,51.5854657],[-0.0566534,51.5853212]],[[-0.0566534,51.5853212],[-0.0573158,51.5851902]],[[-0.0573158,51.5851902],[-0.0575698,51.5851334]],[[-0.0575698,51.5851334],[-0.0579622,51.5850416],[-0.0583367,51.5849491],[-0.0587146,51.5848482],[-0.0591265,51.5847279]],[[-0.0591265,51.5847279],[-0.0593362,51.5846604]],[[-0.0593362,51.5846604],[-0.0598826,51.5844767]],[[-0.0598826,51.5844767],[-0.0599767,51.5844418]],[[-0.0599767,51.5844418],[-0.060725,51.5841501]],[[-0.060725,51.5841501],[-0.0608331,51.5841062],[-0.0609805,51.5840443],[-0.0611507,51.5839693],[-0.061364,51.5838741],[-0.0616038,51.5837644],[-0.0618377,51.5836517],[-0.0620221,51.5835573],[-0.062221,51.5834485],[-0.0629448,51.5830606],[-0.0631071,51.5829765]],[[-0.0631071,51.5829765],[-0.0632555,51.5829015],[-0.0634436,51.582809],[-0.0636702,51.5827005],[-0.0639294,51.5825824],[-0.0641432,51.5824897],[-0.0643824,51.5823924],[-0.0646953,51.582265],[-0.0649966,51.5821518],[-0.0652243,51.5820698],[-0.0654703,51.581984],[-0.0657769,51.5818815],[-0.0659851,51.5818162],[-0.0662712,51.581731],[-0.066517,51.5816597]],[[-0.066517,51.5816597],[-0.0666329,51.5816267],[-0.0671713,51.5814826],[-0.0687906,51.5810488],[-0.0691622,51.5809491],[-0.0693964,51.5808847],[-0.0698061,51.5807736],[-0.0699874,51.5807299],[-0.0701374,51.5806931],[-0.0704481,51.5806235]],[[-0.0704481,51.5806235],[-0.0706669,51.5805844],[-0.070872,51.5805494],[-0.0711275,51.5805088],[-0.0712872,51.5804854],[-0.0715057,51.580454],[-0.0717701,51.5804197],[-0.0722558,51.5803607],[-0.0725318,51.5803271]],[[-0.0725318,51.5803271],[-0.0728457,51.5802877]],[[-0.0728457,51.5802877],[-0.0732412,51.5802434]],[[-0.0732412,51.5802434],[-0.0782857,51.5796709],[-0.0787367,51.5796235],[-0.0791582,51.579584],[-0.0794974,51.579555],[-0.0798068,51.5795298],[-0.0801103,51.5795077],[-0.0804924,51.5794817]],[[-0.0804924,51.5794817],[-0.0809738,51.5794425]],[[-0.0809738,51.5794425],[-0.083709,51.5792647],[-0.0868971,51.5789892]],[[-0.0868971,51.5789892],[-0.0871325,51.5789746]],[[-0.0871325,51.5789746],[-0.0894154,51.5788087],[-0.0905997,51.5787056],[-0.0917692,51.5785763],[-0.0926408,51.5784455],[-0.0935094,51.5782968],[-0.0943387,51.5781351],[-0.0951481,51.5779497]],[[-0.0951481,51.5779497],[-0.0953315,51.5779043]],[[-0.0953315,51.5779043],[-0.0959783,51.5777333],[-0.0973424,51.5773678],[-0.0982831,51.5771192],[-0.0985521,51.5770613]],[[-0.0985521,51.5770613],[-0.0988461,51.5769838]],[[-0.0988461,51.5769838],[-0.1012047,51.5763354],[-0.1019238,51.5761429]],[[-0.1019238,51.5761429],[-0.1020498,51.5761078],[-0.1021328,51.5760846]],[[-0.1021328,51.5760846],[-0.1029902,51.5758251],[-0.1038606,51.5756233]],[[-0.1038606,51.5756233],[-0.1045463,51.5754382],[-0.1057463,51.5750781]],[[-0.1057463,51.5750781],[-0.1065145,51.5748764],[-0.1069218,51.5747484],[-0.1072977,51.5746553],[-0.1091646,51.5741438],[-0.1099577,51.5739247],[-0.1118062,51.5734414]],[[-0.1118062,51.5734414],[-0.1129472,51.5731003]],[[-0.1129472,51.5731003],[-0.1143145,51.5726019],[-0.1155766,51.5720529],[-0.11568799987512225,51.571997806405605]],[[-0.0545549,51.6005202],[-0.0545463,51.6005186],[-0.0545186,51.6005135],[-0.0539166,51.6017957],[-0.0538102,51.6020224],[-0.0537929,51.6020592],[-0.0538133,51.6020629],[-0.0538319,51.6020663],[-0.0545549,51.6005202]],[[-0.0540498,51.6019612],[-0.0540277,51.6019572],[-0.0540077,51.6019536],[-0.0540183,51.6019307],[-0.0539964,51.6019267],[-0.0547256,51.6003689],[-0.0547667,51.6003763],[-0.0547631,51.6003844],[-0.05476,51.6003916],[-0.0546346,51.600667],[-0.0543519,51.6012879],[-0.054119,51.6017995],[-0.0541125,51.6018136],[-0.0541264,51.6018161],[-0.0541485,51.6018203],[-0.054104,51.6019108],[-0.0540987,51.6019225],[-0.0540915,51.6019379],[-0.0540633,51.6019328],[-0.0540498,51.6019612]],[[-0.0593984,51.5898181],[-0.0594297,51.5897164],[-0.0594581,51.5896183],[-0.0594959,51.5894817],[-0.0595496,51.5893085],[-0.0595536,51.5892959],[-0.0596155,51.5890642],[-0.0596711,51.588834],[-0.059675,51.5888165],[-0.0596974,51.5887164],[-0.0597554,51.5884712],[-0.0597318,51.5884693],[-0.0597527,51.5883799],[-0.0597797,51.5882668],[-0.0597353,51.5882636],[-0.0597084,51.5883769],[-0.0595892,51.5888877],[-0.0595693,51.5889756],[-0.0595339,51.5891277],[-0.0594915,51.5892987],[-0.0594509,51.5894566],[-0.0594061,51.5896144],[-0.0593534,51.5898132],[-0.0593984,51.5898181]],[[-0.0597057,51.5817704],[-0.05963764810947974,51.58159725846728]],[[-0.0598077,51.5878021],[-0.0599466,51.5871769],[-0.0599932,51.5869662],[-0.0600488,51.5867068],[-0.0600918,51.586505],[-0.0601219,51.5863322],[-0.0601513,51.5861509],[-0.060173,51.586007],[-0.0601966,51.5858278],[-0.0602222,51.5855742],[-0.0602353,51.5853832],[-0.0602426,51.585245],[-0.0602517,51.5850727],[-0.0602559,51.5848706],[-0.0602516,51.5844982],[-0.060235,51.5841893],[-0.0602101,51.5838864],[-0.0601916,51.5837302],[-0.060176,51.5835989],[-0.0601586,51.5834759],[-0.0601239,51.58327],[-0.06009,51.5831004],[-0.0600552,51.5829353],[-0.060025,51.5828136],[-0.0599885,51.582663],[-0.0599512,51.5825219],[-0.0599105,51.5823852],[-0.059871,51.5822553],[-0.0598173,51.5820871],[-0.0597057,51.5817704]],[[-0.051138427701868334,51.60760973304718],[-0.0512072,51.6074648],[-0.0513143,51.6072343],[-0.0514989,51.6068401],[-0.0517394,51.6063295],[-0.0518454,51.6061079],[-0.0519775,51.6058413],[-0.0522415,51.6053101],[-0.0524324,51.6049115],[-0.052544,51.604675],[-0.0527885,51.6041551],[-0.0529263,51.6038582],[-0.0530191,51.6036602],[-0.0530861,51.6035144],[-0.0531913,51.6032816],[-0.053269,51.6030994],[-0.0534114,51.6027703],[-0.0535022,51.6025573],[-0.053648,51.6022162],[-0.0538225,51.6018239],[-0.0538628,51.6017345],[-0.053978,51.6014848],[-0.0541012,51.6012229],[-0.0542011,51.601014],[-0.054329,51.6007529],[-0.0543962,51.600616],[-0.0544777,51.6004513],[-0.0545765,51.6002442],[-0.0548192,51.5997485],[-0.0549786,51.5994203],[-0.0551327,51.5991075],[-0.0553318,51.5987003],[-0.0555504,51.5982485],[-0.0557246,51.5978835],[-0.0559266,51.5974499],[-0.056051,51.5971875],[-0.0562396,51.5967858],[-0.056412,51.5964158],[-0.0565946,51.5960287],[-0.0569494,51.5952689],[-0.0570198,51.5951212],[-0.0572576,51.5946122],[-0.0573841,51.5943318],[-0.0574936,51.5940888],[-0.0576997,51.5936302],[-0.0577633,51.5934897],[-0.0578133,51.5933799],[-0.0578828,51.5932323],[-0.0579753,51.5930342],[-0.0582906,51.5923654],[-0.0584047,51.5921196],[-0.0584738,51.5919723],[-0.0585499,51.5918086],[-0.0586377,51.5916233],[-0.0587455,51.5913909],[-0.0588245,51.5912209],[-0.0589072,51.5910313],[-0.058954,51.5909165],[-0.0590083,51.5907793],[-0.0590729,51.5906018],[-0.0591171,51.5904775],[-0.0591766,51.5902977],[-0.0592412,51.5900949],[-0.059307,51.589882],[-0.0593456,51.5897517],[-0.0593962,51.5895721],[-0.0594431,51.5894089],[-0.0594795,51.589266],[-0.0595155,51.5891205],[-0.0595413,51.5890107],[-0.0595824,51.5888262],[-0.0596522,51.5885223],[-0.0597312,51.588142],[-0.0598077,51.5878021]],[[-0.1057533,51.5688403],[-0.1057708,51.5680957]],[[-0.1060226,51.567855],[-0.1058,51.5688432]]]}},{"type":"Feature","properties":{"kind":"routes","class":"other","routeCount":115},"geometry":{"type":"MultiLineString","coordinates":[[[-0.1271544401259758,51.57411459406902],[-0.1271612,51.5742425],[-0.1271454,51.5743647]],[[-0.1271454,51.5743647],[-0.1271125,51.5744686],[-0.1270443,51.5745601],[-0.1270271,51.5745917]],[[-0.1270271,51.5745917],[-0.1269192,51.5747826]],[[-0.1269192,51.5747826],[-0.1268577,51.5748943],[-0.1268267,51.5749496],[-0.1267418,51.5751174],[-0.1267201,51.5751603],[-0.126678,51.5752424],[-0.126586,51.5754077],[-0.126405,51.5757138],[-0.1263856,51.5757467],[-0.1263662,51.5757732],[-0.1262366,51.5759499]],[[-0.1262366,51.5759499],[-0.1260653,51.5761763],[-0.1259934,51.5762691],[-0.1259192,51.5763648],[-0.1258851,51.5764047],[-0.1257656,51.5765254]],[[-0.1257656,51.5765254],[-0.1257121,51.5765807],[-0.1256628,51.5766303],[-0.1254054,51.5769019]],[[-0.1254054,51.5769019],[-0.1253238,51.5769874]],[[-0.1253238,51.5769874],[-0.1252653,51.5770523],[-0.1252039,51.5771148],[-0.1250652,51.5772604],[-0.1249892,51.5773364]],[[-0.1249892,51.5773364],[-0.1249253,51.5774002],[-0.1248139,51.5775114],[-0.1245334,51.5777915],[-0.1244853,51.5778359],[-0.1242798,51.5780221],[-0.124087,51.5781921],[-0.1240363,51.5782497],[-0.1239839,51.5783304]],[[-0.1238876,51.5785649],[-0.1239711,51.5783562],[-0.1239839,51.5783304]],[[-0.1238397,51.5787698],[-0.1238567,51.5786929],[-0.1238876,51.5785649]],[[-0.1237617,51.5793667],[-0.1237757,51.5792418],[-0.12378,51.5792041],[-0.1237991,51.5790495],[-0.1238122,51.5789441],[-0.1238397,51.5787698]],[[-0.1236768,51.5795386],[-0.1237145,51.5794721],[-0.1237617,51.5793667]],[[-0.1235643,51.5796762],[-0.1236768,51.5795386]],[[-0.1233617,51.5799338],[-0.1235165,51.579737],[-0.1235643,51.5796762]],[[-0.1210598,51.5816615],[-0.121154,51.5816118],[-0.1211847,51.5815958],[-0.1212245,51.5815749],[-0.1213059,51.5815323],[-0.1213438,51.5815125],[-0.1213791,51.581494],[-0.1214974,51.5814236],[-0.1215772,51.5813684],[-0.1216208,51.5813383],[-0.1216744,51.5812983],[-0.1217729,51.5812247],[-0.1218242,51.5811889],[-0.1219161,51.5811103],[-0.1220399,51.5810068],[-0.1220541,51.5809949],[-0.122197,51.5808828],[-0.1223068,51.5807967],[-0.122637,51.5805378],[-0.1229353,51.5803039],[-0.1231868,51.5801096],[-0.1232053,51.580091],[-0.1233054,51.5799904],[-0.1233617,51.5799338]],[[-0.1204814,51.5818864],[-0.1210598,51.5816615]],[[-0.1201484,51.5820181],[-0.1202633,51.5819727],[-0.1202728,51.5819689],[-0.1203362,51.5819429],[-0.1204814,51.5818864]],[[-0.1191991,51.5823607],[-0.1192834,51.5823296],[-0.1195128,51.5822478],[-0.1196223,51.5822082],[-0.119724,51.5821715],[-0.1197679,51.5821556],[-0.1199729,51.5820815],[-0.1201484,51.5820181]],[[-0.1191991,51.5823607],[-0.1192063,51.5823838],[-0.119202,51.5824034],[-0.1191869,51.5824227],[-0.119154,51.5824416],[-0.1191407,51.5824449],[-0.1191231,51.5824492],[-0.1190866,51.5824502],[-0.1190563,51.5824449],[-0.1190256,51.5824319]],[[-0.1184313,51.5826545],[-0.118905,51.5824785],[-0.1190256,51.5824319]],[[-0.1180283,51.5828093],[-0.1182798,51.5827104],[-0.1184313,51.5826545]],[[-0.1180283,51.5828093],[-0.1177185,51.5829178]],[[-0.1177185,51.5829178],[-0.1174665,51.5830319],[-0.1173427,51.5830918]],[[-0.1173427,51.5830918],[-0.1173436,51.58311],[-0.1173333,51.5831285],[-0.1172466,51.5831824]],[[-0.1172466,51.5831824],[-0.1171995,51.583213],[-0.1171903,51.583219],[-0.1171666,51.5832258],[-0.1171429,51.5832284]],[[-0.1169746,51.5833511],[-0.1171429,51.5832284]],[[-0.1169427,51.5833743],[-0.1169746,51.5833511]],[[-0.1168222,51.5834717],[-0.1168897,51.5834171],[-0.1169427,51.5833743]],[[-0.1166957,51.5835792],[-0.1167213,51.5835591],[-0.1168222,51.5834717]],[[-0.1164507,51.5837934],[-0.11653,51.5837172],[-0.1165877,51.583665],[-0.1165986,51.5836552],[-0.1166957,51.5835792]],[[-0.1162391,51.583997],[-0.1164507,51.5837934]],[[-0.1161354,51.5841064],[-0.1162391,51.583997]],[[-0.1161193,51.5841233],[-0.1161354,51.5841064]],[[-0.1160524,51.5841939],[-0.1161193,51.5841233]],[[-0.1160325,51.5842148],[-0.1160524,51.5841939]],[[-0.1158516,51.5844305],[-0.1159614,51.5842942],[-0.1159794,51.5842731],[-0.115998,51.5842513],[-0.1160325,51.5842148]],[[-0.115828,51.5844599],[-0.1158516,51.5844305]],[[-0.1156996,51.5846279],[-0.115828,51.5844599]],[[-0.1155963,51.5847465],[-0.1156996,51.5846279]],[[-0.1155686,51.5847783],[-0.1155963,51.5847465]],[[-0.1155686,51.5847783],[-0.1155441,51.584843],[-0.1155262,51.5848685]],[[-0.1155262,51.5848685],[-0.1154959,51.5849115]],[[-0.1154959,51.5849115],[-0.1154073,51.5850494],[-0.1153233,51.5852087]],[[-0.1153233,51.5852087],[-0.1153133,51.5852793],[-0.1152263,51.5854408],[-0.1148935,51.5859823],[-0.1148504,51.5860525],[-0.1148177,51.586117],[-0.1146254,51.5864961],[-0.1145758,51.5865895],[-0.1145594,51.5866205],[-0.1144493,51.5868384],[-0.1143749,51.5870559],[-0.1143627,51.5871334],[-0.1143739,51.587228],[-0.1144281,51.587369],[-0.1145152,51.587537],[-0.1145604,51.5876122]],[[-0.1145604,51.5876122],[-0.1145743,51.5876907],[-0.1145785,51.5877568],[-0.1145791,51.5877702],[-0.1145817,51.5878332]],[[-0.114547,51.5878938],[-0.1145817,51.5878332]],[[-0.114547,51.5878938],[-0.1144327,51.5879084]],[[-0.1144327,51.5879084],[-0.1143406,51.5879184],[-0.1143161,51.5879227],[-0.1139941,51.587952]],[[-0.1139941,51.587952],[-0.1137439,51.5879682],[-0.113657,51.5879727]],[[-0.113657,51.5879727],[-0.1135872,51.5880171],[-0.1135155,51.5880241],[-0.1134227,51.5880363],[-0.1132309,51.5880678]],[[-0.1132309,51.5880678],[-0.1131157,51.5880983]],[[-0.1131157,51.5880983],[-0.1129518,51.5881205]],[[-0.1129518,51.5881205],[-0.1129045,51.5881354]],[[-0.1129045,51.5881354],[-0.112494,51.5882817]],[[-0.112494,51.5882817],[-0.1122429,51.5883729]],[[-0.1122429,51.5883729],[-0.1119918,51.5884641]],[[-0.1119918,51.5884641],[-0.1115399,51.5886391]],[[-0.1115399,51.5886391],[-0.1113691,51.5887004]],[[-0.1113691,51.5887004],[-0.1111354,51.5887717],[-0.1110692,51.5887898]],[[-0.1110692,51.5887898],[-0.110961,51.5888421]],[[-0.110961,51.5888421],[-0.1109315,51.588865],[-0.1108024,51.5888841]],[[-0.1108024,51.5888841],[-0.1107003,51.5888971]],[[-0.1107003,51.5888971],[-0.1106702,51.5889144],[-0.1105563,51.5889277],[-0.1105212,51.5889314],[-0.1104896,51.5889175]],[[-0.1104896,51.5889175],[-0.110327,51.5889289]],[[-0.110327,51.5889289],[-0.1101683,51.5889412]],[[-0.1101683,51.5889412],[-0.1100457,51.5889552],[-0.1098791,51.5889811],[-0.1097962,51.5889671]],[[-0.1040524,51.5901164],[-0.1043626,51.5900367],[-0.1046738,51.5899687],[-0.1056566,51.5897576],[-0.1065785,51.5896015],[-0.1066447,51.5895903],[-0.1066904,51.5895814],[-0.1070689,51.589519],[-0.1073641,51.5894703],[-0.1077156,51.5894235],[-0.1078641,51.5893998],[-0.1079408,51.5893875],[-0.10814,51.5893555],[-0.1082199,51.5893395],[-0.1082995,51.5893236],[-0.1097603,51.5889747],[-0.1097962,51.5889671]],[[-0.1040524,51.5901164],[-0.1040151,51.5901524],[-0.1039778,51.5901708],[-0.1038093,51.5902428],[-0.1036004,51.5903365],[-0.1035637,51.5903524],[-0.1034904,51.5903908],[-0.1033781,51.5904746]],[[-0.1032767,51.5903834],[-0.1033781,51.5904746]],[[-0.1028,51.5899117],[-0.1029492,51.5900694],[-0.1029901,51.5901094],[-0.1030948,51.590212],[-0.1031431,51.5902533],[-0.1032767,51.5903834]],[[-0.1026138,51.5896893],[-0.1026741,51.5897673],[-0.1027064,51.5898063],[-0.1027458,51.5898528],[-0.1028,51.5899117]],[[-0.1026138,51.5896893],[-0.1025717,51.5896243],[-0.1024759,51.5894763]],[[-0.1022222,51.5890636],[-0.102385,51.5893285],[-0.1024759,51.5894763]],[[-0.1022222,51.5890636],[-0.1021171,51.5889564]],[[-0.1021171,51.5889564],[-0.1018735,51.5887965],[-0.1016851,51.5886863],[-0.1015034,51.5886016]],[[-0.1015034,51.5886016],[-0.1008185,51.5882982],[-0.1005229,51.588162],[-0.1004661,51.58814],[-0.1004128,51.5881194],[-0.0996579,51.587838],[-0.0994635,51.5877661],[-0.0992019,51.5876694],[-0.0991273,51.5876418]],[[-0.0991273,51.5876418],[-0.098663,51.587455]],[[-0.0983044,51.5873214],[-0.0983818,51.5873487],[-0.098663,51.587455]],[[-0.095617,51.5865365],[-0.0957319,51.5865734],[-0.0962457,51.5867358],[-0.0966152,51.5868303],[-0.0976019,51.5870795],[-0.0983044,51.5873214]],[[-0.0893308,51.5863319],[-0.0894935,51.5863368],[-0.0899296,51.5862856],[-0.0902903,51.5862392],[-0.0904049,51.5862228],[-0.0910363,51.5861558],[-0.0912051,51.58614],[-0.0914901,51.5861121],[-0.0917714,51.5860922],[-0.0923253,51.5860892],[-0.0926497,51.586077],[-0.0933672,51.5860572],[-0.0935481,51.586053],[-0.0939857,51.5860491],[-0.0942616,51.5860854],[-0.0944559,51.5861237],[-0.0947823,51.586238],[-0.095617,51.5865365]],[[-0.0867724,51.5862546],[-0.0871436,51.5862958],[-0.0874136,51.5863324],[-0.0876774,51.5863713],[-0.0881697,51.5864482],[-0.0883344,51.5864685],[-0.0884195,51.5864723],[-0.0884876,51.5864709],[-0.088598,51.5864619],[-0.0888708,51.586429],[-0.0891946,51.5863777],[-0.0893308,51.5863319]],[[-0.0841881,51.5856694],[-0.0846831,51.585803],[-0.0849326,51.5858642],[-0.085001,51.5858803],[-0.0853317,51.5859598],[-0.0857358,51.586056],[-0.0858237,51.5860743],[-0.086225,51.5861551],[-0.0864712,51.5861981],[-0.0867724,51.5862546]],[[-0.0822192,51.5853009],[-0.0829962,51.5854161],[-0.0835714,51.5855324],[-0.0839541,51.585619],[-0.0841881,51.5856694]],[[-0.0759598,51.5844095],[-0.0768264,51.5846934],[-0.0772621,51.5848404],[-0.0775157,51.5849262],[-0.0779297,51.5850677],[-0.0781436,51.585138],[-0.0783183,51.5851789],[-0.0783947,51.5851855],[-0.0789679,51.5852071],[-0.0798568,51.5852171],[-0.0798716,51.5852172],[-0.0803281,51.5852207],[-0.0805707,51.5852226],[-0.0812709,51.5852378],[-0.0814277,51.5852412],[-0.0817829,51.5852645],[-0.0819621,51.5852787],[-0.0822192,51.5853009]],[[-0.0757499,51.5843451],[-0.0758441,51.5843736],[-0.0759598,51.5844095]],[[-0.0735509,51.5839965],[-0.0743739,51.5840929],[-0.0748591,51.5841527],[-0.0752957,51.584224],[-0.0754168,51.5842503],[-0.0757499,51.5843451]],[[-0.0735509,51.5839965],[-0.0734582,51.5839893],[-0.0732475,51.5839686],[-0.0727284,51.5839153]],[[-0.0727284,51.5839153],[-0.0725703,51.5839194],[-0.0725111,51.5839228],[-0.0724068,51.583947]],[[-0.0724068,51.583947],[-0.0723426,51.5839668],[-0.0722875,51.5839851],[-0.0722147,51.5840141]],[[-0.0722147,51.5840141],[-0.0721108,51.5840492],[-0.0720202,51.5840669]],[[-0.0720202,51.5840669],[-0.0719331,51.5840851],[-0.0718631,51.5840912],[-0.071776,51.5840963],[-0.0717162,51.5840963],[-0.071605,51.5840713]],[[-0.0715018,51.5840752],[-0.071605,51.5840713]],[[-0.0644996,51.5848447],[-0.0652292,51.5847904],[-0.0655665,51.5847598],[-0.0656804,51.5847495],[-0.0658531,51.5847339],[-0.0659678,51.5847235],[-0.0662298,51.5846906],[-0.0665245,51.5846498],[-0.0668153,51.5846027],[-0.0671034,51.5845555],[-0.0671898,51.5845418],[-0.0674327,51.5845032],[-0.0676973,51.5844562],[-0.0680198,51.5843962],[-0.0683302,51.5843282],[-0.0687932,51.5842244],[-0.0689372,51.5841881],[-0.0691263,51.5841301],[-0.0692368,51.5841034],[-0.0693553,51.5840798],[-0.0695751,51.584059],[-0.0697833,51.5840443],[-0.0698539,51.5840424],[-0.069964,51.5840444],[-0.070135,51.584043],[-0.0705231,51.5840488],[-0.071035,51.5840634],[-0.0710945,51.5840651],[-0.0715018,51.5840752]],[[-0.0641756,51.5848951],[-0.064236,51.5848787],[-0.0643111,51.5848655],[-0.0644996,51.5848447]],[[-0.0637969,51.5865141],[-0.0638122,51.5863492],[-0.0638288,51.5861998],[-0.0638532,51.5860111],[-0.0639189,51.5856317],[-0.0639557,51.5854161],[-0.0639773,51.5852914],[-0.0639986,51.5851859],[-0.0640426,51.5850262],[-0.0640699,51.5849785],[-0.0641271,51.5849295],[-0.0641756,51.5848951]],[[-0.063749,51.5869317],[-0.0637645,51.586832],[-0.0637969,51.5865141]],[[-0.0634339,51.5880414],[-0.0634702,51.5879712],[-0.0634982,51.5878704],[-0.0635513,51.5877224],[-0.0636077,51.5875546],[-0.0636482,51.5873906],[-0.0636834,51.5872737],[-0.0637158,51.5871167],[-0.063749,51.5869317]],[[-0.063375,51.5881141],[-0.0634339,51.5880414]],[[-0.0633117,51.5881824],[-0.063375,51.5881141]],[[-0.0633117,51.5881824],[-0.063315,51.5882499],[-0.0632923,51.5882888],[-0.0632612,51.5883183],[-0.0632291,51.5883465],[-0.0631529,51.5883954]],[[-0.0631529,51.5883954],[-0.0632563,51.5884558],[-0.0633188,51.5885094],[-0.0633491,51.5885471],[-0.0633847,51.5886153],[-0.063423,51.5886884]],[[-0.063423,51.5886884],[-0.0634644,51.5887583]],[[-0.0634644,51.5887583],[-0.0635452,51.5888875]],[[-0.0635452,51.5888875],[-0.0636082,51.5889749],[-0.063681,51.5890721],[-0.0637529,51.5891839]],[[-0.0637529,51.5891839],[-0.0637473,51.5892559],[-0.063732,51.5892916],[-0.0636854,51.5893276]],[[-0.0637026,51.5893911],[-0.0636943,51.5893678],[-0.0636854,51.5893276]],[[-0.0637026,51.5893911],[-0.0635959,51.5894017],[-0.0635308,51.589407],[-0.063454,51.589406]],[[-0.063454,51.589406],[-0.0634397,51.5894028],[-0.0634169,51.5893989],[-0.0632345,51.5893445]],[[-0.0632345,51.5893445],[-0.0627479,51.5892041],[-0.0625575,51.5891383],[-0.0622303,51.5890347],[-0.0620532,51.5889961],[-0.0619803,51.5889841]],[[-0.0619803,51.5889841],[-0.0618965,51.5889741],[-0.0618282,51.5889701]],[[-0.0618282,51.5889701],[-0.0617365,51.588969],[-0.0616783,51.5889686],[-0.0615973,51.5889687],[-0.0614148,51.5889724],[-0.0613188,51.5889795]],[[-0.0613188,51.5889795],[-0.0612175,51.5889911],[-0.0611445,51.5889955]],[[-0.0611445,51.5889955],[-0.0611197,51.5889259],[-0.0610937,51.5888649]],[[-0.0610937,51.5888649],[-0.0611168,51.5888414],[-0.0611438,51.5888118],[-0.0611876,51.5887801]],[[-0.0611876,51.5887801],[-0.0612144,51.5887332]],[[-0.0612144,51.5887332],[-0.0611947,51.5886809],[-0.06117,51.5886061]],[[-0.06117,51.5886061],[-0.0611388,51.5884979],[-0.0611149,51.5884258]],[[-0.07237499455846864,51.57563847154121],[-0.072391,51.5756887]],[[-0.072391,51.5756887],[-0.0724294,51.5757875],[-0.0724987,51.5759801],[-0.0725251,51.5760489],[-0.0725666,51.5761608]],[[-0.0725666,51.5761608],[-0.0726256,51.5763117],[-0.0726648,51.5764138],[-0.072768,51.5766771],[-0.0728593,51.5769174],[-0.0728955,51.5770128],[-0.0729115,51.5770578],[-0.0729177,51.5770751],[-0.072972,51.5772222]],[[-0.072972,51.5772222],[-0.0730247,51.5773724],[-0.0730342,51.5773995],[-0.0730483,51.5774458],[-0.0730677,51.5775178]],[[-0.0730677,51.5775178],[-0.0731022,51.5776431],[-0.0731254,51.5777804]],[[-0.0731254,51.5777804],[-0.0731374,51.5778872]],[[-0.0731374,51.5778872],[-0.0731413,51.5779942]],[[-0.0731413,51.5779942],[-0.0731378,51.5780974],[-0.0731277,51.5782004]],[[-0.0731277,51.5782004],[-0.0731055,51.578311],[-0.0730484,51.5786193],[-0.0729749,51.5790035],[-0.0729404,51.5791835],[-0.0729172,51.5792869]],[[-0.0729172,51.5792869],[-0.072823,51.5796856]],[[-0.072823,51.5796856],[-0.0728082,51.5797581]],[[-0.0728082,51.5797581],[-0.0727641,51.5799749]],[[-0.0727641,51.5799749],[-0.0727537,51.5800242]],[[-0.0727537,51.5800242],[-0.0727471,51.5800601]],[[-0.0727471,51.5800601],[-0.0726911,51.580349],[-0.0726335,51.5806695]],[[-0.0726335,51.5806695],[-0.072505,51.5813702]],[[-0.072505,51.5813702],[-0.072498,51.5814082],[-0.0724943,51.5814404]],[[-0.0724943,51.5814404],[-0.0724317,51.5817981]],[[-0.0724317,51.5817981],[-0.0724014,51.5819622],[-0.0723722,51.5821264],[-0.0723442,51.5822906]],[[-0.0723442,51.5822906],[-0.0723006,51.5826023]],[[-0.0723006,51.5826023],[-0.0722998,51.5826645]],[[-0.0722998,51.5826645],[-0.0723663,51.5827828],[-0.0723742,51.5828411]],[[-0.0723742,51.5828411],[-0.0723714,51.5828722],[-0.0723615,51.58305],[-0.0723589,51.5830969]],[[-0.0723589,51.5830969],[-0.0723276,51.5832285]],[[-0.0723276,51.5832285],[-0.0722419,51.5837926]],[[-0.0722419,51.5837926],[-0.0722362,51.5838371],[-0.0722338,51.5839315]],[[-0.0722338,51.5839315],[-0.0722147,51.5840141]],[[-0.0722147,51.5840141],[-0.0721959,51.5840749],[-0.0721901,51.5841214],[-0.0721689,51.5842342],[-0.0720784,51.5843025]],[[-0.0720784,51.5843025],[-0.0720716,51.584346],[-0.0720225,51.5845395],[-0.0719296,51.5848771],[-0.0718718,51.585065],[-0.0718257,51.5852033],[-0.071816,51.585246]],[[-0.071816,51.585246],[-0.0718865,51.5853234],[-0.0718743,51.5853595],[-0.0718349,51.5854752],[-0.0717371,51.5855297]],[[-0.0717371,51.5855297],[-0.071728,51.5855681],[-0.0716351,51.5858242],[-0.0715663,51.5860311],[-0.0714777,51.5863043],[-0.0714658,51.5863346],[-0.0714472,51.5863774],[-0.0714436,51.5863906],[-0.0714221,51.5864449]],[[-0.0714221,51.5864449],[-0.0714114,51.5864916]],[[-0.0714114,51.5864916],[-0.0714607,51.5865353],[-0.0714546,51.5865734],[-0.0714343,51.5866126],[-0.0714111,51.5866465],[-0.0713815,51.5866685],[-0.0712925,51.586703]],[[-0.0712925,51.586703],[-0.0712647,51.5867564]],[[-0.0712647,51.5867564],[-0.0711353,51.5870069],[-0.0710038,51.5873622]],[[-0.0710038,51.5873622],[-0.0709684,51.5874548],[-0.0709505,51.5875058],[-0.0708934,51.5876612],[-0.0708396,51.5878215],[-0.0708062,51.5879039],[-0.0707692,51.5879949],[-0.070688,51.5881917],[-0.0706723,51.5882294]],[[-0.0706723,51.5882294],[-0.0706854,51.5882562]],[[-0.0706854,51.5882562],[-0.0707026,51.5882956],[-0.0706941,51.5883218],[-0.0706788,51.5883608]],[[-0.0706788,51.5883608],[-0.0706552,51.5884172],[-0.0706145,51.5885097]],[[-0.0706145,51.5885097],[-0.0705722,51.5886431],[-0.0705258,51.5888472],[-0.0705059,51.588947]],[[-0.0705059,51.588947],[-0.0704731,51.5890885],[-0.0704619,51.5891337],[-0.0703788,51.5893847]],[[-0.0703788,51.5893847],[-0.0703065,51.5896087],[-0.0702854,51.5897098],[-0.0702153,51.5900132]],[[-0.0702153,51.5900132],[-0.0701443,51.5903846]],[[-0.0701443,51.5903846],[-0.0701234,51.5905047],[-0.0701034,51.5906291]],[[-0.0701034,51.5906291],[-0.0700833,51.5908066]],[[-0.0700833,51.5908066],[-0.0700805,51.59084],[-0.0700754,51.5908808]],[[-0.0700754,51.5908808],[-0.0700554,51.5910204]],[[-0.0700554,51.5910204],[-0.0700315,51.5911414]],[[-0.0700315,51.5911414],[-0.0699627,51.5916781]],[[-0.0699627,51.5916781],[-0.0699409,51.5918063],[-0.0698956,51.592133]],[[-0.0698956,51.592133],[-0.0698915,51.5921913]],[[-0.0698915,51.5921913],[-0.0698784,51.592286]],[[-0.0698784,51.592286],[-0.0698688,51.5923637]],[[-0.0698688,51.5923637],[-0.0698579,51.5924222],[-0.0698542,51.5924511],[-0.069796,51.5924921]],[[-0.069796,51.5924921],[-0.069751,51.5927786],[-0.0697446,51.5928193],[-0.0697403,51.5928587],[-0.0697317,51.5929352],[-0.0696796,51.5932147],[-0.069612,51.5935621],[-0.069549,51.593852],[-0.069541,51.5938888],[-0.069532,51.5939301],[-0.0694896,51.5940978]],[[-0.0694896,51.5940978],[-0.069583,51.5941086],[-0.0696455,51.5941197],[-0.0697176,51.5941371],[-0.0697721,51.5941547],[-0.0698569,51.594195],[-0.0699634,51.5942623]],[[-0.0699634,51.5942623],[-0.0699915,51.5942818]],[[-0.0699915,51.5942818],[-0.0700448,51.5943237]],[[-0.0700448,51.5943237],[-0.070326,51.5945649]],[[-0.070326,51.5945649],[-0.0705108,51.5947232],[-0.0705207,51.5947315]],[[-0.0705207,51.5947315],[-0.0707569,51.5949288]],[[-0.0707569,51.5949288],[-0.0710099,51.5951403],[-0.0713238,51.5954026],[-0.0714057,51.5954703]],[[-0.0714057,51.5954703],[-0.0719373,51.5959143],[-0.0720196,51.5959791]],[[-0.0720196,51.5959791],[-0.0722776,51.5961888]],[[-0.0722776,51.5961888],[-0.0724217,51.596306],[-0.0724679,51.5963435],[-0.0725117,51.5963788],[-0.0726093,51.5964574]],[[-0.0726093,51.5964574],[-0.0726526,51.5964922],[-0.0727251,51.5965566],[-0.072817,51.5966308]],[[-0.072817,51.5966308],[-0.0729652,51.5967503],[-0.0729854,51.5967663]],[[-0.0729854,51.5967663],[-0.0730322,51.5968068]],[[-0.0730322,51.5968068],[-0.0733076,51.5970347]],[[-0.0733076,51.5970347],[-0.0735166,51.5972078],[-0.0739419,51.5975663],[-0.0740954,51.597695]],[[-0.0740954,51.597695],[-0.0743086,51.5978722]],[[-0.0743086,51.5978722],[-0.0744,51.5979487],[-0.0745,51.5980338]],[[-0.0745,51.5980338],[-0.0746618,51.5981705]],[[-0.0746618,51.5981705],[-0.0747625,51.5982614]],[[-0.0747625,51.5982614],[-0.0747917,51.5982891],[-0.0749256,51.598407]],[[-0.0749256,51.598407],[-0.075014,51.5984921]],[[-0.075014,51.5984921],[-0.0751366,51.5984953],[-0.075212,51.5985066],[-0.0752608,51.5985087],[-0.0753147,51.5985083],[-0.0753564,51.5985035],[-0.0757181,51.598461],[-0.0758153,51.598449]],[[-0.0758153,51.598449],[-0.0758611,51.5984431],[-0.0759404,51.598434]],[[-0.0759404,51.598434],[-0.0760246,51.5984214]],[[-0.0760246,51.5984214],[-0.0760896,51.5984119]],[[-0.0760896,51.5984119],[-0.0761311,51.5984056]],[[-0.0761311,51.5984056],[-0.0764716,51.5983552],[-0.0765314,51.5983535],[-0.0765516,51.5983529],[-0.0767988,51.5983838]],[[-0.0767988,51.5983838],[-0.0769486,51.5983157],[-0.0770277,51.5983032],[-0.0771122,51.5982962],[-0.0771578,51.5982924],[-0.0772409,51.5983037]],[[-0.0873076,51.5978659],[-0.0849692,51.5978489],[-0.0845812,51.5978551],[-0.0835711,51.5978711],[-0.0827299,51.5979156],[-0.0826491,51.5979202],[-0.0823452,51.5979371],[-0.0817521,51.5979676],[-0.0811153,51.5980031],[-0.080651,51.5980398],[-0.0802747,51.5980811],[-0.0799684,51.5981244],[-0.0799229,51.598133],[-0.0797592,51.5981546],[-0.0796792,51.5981668],[-0.0796223,51.598174],[-0.0795123,51.5981853],[-0.0791665,51.5982123],[-0.0790904,51.5982163],[-0.0785177,51.5982431],[-0.0784067,51.5982491],[-0.0775682,51.5982886],[-0.0773762,51.598297],[-0.0772409,51.5983037]],[[-0.0912692,51.598009],[-0.0912335,51.5980076],[-0.0907361,51.5979915],[-0.088816,51.5978861],[-0.0886236,51.5978845],[-0.0874582,51.5978679],[-0.0873076,51.5978659]],[[-0.0912692,51.598009],[-0.091352,51.5979868],[-0.0914071,51.5979818],[-0.0916966,51.597989],[-0.0917599,51.5979908],[-0.09183,51.597993]],[[-0.09183,51.597993],[-0.0919597,51.5979939]],[[-0.0919597,51.5979939],[-0.0921103,51.5979959],[-0.092163,51.597996]],[[-0.092163,51.597996],[-0.0923396,51.5980037]],[[-0.0923396,51.5980037],[-0.0924169,51.5980106],[-0.0928642,51.5980563],[-0.0929709,51.5980683]],[[-0.0929709,51.5980683],[-0.0931061,51.5980836]],[[-0.0931061,51.5980836],[-0.0933099,51.5981098],[-0.0934213,51.5981245],[-0.0934761,51.5981393],[-0.0935449,51.59817]],[[-0.0946445,51.5981602],[-0.0941621,51.5981786],[-0.0937602,51.5981851],[-0.0935449,51.59817]],[[-0.0949289,51.5981494],[-0.0946445,51.5981602]],[[-0.0982446,51.5991085],[-0.0977647,51.598939],[-0.0974527,51.5988247],[-0.0971988,51.5987345],[-0.0969182,51.598634],[-0.0960168,51.5983047],[-0.0959506,51.5982855],[-0.0958743,51.5982618],[-0.0957867,51.5982372],[-0.0957293,51.5982215],[-0.0956062,51.5981929],[-0.0955281,51.5981807],[-0.0953437,51.5981649],[-0.0950291,51.5981458],[-0.0949289,51.5981494]],[[-0.0995056,51.5995546],[-0.0985381,51.5992156],[-0.0982446,51.5991085]],[[-0.1000902,51.5995991],[-0.100056,51.5996012],[-0.0999081,51.5996056],[-0.0998057,51.5996036],[-0.0997024,51.5995936],[-0.0995056,51.5995546]],[[-0.100801,51.5994915],[-0.1006309,51.599522],[-0.1004648,51.599547],[-0.1003683,51.5995605],[-0.1000902,51.5995991]],[[-0.100921,51.5994687],[-0.100801,51.5994915]],[[-0.1017947,51.5992405],[-0.1013415,51.5993644],[-0.1012239,51.5993966],[-0.101122,51.5994245],[-0.1010829,51.5994338],[-0.1010424,51.5994428],[-0.100921,51.5994687]],[[-0.1038403,51.5985988],[-0.1037913,51.5986144],[-0.103136,51.5988062],[-0.1029944,51.5988593],[-0.102979,51.5988655],[-0.1029623,51.5988721],[-0.1028367,51.5989222],[-0.1027786,51.5989436],[-0.1027235,51.5989657],[-0.1025284,51.5990356],[-0.1019617,51.5991943],[-0.1019136,51.5992067],[-0.1017947,51.5992405]],[[-0.1046349,51.5983675],[-0.1043227,51.5984576],[-0.1039926,51.5985544],[-0.1038403,51.5985988]],[[-0.1054131,51.5981426],[-0.105241,51.5981927],[-0.1051532,51.5982178],[-0.1048212,51.5983142],[-0.1046349,51.5983675]],[[-0.1054131,51.5981426],[-0.1055559,51.5980721],[-0.1057077,51.5980264],[-0.1058478,51.5979873]],[[-0.1058478,51.5979873],[-0.1060654,51.5979265]],[[-0.1060654,51.5979265],[-0.1062516,51.5978753]],[[-0.1062516,51.5978753],[-0.1063927,51.5978359],[-0.1065488,51.5977909],[-0.106733,51.5977613]],[[-0.1079359,51.5974275],[-0.1076788,51.5974914],[-0.1074204,51.5975635],[-0.106733,51.5977613]],[[-0.1084,51.5973435],[-0.108176,51.5973762],[-0.1079359,51.5974275]],[[-0.10934,51.5972032],[-0.109047,51.5972418],[-0.1088809,51.5972646],[-0.1084,51.5973435]],[[-0.142166,51.5691596],[-0.14212954554021362,51.56914525932653]],[[-0.1421935,51.5691675],[-0.142166,51.5691596]],[[-0.1421935,51.5691675],[-0.1422696,51.5691722],[-0.1423216,51.5691879]],[[-0.1423216,51.5691879],[-0.1423701,51.5692088],[-0.14238514568262306,51.56921696261374]],[[-0.1428267,51.5694573],[-0.14249387713726833,51.56930260649617]],[[-0.14384011489440032,51.56988851780363],[-0.1437028,51.5698524],[-0.1432975,51.5696787],[-0.1430946,51.5695858],[-0.1429149,51.5695091],[-0.1428267,51.5694573]],[[-0.1478632,51.5707562],[-0.1475834,51.5707047],[-0.1475294,51.5706956],[-0.1474804,51.5706876],[-0.1472911,51.5706567],[-0.147159,51.5706321],[-0.1463758,51.5704864],[-0.1461771,51.5704395],[-0.1461141,51.5704233],[-0.1459023,51.5703724],[-0.1457213,51.5703339],[-0.1454872,51.5702816],[-0.1454383,51.5702711],[-0.1453449,51.570254],[-0.1451268077954414,51.570209801912036]],[[-0.1482484,51.5708385],[-0.14805877832522354,51.57079330619313],[-0.1480512,51.5707915]],[[-0.1480512,51.5707915],[-0.14804497663783617,51.570790331464444],[-0.1478632,51.5707562]],[[-0.1497444,51.5713264],[-0.1495552,51.5712314],[-0.1493631,51.5711583],[-0.1491662,51.5711003],[-0.1490019,51.5710481],[-0.1487773,51.5709758],[-0.1486149,51.5709301],[-0.1483836,51.5708702],[-0.1482484,51.5708385]],[[-0.1499041,51.5716005],[-0.1497444,51.5713264]],[[-0.1499041,51.5716005],[-0.1499256,51.5715972],[-0.1499477,51.5715984],[-0.149968,51.5716039],[-0.1499844,51.5716132],[-0.1499951,51.5716252],[-0.149999,51.5716388]],[[-0.149999,51.5716388],[-0.1499952,51.5716532],[-0.1499838,51.5716659],[-0.1499661,51.5716755]],[[-0.1499661,51.5716755],[-0.149998,51.5717656],[-0.1499263,51.5721378],[-0.1499196,51.5721796],[-0.1498887,51.5723691]],[[-0.1498887,51.5723691],[-0.149878,51.5724741],[-0.1497947,51.5725437]],[[-0.1497947,51.5725437],[-0.1497753,51.5727181],[-0.1497651,51.5727828],[-0.1497486,51.5728876],[-0.1496509,51.5734494],[-0.1496399,51.573525],[-0.1496282,51.5736367],[-0.1496174,51.5737138],[-0.1496095,51.5737702],[-0.1495958,51.5740485],[-0.1496282,51.5741684],[-0.1496586,51.574281],[-0.1497015,51.574358],[-0.1497316,51.5744122],[-0.1497899,51.574474],[-0.1500923,51.5748937]],[[-0.1500923,51.5748937],[-0.1503206,51.5751781],[-0.1503683,51.5752328],[-0.1506479,51.5755686],[-0.1509753,51.5759621],[-0.1510291,51.5760136]],[[-0.1510291,51.5760136],[-0.1516234,51.576611],[-0.1521682,51.5771398],[-0.1523938,51.5773606],[-0.1525064,51.5774585],[-0.1526428,51.5775837],[-0.1527586,51.5776902],[-0.1528865,51.5778078],[-0.1528904,51.5778114],[-0.1530385,51.5779477]],[[-0.1530385,51.5779477],[-0.1531065,51.5780021],[-0.153623,51.5785294],[-0.1542337,51.5792516]],[[-0.1542337,51.5792516],[-0.1543304,51.5793697],[-0.1544738,51.5795448],[-0.1546274,51.5797142],[-0.1550249,51.5801554]],[[-0.1550249,51.5801554],[-0.1551957,51.5803502]],[[-0.1551957,51.5803502],[-0.1552406,51.5803994],[-0.1552789,51.5804406],[-0.1553039,51.580512]],[[-0.1553039,51.580512],[-0.1556161,51.5808109],[-0.1556768,51.5808616],[-0.1560139,51.5811264],[-0.156094,51.5811893],[-0.1563604,51.5813877]],[[-0.1563604,51.5813877],[-0.1563934,51.5814382]],[[-0.1563934,51.5814382],[-0.1565887,51.5815654],[-0.1566212,51.5815846],[-0.156858,51.5817339]],[[-0.156858,51.5817339],[-0.1570558,51.5818432],[-0.157095,51.5819225]],[[-0.1572502,51.5820201],[-0.1571309,51.5819443],[-0.157095,51.5819225]],[[-0.1592638,51.583166],[-0.1591715,51.5831158],[-0.1589952,51.583021],[-0.1588475,51.5829514],[-0.1587132,51.5828786],[-0.1580852,51.5825384],[-0.1578296,51.5823831],[-0.1572502,51.5820201]],[[-0.1596613,51.5833758],[-0.1594355,51.5832604],[-0.1592638,51.583166]],[[-0.16211687342928854,51.584715673244226],[-0.1614637,51.5843338],[-0.1611976,51.5841924],[-0.1602386,51.5836782],[-0.1599123,51.5835085],[-0.1596613,51.5833758]],[[-0.0608713,51.5883548],[-0.0608547,51.5882983],[-0.0608551,51.5882812],[-0.0608857,51.5882519],[-0.0609257,51.5882284],[-0.060944,51.5882215],[-0.061045,51.588212]],[[-0.061045,51.588212],[-0.0610351,51.5881988],[-0.0610396,51.5881491],[-0.0610496,51.5880463]],[[-0.0610496,51.5880463],[-0.0611492,51.5880148],[-0.0612465,51.5880167]],[[-0.0612465,51.5880167],[-0.0613076,51.5880167]],[[-0.0613076,51.5880167],[-0.061389,51.5880186]],[[-0.061389,51.5880186],[-0.0618042,51.5880332],[-0.0618904,51.5880378],[-0.0619579,51.5880409],[-0.0620365,51.5880862]],[[-0.0620365,51.5880862],[-0.0622648,51.5881141],[-0.0624982,51.58817],[-0.0626249,51.5882091]],[[-0.0626249,51.5882091],[-0.0627295,51.5882092]],[[-0.0627295,51.5882092],[-0.0627824,51.5882274],[-0.0628338,51.5882444],[-0.0628948,51.5882691],[-0.0629791,51.5883136]],[[-0.0629791,51.5883136],[-0.0630331,51.5883392]],[[-0.0630331,51.5883392],[-0.0631529,51.5883954]],[[-0.0637529,51.5891839],[-0.0638327,51.5892844],[-0.0638518,51.5893244],[-0.0638698,51.5893555],[-0.0639123,51.5894013],[-0.0639488,51.5894321],[-0.0639988,51.5894671]],[[-0.0639988,51.5894671],[-0.0640938,51.5894924],[-0.0641829,51.5895102],[-0.0642933,51.5895166],[-0.0645665,51.5895507]],[[-0.0697817,51.5888668],[-0.0693488,51.5887655],[-0.0692606,51.5887507],[-0.0691493,51.5887336],[-0.0688582,51.5886986],[-0.0685877,51.5886851],[-0.0685047,51.5886829],[-0.0684416,51.5886809],[-0.0682122,51.5886842],[-0.0680808,51.5886923],[-0.0677173,51.5887462],[-0.0674876,51.5887862],[-0.0672678,51.5888346],[-0.0670329,51.5888995],[-0.0665062,51.5890606],[-0.0660986,51.589186],[-0.0655162,51.5893628],[-0.0653504,51.589412],[-0.06528,51.5894294],[-0.065228,51.5894415],[-0.0649758,51.5895019],[-0.0645665,51.5895507]],[[-0.0697817,51.5888668],[-0.0699815,51.588872]],[[-0.0699815,51.588872],[-0.0700949,51.5888446],[-0.0701595,51.5888398],[-0.0702243,51.5888303],[-0.0702917,51.5888151],[-0.070376,51.5887795]],[[-0.070376,51.5887795],[-0.0704272,51.5886158],[-0.0704771,51.5885088]],[[-0.0704771,51.5885088],[-0.0705238,51.5884081],[-0.0705404,51.5883655],[-0.0705735,51.5882783],[-0.0706723,51.5882294]],[[-0.0712925,51.586703],[-0.0712783,51.5866868],[-0.0712619,51.5866642]],[[-0.0712619,51.5866642],[-0.0712592,51.5866473],[-0.0712765,51.5866023],[-0.0713128,51.5865169]],[[-0.0713128,51.5865169],[-0.0714114,51.5864916]],[[-0.0717371,51.5855297],[-0.0716873,51.5854622],[-0.0717018,51.5854012],[-0.0717318,51.5853064],[-0.071816,51.585246]],[[-0.0720784,51.5843025],[-0.0720085,51.5842269],[-0.0720117,51.5841834],[-0.0720202,51.5840669]],[[-0.0720202,51.5840669],[-0.0720294,51.5839837]],[[-0.0720294,51.5839837],[-0.0720564,51.5839067],[-0.0720861,51.5837378]],[[-0.0720861,51.5837378],[-0.0721099,51.583647]],[[-0.0721099,51.583647],[-0.0721444,51.5835151],[-0.072168,51.5833025]],[[-0.072168,51.5833025],[-0.0721741,51.5832186],[-0.0721781,51.5831217],[-0.0721841,51.5829948],[-0.0721876,51.5829474]],[[-0.0721876,51.5829474],[-0.0721926,51.5829209]],[[-0.0721926,51.5829209],[-0.0722197,51.5827976],[-0.0722998,51.5826645]],[[-0.10670983496488758,51.56588383600158],[-0.1067043,51.5658869]],[[-0.1071794,51.5662294],[-0.1067043,51.5658869]],[[-0.1077975,51.5667565],[-0.1077593,51.5667237],[-0.1074916,51.5664956],[-0.1071794,51.5662294]],[[-0.1079089,51.5668466],[-0.1078435,51.5667912],[-0.1077975,51.5667565]],[[-0.1111803,51.5688824],[-0.111051,51.5688161],[-0.1108026,51.5686878],[-0.1107667,51.5686693],[-0.1106677,51.5686173],[-0.1105706,51.5685645],[-0.1105235,51.5685386],[-0.110469,51.5685087],[-0.1100459,51.5682765],[-0.1094446,51.5679144],[-0.1090171,51.5676463],[-0.108604,51.5673749],[-0.1080119,51.5669341],[-0.1079089,51.5668466]],[[-0.1116488,51.5690938],[-0.1115112,51.5690335],[-0.1114452,51.569003],[-0.1112618,51.5689167],[-0.1111803,51.5688824]],[[-0.1142576,51.5702369],[-0.1141205,51.5701704],[-0.1132464,51.5697933],[-0.1128161,51.5696088],[-0.1123742,51.5694193],[-0.1117783,51.5691506],[-0.1116488,51.5690938]],[[-0.1145636,51.5703809],[-0.1142576,51.5702369]],[[-0.1147875,51.5704873],[-0.1145636,51.5703809]],[[-0.1147875,51.5704873],[-0.1148913,51.5705343]],[[-0.1148913,51.5705343],[-0.1149359,51.5705547],[-0.1149825,51.570576]],[[-0.1149825,51.570576],[-0.11505720749866162,51.57060764362205]],[[-0.11509583573838574,51.57064095527052],[-0.1150575,51.5706777],[-0.1150332,51.5706972],[-0.1149825,51.570716]],[[-0.1149825,51.570716],[-0.1149586,51.5707401],[-0.1149136,51.5707606]],[[-0.1149136,51.5707606],[-0.1148334,51.570796]],[[-0.1148334,51.570796],[-0.1144304,51.5710224],[-0.1142091,51.5711452],[-0.1140248,51.5712719]],[[-0.1140248,51.5712719],[-0.1137042,51.5715218],[-0.1134011,51.5717816],[-0.1133397,51.5718291],[-0.1132488,51.5719196],[-0.1130702,51.5721452],[-0.1129476,51.5723259],[-0.1127008,51.5727802]],[[-0.1127008,51.5727802],[-0.1124433,51.5731807],[-0.1122511,51.5734718]],[[-0.1122511,51.5734718],[-0.1122852,51.5735408],[-0.1122929,51.5735872],[-0.1123331,51.5737067]],[[-0.1123331,51.5737067],[-0.1124199,51.5738006],[-0.1126447,51.5740834]],[[-0.1126447,51.5740834],[-0.1127768,51.574241],[-0.1130552,51.5745853]],[[-0.1130552,51.5745853],[-0.114124,51.5759433]],[[-0.114124,51.5759433],[-0.1142363,51.576099],[-0.1143386,51.5762408],[-0.1144188,51.576335],[-0.114826,51.5768404]],[[-0.114826,51.5768404],[-0.1150937,51.5771869]],[[-0.1150937,51.5771869],[-0.1151878,51.5773138],[-0.1164784,51.5790317],[-0.1171229,51.5798868]],[[-0.1171229,51.5798868],[-0.117364,51.5802094],[-0.1174188,51.5802765]],[[-0.1174188,51.5802765],[-0.1176139,51.5805301]],[[-0.1176139,51.5805301],[-0.1183418,51.5815097],[-0.1187288,51.5820146],[-0.1187981,51.5820967],[-0.1188553,51.5821539],[-0.1188698,51.5821657],[-0.1189945,51.5822713],[-0.1190559,51.5823246]],[[-0.1190559,51.5823246],[-0.1191052,51.5823187],[-0.1191477,51.5823256],[-0.1191764,51.5823387],[-0.1191991,51.5823607]],[[-0.1235687,51.5829478],[-0.1230733,51.5829437],[-0.122845,51.5829301],[-0.1225325,51.5828846],[-0.1220855,51.582816],[-0.1214359,51.5826843],[-0.1211317,51.5825907],[-0.1209284,51.5825145],[-0.1207451,51.5824214],[-0.1205679,51.5823305],[-0.1203418,51.5821768],[-0.1202223,51.5820825],[-0.1202159,51.5820769],[-0.1201484,51.5820181]],[[-0.1235428,51.5833252],[-0.1235687,51.5829478]],[[-0.1235032,51.5835272],[-0.1235428,51.5833252]],[[-0.1233095,51.5842254],[-0.1233679,51.5840728],[-0.1234768,51.583661],[-0.1235032,51.5835272]],[[-0.1219549,51.5864175],[-0.1220106,51.586221],[-0.122077,51.5860632],[-0.1221922,51.5858528],[-0.1222396,51.5857835],[-0.1224894,51.5854949],[-0.1226158,51.5853172],[-0.1226613,51.5852476],[-0.1229114,51.5848654],[-0.1230315,51.5846794],[-0.1230965,51.5845739],[-0.1231623,51.5844743],[-0.123198,51.5844201],[-0.1232307,51.5843734],[-0.1232562,51.5843333],[-0.1233095,51.5842254]],[[-0.1218446,51.5870714],[-0.1218626,51.5868898],[-0.1219103,51.5866239],[-0.1219549,51.5864175]],[[-0.1218446,51.5870714],[-0.1220616,51.5870753],[-0.1225362,51.5870902],[-0.122616,51.5870862],[-0.1226488,51.5870846]],[[-0.1226488,51.5870846],[-0.1228371,51.5870748],[-0.1234161,51.5869871],[-0.1234497,51.5869824],[-0.1239396,51.5869059]],[[-0.1239396,51.5869059],[-0.1241073,51.5868837],[-0.1243664,51.5868552]],[[-0.1249407,51.5868141],[-0.124712,51.5868299],[-0.1243664,51.5868552]],[[-0.126062,51.5867861],[-0.1256023,51.586788],[-0.1254178,51.5867915],[-0.1249407,51.5868141]],[[-0.1273777,51.586771],[-0.1269444,51.5867785],[-0.1266769,51.5867832],[-0.1263093,51.5867837],[-0.126062,51.5867861]],[[-0.1276198,51.5867671],[-0.1273777,51.586771]],[[-0.128281,51.5867602],[-0.1276198,51.5867671]],[[-0.1291961,51.5867742],[-0.1285501,51.5867596],[-0.128281,51.5867602]],[[-0.129996,51.58684],[-0.1296414,51.5868035],[-0.1291961,51.5867742]],[[-0.1311815,51.5870821],[-0.1309189,51.5870227],[-0.1307122,51.5869759],[-0.1303727,51.5869042],[-0.129996,51.58684]],[[-0.1329737,51.587482],[-0.1327557,51.5874382],[-0.1326176,51.5874058],[-0.1323514,51.5873461],[-0.1321945,51.5873113],[-0.1319849,51.5872614],[-0.1317408,51.5872029],[-0.1311815,51.5870821]],[[-0.1329737,51.587482],[-0.1331384,51.5874797],[-0.1333022,51.5875006],[-0.1333904,51.5875025]],[[-0.1333904,51.5875025],[-0.1335904,51.5875247],[-0.1336561,51.5875314],[-0.1337203,51.5875367],[-0.133765,51.5875411],[-0.1338248,51.5875508]],[[-0.1338248,51.5875508],[-0.1338811,51.5875735],[-0.1338935,51.5875872],[-0.1339056,51.587617],[-0.1339006,51.5876791]],[[-0.1339006,51.5876791],[-0.1338731,51.5877266],[-0.1338099,51.5878181],[-0.1337934,51.58785],[-0.1337044,51.5880095],[-0.1336397,51.5880586]],[[-0.1336397,51.5880586],[-0.133636,51.5880731]],[[-0.133636,51.5880731],[-0.1336039,51.5881893]],[[-0.1336039,51.5881893],[-0.133601,51.5882277],[-0.133592,51.5883469],[-0.133583,51.58927],[-0.1335819,51.5897535],[-0.1335686,51.5902536],[-0.1335575,51.5903358],[-0.1335326,51.5904053],[-0.1334874,51.5904836],[-0.133432,51.5905518],[-0.1333138,51.5906865],[-0.1327936,51.5912789],[-0.1327384,51.5913747],[-0.1327145,51.5914567],[-0.1327094,51.5915623],[-0.1327364,51.5916625],[-0.1328083,51.5917805],[-0.132909,51.5918908]],[[-0.132909,51.5918908],[-0.1330069,51.5919733]],[[-0.1330069,51.5919733],[-0.1330909,51.5920166],[-0.1335742,51.5921988],[-0.133686,51.5922394]],[[-0.133686,51.5922394],[-0.1338288,51.5922949],[-0.1339321,51.5923372]],[[-0.1339321,51.5923372],[-0.1340544,51.5923984],[-0.1341162,51.5924387]],[[-0.1341162,51.5924387],[-0.1341432,51.5924563]],[[-0.1341432,51.5924563],[-0.1341977,51.5925266],[-0.1342299,51.5925987]],[[-0.1342299,51.5925987],[-0.1342287,51.5926586],[-0.1342057,51.5927185]],[[-0.1342057,51.5927185],[-0.1341609,51.5927809],[-0.1340796,51.592856],[-0.1340189,51.5928971],[-0.1338773,51.5929661],[-0.1336499,51.5930654]],[[-0.1336499,51.5930654],[-0.1335582,51.5930887],[-0.1335049,51.5931011],[-0.1333322,51.5931325],[-0.133214,51.5931464],[-0.1330483,51.593154]],[[-0.1330483,51.593154],[-0.1329124,51.593148]],[[-0.1329124,51.593148],[-0.1328792,51.5931465],[-0.1327117,51.593121],[-0.1325599,51.5930862]],[[-0.1325599,51.5930862],[-0.1323261,51.5929974],[-0.1321051,51.5928901],[-0.131978,51.5928369],[-0.1318386,51.5928086],[-0.1316722,51.5928058],[-0.1315283,51.592825],[-0.1314259,51.5928575],[-0.1313273,51.5929095],[-0.1306271,51.5933222],[-0.1305456,51.5933698]],[[-0.1305456,51.5933698],[-0.1304807,51.5934073],[-0.1300225,51.593662]],[[-0.1300225,51.593662],[-0.1295134,51.593949],[-0.1294193,51.5940021]],[[-0.1294193,51.5940021],[-0.1293383,51.5940481],[-0.1286413,51.5944432],[-0.128515,51.5945159],[-0.1283963,51.5945967],[-0.1283045,51.5946698],[-0.1282101,51.5947628],[-0.1281617,51.594837],[-0.1281252,51.5949186],[-0.1281093,51.5949874],[-0.1281044,51.5950086],[-0.1281062,51.595101]],[[-0.1281062,51.595101],[-0.1279908,51.5951485],[-0.1279549,51.595171],[-0.127919,51.5951935],[-0.1278085,51.5952565],[-0.1277866,51.5952665]],[[-0.1277866,51.5952665],[-0.1276161,51.5953367],[-0.1273481,51.5954386]],[[-0.1273481,51.5954386],[-0.1269989,51.5955445],[-0.1267531,51.5956099],[-0.1261835,51.5957331],[-0.1256501,51.5958345],[-0.1251109,51.5959228]],[[-0.1251109,51.5959228],[-0.1248225,51.5959639]],[[-0.1248225,51.5959639],[-0.124399,51.5960243]],[[-0.124399,51.5960243],[-0.1242557,51.5960399]],[[-0.1242557,51.5960399],[-0.1239783,51.59607],[-0.12362,51.5961149],[-0.123319,51.5961624],[-0.1230549,51.5962275],[-0.1228107,51.5962952],[-0.1224176,51.5964325]],[[-0.1224176,51.5964325],[-0.1222195,51.5965061],[-0.1220575,51.5965808],[-0.1218635,51.5966831],[-0.121705,51.596779],[-0.1214986,51.5969085],[-0.1214623,51.5969374]],[[-0.1214623,51.5969374],[-0.1212351,51.597129]],[[-0.1212351,51.597129],[-0.1210723,51.5973195]],[[-0.1210723,51.5973195],[-0.1210457,51.5973786],[-0.1210498,51.5974399]],[[-0.1210498,51.5974399],[-0.1210812,51.5975212],[-0.1211188,51.5976108]],[[-0.1211188,51.5976108],[-0.1212083,51.597758],[-0.121337,51.5979364],[-0.1215137,51.5981797],[-0.1217167,51.5984658]],[[-0.1217167,51.5984658],[-0.1218511,51.5986334],[-0.1219043,51.5987318]],[[-0.1216989,51.5987842],[-0.1219043,51.5987318]],[[-0.1210467,51.5990639],[-0.1216989,51.5987842]],[[-0.1206427,51.5989639],[-0.1208114,51.5990683],[-0.1208407,51.5990799],[-0.1209017,51.5990903],[-0.1209736,51.5990867],[-0.1210467,51.5990639]],[[-0.119935,51.5983606],[-0.1204997,51.5988521],[-0.1206427,51.5989639]],[[-0.1197367,51.5981711],[-0.1197717,51.5982011],[-0.1198002,51.5982271],[-0.1198422,51.598264],[-0.119935,51.5983606]],[[-0.1197118,51.5981469],[-0.1197367,51.5981711]],[[-0.1196619,51.5980938],[-0.1197118,51.5981469]],[[-0.1188139,51.5975053],[-0.1189806,51.5976067],[-0.1193834,51.5978828],[-0.1196619,51.5980938]],[[-0.1181713,51.5971694],[-0.1184091,51.5972531],[-0.118642,51.5973699],[-0.1187598,51.597439],[-0.1188139,51.5975053]],[[-0.1180562,51.5971303],[-0.1181025,51.5971471],[-0.1181713,51.5971694]],[[-0.1179687,51.597102],[-0.1180562,51.5971303]],[[-0.1178761,51.597071],[-0.1179687,51.597102]],[[-0.1175924,51.5969813],[-0.1177353,51.5970235],[-0.1178761,51.597071]],[[-0.1165213,51.5967785],[-0.1174082,51.5969405],[-0.1175131,51.5969631],[-0.1175924,51.5969813]],[[-0.115379,51.5965736],[-0.1161784,51.5967205],[-0.1165213,51.5967785]],[[-0.1149428,51.5964923],[-0.1151896,51.5965383],[-0.115379,51.5965736]],[[-0.1143007,51.5963823],[-0.1145043,51.5964112],[-0.1149428,51.5964923]],[[-0.1143007,51.5963823],[-0.1141601,51.5963938],[-0.1140624,51.5964089],[-0.1139784,51.5964258],[-0.1138105,51.596472],[-0.1135209,51.5965541],[-0.1134779,51.5965665],[-0.1134371,51.5965774],[-0.1131887,51.5966454],[-0.1128719,51.5967249],[-0.1124715,51.5968026],[-0.1120534,51.5968718],[-0.1118051,51.5969123],[-0.1113008,51.5969966],[-0.1111064,51.5970294]],[[-0.1111064,51.5970294],[-0.1110149,51.5970449]],[[-0.1110149,51.5970449],[-0.1108699,51.5970694],[-0.1107752,51.5970861]],[[-0.1107752,51.5970861],[-0.1107395,51.5970924],[-0.1106613,51.5971046],[-0.1105285,51.5971262]],[[-0.1105285,51.5971262],[-0.1104456,51.5971397],[-0.1103113,51.5971615]],[[-0.1103113,51.5971615],[-0.1102728,51.597178],[-0.1102194,51.5972008],[-0.1101503,51.5972097],[-0.1100458,51.5972197],[-0.1099811,51.5972206]],[[-0.1099811,51.5972206],[-0.1098581,51.597221]],[[-0.1098581,51.597221],[-0.1095491,51.5972146],[-0.1094795,51.5972182],[-0.10934,51.5972032]],[[-0.106733,51.5977613],[-0.1065757,51.5978329],[-0.1064221,51.597879],[-0.1062803,51.5979182]],[[-0.1062803,51.5979182],[-0.1061134,51.5979638]],[[-0.1061134,51.5979638],[-0.1058801,51.5980303]],[[-0.1058801,51.5980303],[-0.1057384,51.5980703],[-0.105588,51.598112],[-0.1054131,51.5981426]],[[-0.100921,51.5994687],[-0.1009504,51.5995638],[-0.1009634,51.5996033],[-0.1009646,51.5996197],[-0.1009596,51.5996348],[-0.1009526,51.59965],[-0.100942,51.5996642],[-0.1009233,51.5996849],[-0.1008574,51.5997346],[-0.1007587,51.5998082],[-0.1007088,51.5998356],[-0.1006565,51.599851]],[[-0.0967761,51.6046268],[-0.0967394,51.603916],[-0.0967321,51.6036998],[-0.0966964,51.6028718],[-0.096693,51.6027914],[-0.0966954,51.6027326],[-0.0967211,51.6026809],[-0.0967606,51.6026566],[-0.0968044,51.6026251],[-0.0972592,51.6022976],[-0.0974817,51.6021374],[-0.0978299,51.6018866],[-0.0981729,51.6016396],[-0.0985101,51.6013967],[-0.0988414,51.6011581],[-0.0993668,51.6007798],[-0.0993995,51.6007562],[-0.0999013,51.6003949],[-0.1003188,51.6000942],[-0.1004285,51.6000151],[-0.1006027,51.5998897],[-0.1006565,51.599851]],[[-0.0967878,51.6049935],[-0.0967866,51.6049379],[-0.0967809,51.6048277],[-0.0967761,51.6046268]],[[-0.0934677,51.6061917],[-0.0936499,51.6060916],[-0.0939666,51.6059122],[-0.0949739,51.6052831],[-0.0951168,51.6052128],[-0.0952072,51.6051766],[-0.0953467,51.605128],[-0.0955042,51.6050843],[-0.0956099,51.6050595],[-0.0956696,51.6050465],[-0.0957472,51.6050347],[-0.0960096,51.6050118],[-0.0963126,51.6050024],[-0.0963566,51.6050015],[-0.0967878,51.6049935]],[[-0.0917121,51.6066948],[-0.0920418,51.6066728],[-0.0921203,51.6066622],[-0.0922688,51.6066389],[-0.0923764,51.6066153],[-0.0924377,51.6066004],[-0.0928407,51.6064628],[-0.093004,51.6064046],[-0.0932934,51.6062838],[-0.0934677,51.6061917]],[[-0.086809,51.6057235],[-0.0871044,51.6058013],[-0.0874231,51.6058838],[-0.0884644,51.6061534],[-0.0885919,51.6061863],[-0.0894918,51.6064187],[-0.0900833,51.6065715],[-0.0904905,51.6066776],[-0.0906257,51.6067046],[-0.090774,51.6067282],[-0.0909274,51.6067397],[-0.0910702,51.6067409],[-0.0912562,51.6067287],[-0.0914046,51.6067162],[-0.0917121,51.6066948]],[[-0.0865879,51.6056653],[-0.086809,51.6057235]],[[-0.0859513,51.6054999],[-0.0860174,51.6055143],[-0.0861181,51.6055389],[-0.0861652,51.6055516],[-0.0865879,51.6056653]],[[-0.0857323,51.6054422],[-0.0859513,51.6054999]],[[-0.0851935,51.6052991],[-0.0853089,51.6053295],[-0.0854117,51.6053569],[-0.0855555,51.6053953],[-0.0855974,51.6054069],[-0.0857323,51.6054422]],[[-0.0851367,51.6052842],[-0.0851935,51.6052991]],[[-0.0848418,51.6052098],[-0.0851367,51.6052842]],[[-0.0839344,51.6050159],[-0.0840361,51.6050235],[-0.0841667,51.6050456],[-0.084236,51.6050596],[-0.0848418,51.6052098]],[[-0.0839344,51.6050159],[-0.0837692,51.6050565],[-0.0836732,51.6050665],[-0.0835751,51.6050784],[-0.0834463,51.6050654]],[[-0.083219,51.6050969],[-0.0834463,51.6050654]],[[-0.0794527,51.6050395],[-0.0797975,51.6050173],[-0.0802701,51.6049743],[-0.0807522,51.6049655],[-0.0813966,51.6050134],[-0.0817362,51.6050828],[-0.0819376,51.6051259],[-0.0821827,51.6051552],[-0.082463,51.6051665],[-0.082688,51.6051605],[-0.0829258,51.605131],[-0.0830115,51.6051243],[-0.0830656,51.605117],[-0.083219,51.6050969]],[[-0.079187,51.6050563],[-0.0794527,51.6050395]],[[-0.078275,51.6051959],[-0.078463,51.6051465],[-0.0786139,51.6051171],[-0.0789208,51.6050773],[-0.079187,51.6050563]],[[-0.0744031,51.6052081],[-0.0749739,51.6052197],[-0.0755153,51.6052195],[-0.0756451,51.6052194],[-0.0760074,51.6052193],[-0.0760684,51.6052196],[-0.0771833,51.6052252],[-0.0777699,51.6052245],[-0.0780567,51.6052173],[-0.078275,51.6051959]],[[-0.0741695,51.6051965],[-0.0743217,51.6052064],[-0.0743677,51.6052074],[-0.0744031,51.6052081]],[[-0.0728531,51.6050815],[-0.0729745,51.6050808],[-0.0736967,51.6051575],[-0.0740416,51.605186],[-0.0741695,51.6051965]],[[-0.0722024,51.6050063],[-0.0723958,51.6049813],[-0.0725012,51.6049803],[-0.0726044,51.6049921],[-0.0726754,51.6050106],[-0.0727218,51.6050245],[-0.0728531,51.6050815]],[[-0.0711045,51.6053961],[-0.0712652,51.6054013],[-0.0713401,51.6053941],[-0.0714143,51.6053817],[-0.0714945,51.6053564],[-0.0715953,51.605323],[-0.0717145,51.6052594],[-0.0718425,51.6051685],[-0.0718942,51.6051363],[-0.0719991,51.6050814],[-0.0721029,51.6050405],[-0.0722024,51.6050063]],[[-0.0709679,51.6053881],[-0.0711045,51.6053961]],[[-0.0692975,51.6053887],[-0.0693778,51.6053707],[-0.0695,51.6053448],[-0.0696481,51.6053135],[-0.0698527,51.6052908],[-0.0699681,51.6052858],[-0.0700492,51.6052864],[-0.0702202,51.6052956],[-0.0703423,51.6053088],[-0.0705063,51.6053325],[-0.0706397,51.6053517],[-0.07085,51.6053749],[-0.0708795,51.6053781],[-0.0709679,51.6053881]],[[-0.0689713,51.6054595],[-0.0690686,51.6054372],[-0.0692975,51.6053887]],[[-0.068169,51.6055684],[-0.0683401,51.6055566],[-0.0684349,51.6055469],[-0.0685057,51.6055372],[-0.068749,51.6055003],[-0.0688648,51.6054791],[-0.0689713,51.6054595]],[[-0.0681245,51.6062921],[-0.0681251,51.6062254],[-0.0681255,51.6061855],[-0.0681256,51.6061746],[-0.0681264,51.6061494],[-0.0681347,51.6059815],[-0.0681418,51.6058855],[-0.0681505,51.6058154],[-0.0681589,51.6057477],[-0.068165,51.6057],[-0.0681691,51.605653],[-0.068169,51.6055684]],[[-0.0681245,51.6062921],[-0.067922,51.6062905],[-0.0677678,51.60629],[-0.0677109,51.6062883],[-0.0667066,51.6062606],[-0.0666555,51.6062585],[-0.0665189,51.6062528],[-0.0664503,51.60625],[-0.0664352,51.6062494],[-0.0663148,51.6062444],[-0.0662543,51.6062419],[-0.0656482,51.6062163]],[[-0.0656482,51.6062163],[-0.065269,51.6062049],[-0.0650588,51.6061997],[-0.0646731,51.6061857],[-0.0646072,51.6061834],[-0.0644943,51.6061797],[-0.0640861,51.6061656]],[[-0.0640861,51.6061656],[-0.0639162,51.6061531]],[[-0.0639162,51.6061531],[-0.0635879,51.6061256],[-0.0631912,51.6060913],[-0.0628147,51.6060533],[-0.0624634,51.6060033]],[[-0.0624634,51.6060033],[-0.0621357,51.6059475],[-0.0620153,51.6059286],[-0.0619393,51.605916],[-0.0618688,51.6059037],[-0.0617136,51.605874],[-0.0616051,51.605853]],[[-0.0616051,51.605853],[-0.0613434,51.6058014],[-0.0610955,51.6057466],[-0.0608729,51.6056915],[-0.0607897,51.6056712],[-0.0595642,51.6053197],[-0.0589977,51.6051227],[-0.0587664,51.605034],[-0.0585552,51.6049464],[-0.0583889,51.6048775],[-0.0583656,51.6048669],[-0.0582236,51.604804],[-0.0577824,51.6046051]],[[-0.0577824,51.6046051],[-0.0574292,51.6044445],[-0.057309,51.6043858],[-0.0571171,51.6042747],[-0.0569961,51.6041992],[-0.0567773,51.6040608],[-0.0565697,51.603921],[-0.0564133,51.6038131],[-0.0562748,51.6037178],[-0.0561172,51.603608],[-0.0560639,51.6035741],[-0.0560083,51.6035437],[-0.0559556,51.6035222],[-0.0558968,51.6035042],[-0.0558043,51.6034822]],[[-0.0558043,51.6034822],[-0.0558275,51.6034219],[-0.0558292,51.603401],[-0.0558199,51.6033753],[-0.0557997,51.603352],[-0.0557185,51.6032717]],[[-0.0557185,51.6032717],[-0.0554563,51.6030171]],[[-0.10550248474917784,51.565071702656695],[-0.1054911,51.5650779]],[[-0.1054911,51.5650779],[-0.105318,51.5649563]],[[-0.105318,51.5649563],[-0.1051875,51.5648713],[-0.1051806,51.5648668],[-0.1049438,51.5647126],[-0.1049075,51.5646888],[-0.1048423925716957,51.56464925831579]],[[-0.10532675012614544,51.56495243660659],[-0.105318,51.5649563]],[[-0.1532756,51.6000041],[-0.1533049,51.6001572],[-0.1533665,51.6003269],[-0.1534533,51.600699],[-0.1534872,51.6009638],[-0.1534972,51.6013529],[-0.1534969,51.6013854],[-0.1534944,51.6016362],[-0.1534934,51.6017395],[-0.1534794,51.6018734],[-0.1534557,51.6021011],[-0.15344,51.6022522],[-0.1534363,51.6025748],[-0.1534459,51.6027272],[-0.1535084,51.6028071],[-0.1536263,51.6029577],[-0.1536528,51.6029964],[-0.1537556,51.6031448],[-0.1537662,51.6031802],[-0.1537777809882716,51.6032188704304]],[[-0.1507529,51.5955944],[-0.1508347,51.5958412],[-0.1508785,51.596036],[-0.1509281,51.5962261],[-0.1509871,51.5964204],[-0.1510395,51.5965721],[-0.1510677,51.5966644],[-0.1511517,51.5968944],[-0.1512187,51.5970666],[-0.1512241,51.5970825],[-0.1512558,51.597177],[-0.1512889,51.597259],[-0.1514009,51.5974793],[-0.1517676,51.5978393],[-0.1518819,51.5979667],[-0.1519324,51.5980321],[-0.1521042,51.5982488],[-0.152134,51.5982864],[-0.1524429,51.5986031],[-0.1525292,51.5986916],[-0.1529073,51.5990395],[-0.1530179,51.5992061],[-0.1530461,51.5993346],[-0.1531042,51.5996],[-0.1532265,51.5998882],[-0.1532756,51.6000041]],[[-0.1507204,51.5954963],[-0.1507425,51.5955626],[-0.1507529,51.5955944]],[[-0.1506852,51.5953828],[-0.1506965,51.5954192],[-0.1507204,51.5954963]],[[-0.1505637,51.5947328],[-0.1506266,51.5951935],[-0.1506852,51.5953828]],[[-0.1503814,51.5944483],[-0.1505071,51.5946088],[-0.1505637,51.5947328]],[[-0.1476927,51.5944063],[-0.1478371,51.5943815],[-0.147988,51.5943827],[-0.1480857,51.5943982],[-0.1481793,51.5944109],[-0.1483278,51.5944358],[-0.1486878,51.5945086],[-0.1488704,51.5945406],[-0.1490767,51.5945522],[-0.1493459,51.5945506],[-0.1497559,51.5945357],[-0.1501035,51.5945231],[-0.1501915,51.594515],[-0.1502759,51.5944918],[-0.1503814,51.5944483]],[[-0.1473761,51.5945239],[-0.1475335,51.5944644],[-0.1476927,51.5944063]],[[-0.1455117,51.5949614],[-0.1459511,51.5948309],[-0.1462578,51.5947409],[-0.1465086,51.5946946],[-0.146856,51.5946305],[-0.1471928,51.5945763],[-0.1473761,51.5945239]],[[-0.1452664,51.5950343],[-0.1452914,51.5950269],[-0.1453576,51.5950072],[-0.1453919,51.594997],[-0.1455117,51.5949614]],[[-0.144919,51.5951228],[-0.1449981,51.5951047],[-0.1451354,51.5950732],[-0.1451953,51.5950554],[-0.1452664,51.5950343]],[[-0.144919,51.5951228],[-0.1448564,51.5949759],[-0.144834,51.5949188],[-0.1448127,51.5948708],[-0.1447963,51.5948336],[-0.1445213,51.5942125],[-0.1443151,51.5937447],[-0.144273,51.5936874]],[[-0.144273,51.5936874],[-0.1442327,51.5936325],[-0.1441404,51.5935318],[-0.1439798,51.5933944],[-0.1436747,51.5931186]],[[-0.1436747,51.5931186],[-0.1436185,51.593066]],[[-0.1436185,51.593066],[-0.1434669,51.5928622],[-0.1432478,51.5924788],[-0.1430802,51.5921579],[-0.1429841,51.5919296]],[[-0.1429841,51.5919296],[-0.1427706,51.5915906]],[[-0.1427706,51.5915906],[-0.1427142,51.5915126],[-0.1426949,51.5914865]],[[-0.1426949,51.5914865],[-0.1426762,51.5914596]],[[-0.1426762,51.5914596],[-0.1424968,51.5913405],[-0.1424352,51.5912811],[-0.1423275,51.5912535]],[[-0.1423275,51.5912535],[-0.1422268,51.5912558],[-0.1421668,51.5912571]],[[-0.1421668,51.5912571],[-0.1421265,51.5912572],[-0.1420432,51.5912575],[-0.1419415,51.5912428]],[[-0.1419415,51.5912428],[-0.1418724,51.5912108],[-0.141821,51.5911747]],[[-0.141821,51.5911747],[-0.1417987,51.5911218],[-0.1418023,51.5911013]],[[-0.1418023,51.5911013],[-0.1418293,51.5910292],[-0.1418848,51.5909786]],[[-0.1418848,51.5909786],[-0.1420939,51.5909447]],[[-0.1420939,51.5909447],[-0.1421303,51.5909421],[-0.142187,51.590938],[-0.142295,51.5909303]],[[-0.142295,51.5909303],[-0.1425392,51.5908931],[-0.142697,51.5908665]],[[-0.142697,51.5908665],[-0.1428506,51.5907788]],[[-0.1428506,51.5907788],[-0.1429073,51.5907465],[-0.1431926,51.5905838],[-0.1435759,51.5903559],[-0.1438559,51.5901829],[-0.1440608,51.5900573]],[[-0.1440608,51.5900573],[-0.144158,51.5899977],[-0.1447279,51.5896235],[-0.1448479,51.5895731],[-0.1449538,51.5895412],[-0.1451294,51.5895107]],[[-0.1451294,51.5895107],[-0.1451392,51.5894956],[-0.1451669,51.5894782],[-0.1452044,51.5894708],[-0.1452431,51.5894749],[-0.1452744,51.5894897]],[[-0.1452744,51.5894897],[-0.1452913,51.5895121],[-0.1452894,51.5895368],[-0.1452692,51.5895581]],[[-0.1483532,51.591036],[-0.1480647,51.5909037],[-0.1473675,51.590575],[-0.1472382,51.5905142],[-0.1471919,51.5904924],[-0.1470335,51.5904164],[-0.1458539,51.5898703],[-0.1457458,51.5898229],[-0.1456303,51.5897723],[-0.1454385,51.5896904],[-0.1453706,51.5896515],[-0.1452692,51.5895581]],[[-0.1490067,51.5913276],[-0.1487462,51.5912097],[-0.1483532,51.591036]],[[-0.1490067,51.5913276],[-0.1492073,51.5912767],[-0.1495361,51.5911945]],[[-0.1495361,51.5911945],[-0.1498759,51.5911238],[-0.1503695,51.5910087],[-0.1506071,51.590972],[-0.1507998,51.5909527],[-0.1509586,51.5909477],[-0.1512793,51.5909509],[-0.1516548,51.5909668],[-0.1517854,51.5909698],[-0.1518925,51.5909722],[-0.1524054,51.5909905]],[[-0.1524054,51.5909905],[-0.1529851,51.5910121],[-0.1530251,51.591013],[-0.15342,51.5910059],[-0.1536409,51.5909899]],[[-0.1536409,51.5909899],[-0.15369,51.5909836],[-0.1540422,51.5909347],[-0.1540759,51.5909284],[-0.1546472,51.5908517],[-0.1546766,51.590848],[-0.1547153,51.5908427],[-0.1548769,51.5908208],[-0.1548895,51.5908187],[-0.1555522,51.590719],[-0.1556406,51.5907062],[-0.1557441,51.5906948],[-0.1557531,51.5906932],[-0.1557703,51.590691],[-0.1558637,51.5906788],[-0.1560194,51.5906584],[-0.1561151,51.5906449],[-0.1563693,51.5906163],[-0.1564401,51.5906081],[-0.156522,51.5905984],[-0.1566394,51.5905816],[-0.1568449,51.5905556],[-0.1569655,51.5905388],[-0.1571733,51.5905098],[-0.1575164,51.590462],[-0.1576004,51.5904503],[-0.1580036,51.590394],[-0.1583413,51.5903469],[-0.1585931,51.5903118],[-0.1586758,51.5903008],[-0.1589633,51.590262],[-0.1596,51.5901782]],[[-0.1596,51.5901782],[-0.1596168,51.5901761],[-0.1597055,51.5901639],[-0.1598530338748522,51.59014361857925]],[[-0.157095,51.5819225],[-0.1569573,51.5819085],[-0.1569008,51.5818814],[-0.1568661,51.5818622]],[[-0.1568661,51.5818622],[-0.1565474,51.5817118]],[[-0.1565474,51.5817118],[-0.1562101,51.5815702]],[[-0.1562101,51.5815702],[-0.1558541,51.5814314],[-0.1556959,51.5813584],[-0.1554552,51.5812612],[-0.1552988,51.5812019],[-0.1552093,51.5811649],[-0.1549993,51.5810782],[-0.1549377,51.5810527]],[[-0.1549377,51.5810527],[-0.1547827,51.5809886],[-0.1546843,51.580948],[-0.1545056,51.5808742]],[[-0.1545056,51.5808742],[-0.154417,51.5808469],[-0.1543285,51.5808208],[-0.1542216,51.5807697],[-0.1540678,51.5806839]],[[-0.1514599,51.5795528],[-0.152022,51.5797964],[-0.1524784,51.5799943],[-0.1528183,51.5801416],[-0.1535235,51.5804444],[-0.1540678,51.5806839]],[[-0.1502259,51.5790228],[-0.1506107,51.5791832],[-0.1506672,51.5792067],[-0.1507152,51.579227],[-0.1513038,51.5794845],[-0.1514599,51.5795528]],[[-0.1484555,51.5782353],[-0.1485755,51.5782914],[-0.1487305,51.5783608],[-0.149668,51.5787801],[-0.1502259,51.5790228]],[[-0.1473317,51.5777334],[-0.1474879,51.5777964],[-0.1475653,51.5778294],[-0.1476189,51.5778539],[-0.147853,51.5779606],[-0.1481042,51.5780752],[-0.1484555,51.5782353]],[[-0.1473317,51.5777334],[-0.1471212,51.5776397],[-0.1470677,51.5776168],[-0.1470069,51.5775908],[-0.1460957,51.5771999],[-0.1454653,51.5769264]],[[-0.1454653,51.5769264],[-0.1453089,51.5768538],[-0.144828,51.5766544],[-0.1447789,51.5766343],[-0.1446308,51.5765736]],[[-0.1446308,51.5765736],[-0.1445106,51.5765243]],[[-0.1445106,51.5765243],[-0.1444233,51.5764886],[-0.1443708,51.5764671],[-0.1438715,51.5762632]],[[-0.1438715,51.5762632],[-0.1438113,51.5762356]],[[-0.1438113,51.5762356],[-0.1435244,51.576017],[-0.14319,51.5757297]],[[-0.14319,51.5757297],[-0.1429981,51.5755577]],[[-0.1429981,51.5755577],[-0.1427502,51.5752785],[-0.1427242,51.5752492]],[[-0.1427242,51.5752492],[-0.1426573,51.5751806],[-0.1424162,51.5749332]],[[-0.1424162,51.5749332],[-0.1423043,51.5748163],[-0.1418131,51.5742617],[-0.141533,51.5739575],[-0.1415058,51.5739292],[-0.1414643,51.5738853],[-0.1414183,51.5738412],[-0.1412325,51.5736632],[-0.1409974,51.5734139],[-0.1408509,51.5732747]],[[-0.1408509,51.5732747],[-0.1407774,51.5732046],[-0.1407087,51.5731288],[-0.1400713,51.5724614]],[[-0.1400713,51.5724614],[-0.1399488,51.5723402],[-0.1398314,51.5722172]],[[-0.1398314,51.5722172],[-0.1397889,51.5721732]],[[-0.1397889,51.5721732],[-0.1396504,51.5720243],[-0.1394947,51.5718445]],[[-0.1394947,51.5718445],[-0.1394459,51.5717849],[-0.1393471,51.5716642]],[[-0.1393471,51.5716642],[-0.1392871,51.5715973],[-0.1392493,51.5715552],[-0.1391468,51.5714576],[-0.1386566,51.5710175]],[[-0.1386566,51.5710175],[-0.138441,51.5708226],[-0.13823970485481268,51.570630885729514]],[[-0.1545056,51.5808742],[-0.1544712,51.5807823],[-0.1544775,51.5807449],[-0.1545186,51.5806871]],[[-0.1545186,51.5806871],[-0.1548,51.5805662],[-0.155028,51.5804791]],[[-0.155028,51.5804791],[-0.1550541,51.5804416],[-0.1550876,51.5803853]],[[-0.1550876,51.5803853],[-0.1550851,51.5803215],[-0.1550249,51.5801554]],[[-0.1497947,51.5725437],[-0.1497328,51.5724637],[-0.149759,51.5723095],[-0.1497641,51.5722742],[-0.1497934,51.5721073]],[[-0.1497934,51.5721073],[-0.1498548,51.5717453],[-0.1498824,51.5716689]],[[-0.1498824,51.5716689],[-0.1498698,51.5716577],[-0.1498636,51.5716447],[-0.1498643,51.5716311],[-0.149872,51.5716184],[-0.1498857,51.5716078],[-0.1499041,51.5716005]],[[-0.14242593839069947,51.569274313194484],[-0.1423622,51.5692798],[-0.1423113,51.5692597],[-0.1422569,51.5692357],[-0.1422215,51.5692144],[-0.1421935,51.5691675]],[[-0.053210959695785834,51.58694169117973],[-0.0533131,51.586984]],[[-0.0533131,51.586984],[-0.0534148,51.5870258],[-0.0535427,51.5870702],[-0.0536808,51.5871118],[-0.0538385,51.5871546],[-0.0541176,51.5872222],[-0.0542673,51.5872555],[-0.0544782,51.5873046],[-0.0545841,51.587331],[-0.054875,51.5873977],[-0.0551184,51.5874576],[-0.0553019,51.5875026],[-0.0553597,51.5875161],[-0.0555259,51.5875588],[-0.0555911,51.5875761]],[[-0.0555911,51.5875761],[-0.055966,51.587676],[-0.0561824,51.587731],[-0.0563374,51.5877627],[-0.0567071,51.5878251],[-0.0568941,51.5878536]],[[-0.0568941,51.5878536],[-0.0570534,51.5878768]],[[-0.0570534,51.5878768],[-0.0570603,51.5878777],[-0.0571063,51.5878849],[-0.057162,51.5878927]],[[-0.057162,51.5878927],[-0.0573929,51.5879164]],[[-0.0573929,51.5879164],[-0.0575618,51.5879286]],[[-0.0575958,51.5879313],[-0.0575618,51.5879286]],[[-0.0577412,51.5879398],[-0.0576758,51.5879357],[-0.0575958,51.5879313]],[[-0.0579574,51.5879526],[-0.0577412,51.5879398]],[[-0.0582123,51.5879625],[-0.0579574,51.5879526]],[[-0.0584493,51.5879698],[-0.0582123,51.5879625]],[[-0.0586193,51.5879714],[-0.0584493,51.5879698]],[[-0.0587662,51.5879743],[-0.0586193,51.5879714]],[[-0.059681,51.5880006],[-0.0587662,51.5879743]],[[-0.0600744,51.5880103],[-0.059681,51.5880006]],[[-0.0600744,51.5880103],[-0.0603972,51.5880168]],[[-0.0603972,51.5880168],[-0.0605559,51.5880208]],[[-0.0605559,51.5880208],[-0.0606489,51.5880226]],[[-0.0606489,51.5880226],[-0.0607159,51.588027],[-0.0608704,51.5880375]],[[-0.0608704,51.5880375],[-0.0610496,51.5880463]],[[-0.0610817,51.5882998],[-0.061045,51.588212]],[[-0.0610856,51.5883403],[-0.0610817,51.5882998]],[[-0.0611149,51.5884258],[-0.0610856,51.5883403]],[[-0.0611876,51.5887801],[-0.0612568,51.5888161],[-0.061268,51.5888557],[-0.0613188,51.5889795]],[[-0.0637459,51.5894179],[-0.0637226,51.5894058],[-0.0637026,51.5893911]],[[-0.0637459,51.5894179],[-0.0639988,51.5894671]],[[-0.0699815,51.588872],[-0.0701544,51.5888927],[-0.0702179,51.5888951],[-0.070299,51.5888972],[-0.0703502,51.5889029]],[[-0.0703502,51.5889029],[-0.0705059,51.588947]],[[-0.0929709,51.5980683],[-0.0930433,51.5980514],[-0.093108,51.5980201]],[[-0.093108,51.5980201],[-0.0931147,51.5980107],[-0.0932267,51.5979178],[-0.0932627,51.5978872],[-0.0933419,51.5977785],[-0.0935822,51.5974487],[-0.0936855,51.597293],[-0.0942513,51.5964361],[-0.0944847,51.5961198]],[[-0.1002066,51.5923014],[-0.1001658,51.5923247],[-0.0984516,51.5933087],[-0.0984013,51.5933408],[-0.0982973,51.5933981],[-0.0982509,51.5934252],[-0.0982074,51.5934502],[-0.0965586,51.5943981],[-0.0960647,51.5946822],[-0.0957257,51.5948767],[-0.0952399,51.5951554],[-0.0951102,51.5952394],[-0.0950932,51.5952513],[-0.0950797,51.5952634],[-0.0950639,51.5952795],[-0.0950504,51.5952932],[-0.0950384,51.5953062],[-0.0950297,51.5953166],[-0.0950226,51.5953262],[-0.0950083,51.5953453],[-0.0949152,51.5954864],[-0.0946229,51.5959113],[-0.0944847,51.5961198]],[[-0.1006163,51.5920647],[-0.1005318,51.5921111],[-0.1004871,51.5921372],[-0.1002066,51.5923014]],[[-0.1007581,51.5919844],[-0.1006163,51.5920647]],[[-0.1021183,51.5911982],[-0.1008963,51.591899],[-0.1007581,51.5919844]],[[-0.1029591,51.5907217],[-0.1029546,51.5907238],[-0.1026932,51.5908662],[-0.1021183,51.5911982]],[[-0.1029591,51.5907217],[-0.1029516,51.5906982],[-0.1029674,51.5906655],[-0.103011,51.5906154],[-0.1030514,51.5905735],[-0.1030954,51.5905355],[-0.103139,51.5904988],[-0.1032767,51.5903834]],[[-0.1033781,51.5904746],[-0.1034497,51.5904938],[-0.103495,51.5905216],[-0.1035594,51.5905814],[-0.1035968,51.590616],[-0.1036312,51.5906468],[-0.1036271,51.5907043]],[[-0.1036271,51.5907043],[-0.1036845,51.5907547],[-0.1039808,51.5910112]],[[-0.1039808,51.5910112],[-0.1040214,51.5910476]],[[-0.1040214,51.5910476],[-0.1040912,51.5910743],[-0.1041338,51.5911087],[-0.1042613,51.591227],[-0.1042913,51.5912687],[-0.1043289,51.591329]],[[-0.1043289,51.591329],[-0.1045559,51.5915346],[-0.1045905,51.591566],[-0.1046055,51.5915792],[-0.1046864,51.5916513],[-0.1047887,51.5917324],[-0.1049055,51.5918322],[-0.105119,51.5919963],[-0.1053702,51.5921855],[-0.1056191,51.5923527],[-0.1058887,51.5925322],[-0.1060861,51.5926594],[-0.1063403,51.592836],[-0.1064304,51.5928999],[-0.1071564,51.5934029]],[[-0.1071564,51.5934029],[-0.1074374,51.5936139],[-0.1075394,51.5936896]],[[-0.1075394,51.5936896],[-0.1078537,51.5939653],[-0.1082165,51.5942716],[-0.1084118,51.594448]],[[-0.1084118,51.594448],[-0.1086367,51.5946665]],[[-0.1086367,51.5946665],[-0.1087908,51.5948136],[-0.1088207,51.5948572],[-0.1088486,51.5949188],[-0.1088684,51.5949753],[-0.1088809,51.5950223],[-0.1088974,51.5951243],[-0.1089004,51.5951589],[-0.1089162,51.5952762],[-0.1089231,51.5953155],[-0.1089431,51.5954295],[-0.1090001,51.5958012]],[[-0.1452692,51.5895581],[-0.1452327,51.5895716],[-0.1451904,51.589572],[-0.1451532,51.5895594],[-0.1451309,51.589537],[-0.1451294,51.5895107]],[[-0.142697,51.5908665],[-0.1426227,51.5909562],[-0.1425538,51.5910395]],[[-0.1425538,51.5910395],[-0.1425607,51.591063],[-0.1425416,51.5911577],[-0.1425265,51.5911906]],[[-0.1425265,51.5911906],[-0.1425522,51.5912482],[-0.1425839,51.5913042],[-0.1426762,51.5914596]],[[-0.1451398,51.5956359],[-0.1451081,51.5955496],[-0.1450802,51.5954888],[-0.1450695,51.5954659],[-0.1450576,51.5954397],[-0.1450425,51.5954068],[-0.1450059,51.5953272],[-0.1449689,51.5952466],[-0.144919,51.5951228]],[[-0.1363287,51.5991917],[-0.1365148,51.5991009],[-0.1367008,51.5990325],[-0.1375413,51.5988355],[-0.1377807,51.5987745],[-0.1391083,51.5983778],[-0.1393823,51.5982941],[-0.1395743,51.5982364],[-0.1407634,51.5978845],[-0.1409227,51.5978359],[-0.141552,51.5976432],[-0.1418796,51.5975466],[-0.1422506,51.5974347],[-0.1423145,51.5974164],[-0.1424887,51.5973644],[-0.1428851,51.5970355],[-0.143643,51.5963784],[-0.1437209,51.5963158],[-0.1437695,51.5962768],[-0.1437901,51.5962602],[-0.1437966,51.5962546],[-0.1438811,51.5961815],[-0.1441303,51.595966],[-0.1442866,51.5958732],[-0.1443462,51.5958441],[-0.1444647,51.5957955],[-0.1446299,51.5957461],[-0.1447701,51.5957103],[-0.1448232,51.5956966],[-0.1449783,51.5956677],[-0.1451398,51.5956359]],[[-0.1363287,51.5991917],[-0.1359951,51.5994341],[-0.1356852,51.5996592],[-0.1355538,51.5997325],[-0.1354827,51.5997721],[-0.135307,51.5998998],[-0.1348744,51.6001794],[-0.1347044,51.6002893],[-0.1345942,51.6003605],[-0.1342449,51.6005506],[-0.133861,51.6007323],[-0.1334943,51.6009058],[-0.132821,51.6011653]],[[-0.130089,51.6031394],[-0.1301761,51.603063],[-0.1303802,51.602856],[-0.1306671,51.6025613],[-0.1307035,51.6025258],[-0.1310853,51.6021535],[-0.1311741,51.602067],[-0.1312471,51.602005],[-0.1313646,51.6019071],[-0.1316194,51.6017144],[-0.1319734,51.6015176],[-0.1320638,51.6014567],[-0.1323471,51.6013373],[-0.132821,51.6011653]],[[-0.130089,51.6031394],[-0.1300854,51.6031746],[-0.1300547,51.6032063],[-0.1299782,51.6032626],[-0.1299353,51.6032945]],[[-0.1299353,51.6032945],[-0.1298556,51.6033426]],[[-0.1298556,51.6033426],[-0.1297514,51.6034114],[-0.1296341,51.6034833],[-0.1296043,51.603502],[-0.1295514,51.6035076]],[[-0.1266167,51.6053739],[-0.1268339,51.6052321],[-0.1271704,51.6050124],[-0.1282229,51.6043745],[-0.1284137,51.6042417],[-0.1284918,51.6041921],[-0.1286613,51.6040792],[-0.1290074,51.6038508],[-0.1293016,51.6036662],[-0.1295514,51.6035076]],[[-0.1251725,51.6063133],[-0.1266167,51.6053739]],[[-0.124608,51.606682],[-0.1246221,51.6066735],[-0.1249847,51.6064349],[-0.1251725,51.6063133]],[[-0.1243189,51.6068609],[-0.1244918,51.6067475],[-0.1245189,51.6067321],[-0.1245634,51.6067068],[-0.124608,51.606682]],[[-0.1241986,51.6067955],[-0.1243189,51.6068609]],[[-0.1241986,51.6067955],[-0.1241108,51.6068771],[-0.124071,51.6069092],[-0.1240576,51.606921]],[[-0.1240576,51.606921],[-0.1240389,51.6069375],[-0.1240173,51.6069576],[-0.1239821,51.606991],[-0.1238357,51.6071403],[-0.1238,51.6071959]],[[-0.1238,51.6071959],[-0.1237616,51.6073241],[-0.1237337,51.607402],[-0.1236987,51.6074999],[-0.1236155,51.6076924],[-0.1233788,51.6083802],[-0.12324183846980923,51.60874927920168]],[[-0.1022212,51.590375],[-0.1022217,51.5904011],[-0.1022308,51.5904267],[-0.1022684,51.590445],[-0.1023075,51.5904594],[-0.1023718,51.5904594],[-0.1024308,51.5904494],[-0.1024797,51.5904207],[-0.1024898,51.5903827],[-0.1024876,51.5903512]],[[-0.1024876,51.5903512],[-0.1024695,51.5901099]],[[-0.1024695,51.5901099],[-0.1024884,51.5900483],[-0.1025377,51.590016],[-0.1026145,51.5899849],[-0.1026781,51.5899623],[-0.1026999,51.589953],[-0.1028,51.5899117]],[[-0.1090001,51.5958012],[-0.109031,51.595835],[-0.109067,51.595913],[-0.1090803,51.5959652],[-0.109099,51.5960387],[-0.1091767,51.5962543]],[[-0.1091767,51.5962543],[-0.1092128,51.5963424],[-0.1092455,51.5963939]],[[-0.1092455,51.5963939],[-0.1092756,51.5964387],[-0.1093017,51.5964758],[-0.1093351,51.5965186]],[[-0.1093351,51.5965186],[-0.1094346,51.5966475],[-0.1095964,51.5968433],[-0.1096449,51.5968934],[-0.1096787,51.5969283],[-0.1097091,51.5969583],[-0.1097722,51.5970185],[-0.1099189,51.5971618]],[[-0.1099189,51.5971618],[-0.1099811,51.5972206]],[[-0.1099811,51.5972206],[-0.1100309,51.5972668],[-0.1100676,51.5973022],[-0.1100818,51.5973238],[-0.1101146,51.5973698],[-0.1101254,51.5974126]],[[-0.1101254,51.5974126],[-0.110135,51.5974506]],[[-0.110135,51.5974506],[-0.1102222,51.5975665]],[[-0.1102222,51.5975665],[-0.1102407,51.597591]],[[-0.1102407,51.597591],[-0.1102556,51.5976109],[-0.11026,51.5976166],[-0.110332,51.5977124]],[[-0.110332,51.5977124],[-0.1103539,51.5977414]],[[-0.1103539,51.5977414],[-0.1104312,51.5978441],[-0.1104455,51.5978631]],[[-0.1104455,51.5978631],[-0.1105678,51.5980256]],[[-0.1105678,51.5980256],[-0.1106087,51.5980843]],[[-0.1106087,51.5980843],[-0.1106272,51.5981167],[-0.1106904,51.5982274],[-0.1107751,51.5984474],[-0.1109126,51.5988091]],[[-0.1109126,51.5988091],[-0.1109391,51.5988308],[-0.1109885,51.5988713],[-0.1109996,51.5989039]],[[-0.1109996,51.5989039],[-0.1110548,51.5990818]],[[-0.1110548,51.5990818],[-0.1111109,51.5992419],[-0.1111165,51.599258],[-0.1112228,51.5995744],[-0.1112102,51.5996336]],[[-0.1112955,51.599882],[-0.1112443,51.5997456],[-0.1112142,51.599645],[-0.1112102,51.5996336]],[[-0.1113875,51.6001274],[-0.1112955,51.599882]],[[-0.1115122,51.6004643],[-0.1113875,51.6001274]],[[-0.1115404,51.6005515],[-0.1115122,51.6004643]],[[-0.1115404,51.6005515],[-0.1116271,51.600791],[-0.1116811,51.6009405],[-0.1117826,51.6011767],[-0.1118075,51.6012285],[-0.1118121,51.6012377],[-0.1118984,51.601409],[-0.1120076,51.6016178],[-0.1120794,51.6017755],[-0.1122602,51.6022472],[-0.1122672,51.6022858]],[[-0.1122672,51.6022858],[-0.1122727,51.6023152],[-0.1122733,51.6023503],[-0.1122692,51.6024225],[-0.1122412,51.6025171]],[[-0.1122412,51.6025171],[-0.1121814,51.6026289]],[[-0.1121814,51.6026289],[-0.1119536,51.6030236],[-0.1119144,51.6030884],[-0.111878,51.6032595],[-0.1118208,51.6036712],[-0.1118143,51.603765],[-0.1117837,51.6042551],[-0.1117781,51.6049164],[-0.1117805,51.6051995],[-0.1117724,51.605248],[-0.1114903,51.6059211],[-0.1114097,51.6061142],[-0.1114069,51.6061235],[-0.1113879,51.606164],[-0.1113754,51.6061879],[-0.1113412,51.606259],[-0.1113394,51.6062624],[-0.1112923,51.6063523],[-0.1112269,51.606477],[-0.1111752,51.6065782],[-0.1110487,51.6068614],[-0.1109638,51.6070482],[-0.1108737,51.6072641],[-0.1108469,51.6073279],[-0.1105494,51.6079196],[-0.1105254,51.6079747],[-0.1105026,51.6080278]],[[-0.1105026,51.6080278],[-0.1104823,51.6080674],[-0.1104658,51.6081031],[-0.1104298,51.6081807],[-0.1103766,51.6082879],[-0.11035773970885612,51.608328840632]],[[-0.1460922,51.598134],[-0.1461597,51.5982195],[-0.1461705,51.5982332],[-0.146183,51.5982489],[-0.1463614,51.5984781],[-0.1463827,51.5985017],[-0.1465023,51.5986371],[-0.1466604,51.5988164],[-0.1469437,51.5991386],[-0.14700650402545504,51.59919240065118]],[[-0.1454044,51.5963748],[-0.1454664,51.5966695],[-0.1455052,51.5969033],[-0.1455475,51.59711],[-0.1455967,51.5973442],[-0.145625,51.5974213],[-0.1456986,51.5975688],[-0.145739,51.597642],[-0.1457692,51.5976915],[-0.1458607,51.5978411],[-0.1459737,51.5979841],[-0.1460867,51.598127],[-0.1460922,51.598134]],[[-0.1451398,51.5956359],[-0.1451892,51.595768],[-0.1452001,51.595801],[-0.145223,51.5958638],[-0.145249,51.5959338],[-0.1453491,51.5962241],[-0.1454044,51.5963748]],[[-0.1452744,51.5894897],[-0.1453308,51.5894487],[-0.1454549,51.5893584],[-0.145545,51.5892824],[-0.1455669,51.5892638],[-0.1456367,51.5892049],[-0.1456993,51.5891521],[-0.1458287,51.5890429],[-0.1458644,51.5890142],[-0.1459267,51.5889598],[-0.1460709,51.5888337]],[[-0.1460709,51.5888337],[-0.1463101,51.5886488],[-0.146474,51.588512],[-0.1465597,51.5884404],[-0.1467923,51.5882152],[-0.1468706,51.5880946],[-0.1469174,51.5879653],[-0.1469496,51.5873227],[-0.1469584,51.5871475],[-0.1469798,51.5869097],[-0.1470017,51.586813],[-0.1470302,51.5866058],[-0.1470455,51.586485]],[[-0.1470455,51.586485],[-0.1470769,51.5863264],[-0.1470868,51.5862764],[-0.1470903,51.5862351],[-0.1470926,51.5862135],[-0.1470943,51.5861744],[-0.1470978,51.5858717],[-0.147084,51.5856298],[-0.1470745,51.5854994],[-0.1470671,51.5853972],[-0.147038,51.5852941],[-0.1470002,51.5851531],[-0.1469788,51.5849488],[-0.1469836,51.5847413],[-0.1469955,51.584429],[-0.1469652,51.5842341],[-0.1469187,51.584117],[-0.1468739,51.5840042],[-0.1468267,51.5838891],[-0.1466926,51.5836159],[-0.1466598,51.5835489],[-0.146544,51.5832534],[-0.1463773,51.5828869],[-0.1463003,51.5826514],[-0.1462584,51.5824606],[-0.1462758,51.5823138],[-0.146425,51.5820163],[-0.1465083,51.5818503]],[[-0.1465083,51.5818503],[-0.1465688,51.5817303],[-0.1467394,51.5813915],[-0.1468225,51.5812201],[-0.1469231,51.5809967],[-0.146933,51.5809532],[-0.146941,51.5809154],[-0.1469453,51.580632],[-0.1469462,51.580589],[-0.1469459,51.5802492],[-0.1469492,51.580151],[-0.1470019,51.5799451],[-0.1470402,51.5798271],[-0.1471099,51.5796788],[-0.1471977,51.5795145],[-0.1473138,51.5792996],[-0.1474261,51.5789294],[-0.1474385,51.5788886],[-0.1474572,51.5787331]],[[-0.1474572,51.5787331],[-0.1474578,51.5786658],[-0.1474494,51.578591],[-0.1474356,51.578395],[-0.1473875,51.5782334],[-0.1473826,51.57822],[-0.1473488,51.5781215]],[[-0.1473488,51.5781215],[-0.1473316,51.5780626],[-0.1473146,51.5779627],[-0.1473085,51.5779156],[-0.1473031,51.5778824],[-0.1473011,51.5778662],[-0.1473317,51.5777334]],[[-0.09632023334322226,51.57046637898472],[-0.0963261,51.5705005],[-0.0962511,51.5705796],[-0.09623,51.5706017],[-0.0961974,51.5706305],[-0.0961552,51.5706601]],[[-0.0961552,51.5706601],[-0.09610435218482681,51.57069923943668]],[[-0.0856634356030325,51.5750401215827],[-0.0855526,51.5751487],[-0.0849524,51.5757367],[-0.0848599,51.5758332]],[[-0.0848599,51.5758332],[-0.0848052,51.5758852],[-0.0847799,51.5759093]],[[-0.0847799,51.5759093],[-0.0847558,51.5759327],[-0.0846272,51.5760578]],[[-0.0846272,51.5760578],[-0.0842444,51.5764259],[-0.0837817,51.5768842]],[[-0.0837817,51.5768842],[-0.0837077,51.5769565],[-0.0836739,51.5769884],[-0.0836442,51.5770185],[-0.0835654,51.5770948]],[[-0.0835654,51.5770948],[-0.0832934,51.5773491],[-0.082889,51.5777182]],[[-0.082889,51.5777182],[-0.0827815,51.5778163],[-0.0826904,51.5778907],[-0.0824731,51.5780889]],[[-0.0824731,51.5780889],[-0.0824307,51.5781273],[-0.0823992,51.578155],[-0.0822319,51.5783025]],[[-0.0822319,51.5783025],[-0.0815457,51.5788498],[-0.0813699,51.5789781],[-0.0810833,51.5791871]],[[-0.0810833,51.5791871],[-0.0809301,51.5792902],[-0.0808832,51.5793229],[-0.0808303,51.5793588],[-0.0807187,51.5794273]],[[-0.0807187,51.5794273],[-0.0805682,51.5795032],[-0.0805434,51.5795137],[-0.0805067,51.5795335],[-0.0804629,51.5795568]],[[-0.0804629,51.5795568],[-0.0802357,51.5796556],[-0.0799709,51.5797677]],[[-0.0799709,51.5797677],[-0.0798736,51.5798089],[-0.0783723,51.5804564]],[[-0.0783723,51.5804564],[-0.0782734,51.5805008],[-0.0781822,51.5805387],[-0.0781358,51.5805574],[-0.0780879,51.5805768],[-0.0780537,51.5805907],[-0.0779492,51.580634],[-0.07774,51.5807197],[-0.0774317,51.5808514]],[[-0.0774317,51.5808514],[-0.0771403,51.580976],[-0.0767978,51.5811246]],[[-0.0767978,51.5811246],[-0.0766139,51.5812044],[-0.0765523,51.5812311],[-0.0764545,51.5812728],[-0.0763549,51.5813145]],[[-0.0763549,51.5813145],[-0.0758288,51.5815349]],[[-0.0758288,51.5815349],[-0.075699,51.5815902]],[[-0.075699,51.5815902],[-0.0751134,51.5818305]],[[-0.0751134,51.5818305],[-0.0750575,51.5818537],[-0.074992,51.5818803],[-0.0749389,51.5819021],[-0.0749303,51.5819057],[-0.07418,51.58222],[-0.0737749,51.5823922]],[[-0.0737749,51.5823922],[-0.0733387,51.5825898]],[[-0.0733387,51.5825898],[-0.0731338,51.5826808],[-0.0728072,51.5828277]],[[-0.0728072,51.5828277],[-0.0726838,51.5828846],[-0.0726179,51.5829169],[-0.0725767,51.5829366],[-0.0725305,51.582961],[-0.0724664,51.5830042],[-0.0724082,51.5830479],[-0.0723589,51.5830969]],[[-0.0692151,51.5948264],[-0.0692533,51.5947279],[-0.069261,51.5947089],[-0.0693414,51.5945103],[-0.0694341,51.5942776],[-0.0694483,51.594242],[-0.0694622,51.5941918],[-0.0694896,51.5940978]],[[-0.0684682,51.596435],[-0.0685377,51.5962091],[-0.0686037,51.596061],[-0.0686932,51.5958699],[-0.0687932,51.5956627],[-0.0688934,51.5954891],[-0.0689623,51.5953573],[-0.068968,51.5953464],[-0.0690872,51.5951116],[-0.0691501,51.5949713],[-0.0691672,51.5949333],[-0.0692151,51.5948264]],[[-0.0683484,51.5967783],[-0.0684038,51.5966215],[-0.0684682,51.596435]],[[-0.0683162,51.5968693],[-0.0683484,51.5967783]],[[-0.0680189,51.5981297],[-0.0680233,51.5980428],[-0.068028,51.5979524],[-0.068042,51.5976785],[-0.0680831,51.5975042],[-0.0682022,51.5971804],[-0.0682742,51.5969722],[-0.0683162,51.5968693]],[[-0.0680208,51.5985799],[-0.0680201,51.5984644],[-0.0680189,51.5984349],[-0.068017,51.5983868],[-0.0680121,51.5982613],[-0.0680189,51.5981297]],[[-0.0680056,51.5989341],[-0.0680168,51.5988047],[-0.0680208,51.5987577],[-0.0680227,51.5987129],[-0.0680208,51.5985799]],[[-0.0678517,51.6006151],[-0.067914,51.5999596],[-0.0679765,51.5992721],[-0.0680056,51.5989341]],[[-0.0678227,51.6008788],[-0.0678373,51.6007694],[-0.0678384,51.600761],[-0.0678435,51.6007233],[-0.0678455,51.6006965],[-0.0678517,51.6006151]],[[-0.0678065,51.6010805],[-0.0678227,51.6008788]],[[-0.0677895,51.6020177],[-0.0677923,51.6016076],[-0.0677937,51.6014366],[-0.0678003,51.6012259],[-0.0678065,51.6010805]],[[-0.0677736,51.6023522],[-0.0677755,51.6022823],[-0.0677763,51.6022662],[-0.0677785,51.6022232],[-0.0677895,51.6020177]],[[-0.0677842,51.6025446],[-0.067781,51.6024898],[-0.0677736,51.6023522]],[[-0.068072,51.604693],[-0.067979,51.6041581],[-0.0679594,51.6039751],[-0.0679336,51.6037338],[-0.0679268,51.6036786],[-0.0679203,51.6036266],[-0.0679007,51.6034452],[-0.0678979,51.6034082],[-0.0678583,51.60322],[-0.0678525,51.6031869],[-0.0678102,51.6028005],[-0.0677867,51.6025885],[-0.0677842,51.6025446]],[[-0.0681485,51.6053511],[-0.0681366,51.6051415],[-0.068118,51.6049775],[-0.0681092,51.6048973],[-0.0681031,51.6048569],[-0.0680892,51.6047812],[-0.068072,51.604693]],[[-0.0681589,51.6054903],[-0.0681559,51.605442],[-0.0681504,51.605394],[-0.0681485,51.6053511]],[[-0.068169,51.6055684],[-0.0681616,51.6055326],[-0.0681589,51.6054903]],[[-0.0669954,51.6088417],[-0.0671887,51.6087023],[-0.0674006,51.6085746],[-0.0675291,51.6084851],[-0.067632,51.6083859],[-0.0676797,51.6083223],[-0.0676959,51.6083007],[-0.0677975,51.6081237],[-0.0678274,51.6080149],[-0.067843,51.6079768],[-0.0678598,51.6079355],[-0.0678898,51.6078598],[-0.0679132,51.6077895],[-0.0679277,51.6077369],[-0.0679464,51.6076509],[-0.0679591,51.607606],[-0.0679732,51.6075588],[-0.068064,51.6070572],[-0.0681141,51.606598],[-0.0681179,51.6064852],[-0.0681192,51.6064486],[-0.0681206,51.6064066],[-0.0681245,51.6062921]],[[-0.06695159219429213,51.6088885227329],[-0.0669954,51.6088417]],[[-0.1418023,51.5911013],[-0.1417321,51.5910551],[-0.1416497,51.5910277],[-0.1414636,51.5909702]],[[-0.1401781,51.5905313],[-0.1405001,51.5906517],[-0.1408346,51.5907723],[-0.1408745,51.5907872],[-0.1409432,51.5908114],[-0.1411773,51.5908951],[-0.1414636,51.5909702]],[[-0.1382213,51.5896913],[-0.1384539,51.5897958],[-0.1389822,51.5900332],[-0.1394299,51.5902399],[-0.1396855,51.5903458],[-0.1400761,51.5904944],[-0.1401287,51.5905146],[-0.1401781,51.5905313]],[[-0.1375803,51.5894259],[-0.1377598,51.5894997],[-0.1378237,51.5895257],[-0.1381221,51.5896524],[-0.1382213,51.5896913]],[[-0.1361403,51.5887714],[-0.1364735,51.5889545],[-0.1368047,51.5891169],[-0.1370927,51.5892398],[-0.1371866,51.5892757],[-0.1372512,51.5892993],[-0.1375803,51.5894259]],[[-0.13475,51.5879569],[-0.1348649,51.5880211],[-0.1348831,51.5880313],[-0.1352708,51.588259],[-0.1361403,51.5887714]],[[-0.13475,51.5879569],[-0.1344364,51.5878389]],[[-0.1344364,51.5878389],[-0.1342694,51.5877711]],[[-0.1342694,51.5877711],[-0.1340848,51.5876461],[-0.1340187,51.5875999],[-0.133969,51.5875647],[-0.1339274,51.5875339],[-0.1338992,51.5875114],[-0.1338825,51.5874977],[-0.133862,51.5874861]],[[-0.133862,51.5874861],[-0.1338635,51.5874441],[-0.1338587,51.5874103],[-0.1338511,51.5873606],[-0.133837,51.5873085]],[[-0.133837,51.5873085],[-0.1338318,51.5872683],[-0.1338436,51.5872193]],[[-0.1338436,51.5872193],[-0.1338269,51.5871591],[-0.1338053,51.5871027],[-0.1337545,51.5869499],[-0.1337169,51.5868277],[-0.1336694,51.5866778],[-0.1336179,51.5865622],[-0.1335453,51.5864605]],[[-0.1335453,51.5864605],[-0.1329349,51.5857721],[-0.1326574,51.5854465],[-0.1324595,51.5851997],[-0.1324234,51.5851547],[-0.1323952,51.5851219],[-0.1323756,51.5850973],[-0.1323565,51.5850816],[-0.1322504,51.5850049],[-0.1320436,51.5848955],[-0.131675,51.5847207]],[[-0.131675,51.5847207],[-0.1313999,51.5845898],[-0.1311548,51.5844732],[-0.1311323,51.5844615],[-0.1310195,51.5844029],[-0.1309749,51.5843777],[-0.1309438,51.5843601],[-0.1307323,51.5842406]],[[-0.1307323,51.5842406],[-0.1304372,51.5840737],[-0.1301131,51.5838905],[-0.1300713,51.5838668],[-0.1300143,51.5838346],[-0.1299145,51.5837806],[-0.1298752,51.5837605],[-0.1296775,51.5836547],[-0.1295569,51.583594],[-0.1291858,51.5834202],[-0.1289103,51.5832866],[-0.1287012,51.5831795],[-0.1282106,51.5828924],[-0.1280514,51.5827984],[-0.1278286,51.5826458],[-0.1278107,51.5826335],[-0.127535,51.5824395]],[[-0.127535,51.5824395],[-0.1275012,51.5824132],[-0.1274589,51.5823838],[-0.1272666,51.5822445],[-0.1271681,51.5821743],[-0.1269653,51.5820234]],[[-0.1269653,51.5820234],[-0.1265727,51.5817421],[-0.1265203,51.5817076]],[[-0.1265203,51.5817076],[-0.1264574,51.5816659],[-0.1264291,51.5816475],[-0.1262403,51.5815341],[-0.1257038,51.5812199],[-0.125581,51.5811488],[-0.1250642,51.5808588],[-0.1244585,51.5806082],[-0.1241853,51.5804903],[-0.1241333,51.5804663],[-0.1240456,51.5803935]],[[-0.1240456,51.5803935],[-0.1239719,51.5801884],[-0.1239054,51.5800034]],[[-0.1239054,51.5800034],[-0.123808,51.579858],[-0.1237494,51.5797387],[-0.1237027,51.5796473]],[[-0.1237027,51.5796473],[-0.1236768,51.5795386]],[[-0.1238876,51.5785649],[-0.1238687,51.578456],[-0.1238426,51.5783786],[-0.123819,51.5783418],[-0.1237692,51.5782499],[-0.1236886,51.57809]],[[-0.1236886,51.57809],[-0.1235467,51.5778649],[-0.1234183,51.5776518]],[[-0.1234183,51.5776518],[-0.1232607,51.5774012],[-0.1230162,51.5770002],[-0.1228077,51.5767401]],[[-0.1228077,51.5767401],[-0.1227232,51.5766368],[-0.1226897,51.5765951],[-0.1225427,51.5763611],[-0.1224024,51.5761233],[-0.1222741,51.5759021]],[[-0.1222741,51.5759021],[-0.1222214,51.5758134],[-0.12218,51.5757458],[-0.1218743,51.5751988]],[[-0.1218743,51.5751988],[-0.12179035645161272,51.57506089274193]],[[-0.1071794,51.5662294],[-0.10718787854180979,51.56622476352313]],[[-0.1109996,51.5989039],[-0.1112532,51.5990411],[-0.1113159,51.5990622],[-0.1113638,51.5991084]],[[-0.1113638,51.5991084],[-0.111373,51.5991118],[-0.1114886,51.5991541],[-0.1118265,51.5992743],[-0.1120603,51.5993526],[-0.1122595,51.5994245],[-0.1123743,51.5994631],[-0.1128368,51.5996214],[-0.1129582,51.5996631],[-0.1132065,51.5997481],[-0.113286,51.5997753],[-0.1134457,51.5998299],[-0.1135108,51.5998523],[-0.1141236,51.6000622],[-0.1148737,51.6003098]],[[-0.1148737,51.6003098],[-0.1151967,51.6004164],[-0.1154022,51.6004875]],[[-0.1154022,51.6004875],[-0.1154274,51.6004879],[-0.1154829,51.6004888],[-0.1155075,51.6004904],[-0.1155391,51.6005011],[-0.1156138,51.600526]],[[-0.1156138,51.600526],[-0.1156649,51.600543]],[[-0.1156649,51.600543],[-0.1157804,51.6005825],[-0.1158651,51.6006118]],[[-0.1158651,51.6006118],[-0.115912,51.6006291],[-0.1159898,51.6006556]],[[-0.1159898,51.6006556],[-0.1163708,51.6007859],[-0.1166024,51.6008633],[-0.1168178,51.6009364]],[[-0.1168178,51.6009364],[-0.117034,51.6010024],[-0.1170698,51.6010154]],[[-0.1170698,51.6010154],[-0.1173209,51.6011073]],[[-0.1173209,51.6011073],[-0.1174964,51.6011746],[-0.1180999,51.6014053]],[[-0.1180999,51.6014053],[-0.1184401,51.6015456],[-0.1188006,51.6017018],[-0.1191631,51.601866]],[[-0.1191631,51.601866],[-0.1195835,51.6020651],[-0.1200197,51.6022719],[-0.1202744,51.602412],[-0.1203302,51.6024458],[-0.1204421,51.6025273],[-0.1205218,51.6025999],[-0.1206061,51.6026938],[-0.1207405,51.6028619],[-0.1207659,51.6028937],[-0.1210711,51.6034176],[-0.1210924,51.6034546],[-0.1211666,51.6035821],[-0.121208,51.6036512],[-0.1213881,51.6039508],[-0.1216063,51.6043139],[-0.121717,51.6045189],[-0.1219287,51.6048567]],[[-0.1219287,51.6048567],[-0.1219439,51.6048786],[-0.1219599,51.6049068]],[[-0.1219599,51.6049068],[-0.1220106,51.6049927],[-0.1220046,51.6050561]],[[-0.1220046,51.6050561],[-0.1220332,51.6051012]],[[-0.1220332,51.6051012],[-0.1220955,51.6051984]],[[-0.1220955,51.6051984],[-0.1221701,51.6053011],[-0.1222024,51.6053457]],[[-0.1222024,51.6053457],[-0.1222317,51.6053827],[-0.1222949,51.6054544],[-0.1223816,51.6055504]],[[-0.1223816,51.6055504],[-0.122437,51.6056079],[-0.1225062,51.6056747]],[[-0.1225062,51.6056747],[-0.1225876,51.605754]],[[-0.1225876,51.605754],[-0.1226429,51.6058009],[-0.1227372,51.6058772]],[[-0.1227372,51.6058772],[-0.1229373,51.6060219],[-0.1230455,51.6061012]],[[-0.1230455,51.6061012],[-0.1231455,51.6061746],[-0.1233294,51.606296]],[[-0.1233294,51.606296],[-0.1233844,51.6063323]],[[-0.1233844,51.6063323],[-0.1234519,51.6063778]],[[-0.1234519,51.6063778],[-0.1237001,51.6065274]],[[-0.1237001,51.6065274],[-0.1237852,51.6065799],[-0.123951,51.6066726],[-0.1239852,51.6066894],[-0.1239967,51.606695],[-0.1241986,51.6067955]],[[-0.1243189,51.6068609],[-0.12434,51.606871],[-0.1244831,51.6069398],[-0.1245185,51.6069568],[-0.1245656,51.6069805],[-0.1250134,51.6072099]],[[-0.1250134,51.6072099],[-0.1254293,51.6074534]],[[-0.1254293,51.6074534],[-0.1257484,51.6076505]],[[-0.1257484,51.6076505],[-0.125879,51.6077314],[-0.1260149,51.6078157],[-0.1261165,51.6078774],[-0.1264659,51.6080896],[-0.1269436,51.6083798],[-0.1275503,51.6087543],[-0.1275948,51.6087772],[-0.1277811,51.6088732],[-0.1279883,51.6089666],[-0.1282682,51.6090628],[-0.1284991,51.6091324],[-0.1289591,51.6092493],[-0.1293395,51.6093496],[-0.1296833,51.6094692],[-0.1303376,51.6097395],[-0.1309131,51.6099368],[-0.1311898,51.6100284],[-0.1315295,51.6101135],[-0.1319261,51.6102039],[-0.1322139,51.610251],[-0.1323289,51.6102684],[-0.1323587,51.6102729]],[[-0.1323587,51.6102729],[-0.1323805,51.6102604],[-0.1324274,51.6102519],[-0.1324806,51.6102552],[-0.1327704,51.6102992],[-0.1328731,51.610317],[-0.1330723,51.6103579],[-0.1332465,51.6104013],[-0.13336,51.6104471],[-0.133446,51.6105001]],[[-0.1346719,51.6108982],[-0.1340105,51.6106653],[-0.133446,51.6105001]],[[-0.1346719,51.6108982],[-0.1349252,51.6109734]],[[-0.1349252,51.6109734],[-0.1349774,51.610989]],[[-0.1349774,51.610989],[-0.1353067,51.6110025],[-0.1353669,51.6110204],[-0.13550405769162174,51.611076082310646]],[[-0.1099189,51.5971618],[-0.1099956,51.5971639],[-0.1101305,51.597149],[-0.1101936,51.5971417],[-0.1103113,51.5971615]],[[-0.1219043,51.5987318],[-0.1222466,51.5987423],[-0.1225509,51.5987678],[-0.1228954,51.5988004],[-0.123044,51.5988022],[-0.1232336,51.5987914],[-0.1235277,51.5987677],[-0.1240401,51.5987264],[-0.1243088,51.5987055],[-0.1247731,51.598649],[-0.1269016,51.5982945]],[[-0.1279506,51.5982495],[-0.1278646,51.5982413],[-0.127533,51.5982179],[-0.127316,51.5982353],[-0.1272087,51.5982506],[-0.1269016,51.5982945]],[[-0.1295965,51.5984798],[-0.1293695,51.5984466],[-0.1291657,51.5984168],[-0.1289451,51.5983846],[-0.1287356,51.598354],[-0.1281566,51.5982691],[-0.1279506,51.5982495]],[[-0.1304985,51.5986331],[-0.1300686,51.5985487],[-0.1299344,51.5985291],[-0.1297616,51.5985039],[-0.1295965,51.5984798]],[[-0.1359661,51.5991506],[-0.1357391,51.5991248],[-0.1349976,51.5990406],[-0.1346133,51.5990194],[-0.1336943,51.5990498],[-0.1329556,51.5990743],[-0.1325577,51.5990354],[-0.1322569,51.5989779],[-0.1316528,51.5988594],[-0.1306833,51.5986693],[-0.1304985,51.5986331]],[[-0.1363287,51.5991917],[-0.1359661,51.5991506]],[[-0.1528753,51.5717837],[-0.1523763,51.5717514],[-0.1514585,51.5716795],[-0.1513835,51.5716753],[-0.1512961,51.5716704],[-0.1509795,51.57166],[-0.1501488,51.571637],[-0.149999,51.5716388]],[[-0.1547455,51.5719331],[-0.1544451,51.5719084],[-0.1541885,51.5718873],[-0.1536292,51.5718412],[-0.153454,51.5718267],[-0.1532028,51.571806],[-0.1528753,51.5717837]],[[-0.1650227,51.5726796],[-0.1647558,51.5726237],[-0.164617,51.5725946],[-0.1640862,51.5725486],[-0.1629894,51.5726255],[-0.1626202,51.5726579],[-0.1624815,51.5726716],[-0.1616069,51.5727577],[-0.1614222,51.5727753],[-0.1611961,51.5727985],[-0.1610281,51.5728133],[-0.160993,51.5728161],[-0.160534,51.5728615],[-0.160312,51.5728384],[-0.160066,51.5727859],[-0.1598318,51.5727006],[-0.159592,51.5725946],[-0.1588837,51.5723414],[-0.1587156,51.5722895],[-0.1586095,51.5722568],[-0.1584439,51.5722347],[-0.1580538,51.5721959],[-0.1576782,51.5721627],[-0.1574532,51.5721414],[-0.1571236,51.5721103],[-0.1566539,51.5720865],[-0.1557033,51.5720064],[-0.1549896,51.5719462],[-0.1548529,51.5719407],[-0.1547455,51.5719331]],[[-0.1653097,51.5727397],[-0.1652471,51.5727261],[-0.1650227,51.5726796]],[[-0.17125519989246762,51.57252410582825],[-0.1705935,51.5726924],[-0.1700764,51.5727881],[-0.1692691,51.5729059],[-0.1680204,51.5730054],[-0.1674481,51.5730432],[-0.1670703,51.5730483],[-0.1666239,51.5730143],[-0.1662381,51.5729431],[-0.1659894,51.5728952],[-0.1658532,51.572868],[-0.1655559,51.5728085],[-0.1653097,51.5727397]],[[-0.1295514,51.6035076],[-0.1295661,51.6034758],[-0.1295902,51.6034567],[-0.1296338,51.6034267],[-0.1297138,51.6033727],[-0.1298303,51.6032939]],[[-0.1298303,51.6032939],[-0.1298963,51.6032512]],[[-0.1298963,51.6032512],[-0.1299305,51.6032269],[-0.1299887,51.60318]],[[-0.1299887,51.60318],[-0.1300318,51.6031469],[-0.130089,51.6031394]],[[-0.1098581,51.597221],[-0.1097859,51.5971598]],[[-0.1097859,51.5971598],[-0.1096647,51.5970556],[-0.1096102,51.5969989],[-0.1094991,51.5968781],[-0.1093763,51.5967332]],[[-0.1093763,51.5967332],[-0.1092288,51.5965455],[-0.1092139,51.5965266],[-0.1091969,51.5965041],[-0.1091381,51.5964136],[-0.1090809,51.5962736],[-0.1090736,51.5962492]],[[-0.1090736,51.5962492],[-0.1090516,51.5961564],[-0.10904,51.5961166],[-0.1090172,51.5960479],[-0.1089967,51.5959726],[-0.1089832,51.5959162],[-0.1089847,51.5958377],[-0.1090001,51.5958012]],[[-0.1043289,51.591329],[-0.1042458,51.5912809],[-0.1042032,51.5912528],[-0.1040723,51.5911345],[-0.1040362,51.5911026],[-0.1040214,51.5910476]],[[-0.1036271,51.5907043],[-0.1035373,51.5906818],[-0.1035066,51.5906637],[-0.103491,51.5906505],[-0.103428,51.5905924],[-0.1033891,51.5905599],[-0.1033725,51.5905271],[-0.1033781,51.5904746]],[[-0.09764082241481183,51.57364724134674],[-0.097672,51.5737006]],[[-0.097672,51.5737006],[-0.0977083,51.5737641]],[[-0.0977083,51.5737641],[-0.0977448,51.5738226]],[[-0.0977448,51.5738226],[-0.09804,51.5743303]],[[-0.09804,51.5743303],[-0.0980894,51.5744162]],[[-0.0980894,51.5744162],[-0.0981027,51.5744424],[-0.0981246,51.5744828]],[[-0.0981246,51.5744828],[-0.0981837,51.5745915]],[[-0.0981837,51.5745915],[-0.0982075,51.5746388],[-0.0982385,51.5747005]],[[-0.0982385,51.5747005],[-0.0982785,51.5747938],[-0.0982976,51.5748387],[-0.098311,51.57487],[-0.0983193,51.5748962],[-0.0983202,51.5749078],[-0.0983326,51.5749578],[-0.0983637,51.575084]],[[-0.0983637,51.575084],[-0.0984207,51.5753145],[-0.0984267,51.5753502],[-0.0984335,51.5753901]],[[-0.0984335,51.5753901],[-0.0984542,51.5755113]],[[-0.0984542,51.5755113],[-0.0984765,51.5756439],[-0.0984835,51.5756849],[-0.0984898,51.5757218],[-0.0985157,51.5759049],[-0.0985571,51.5763201]],[[-0.0985571,51.5763201],[-0.0986186,51.5763437],[-0.09862,51.5763597],[-0.0986243,51.5764058],[-0.0986331,51.5764553],[-0.0986401,51.5765316],[-0.0986422,51.576552],[-0.0986478,51.5765834]],[[-0.0986478,51.5765834],[-0.0986607,51.5766615]],[[-0.0986607,51.5766615],[-0.098689,51.5767827]],[[-0.098689,51.5767827],[-0.0986943,51.5768069],[-0.0986496,51.5768474]],[[-0.0986496,51.5768474],[-0.0986869,51.5769795]],[[-0.0986869,51.5769795],[-0.0987279,51.577155],[-0.0987351,51.5771804],[-0.0987481,51.5772286],[-0.0987606,51.5772922],[-0.098794,51.5774707],[-0.0988177,51.5776207],[-0.0988564,51.5778117],[-0.0988989,51.5780882]],[[-0.0988989,51.5780882],[-0.0989051,51.5781366],[-0.0989112,51.5781665]],[[-0.0989112,51.5781665],[-0.0989625,51.578474]],[[-0.0989625,51.578474],[-0.0989685,51.5785176],[-0.0989757,51.5785619]],[[-0.0989757,51.5785619],[-0.0990027,51.5787188]],[[-0.0990027,51.5787188],[-0.0990153,51.578804],[-0.0990206,51.578849]],[[-0.0990206,51.578849],[-0.0991312,51.5794049]],[[-0.0991312,51.5794049],[-0.099143,51.5794643],[-0.0991471,51.5794839]],[[-0.0991471,51.5794839],[-0.0991682,51.579604]],[[-0.0991682,51.579604],[-0.0991939,51.5797503],[-0.0992026,51.5797996],[-0.0992092,51.5798381],[-0.0992392,51.5799861]],[[-0.0992392,51.5799861],[-0.0992437,51.580008],[-0.0992569,51.5800706]],[[-0.0992569,51.5800706],[-0.0992624,51.5801018],[-0.0992805,51.5801917]],[[-0.0992805,51.5801917],[-0.0993882,51.5807752]],[[-0.0993882,51.5807752],[-0.0993953,51.5808076],[-0.0994043,51.5808508]],[[-0.0994043,51.5808508],[-0.0994298,51.5809802],[-0.0994836,51.581256]],[[-0.0994836,51.581256],[-0.0994918,51.581311],[-0.0995152,51.5814309]],[[-0.0995152,51.5814309],[-0.0995315,51.5815096]],[[-0.0995315,51.5815096],[-0.0995417,51.5815613],[-0.0995895,51.581789],[-0.099644,51.5820776],[-0.0996605,51.5821769]],[[-0.0996605,51.5821769],[-0.0996754,51.5822559],[-0.0996836,51.5822937],[-0.0997117,51.5824236]],[[-0.0997117,51.5824236],[-0.0997305,51.5824998],[-0.0997377,51.5825446],[-0.0997792,51.582738]],[[-0.0997792,51.582738],[-0.0998185,51.5829541],[-0.0999075,51.5833989],[-0.0999243,51.5834788],[-0.0999796,51.5837426],[-0.0999993,51.5838363],[-0.1000184,51.583944],[-0.100045,51.5840944],[-0.100082,51.5843111],[-0.1000893,51.5843553],[-0.1002013,51.5848928],[-0.1002116,51.5849412]],[[-0.1002116,51.5849412],[-0.1002196,51.5849771],[-0.1002391,51.5850639]],[[-0.1002391,51.5850639],[-0.1002655,51.5851796]],[[-0.1002655,51.5851796],[-0.1004021,51.5855847],[-0.1004969,51.5858403],[-0.1006516,51.5862124],[-0.1006741,51.5862623],[-0.1006797,51.586275]],[[-0.1006797,51.586275],[-0.1007592,51.5864496],[-0.1007711,51.58647],[-0.1007894,51.5865063],[-0.1008019,51.5865297],[-0.1008283,51.5865838],[-0.1008802,51.5866878],[-0.100912,51.5867531],[-0.1010661,51.5870403],[-0.1011028,51.587106]],[[-0.1011028,51.587106],[-0.1011858,51.5872342]],[[-0.1011858,51.5872342],[-0.1012473,51.5873558]],[[-0.1012473,51.5873558],[-0.101379,51.5876063],[-0.1013857,51.5876211],[-0.1016064,51.5880106],[-0.101634,51.5880631],[-0.1017642,51.5883],[-0.1018014,51.5883652],[-0.1019876,51.5886855]],[[-0.1019876,51.5886855],[-0.1020143,51.5887285],[-0.1022222,51.5890636]],[[-0.0902559,51.5839752],[-0.0901873,51.5840399],[-0.0901387,51.5841009],[-0.0900193,51.5842529],[-0.08963,51.5848157],[-0.0895846,51.5848847],[-0.0895233,51.5849762],[-0.0894953,51.5850295],[-0.0894745,51.5850807],[-0.0894209,51.5852902],[-0.089274,51.5859069],[-0.0892631,51.5859966],[-0.0892636,51.5860691],[-0.0893039,51.5862338],[-0.0893308,51.5863319]],[[-0.0904151,51.5838652],[-0.0903314,51.5839212],[-0.0902559,51.5839752]],[[-0.0908208,51.5836608],[-0.0906381,51.5837449],[-0.090562,51.5837809],[-0.0904654,51.5838363],[-0.0904151,51.5838652]],[[-0.090902,51.5836262],[-0.0908208,51.5836608]],[[-0.0910466,51.5835528],[-0.090902,51.5836262]],[[-0.0916823,51.5815754],[-0.0916775,51.5816519],[-0.0916748,51.5816916],[-0.0916682,51.5817987],[-0.0916011,51.5820559],[-0.0915324,51.5822766],[-0.0915258,51.582298],[-0.0915194,51.5823186],[-0.0913953,51.5827135],[-0.0912125,51.583327],[-0.0911322,51.5834712],[-0.0910924,51.583514],[-0.0910466,51.5835528]],[[-0.087968,51.5813332],[-0.0884055,51.5813898],[-0.0887332,51.5814305],[-0.088853,51.5814451],[-0.0895046,51.5815245],[-0.0901096,51.5816031],[-0.0902658,51.5816156],[-0.0903503,51.5816166],[-0.0904156,51.581617],[-0.0904716,51.5816167],[-0.0906095,51.5816194],[-0.0909487,51.5816106],[-0.0915074,51.5815829],[-0.0916823,51.5815754]],[[-0.086184,51.5811099],[-0.0864551,51.5811482],[-0.0868153,51.581194],[-0.087166,51.5812273],[-0.0879091,51.5813246],[-0.087968,51.5813332]],[[-0.0809305,51.579556],[-0.0811627,51.5797074],[-0.0814047,51.579875],[-0.0814759,51.5799175],[-0.0816726,51.5800038],[-0.0817632,51.5800342],[-0.082007,51.5801159],[-0.0823166,51.5802001],[-0.0825156,51.5802582],[-0.0826572,51.5802992],[-0.0833806,51.5805446],[-0.0837368,51.5806738],[-0.0839212,51.5807347],[-0.0842089,51.580829],[-0.0843385,51.58087],[-0.0845512,51.5809385],[-0.0848396,51.5810138],[-0.0850187,51.5810367],[-0.0855631,51.5810666],[-0.086028,51.5810944],[-0.086184,51.5811099]],[[-0.0807187,51.5794273],[-0.0808032,51.5794712],[-0.0808689,51.5795036],[-0.0809038,51.5795285],[-0.0809305,51.579556]],[[-0.0804778,51.5793473],[-0.0805207,51.5793594],[-0.0805773,51.5793758],[-0.0807187,51.5794273]],[[-0.0758359,51.5776321],[-0.0764863,51.5777726],[-0.0765456,51.5777864],[-0.0769731,51.5779008],[-0.0772419,51.5779725],[-0.0774123,51.5780193],[-0.0778233,51.5781322],[-0.0779568,51.5781862],[-0.0780135,51.5782099],[-0.0781613,51.5782716],[-0.0784298,51.5783982],[-0.0784567,51.5784109],[-0.0793518,51.5788715],[-0.0793824,51.5788967],[-0.0800057,51.5791911],[-0.0800452,51.5792095],[-0.0802326,51.5792789],[-0.080347,51.5793122],[-0.0804778,51.5793473]],[[-0.0756651,51.5775926],[-0.0757272,51.5776075],[-0.0757983,51.5776236],[-0.0758359,51.5776321]],[[-0.0756175,51.5775812],[-0.0756651,51.5775926]],[[-0.0753257,51.5775132],[-0.0754657,51.5775464],[-0.0755637,51.5775684],[-0.0756175,51.5775812]],[[-0.075258,51.5774976],[-0.0753257,51.5775132]],[[-0.075006,51.5774383],[-0.075258,51.5774976]],[[-0.0748789,51.5774107],[-0.075006,51.5774383]],[[-0.0744229,51.5773106],[-0.0745197,51.5773313],[-0.0746619,51.5773617],[-0.0748789,51.5774107]],[[-0.0743128,51.5772862],[-0.0744229,51.5773106]],[[-0.0742567,51.5772737],[-0.0742773,51.5772787],[-0.0743128,51.5772862]],[[-0.0734355,51.5771669],[-0.0735409,51.5771645],[-0.073571,51.5771663],[-0.0736526,51.5771712],[-0.0739007,51.5772049],[-0.0741361,51.5772479],[-0.0742567,51.5772737]],[[-0.072972,51.5772222],[-0.0731196,51.5772011],[-0.0731854,51.5771929],[-0.0732645,51.5771836],[-0.0734355,51.5771669]],[[-0.069796,51.5924921],[-0.0697369,51.5924465],[-0.0697382,51.5924181],[-0.069745,51.5923584]],[[-0.069745,51.5923584],[-0.0697538,51.5922748]],[[-0.0697538,51.5922748],[-0.0697629,51.5921828]],[[-0.0697629,51.5921828],[-0.0697691,51.5921277]],[[-0.0697691,51.5921277],[-0.0697862,51.5920178],[-0.0698106,51.59188],[-0.0698253,51.5917978],[-0.0698451,51.5916764]],[[-0.0698451,51.5916764],[-0.0698694,51.5914784],[-0.0699149,51.5911361]],[[-0.0699149,51.5911361],[-0.069932,51.5910218]],[[-0.069932,51.5910218],[-0.0699462,51.5909563],[-0.0699538,51.5909097],[-0.0699962,51.590623]],[[-0.0699962,51.590623],[-0.0700131,51.5905026],[-0.0700418,51.5903776]],[[-0.0700418,51.5903776],[-0.0701129,51.5900004],[-0.0701795,51.5897012],[-0.0702839,51.589333]],[[-0.0702839,51.589333],[-0.07034,51.5890769],[-0.0703592,51.5889687],[-0.0703502,51.5889029]],[[-0.0703502,51.5889029],[-0.0703588,51.5888549],[-0.070376,51.5887795]],[[-0.072168,51.5833025],[-0.0722386,51.5832144],[-0.0722592,51.5831871],[-0.0722858,51.5831601],[-0.0723589,51.5830969]],[[-0.1112102,51.5996336],[-0.1111345,51.5995846],[-0.1110431,51.5993283],[-0.1110304,51.5992977],[-0.1110207,51.5992695],[-0.1109468,51.5990712]],[[-0.1109468,51.5990712],[-0.1108927,51.5989197],[-0.1108819,51.5988843],[-0.1109126,51.5988091]],[[-0.110135,51.5974506],[-0.1100934,51.5974259]],[[-0.1100934,51.5974259],[-0.1100402,51.5973943],[-0.110003,51.5973494],[-0.1099868,51.5973299],[-0.1098581,51.597221]],[[-0.0706145,51.5885097],[-0.0704771,51.5885088]],[[-0.0710235,51.5885186],[-0.0709361,51.588516],[-0.0707847,51.5885112],[-0.0706145,51.5885097]],[[-0.0714722,51.5885296],[-0.0712275,51.5885236],[-0.0710235,51.5885186]],[[-0.0717907,51.588531],[-0.0717264,51.5885307],[-0.0714722,51.5885296]],[[-0.0722844,51.5885407],[-0.0721686,51.5885379],[-0.0717907,51.588531]],[[-0.0724791,51.5885485],[-0.0723648,51.5885427],[-0.0722844,51.5885407]],[[-0.0725432,51.5885535],[-0.0724791,51.5885485]],[[-0.0726527,51.5885656],[-0.0725432,51.5885535]],[[-0.0727609,51.5885837],[-0.0727217,51.5885763],[-0.0726803,51.5885704],[-0.0726527,51.5885656]],[[-0.0727804,51.5885885],[-0.0727609,51.5885837]],[[-0.0728159,51.5885973],[-0.0727804,51.5885885]],[[-0.0730436,51.5886696],[-0.0728594,51.588608],[-0.0728159,51.5885973]],[[-0.073087,51.5886902],[-0.0730436,51.5886696]],[[-0.0736427,51.5889382],[-0.073481,51.5888729],[-0.0732872,51.5887856],[-0.073087,51.5886902]],[[-0.0738758,51.5890012],[-0.07374,51.5889686],[-0.0736427,51.5889382]],[[-0.0739209,51.5890125],[-0.0738758,51.5890012]],[[-0.0740141,51.5890279],[-0.0739209,51.5890125]],[[-0.0740945,51.5890417],[-0.0740141,51.5890279]],[[-0.0742349,51.5890628],[-0.0741451,51.5890511],[-0.0740945,51.5890417]],[[-0.0744308,51.5890886],[-0.0742349,51.5890628]],[[-0.0746524,51.5891217],[-0.0745048,51.5890996],[-0.0744308,51.5890886]],[[-0.0747328,51.5891345],[-0.0746524,51.5891217]],[[-0.074853,51.5891537],[-0.0747328,51.5891345]],[[-0.0749265,51.5891655],[-0.074853,51.5891537]],[[-0.0752458,51.5892165],[-0.0749265,51.5891655]],[[-0.0752961,51.5892246],[-0.0752458,51.5892165]],[[-0.0754284,51.5892457],[-0.0753631,51.5892353],[-0.0752961,51.5892246]],[[-0.0756493,51.5892812],[-0.0755396,51.5892632],[-0.0754284,51.5892457]],[[-0.0757332,51.5892953],[-0.0756493,51.5892812]],[[-0.0760985,51.5893565],[-0.0757332,51.5892953]],[[-0.0762793,51.5893866],[-0.0761438,51.5893642],[-0.0760985,51.5893565]],[[-0.0764933,51.5894177],[-0.0762793,51.5893866]],[[-0.0767683,51.5894679],[-0.0765759,51.5894342],[-0.0764933,51.5894177]],[[-0.0768507,51.5894811],[-0.0767683,51.5894679]],[[-0.0769856,51.5894936],[-0.0768929,51.5894859],[-0.0768507,51.5894811]],[[-0.0771306,51.5895102],[-0.0769856,51.5894936]],[[-0.0771906,51.5895146],[-0.0771306,51.5895102]],[[-0.0862732,51.5871676],[-0.0860472,51.5872769],[-0.0860095,51.5872951],[-0.0859673,51.5873138],[-0.0857723,51.5874002],[-0.0855089,51.5875251],[-0.0852177,51.5876712],[-0.084803,51.5878889],[-0.0844828,51.5880679],[-0.0843255,51.5881878],[-0.084194,51.5882528],[-0.0838961,51.5883538],[-0.0837084,51.5883967],[-0.0835016,51.5884292],[-0.0833834,51.5884472],[-0.0832402,51.5884669],[-0.0828479,51.5885279],[-0.0824404,51.5885903],[-0.0817903,51.5886645],[-0.0814963,51.5886898],[-0.0811615,51.5887291],[-0.0808033,51.5887978],[-0.0805673,51.5888556],[-0.08048,51.5888876],[-0.080122,51.589013],[-0.0799685,51.5890639],[-0.0796826,51.5891279],[-0.0788121,51.5892332],[-0.0786471,51.5892623],[-0.078155,51.5893701],[-0.0775257,51.589503],[-0.0773878,51.589521],[-0.0772917,51.5895219],[-0.0771906,51.5895146]],[[-0.0869692,51.5868435],[-0.0869477,51.5868742],[-0.0868734,51.5869175],[-0.0868574,51.5869238],[-0.0867044,51.5869839],[-0.0862732,51.5871676]],[[-0.0869692,51.5868435],[-0.08698,51.5868027],[-0.086963,51.5867463],[-0.0869298,51.5866798],[-0.0867869,51.5864806],[-0.0867496,51.5864049],[-0.0867523,51.5863485],[-0.0867724,51.5862546]],[[-0.098663,51.587455],[-0.0992078,51.5875404]],[[-0.0992078,51.5875404],[-0.0995631,51.587582]],[[-0.0995631,51.587582],[-0.0999604,51.5876286],[-0.1009349,51.5877394],[-0.1010136,51.5877308],[-0.1010765,51.5877056]],[[-0.1010765,51.5877056],[-0.1011187,51.5876767],[-0.1011366,51.5876309],[-0.1011298,51.5875942],[-0.1011023,51.5875509],[-0.1009392,51.5873536]],[[-0.1009392,51.5873536],[-0.1008532,51.5872616],[-0.1008498,51.5871929]],[[-0.1008498,51.5871929],[-0.1008862,51.5871547],[-0.1009158,51.5871365],[-0.1009688,51.5871254]],[[-0.1009688,51.5871254],[-0.1011028,51.587106]],[[-0.0611445,51.5889955],[-0.0610352,51.5890202],[-0.0609368,51.5890466],[-0.0608206,51.5890882],[-0.0607194,51.589131],[-0.0606638,51.5891561],[-0.0606135,51.5891806],[-0.0605744,51.5892053],[-0.0605201,51.5892405]],[[-0.0605201,51.5892405],[-0.060471,51.5892727],[-0.0604036,51.5893227],[-0.0603527,51.589369],[-0.0602999,51.5894223],[-0.0602531,51.5894796],[-0.060197,51.5895563],[-0.060157,51.5896342],[-0.0601202,51.5897376],[-0.0600766,51.5898533],[-0.0600059,51.5900895],[-0.0598957,51.5903454],[-0.0598817,51.5903781],[-0.0597866,51.590599]],[[-0.0597866,51.590599],[-0.0598145,51.5906722],[-0.0597858,51.590743],[-0.0597794,51.5907723],[-0.0597687,51.5908002],[-0.0596737,51.5908547]],[[-0.0596737,51.5908547],[-0.0596326,51.5909411],[-0.0596234,51.5909607]],[[-0.0596234,51.5909607],[-0.0595069,51.5911971]],[[-0.0595069,51.5911971],[-0.0594727,51.5912717],[-0.05932,51.5916014]],[[-0.05932,51.5916014],[-0.0592046,51.5918492],[-0.0589001,51.5925282]],[[-0.0589001,51.5925282],[-0.0587838,51.592791],[-0.0586861,51.5929914],[-0.0586151,51.5931153],[-0.0585373,51.5932307]],[[-0.0585373,51.5932307],[-0.0584587,51.59332],[-0.0583522,51.5934149],[-0.0582326,51.593497],[-0.0580818,51.5935872],[-0.0578935,51.59368],[-0.0576006,51.5938019],[-0.0571259,51.5939868],[-0.0569678,51.594054],[-0.0568157,51.5941254],[-0.056621,51.5942381],[-0.0565257,51.594312],[-0.0564191,51.5943996]],[[-0.0564191,51.5943996],[-0.0563301,51.5944897],[-0.0562787,51.5945502],[-0.056222,51.5946295],[-0.0561532,51.5947507],[-0.0560852,51.5948942],[-0.0559503,51.5951891]],[[-0.0559503,51.5951891],[-0.0556614,51.5958211],[-0.0555804,51.5959888],[-0.0555133,51.5961125],[-0.0554495,51.5962145],[-0.0553127,51.5964096],[-0.0551761,51.5965704]],[[-0.0551761,51.5965704],[-0.0550727,51.5966797],[-0.0549106,51.5968299],[-0.0547612,51.5969512]],[[-0.0547612,51.5969512],[-0.0545595,51.5970887],[-0.0543477,51.5972131],[-0.0541218,51.5973286],[-0.0538697,51.5974519],[-0.05314,51.5978085]],[[-0.05314,51.5978085],[-0.0516484,51.598504],[-0.0513095,51.5986714],[-0.0510005,51.5988465],[-0.0508446,51.5989407],[-0.0506831,51.599055],[-0.0506218,51.5990992]],[[-0.0506218,51.5990992],[-0.0505357,51.5991657],[-0.0504709,51.5992227],[-0.0503634,51.5993146],[-0.0501629,51.5995101]],[[-0.0501629,51.5995101],[-0.0499912,51.5997186],[-0.0498598,51.5999152],[-0.0497511,51.6001059],[-0.0496708,51.6002991],[-0.0496105,51.6004826],[-0.0495704,51.6006368],[-0.0495409,51.6008301],[-0.0495301,51.6010315],[-0.0495489,51.6013614]],[[-0.0495489,51.6013614],[-0.0496395,51.6014294],[-0.0496457,51.6014562],[-0.0496628,51.6015306],[-0.0496743,51.6016063],[-0.0496771,51.6016378],[-0.0496844,51.6016913],[-0.0497205,51.601846]],[[-0.0497205,51.601846],[-0.0497549,51.6019853],[-0.0497806,51.6021361]],[[-0.0497806,51.6021361],[-0.0497238,51.6022574]],[[-0.0497238,51.6022574],[-0.0497391,51.6023572],[-0.0499077,51.6034592]],[[-0.0499077,51.6034592],[-0.0499594,51.6037244],[-0.0500127,51.6040564],[-0.0500192,51.6041296],[-0.0500165,51.6042641],[-0.0499966,51.6043653],[-0.049952,51.6045162],[-0.0499061,51.6046247],[-0.049676,51.6050486],[-0.0492479,51.6059079],[-0.0491303,51.6061578]],[[-0.0491303,51.6061578],[-0.0491171,51.6062261],[-0.049108,51.6062948],[-0.0491031,51.6063636],[-0.0491023,51.6064324],[-0.0491057,51.6065012],[-0.0491132,51.6065699],[-0.0491248,51.6066384]],[[-0.0491248,51.6066384],[-0.0491511,51.6067468],[-0.0491707,51.6068619],[-0.0491763,51.6068882]],[[-0.0491763,51.6068882],[-0.0492109,51.607019]],[[-0.0492109,51.607019],[-0.0492646,51.6071212]],[[-0.0492646,51.6071212],[-0.04927434990101778,51.60714113313097]],[[-0.04907881046185738,51.60710026446146],[-0.0490715,51.6070734]],[[-0.0490715,51.6070734],[-0.0490488,51.6069902]],[[-0.0490488,51.6069902],[-0.0490362,51.6069375],[-0.0490163,51.606864],[-0.0489833,51.6067359]],[[-0.0489833,51.6067359],[-0.0489703,51.6066445]],[[-0.0489703,51.6066445],[-0.0489687,51.6065818],[-0.0489733,51.6065191],[-0.0489842,51.6064567],[-0.0490013,51.6063949],[-0.0490246,51.6063339],[-0.0490539,51.6062739],[-0.0490892,51.6062151],[-0.0491303,51.6061578]],[[-0.0497238,51.6022574],[-0.0496263,51.6021519]],[[-0.0496263,51.6021519],[-0.0495843,51.6019781],[-0.0495791,51.6019485],[-0.0495507,51.6018532]],[[-0.0495507,51.6018532],[-0.0495167,51.6017198],[-0.0495081,51.601671]],[[-0.0495081,51.601671],[-0.0495035,51.601647],[-0.0494725,51.6014382],[-0.0495489,51.6013614]],[[-0.0596737,51.5908547],[-0.0596399,51.5907744],[-0.0596821,51.5906846]],[[-0.0596821,51.5906846],[-0.0596976,51.590651],[-0.0597866,51.590599]],[[-0.0705059,51.588947],[-0.0703592,51.5889687],[-0.0701765,51.5889704],[-0.0701458,51.5889686],[-0.0700219,51.5889613],[-0.0699361,51.5889336]],[[-0.0699361,51.5889336],[-0.0697817,51.5888668]],[[-0.0645665,51.5895507],[-0.0643549,51.5896023],[-0.0642547,51.589612]],[[-0.0642547,51.589612],[-0.0641748,51.5896143],[-0.06408,51.5896046],[-0.0640277,51.5895997]],[[-0.0640277,51.5895997],[-0.0639904,51.5895951]],[[-0.0639904,51.5895951],[-0.0637817,51.5895648],[-0.0636592,51.5895183],[-0.0636017,51.5894993],[-0.0635645,51.5894851],[-0.063454,51.589406]],[[-0.0610937,51.5888649],[-0.0610316,51.5888194],[-0.0610141,51.5887818],[-0.0609946,51.5887158],[-0.0609609,51.5886122]],[[-0.0986496,51.5768474],[-0.0985743,51.5768097],[-0.0985632,51.5767733],[-0.098551,51.5767331],[-0.0985392,51.576658]],[[-0.0985392,51.576658],[-0.0985272,51.5765764]],[[-0.0985272,51.5765764],[-0.0985235,51.5765538],[-0.0985202,51.5765261],[-0.098506,51.5763812]],[[-0.098506,51.5763812],[-0.0985571,51.5763201]],[[-0.1033781,51.5904746],[-0.103261,51.5905628],[-0.1031426,51.5906365],[-0.1031002,51.5906625],[-0.1030406,51.5906947],[-0.1029909,51.5907167],[-0.1029591,51.5907217]],[[-0.0944847,51.5961198],[-0.094564,51.5964465],[-0.0948641,51.5978185],[-0.0948722,51.5978651],[-0.0949117,51.5980632],[-0.0949289,51.5981494]],[[-0.0935449,51.59817],[-0.0934674,51.5981782],[-0.0934073,51.5981792],[-0.0932976,51.5981699],[-0.0931686,51.5981562]],[[-0.0931686,51.5981562],[-0.0924663,51.5980839],[-0.0924031,51.5980785],[-0.0923057,51.5980738]],[[-0.0923057,51.5980738],[-0.0922528,51.5980977],[-0.0922225,51.5981225],[-0.0921984,51.598156]],[[-0.0921984,51.598156],[-0.09219,51.5982802],[-0.0921868,51.59832],[-0.092178,51.5984673],[-0.0921273,51.5989904],[-0.0921221,51.5990551],[-0.0920821,51.5993502],[-0.0920679,51.5994783],[-0.0920321,51.5997279],[-0.0920259,51.5997776],[-0.0920163,51.5999021]],[[-0.0920163,51.5999021],[-0.091977,51.6002081],[-0.0919379,51.6003756],[-0.0918076,51.6007249],[-0.091758,51.6008506],[-0.0916188,51.6010851],[-0.0912932,51.601454]],[[-0.0912932,51.601454],[-0.0912624,51.6014848],[-0.0912334,51.6015116],[-0.0911164,51.6016254],[-0.0909877,51.6017322],[-0.0908507,51.6018359],[-0.0906846,51.6019473],[-0.0903976,51.6021302],[-0.0901526,51.6022501],[-0.0900898,51.6022808],[-0.0897239,51.6024307],[-0.0892932,51.6025855],[-0.0892765,51.6025903],[-0.0889846,51.6026735],[-0.0886914,51.6027402],[-0.0883749,51.6027985],[-0.08832,51.6028058],[-0.0880478,51.6028417],[-0.0878173,51.6028621],[-0.0876584,51.6028707],[-0.0876105,51.6028733]],[[-0.0876105,51.6028733],[-0.0873028,51.6028994],[-0.0872379,51.6029088],[-0.0871914,51.602919],[-0.0871431,51.6029323],[-0.087103,51.6029557]],[[-0.087103,51.6029557],[-0.0870924,51.60299],[-0.0870793,51.6030698]],[[-0.0870793,51.6030698],[-0.0870735,51.603189]],[[-0.0870735,51.603189],[-0.0870477,51.6035347],[-0.0870442,51.6036657],[-0.0870389,51.6037603],[-0.0870324,51.6038479],[-0.0870111,51.6039325],[-0.0869757,51.6040118],[-0.0869266,51.6040869],[-0.0868456,51.6042147],[-0.0865039,51.6045727]],[[-0.0865039,51.6045727],[-0.0864331,51.6046392],[-0.086334,51.6047448],[-0.0862689,51.6048242]],[[-0.0862689,51.6048242],[-0.0862109,51.6049076],[-0.0861846,51.6049552],[-0.0860944,51.6051288]],[[-0.0860944,51.6051288],[-0.0860057,51.6053472],[-0.0859921,51.6053789],[-0.0859513,51.6054999]],[[-0.0859513,51.6054999],[-0.0859075,51.605638],[-0.0858499,51.6058299],[-0.0858317,51.6059376],[-0.0858009,51.6063792]],[[-0.0858009,51.6063792],[-0.0857954,51.6064587]],[[-0.0857954,51.6064587],[-0.0857732,51.6069836]],[[-0.0857732,51.6069836],[-0.0857723,51.6070042],[-0.0857659,51.6070705]],[[-0.0857659,51.6070705],[-0.085753,51.6073055],[-0.0857508,51.6073497]],[[-0.0857508,51.6073497],[-0.0857422,51.6074774],[-0.0857165,51.6078593]],[[-0.0857165,51.6078593],[-0.0857055,51.6080238],[-0.085703,51.6080581]],[[-0.085703,51.6080581],[-0.0857004,51.608084],[-0.0856796,51.6084629],[-0.08567907101317791,51.608470840370614]],[[-0.0855013709090266,51.60847188851097],[-0.0855446,51.607844],[-0.0855572,51.6074142]],[[-0.0855572,51.6074142],[-0.0855601,51.6073128],[-0.0855618,51.6072714]],[[-0.0855618,51.6072714],[-0.0855764,51.6071098]],[[-0.0855764,51.6071098],[-0.0855841,51.6070245]],[[-0.0855841,51.6070245],[-0.0855969,51.6068365]],[[-0.0855969,51.6068365],[-0.085601,51.6067757]],[[-0.085601,51.6067757],[-0.0856157,51.6066094]],[[-0.0856157,51.6066094],[-0.0856304,51.606443],[-0.0856331,51.606354]],[[-0.0856331,51.606354],[-0.0856358,51.6062628]],[[-0.0856358,51.6062628],[-0.085658,51.6059288],[-0.085666,51.6058254]],[[-0.085666,51.6058254],[-0.0856778,51.605767]],[[-0.0856778,51.605767],[-0.0856746,51.605684],[-0.0856764,51.6056604],[-0.0856871,51.6056159],[-0.0856958,51.6055616],[-0.0857323,51.6054422]],[[-0.0857323,51.6054422],[-0.0857917,51.6053025],[-0.0859203,51.6050094]],[[-0.0859203,51.6050094],[-0.0859693,51.6049297],[-0.0860401,51.6048326],[-0.0861455,51.6047198],[-0.0863834,51.6044714],[-0.0865278,51.6043184],[-0.0866583,51.604173],[-0.0867392,51.6040447],[-0.0867837,51.6039798],[-0.086815,51.6039195],[-0.0868287,51.6038629],[-0.0868413,51.6037943],[-0.0868611,51.603659]],[[-0.0868611,51.603659],[-0.0868818,51.6034765],[-0.0868978,51.6032005]],[[-0.0868978,51.6032005],[-0.0869237,51.6030482],[-0.086938,51.6029574],[-0.0869597,51.6029214],[-0.0869937,51.6028872],[-0.0870421,51.6028449],[-0.0871057,51.6028135],[-0.0872132,51.6027806],[-0.0873289,51.6027779],[-0.0877956,51.6027535],[-0.0880351,51.6027305],[-0.088211,51.6027104],[-0.0883293,51.602692],[-0.0886542,51.6026331],[-0.0889224,51.6025684],[-0.0892127,51.6024838],[-0.0896417,51.6023322],[-0.0900067,51.6021855],[-0.0902554,51.6020573],[-0.0905478,51.6018725],[-0.0907244,51.6017525],[-0.09088,51.601629],[-0.090982,51.6015411],[-0.0910229,51.6015059],[-0.0910735,51.6014579],[-0.0911187,51.6014155],[-0.091353,51.6011314],[-0.0915504,51.6008115],[-0.0916273,51.6006888],[-0.0916397,51.6006691],[-0.09169,51.6005284],[-0.0917131,51.6004639],[-0.0917494,51.6003579],[-0.0918203,51.5999884],[-0.0918288,51.5999213]],[[-0.0918288,51.5999213],[-0.0918362,51.5998607],[-0.0918427,51.5998149],[-0.0918651,51.5994998],[-0.0918709,51.5994737],[-0.0918737,51.5994418],[-0.0918985,51.5992587],[-0.0919207,51.5990446],[-0.0919409,51.5988644],[-0.0919961,51.5984988]],[[-0.0919961,51.5984988],[-0.0920267,51.5984727],[-0.0920445,51.5984369],[-0.0920585,51.598327],[-0.0920633,51.5982204],[-0.0920668,51.5981823],[-0.0920697,51.5981469],[-0.092085,51.5981263],[-0.0921226,51.5980963],[-0.0921882,51.5980675]],[[-0.0921882,51.5980675],[-0.092239,51.5980396],[-0.0922849,51.5980197],[-0.0923396,51.5980037]],[[-0.1024759,51.5894763],[-0.1023898,51.589495],[-0.1023472,51.5895046],[-0.1020145,51.589584]],[[-0.1020145,51.589584],[-0.1020187,51.5896509],[-0.1020214,51.5896721],[-0.1020221,51.5896777],[-0.1020271,51.5897168]],[[-0.1020271,51.5897168],[-0.1020906,51.5897333],[-0.102129,51.5897692],[-0.1021654,51.5898387]],[[-0.13838535984927752,51.57057045547705],[-0.1386299,51.5708218]],[[-0.1386299,51.5708218],[-0.1387276,51.5708594],[-0.1392058,51.571298],[-0.1392567,51.5713859]],[[-0.1392567,51.5713859],[-0.1396357,51.5717023],[-0.1397323,51.5718006],[-0.1397495,51.5718212],[-0.1398177,51.5719028]],[[-0.1398177,51.5719028],[-0.1398833,51.5720051],[-0.139934,51.5721107],[-0.1399447,51.5721379],[-0.1400109,51.5723071],[-0.1400713,51.5724614]],[[-0.0997117,51.5824236],[-0.0995838,51.5824271],[-0.0994242,51.5824268],[-0.0993438,51.5824235],[-0.0993105,51.5824206]],[[-0.0983205,51.5822878],[-0.099155,51.5823837],[-0.0993105,51.5824206]],[[-0.0972306,51.5816901],[-0.0974098,51.5817353],[-0.0975184,51.5817962],[-0.0975994,51.5818683],[-0.0979039,51.5821325],[-0.0981507,51.5822492],[-0.0983205,51.5822878]],[[-0.0949743,51.5813308],[-0.0953299,51.5813811],[-0.0967689,51.5816079],[-0.0968286,51.5816187],[-0.0968901,51.5816292],[-0.0972306,51.5816901]],[[-0.0916823,51.5815754],[-0.0917882,51.5815677],[-0.0921525,51.5815412],[-0.0924303,51.5815144],[-0.0927779,51.5814783],[-0.0930732,51.5814424],[-0.0933063,51.5814109],[-0.0935996,51.5813532],[-0.0937018,51.5813295],[-0.0938814,51.5812878],[-0.0939949,51.5812689],[-0.0941069,51.5812545],[-0.0942011,51.5812505],[-0.0943167,51.5812509],[-0.0944677,51.5812596],[-0.0945635,51.5812721],[-0.0949743,51.5813308]],[[-0.0680208,51.5985799],[-0.0678518,51.5985751],[-0.0677081,51.5985731],[-0.0676548,51.5985754],[-0.0668177,51.5986269],[-0.0660958,51.5986778],[-0.0658765,51.5986954],[-0.0654845,51.598727],[-0.0650556,51.5987606],[-0.0641359,51.5988345],[-0.0638802,51.5988551],[-0.0631111,51.5989174],[-0.062548,51.5989606],[-0.0622644,51.5989837],[-0.0619946,51.5990052],[-0.0619245,51.5990107],[-0.0618617,51.5990157],[-0.0610794,51.599078],[-0.0610687,51.5990788],[-0.0608962,51.599092],[-0.0600223,51.5991615],[-0.0599314,51.5991686],[-0.0591749,51.5992285],[-0.0582712,51.5993001],[-0.0581422,51.5993111],[-0.0579389,51.5993326],[-0.0577248,51.5993706],[-0.0575575,51.5994005],[-0.057275,51.5994652],[-0.0571179,51.5995082],[-0.056959,51.5995584],[-0.0567767,51.5996251],[-0.0565015,51.5997338]],[[-0.0565015,51.5997338],[-0.0564163,51.5997887],[-0.0562628,51.5998726]],[[-0.0562628,51.5998726],[-0.0561951,51.5999289],[-0.0561253,51.5999744],[-0.0560724,51.5999989],[-0.0560178,51.6000174],[-0.0559399,51.6000345],[-0.0558567,51.6000379]],[[-0.054967,51.6021526],[-0.0551283,51.601727],[-0.0553451,51.6011715],[-0.0555219,51.6007707],[-0.0556228,51.6005466],[-0.0558567,51.6000379]],[[-0.0549122,51.6022767],[-0.054967,51.6021526]],[[-0.0549122,51.6022767],[-0.0548592,51.6023957],[-0.0548416,51.6024405]],[[-0.0548416,51.6024405],[-0.0548265,51.6024848],[-0.0547912,51.6026024]],[[-0.0547912,51.6026024],[-0.0547531,51.6027479],[-0.0546968,51.6030572]],[[-0.0546968,51.6030572],[-0.0546757,51.6031731],[-0.054656,51.6032813],[-0.0546392,51.6034154]],[[-0.0546392,51.6034154],[-0.0546209,51.6035764],[-0.0545964,51.6037565],[-0.0545599,51.6040157],[-0.0544871,51.6043237],[-0.0544463,51.604609],[-0.0544151,51.6048363],[-0.0543846,51.6050169],[-0.0543796,51.6051233],[-0.0543943,51.6052739],[-0.0544235,51.605574],[-0.0544351,51.6056847]],[[-0.0544351,51.6056847],[-0.0544369,51.6057116],[-0.0544415,51.6064094],[-0.0544496,51.6066969],[-0.0544523,51.6068427],[-0.0544547,51.6072368],[-0.0544542,51.6073751],[-0.054441,51.6074769],[-0.054423,51.607556],[-0.0543999,51.6076321]],[[-0.0543999,51.6076321],[-0.0544203,51.6077212],[-0.0544191,51.6077811],[-0.0544031,51.6078641]],[[-0.0544031,51.6078641],[-0.054419,51.607877],[-0.0544291,51.6078919],[-0.0544325,51.607908],[-0.0544292,51.607924],[-0.0544192,51.607939],[-0.0544034,51.6079519],[-0.0543827,51.6079618],[-0.0543587,51.607968],[-0.0543328,51.6079702],[-0.0543069,51.6079681],[-0.0542828,51.6079619],[-0.0542621,51.6079521],[-0.0542462,51.6079393]],[[-0.0542462,51.6079393],[-0.0541289,51.6079424],[-0.0540688,51.6079476],[-0.053916,51.607949]],[[-0.053916,51.607949],[-0.0538295,51.6079627],[-0.0537118,51.6079797],[-0.0535743,51.6079965],[-0.0531014,51.6080324]],[[-0.0531014,51.6080324],[-0.0529723,51.6080323],[-0.052841,51.6080242],[-0.0527282,51.6080127],[-0.0526135,51.6079948],[-0.052484,51.6079739],[-0.052268,51.6079219],[-0.0516937,51.607744]],[[-0.0516937,51.607744],[-0.0509137,51.6075108]],[[-0.0509137,51.6075108],[-0.0506322,51.6074228]],[[-0.0506322,51.6074228],[-0.0503162,51.6073804]],[[-0.0503162,51.6073804],[-0.05029248967567114,51.607377504546214]],[[-0.04987181079032593,51.6072701199143],[-0.0498929,51.6072669]],[[-0.0498929,51.6072669],[-0.0499989,51.6072621],[-0.0501048,51.6072673],[-0.0502083,51.6072823],[-0.050307,51.6073068]],[[-0.050307,51.6073068],[-0.0506322,51.6074228]],[[-0.053916,51.607949],[-0.0540482,51.6078998],[-0.0541131,51.6078873],[-0.0542459,51.6078772]],[[-0.0542459,51.6078772],[-0.0542618,51.6078643],[-0.0542824,51.6078544]],[[-0.0542824,51.6078544],[-0.0543102,51.6077667],[-0.0543348,51.607712],[-0.0543999,51.6076321]],[[-0.0558043,51.6034822],[-0.0557117,51.6034671],[-0.0556118,51.6034585],[-0.054813,51.603425],[-0.0547438,51.6034212],[-0.0546392,51.6034154]],[[-0.0554563,51.6030171],[-0.055242,51.6027886],[-0.0552032,51.6027205],[-0.0551188,51.6026117]],[[-0.0551188,51.6026117],[-0.0551045,51.602583],[-0.0551003,51.6025568],[-0.0551014,51.6025303],[-0.0551188,51.6024788],[-0.0551502,51.6024331],[-0.0551908,51.6023913],[-0.0552112,51.6023663],[-0.0552245,51.6023418],[-0.0552335,51.6023124],[-0.0552411,51.6022653]],[[-0.0552411,51.6022653],[-0.0550908,51.6022699],[-0.0550156,51.6022709],[-0.0549122,51.6022767]],[[-0.0558567,51.6000379],[-0.0559207,51.599899]],[[-0.0559207,51.599899],[-0.0559816,51.5997604]],[[-0.0559816,51.5997604],[-0.0560658,51.5997631],[-0.0561336,51.5997648],[-0.0562338,51.5997688],[-0.0562962,51.5997684],[-0.0563571,51.5997533]],[[-0.0563571,51.5997533],[-0.0564133,51.5997478],[-0.0565015,51.5997338]],[[-0.0972306,51.5816901],[-0.0973018,51.5816395],[-0.0973433,51.5816166],[-0.0973499,51.581613],[-0.0973843,51.581601],[-0.0974146,51.5815922],[-0.0990074,51.5814638],[-0.0993485,51.5814409],[-0.0993865,51.5814387],[-0.0995152,51.5814309]],[[-0.1342694,51.5877711],[-0.1340599,51.5877182],[-0.1339006,51.5876791]],[[-0.1339006,51.5876791],[-0.133778,51.5876534]],[[-0.133778,51.5876534],[-0.1336975,51.5876376],[-0.1335322,51.587605]],[[-0.1335322,51.587605],[-0.1333095,51.587566],[-0.1331301,51.5875306],[-0.1329737,51.587482]],[[-0.119771,51.5874768],[-0.1201639,51.5874049],[-0.1203756,51.5873655],[-0.1207386,51.5872794],[-0.1211189,51.5871966],[-0.1212107,51.5871776],[-0.1215677,51.5871164],[-0.1216601,51.5870984],[-0.1218446,51.5870714]],[[-0.119771,51.5874768],[-0.1191014,51.5875702],[-0.1185765,51.5876509]],[[-0.1185765,51.5876509],[-0.1184883,51.5876647],[-0.118358,51.5876851],[-0.1179898,51.5877153],[-0.1176144,51.5877255],[-0.1175552,51.5877283],[-0.1174985,51.5877311],[-0.1171839,51.5877437],[-0.1170771,51.5877464],[-0.1170227,51.5877477],[-0.1168392,51.5877523],[-0.1167494,51.5877543],[-0.1162285,51.5877666]],[[-0.1162285,51.5877666],[-0.1161598,51.5877942],[-0.1161222,51.5877953],[-0.1160486,51.5877975],[-0.1159551,51.5878031],[-0.1158942,51.5877714]],[[-0.1158942,51.5877714],[-0.1157005,51.5877696],[-0.1154935,51.587779],[-0.1149789,51.5878283]],[[-0.1149789,51.5878283],[-0.1148782,51.5878797]],[[-0.1148782,51.5878797],[-0.1148182,51.5878887],[-0.1146451,51.587919],[-0.114547,51.5878938]],[[-0.1021654,51.5898387],[-0.1021983,51.589944],[-0.1022162,51.5900902],[-0.1021654,51.5903091]],[[-0.1021654,51.5903091],[-0.1022212,51.590375]],[[-0.10934,51.5972032],[-0.1093773,51.5971894],[-0.1094308,51.5971695],[-0.1095189,51.5971574],[-0.1097859,51.5971598]],[[-0.1032767,51.5903834],[-0.1034125,51.5903004],[-0.1035125,51.5902585],[-0.1036109,51.5902223],[-0.1039131,51.5901146],[-0.10398,51.5901102],[-0.1040524,51.5901164]],[[-0.1097962,51.5889671],[-0.1098385,51.5889292],[-0.1098707,51.5889187]],[[-0.1098707,51.5889187],[-0.1099151,51.5889068],[-0.109986,51.5888836],[-0.1100648,51.5888613]],[[-0.1100648,51.5888613],[-0.1102068,51.5888281]],[[-0.1102068,51.5888281],[-0.1103297,51.5887985],[-0.1103997,51.5887901],[-0.1105042,51.5887834]],[[-0.1105042,51.5887834],[-0.1107578,51.5887624],[-0.1110692,51.5887898]],[[-0.1129518,51.5881205],[-0.1130578,51.5880491]],[[-0.1130578,51.5880491],[-0.1130841,51.5880386],[-0.1131556,51.5880101]],[[-0.1131556,51.5880101],[-0.1132548,51.5879851],[-0.1133302,51.5879683]],[[-0.1133302,51.5879683],[-0.113395,51.5879575]],[[-0.113395,51.5879575],[-0.1135638,51.5879407],[-0.113657,51.5879727]],[[-0.1145817,51.5878332],[-0.114681,51.5878194],[-0.1147874,51.5878008],[-0.1148427,51.5877996],[-0.1149789,51.5878283]],[[-0.1158942,51.5877714],[-0.1159485,51.5877403],[-0.1160464,51.5877398],[-0.1161613,51.5877335],[-0.1162285,51.5877666]],[[-0.1333904,51.5875025],[-0.1336636,51.587482],[-0.1337316,51.5874836],[-0.1337735,51.5874845],[-0.133862,51.5874861]],[[-0.133862,51.5874861],[-0.1339981,51.5874956]],[[-0.1339981,51.5874956],[-0.1340488,51.5875193],[-0.1340851,51.5875412],[-0.1341419,51.5875808],[-0.134222,51.5876436],[-0.1343069,51.5877085],[-0.1344397,51.5877857],[-0.13475,51.5879569]],[[-0.1414636,51.5909702],[-0.1416777,51.5909745],[-0.1418848,51.5909786]],[[-0.1236886,51.57809],[-0.1238332,51.5782323],[-0.1238857,51.5782696],[-0.1239839,51.5783304]],[[-0.1237617,51.5793667],[-0.1238088,51.5795225],[-0.1238125,51.5795442],[-0.1238236,51.5796094],[-0.1238337,51.5796721],[-0.1238457,51.5797467]],[[-0.1238457,51.5797467],[-0.1239054,51.5800034]],[[-0.1338436,51.5872193],[-0.1338986,51.5872593],[-0.1339445,51.5873523],[-0.1339593,51.5873842],[-0.1339924,51.5874552],[-0.1339965,51.5874685],[-0.1339991,51.5874804],[-0.1339981,51.5874956]],[[-0.0834463,51.6050654],[-0.0835535,51.605024],[-0.0836577,51.6050122],[-0.0837586,51.6050004],[-0.0839344,51.6050159]],[[-0.1006565,51.599851],[-0.1006661,51.5998176],[-0.1006945,51.5997815],[-0.1007984,51.5997034],[-0.1008474,51.5996652],[-0.1008603,51.5996465],[-0.1008644,51.5996295],[-0.1008617,51.5996161],[-0.1008487,51.5995889],[-0.100801,51.5994915]],[[-0.1097859,51.5971598],[-0.1099189,51.5971618]],[[-0.1336397,51.5880586],[-0.1336327,51.5879976],[-0.1336493,51.5879204]],[[-0.1336493,51.5879204],[-0.1336268,51.5878939],[-0.1336377,51.5877884],[-0.1336217,51.5877264],[-0.1336073,51.5876967]],[[-0.1336073,51.5876967],[-0.133596,51.5876783],[-0.1335771,51.5876515],[-0.1335322,51.587605]],[[-0.1233095,51.5842254],[-0.1232156,51.584221],[-0.1228205,51.5842026],[-0.1223994,51.5841897]],[[-0.1223994,51.5841897],[-0.1216106,51.5841514],[-0.1213512,51.5841372],[-0.1211548,51.5841173],[-0.1209486,51.5840921],[-0.1207471,51.5840552],[-0.1205075,51.5839917],[-0.1202756,51.5839172],[-0.1200289,51.5838078],[-0.1198631,51.5837174],[-0.1194349,51.5834633],[-0.1191027,51.5832612],[-0.1186897,51.5828927],[-0.1184906,51.5827092],[-0.1184313,51.5826545]],[[-0.1190256,51.5824319],[-0.1190028,51.5824115],[-0.118994,51.5823896],[-0.1190014,51.5823599],[-0.1190202,51.582341],[-0.1190559,51.5823246]],[[-0.1123331,51.5737067],[-0.1122285,51.5736815],[-0.1121856,51.5736326],[-0.1121695,51.573556],[-0.1121892,51.5734948],[-0.1122511,51.5734718]],[[-0.1499661,51.5716755],[-0.1499442,51.5716808],[-0.1499208,51.5716811]],[[-0.1499208,51.5716811],[-0.1499,51.5716769],[-0.1498824,51.5716689]],[[-0.096122,51.5762694],[-0.0960517,51.5762289],[-0.0959806,51.5761972],[-0.0959614,51.5761809],[-0.0959795,51.5761565],[-0.0960405,51.5761377],[-0.0961207,51.5761431]],[[-0.0961207,51.5761431],[-0.0961693,51.5761636],[-0.096194,51.5762039],[-0.0962568,51.5763632]],[[-0.0967257,51.5768689],[-0.0966479,51.5768288],[-0.0965928,51.5767774],[-0.0965514,51.5767481],[-0.0964709,51.5766719],[-0.0964381,51.5766254],[-0.0963283,51.5764709],[-0.0962568,51.5763632]],[[-0.0980554,51.5766816],[-0.0978558,51.5767484],[-0.0977476,51.5767881],[-0.0973688,51.5769165],[-0.0971211,51.5769479],[-0.0969802,51.5769325],[-0.0968728,51.576919],[-0.0967849,51.5768925],[-0.0967257,51.5768689]],[[-0.0980554,51.5766816],[-0.0981833,51.5766214]],[[-0.0981833,51.5766214],[-0.0983233,51.5765303],[-0.0983561,51.5765044]],[[-0.0983561,51.5765044],[-0.098393,51.5764721],[-0.0984516,51.576416],[-0.098506,51.5763812]],[[-0.0989252,51.5754684],[-0.0989102,51.5754704],[-0.0986495,51.5755059],[-0.0985718,51.5755082],[-0.0985435,51.5755089],[-0.0984542,51.5755113]],[[-0.1013109,51.5751438],[-0.1009064,51.5751996],[-0.1005709,51.5752451],[-0.0998684,51.5753403],[-0.0996587,51.5753688],[-0.0989252,51.5754684]],[[-0.1014172,51.5751291],[-0.1013109,51.5751438]],[[-0.1015791,51.5751063],[-0.1014172,51.5751291]],[[-0.101596,51.5751037],[-0.1015791,51.5751063]],[[-0.1018442,51.5750027],[-0.101659,51.5750831],[-0.101596,51.5751037]],[[-0.1040322,51.57424],[-0.1038967,51.5742679],[-0.103178,51.5744506],[-0.103031,51.5744961],[-0.1025435,51.5746951],[-0.1020553,51.5749091],[-0.1018442,51.5750027]],[[-0.1043888,51.5741333],[-0.1040983,51.5742202],[-0.1040322,51.57424]],[[-0.1047194,51.5738097],[-0.1047072,51.5738529],[-0.1046913,51.5739094],[-0.1046418,51.5739924],[-0.104551,51.5740696],[-0.1044599,51.5741135],[-0.1043888,51.5741333]],[[-0.1046573,51.5727892],[-0.1047194,51.5738097]],[[-0.1046442,51.5725668],[-0.1046573,51.5727892]],[[-0.1046383,51.5724664],[-0.1046442,51.5725668]],[[-0.1046694,51.5723587],[-0.1046554,51.5723799],[-0.104646,51.5724028],[-0.1046432,51.5724243],[-0.1046383,51.5724664]],[[-0.1048718,51.5723205],[-0.1048158,51.5723175],[-0.1047816,51.5723193],[-0.1047392,51.5723258],[-0.1046782,51.5723491],[-0.1046694,51.5723587]],[[-0.1049867,51.5723272],[-0.1048718,51.5723205]],[[-0.1050978,51.572333],[-0.1049867,51.5723272]],[[-0.1056934,51.5723686],[-0.1050978,51.572333]],[[-0.105971,51.5723921],[-0.1058159,51.572379],[-0.1056934,51.5723686]],[[-0.105971,51.5723921],[-0.1059529,51.5724586],[-0.1059472,51.5724884],[-0.1059651,51.5725296],[-0.1060133,51.5725962]],[[-0.1060133,51.5725962],[-0.1060604,51.5726613]],[[-0.1060604,51.5726613],[-0.106262,51.5729601],[-0.1063833,51.573137],[-0.1064848,51.5732754],[-0.1066912,51.5735566],[-0.1070707,51.5741027],[-0.1071117,51.5741617],[-0.1071596,51.5742291],[-0.1072128,51.5743054],[-0.107279,51.5743992],[-0.1073226,51.5744634]],[[-0.1073226,51.5744634],[-0.1074711,51.5746776],[-0.1076242,51.5748956]],[[-0.1076242,51.5748956],[-0.1076386,51.5749171],[-0.1076777,51.5749755],[-0.1078635,51.5752452],[-0.107936,51.5753504],[-0.1079904,51.5754294]],[[-0.1079904,51.5754294],[-0.1080455,51.575497],[-0.1085049,51.5760604],[-0.1090236,51.5766439]],[[-0.1090236,51.5766439],[-0.1095883,51.5772742]],[[-0.1095883,51.5772742],[-0.1079194,51.5780904],[-0.1078432,51.5781316],[-0.1075376,51.5782685],[-0.1074121,51.5782938]],[[-0.1065156,51.5773848],[-0.1069076,51.5777592],[-0.1072856,51.5781762],[-0.1073389,51.5782851],[-0.1073752,51.5782962],[-0.1074121,51.5782938]],[[-0.1079904,51.5754294],[-0.1078738,51.5754707],[-0.1072355,51.5756965],[-0.1069694,51.5758462],[-0.1068173,51.5759639],[-0.1066768,51.5760858],[-0.1064975,51.5763028],[-0.1063741,51.5765549],[-0.1063151,51.5767307],[-0.1063011,51.5769192],[-0.1063625,51.5771526],[-0.1064314,51.5772721],[-0.1065156,51.5773848]],[[-0.1095883,51.5772742],[-0.109891,51.5775958],[-0.1101058,51.5778578]],[[-0.1101058,51.5778578],[-0.110159,51.5779227],[-0.1101866,51.5779564]],[[-0.1101866,51.5779564],[-0.1100828,51.5780046],[-0.1100547,51.5780177]],[[-0.1100547,51.5780177],[-0.1098504,51.5781126],[-0.1094233,51.5783313]],[[-0.1094233,51.5783313],[-0.1096369,51.5786098],[-0.1101692,51.5793037],[-0.1106569,51.5799408],[-0.1110872,51.5805275],[-0.1116129,51.5811856],[-0.1117665,51.5813858]],[[-0.1128538,51.5812993],[-0.1127158,51.5813207],[-0.1117665,51.5813858]],[[-0.1141455,51.5809424],[-0.1128538,51.5812993]],[[-0.1152819,51.5806471],[-0.1141455,51.5809424]],[[-0.1162764,51.5804722],[-0.1152819,51.5806471]],[[-0.1174188,51.5802765],[-0.1173208,51.5802933],[-0.1162764,51.5804722]],[[-0.1185063,51.5800745],[-0.1178763,51.5801888],[-0.1174999,51.580261],[-0.1174188,51.5802765]],[[-0.1191251,51.5799717],[-0.1185063,51.5800745]],[[-0.1191251,51.5799717],[-0.1191079,51.5799444],[-0.119055,51.5797064],[-0.1189624,51.5793462],[-0.1187564,51.578809]],[[-0.1187564,51.578809],[-0.1194756,51.5786268],[-0.1197155,51.5785632],[-0.1197417,51.5785563],[-0.1199864,51.5784962],[-0.1209678,51.5782554],[-0.1212291,51.5781926],[-0.1216354,51.5780949],[-0.1219669,51.5780152],[-0.1220549,51.5779955],[-0.1226233,51.5778578],[-0.1234183,51.5776518]],[[-0.1265203,51.5817076],[-0.1269069,51.5815331],[-0.1270616,51.5815022],[-0.1272322,51.5814773],[-0.1274189,51.5814426],[-0.1275694,51.5814062],[-0.127636,51.5813901]],[[-0.1282432,51.5810025],[-0.1280265,51.5812361],[-0.1279186,51.5813063],[-0.127636,51.5813901]],[[-0.1295217,51.5805311],[-0.1289902,51.5807074],[-0.1285592,51.5808547],[-0.1283599,51.5809239],[-0.1282432,51.5810025]],[[-0.1299786,51.5803781],[-0.1296145,51.5804998],[-0.1295913,51.5805075],[-0.1295217,51.5805311]],[[-0.1322071,51.5799733],[-0.1320546,51.5800307],[-0.1319704,51.5800589],[-0.1318191,51.5800906],[-0.131689,51.5800916],[-0.1315319,51.5800706],[-0.1313226,51.5800207],[-0.1312232,51.580003],[-0.1311002,51.5800173],[-0.1305022,51.580203],[-0.1299786,51.5803781]],[[-0.1322071,51.5799733],[-0.1327973,51.5797761],[-0.1329724,51.5797175],[-0.1330331,51.5796973],[-0.1333412,51.5795943],[-0.1334095,51.5795715],[-0.1335217,51.579534],[-0.1336466,51.5794922],[-0.1336913,51.5794773],[-0.133714,51.5794697],[-0.1340069,51.579367],[-0.1340983,51.579335],[-0.1342103,51.5792969],[-0.1342424,51.5792857],[-0.1342704,51.579276],[-0.1347315,51.5791143],[-0.1351481,51.5789705],[-0.135209,51.5789501],[-0.1352422,51.578939],[-0.1354233,51.5788783],[-0.1355183,51.5788463],[-0.1363895,51.5785526],[-0.1367381,51.5784495],[-0.1368886,51.578405],[-0.1369903,51.5783792]],[[-0.1369903,51.5783792],[-0.1371922,51.5783279],[-0.1372655,51.5783093],[-0.1373755,51.5782906],[-0.1376421,51.5782309],[-0.1377733,51.5781993]],[[-0.1366795,51.5767981],[-0.1370264,51.5772409],[-0.1371674,51.5774209],[-0.1374785,51.5778181],[-0.1377733,51.5781993]],[[-0.1366582,51.5767696],[-0.1366795,51.5767981]],[[-0.1360604,51.5759882],[-0.1361181,51.5760637],[-0.1366582,51.5767696]],[[-0.1354376,51.575216],[-0.1355921,51.5753761],[-0.1360604,51.5759882]],[[-0.1352514,51.574968],[-0.1354376,51.575216]],[[-0.134964,51.5745895],[-0.135067,51.5747141],[-0.1351354,51.5748076],[-0.1352514,51.574968]],[[-0.1348328,51.5744301],[-0.134844,51.5744429],[-0.134964,51.5745895]],[[-0.1334126,51.5728928],[-0.133469,51.572944],[-0.1336791,51.573135],[-0.1338694,51.5733296],[-0.1341244,51.5735989],[-0.1345224,51.5740641],[-0.134716,51.5742822],[-0.1348328,51.5744301]],[[-0.135112,51.5719847],[-0.1345518,51.5722821],[-0.1345183,51.5722999],[-0.1342973,51.5724185],[-0.134007,51.5725743],[-0.1335304,51.5728324],[-0.13344,51.5728782],[-0.1334126,51.5728928]],[[-0.1352448,51.5719155],[-0.1351842,51.5719469],[-0.135112,51.5719847]],[[-0.13562112233482682,51.57173400330208],[-0.1352448,51.5719155]],[[-0.13917666867405412,51.57015850566126],[-0.1391456,51.5701757],[-0.1389453,51.5702883],[-0.13889705071129957,51.570309577936314]],[[-0.141856,51.569232],[-0.1417706,51.5692466],[-0.141636,51.5692699],[-0.1410473,51.5693599],[-0.1409219,51.5693817],[-0.1407613,51.5694167],[-0.1406364,51.5694533],[-0.1405006879067564,51.56949276018675]],[[-0.1419291,51.569218],[-0.141856,51.569232]],[[-0.142166,51.5691596],[-0.142094,51.5691795],[-0.1420293,51.5691956],[-0.1419836,51.569206],[-0.1419291,51.569218]],[[-0.1239054,51.5800034],[-0.1237924,51.579918]],[[-0.1237924,51.579918],[-0.1236926,51.5798806],[-0.1235881,51.5798744],[-0.1234897,51.5798908]],[[-0.1234897,51.5798908],[-0.1233617,51.5799338]],[[-0.1103508,51.5780167],[-0.1107571,51.578548],[-0.1110795,51.5789547],[-0.1115878,51.5796251],[-0.1120514,51.5802365],[-0.1128538,51.5812993]],[[-0.1102703,51.5779114],[-0.1103119,51.5779658],[-0.1103508,51.5780167]],[[-0.1102703,51.5779114],[-0.1101866,51.5779564]],[[-0.0986607,51.5766615],[-0.0985392,51.576658],[-0.0983855,51.5766644],[-0.0980554,51.5766816]],[[-0.0962568,51.5763632],[-0.096122,51.5762694]],[[-0.0923057,51.5980738],[-0.0921882,51.5980675]],[[-0.0921882,51.5980675],[-0.091971,51.5980651]],[[-0.091971,51.5980651],[-0.0918144,51.5980628]],[[-0.0918144,51.5980628],[-0.0916421,51.5980583],[-0.0914045,51.5980487],[-0.0913346,51.5980329],[-0.0912692,51.598009]],[[-0.0772409,51.5983037],[-0.0771747,51.5983314],[-0.0771229,51.5983399],[-0.0770277,51.5983557],[-0.076961,51.5983696],[-0.0767988,51.5983838]],[[-0.0767988,51.5983838],[-0.0765676,51.5984174],[-0.0765236,51.5984154]],[[-0.0765236,51.5984154],[-0.0764641,51.5984127],[-0.0763703,51.5984237],[-0.0762415,51.5984402],[-0.0761388,51.5984555]],[[-0.0761388,51.5984555],[-0.0761047,51.5984603]],[[-0.0761047,51.5984603],[-0.0760541,51.5984685]],[[-0.0760541,51.5984685],[-0.0758139,51.5985015]],[[-0.0758139,51.5985015],[-0.0753711,51.5985555],[-0.0753161,51.598562],[-0.0752592,51.5985608],[-0.0751963,51.5985587],[-0.0751216,51.5985459],[-0.075014,51.5984921]],[[-0.0653802,51.5769443],[-0.065363,51.5769063],[-0.06535709309263196,51.57689320910717]],[[-0.0653802,51.5769443],[-0.0648911,51.5770421],[-0.0646697,51.5770864],[-0.0646127,51.5770996],[-0.0645301,51.5771261],[-0.0644456,51.5771579],[-0.0642029,51.57722],[-0.0639896,51.5772745],[-0.0638411,51.5773114],[-0.0637301,51.5773409],[-0.0636479,51.5773592],[-0.0636088,51.5773758]],[[-0.0642604,51.5789398],[-0.0642168,51.57884],[-0.0640552,51.57847],[-0.0640342,51.5784128],[-0.0639749,51.5782792],[-0.0639274,51.5781723],[-0.0637754,51.5777908],[-0.0637343,51.5776876],[-0.063708,51.5776254],[-0.06362,51.5774317],[-0.0636132,51.5774093],[-0.0636088,51.5773758]],[[-0.064487,51.5794723],[-0.0644749,51.5794673],[-0.0644576,51.5794522],[-0.0644424,51.5794252],[-0.0644343,51.5793819],[-0.0643181,51.579078],[-0.0642922,51.5790151],[-0.0642604,51.5789398]],[[-0.064487,51.5794723],[-0.0645019,51.579472],[-0.0645229,51.5794699],[-0.0645928,51.5794587],[-0.0648691,51.579413],[-0.0650139,51.579388],[-0.065734,51.5792639],[-0.0665784,51.5791184],[-0.0671767,51.5790153],[-0.0678918,51.5788928],[-0.0687209,51.5787507],[-0.069471,51.5786222],[-0.0698338,51.57856],[-0.0704045,51.5784624],[-0.0712544,51.578317],[-0.0721299,51.5781672],[-0.0729818,51.5780222],[-0.0731413,51.5779942]],[[-0.065886,51.5947602],[-0.0659862,51.5947615],[-0.0667939,51.5947716],[-0.0684282,51.5947965],[-0.0685015,51.5948014],[-0.0689544,51.5948086],[-0.0690685,51.5948104],[-0.0692151,51.5948264]],[[-0.0628266,51.5946589],[-0.0633101,51.594721],[-0.0633503,51.5947231],[-0.0650531,51.5947488],[-0.0658723,51.5947602],[-0.065886,51.5947602]],[[-0.0628266,51.5946589],[-0.0628079,51.5947647],[-0.0628113,51.5947959],[-0.0627616,51.5950546],[-0.0627668,51.5950924],[-0.0627442,51.5951842]],[[-0.0627442,51.5951842],[-0.0618247,51.5951147],[-0.0606426,51.5950253]],[[-0.0606426,51.5950253],[-0.0605958,51.5952618],[-0.0605406,51.5955406],[-0.0604628,51.595927],[-0.0604358,51.5960612],[-0.0603902,51.5962741],[-0.0603433,51.5965006],[-0.0603332,51.5965435],[-0.0603262,51.596558],[-0.0603164,51.5965696]],[[-0.0603164,51.5965696],[-0.0603006,51.5965745],[-0.0602845,51.5965777],[-0.0602659,51.5965793],[-0.0599256,51.5965564],[-0.0593064,51.5965145],[-0.0590124,51.5964947],[-0.0586773,51.5964721],[-0.0580094,51.596427],[-0.057679,51.5964046],[-0.0576134,51.596401],[-0.0575729,51.596402]],[[-0.0560535,51.5996023],[-0.056364,51.5989372],[-0.0567235,51.5981578],[-0.0569412,51.5976916],[-0.0569775,51.5976138],[-0.0570209,51.597521],[-0.0570708,51.5974125],[-0.0573003,51.5969134],[-0.0574697,51.5965475],[-0.0575022,51.5964793],[-0.05753,51.5964263],[-0.0575492,51.5964086],[-0.0575729,51.596402]],[[-0.0560535,51.5996023],[-0.0561058,51.5996473],[-0.0561405,51.5996828],[-0.0561795,51.5997106],[-0.0562314,51.5997348],[-0.0563571,51.5997533]],[[-0.0683179,51.5985877],[-0.0682806,51.5985869],[-0.0682432,51.5985861],[-0.0682035,51.5985852],[-0.0680208,51.5985799]],[[-0.0702637,51.5986707],[-0.0700891,51.5986646],[-0.069473,51.5986393],[-0.0687397,51.5986001],[-0.0686261,51.5985947],[-0.0683179,51.5985877]],[[-0.0704298,51.5986758],[-0.0702637,51.5986707]],[[-0.075014,51.5984921],[-0.0749369,51.5985415],[-0.0748639,51.5985747],[-0.0748316,51.5985853],[-0.0747512,51.598595],[-0.0746479,51.5986061],[-0.0744185,51.5986265],[-0.0740052,51.5986566],[-0.0732324,51.5986928],[-0.0725544,51.5987193],[-0.072236,51.598728],[-0.0719355,51.5987274],[-0.0715446,51.5987167],[-0.0709859,51.598695],[-0.0708876,51.5986925],[-0.0704298,51.5986758]],[[-0.0767988,51.5983838],[-0.0768578,51.5984853],[-0.0769462,51.5986966]],[[-0.0769462,51.5986966],[-0.0771007,51.5990656],[-0.0772319,51.5994009],[-0.077266,51.599488],[-0.0772932,51.5995348],[-0.0773315,51.5995773],[-0.0773631,51.5995995],[-0.0774015,51.5996226],[-0.0774618,51.5996515],[-0.0775158,51.5996689],[-0.077587,51.5996795],[-0.0776445,51.5996842],[-0.0777063,51.5996836],[-0.078796,51.5996919],[-0.0790371,51.5997233],[-0.0791026,51.5997365],[-0.0791619,51.5997492],[-0.0792753,51.5997735],[-0.0794148,51.5998025],[-0.0799964,51.5999532],[-0.0800577,51.5999691],[-0.0813194,51.6004063],[-0.0821563,51.6007714],[-0.0823616,51.6008662],[-0.082895,51.6011776],[-0.0833742,51.6014863]],[[-0.0833742,51.6014863],[-0.0834595,51.6015467]],[[-0.0834595,51.6015467],[-0.0836596,51.6016936],[-0.0838944,51.6018872],[-0.0841519,51.6020791],[-0.0843922,51.6022337],[-0.0846241,51.6023481]],[[-0.0846241,51.6023481],[-0.084684,51.6023776],[-0.0848527,51.6024518],[-0.0850133,51.6025195],[-0.0852934,51.6026229],[-0.0855881,51.6026992],[-0.0858113,51.6027542],[-0.0859822,51.6027764]],[[-0.0859822,51.6027764],[-0.0864371,51.6027633],[-0.0865924,51.6027634]],[[-0.0865924,51.6027634],[-0.0867089,51.6027635],[-0.0867946,51.6027673]],[[-0.0867946,51.6027673],[-0.0868519,51.6027744],[-0.0869246,51.6027881],[-0.086984,51.6028059],[-0.0870421,51.6028449]],[[-0.0870421,51.6028449],[-0.087082,51.6029087],[-0.087103,51.6029557]],[[-0.078275,51.6051959],[-0.0782338,51.6058452],[-0.0781651,51.6059252],[-0.0780449,51.6059732],[-0.0775128,51.6060212],[-0.0770321,51.6060585],[-0.0767497,51.6060751],[-0.0765257,51.6060905],[-0.0759421,51.6061331],[-0.0752233,51.6061861],[-0.0750552,51.6061979]],[[-0.0750552,51.6061979],[-0.0750731,51.606264],[-0.0751424,51.6065281],[-0.0752952,51.6069949],[-0.0753457,51.6071644],[-0.0754458,51.6075713],[-0.0754697,51.6076916],[-0.075505,51.6079915],[-0.0755258,51.6081685]],[[-0.0755258,51.6081685],[-0.0755609,51.6083588],[-0.07557807865065193,51.60845242915203]],[[-0.0868978,51.6032005],[-0.0868678,51.6031353],[-0.086864,51.603129],[-0.0868586,51.6029729],[-0.0868366,51.6029424],[-0.0867835,51.6029149],[-0.0867332,51.6028923]],[[-0.0867332,51.6028923],[-0.0866458,51.6028779],[-0.0864606,51.6028533],[-0.0863219,51.602831],[-0.0859822,51.6027764]],[[-0.0562628,51.5998726],[-0.0561149,51.5999232],[-0.0560759,51.5999262],[-0.0560403,51.5999205],[-0.0559987,51.5999132],[-0.0559207,51.599899]],[[-0.0559816,51.5997604],[-0.0560535,51.5996023]],[[-0.0606426,51.5950253],[-0.0606682,51.594898],[-0.0607039,51.5947201],[-0.0607228,51.5946261],[-0.0607313,51.5945954],[-0.0607455,51.5945689],[-0.0607754,51.5945409],[-0.0608155,51.5945139]],[[-0.0608155,51.5945139],[-0.0608659,51.5944799]],[[-0.0608659,51.5944799],[-0.0609582,51.5945111],[-0.0610699,51.5945302],[-0.0627118,51.5946443],[-0.0628266,51.5946589]],[[-0.0730677,51.5775178],[-0.0728989,51.5775414],[-0.0724893,51.5776053],[-0.0715019,51.5777597],[-0.0706598,51.5778914],[-0.0704052,51.5779312]],[[-0.0704052,51.5779312],[-0.0696202,51.5780607]],[[-0.0696202,51.5780607],[-0.0696078,51.5780331]],[[-0.0696078,51.5780331],[-0.0689158,51.578151],[-0.0669515,51.5784858],[-0.0663685,51.5785841],[-0.0654881,51.5787326],[-0.064865,51.5788376],[-0.0643089,51.5789314],[-0.0642604,51.5789398]],[[-0.0597791,51.584782],[-0.0597751,51.58493]],[[-0.0600438,51.5849294],[-0.0597751,51.58493]],[[-0.0585423,51.5875238],[-0.0588068,51.5875563],[-0.0590884,51.5875935],[-0.0592728,51.5876185],[-0.0593472,51.5876214],[-0.0594111,51.587609],[-0.0594471,51.5875918],[-0.0594894,51.5875539],[-0.0595392,51.5875044],[-0.059596,51.5874314],[-0.0596429,51.587356],[-0.0596812,51.5872802],[-0.0597057,51.5871992],[-0.0597198,51.5871137],[-0.0597558,51.5868968],[-0.0597915,51.5866453],[-0.0598289,51.5864027],[-0.0598754,51.5860865],[-0.0599193,51.5857957],[-0.0600438,51.5849294]],[[-0.0574932,51.5877222],[-0.0575372,51.5875858],[-0.057565,51.5875456],[-0.057608,51.5875073],[-0.0576574,51.5874804],[-0.0577076,51.5874602],[-0.0577708,51.5874442],[-0.0578418,51.5874416],[-0.0578791,51.5874423],[-0.0580296,51.5874518],[-0.0582467,51.5874818],[-0.0585423,51.5875238]],[[-0.0573929,51.5879164],[-0.0574783,51.5878012],[-0.0574857,51.5877617],[-0.0574932,51.5877222]],[[-0.0632345,51.5893445],[-0.0633811,51.5893104],[-0.0634507,51.5892963],[-0.0635003,51.5892761],[-0.0635451,51.5892294],[-0.0635747,51.5891375]],[[-0.0635747,51.5891375],[-0.0635105,51.5889924],[-0.0634555,51.5889095]],[[-0.0634555,51.5889095],[-0.0633679,51.5887802]],[[-0.0633679,51.5887802],[-0.0633223,51.5887059]],[[-0.0633223,51.5887059],[-0.0632267,51.5885739],[-0.0631688,51.5885272],[-0.0630574,51.5884637]],[[-0.0630574,51.5884637],[-0.0629407,51.5884042]],[[-0.0629407,51.5884042],[-0.0630331,51.5883392],[-0.0630822,51.5883013],[-0.0631637,51.5882332],[-0.0631998,51.5882089],[-0.0633117,51.5881824]],[[-0.071605,51.5840713],[-0.0716773,51.5840314],[-0.0717524,51.5840182],[-0.0717749,51.584016]],[[-0.0717749,51.584016],[-0.0718857,51.5840037]],[[-0.0718857,51.5840037],[-0.0720294,51.5839837]],[[-0.0720294,51.5839837],[-0.0721239,51.5839687],[-0.0722338,51.5839315]],[[-0.0720196,51.5959791],[-0.0754851,51.5943198],[-0.0755411,51.5942952]],[[-0.0755411,51.5942952],[-0.0756733,51.5942422],[-0.0759556,51.594179]],[[-0.0759556,51.594179],[-0.0760552,51.5941606]],[[-0.0760552,51.5941606],[-0.0764798,51.5940933],[-0.0765351,51.5940845],[-0.0769669,51.5940159],[-0.0774198,51.5939483],[-0.0776132,51.5939149],[-0.0783295,51.5937913],[-0.0784742,51.5937683],[-0.0789766,51.5936883],[-0.0793023,51.5936365]],[[-0.0793023,51.5936365],[-0.0794284,51.5936181]],[[-0.0794284,51.5936181],[-0.0794293,51.5937412]],[[-0.0794293,51.5937412],[-0.0794296,51.5937806],[-0.0794327,51.5938244]],[[-0.0794327,51.5938244],[-0.0794418,51.593952],[-0.079448,51.594005],[-0.0794639,51.5941735]],[[-0.0794639,51.5941735],[-0.079479,51.5942568]],[[-0.079479,51.5942568],[-0.0795319,51.5943913],[-0.0795521,51.5944116],[-0.0795735,51.594433],[-0.0796175,51.594468],[-0.0796553,51.5944926],[-0.0797151,51.5945177],[-0.0797987,51.5945387],[-0.0799155,51.5945478]],[[-0.0799155,51.5945478],[-0.07996,51.5945475],[-0.0800075,51.594547]],[[-0.0800075,51.594547],[-0.0809913,51.5944918],[-0.0812188,51.5944778],[-0.0812636,51.5944752]],[[-0.0812636,51.5944752],[-0.0813097,51.5944718],[-0.0813537,51.5944686]],[[-0.0813537,51.5944686],[-0.0815463,51.5944567],[-0.0820579,51.5944298]],[[-0.0820579,51.5944298],[-0.0820957,51.5944278],[-0.0821344,51.5944256]],[[-0.0821344,51.5944256],[-0.0822085,51.5944214],[-0.0825456,51.5944022]],[[-0.0825456,51.5944022],[-0.0825971,51.5943973],[-0.0826487,51.5943963]],[[-0.0826487,51.5943963],[-0.0826944,51.5943933]],[[-0.0826944,51.5943933],[-0.0827326,51.5943442],[-0.0827993,51.5942584],[-0.0828695,51.5941959]],[[-0.0828695,51.5941959],[-0.0828419,51.5940161]],[[-0.0828419,51.5940161],[-0.0828369,51.5939863],[-0.0828336,51.5939581]],[[-0.0828336,51.5939581],[-0.0828354,51.5938278],[-0.0828357,51.5937857],[-0.0828588,51.5936286],[-0.0828843,51.5935081]],[[-0.0828843,51.5935081],[-0.0828898,51.5934825],[-0.0828969,51.5934522]],[[-0.0828969,51.5934522],[-0.0829134,51.5933814],[-0.0829255,51.5933347],[-0.082936,51.5932929],[-0.0829387,51.593258]],[[-0.0828324,51.5929191],[-0.0828402,51.5929564],[-0.0829387,51.593258]],[[-0.0828008,51.592808],[-0.0828206,51.5928803],[-0.0828324,51.5929191]],[[-0.0826485,51.5923142],[-0.0826586,51.5923473],[-0.0827478,51.5926363],[-0.0828008,51.592808]],[[-0.0856579,51.5921492],[-0.0843964,51.592182],[-0.0841733,51.5921873],[-0.0836247,51.5921992],[-0.0834351,51.5922033],[-0.0831261,51.5922087],[-0.0826804,51.5923046],[-0.0826485,51.5923142]],[[-0.0856579,51.5921492],[-0.0856468,51.5918392],[-0.0856292,51.5915642]],[[-0.0856292,51.5915642],[-0.0871451,51.5915193],[-0.0871036,51.5910401],[-0.0871359,51.5909959],[-0.0871509,51.5909807],[-0.0872176,51.5909133]],[[-0.0879521,51.5909466],[-0.0875958,51.590964],[-0.0875128,51.5909658],[-0.087445,51.5909643],[-0.0873823,51.5909601],[-0.0873246,51.5909508],[-0.0872724,51.5909358],[-0.0872176,51.5909133]],[[-0.0892435,51.5908763],[-0.0889602,51.5908917],[-0.0883234,51.5909264],[-0.0879521,51.5909466]],[[-0.0898437,51.5908462],[-0.0896265,51.5908589],[-0.0895523,51.5908624],[-0.0894797,51.5908657],[-0.0893789,51.5908702],[-0.0892435,51.5908763]],[[-0.090396,51.5908183],[-0.0901938,51.590829],[-0.0898437,51.5908462]],[[-0.0920676,51.5907304],[-0.0914981,51.5907594],[-0.0906495,51.5908047],[-0.090396,51.5908183]],[[-0.0924501,51.5907172],[-0.092311,51.590718],[-0.0920676,51.5907304]],[[-0.0924501,51.5907172],[-0.092451,51.5906997],[-0.0924711,51.590673],[-0.0924953,51.5906563]],[[-0.0924953,51.5906563],[-0.0925188,51.5905159],[-0.0925226,51.5904946],[-0.0925435,51.5904029],[-0.0926241,51.5900495]],[[-0.0926241,51.5900495],[-0.0926094,51.5896359],[-0.0925878,51.5893646],[-0.0926033,51.5892187],[-0.0926569,51.5890687],[-0.0928239,51.5888657]],[[-0.0928239,51.5888657],[-0.0929857,51.5887203],[-0.0931193,51.5886003]],[[-0.0931193,51.5886003],[-0.0935199,51.5882514],[-0.093566,51.5882186],[-0.0936121,51.5881865],[-0.0936554,51.5881557],[-0.0936988,51.5881249],[-0.0943264,51.5876715],[-0.0949189,51.5872388],[-0.0951643,51.5870525],[-0.0953083,51.5869176],[-0.0954293,51.5867736],[-0.09557,51.5865958],[-0.095617,51.5865365]],[[-0.1095784,51.6010791],[-0.1099133,51.6009633],[-0.1100604,51.6009145],[-0.1101653,51.6008774],[-0.1102528,51.6008464],[-0.1104603,51.6007729],[-0.1106514,51.600717],[-0.1108615,51.600672],[-0.1110601,51.6006339],[-0.1114229,51.6005728],[-0.1115404,51.6005515]],[[-0.106002,51.6016743],[-0.106515,51.6017085],[-0.1065946,51.6017143],[-0.1066753,51.6017164],[-0.1068759,51.601715],[-0.1070855,51.6017055],[-0.1073762,51.6016804],[-0.1074703,51.6016715],[-0.1076292,51.6016516],[-0.1078124,51.6016304],[-0.1079185,51.6016169],[-0.1080516,51.6015995],[-0.1082698,51.6015752],[-0.108431,51.6015553],[-0.1085435,51.6015414],[-0.1086484,51.6015304],[-0.1088806,51.6014472],[-0.1091296,51.6013181],[-0.1093368,51.6011993],[-0.1095469,51.6010933],[-0.1095784,51.6010791]],[[-0.106002,51.6016743],[-0.1058381,51.6016702],[-0.105686,51.6016692],[-0.1056072,51.6016691],[-0.1055405,51.601675],[-0.105471,51.6016843],[-0.1054216,51.6016927],[-0.1053851,51.6016993],[-0.1053334,51.6017137],[-0.1052695,51.6017358],[-0.1052106,51.601762],[-0.1051801,51.6017802]],[[-0.1051801,51.6017802],[-0.105148,51.6018057],[-0.105124,51.601827],[-0.1050825,51.6018615],[-0.104977,51.6019606],[-0.1049185,51.6020069],[-0.1048325,51.6020629]],[[-0.1040483,51.6029096],[-0.104206,51.6027481],[-0.1044001,51.6025337],[-0.1044974,51.6024225],[-0.1048325,51.6020629]],[[-0.1040483,51.6029096],[-0.1041146,51.6029652],[-0.1041268,51.6029882],[-0.1041217,51.6030304],[-0.1041115,51.6030738],[-0.104105,51.6031278],[-0.1040995,51.6031732],[-0.1040558,51.6033887],[-0.1040438,51.6034246],[-0.1040293,51.6034536],[-0.103992,51.603534]],[[-0.103992,51.603534],[-0.1039538,51.6037542],[-0.1038919,51.6040162],[-0.1038431,51.6042389],[-0.1038074,51.6043788],[-0.1037782,51.6045063],[-0.1037693,51.6045671],[-0.1037664,51.6046373],[-0.1037811,51.6047228],[-0.103793,51.6047803],[-0.1038065,51.6048967],[-0.103802,51.6050037],[-0.1037788,51.6051412],[-0.1037332,51.6053796],[-0.1036374,51.6058097],[-0.1036345,51.6059189],[-0.1036481,51.6060536],[-0.1036554,51.6061471],[-0.1036986,51.6063761],[-0.1037672,51.6066534],[-0.1037851,51.6067349],[-0.103797,51.6067862],[-0.1038058,51.6068549],[-0.1038115,51.6069199],[-0.103812,51.6069725],[-0.1038051,51.6070461],[-0.103789,51.6071255],[-0.1036989,51.607386],[-0.1035136,51.6077382],[-0.1033246,51.6080648],[-0.1032465,51.60819],[-0.10317637622257457,51.60828137064367]],[[-0.103992,51.603534],[-0.1039585,51.603446],[-0.1039133,51.6034028],[-0.1038508,51.6033638],[-0.1036955,51.6033171],[-0.1035974,51.6032913],[-0.1034492,51.6032612]],[[-0.1034492,51.6032612],[-0.1037345,51.6031428],[-0.1038971,51.6030413],[-0.1039781,51.6029769],[-0.1040483,51.6029096]],[[-0.1048325,51.6020629],[-0.1048592,51.6019829],[-0.1048922,51.6019304],[-0.1050337,51.6017831],[-0.1050588,51.601759]],[[-0.1050588,51.601759],[-0.1051147,51.6017198],[-0.1051653,51.6016886],[-0.1051963,51.6016733]],[[-0.1051963,51.6016733],[-0.1053056,51.6016316]],[[-0.1053056,51.6016316],[-0.1053329,51.6016255],[-0.1053815,51.6016171],[-0.1054292,51.601613],[-0.1054676,51.6016127],[-0.1055433,51.6016136],[-0.1057131,51.6016252],[-0.1058375,51.601643],[-0.106002,51.6016743]],[[-0.0926241,51.5900495],[-0.0926371,51.590415],[-0.0926403,51.5905041],[-0.0926398,51.5905147],[-0.0926324,51.5906644]],[[-0.0926324,51.5906644],[-0.0926458,51.5906748],[-0.0926556,51.5906868],[-0.0926613,51.5906997]],[[-0.0926613,51.5906997],[-0.0926626,51.5907144],[-0.0926586,51.5907289],[-0.0926496,51.5907424],[-0.092636,51.5907545]],[[-0.092636,51.5907545],[-0.0926204,51.5907635],[-0.0926023,51.5907703],[-0.0925823,51.5907749],[-0.0925612,51.5907768],[-0.0925399,51.5907761],[-0.0925193,51.5907728],[-0.0925002,51.590767]],[[-0.0925002,51.590767],[-0.0924754,51.5907539],[-0.0924582,51.5907368],[-0.0924501,51.5907172]],[[-0.0879521,51.5909466],[-0.0880965,51.5920742],[-0.0856579,51.5921492]],[[-0.0794284,51.5936181],[-0.0799614,51.5935092],[-0.0808195,51.5933338],[-0.0812061,51.5932548],[-0.0816784,51.5931573],[-0.082279,51.5930333],[-0.0828324,51.5929191]],[[-0.0755411,51.5942952],[-0.0755657,51.5943227],[-0.0755843,51.5943704]],[[-0.0755843,51.5943704],[-0.0756139,51.5950023],[-0.0756514,51.5956992]],[[-0.0756514,51.5956992],[-0.0756786,51.5960152],[-0.0757308,51.5963948]],[[-0.0757308,51.5963948],[-0.0756789,51.5963968],[-0.0755993,51.5964015]],[[-0.0755993,51.5964015],[-0.0746471,51.5964732],[-0.074585,51.5964795],[-0.0745292,51.596492]],[[-0.0745292,51.596492],[-0.0744652,51.5965107],[-0.0743602,51.5965471],[-0.0733741,51.5970045],[-0.0733076,51.5970347]],[[-0.0609609,51.5886122],[-0.0609231,51.5885057],[-0.0608713,51.5883548]],[[-0.0600438,51.5849294],[-0.060075,51.5847116]],[[-0.060075,51.5847116],[-0.0599846,51.5846874],[-0.0599259,51.5846816],[-0.0598636,51.584687],[-0.0598223,51.5846994],[-0.0597958,51.5847215],[-0.0597835,51.5847472],[-0.0597791,51.584782]],[[-0.0627295,51.5882092],[-0.0627831,51.5881836],[-0.0628352,51.5881769],[-0.0628933,51.5881784],[-0.0629628,51.5881804],[-0.0630513,51.5881723],[-0.0631444,51.5881558],[-0.0632119,51.5881399],[-0.063375,51.5881141]],[[-0.0722338,51.5839315],[-0.0724195,51.5838855],[-0.0724954,51.583881],[-0.0725766,51.5838849],[-0.0727284,51.5839153]],[[-0.1131556,51.5880101],[-0.1130845,51.5879428],[-0.1130431,51.587902]],[[-0.1130431,51.587902],[-0.1130309,51.5878886]],[[-0.1130309,51.5878886],[-0.113018,51.5878723],[-0.1128916,51.5877135],[-0.1127246,51.5875024]],[[-0.1127246,51.5875024],[-0.1125906,51.5873296],[-0.1123199,51.5868961]],[[-0.1123199,51.5868961],[-0.1122798,51.5866782],[-0.1122763,51.5864845]],[[-0.1122763,51.5864845],[-0.1122782,51.5863679],[-0.112283,51.5862957],[-0.1122882,51.5862182],[-0.1123228,51.5861065],[-0.1123342,51.5860696],[-0.1123579,51.5860275],[-0.1123954,51.5859609],[-0.1124421,51.5858968],[-0.1125026,51.5858219],[-0.1125531,51.5857816],[-0.1126762,51.5856996],[-0.1127925,51.5856454],[-0.1128713,51.5856123],[-0.1131198,51.5855561],[-0.1133204,51.5855271],[-0.1135537,51.5855096],[-0.1136121,51.5855063],[-0.1137872,51.5854965],[-0.1141193,51.5854601],[-0.11438,51.5854038],[-0.1145806,51.5853396],[-0.1147258,51.5852776],[-0.1148799,51.5852018],[-0.1150015,51.5851414],[-0.115129,51.5850586],[-0.1152629,51.5849663],[-0.1153594,51.5849048]],[[-0.1153594,51.5849048],[-0.1153989,51.5848757],[-0.115469,51.5848242]],[[-0.115469,51.5848242],[-0.1154761,51.5848189],[-0.1155686,51.5847783]],[[-0.1171429,51.5832284],[-0.1171314,51.5832118],[-0.1171333,51.5831969],[-0.117198,51.5831498]],[[-0.117198,51.5831498],[-0.1172242,51.5831332],[-0.1172873,51.5830938],[-0.117313,51.5830899],[-0.1173427,51.5830918]],[[-0.1497444,51.5713264],[-0.14977667132469727,51.57130395281664]],[[-0.1540678,51.5806839],[-0.1542523,51.5807222],[-0.1543324,51.5807248],[-0.1545186,51.5806871]],[[-0.155028,51.5804791],[-0.1550998,51.5804661],[-0.155145,51.5804673],[-0.155224,51.5804825],[-0.1553039,51.580512]],[[-0.13534539686865749,51.611153914791394],[-0.1352805,51.6111333],[-0.1349774,51.610989]],[[-0.133446,51.6105001],[-0.133325,51.6104837],[-0.1332138,51.6104598],[-0.1329657,51.6104017],[-0.1327305,51.6103595],[-0.1324587,51.6103146],[-0.1324186,51.6103069],[-0.1323714,51.6102908],[-0.1323587,51.6102729]],[[-0.1220046,51.6050561],[-0.1219171,51.6050126],[-0.1218985,51.6049816],[-0.1218808,51.6049502],[-0.1218664,51.6049246]],[[-0.1218664,51.6049246],[-0.1218526,51.6049008],[-0.1218421,51.6048834]],[[-0.1218421,51.6048834],[-0.1217547,51.6047436]],[[-0.1217547,51.6047436],[-0.1216725,51.604612]],[[-0.1216725,51.604612],[-0.1216563,51.6045861],[-0.1216298,51.6045381],[-0.1215168,51.6043329],[-0.1211069,51.6036463],[-0.1210744,51.6035919],[-0.12099,51.6034552],[-0.1209679,51.6034181],[-0.1207756,51.6031043],[-0.1206419,51.6028861],[-0.1204941,51.602697]],[[-0.1204941,51.602697],[-0.1204018,51.6026115],[-0.120207,51.6024568],[-0.1199714,51.6023168],[-0.1195362,51.6021013],[-0.1191087,51.6019038]],[[-0.1191087,51.6019038],[-0.1188399,51.6017846],[-0.1187705,51.6017549],[-0.1187097,51.6017302],[-0.1183921,51.6015942],[-0.118052,51.6014586],[-0.1177618,51.6013446]],[[-0.1177618,51.6013446],[-0.1174505,51.6012222],[-0.1172471,51.6011462]],[[-0.1172471,51.6011462],[-0.1171698,51.6011185]],[[-0.1171698,51.6011185],[-0.117065,51.601081],[-0.1170229,51.601066]],[[-0.1170229,51.601066],[-0.1167756,51.6009826],[-0.116002,51.6007242],[-0.1159309,51.600701],[-0.1158696,51.60068],[-0.1157333,51.600634]],[[-0.1157333,51.600634],[-0.1156197,51.6005962]],[[-0.1156197,51.6005962],[-0.1154949,51.6005538],[-0.1154547,51.6005394],[-0.1154264,51.6005114]],[[-0.1154264,51.6005114],[-0.1154022,51.6004875]],[[-0.1113638,51.5991084],[-0.1112959,51.5991134],[-0.1111663,51.5990933],[-0.1110548,51.5990818],[-0.1109468,51.5990712]],[[-0.0702839,51.589333],[-0.0702189,51.5892305],[-0.0701671,51.5891296],[-0.0701258,51.5890906],[-0.0699811,51.5889979],[-0.0699361,51.5889336]],[[-0.1067043,51.5658869],[-0.1056706,51.5651955]],[[-0.1056706,51.5651955],[-0.1056221,51.5651635],[-0.1055736,51.5651315]],[[-0.1055736,51.5651315],[-0.1054911,51.5650779]]]}},{"type":"Feature","properties":{"kind":"stops"},"geometry":{"type":"MultiPoint","coordinates":[[-0.1354233,51.5788783],[-0.0861846,51.6049552],[-0.1226488,51.5870846],[-0.0937018,51.5813295],[-0.1223994,51.5841897],[-0.0741898,51.5824307],[-0.109047,51.5972418],[-0.1074204,51.5975635],[-0.1046349,51.5983675],[-0.0755747,51.5758362],[-0.1204347,51.6071151],[-0.0848418,51.6052098],[-0.0963566,51.6050015],[-0.0692975,51.6053887],[-0.0741695,51.6051965],[-0.0577824,51.6046051],[-0.1339321,51.5923372],[-0.1277866,51.5952665],[-0.0707692,51.5879949],[-0.0709505,51.5875058],[-0.0615895,51.5878702],[-0.0982831,51.5771192],[-0.1235032,51.5835272],[-0.1245456,51.6070469],[-0.1253549,51.6072865],[-0.1235628,51.6080596],[-0.1235109,51.6075479],[-0.060299,51.5892794],[-0.1054509,51.5920939],[-0.1035568,51.5907904],[-0.1042693,51.5913518],[-0.105348,51.5898757],[-0.1047049,51.5915418],[-0.1025463,51.5908933],[-0.103738,51.5901207],[-0.0732315,51.5825621],[-0.0741036,51.5840268],[-0.0728922,51.5839782],[-0.0723543,51.5837637],[-0.1460414,51.5772523],[-0.1102286,51.5977031],[-0.109085,51.5971721],[-0.1217826,51.598452],[-0.1214669,51.5981977],[-0.1200192,51.5983258],[-0.1195792,51.5981217],[-0.0695835,51.5930963],[-0.0697207,51.5935021],[-0.070825,51.5948222],[-0.0702478,51.5945735],[-0.1065741,51.5775113],[-0.0988112,51.5771747],[-0.0987511,51.5778103],[-0.1121953,51.586391],[-0.0693003,51.6053327],[-0.0689926,51.6054944],[-0.0681903,51.6051183],[-0.1309805,51.6023815],[-0.1315463,51.601673],[-0.1142182,51.5702786],[-0.1242512,51.5960079],[-0.1248505,51.596026],[-0.1299939,51.5936446],[-0.12786,51.5953282],[-0.1328983,51.5932322],[-0.1329678,51.5930795],[-0.1262125,51.5984308],[-0.1251121,51.5984819],[-0.0989655,51.5685934],[-0.1342334,51.5923989],[-0.1338207,51.5923774],[-0.1326963,51.5875066],[-0.1327966,51.587375],[-0.1454359,51.5962058],[-0.1451587,51.5959463],[-0.1338312,51.5868531],[-0.1335676,51.5866877],[-0.1430651,51.6089407],[-0.100055,51.5875833],[-0.0770061,51.5990483],[-0.0754834,51.6073449],[-0.0752532,51.6071253],[-0.049408,51.6009819],[-0.0498749,51.6023409],[-0.0548347,51.6030035],[-0.0550742,51.6026693],[-0.0553756,51.6030462],[-0.0727362,51.5805298],[-0.0725602,51.5805739],[-0.0899375,51.5844833],[-0.0900628,51.5841195],[-0.1047882,51.5737864],[-0.1387358,51.5704751],[-0.1571142,51.5721497],[-0.1574607,51.572083],[-0.0847616,51.5857651],[-0.0829679,51.5854704],[-0.0819234,51.5980126],[-0.0831099,51.5978521],[-0.0812237,51.5944328],[-0.0949144,51.5976242],[-0.0938591,51.5968798],[-0.1061064,51.5728792],[-0.1188464,51.5793862],[-0.0949472,51.5813871],[-0.0679072,51.6081458],[-0.0543352,51.5872329],[-0.1001258,51.5840865],[-0.099972,51.5843669],[-0.0757255,51.5954054],[-0.1354912,51.5789168],[-0.1368504,51.5783495],[-0.1120107,51.6017509],[-0.1484249,51.590987],[-0.0753558,51.5818085],[-0.0897274,51.5863925],[-0.0908108,51.5861259],[-0.1441659,51.570037],[-0.074461,51.5981015],[-0.0743096,51.5977913],[-0.0771607,51.5847757],[-0.1458604,51.5889222],[-0.1227551,51.5767646],[-0.0585224,51.5993403],[-0.058779,51.599204],[-0.1652733,51.5727949],[-0.1650623,51.572617],[-0.1076189,51.5747233],[-0.1535661,51.6019493],[-0.1139507,51.5880609],[-0.1138493,51.5878577],[-0.0887889,51.6027986],[-0.0881937,51.602664],[-0.1471818,51.5863336],[-0.1470024,51.5855007],[-0.1239907,51.5987509],[-0.1231016,51.5987736],[-0.1439847,51.5962147],[-0.1440807,51.5959427],[-0.0916896,51.5908191],[-0.0912925,51.5907335],[-0.1219627,51.5751843],[-0.124578,51.5778526],[-0.1249275,51.5773157],[-0.0984194,51.5759348],[-0.0737854,51.5772353],[-0.0599336,51.5861959],[-0.0597138,51.5865216],[-0.1522022,51.5982281],[-0.1229548,51.5803756],[-0.1232596,51.5799472],[-0.1238662,51.5792431],[-0.1359689,51.5760113],[-0.1196791,51.5822887],[-0.1194428,51.5821796],[-0.0535881,51.587157],[-0.0588323,51.5876237],[-0.0583156,51.5874375],[-0.05989,51.5847953],[-0.0972416,51.6022327],[-0.1009787,51.5866794],[-0.1005822,51.5862688],[-0.153033,51.5910558],[-0.1536122,51.5909142],[-0.145711,51.589278],[-0.1498791,51.5911791],[-0.0615984,51.6059159],[-0.0624305,51.60592],[-0.0719496,51.5781525],[-0.0965235,51.5985327],[-0.0955533,51.5981426],[-0.0909943,51.6017826],[-0.0906402,51.6017093],[-0.0768897,51.5810155],[-0.0757976,51.5893716],[-0.0766012,51.5893909],[-0.1381663,51.5897458],[-0.1376184,51.5893774],[-0.0637504,51.5779242],[-0.0639268,51.5779821],[-0.0921806,51.5989537],[-0.0917817,51.5994651],[-0.085157,51.605231],[-0.0857646,51.602807],[-0.1124828,51.5995299],[-0.1114446,51.5999606],[-0.1113012,51.6000967],[-0.1123576,51.5993866],[-0.0917334,51.6067476],[-0.0934957,51.6061172],[-0.1307844,51.5842136],[-0.1316285,51.5847757],[-0.1282583,51.5868092],[-0.1273841,51.5867204],[-0.1267627,51.5752688],[-0.1270961,51.5742371],[-0.0989128,51.5824246],[-0.0960637,51.5763101],[-0.116361,51.5839702],[-0.1160741,51.5840422],[-0.0585977,51.5879212],[-0.0828293,51.6012547],[-0.0826535,51.600982],[-0.0984106,51.574894],[-0.0834271,51.5773007],[-0.0838973,51.5766304],[-0.0840859,51.5922396],[-0.085582,51.5919749],[-0.1528777,51.571839],[-0.152568,51.5776172],[-0.1528418,51.577668],[-0.1499699,51.5723745],[-0.1496961,51.5721028],[-0.1464733,51.582023],[-0.1466099,51.5813726],[-0.1513185,51.5795565],[-0.1236887,51.5787822],[-0.0766382,51.5778597],[-0.0762897,51.5776976],[-0.150471,51.5751827],[-0.1505665,51.5755728],[-0.0689861,51.5985684],[-0.0681265,51.597907],[-0.0678747,51.598947],[-0.0690774,51.598675],[-0.0771778,51.599035],[-0.1066415,51.5931109],[-0.1063752,51.5929285],[-0.0976705,51.5938297],[-0.0978976,51.5935466],[-0.1400252,51.5720967],[-0.1392004,51.5716212],[-0.0792328,51.5852594],[-0.0805713,51.5851889],[-0.0545193,51.6069891],[-0.0543686,51.6059879],[-0.1108727,51.6070073],[-0.0993268,51.5800065],[-0.1148941,51.5965503],[-0.116536,51.5967382],[-0.1446176,51.5942066],[-0.096361,51.6049541],[-0.1121116,51.6029156],[-0.111798,51.6033102],[-0.1195961,51.6021738],[-0.1201751,51.6023087],[-0.1239153,51.5869919],[-0.1226284,51.587014],[-0.1316415,51.6102289],[-0.1327901,51.6102397],[-0.0582763,51.5880549],[-0.0982925,51.5990703],[-0.1550281,51.5811765],[-0.1547813,51.5797473],[-0.1548134,51.5800355],[-0.1419006,51.5742273],[-0.140915,51.5734386],[-0.1469697,51.5841128],[-0.1466029,51.5836299],[-0.1130905,51.5745181],[-0.1125936,51.5740942],[-0.1464461,51.5947693],[-0.1462613,51.5947034],[-0.0793048,51.5892368],[-0.079494,51.589097],[-0.0781472,51.5983019],[-0.0802096,51.5980451],[-0.1149036,51.5768164],[-0.114043,51.5759609],[-0.145809,51.5899301],[-0.1457846,51.5897602],[-0.1486479,51.5783942],[-0.1187035,51.5876939],[-0.1182311,51.5876415],[-0.1098241,51.5776],[-0.1219185,51.5864072],[-0.1000709,51.5996445],[-0.1018449,51.5991809],[-0.0873235,51.5863696],[-0.0882583,51.586406],[-0.1227991,51.6060115],[-0.1223334,51.6053602],[-0.1235965,51.5835273],[-0.1041157,51.5782601],[-0.1148801,51.6003717],[-0.1164171,51.6007475],[-0.0752909,51.5964634],[-0.1105165,51.5783508],[-0.1223999,51.5842453],[-0.0680814,51.5972607],[-0.0577837,51.6046863],[-0.058272,51.604749],[-0.0497245,51.605179],[-0.0816578,51.5800857],[-0.081842,51.57997],[-0.120544,51.5819464],[-0.1381528,51.598722],[-0.1382959,51.5985423],[-0.073047,51.5777407],[-0.099676,51.5817773],[-0.0997126,51.5829489],[-0.1116872,51.6057501],[-0.1006455,51.5999298],[-0.148531,51.5709558],[-0.0664307,51.584631],[-0.097269,51.5870326],[-0.0980706,51.5871874],[-0.1524882,51.5799306],[-0.1321735,51.5990156],[-0.1008315,51.5751638],[-0.1495398,51.5741796],[-0.161221,51.5728531],[-0.1624715,51.5725983],[-0.097518,51.6021862],[-0.1453817,51.576829],[-0.1429149,51.5755868],[-0.1479651,51.5779472],[-0.0614491,51.5991123],[-0.0628303,51.598875],[-0.1593364,51.5902571],[-0.089681,51.5816073],[-0.0911043,51.5815404],[-0.0869146,51.5812601],[-0.0877411,51.5812509],[-0.079761,51.5791461],[-0.0815933,51.5789247],[-0.0798776,51.579737],[-0.0797746,51.5790243],[-0.072898,51.5768375],[-0.0842424,51.58832],[-0.0828587,51.5884689],[-0.0915639,51.598069],[-0.09125,51.5979498],[-0.1344617,51.6005176],[-0.134856,51.6001075],[-0.1141098,51.571304],[-0.0705788,51.5839911],[-0.1022782,51.589866],[-0.1023016,51.5900974],[-0.1023065,51.59037],[-0.1024695,51.5901099],[-0.0730411,51.5966977],[-0.1353932,51.5991383],[-0.1116313,51.5810707],[-0.1111254,51.5689163],[-0.071703,51.588581],[-0.0716447,51.5884765],[-0.0741755,51.6051326],[-0.0743791,51.6052579],[-0.0792001,51.6051056],[-0.0794282,51.604988],[-0.0637197,51.5866002],[-0.0643269,51.606227],[-0.0656986,51.6061744],[-0.066657,51.598689],[-0.0676457,51.5985247],[-0.0689683,51.5888019],[-0.0680464,51.6039852],[-0.0677204,51.6029615],[-0.1185972,51.5829285],[-0.0702778,51.5903538],[-0.0698372,51.5912218],[-0.067853,51.6020338],[-0.0676212,51.6018232],[-0.0710438,51.5875232],[-0.0708584,51.5880141],[-0.0706026,51.5879442],[-0.0867602,51.5979206],[-0.0881066,51.597828],[-0.0854688,51.6026107],[-0.1280577,51.609096],[-0.1275211,51.6085774],[-0.0851841,51.5756394],[-0.0851433,51.5754408],[-0.0993597,51.5754544],[-0.1112973,51.5888421],[-0.1109188,51.5886582],[-0.0795755,51.5938922],[-0.1000318,51.5880535],[-0.0881272,51.5909148],[-0.1421658,51.5975218],[-0.1416515,51.5975488],[-0.1270076,51.5820054],[-0.1044231,51.6026665],[-0.1039043,51.6036264],[-0.1039218,51.6070077],[-0.103748,51.6070024],[-0.1033982,51.5654259],[-0.0724536,51.5821814],[-0.0721,51.5833119],[-0.0721108,51.5848499],[-0.071559,51.5856845],[-0.1039116,51.6043286],[-0.1263423,51.6056731],[-0.1272785,51.6048588],[-0.1105221,51.5981193],[-0.1038834,51.5986572],[-0.1045607,51.5983444],[-0.1089171,51.5956235],[-0.1091048,51.5957636],[-0.0916714,51.5820005],[-0.091508,51.582144],[-0.0944145,51.5860559],[-0.1475605,51.5786653],[-0.1473742,51.5785907],[-0.1582037,51.582533],[-0.1591789,51.5832131],[-0.1430644,51.5918918],[-0.1426772,51.5916206],[-0.1428313,51.5906963],[-0.142893,51.5908247],[-0.1439931,51.5900157],[-0.1401043,51.5905868],[-0.1420912,51.5909173],[-0.1092955,51.5967465],[-0.1095938,51.5967287],[-0.1105126,51.5977894],[-0.0880507,51.5911827],[-0.1411176,51.5694081],[-0.133922,51.5732793],[-0.1359799,51.5716418],[-0.1274084,51.5824307],[-0.0731277,51.5785322],[-0.0774574,51.580919],[-0.1551408,51.5812126],[-0.0660992,51.5948212],[-0.0665616,51.5947262],[-0.0660252,51.5786809],[-0.0661282,51.5791378],[-0.0569726,51.5977803],[-0.0569921,51.5974293],[-0.062833,51.5948932],[-0.0617808,51.5945385],[-0.0546647,51.597125],[-0.0531714,51.597647],[-0.0553472,51.5962341],[-0.0600066,51.5903776],[-0.0593687,51.5912578],[-0.0720352,51.5960952],[-0.0724417,51.5956734],[-0.0767539,51.5940976],[-0.0772305,51.5939015],[-0.0656694,51.589403],[-0.0730953,51.5986217],[-0.1358538,51.599087],[-0.108155,51.5974617],[-0.1076093,51.5976092],[-0.110861,51.5970226],[-0.1107716,51.5971433],[-0.1110716,51.5969836],[-0.1024927,51.5897111],[-0.1468886,51.5873214],[-0.0937248,51.5981839],[-0.092423,51.5861335],[-0.1014866,51.5880852],[-0.1176989,51.5805079],[-0.1170483,51.5799036],[-0.1296235,51.5805495],[-0.1295936,51.5804508],[-0.1079521,51.5781182],[-0.1045838,51.5728477],[-0.1211182,51.57811],[-0.1135841,51.5811539],[-0.0933188,51.5885904],[-0.0942442,51.5878277],[-0.0931418,51.5885306],[-0.0940785,51.5877643],[-0.0827873,51.5925475],[-0.0826943,51.592694],[-0.0565821,51.5982591],[-0.0567071,51.5983685],[-0.0591919,51.596525],[-0.0592693,51.5964634],[-0.0605532,51.5957226],[-0.0604916,51.5954069],[-0.0689638,51.5948467],[-0.0688252,51.5947495],[-0.072441,51.5776474],[-0.0617979,51.5951528],[-0.0865668,51.6057176],[-0.0848169,51.6052622],[-0.0862687,51.6049605],[-0.0859195,51.6049127],[-0.0868614,51.6056757],[-0.1070887,51.6016468],[-0.106997,51.6017526],[-0.0716694,51.5987507],[-0.1110991,51.5856442],[-0.1211322,51.5983522],[-0.120437,51.607363],[-0.1171229,51.5798868],[-0.1421668,51.5912571],[-0.079187,51.6050563],[-0.0594727,51.5912717],[-0.1441303,51.595966],[-0.1116415,51.5861764],[-0.1050615,51.5769096],[-0.105577,51.5777822],[-0.1330483,51.593154],[-0.114826,51.5768404],[-0.059316,51.5904102],[-0.0974216,51.5773769],[-0.0706826,51.5927311],[-0.069921,51.5940147],[-0.0707822,51.6038301],[-0.0710333,51.6051458],[-0.0965771,51.5703258],[-0.1247997,51.6074523],[-0.1097553,51.5974189],[-0.0605173,51.5882722],[-0.1427706,51.5915906],[-0.1021654,51.5898387],[-0.1421704,51.5913179],[-0.1429841,51.5919296],[-0.0727884,51.5834588],[-0.075056,51.5839456],[-0.0751892,51.5824935],[-0.0551188,51.6026117],[-0.0546968,51.6030572],[-0.0610587,51.5885323],[-0.0607893,51.5883696],[-0.0608753,51.5886175],[-0.0609846,51.5883237],[-0.0608713,51.5883548],[-0.0610817,51.5882998],[-0.0609609,51.5886122],[-0.0611149,51.5884258],[-0.0598817,51.5903781],[-0.1108699,51.5970694],[-0.1107395,51.5970924],[-0.0993416,51.5809907],[-0.1024756,51.5893145],[-0.1081425,51.5940773],[-0.1145636,51.5703809],[-0.1142576,51.5702369],[-0.1341162,51.5924387],[-0.1329124,51.593148],[-0.1337169,51.5868277],[-0.1228077,51.5767401],[-0.1238397,51.5787698],[-0.1237757,51.5792418],[-0.1233054,51.5799904],[-0.1229353,51.5803039],[-0.1218743,51.5751988],[-0.1375803,51.5894259],[-0.1382213,51.5896913],[-0.1307323,51.5842406],[-0.131675,51.5847207],[-0.1401781,51.5905313],[-0.1111803,51.5688824],[-0.1116488,51.5690938],[-0.1176139,51.5805301],[-0.1269653,51.5820234],[-0.127535,51.5824395],[-0.1326176,51.5874058],[-0.1327557,51.5874382],[-0.1248225,51.5959639],[-0.1242557,51.5960399],[-0.1300225,51.593662],[-0.1196619,51.5980938],[-0.1165213,51.5967785],[-0.1273777,51.586771],[-0.128281,51.5867602],[-0.114124,51.5759433],[-0.1239396,51.5869059],[-0.1126447,51.5740834],[-0.1130552,51.5745853],[-0.1217167,51.5984658],[-0.1219549,51.5864175],[-0.1196223,51.5822082],[-0.1186897,51.5828927],[-0.1140248,51.5712719],[-0.1149428,51.5964923],[-0.1296145,51.5804998],[-0.1295913,51.5805075],[-0.1249892,51.5773364],[-0.1244853,51.5778359],[-0.1137439,51.5879682],[-0.1139941,51.587952],[-0.1204814,51.5818864],[-0.1111354,51.5887717],[-0.1360604,51.5759882],[-0.1409974,51.5734139],[-0.1418131,51.5742617],[-0.1571236,51.5721103],[-0.1574532,51.5721414],[-0.1474494,51.578591],[-0.1474578,51.5786658],[-0.1483836,51.5708702],[-0.1503683,51.5752328],[-0.1506479,51.5755686],[-0.1496282,51.5741684],[-0.1453491,51.5962241],[-0.1483532,51.591036],[-0.1438811,51.5961815],[-0.1498759,51.5911238],[-0.1536409,51.5909899],[-0.1530251,51.591013],[-0.1445213,51.5942125],[-0.1428506,51.5907788],[-0.1429073,51.5907465],[-0.0851367,51.6052842],[-0.0934677,51.6061917],[-0.0917121,51.6066948],[-0.0982446,51.5991085],[-0.0967761,51.6046268],[-0.0974817,51.6021374],[-0.0972592,51.6022976],[-0.1017947,51.5992405],[-0.1000902,51.5995991],[-0.1079359,51.5974275],[-0.0865879,51.6056653],[-0.086809,51.6057235],[-0.1006027,51.5998897],[-0.0794527,51.6050395],[-0.0859693,51.6049297],[-0.1038403,51.5985988],[-0.1104312,51.5978441],[-0.0616051,51.605853],[-0.0624634,51.6060033],[-0.0744031,51.6052081],[-0.0582236,51.604804],[-0.0640861,51.6061656],[-0.0681366,51.6051415],[-0.0689713,51.6054595],[-0.0681418,51.6058855],[-0.068038,51.6058923],[-0.0656482,51.6062163],[-0.1271612,51.5742425],[-0.126678,51.5752424],[-0.1428267,51.5694573],[-0.1650227,51.5726796],[-0.1653097,51.5727397],[-0.1624815,51.5726716],[-0.1611961,51.5727985],[-0.0936625,51.5812729],[-0.0949743,51.5813308],[-0.0983202,51.5749078],[-0.0985157,51.5759049],[-0.096122,51.5762694],[-0.139934,51.5721107],[-0.1198717,51.5976567],[-0.121066,51.5984751],[-0.0554563,51.6030171],[-0.1022162,51.5900902],[-0.1093763,51.5967332],[-0.1090001,51.5958012],[-0.0771601,51.6059972],[-0.0781421,51.6055939],[-0.0699743,51.5921256],[-0.0697603,51.5918116],[-0.0726723,51.5780354],[-0.0782936,51.6055822],[-0.0637485,51.5874069],[-0.0669792,51.5846267],[-0.0639997,51.5857129],[-0.1420939,51.5909447],[-0.145249,51.5959338],[-0.119935,51.5983606],[-0.1498887,51.5723691],[-0.1497934,51.5721073],[-0.1528753,51.5717837],[-0.1532028,51.571806],[-0.1429981,51.5755577],[-0.1487773,51.5709758],[-0.1459023,51.5703724],[-0.1195128,51.5822478],[-0.1368886,51.578405],[-0.0599014,51.5882172],[-0.0538225,51.6018239],[-0.0595155,51.5891205],[-0.0690241,51.5949681],[-0.1250483,51.6073026],[-0.1028166,51.5899558],[-0.1024585,51.5901231],[-0.1023905,51.5901082],[-0.1022212,51.590375],[-0.09088,51.601629],[-0.0909877,51.6017322],[-0.0665171,51.5889761],[-0.0886914,51.6027402],[-0.088211,51.6027104],[-0.0918651,51.5994998],[-0.0921273,51.5989904],[-0.1510334,51.5961376],[-0.1507461,51.5958597],[-0.0677356,51.6084574],[-0.1453089,51.5768538],[-0.0545344,51.6006194],[-0.0539922,51.6018916],[-0.0722558,51.5803607],[-0.0712894,51.5805184],[-0.0612144,51.5887332],[-0.0613559,51.5887253],[-0.1335707,51.5731014],[-0.0612555,51.5884062],[-0.1464578,51.5779247],[-0.1059429,51.5661163],[-0.1061909,51.5658839],[-0.1199191,51.5976406],[-0.06117,51.5886061],[-0.1527586,51.5776902],[-0.1526428,51.5775837],[-0.1588837,51.5723414],[-0.1467394,51.5813915],[-0.1552093,51.5811649],[-0.1549993,51.5810782],[-0.1524784,51.5799943],[-0.1513038,51.5794845],[-0.1487305,51.5783608],[-0.147853,51.5779606],[-0.1460957,51.5771999],[-0.1392871,51.5715973],[-0.1466926,51.5836159],[-0.1470745,51.5854994],[-0.1469496,51.5873227],[-0.1459267,51.5889598],[-0.1456367,51.5892049],[-0.1470769,51.5863264],[-0.1469187,51.584117],[-0.146425,51.5820163],[-0.1046055,51.5915792],[-0.102385,51.5893285],[-0.1008802,51.5866878],[-0.100045,51.5840944],[-0.0995895,51.581789],[-0.0992437,51.580008],[-0.0987481,51.5772286],[-0.0988564,51.5778117],[-0.0994298,51.5809802],[-0.0998185,51.5829541],[-0.1000893,51.5843553],[-0.1006741,51.5862623],[-0.101634,51.5880631],[-0.1036845,51.5907547],[-0.1064304,51.5928999],[-0.0787588,51.5936749],[-0.0778777,51.5939003],[-0.11026,51.5976166],[-0.1336694,51.5866778],[-0.0968422,51.6046599],[-0.1419361,51.5913622],[-0.1465746,51.5778165],[-0.1100851,51.5973185],[-0.1131113,51.5920515],[-0.1152744,51.5937076],[-0.115457,51.593712],[-0.1148867,51.593431],[-0.1127953,51.5914002],[-0.1123941,51.5950238],[-0.1115359,51.5857946],[-0.1113208,51.5859309],[-0.1206504,51.5979993],[-0.1205175,51.5981408],[-0.1206085,51.607027],[-0.1051552,51.577388],[-0.1054049,51.5773504],[-0.09789,51.5772774],[-0.0978291,51.5772078],[-0.0543816,51.6011651],[-0.0541739,51.6012899],[-0.0596954,51.5893284],[-0.0595264,51.589335],[-0.0708249,51.6044083],[-0.0709766,51.6044145],[-0.073397,51.5828186],[-0.073634,51.5830577],[-0.0735068,51.5829308],[-0.0752101,51.5832024],[-0.0750635,51.5831541],[-0.0717369,51.5804863],[-0.0717892,51.5803939],[-0.1247791,51.6073649],[-0.1248787,51.6072736],[-0.1028948,51.5900746],[-0.1026806,51.5902169],[-0.0595665,51.5890409],[-0.1204066,51.5981918],[-0.0761768,51.5751975],[-0.0704846,51.5932808],[-0.0703585,51.5932496],[-0.1207017,51.5979818],[-0.0610076,51.5879278],[-0.0610825,51.5882071],[-0.0541454,51.6012589]]}},{"type":"Feature","properties":{"kind":"station","name":"Harringay"},"geometry":{"type":"Point","coordinates":[-0.1052701,51.5775578]}},{"type":"Feature","properties":{"kind":"station","name":"Highgate"},"geometry":{"type":"Point","coordinates":[-0.1458316,51.5776825]}},{"type":"Feature","properties":{"kind":"station","name":"Seven Sisters"},"geometry":{"type":"Point","coordinates":[-0.0749325,51.5824738]}},{"type":"Feature","properties":{"kind":"station","name":"Bounds Green"},"geometry":{"type":"Point","coordinates":[-0.1249047,51.607376]}},{"type":"Feature","properties":{"kind":"station","name":"Turnpike Lane"},"geometry":{"type":"Point","coordinates":[-0.1027442,51.5901482]}},{"type":"Feature","properties":{"kind":"station","name":"White Hart Lane"},"geometry":{"type":"Point","coordinates":[-0.0709154,51.6045335]}},{"type":"Feature","properties":{"kind":"station","name":"Bruce Grove"},"geometry":{"type":"Point","coordinates":[-0.0700054,51.5937114]}},{"type":"Feature","properties":{"kind":"station","name":"Northumberland Park"},"geometry":{"type":"Point","coordinates":[-0.053865,51.6019083]}},{"type":"Feature","properties":{"kind":"station","name":"Hornsey"},"geometry":{"type":"Point","coordinates":[-0.1116832,51.5863215]}},{"type":"Feature","properties":{"kind":"station","name":"Bowes Park"},"geometry":{"type":"Point","coordinates":[-0.1204848,51.6071861]}},{"type":"Feature","properties":{"kind":"station","name":"Tottenham Hale"},"geometry":{"type":"Point","coordinates":[-0.0599442,51.588123]}},{"type":"Feature","properties":{"kind":"station","name":"Wood Green"},"geometry":{"type":"Point","coordinates":[-0.1097795,51.597416]}},{"type":"Feature","properties":{"kind":"station","name":"Harringay Green Lanes"},"geometry":{"type":"Point","coordinates":[-0.097888,51.5772398]}},{"type":"Feature","properties":{"kind":"station","name":"South Tottenham"},"geometry":{"type":"Point","coordinates":[-0.0717169,51.5804433]}},{"type":"Feature","properties":{"kind":"station","name":"Alexandra Palace"},"geometry":{"type":"Point","coordinates":[-0.1206625,51.5982024]}},{"type":"Feature","properties":{"kind":"station","name":"Turnpike Lane Bus Station"},"geometry":{"type":"Point","coordinates":[-0.1023701,51.5900154]}},{"type":"Feature","properties":{"kind":"station","name":"Seven Sisters"},"geometry":{"type":"Point","coordinates":[-0.0736487,51.583145]}},{"type":"Feature","properties":{"kind":"station","name":"Tottenham Hale Bus Station"},"geometry":{"type":"Point","coordinates":[-0.0610383,51.5885514]}}]}
