{"type":"FeatureCollection","properties":{"borough":"Kingston upon Thames","generatedAt":"2026-09-30T15:12:27.067Z","source":"© OpenStreetMap contributors, ODbL 1.0","majorRouteCount":41,"otherRouteCount":103,"stopCount":533,"stationCount":14},"features":[{"type":"Feature","properties":{"kind":"boundary"},"geometry":{"type":"Polygon","coordinates":[[[-0.3307565,51.3288556],[-0.3306742,51.3286315],[-0.3305905,51.3284082],[-0.3304804,51.3281961],[-0.3303987,51.3279954],[-0.3303396,51.327883],[-0.3301572,51.3275701],[-0.330139,51.3275186],[-0.3295901,51.3271808],[-0.3295887,51.3271808],[-0.329251,51.3269916],[-0.328926,51.3268098],[-0.3283144,51.3264639],[-0.3275976,51.3263196],[-0.3273231,51.3266863],[-0.3272316,51.3266724],[-0.3269817,51.326639],[-0.3267064,51.326592],[-0.3260039,51.3265693],[-0.3256049,51.3265699],[-0.3251135,51.3265836],[-0.3246389,51.3266091],[-0.3244488,51.326628],[-0.32426,51.3266488],[-0.3240287,51.3266958],[-0.3239705,51.3267174],[-0.3238366,51.3267668],[-0.3235505,51.3268993],[-0.3230957,51.327088],[-0.3230943,51.327088],[-0.3226481,51.3272011],[-0.3221021,51.3273337],[-0.3217743,51.327426],[-0.3215996,51.3274568],[-0.321236,51.3275073],[-0.3200824,51.3276563],[-0.3196085,51.3277367],[-0.3193073,51.3278115],[-0.318979,51.3279579],[-0.318394,51.3282535],[-0.3178313,51.3285296],[-0.3171482,51.3289181],[-0.3168503,51.3290973],[-0.3167652,51.3291473],[-0.3161425,51.32957],[-0.3159789,51.3296873],[-0.3159626,51.3297023],[-0.31521,51.3303785],[-0.315047,51.3305173],[-0.3142683,51.3310448],[-0.3139559,51.3312651],[-0.3137164,51.3314163],[-0.3130945,51.331741],[-0.312777,51.3318659],[-0.3126038,51.3319282],[-0.3124221,51.3319894],[-0.3120091,51.3320985],[-0.3116037,51.3321521],[-0.3109532,51.3323908],[-0.3104192,51.3326655],[-0.309881,51.3329347],[-0.3096444,51.3330851],[-0.3091371,51.3334887],[-0.3087573,51.3337477],[-0.3083517,51.3340817],[-0.3077295,51.3344855],[-0.307636,51.3346092],[-0.3074917,51.3345909],[-0.3070148,51.334753],[-0.306624,51.3349183],[-0.3062159,51.3350859],[-0.306213,51.335077],[-0.306206,51.3350795],[-0.3061812,51.3350926],[-0.3061797,51.3350935],[-0.3061492,51.3351038],[-0.3061157,51.335115],[-0.3061011,51.3351211],[-0.3060691,51.3351341],[-0.3060399,51.3351481],[-0.3060282,51.3351533],[-0.3059829,51.3351742],[-0.3059784,51.3351787],[-0.3059726,51.3351822],[-0.3059696,51.3351848],[-0.3059636,51.3351911],[-0.3059591,51.3351964],[-0.3059546,51.3352026],[-0.3059531,51.3352044],[-0.3059421,51.3352215],[-0.3059257,51.3352472],[-0.3058862,51.335305],[-0.3058573,51.3353487],[-0.3058315,51.3353861],[-0.3058015,51.3354234],[-0.3057939,51.3354332],[-0.3057714,51.3354607],[-0.3057006,51.3355496],[-0.305593,51.3356885],[-0.3055876,51.3356955],[-0.3054839,51.3358271],[-0.3054808,51.335831],[-0.3053727,51.3359831],[-0.3053296,51.3360498],[-0.3052215,51.3362332],[-0.3051589,51.3363523],[-0.3051227,51.3364945],[-0.3050625,51.3366891],[-0.3050365,51.3367601],[-0.3050316,51.3368381],[-0.3050181,51.3369647],[-0.305013,51.3370365],[-0.3050095,51.3370992],[-0.304996,51.3373995],[-0.3049447,51.337553],[-0.3049295,51.3376233],[-0.3049275,51.3376322],[-0.3049404,51.3376413],[-0.305048,51.3377173],[-0.3050849,51.3377883],[-0.3050866,51.3378161],[-0.305092,51.3379016],[-0.3052454,51.3380137],[-0.3052926,51.3380583],[-0.3052934,51.338064],[-0.3053079,51.3381752],[-0.3053179,51.3382657],[-0.3053285,51.3384258],[-0.3053358,51.3384858],[-0.3053414,51.3385317],[-0.3053524,51.3386851],[-0.3053631,51.3388039],[-0.3053793,51.3389679],[-0.3053877,51.3390654],[-0.3053936,51.3391333],[-0.3054062,51.3392398],[-0.3054133,51.3393381],[-0.305413,51.3393426],[-0.3054138,51.3393926],[-0.3054148,51.3394024],[-0.3054194,51.3394275],[-0.305421,51.3394543],[-0.3054187,51.3395052],[-0.3054166,51.3395176],[-0.3054108,51.3395497],[-0.3054089,51.3395603],[-0.3053968,51.3396029],[-0.3053607,51.3396977],[-0.3053525,51.3397181],[-0.3053315,51.3397659],[-0.3053219,51.3397853],[-0.3053013,51.3398224],[-0.3052809,51.3398586],[-0.3052255,51.3399307],[-0.3052223,51.339936],[-0.3051977,51.3399694],[-0.3051745,51.3400029],[-0.3051249,51.3401063],[-0.305068,51.3402391],[-0.3050189,51.3403595],[-0.3050015,51.3403958],[-0.3049771,51.3404534],[-0.3049638,51.3404906],[-0.3049448,51.3405544],[-0.3049333,51.3405863],[-0.3049124,51.3406306],[-0.3049092,51.3406386],[-0.3048982,51.3406575],[-0.3048574,51.3407277],[-0.3048368,51.3407657],[-0.3048191,51.3408055],[-0.3048124,51.3408224],[-0.3048025,51.3408512],[-0.3047912,51.3408855],[-0.3047711,51.3409688],[-0.3047679,51.3409794],[-0.3047514,51.3410413],[-0.3047497,51.3410475],[-0.3047434,51.3410663],[-0.3047385,51.3410833],[-0.3047335,51.3411012],[-0.3047334,51.3411057],[-0.3047282,51.3411282],[-0.3047246,51.3411525],[-0.3047223,51.3411758],[-0.3047202,51.3411983],[-0.30472,51.3412028],[-0.3047205,51.3412298],[-0.3047195,51.3412595],[-0.3047131,51.341325],[-0.3047052,51.3413861],[-0.3046973,51.3414489],[-0.3046736,51.3415539],[-0.3046667,51.3415844],[-0.3046372,51.3416918],[-0.3046179,51.3417924],[-0.3046062,51.3418354],[-0.3045782,51.3419411],[-0.3045516,51.3420855],[-0.304535,51.3421519],[-0.3045151,51.3422226],[-0.3044772,51.3423165],[-0.3044536,51.3423728],[-0.3043964,51.3424835],[-0.3042914,51.3426771],[-0.3042883,51.3426833],[-0.3042744,51.342711],[-0.3042619,51.3427378],[-0.3042508,51.3427664],[-0.304241,51.3427978],[-0.3042306,51.3428525],[-0.3042289,51.3428587],[-0.3042251,51.3428839],[-0.30422,51.34291],[-0.3042133,51.3429359],[-0.3041865,51.3430003],[-0.3041399,51.3430949],[-0.3041383,51.3430994],[-0.3041288,51.3431245],[-0.3041212,51.3431351],[-0.3040895,51.3431733],[-0.3040503,51.3432194],[-0.3040385,51.3432324],[-0.3040021,51.3432726],[-0.3039811,51.3432939],[-0.3039272,51.3433453],[-0.303869,51.3433938],[-0.3036609,51.3435551],[-0.3036072,51.3435975],[-0.3034986,51.3436839],[-0.3034746,51.3437007],[-0.3034215,51.3437395],[-0.3034156,51.343743],[-0.3033311,51.3438137],[-0.3032612,51.3438792],[-0.3031751,51.3439553],[-0.3031365,51.3439907],[-0.3030252,51.344088],[-0.3029645,51.3441366],[-0.3027658,51.3443091],[-0.3026886,51.3443763],[-0.3025427,51.3445163],[-0.3024924,51.3445612],[-0.3024064,51.3446377],[-0.3023729,51.3446507],[-0.3023246,51.3446687],[-0.3022708,51.3446868],[-0.3022285,51.3447042],[-0.3021833,51.3447233],[-0.3021511,51.3447399],[-0.3021126,51.3447708],[-0.3020153,51.3448387],[-0.301864,51.3449327],[-0.3018493,51.3449424],[-0.3017035,51.345041],[-0.3016902,51.3450498],[-0.3016074,51.3451133],[-0.301529,51.3451778],[-0.3014993,51.3452044],[-0.3014486,51.345254],[-0.3014008,51.3453046],[-0.3013572,51.345357],[-0.3013391,51.345381],[-0.3013013,51.3454317],[-0.3012693,51.3454834],[-0.3012401,51.3455351],[-0.3012322,51.3455548],[-0.3010832,51.345817],[-0.3010406,51.3458986],[-0.3009796,51.3460152],[-0.3009347,51.3461053],[-0.3008938,51.3462019],[-0.3008858,51.3462233],[-0.3008531,51.3463094],[-0.3008313,51.3463668],[-0.3008253,51.3463825],[-0.3007722,51.3464987],[-0.3007676,51.3465067],[-0.3007604,51.34652],[-0.3007121,51.3466093],[-0.3007075,51.3466182],[-0.3006653,51.3466858],[-0.3005555,51.3468617],[-0.300535,51.3468945],[-0.3005063,51.3469403],[-0.300271,51.347316],[-0.3001533,51.3475076],[-0.3001411,51.3475272],[-0.3001275,51.3475459],[-0.300126,51.3475477],[-0.3001109,51.3475673],[-0.300093,51.347585],[-0.3000766,51.3476027],[-0.3000691,51.3476098],[-0.300032,51.3476444],[-0.2999949,51.3476762],[-0.2999934,51.347678],[-0.2997097,51.3479385],[-0.2994492,51.348193],[-0.2992546,51.348371],[-0.2992311,51.3483895],[-0.2992178,51.3483993],[-0.2991956,51.3484179],[-0.299169,51.3484337],[-0.2991602,51.3484398],[-0.2991131,51.3484688],[-0.2990911,51.3484819],[-0.2987235,51.3487102],[-0.2985942,51.3487911],[-0.2985559,51.3488156],[-0.2984348,51.348902],[-0.2983449,51.3489654],[-0.2982714,51.3490092],[-0.2981258,51.3490942],[-0.2981126,51.3491021],[-0.2979396,51.3491976],[-0.2977961,51.3492746],[-0.2977887,51.3492781],[-0.2977791,51.3492829],[-0.2976874,51.349328],[-0.2975415,51.3494079],[-0.2973348,51.3495328],[-0.2972609,51.3495832],[-0.2971855,51.3496298],[-0.2971472,51.3496519],[-0.2970661,51.3496966],[-0.2970191,51.3497211],[-0.296906,51.3497834],[-0.2965849,51.3499568],[-0.2962579,51.35014],[-0.2960788,51.3502506],[-0.296051,51.3502691],[-0.2958823,51.3503851],[-0.2957459,51.3504836],[-0.2957121,51.3505092],[-0.2956049,51.3505893],[-0.2954708,51.3507005],[-0.2954515,51.3507172],[-0.2952427,51.3508957],[-0.2951609,51.3509658],[-0.2949819,51.3511194],[-0.2948513,51.3512326],[-0.2948424,51.3512397],[-0.2947522,51.3513121],[-0.2947197,51.3513341],[-0.2946817,51.3513543],[-0.294645,51.3513744],[-0.2945682,51.3514129],[-0.2945488,51.3514244],[-0.2944687,51.351468],[-0.2943458,51.3515351],[-0.2943175,51.3515509],[-0.2942933,51.3515654],[-0.2940337,51.3517212],[-0.294012,51.3517342],[-0.293879,51.3518087],[-0.2936731,51.351924],[-0.293662,51.3519302],[-0.2934001,51.3520735],[-0.2932143,51.3521744],[-0.2931544,51.3522069],[-0.2930356,51.3522714],[-0.2930151,51.352281],[-0.2929931,51.3522925],[-0.2929742,51.352304],[-0.2929538,51.3523147],[-0.2929377,51.3523281],[-0.2929229,51.3523399],[-0.2929066,51.3523524],[-0.2928917,51.3523668],[-0.2928826,51.3523759],[-0.2928707,51.3523885],[-0.2928601,51.352403],[-0.2928509,51.3524165],[-0.2928417,51.35243],[-0.2928401,51.3524327],[-0.2928339,51.3524463],[-0.2928305,51.3524598],[-0.2928287,51.3524735],[-0.2928252,51.3524879],[-0.2928232,51.3525014],[-0.2928228,51.352516],[-0.2928211,51.352526],[-0.292821,51.3525269],[-0.2928166,51.3525675],[-0.2928153,51.3526064],[-0.2928159,51.3527228],[-0.2928157,51.3527589],[-0.2928154,51.3528493],[-0.2928148,51.3529763],[-0.2928112,51.353218],[-0.2928114,51.353261],[-0.2928144,51.3533041],[-0.2928167,51.3533175],[-0.2928257,51.3533595],[-0.292836,51.3534014],[-0.2928457,51.3534123],[-0.2928297,51.3534553],[-0.2928098,51.3534994],[-0.2927982,51.3535229],[-0.292764,51.3535837],[-0.292736,51.3536271],[-0.2927228,51.3536548],[-0.2927219,51.3536575],[-0.2927219,51.3536588],[-0.2927204,51.3536602],[-0.2927189,51.3536624],[-0.2927144,51.3536673],[-0.2926904,51.3536957],[-0.2926814,51.3537055],[-0.2926648,51.3537259],[-0.292658,51.3537348],[-0.2926491,51.3537446],[-0.2926401,51.353753],[-0.2926178,51.3537738],[-0.2926096,51.3537831],[-0.2926043,51.3537889],[-0.2925961,51.3537982],[-0.29259,51.3538075],[-0.2925877,51.3538111],[-0.292584,51.3538146],[-0.2925802,51.3538186],[-0.2925773,51.3538217],[-0.2925735,51.3538248],[-0.2925691,51.3538284],[-0.2925647,51.3538323],[-0.2925609,51.3538359],[-0.2925558,51.3538399],[-0.2925499,51.3538434],[-0.2925455,51.3538465],[-0.2925389,51.3538495],[-0.2925197,51.3538623],[-0.2925072,51.3538711],[-0.2924962,51.3538772],[-0.2924866,51.3538847],[-0.2924726,51.3538949],[-0.2924593,51.353905],[-0.292457,51.3539068],[-0.2923769,51.3539762],[-0.2923629,51.3539859],[-0.2923489,51.3539947],[-0.2923299,51.3540047],[-0.2923109,51.3540139],[-0.2922743,51.3540331],[-0.2922589,51.3540397],[-0.2922465,51.3540462],[-0.2922347,51.3540541],[-0.2922258,51.354063],[-0.2922168,51.3540723],[-0.2922072,51.3540803],[-0.2921975,51.3540887],[-0.2920898,51.3541847],[-0.2919909,51.3542763],[-0.2918512,51.3544024],[-0.2918283,51.3544214],[-0.2918043,51.3544462],[-0.2917797,51.3544706],[-0.2917521,51.3544985],[-0.2917245,51.354526],[-0.2916969,51.3545539],[-0.2916686,51.3545814],[-0.2916206,51.3546383],[-0.2915746,51.3546974],[-0.2915314,51.3547575],[-0.2914676,51.3548518],[-0.2914653,51.3548541],[-0.2914571,51.3548625],[-0.2914503,51.3548718],[-0.2914471,51.3548794],[-0.2914447,51.3548875],[-0.2914408,51.3548964],[-0.2914382,51.3549063],[-0.2914365,51.3549148],[-0.2914354,51.3549238],[-0.2914301,51.3549309],[-0.2914055,51.3549764],[-0.2913946,51.3549974],[-0.2913845,51.3550183],[-0.2913743,51.3550411],[-0.2913539,51.3550885],[-0.2913459,51.3551118],[-0.29132,51.3552085],[-0.2913184,51.355213],[-0.2913159,51.3552228],[-0.2913148,51.3552323],[-0.2913152,51.3552399],[-0.2913164,51.3552471],[-0.2913201,51.3552643],[-0.2913468,51.3553761],[-0.2913521,51.3554068],[-0.2913567,51.355437],[-0.29136,51.3554654],[-0.2913633,51.3554933],[-0.2913652,51.3555189],[-0.2913671,51.3555446],[-0.2913669,51.3555689],[-0.2913653,51.3555936],[-0.2913633,51.3556093],[-0.2913605,51.355625],[-0.2913559,51.3556524],[-0.2913499,51.3556788],[-0.2913343,51.3557505],[-0.2913272,51.3557877],[-0.2913207,51.3558254],[-0.2913144,51.3558617],[-0.2913073,51.3558985],[-0.2912977,51.3559622],[-0.2912932,51.3559873],[-0.2912886,51.3560129],[-0.2912856,51.3560362],[-0.2912826,51.35606],[-0.2912803,51.3560829],[-0.291279,51.3561184],[-0.2912708,51.3562208],[-0.2912519,51.3563635],[-0.2912502,51.3564296],[-0.2912506,51.3564368],[-0.2912511,51.3564435],[-0.2912508,51.3564498],[-0.2912513,51.356457],[-0.2912525,51.3564642],[-0.2912543,51.3564719],[-0.2912614,51.3564927],[-0.2912648,51.3564999],[-0.291266,51.3565067],[-0.2912664,51.3565139],[-0.2912647,51.3565202],[-0.291264,51.3565219],[-0.29126,51.3565304],[-0.2912547,51.356538],[-0.2912238,51.3565789],[-0.2912108,51.3565933],[-0.2911886,51.3566179],[-0.2911594,51.3566504],[-0.2911578,51.356653],[-0.2911511,51.3566601],[-0.2911422,51.3566667],[-0.2911334,51.3566716],[-0.2911239,51.3566759],[-0.291113,51.3566812],[-0.2911035,51.3566855],[-0.2910648,51.3567011],[-0.2910488,51.3567067],[-0.2910335,51.3567137],[-0.2910092,51.3567282],[-0.2909967,51.3567361],[-0.290985,51.3567436],[-0.2908466,51.356854],[-0.2908244,51.3568721],[-0.2907288,51.3569498],[-0.2907132,51.3569635],[-0.2906976,51.3569777],[-0.2906813,51.3569914],[-0.2906643,51.3570046],[-0.29064,51.3570209],[-0.2905871,51.3570534],[-0.2905613,51.357071],[-0.2905354,51.3570909],[-0.290511,51.3571112],[-0.2904605,51.3571545],[-0.2904405,51.3571727],[-0.2904218,51.3571908],[-0.2904054,51.3572086],[-0.290391,51.3572273],[-0.2903687,51.3572472],[-0.2903457,51.3572671],[-0.2903279,51.3572834],[-0.2903093,51.3572994],[-0.2902864,51.357317],[-0.2902628,51.3573333],[-0.290251,51.3573417],[-0.2902393,51.3573491],[-0.2902141,51.3573686],[-0.290189,51.3573889],[-0.2901667,51.3574079],[-0.2901451,51.3574278],[-0.2901199,51.3574495],[-0.2900827,51.3574844],[-0.2900603,51.357507],[-0.2900304,51.3575399],[-0.2900124,51.3575585],[-0.2899818,51.3575895],[-0.2899542,51.3576179],[-0.2899347,51.3576401],[-0.2899205,51.3576565],[-0.2899025,51.357677],[-0.2898801,51.3576987],[-0.2898556,51.3577208],[-0.2898511,51.3577266],[-0.2898473,51.3577324],[-0.289845,51.3577359],[-0.2898419,51.3577404],[-0.2898374,51.3577457],[-0.2898322,51.3577515],[-0.2896951,51.3578848],[-0.2896817,51.3578976],[-0.289669,51.35791],[-0.2896615,51.3579189],[-0.2896554,51.3579274],[-0.2896464,51.357938],[-0.2896374,51.3579483],[-0.2896048,51.3579901],[-0.2895371,51.3580767],[-0.2895071,51.3581138],[-0.2894882,51.3581372],[-0.2894671,51.3581629],[-0.2894414,51.3581985],[-0.2894406,51.3581994],[-0.2894384,51.3582016],[-0.2894369,51.3582043],[-0.2894324,51.3582087],[-0.2894294,51.3582114],[-0.2893794,51.3582619],[-0.2893553,51.358293],[-0.2893151,51.3583496],[-0.2892863,51.3583892],[-0.2892687,51.3584204],[-0.2892374,51.358468],[-0.2891842,51.3585482],[-0.2891234,51.3586292],[-0.2891192,51.3586349],[-0.2890323,51.3587465],[-0.2890235,51.3587404],[-0.28901,51.3587525],[-0.2889706,51.3587676],[-0.2888963,51.3587901],[-0.2888784,51.3587955],[-0.2887738,51.3588273],[-0.2886906,51.3588625],[-0.2885938,51.3588966],[-0.2885065,51.3589268],[-0.2884032,51.358963],[-0.2883406,51.3589841],[-0.2883103,51.3589882],[-0.2882035,51.3590208],[-0.2881133,51.3590514],[-0.2880173,51.3590851],[-0.2879277,51.3591179],[-0.2878302,51.3591511],[-0.287737,51.3591871],[-0.287646,51.3592186],[-0.2875611,51.3592425],[-0.2874559,51.3592702],[-0.287366,51.359295],[-0.2872599,51.3593272],[-0.2870593,51.3593917],[-0.2870426,51.3593995],[-0.2870295,51.3594057],[-0.2870249,51.3594078],[-0.2870097,51.3594226],[-0.2869817,51.3594532],[-0.2869752,51.3594594],[-0.2869707,51.359464],[-0.286967,51.3594679],[-0.2869659,51.3594696],[-0.2869585,51.3594791],[-0.2869327,51.3595171],[-0.2869188,51.3595373],[-0.2869169,51.3595403],[-0.2869139,51.3595434],[-0.2869114,51.3595472],[-0.286909,51.3595501],[-0.2869028,51.3595564],[-0.2868937,51.359565],[-0.2868769,51.359583],[-0.2868747,51.3595856],[-0.2868666,51.3595939],[-0.2868569,51.3596045],[-0.2868451,51.3596164],[-0.2868327,51.3596292],[-0.286825,51.3596387],[-0.2868152,51.3596503],[-0.2868092,51.3596579],[-0.2868015,51.3596678],[-0.2867939,51.3596781],[-0.2867858,51.3596884],[-0.2867672,51.3597092],[-0.2867589,51.3597195],[-0.2867502,51.3597288],[-0.28674,51.3597388],[-0.2867295,51.3597485],[-0.2867187,51.3597594],[-0.2867114,51.3597654],[-0.2867066,51.3597697],[-0.2866941,51.3597819],[-0.2866794,51.3597938],[-0.2866291,51.359842],[-0.286617,51.3598542],[-0.2866062,51.359866],[-0.2865856,51.3598903],[-0.2865811,51.3598965],[-0.286574,51.359905],[-0.286566,51.3599132],[-0.2865525,51.3599273],[-0.2865482,51.3599317],[-0.2865428,51.3599372],[-0.2865311,51.3599498],[-0.2864424,51.3600366],[-0.2863753,51.3601],[-0.286328,51.3601486],[-0.2863253,51.3601515],[-0.2862887,51.3601878],[-0.2861865,51.3602893],[-0.286092,51.3603859],[-0.2860692,51.3604091],[-0.2860303,51.3604499],[-0.2860094,51.3604721],[-0.2859644,51.360537],[-0.2858995,51.3606022],[-0.2857524,51.3607147],[-0.2857417,51.360728],[-0.2857344,51.3607345],[-0.2857279,51.3607401],[-0.2857209,51.3607457],[-0.2857127,51.3607541],[-0.2857034,51.3607618],[-0.2856961,51.3607679],[-0.2856887,51.3607736],[-0.2856785,51.3607819],[-0.2856678,51.3607899],[-0.2856499,51.360801],[-0.2856331,51.3608119],[-0.2856202,51.360822],[-0.2856071,51.3608319],[-0.2855909,51.3608434],[-0.2855758,51.3608552],[-0.2855653,51.3608637],[-0.285555,51.3608725],[-0.2855414,51.3608874],[-0.285398,51.3610345],[-0.2853829,51.3610506],[-0.2853717,51.3610627],[-0.2853601,51.3610755],[-0.2852339,51.3611932],[-0.2852718,51.3612013],[-0.2853523,51.3612165],[-0.2853743,51.3612198],[-0.285429,51.3612282],[-0.2854922,51.3612378],[-0.2855862,51.3612565],[-0.2856277,51.3612647],[-0.2856655,51.3612723],[-0.2856833,51.3612757],[-0.2856893,51.3612884],[-0.2857114,51.3612942],[-0.2857306,51.3612975],[-0.2857485,51.3613],[-0.2857608,51.3613009],[-0.2857721,51.3613017],[-0.2857962,51.3613062],[-0.2858142,51.3613104],[-0.2858216,51.3613038],[-0.2858417,51.3613067],[-0.2858607,51.3613094],[-0.2858915,51.3613138],[-0.2859264,51.3613179],[-0.2859553,51.3613211],[-0.2860543,51.361344],[-0.2860827,51.36135],[-0.2861323,51.3613603],[-0.2861396,51.361362],[-0.2861705,51.3613689],[-0.2861799,51.3613711],[-0.2862072,51.3613774],[-0.2862238,51.3613813],[-0.2862337,51.3613836],[-0.2862696,51.3613892],[-0.2863053,51.3613937],[-0.2863375,51.3613972],[-0.286361,51.3613998],[-0.2864329,51.3614187],[-0.2864238,51.3614288],[-0.2864204,51.3614327],[-0.2864177,51.3614381],[-0.2864168,51.3614435],[-0.2864189,51.36145],[-0.2864197,51.3614513],[-0.2864482,51.3614577],[-0.2864789,51.3614646],[-0.2864913,51.3614676],[-0.2865246,51.3614753],[-0.2865446,51.36148],[-0.2865775,51.3614896],[-0.2866249,51.3615032],[-0.2866618,51.3615133],[-0.2866995,51.3615237],[-0.2867231,51.3615302],[-0.2867507,51.3615382],[-0.2867834,51.3615474],[-0.2868351,51.3615616],[-0.286871,51.3615716],[-0.286903,51.3615817],[-0.2869459,51.3615951],[-0.2869611,51.3615999],[-0.2870314,51.3616202],[-0.2870455,51.3616244],[-0.2870935,51.3616388],[-0.287104,51.3616421],[-0.2871654,51.3616605],[-0.2871715,51.3616623],[-0.2872025,51.3616715],[-0.2872261,51.3616784],[-0.2872389,51.3616822],[-0.2872764,51.3616933],[-0.2872978,51.3616997],[-0.2873136,51.3617039],[-0.2873445,51.3617123],[-0.2873647,51.3617177],[-0.2873773,51.3617214],[-0.2873834,51.3617233],[-0.2873988,51.3617253],[-0.287408,51.3617267],[-0.2874176,51.3617273],[-0.2874235,51.3617274],[-0.2874295,51.3617267],[-0.2874366,51.3617254],[-0.2874858,51.3617423],[-0.2875745,51.3617719],[-0.2876439,51.361799],[-0.2877153,51.3618288],[-0.2877533,51.3618448],[-0.2877552,51.3618529],[-0.2877597,51.3618595],[-0.2877652,51.3618662],[-0.2877694,51.3618709],[-0.2877699,51.3618714],[-0.2877754,51.3618765],[-0.2877787,51.3618783],[-0.287788,51.3618834],[-0.2877973,51.3618878],[-0.2878111,51.3618944],[-0.2878238,51.3618994],[-0.2878367,51.3619044],[-0.2878547,51.3619114],[-0.2878683,51.3619166],[-0.2879563,51.3619502],[-0.2879815,51.3619597],[-0.2880002,51.361966],[-0.2880402,51.361979],[-0.2880597,51.3619856],[-0.2880607,51.361986],[-0.2880835,51.3619939],[-0.2881174,51.3620039],[-0.2881159,51.362006],[-0.2881853,51.362034],[-0.2882078,51.3620431],[-0.2882313,51.3620526],[-0.2882635,51.3620623],[-0.2883197,51.3620793],[-0.2883466,51.3620873],[-0.2883728,51.3620952],[-0.2883771,51.3620965],[-0.2884122,51.362107],[-0.288423,51.3621103],[-0.2884589,51.36212],[-0.2884931,51.3621295],[-0.2884194,51.3621616],[-0.2883603,51.3621448],[-0.2882729,51.3621182],[-0.2882408,51.3621581],[-0.2881784,51.3622358],[-0.2881543,51.362266],[-0.2879183,51.3623165],[-0.2877067,51.3623691],[-0.2874976,51.3624272],[-0.2873726,51.3624685],[-0.2872233,51.3625411],[-0.2870448,51.3626679],[-0.2868896,51.3628238],[-0.2868398,51.3628897],[-0.2867807,51.3629698],[-0.28667,51.3631264],[-0.2865345,51.3632935],[-0.286328,51.3635144],[-0.2860267,51.3637744],[-0.2859552,51.3638426],[-0.285769,51.3640206],[-0.2857262,51.3640523],[-0.2856611,51.3641009],[-0.2854616,51.3642508],[-0.2852138,51.3643856],[-0.28505,51.3644642],[-0.2849293,51.3645398],[-0.2847615,51.3646497],[-0.2845963,51.364802],[-0.284381,51.3649535],[-0.2841052,51.3651455],[-0.2840949,51.3651516],[-0.2840346,51.3651894],[-0.2839346,51.36525],[-0.2838105,51.3653057],[-0.2838031,51.3653092],[-0.2836867,51.3653489],[-0.2836547,51.3653592],[-0.2834574,51.3654121],[-0.2834458,51.3654146],[-0.2832789,51.3654616],[-0.2832394,51.3654781],[-0.2831271,51.365525],[-0.2828502,51.3656289],[-0.2826366,51.3657319],[-0.2824177,51.3658617],[-0.2821856,51.3660013],[-0.2819901,51.3661567],[-0.2819039,51.3662328],[-0.2818134,51.3663124],[-0.281641,51.3664645],[-0.2814863,51.3666053],[-0.2814714,51.3666194],[-0.2813709,51.366733],[-0.2812785,51.366899],[-0.2811976,51.3669877],[-0.2810571,51.3670971],[-0.2808393,51.3672361],[-0.2808025,51.367258],[-0.2805569,51.3674108],[-0.2805554,51.3674117],[-0.2804936,51.3674494],[-0.2801645,51.3676479],[-0.2800618,51.3677048],[-0.2798432,51.3678266],[-0.2795042,51.3679772],[-0.27944,51.3680014],[-0.279131,51.3681219],[-0.2790178,51.3681526],[-0.278668,51.3682473],[-0.2784764,51.3682993],[-0.2780661,51.3683589],[-0.2779318,51.3683786],[-0.2779232,51.3683803],[-0.2779173,51.3683811],[-0.2775505,51.368435],[-0.277549,51.368435],[-0.2774721,51.3684572],[-0.2772672,51.3685154],[-0.2770603,51.368595],[-0.2770031,51.3686257],[-0.276814,51.3687281],[-0.276632,51.368792],[-0.2765839,51.3688093],[-0.2765233,51.3688533],[-0.2764332,51.3689203],[-0.276294,51.3690685],[-0.2762844,51.3691717],[-0.276308,51.3692701],[-0.2763117,51.3692882],[-0.2762675,51.3694674],[-0.2762062,51.3696463],[-0.2761319,51.3697522],[-0.2761213,51.3697656],[-0.2760017,51.3698915],[-0.2759868,51.3699047],[-0.2758562,51.3700153],[-0.2756505,51.3701363],[-0.2754211,51.3702382],[-0.2753875,51.370253],[-0.2749997,51.3704028],[-0.2749852,51.3704071],[-0.2746365,51.3705107],[-0.2743888,51.3705656],[-0.2742628,51.3705934],[-0.2740463,51.3706568],[-0.2740146,51.3708118],[-0.2739468,51.3709736],[-0.2738196,51.3711831],[-0.2737563,51.3712997],[-0.2737277,51.3713337],[-0.2736181,51.3714598],[-0.2735708,51.3715144],[-0.2735341,51.3715557],[-0.273504,51.3715916],[-0.273486,51.3716107],[-0.273466,51.371627],[-0.2734384,51.3716532],[-0.2733887,51.3716956],[-0.2733614,51.3717163],[-0.2732994,51.3717581],[-0.2732759,51.3717731],[-0.2731644,51.3718335],[-0.2730373,51.3718909],[-0.2729833,51.3719126],[-0.2728993,51.3719496],[-0.2728604,51.3719711],[-0.2728261,51.371985],[-0.2726819,51.3720754],[-0.2724728,51.3722456],[-0.2724696,51.3722482],[-0.2723244,51.3723663],[-0.2721635,51.3724684],[-0.2720384,51.3725337],[-0.2716821,51.372656],[-0.2701893,51.3731592],[-0.2701747,51.3731642],[-0.2695491,51.3733778],[-0.2692039,51.3734869],[-0.2690641,51.3735387],[-0.2690101,51.3735587],[-0.2690076,51.3735597],[-0.2688421,51.3736228],[-0.2686927,51.373694],[-0.26857,51.3737492],[-0.2681548,51.37394],[-0.267735,51.3741408],[-0.2673094,51.3743474],[-0.2668022,51.3745969],[-0.2664864,51.3747471],[-0.2661377,51.374912],[-0.2656342,51.3751531],[-0.2649138,51.3754949],[-0.2648199,51.3755353],[-0.264737,51.3755697],[-0.2646855,51.3755935],[-0.2646476,51.3756176],[-0.264608,51.3756487],[-0.2645556,51.3756945],[-0.2645015,51.3757468],[-0.2644437,51.3758094],[-0.2643784,51.3758837],[-0.2643286,51.3759456],[-0.2642712,51.3760123],[-0.2642054,51.3760835],[-0.2641381,51.376153],[-0.2640615,51.376237],[-0.263973,51.3763092],[-0.2638745,51.3763848],[-0.2636633,51.3765502],[-0.2635016,51.3766736],[-0.2634278,51.3767217],[-0.2633405,51.3767832],[-0.2632865,51.3768217],[-0.2632379,51.3768515],[-0.2631746,51.3768893],[-0.2631068,51.3769269],[-0.2630531,51.3769543],[-0.262998,51.3769867],[-0.2629356,51.3770196],[-0.2629099,51.3770345],[-0.2628577,51.3770614],[-0.2628517,51.3770644],[-0.2626555,51.3771462],[-0.2625515,51.3771983],[-0.2624661,51.3772598],[-0.2623759,51.3773422],[-0.262291,51.3774113],[-0.2622715,51.3774591],[-0.262249,51.3775029],[-0.2622148,51.3775707],[-0.2621747,51.3776236],[-0.2621295,51.3776976],[-0.2620929,51.3777546],[-0.2620676,51.3777969],[-0.2620143,51.3778757],[-0.2619643,51.3779613],[-0.2619346,51.3780063],[-0.2619154,51.3780393],[-0.2618824,51.378095],[-0.2618786,51.3781017],[-0.2618694,51.3781159],[-0.2618611,51.3781252],[-0.2618536,51.3781346],[-0.2618439,51.3781439],[-0.2618357,51.3781523],[-0.2618253,51.3781607],[-0.2618142,51.3781686],[-0.2617476,51.378222],[-0.2616706,51.3782816],[-0.2615818,51.3783482],[-0.2615561,51.378364],[-0.2614987,51.3784189],[-0.2614548,51.3784573],[-0.2614481,51.3784644],[-0.2614421,51.378472],[-0.2614367,51.37848],[-0.2614336,51.3784876],[-0.2614311,51.3784956],[-0.2614294,51.3785037],[-0.2614282,51.3785361],[-0.2614272,51.3785981],[-0.2614181,51.3786299],[-0.2614141,51.3786609],[-0.2614036,51.3787277],[-0.2613844,51.378762],[-0.2613645,51.3788328],[-0.2613353,51.3789376],[-0.2613078,51.3790585],[-0.261291,51.3791212],[-0.2612816,51.3791418],[-0.2612784,51.3791521],[-0.2612738,51.3791597],[-0.2612699,51.3791677],[-0.2612667,51.3791757],[-0.2612526,51.3792052],[-0.2612318,51.3792422],[-0.2612001,51.3792827],[-0.2611933,51.379295],[-0.2611801,51.3793192],[-0.2611435,51.3793749],[-0.2611163,51.3794082],[-0.2610908,51.3794366],[-0.2610764,51.3794751],[-0.2610513,51.3795309],[-0.2610299,51.3795845],[-0.2610291,51.3795877],[-0.2610268,51.3795903],[-0.2610238,51.379593],[-0.2610202,51.3795952],[-0.2610161,51.3795966],[-0.2610151,51.3795969],[-0.2609951,51.3796005],[-0.2609349,51.3795953],[-0.2607079,51.3795231],[-0.2605604,51.3794769],[-0.2604339,51.3794377],[-0.2603413,51.3794093],[-0.2603382,51.3794083],[-0.2602143,51.3793975],[-0.2602177,51.3793854],[-0.2602247,51.3793648],[-0.260229,51.3793523],[-0.2600738,51.3793132],[-0.2599657,51.3792841],[-0.2598747,51.3792594],[-0.2596714,51.379219],[-0.2595924,51.3791999],[-0.2595212,51.3791835],[-0.2594599,51.3791714],[-0.2593898,51.3791618],[-0.2593119,51.3791517],[-0.2592561,51.3791441],[-0.2592105,51.3791353],[-0.259113,51.3791114],[-0.2589104,51.3790724],[-0.2587009,51.3790266],[-0.2585426,51.3789941],[-0.2583959,51.3789591],[-0.2582947,51.3789396],[-0.2582358,51.3789198],[-0.2581777,51.3789158],[-0.2580729,51.3789138],[-0.257961,51.3789081],[-0.2578578,51.3789025],[-0.2578021,51.3788927],[-0.2577476,51.3788901],[-0.2575872,51.3788756],[-0.2574315,51.3788667],[-0.2574142,51.3788645],[-0.2572844,51.3788481],[-0.2571887,51.3788367],[-0.257185,51.3788359],[-0.2571764,51.3788339],[-0.2571554,51.3788315],[-0.257042,51.3788209],[-0.2570196,51.3788201],[-0.2569707,51.3788176],[-0.2568818,51.3788131],[-0.2567664,51.3788078],[-0.2567463,51.378807],[-0.2566953,51.3788049],[-0.2566148,51.378801],[-0.2564831,51.3787967],[-0.2563274,51.3787907],[-0.2562026,51.3787848],[-0.2560671,51.378777],[-0.2559045,51.3787647],[-0.2557869,51.3787575],[-0.2556549,51.3787538],[-0.2556089,51.3787531],[-0.2554653,51.3787496],[-0.2553145,51.3787486],[-0.2552477,51.3787481],[-0.2549066,51.3787445],[-0.2548168,51.3787435],[-0.2547701,51.3787426],[-0.2546323,51.37874],[-0.2546086,51.3787395],[-0.2545489,51.37874],[-0.2544359,51.3787468],[-0.2543848,51.378747],[-0.2543618,51.3787473],[-0.2541721,51.3787497],[-0.2540119,51.3787486],[-0.2539062,51.3787497],[-0.2537954,51.3787557],[-0.2537385,51.378758],[-0.2536521,51.378763],[-0.2535823,51.3787665],[-0.2535277,51.3787666],[-0.2534213,51.3787686],[-0.2533061,51.3787741],[-0.2531412,51.3787829],[-0.2530959,51.3787853],[-0.2529697,51.3787974],[-0.2528759,51.3788081],[-0.2526486,51.378834],[-0.2525648,51.3788444],[-0.2524811,51.3788553],[-0.2524096,51.378865],[-0.2523448,51.3788741],[-0.2523373,51.3788752],[-0.2522672,51.3788863],[-0.252213,51.3788954],[-0.2521609,51.3789049],[-0.2521081,51.3789149],[-0.2520898,51.3789184],[-0.2519922,51.3789375],[-0.2519343,51.3789501],[-0.2518799,51.3789628],[-0.251827,51.3789759],[-0.2517733,51.3789895],[-0.2517188,51.379004],[-0.251663,51.3790189],[-0.2516092,51.3790338],[-0.2514437,51.3790781],[-0.2513508,51.3791033],[-0.2513481,51.3790987],[-0.2511669,51.3791581],[-0.2510738,51.3791877],[-0.2510658,51.3791903],[-0.2509983,51.379212],[-0.2509664,51.3792223],[-0.250876,51.3792513],[-0.2508018,51.3792736],[-0.2507915,51.3792635],[-0.2506881,51.3792975],[-0.2504938,51.379362],[-0.2503736,51.379407],[-0.2503122,51.3794326],[-0.2501963,51.3794772],[-0.2502095,51.37949],[-0.2501937,51.3794955],[-0.2501396,51.3795146],[-0.2499956,51.3795659],[-0.2499509,51.3795819],[-0.2498764,51.3796087],[-0.249658,51.3796872],[-0.2495189,51.3797369],[-0.2495051,51.3797407],[-0.2494989,51.3797343],[-0.2494985,51.3797345],[-0.2494478,51.3797521],[-0.2494026,51.3797679],[-0.2492406,51.3798267],[-0.2492372,51.3798279],[-0.2491731,51.3798517],[-0.2491033,51.379877],[-0.2489721,51.3799259],[-0.2488894,51.3799577],[-0.2488878,51.3799583],[-0.2488657,51.3799667],[-0.2488558,51.3799697],[-0.2488475,51.3799729],[-0.2488437,51.379974],[-0.2488411,51.3799752],[-0.2488159,51.3799833],[-0.2488048,51.3799868],[-0.2487877,51.3799921],[-0.248762,51.379999],[-0.2487228,51.3800096],[-0.2486554,51.3800288],[-0.2486398,51.3800332],[-0.2486276,51.3800363],[-0.2486146,51.3800393],[-0.2486076,51.380041],[-0.2486024,51.380042],[-0.248591,51.3800441],[-0.2485805,51.3800462],[-0.2485577,51.38005],[-0.2485117,51.3800579],[-0.2484971,51.3800604],[-0.248493,51.3800609],[-0.2484906,51.3800612],[-0.2484809,51.3800626],[-0.2484694,51.3800634],[-0.2484593,51.3800637],[-0.2483764,51.3800701],[-0.2483738,51.3800703],[-0.2481314,51.380089],[-0.2480572,51.380095],[-0.2479456,51.3801044],[-0.24785,51.3801094],[-0.2478009,51.3801149],[-0.2477779,51.3801173],[-0.2477282,51.3801356],[-0.2476658,51.3801537],[-0.2475834,51.3801751],[-0.2475482,51.3801705],[-0.2474741,51.3801234],[-0.2473601,51.3801241],[-0.2472809,51.3800739],[-0.2472121,51.3800315],[-0.2471805,51.3800126],[-0.2471046,51.3800425],[-0.2470535,51.3800633],[-0.2470287,51.3800733],[-0.2470129,51.3800795],[-0.2469762,51.3800941],[-0.2469674,51.3800975],[-0.2468727,51.3801316],[-0.2468567,51.3801381],[-0.2468392,51.3801442],[-0.2468224,51.3801507],[-0.2467698,51.3801562],[-0.2466544,51.3801675],[-0.2466083,51.3801695],[-0.2465622,51.3801724],[-0.2465168,51.3801758],[-0.2464793,51.3801788],[-0.2464043,51.3801867],[-0.2463863,51.3801891],[-0.246366,51.3801915],[-0.246348,51.3801935],[-0.2463243,51.380194],[-0.2462395,51.3801928],[-0.2462278,51.3801923],[-0.2461558,51.380223],[-0.2460653,51.3801823],[-0.2460568,51.3801815],[-0.2459777,51.3801452],[-0.2458534,51.3800876],[-0.2456105,51.3799761],[-0.2455913,51.3799704],[-0.2455729,51.3799643],[-0.245553,51.3799586],[-0.2455274,51.379951],[-0.2455161,51.3799472],[-0.2454682,51.3799411],[-0.24546,51.3799859],[-0.2454621,51.380017],[-0.2454637,51.38004],[-0.2454613,51.3800822],[-0.2454532,51.3801063],[-0.245401,51.3800993],[-0.2452925,51.380081],[-0.245171,51.3800639],[-0.2451336,51.380061],[-0.245028,51.3800591],[-0.2450245,51.3800954],[-0.2450136,51.3801669],[-0.2450076,51.3802059],[-0.2449998,51.3802943],[-0.2449863,51.3803946],[-0.2449714,51.3804761],[-0.2449599,51.3805408],[-0.24495,51.3805758],[-0.2449421,51.3806388],[-0.2449408,51.3806462],[-0.2449401,51.3806502],[-0.2449376,51.3806669],[-0.2449323,51.3807003],[-0.2449234,51.3807571],[-0.2449094,51.3807681],[-0.2449266,51.3807765],[-0.2449288,51.3807775],[-0.2449244,51.3808723],[-0.2448617,51.3808721],[-0.2448253,51.3808722],[-0.2448064,51.3809377],[-0.2447881,51.3810013],[-0.2447805,51.3810274],[-0.2447767,51.3810371],[-0.2447737,51.3810417],[-0.2447778,51.3810428],[-0.2447747,51.3810473],[-0.244772,51.3810527],[-0.2447694,51.381058],[-0.2447683,51.381064],[-0.2447656,51.3810709],[-0.2447601,51.3810898],[-0.2447556,51.381105],[-0.2447484,51.3811299],[-0.2447393,51.3811609],[-0.2447268,51.3812029],[-0.244715,51.3812454],[-0.2447021,51.3812932],[-0.2446893,51.3813415],[-0.2446768,51.3813891],[-0.2446598,51.38145],[-0.2446197,51.3816016],[-0.2446665,51.3817022],[-0.2445325,51.3822319],[-0.2444553,51.3825372],[-0.2443998,51.3827037],[-0.2443645,51.3828098],[-0.2442791,51.383066],[-0.2441911,51.3830263],[-0.2440357,51.3829556],[-0.2440308,51.3829529],[-0.2440251,51.382951],[-0.2440201,51.3829487],[-0.2440123,51.3829463],[-0.2440045,51.3829435],[-0.243996,51.3829416],[-0.2439648,51.3829312],[-0.2439115,51.3829142],[-0.2438938,51.3829081],[-0.2438761,51.3829011],[-0.2438535,51.3828918],[-0.243809,51.3828713],[-0.2437829,51.3828583],[-0.2437554,51.3828449],[-0.2437293,51.3828319],[-0.2436982,51.3828166],[-0.2436679,51.3828013],[-0.2436383,51.3827865],[-0.2436164,51.3827762],[-0.2435946,51.382766],[-0.2435741,51.3827563],[-0.2435585,51.3827498],[-0.243543,51.3827432],[-0.2435289,51.3827363],[-0.2435204,51.3827321],[-0.243512,51.3827275],[-0.2435035,51.3827233],[-0.2434873,51.3827141],[-0.2434726,51.3827053],[-0.2434557,51.3826965],[-0.2434444,51.3826891],[-0.243431,51.3826826],[-0.2434191,51.3826757],[-0.2434028,51.3826687],[-0.243388,51.3826622],[-0.2433724,51.3826552],[-0.243347,51.3826441],[-0.2433208,51.3826329],[-0.2432947,51.3826217],[-0.2432721,51.3826124],[-0.2432494,51.382603],[-0.2432324,51.3825969],[-0.2429201,51.3829377],[-0.242919,51.3829371],[-0.2425353,51.3833565],[-0.2425438,51.383375],[-0.2425436,51.3833934],[-0.2425343,51.383411],[-0.242483,51.3834701],[-0.242477,51.3834778],[-0.2423576,51.3836249],[-0.2422242,51.3837997],[-0.2420943,51.3839677],[-0.2419162,51.3841968],[-0.2417988,51.3843476],[-0.2417204,51.3844219],[-0.2416388,51.3844948],[-0.2414817,51.3846073],[-0.2413796,51.3846725],[-0.2411809,51.3847905],[-0.2409643,51.3849086],[-0.2407542,51.38503],[-0.240717,51.3850503],[-0.2405265,51.3851586],[-0.2404133,51.3852213],[-0.2403744,51.385245],[-0.2402442,51.3853173],[-0.2401456,51.3853679],[-0.2400536,51.385415],[-0.2397952,51.3855488],[-0.239552,51.3856769],[-0.2393339,51.3857915],[-0.2392326,51.3858459],[-0.2391732,51.3858728],[-0.2391497,51.3858869],[-0.2391209,51.3858979],[-0.239112,51.3859002],[-0.2389795,51.3859284],[-0.2388231,51.3860322],[-0.2387305,51.3860881],[-0.2388015,51.3862754],[-0.2388904,51.386529],[-0.2389592,51.3867255],[-0.2389779,51.3867758],[-0.2389934,51.3868038],[-0.2389783,51.3869219],[-0.238978,51.3869576],[-0.2390164,51.3870706],[-0.2390161,51.3871216],[-0.239091,51.3872535],[-0.2392482,51.3874456],[-0.2392653,51.3875365],[-0.2392959,51.3876474],[-0.2393496,51.387774],[-0.2393751,51.3878338],[-0.2394336,51.3879377],[-0.2394596,51.3880451],[-0.2394598,51.3881635],[-0.2394754,51.3882301],[-0.2394747,51.3883113],[-0.2394757,51.3883267],[-0.2394904,51.3883977],[-0.2395481,51.3884823],[-0.2395703,51.3885218],[-0.2395875,51.3885904],[-0.239594,51.3886474],[-0.2395963,51.3886708],[-0.2395649,51.3887243],[-0.2395538,51.3888222],[-0.2395564,51.3888919],[-0.2395879,51.3889736],[-0.2396077,51.3890607],[-0.2396181,51.3890926],[-0.2396273,51.3891212],[-0.2396326,51.3891376],[-0.2396358,51.3891477],[-0.2396415,51.3891638],[-0.2396611,51.3892069],[-0.2396818,51.3892525],[-0.2396906,51.3892724],[-0.2396913,51.3892739],[-0.2397437,51.3893851],[-0.2397856,51.3894541],[-0.2398861,51.3895707],[-0.2398925,51.3897408],[-0.2399546,51.390069],[-0.2400274,51.3903822],[-0.2400352,51.3904785],[-0.2400636,51.3906363],[-0.2401159,51.3908088],[-0.2401374,51.3909243],[-0.2401049,51.3910955],[-0.2401083,51.3911954],[-0.2402362,51.3914194],[-0.2404026,51.3917304],[-0.2404718,51.391798],[-0.2405609,51.3919864],[-0.2406567,51.3920807],[-0.2406969,51.3920984],[-0.2407899,51.3921238],[-0.2408479,51.3921489],[-0.240968,51.392166],[-0.2409617,51.3921785],[-0.2408853,51.3923365],[-0.2408297,51.392423],[-0.2408241,51.3924318],[-0.2408602,51.3925412],[-0.2409353,51.3927195],[-0.2411733,51.3931322],[-0.2413016,51.3933028],[-0.2413594,51.393398],[-0.2416917,51.3938711],[-0.2417458,51.3939223],[-0.2418231,51.3939693],[-0.2420487,51.3940824],[-0.2422855,51.3941687],[-0.2425101,51.394235],[-0.2427915,51.3942797],[-0.2431885,51.3943099],[-0.2435439,51.3943395],[-0.2435482,51.3943405],[-0.2437533,51.3943876],[-0.243925,51.3944459],[-0.2440769,51.3944959],[-0.2441013,51.3944989],[-0.2442578,51.3945294],[-0.2445952,51.3946628],[-0.2446677,51.3947341],[-0.2447273,51.3948559],[-0.244793,51.3949778],[-0.2449922,51.3951822],[-0.2451156,51.3953019],[-0.2454883,51.3955907],[-0.245536,51.395658],[-0.2455851,51.3957288],[-0.2456924,51.3958177],[-0.2457753,51.3959035],[-0.2458899,51.3960652],[-0.2460029,51.3961551],[-0.2461748,51.3963204],[-0.2462981,51.3965183],[-0.2464,51.396634],[-0.2464937,51.3967397],[-0.246763,51.3969618],[-0.2469401,51.397134],[-0.2474248,51.3975783],[-0.247423,51.3975872],[-0.2474157,51.3976294],[-0.2472129,51.3978584],[-0.2470701,51.3980199],[-0.2469591,51.3981405],[-0.2468931,51.3982879],[-0.2467694,51.3985145],[-0.2467439,51.3985879],[-0.2467316,51.3986605],[-0.2467248,51.3987983],[-0.2467082,51.3989663],[-0.2467023,51.3990188],[-0.2466854,51.399095],[-0.246622,51.3992119],[-0.2466097,51.3992875],[-0.2465917,51.3994039],[-0.2466194,51.399693],[-0.2466602,51.3999813],[-0.2467105,51.4001323],[-0.246824,51.4003956],[-0.2468379,51.4004772],[-0.2468344,51.4005001],[-0.2467928,51.4005723],[-0.2467191,51.4006594],[-0.2466881,51.4006787],[-0.2466579,51.4006979],[-0.2464776,51.4008077],[-0.2464615,51.4008165],[-0.2461239,51.4010731],[-0.2460853,51.4011049],[-0.2456979,51.401421],[-0.2454957,51.4015583],[-0.2453761,51.401641],[-0.2452942,51.4017162],[-0.2452624,51.4017446],[-0.2452149,51.4017982],[-0.2451375,51.4020529],[-0.2451079,51.4021975],[-0.2450848,51.4022759],[-0.2450499,51.4023534],[-0.2449645,51.4025074],[-0.2448773,51.4026789],[-0.2448119,51.4028789],[-0.244761,51.4030531],[-0.2447272,51.4031673],[-0.2446821,51.4033216],[-0.2446608,51.403503],[-0.2447001,51.4037136],[-0.2447106,51.4038417],[-0.244725,51.4041959],[-0.2447532,51.4043381],[-0.2448116,51.4044823],[-0.2448486,51.4046061],[-0.2448865,51.4047037],[-0.2448847,51.404826],[-0.2449467,51.405085],[-0.2450132,51.4053387],[-0.2450505,51.4054526],[-0.2451844,51.40571],[-0.2452298,51.4058662],[-0.245263,51.4059653],[-0.2452968,51.4060533],[-0.2453465,51.4062559],[-0.2453784,51.406341],[-0.2454989,51.4065629],[-0.2455329,51.406636],[-0.245504,51.4067525],[-0.2453999,51.4069551],[-0.2453383,51.4070234],[-0.2453537,51.4070722],[-0.245387,51.4071033],[-0.2454732,51.4071819],[-0.2454874,51.4072235],[-0.2455049,51.4072543],[-0.2457039,51.4074281],[-0.2457585,51.4074667],[-0.2458015,51.4075456],[-0.2458108,51.4075646],[-0.245848,51.4075697],[-0.2460425,51.407596],[-0.2461924,51.4076261],[-0.2462971,51.407669],[-0.2465987,51.4077545],[-0.2467337,51.4077592],[-0.2468419,51.4077869],[-0.2469565,51.4077985],[-0.2470324,51.4078428],[-0.2471039,51.4078897],[-0.2472032,51.4079631],[-0.2472575,51.4080098],[-0.2472833,51.4080884],[-0.2472923,51.4081524],[-0.2472955,51.408183],[-0.2473388,51.4082538],[-0.2473633,51.408327],[-0.2473945,51.4083761],[-0.2474609,51.4084445],[-0.2475104,51.4084784],[-0.2475529,51.4085236],[-0.2475654,51.4086177],[-0.2475559,51.4088551],[-0.2475571,51.4090493],[-0.2475317,51.4091263],[-0.2474907,51.4091694],[-0.2473324,51.4092705],[-0.2472789,51.4093099],[-0.2472487,51.4093294],[-0.2472297,51.4093483],[-0.2472115,51.4093643],[-0.2471934,51.4093856],[-0.2471798,51.4094034],[-0.2471511,51.4095145],[-0.247137,51.4095826],[-0.2471709,51.4097099],[-0.247484,51.4105696],[-0.2477901,51.411245],[-0.2482326,51.4122195],[-0.2489096,51.4135433],[-0.24906,51.4138594],[-0.2491974,51.4141413],[-0.2492695,51.4142893],[-0.2493854,51.414527],[-0.2495447,51.4147482],[-0.2496667,51.4148276],[-0.2496963,51.4148674],[-0.2496849,51.4149488],[-0.2496445,51.4150727],[-0.2496344,51.4151859],[-0.2496012,51.4154295],[-0.2497141,51.4159375],[-0.2497247,51.4160552],[-0.2497635,51.4164971],[-0.2497567,51.4165774],[-0.2497734,51.4170043],[-0.2497611,51.4171212],[-0.2496945,51.4173944],[-0.2495957,51.4176593],[-0.2495368,51.4178596],[-0.2495155,51.4179792],[-0.2495067,51.4180985],[-0.2495226,51.418344],[-0.2495576,51.4184607],[-0.2495837,51.4185687],[-0.2496634,51.4187733],[-0.2497538,51.4188961],[-0.2498274,51.4190219],[-0.2499022,51.4191323],[-0.2501472,51.4194321],[-0.2502626,51.419628],[-0.2503869,51.4197837],[-0.2504755,51.4200269],[-0.2505335,51.4202023],[-0.2505798,51.4203819],[-0.2505658,51.4205607],[-0.2505519,51.4207754],[-0.2505831,51.4209755],[-0.2506749,51.4210946],[-0.2507439,51.4212467],[-0.2508259,51.4215456],[-0.2508572,51.4216518],[-0.2508787,51.4217248],[-0.2509253,51.4218825],[-0.251123,51.4223162],[-0.251174,51.4223736],[-0.2512334,51.4224393],[-0.2512471,51.4224565],[-0.2514429,51.4226016],[-0.2517082,51.4228123],[-0.2518041,51.4228623],[-0.2520222,51.422951],[-0.2524225,51.4230145],[-0.2527833,51.4230972],[-0.2529545,51.4232095],[-0.2529583,51.4233346],[-0.2529506,51.4234612],[-0.2529229,51.4236964],[-0.2529093,51.4240541],[-0.2528714,51.4241795],[-0.2528019,51.4243043],[-0.252705,51.4244692],[-0.2525994,51.4246754],[-0.2524941,51.4248699],[-0.2524302,51.4250011],[-0.2523621,51.4251946],[-0.2523332,51.4253548],[-0.2522798,51.4256238],[-0.2522611,51.4257378],[-0.2522994,51.4258642],[-0.252335,51.4259879],[-0.2523606,51.4260702],[-0.2524294,51.4263032],[-0.2525281,51.426507],[-0.2528012,51.4267754],[-0.2529873,51.4269886],[-0.2530844,51.4271187],[-0.2532083,51.4273786],[-0.2532913,51.4276155],[-0.2533816,51.4278137],[-0.2535278,51.4280524],[-0.2536968,51.4282618],[-0.2538751,51.4285657],[-0.2539942,51.4287986],[-0.2541034,51.4290295],[-0.2541259,51.4290802],[-0.254205,51.4292324],[-0.2542478,51.4293176],[-0.2542375,51.4293975],[-0.2542275,51.4294711],[-0.2542206,51.4295771],[-0.2541535,51.4297532],[-0.2540854,51.4298799],[-0.2539334,51.4300926],[-0.2537385,51.4303379],[-0.25362,51.4305024],[-0.2534458,51.4306941],[-0.2533279,51.4308443],[-0.2532087,51.4309145],[-0.2531031,51.4309669],[-0.2529194,51.4310307],[-0.2528826,51.4310418],[-0.252656,51.4311104],[-0.2525418,51.4311608],[-0.2523944,51.4312539],[-0.2522362,51.4314054],[-0.2521067,51.4315167],[-0.2518413,51.4317619],[-0.2517223,51.4318644],[-0.2515867,51.4319883],[-0.2512472,51.4322881],[-0.2510841,51.4325662],[-0.2510655,51.4326379],[-0.2510366,51.4328317],[-0.2510396,51.4332031],[-0.2510266,51.4334341],[-0.2510366,51.433533],[-0.2510532,51.4336079],[-0.2510935,51.4337902],[-0.2512142,51.4340951],[-0.2512545,51.4341685],[-0.2512994,51.4342375],[-0.2514117,51.434348],[-0.2514746,51.4343957],[-0.2516152,51.4344823],[-0.2516702,51.4345119],[-0.2517859,51.4345712],[-0.2519895,51.4346633],[-0.2520999,51.4347126],[-0.2526095,51.4349684],[-0.2527265,51.4350321],[-0.2528438,51.435086],[-0.2529352,51.4351414],[-0.2530245,51.4352146],[-0.2531105,51.4352986],[-0.2532569,51.43546],[-0.2533219,51.4355644],[-0.2533996,51.4357166],[-0.2534561,51.4358937],[-0.2534491,51.4360779],[-0.2534512,51.4363612],[-0.2534736,51.4365675],[-0.2535122,51.436649],[-0.2535567,51.436727],[-0.25361,51.4368006],[-0.2537381,51.43695],[-0.2537911,51.4370048],[-0.2540349,51.4372404],[-0.2540901,51.4372885],[-0.2541211,51.4372751],[-0.2541365,51.4372686],[-0.2541653,51.4372562],[-0.2541754,51.4372519],[-0.2542193,51.4372331],[-0.2542715,51.4372107],[-0.2543216,51.4371899],[-0.2544763,51.437126],[-0.2546332,51.4370614],[-0.2547346,51.4370197],[-0.2548903,51.4369552],[-0.2551279,51.4368561],[-0.2552377,51.4368101],[-0.2554643,51.436715],[-0.2556136,51.4366517],[-0.2556996,51.4366156],[-0.2558172,51.4366191],[-0.2559958,51.4366248],[-0.2560231,51.4366257],[-0.2561049,51.4366282],[-0.2561869,51.4366309],[-0.2562097,51.4366528],[-0.2562177,51.4366491],[-0.2562346,51.4366415],[-0.2562536,51.4366329],[-0.2562863,51.4366181],[-0.2563568,51.4365861],[-0.2563346,51.4365651],[-0.2564697,51.4365079],[-0.2564498,51.4364937],[-0.2564232,51.4364751],[-0.2564076,51.436464],[-0.2563727,51.4364394],[-0.2563299,51.4364089],[-0.2562789,51.4363723],[-0.2563041,51.4363619],[-0.2563427,51.4363458],[-0.2563841,51.4363285],[-0.2564709,51.4362922],[-0.2567585,51.4361717],[-0.2569304,51.4361006],[-0.2571061,51.4360292],[-0.2576104,51.4358212],[-0.2580733,51.4356256],[-0.2584105,51.4354841],[-0.2586201,51.4353959],[-0.2589577,51.4352542],[-0.2590526,51.4352158],[-0.259177,51.435163],[-0.2593572,51.4350868],[-0.2594409,51.4350514],[-0.2596244,51.4349738],[-0.2596418,51.4349668],[-0.2598709,51.4348696],[-0.2600309,51.4348021],[-0.2600879,51.434778],[-0.2602364,51.4347148],[-0.2606055,51.4345598],[-0.2609401,51.4344167],[-0.2614809,51.4341884],[-0.2616892,51.4341009],[-0.2618215,51.4340509],[-0.2620241,51.4339669],[-0.2620583,51.4339534],[-0.2622048,51.4338936],[-0.2623509,51.4338335],[-0.262531,51.4337589],[-0.2625378,51.4337558],[-0.2628532,51.4336248],[-0.2630112,51.4335582],[-0.2632233,51.4334699],[-0.2634666,51.4333682],[-0.263478,51.4333637],[-0.26368,51.4332795],[-0.2638648,51.4332036],[-0.2641021,51.4331054],[-0.2644058,51.4329803],[-0.2645731,51.4329104],[-0.264793,51.4328048],[-0.2650861,51.432654],[-0.2652208,51.4325945],[-0.2653374,51.4325398],[-0.2655166,51.4324528],[-0.2657526,51.4323417],[-0.2658765,51.4322844],[-0.2659938,51.4322301],[-0.2660881,51.432187],[-0.2661429,51.4321608],[-0.2662611,51.4321024],[-0.2662889,51.432085],[-0.2663976,51.4320119],[-0.2665092,51.4319364],[-0.2666025,51.431873],[-0.266628,51.431856],[-0.2666741,51.4318277],[-0.2667281,51.4317935],[-0.2667911,51.4317531],[-0.2668472,51.4317171],[-0.2668552,51.4317123],[-0.2669361,51.4316611],[-0.2669724,51.4316389],[-0.2670409,51.4315988],[-0.2670826,51.431575],[-0.2671086,51.4315613],[-0.2672005,51.431512],[-0.267309,51.4314534],[-0.2673851,51.4314138],[-0.2674138,51.4313992],[-0.2676315,51.4313021],[-0.2678328,51.4312127],[-0.2680868,51.4310991],[-0.2683857,51.4309675],[-0.2684436,51.4309367],[-0.2686811,51.4308055],[-0.2687591,51.4307621],[-0.2689132,51.4306771],[-0.2690625,51.4305937],[-0.2694301,51.4303905],[-0.2697147,51.4302324],[-0.2698877,51.4301359],[-0.2702648,51.429927],[-0.2704748,51.4298091],[-0.2704893,51.4298012],[-0.2705691,51.4297561],[-0.2706318,51.4297214],[-0.2706909,51.429689],[-0.2707895,51.4296348],[-0.2708972,51.4295756],[-0.2709016,51.4295738],[-0.2709046,51.4295722],[-0.2709224,51.4295627],[-0.2709284,51.4295595],[-0.270954,51.4295444],[-0.2709598,51.4295398],[-0.2709796,51.4295258],[-0.2709985,51.4295107],[-0.2710789,51.4294431],[-0.271109,51.429419],[-0.2711888,51.4293561],[-0.2712329,51.4293204],[-0.2713026,51.4292635],[-0.2713778,51.4292054],[-0.2718975,51.4287773],[-0.2723375,51.4284219],[-0.2724393,51.4283392],[-0.2725736,51.4282299],[-0.2726922,51.4281336],[-0.2728324,51.4280202],[-0.2731749,51.427742],[-0.2735731,51.4274181],[-0.273878,51.4271705],[-0.2744733,51.426685],[-0.2746987,51.4265027],[-0.2750338,51.4262289],[-0.2752728,51.4260331],[-0.2754077,51.4259209],[-0.2754713,51.4258729],[-0.2756374,51.4257398],[-0.2758169,51.4255961],[-0.2765711,51.4249925],[-0.2768305,51.4247816],[-0.2768351,51.4247834],[-0.2769127,51.4247193],[-0.277123,51.424549],[-0.2777042,51.4240794],[-0.2784098,51.4235078],[-0.2786025,51.4233519],[-0.279174,51.4228914],[-0.2794851,51.422641],[-0.2800403,51.4221953],[-0.2804176,51.4218952],[-0.2804222,51.4218918],[-0.2804537,51.4218828],[-0.2805735,51.4218483],[-0.280994,51.4217271],[-0.281519,51.4215879],[-0.2822597,51.4213853],[-0.2833797,51.4210735],[-0.2846469,51.4207237],[-0.2852449,51.4205581],[-0.28591,51.4203718],[-0.2859075,51.420369],[-0.2859561,51.4203553],[-0.2859583,51.4203579],[-0.2863061,51.4202605],[-0.2863025,51.420266],[-0.2863602,51.4202553],[-0.28651,51.4202263],[-0.2865191,51.4202033],[-0.2865826,51.420186],[-0.2866321,51.4202023],[-0.286666,51.4202137],[-0.2866942,51.4202756],[-0.2867586,51.4204163],[-0.2867684,51.4204384],[-0.2868177,51.4205489],[-0.2869163,51.4207726],[-0.2870463,51.4210514],[-0.2871184,51.421211],[-0.2872262,51.4214513],[-0.2873709,51.4217647],[-0.2875442,51.4221499],[-0.287738,51.4225704],[-0.2879191,51.4229677],[-0.2881025,51.4233735],[-0.2881462,51.4234676],[-0.2881491,51.4234677],[-0.2882192,51.4236191],[-0.2884185,51.4240543],[-0.2887366,51.424753],[-0.2889719,51.4252667],[-0.2891071,51.425568],[-0.2892278,51.4258401],[-0.2893422,51.4261011],[-0.2894135,51.4262543],[-0.289509,51.4264698],[-0.28957,51.4266082],[-0.289896,51.4273199],[-0.2899887,51.4275334],[-0.290052,51.4276854],[-0.2906459,51.4289715],[-0.2906956,51.4289705],[-0.2921441,51.4289578],[-0.2928607,51.4289605],[-0.2930318,51.4289414],[-0.2929583,51.4286715],[-0.2929336,51.4285856],[-0.293169,51.4285553],[-0.2933459,51.4285349],[-0.2933688,51.4281707],[-0.29339,51.4276982],[-0.2934003,51.4272327],[-0.2934018,51.4271101],[-0.2934127,51.4267884],[-0.2934183,51.4266084],[-0.2934179,51.4265589],[-0.2934168,51.4265041],[-0.2934685,51.4265067],[-0.2934684,51.4265037],[-0.2936379,51.4264959],[-0.2940695,51.4264763],[-0.294815,51.4264444],[-0.2948058,51.42662],[-0.2947964,51.4266532],[-0.2947718,51.4267956],[-0.2947434,51.4269985],[-0.2949544,51.4270056],[-0.2950415,51.4270082],[-0.29504,51.4270117],[-0.2952352,51.427018],[-0.2953779,51.4270209],[-0.2953785,51.4270239],[-0.2953956,51.4270242],[-0.2953965,51.4270198],[-0.2954533,51.4270376],[-0.2954381,51.4271287],[-0.2954262,51.4271892],[-0.2954185,51.4272243],[-0.2954006,51.4272715],[-0.295375,51.4273327],[-0.29537,51.4273439],[-0.295374,51.4273565],[-0.2953799,51.427373],[-0.2953894,51.4273999],[-0.2953932,51.4274107],[-0.2954006,51.4274335],[-0.2954229,51.427503],[-0.2954508,51.4275895],[-0.2955062,51.427662],[-0.2956794,51.4277528],[-0.2958199,51.4278279],[-0.2958974,51.4277872],[-0.2959782,51.4277451],[-0.2961688,51.4278678],[-0.2962969,51.4279494],[-0.2964676,51.428033],[-0.2968664,51.4282253],[-0.2971296,51.4283535],[-0.2971438,51.4283454],[-0.2971559,51.4283533],[-0.2972134,51.4283948],[-0.297315,51.4284678],[-0.2973693,51.4285069],[-0.2974968,51.4285626],[-0.297537,51.4285925],[-0.2975839,51.4286269],[-0.2976717,51.4286926],[-0.2976997,51.4286771],[-0.2978872,51.428817],[-0.2981331,51.4289988],[-0.2982135,51.4290579],[-0.2982691,51.4291001],[-0.2982722,51.4291025],[-0.2982767,51.4291073],[-0.2983148,51.4291472],[-0.2982974,51.4291569],[-0.2982256,51.4291959],[-0.2982677,51.4292203],[-0.2983707,51.4292812],[-0.2983983,51.4292999],[-0.2985148,51.4293783],[-0.298524,51.4293838],[-0.2986835,51.4294919],[-0.2988595,51.4296108],[-0.2991291,51.429784],[-0.2993538,51.4299239],[-0.2994766,51.4300057],[-0.2995865,51.4300702],[-0.2997531,51.4301774],[-0.2997584,51.4301764],[-0.2998001,51.4302059],[-0.2998409,51.4302333],[-0.2999265,51.4302889],[-0.3001124,51.430407],[-0.30018,51.430451],[-0.3001976,51.4304611],[-0.3001929,51.4304654],[-0.3002332,51.430493],[-0.3002869,51.4305285],[-0.3003724,51.4305848],[-0.3004573,51.4306418],[-0.300539,51.4306978],[-0.3006246,51.4307571],[-0.3006923,51.4308029],[-0.3007574,51.4308467],[-0.3008347,51.430898],[-0.3008974,51.4309385],[-0.3009512,51.4309743],[-0.3009957,51.4310066],[-0.3011294,51.4310964],[-0.3012381,51.4311717],[-0.3012349,51.4311739],[-0.3014227,51.4313028],[-0.3016165,51.4314351],[-0.3017036,51.431384],[-0.3017461,51.4313587],[-0.3017577,51.4313482],[-0.3017643,51.4313527],[-0.3017856,51.4313401],[-0.3018021,51.4313302],[-0.3018093,51.4313355],[-0.3018545,51.4313084],[-0.3019967,51.4312233],[-0.3021021,51.4311606],[-0.3020868,51.4311455],[-0.3020908,51.4311434],[-0.3020525,51.4310994],[-0.3020475,51.4311024],[-0.3020022,51.4310547],[-0.3019387,51.4309874],[-0.3018717,51.4309187],[-0.3017997,51.4308462],[-0.3018002,51.430833],[-0.301783,51.4308156],[-0.3017291,51.4307756],[-0.3017241,51.4307779],[-0.3016623,51.4307217],[-0.3016685,51.4307194],[-0.3016621,51.4306921],[-0.3016325,51.4306543],[-0.3015759,51.4305773],[-0.3015792,51.4305744],[-0.3015414,51.43053],[-0.3016178,51.4304851],[-0.3016434,51.43047],[-0.3016593,51.4304608],[-0.3017396,51.4304131],[-0.3017766,51.4303913],[-0.3017915,51.4304009],[-0.3018179,51.4304176],[-0.3018209,51.4304197],[-0.301869,51.4304512],[-0.3019386,51.4304965],[-0.3020034,51.4305385],[-0.3020714,51.4305827],[-0.3020726,51.4305795],[-0.3021255,51.4306137],[-0.3021235,51.4306157],[-0.3021446,51.4306301],[-0.302153,51.4306346],[-0.3021683,51.4306414],[-0.3021868,51.4306479],[-0.3022035,51.4306512],[-0.3022348,51.4306567],[-0.3023407,51.430676],[-0.3027972,51.4307631],[-0.3031293,51.4308261],[-0.3034303,51.4308817],[-0.3036118,51.4309156],[-0.3037226,51.4309379],[-0.3039673,51.4309836],[-0.3045028,51.4310864],[-0.3051373,51.4312068],[-0.3056267,51.4313017],[-0.3057528,51.4313254],[-0.3059386,51.4313614],[-0.3059399,51.4313616],[-0.3060316,51.4313109],[-0.3060978,51.431274],[-0.3062516,51.4311877],[-0.3062541,51.4311764],[-0.3062712,51.4311018],[-0.3062717,51.4310765],[-0.3062651,51.4310761],[-0.3062668,51.4309678],[-0.3062678,51.4309132],[-0.3062877,51.430913],[-0.3062847,51.4308218],[-0.3062841,51.4307507],[-0.3062698,51.4307498],[-0.3062687,51.430693],[-0.3062719,51.4306929],[-0.3062706,51.4305132],[-0.3063067,51.4305135],[-0.3063694,51.4305148],[-0.3063695,51.4305184],[-0.3064443,51.43052],[-0.3064452,51.4304906],[-0.3064418,51.430489],[-0.3064374,51.4303074],[-0.3064352,51.4302267],[-0.3064333,51.4301578],[-0.3065026,51.4301553],[-0.3065445,51.4301536],[-0.3066802,51.4301521],[-0.3066815,51.4301521],[-0.3067297,51.4301517],[-0.3067595,51.4301513],[-0.3068828,51.4301501],[-0.3069041,51.4301504],[-0.3069185,51.4301526],[-0.3069303,51.430156],[-0.3069439,51.4301615],[-0.3069531,51.4301676],[-0.3069612,51.430179],[-0.3069616,51.4301963],[-0.3069625,51.4302478],[-0.3072744,51.4302514],[-0.3072765,51.4302514],[-0.3073233,51.4302396],[-0.307334,51.4302369],[-0.3073617,51.4302499],[-0.3074055,51.4302702],[-0.3074212,51.4302774],[-0.3074469,51.4302888],[-0.3074825,51.4303047],[-0.3075423,51.4303312],[-0.3076081,51.4303603],[-0.3077545,51.4304255],[-0.3078846,51.4304831],[-0.3080666,51.4305626],[-0.3083379,51.4306799],[-0.308565,51.4307809],[-0.3083167,51.4309317],[-0.3081502,51.4310331],[-0.3080898,51.4310733],[-0.308302,51.4311927],[-0.3085951,51.4313577],[-0.308591,51.4313601],[-0.3086519,51.4313925],[-0.3086549,51.4313903],[-0.3089065,51.4315359],[-0.3090157,51.431597],[-0.3090139,51.4315982],[-0.3090586,51.431621],[-0.3091098,51.4316498],[-0.3093576,51.431789],[-0.3094206,51.431839],[-0.3095481,51.4319467],[-0.3096416,51.4320232],[-0.3097807,51.4321392],[-0.3101228,51.4321822],[-0.3104214,51.4320211],[-0.3105807,51.4321408],[-0.3106747,51.4322095],[-0.3106961,51.4321938],[-0.3107053,51.4321873],[-0.3107284,51.432169],[-0.3108063,51.4321078],[-0.3109204,51.4320173],[-0.3111292,51.4318495],[-0.311132,51.43185],[-0.3111864,51.4318112],[-0.3112333,51.431778],[-0.311369,51.4316636],[-0.3115055,51.4315542],[-0.3116632,51.4314271],[-0.3118044,51.4313106],[-0.3119051,51.4312274],[-0.3120175,51.4311295],[-0.3120638,51.4310886],[-0.3121135,51.4310432],[-0.3121486,51.431011],[-0.3121964,51.4309683],[-0.3122504,51.4309196],[-0.3123558,51.4308229],[-0.3124842,51.4306995],[-0.312571,51.4306134],[-0.3128312,51.4303542],[-0.3128526,51.43033],[-0.312926,51.4302565],[-0.3129487,51.4302276],[-0.3130496,51.4301038],[-0.3132452,51.4298553],[-0.3133489,51.4297227],[-0.3134274,51.4296215],[-0.3135463,51.429462],[-0.3135915,51.4293995],[-0.3136585,51.4293066],[-0.3138399,51.4290627],[-0.3139492,51.4289198],[-0.3140906,51.4287261],[-0.3142259,51.4285409],[-0.3144116,51.4283013],[-0.3144502,51.4282514],[-0.3144524,51.4282493],[-0.3143856,51.428222],[-0.3143597,51.4282116],[-0.3141663,51.4281209],[-0.3137398,51.4279251],[-0.3136709,51.427897],[-0.3135178,51.4278394],[-0.3132468,51.4277425],[-0.3131682,51.4277115],[-0.3131091,51.4276866],[-0.3130281,51.4276522],[-0.3129639,51.4276227],[-0.3128601,51.4275728],[-0.3128231,51.4275561],[-0.3127438,51.4275155],[-0.3125692,51.4274276],[-0.3125223,51.4274081],[-0.3124547,51.427384],[-0.3124063,51.4273693],[-0.3122334,51.4273196],[-0.3121616,51.4272958],[-0.3121057,51.4272758],[-0.3120816,51.4272645],[-0.3119181,51.4271883],[-0.3117634,51.4271101],[-0.3115906,51.4270278],[-0.3114929,51.4269806],[-0.3113643,51.4269146],[-0.3112807,51.4268717],[-0.311076,51.4267629],[-0.3105009,51.4264514],[-0.310317,51.4263474],[-0.3100044,51.4261701],[-0.3096657,51.4259655],[-0.3096334,51.4259497],[-0.3092613,51.4257043],[-0.3087218,51.4252833],[-0.3086152,51.4251996],[-0.3084909,51.4251003],[-0.3083973,51.4250221],[-0.3083143,51.4249458],[-0.3081117,51.424753],[-0.3079889,51.4246321],[-0.3079373,51.4245719],[-0.3076684,51.4242239],[-0.3075059,51.4240027],[-0.3074806,51.4239792],[-0.3074499,51.4239528],[-0.3074034,51.4239148],[-0.3073897,51.4238983],[-0.3073423,51.4238505],[-0.3072739,51.4237765],[-0.3071889,51.4236753],[-0.30711,51.4235793],[-0.3070405,51.4234913],[-0.3069966,51.4234357],[-0.3069595,51.4233866],[-0.3069387,51.4233586],[-0.3068944,51.4232936],[-0.3068908,51.4232888],[-0.3068042,51.4231581],[-0.3067287,51.4230465],[-0.3066736,51.4229426],[-0.3066296,51.422849],[-0.3064401,51.422455],[-0.306359,51.422297],[-0.3062585,51.4221074],[-0.3062058,51.4220014],[-0.3061472,51.4218689],[-0.3060856,51.4216893],[-0.306029,51.4215008],[-0.3059527,51.4212621],[-0.3059758,51.4211669],[-0.3060096,51.4210831],[-0.3060221,51.4210718],[-0.3061148,51.4210234],[-0.3061898,51.4209785],[-0.306227,51.4209608],[-0.306283,51.4209227],[-0.3063358,51.4208825],[-0.3064411,51.4206635],[-0.3064822,51.4205849],[-0.3065282,51.420494],[-0.30657,51.4203263],[-0.306617,51.4200773],[-0.3066368,51.4200048],[-0.3066603,51.4198603],[-0.3067118,51.4196036],[-0.3067342,51.4194694],[-0.3067468,51.4193664],[-0.3067402,51.4193233],[-0.306728,51.4192759],[-0.3067144,51.4192482],[-0.3066956,51.4191974],[-0.3066492,51.4191092],[-0.306638,51.4190832],[-0.3066323,51.419067],[-0.3066289,51.4190451],[-0.306623,51.4189969],[-0.3066232,51.4189725],[-0.3066275,51.418945],[-0.3066382,51.4189102],[-0.3066518,51.4188678],[-0.30668,51.4187964],[-0.3067103,51.4187277],[-0.3067348,51.4186765],[-0.3068626,51.4183943],[-0.3069177,51.4182849],[-0.3069718,51.418199],[-0.3071049,51.4179787],[-0.3071969,51.4178243],[-0.3072305,51.4177729],[-0.3072922,51.417692],[-0.3073712,51.4175731],[-0.3074755,51.4174213],[-0.3075505,51.4172657],[-0.3075938,51.4171393],[-0.3076223,51.4170386],[-0.3076471,51.4169616],[-0.307654,51.4169353],[-0.3076606,51.41691],[-0.3076685,51.416879],[-0.3076735,51.4168618],[-0.3076822,51.4168351],[-0.3076888,51.4168106],[-0.3076907,51.4168038],[-0.3076976,51.4167896],[-0.3077268,51.4167116],[-0.3077777,51.4165741],[-0.3078075,51.4164962],[-0.3078419,51.4164084],[-0.3078959,51.4162714],[-0.3079281,51.41619],[-0.3079921,51.4160229],[-0.3082445,51.4154038],[-0.3082744,51.4153139],[-0.3083094,51.4151765],[-0.3083466,51.4150189],[-0.3084001,51.4148128],[-0.3084307,51.414671],[-0.3084412,51.4146156],[-0.3084456,51.4145528],[-0.3084519,51.4144567],[-0.3084536,51.4144288],[-0.308462,51.4143148],[-0.3084716,51.4141878],[-0.3084836,51.4139994],[-0.3084889,51.4138568],[-0.3084974,51.4136254],[-0.3084935,51.4135584],[-0.3084911,51.4135253],[-0.3084903,51.4135066],[-0.3084898,51.413491],[-0.3084895,51.4134737],[-0.3084894,51.4134459],[-0.3084899,51.4133881],[-0.3084914,51.4132726],[-0.3084864,51.4131534],[-0.3084845,51.4131165],[-0.3084622,51.4130104],[-0.3084434,51.4129202],[-0.3084296,51.4128456],[-0.3084169,51.4126982],[-0.3084176,51.4125919],[-0.3084433,51.4124004],[-0.3084487,51.4123724],[-0.3084707,51.4123065],[-0.3085089,51.4122183],[-0.3085449,51.4121308],[-0.3085796,51.4120389],[-0.3086434,51.4118571],[-0.308717,51.4116124],[-0.3087378,51.4115141],[-0.3088017,51.41118],[-0.3088466,51.4109102],[-0.3088762,51.4107485],[-0.3088959,51.4106165],[-0.3089074,51.4105417],[-0.3089397,51.4103892],[-0.3089738,51.4102085],[-0.3089936,51.4101221],[-0.3089985,51.410099],[-0.3090139,51.4100014],[-0.3090264,51.4099281],[-0.3090349,51.4098167],[-0.3090416,51.4097453],[-0.3090544,51.4095073],[-0.3090556,51.4094834],[-0.309059,51.4094145],[-0.3090659,51.4093449],[-0.3090677,51.4092377],[-0.3090704,51.4091665],[-0.30907,51.4089547],[-0.3090639,51.4087995],[-0.3090584,51.4087399],[-0.3090555,51.4084621],[-0.3090541,51.4083615],[-0.3090414,51.408263],[-0.3090217,51.4078803],[-0.3090049,51.4075052],[-0.3089876,51.4071745],[-0.3089617,51.4067953],[-0.3089584,51.4066545],[-0.3089592,51.4064486],[-0.308974,51.4062781],[-0.309009,51.4059243],[-0.3090122,51.4057865],[-0.3090075,51.4057239],[-0.3089925,51.4056595],[-0.3089657,51.4055781],[-0.3089483,51.4054935],[-0.3089354,51.4054272],[-0.3089087,51.4053201],[-0.3088887,51.405259],[-0.3088743,51.4051873],[-0.3088394,51.4050236],[-0.3088112,51.404909],[-0.3087927,51.4048117],[-0.3087602,51.4046288],[-0.3087084,51.404228],[-0.3086828,51.4039065],[-0.3086737,51.4038274],[-0.3086596,51.4035636],[-0.308659,51.4033492],[-0.3086767,51.403055],[-0.3086886,51.4028247],[-0.3087054,51.4026593],[-0.3087555,51.4022592],[-0.3087764,51.402108],[-0.3088107,51.4019175],[-0.3088561,51.4017037],[-0.3088943,51.4015485],[-0.308958,51.4013478],[-0.3089868,51.4012479],[-0.3090292,51.40112],[-0.3090668,51.4010301],[-0.3090989,51.4009545],[-0.3091396,51.400869],[-0.3091605,51.400824],[-0.3091947,51.4007624],[-0.3092654,51.400627],[-0.3093432,51.4004861],[-0.3094066,51.4003656],[-0.3094892,51.4002048],[-0.3095208,51.400145],[-0.3095552,51.400091],[-0.3096248,51.4000088],[-0.3096655,51.3999677],[-0.309723,51.3999248],[-0.30982,51.399872],[-0.3099146,51.3998249],[-0.3100203,51.3997724],[-0.3100357,51.3997632],[-0.3102419,51.3996501],[-0.310357,51.3995847],[-0.310416,51.3995483],[-0.3104725,51.39951],[-0.3105335,51.3994678],[-0.3107291,51.3993306],[-0.3114734,51.3988145],[-0.311592,51.3987276],[-0.3117882,51.3985783],[-0.3118296,51.3985456],[-0.3118766,51.398508],[-0.3119117,51.3984766],[-0.3119378,51.3984501],[-0.3119653,51.3984175],[-0.3120036,51.3983616],[-0.3120174,51.39834],[-0.3120401,51.3983056],[-0.3121305,51.3981394],[-0.312162,51.3980608],[-0.3122172,51.3979252],[-0.3122888,51.3977876],[-0.3123437,51.3976859],[-0.31238,51.3976278],[-0.3124245,51.3975657],[-0.312491,51.3974793],[-0.3126024,51.3973573],[-0.3126689,51.3972903],[-0.3129015,51.3971026],[-0.3129258,51.3970822],[-0.3129518,51.3970598],[-0.3131019,51.3969548],[-0.3132856,51.3968277],[-0.3137204,51.3965194],[-0.3140162,51.3963113],[-0.3148025,51.3957658],[-0.3150877,51.3955606],[-0.3163653,51.3946679],[-0.3166501,51.3944537],[-0.3166695,51.3944408],[-0.3166954,51.3944185],[-0.3168676,51.3942964],[-0.3171688,51.3940891],[-0.3174414,51.3938972],[-0.3177457,51.3936863],[-0.3177202,51.393668],[-0.3172946,51.3933552],[-0.3171135,51.3931989],[-0.3169976,51.3931055],[-0.3167554,51.3929312],[-0.3167168,51.3928891],[-0.3163435,51.3925602],[-0.3157325,51.3919759],[-0.3152427,51.3914598],[-0.3151466,51.3913362],[-0.3149269,51.3910542],[-0.3148199,51.3909169],[-0.3146822,51.3907513],[-0.314274,51.3903623],[-0.3141342,51.3902182],[-0.3149808,51.3897457],[-0.3154577,51.3894801],[-0.3158482,51.3892582],[-0.3163579,51.3890363],[-0.3164251,51.3890039],[-0.3164897,51.3889697],[-0.3165455,51.3889364],[-0.3166058,51.3888986],[-0.3166633,51.3888599],[-0.3167166,51.3888184],[-0.31676,51.3887731],[-0.3167782,51.3887446],[-0.3167922,51.388716],[-0.3168005,51.3886864],[-0.3168058,51.3886568],[-0.3168099,51.3886263],[-0.3168119,51.388612],[-0.3168161,51.3885743],[-0.3166173,51.3885858],[-0.3165991,51.3884561],[-0.3165183,51.3882661],[-0.3159811,51.3876334],[-0.3133482,51.3887645],[-0.313189,51.3888333],[-0.3131586,51.3888005],[-0.3128724,51.3884906],[-0.3117401,51.3874321],[-0.3118456,51.3873778],[-0.3117351,51.3872539],[-0.3117688,51.3872364],[-0.311823,51.3872084],[-0.3116938,51.3871257],[-0.311364,51.3869114],[-0.3115,51.3868468],[-0.3114589,51.3867932],[-0.3114094,51.386733],[-0.310869,51.3861876],[-0.3117877,51.3857862],[-0.3111272,51.3851436],[-0.3109501,51.3850385],[-0.3107299,51.3848906],[-0.3106651,51.3848168],[-0.3106311,51.3847651],[-0.3105804,51.3846574],[-0.3105665,51.384605],[-0.3106546,51.3845163],[-0.3105408,51.3843645],[-0.3104429,51.3842525],[-0.3104128,51.3842107],[-0.3103073,51.3839547],[-0.3102884,51.383806],[-0.3103473,51.3836522],[-0.3099114,51.3828824],[-0.3098869,51.382847],[-0.3098426,51.3828383],[-0.309752,51.3826454],[-0.3096547,51.3825181],[-0.3095581,51.3824466],[-0.3094984,51.3818442],[-0.309331,51.3818642],[-0.3093023,51.3817083],[-0.3093005,51.381638],[-0.3093173,51.3814936],[-0.3092936,51.3813574],[-0.3092823,51.3813141],[-0.3092456,51.3811409],[-0.3093186,51.381106],[-0.3092767,51.380449],[-0.3085176,51.3805018],[-0.308326,51.3800836],[-0.3083021,51.3800329],[-0.3075207,51.3790099],[-0.3073886,51.3783849],[-0.3078922,51.3783652],[-0.3078421,51.3775398],[-0.3079647,51.3770632],[-0.3079937,51.3766653],[-0.3083421,51.3760597],[-0.3084573,51.3758608],[-0.3085667,51.3756717],[-0.3086951,51.3754497],[-0.3090971,51.3753826],[-0.3096427,51.3753123],[-0.3104838,51.3751428],[-0.3110896,51.3749986],[-0.3115421,51.3749269],[-0.3121552,51.3748197],[-0.3125105,51.37477],[-0.3126749,51.3747526],[-0.3129606,51.3747216],[-0.3133772,51.3746845],[-0.3138863,51.3746693],[-0.3143415,51.374639],[-0.3147831,51.3744304],[-0.3152229,51.3742335],[-0.3156679,51.3739675],[-0.3159918,51.3737554],[-0.3162245,51.3735618],[-0.3164262,51.3733885],[-0.3166944,51.3731675],[-0.3169493,51.3729184],[-0.3171092,51.3727086],[-0.3172843,51.3724386],[-0.3173977,51.3722046],[-0.3174851,51.3720188],[-0.3175055,51.3719705],[-0.3177478,51.3712366],[-0.3179184,51.3707281],[-0.3179496,51.3706352],[-0.3180295,51.3702965],[-0.3179057,51.3699098],[-0.3179152,51.3698461],[-0.3179212,51.3697994],[-0.3179231,51.3697877],[-0.3179412,51.3697477],[-0.3180169,51.3695805],[-0.3181188,51.3689165],[-0.318294,51.3678992],[-0.3184196,51.366982],[-0.3185233,51.3661868],[-0.3185222,51.3658649],[-0.318447,51.3654096],[-0.3184366,51.3653393],[-0.3184103,51.3646843],[-0.3183048,51.3636846],[-0.3182854,51.3635063],[-0.3190603,51.3623133],[-0.3191875,51.3616227],[-0.3194086,51.3609191],[-0.3195466,51.360484],[-0.3197924,51.35993],[-0.319957,51.359632],[-0.3201652,51.3595955],[-0.3201784,51.3595497],[-0.3200793,51.3594287],[-0.3202594,51.3590995],[-0.3207448,51.3583934],[-0.3209482,51.3580968],[-0.3212176,51.3576816],[-0.3215293,51.3572104],[-0.321953,51.3566193],[-0.3222598,51.3562038],[-0.3225761,51.3558397],[-0.3228619,51.3555236],[-0.3231848,51.3551766],[-0.3235351,51.3546708],[-0.3237527,51.3544132],[-0.3241588,51.3541087],[-0.324454,51.3538917],[-0.3246926,51.3537884],[-0.324873,51.3537826],[-0.3249223,51.353753],[-0.3249772,51.3537194],[-0.3250025,51.3537079],[-0.3250608,51.3536813],[-0.3251437,51.3536435],[-0.3252158,51.3536121],[-0.3253234,51.3535673],[-0.3254202,51.3535221],[-0.3255336,51.3534764],[-0.3256283,51.353439],[-0.325745,51.3533929],[-0.3258592,51.3533477],[-0.3259455,51.3533136],[-0.3260075,51.3532862],[-0.3261057,51.3532437],[-0.3262439,51.3531847],[-0.3263836,51.3531249],[-0.3264643,51.3530906],[-0.3265324,51.3530637],[-0.3266304,51.3530217],[-0.3266608,51.3530026],[-0.3266833,51.3529883],[-0.3267338,51.3529558],[-0.3267641,51.3529355],[-0.3267878,51.3529196],[-0.3268182,51.3528973],[-0.3268651,51.3528634],[-0.3269353,51.3528138],[-0.3270237,51.3527503],[-0.3270833,51.3527151],[-0.3271389,51.3526807],[-0.3272856,51.3525871],[-0.3273345,51.3525573],[-0.327399,51.3525175],[-0.3274579,51.352481],[-0.3275232,51.352448],[-0.3275885,51.352413],[-0.3276949,51.3523535],[-0.32782,51.3522914],[-0.3279471,51.3522274],[-0.3279777,51.3522125],[-0.327947,51.3521863],[-0.3280465,51.3521356],[-0.3283531,51.3517218],[-0.3287652,51.3511296],[-0.329036,51.3507145],[-0.3293112,51.3503335],[-0.329473,51.3500715],[-0.3295633,51.349918],[-0.329752,51.3495457],[-0.329937,51.3492372],[-0.3301027,51.348986],[-0.3302156,51.348762],[-0.3303672,51.3485797],[-0.3305339,51.3484212],[-0.3303272,51.347902],[-0.3299708,51.3472801],[-0.3293459,51.3461435],[-0.3292058,51.3458888],[-0.3288984,51.3452972],[-0.3286668,51.3449154],[-0.3284836,51.3445458],[-0.3281774,51.3440415],[-0.3274808,51.3440073],[-0.3277962,51.3439038],[-0.3279068,51.3437435],[-0.3279441,51.3433475],[-0.3280102,51.3429545],[-0.3282013,51.3423197],[-0.3283461,51.3420475],[-0.3285254,51.3417767],[-0.3285422,51.3417499],[-0.3287806,51.341078],[-0.3289091,51.3407786],[-0.3289793,51.3402329],[-0.3289594,51.3401103],[-0.3288762,51.3397494],[-0.3288708,51.3395839],[-0.3288655,51.3394129],[-0.3288823,51.3390301],[-0.3288692,51.3386792],[-0.3289004,51.338176],[-0.3290416,51.3375728],[-0.3291921,51.3367081],[-0.3292124,51.3363082],[-0.3291973,51.335933],[-0.3292082,51.3356337],[-0.3293592,51.3353104],[-0.3294108,51.3351177],[-0.329432,51.33485],[-0.3295464,51.334465],[-0.3294844,51.3343554],[-0.3295505,51.3341557],[-0.3296289,51.3338529],[-0.3296433,51.3334961],[-0.3297137,51.3328658],[-0.3297187,51.3327661],[-0.3297194,51.3326707],[-0.32969,51.3324896],[-0.3295942,51.3322814],[-0.3295789,51.3321868],[-0.3295545,51.3318717],[-0.3293628,51.331619],[-0.329303,51.3315282],[-0.3291913,51.3309655],[-0.3291712,51.3307295],[-0.329113,51.330396],[-0.3291164,51.3302639],[-0.3292145,51.3300908],[-0.3293209,51.3299664],[-0.3294288,51.329842],[-0.3296336,51.3296571],[-0.3299134,51.3294605],[-0.3302922,51.3292708],[-0.3304092,51.3292086],[-0.3305061,51.3291488],[-0.3305944,51.329088],[-0.3306791,51.329011],[-0.3307194,51.3289289],[-0.3307565,51.3288556]]]}},{"type":"Feature","properties":{"kind":"routes","class":"major","routeCount":41},"geometry":{"type":"MultiLineString","coordinates":[[[-0.2453074006358376,51.40609651305474],[-0.2455348,51.4060518],[-0.2486095,51.4054515],[-0.2539634,51.4042935],[-0.2547567,51.4041223],[-0.2566226,51.4037526],[-0.2566534,51.4037465]],[[-0.2566534,51.4037465],[-0.2570302,51.4036771]],[[-0.2570302,51.4036771],[-0.2570599,51.4036719],[-0.2574577,51.4036019],[-0.2584711,51.4034091],[-0.2595387,51.4032217]],[[-0.2595387,51.4032217],[-0.2603406,51.4030761]],[[-0.2603406,51.4030761],[-0.2613087,51.4028954],[-0.2633524,51.4025102],[-0.2637591,51.4024307]],[[-0.2637591,51.4024307],[-0.2648284,51.4022178]],[[-0.2648284,51.4022178],[-0.265163,51.4021512]],[[-0.265163,51.4021512],[-0.2654615,51.4020917]],[[-0.2654615,51.4020917],[-0.2659878,51.4019855],[-0.2666405,51.4018557],[-0.2679061,51.4016041]],[[-0.2679061,51.4016041],[-0.2684558,51.4014932]],[[-0.2684558,51.4014932],[-0.2707662,51.401033],[-0.2743057,51.4003241],[-0.2744415,51.4002969],[-0.274768,51.4002315],[-0.2769095,51.3997944],[-0.2770165,51.3997725],[-0.2783431,51.3995017],[-0.2801403,51.3991413]],[[-0.2801403,51.3991413],[-0.2803851,51.3990919]],[[-0.2803851,51.3990919],[-0.2813369,51.398901],[-0.284154,51.3983333],[-0.2858088,51.3980173],[-0.2868642,51.3978115],[-0.2884796,51.397472],[-0.2897832,51.3972076],[-0.2909902,51.3969499],[-0.292063,51.3967039],[-0.2930099,51.3964729],[-0.2941867,51.3961581],[-0.2955311,51.3957567],[-0.2963888,51.395492],[-0.2969681,51.3952995],[-0.2980196,51.3949163],[-0.2990985,51.3945182],[-0.3000507,51.3941484],[-0.3003359,51.3940265],[-0.3007319,51.3938572]],[[-0.3007319,51.3938572],[-0.3012107,51.3936526],[-0.3021806,51.3932149],[-0.3030149,51.392842],[-0.3037943,51.3925052],[-0.3048191,51.3920999],[-0.3054368,51.3918604],[-0.3057685,51.3917388],[-0.3064934,51.3914731],[-0.3081013,51.390843]],[[-0.3084855,51.3907029],[-0.3081013,51.390843]],[[-0.3084855,51.3907029],[-0.309079,51.3904471],[-0.3096463,51.3902245]],[[-0.3096463,51.3902245],[-0.3102538,51.3899776],[-0.3107339,51.3897751],[-0.3117652,51.3893566]],[[-0.3117652,51.3893566],[-0.3128931,51.3888771]],[[-0.3128931,51.3888771],[-0.31313577795159125,51.38877578807546]],[[-0.24074673886406303,51.39211201190481],[-0.2419681,51.389168]],[[-0.2419681,51.389168],[-0.2442523,51.3836318],[-0.2443996,51.3832485],[-0.2445299,51.3828457],[-0.2446068,51.3826009],[-0.2446648,51.3824297]],[[-0.2446648,51.3824297],[-0.2447197,51.3822573],[-0.2448271,51.3818557],[-0.2448758,51.3816819],[-0.2449461,51.3814183],[-0.2450141,51.3810672],[-0.245042,51.3809489]],[[-0.245042,51.3809489],[-0.2451234,51.3804988]],[[-0.2451234,51.3804988],[-0.24519607221813278,51.38006742868255]],[[-0.24524569866408702,51.380074413145316],[-0.2452258,51.3802323],[-0.2451775,51.380513]],[[-0.2451775,51.380513],[-0.2450945,51.3809615]],[[-0.2450945,51.3809615],[-0.2449971,51.3814177],[-0.244926,51.3816769],[-0.2448844,51.3818405],[-0.2448508,51.3819596],[-0.2447138,51.382437]],[[-0.2447138,51.382437],[-0.2445767,51.382862],[-0.2444511,51.3832573],[-0.2443022,51.383641],[-0.2421846,51.3887657],[-0.2420129,51.3891758]],[[-0.2420129,51.3891758],[-0.24079518133462438,51.39212608554309]],[[-0.31599976737328095,51.3876553859402],[-0.3137279,51.3886099],[-0.31337514606632816,51.388752923906864]],[[-0.313185696797685,51.38882973601856],[-0.313115,51.3888584]],[[-0.313115,51.3888584],[-0.3124411,51.3891441]],[[-0.3124411,51.3891441],[-0.3086669,51.390697],[-0.3085425,51.3907475]],[[-0.3085425,51.3907475],[-0.3082108,51.390876]],[[-0.3082108,51.390876],[-0.3077432,51.3910572],[-0.3069996,51.3913716],[-0.305881,51.3918509],[-0.3056633,51.3919442],[-0.3047255,51.3923103],[-0.3045446,51.3923881],[-0.3031434,51.3929905],[-0.3024703,51.3932648],[-0.3019179,51.3934899],[-0.3013086,51.3937618],[-0.3007502,51.3939903],[-0.300115,51.3942421],[-0.2990389,51.3946481],[-0.2982429,51.394935],[-0.2974597,51.3952262],[-0.2967945,51.3954755],[-0.295654,51.3958229],[-0.2939057,51.3963324],[-0.292739,51.3966453],[-0.2917973,51.396871],[-0.2914644,51.3969508],[-0.2913872,51.396967],[-0.2907375,51.3971031],[-0.2903378,51.3971901],[-0.2890477,51.3974529],[-0.2886531,51.397528],[-0.2871866,51.3978099],[-0.2870051,51.3978448],[-0.2869855,51.3978488],[-0.2858216,51.3980837],[-0.284016,51.3984305]],[[-0.284016,51.3984305],[-0.2829065,51.3986468],[-0.2811398,51.3990072],[-0.2805779,51.3991148],[-0.2804385,51.3991433]],[[-0.2804385,51.3991433],[-0.2801881,51.3991943]],[[-0.2801881,51.3991943],[-0.2782741,51.3995837],[-0.2772699,51.3998003],[-0.2770528,51.3998412],[-0.2769444,51.3998616],[-0.2761783,51.400006],[-0.2750203,51.4002449],[-0.2744709,51.4003533],[-0.274335,51.4003801],[-0.2737141,51.4005026],[-0.2720591,51.4008322],[-0.2706939,51.4011083],[-0.2693522,51.4013753],[-0.2685643,51.4015367]],[[-0.2685643,51.4015367],[-0.2681236,51.4016272],[-0.2680393,51.4016445]],[[-0.2680393,51.4016445],[-0.2654649,51.4021604]],[[-0.2654649,51.4021604],[-0.2651721,51.4022182]],[[-0.2651721,51.4022182],[-0.264851,51.4022816]],[[-0.264851,51.4022816],[-0.2638227,51.4024847]],[[-0.2638227,51.4024847],[-0.2634814,51.4025491],[-0.2631016,51.4026223]],[[-0.2631016,51.4026223],[-0.2617541,51.4028971],[-0.25941,51.4033422],[-0.2586455,51.4034961],[-0.2584086,51.4035437],[-0.2573089,51.4037651]],[[-0.2573089,51.4037651],[-0.2570777,51.4038103]],[[-0.2570777,51.4038103],[-0.2567008,51.403883]],[[-0.2567008,51.403883],[-0.2539362,51.4044333],[-0.2534071,51.4045397],[-0.2486417,51.4055145],[-0.2455648,51.4061132],[-0.24532347453289352,51.40616203763308]],[[-0.24530033040924604,51.40606769156767],[-0.245531,51.406022],[-0.2485849,51.4054206],[-0.2539467,51.4042645],[-0.2550379,51.4040364],[-0.2565567,51.4037266],[-0.2566063,51.4037169],[-0.256641,51.4037101]],[[-0.256641,51.4037101],[-0.2570172,51.4036415]],[[-0.2570172,51.4036415],[-0.2575228,51.403549],[-0.2579861,51.4034664]],[[-0.2579861,51.4034664],[-0.2586643,51.4033421],[-0.2597076,51.403148],[-0.2603272,51.4030359]],[[-0.2603272,51.4030359],[-0.2609093,51.4029322],[-0.2622155,51.4026896],[-0.2637298,51.4024034]],[[-0.2637298,51.4024034],[-0.2648168,51.4021875]],[[-0.2648168,51.4021875],[-0.2651596,51.4021194]],[[-0.2651596,51.4021194],[-0.265462,51.4020593]],[[-0.265462,51.4020593],[-0.2666298,51.4018253],[-0.2667592,51.4017994],[-0.2678395,51.4015839]],[[-0.2678395,51.4015839],[-0.2679231,51.4015672],[-0.2684016,51.4014715]],[[-0.2684016,51.4014715],[-0.2702143,51.4011221],[-0.2718579,51.4007803],[-0.2742892,51.4002924],[-0.2744249,51.4002652],[-0.2747681,51.4001963],[-0.2767825,51.3997914],[-0.2768962,51.3997674],[-0.277002,51.3997451],[-0.2777962,51.3995776],[-0.279346,51.3992672],[-0.2801202,51.3991189]],[[-0.2801202,51.3991189],[-0.2803646,51.3990722]],[[-0.2803646,51.3990722],[-0.280767,51.3989838],[-0.2817473,51.3987838],[-0.2834927,51.3984369],[-0.284133,51.3983034],[-0.2858001,51.3979841],[-0.2871144,51.3977314],[-0.2884769,51.3974486],[-0.2900165,51.397124],[-0.2911484,51.3968763],[-0.2920791,51.3966621],[-0.2931869,51.3963793],[-0.2946192,51.395986],[-0.2958691,51.3956111],[-0.2964538,51.3954203],[-0.2970037,51.3952413],[-0.2980792,51.394858],[-0.2992433,51.3944296],[-0.3003887,51.3939559]],[[-0.3003887,51.3939559],[-0.3011094,51.3936268],[-0.3018256,51.393272],[-0.3022288,51.3930658],[-0.3023084,51.3930251]],[[-0.3023084,51.3930251],[-0.3024102,51.3929739],[-0.3035684,51.3923915],[-0.3046265,51.3919758],[-0.3055608,51.3916737],[-0.3056677,51.3916391],[-0.3058499,51.3915802]],[[-0.3058499,51.3915802],[-0.3059019,51.3915641],[-0.306253,51.3914555],[-0.3068153,51.3912533],[-0.3073017,51.3910673],[-0.3080076,51.3907967]],[[-0.3080076,51.3907967],[-0.3084058,51.3906475]],[[-0.3084058,51.3906475],[-0.3088053,51.3904864],[-0.3093391,51.3902638],[-0.3098353,51.3900691]],[[-0.3098353,51.3900691],[-0.3102913,51.3898688],[-0.3107961,51.3896614],[-0.3120535,51.3891491],[-0.3125765,51.3889248],[-0.3130084,51.3887396],[-0.31307615841612035,51.38871123149251]],[[-0.3055746,51.391913],[-0.3055991,51.3919422],[-0.3053586,51.3920405],[-0.3050476,51.3921676],[-0.3047175,51.3923026],[-0.3041784,51.3925288],[-0.3037209,51.3927216],[-0.3033271,51.3928875],[-0.3028215,51.3931013],[-0.3025611,51.3932114],[-0.3025203,51.3931813],[-0.3029615,51.3929943],[-0.3032656,51.3928655],[-0.303909,51.3925927],[-0.3042232,51.3924594],[-0.3045188,51.3923334],[-0.3047878,51.392224],[-0.3055746,51.391913]],[[-0.2567183,51.4038964],[-0.2538657,51.4044673],[-0.2538751,51.4044841],[-0.2560264,51.4040631],[-0.256525,51.4039656],[-0.2567317,51.4039252],[-0.2567183,51.4038964]],[[-0.3003887,51.3939559],[-0.301664,51.3934028]],[[-0.301664,51.3934028],[-0.3023989,51.3930798],[-0.3032647,51.3926984],[-0.3040726,51.3923559],[-0.3049618,51.3920122],[-0.305529,51.3917927],[-0.3057405,51.3917145],[-0.3064674,51.3914456],[-0.3071053,51.3911984],[-0.308065,51.3908165]],[[-0.308065,51.3908165],[-0.3084459,51.3906781]],[[-0.3084459,51.3906781],[-0.3090488,51.3904294]],[[-0.3090488,51.3904294],[-0.3098233,51.3901148],[-0.3105689,51.3898069],[-0.3112878,51.3895098],[-0.3116928,51.3893458]],[[-0.3116928,51.3893458],[-0.312472,51.3890202]],[[-0.312472,51.3890202],[-0.3128689,51.3888495]],[[-0.3128689,51.3888495],[-0.31311077031074397,51.38874870957128]],[[-0.2790878,51.377124],[-0.2789832,51.3771675],[-0.2789555,51.3771503],[-0.2798308,51.3767256],[-0.2809841,51.3761496],[-0.2810217,51.3761915],[-0.2800266,51.3766753],[-0.2797127,51.376816],[-0.2790878,51.377124]],[[-0.2610499,51.3848616],[-0.2604357,51.3850256],[-0.2597276,51.3852014],[-0.2594862,51.3852499],[-0.2594815,51.3852344],[-0.2594755,51.3852148],[-0.2604089,51.3849771],[-0.2612499,51.3847526],[-0.2615515,51.3846574],[-0.2618439,51.3845703],[-0.2618593,51.3845823],[-0.261876,51.3845954],[-0.2616454,51.3846641],[-0.2610499,51.3848616]],[[-0.3066527,51.358277],[-0.3068453,51.3581061],[-0.307402,51.3575284],[-0.3077539,51.3571232],[-0.3081585,51.3566446],[-0.3082623,51.3565158]],[[-0.3064216,51.3585723],[-0.3066527,51.358277]],[[-0.3064216,51.3585723],[-0.3058789,51.3591008],[-0.3050564,51.3599096],[-0.303909,51.3610196],[-0.3029555,51.3619335],[-0.3021028,51.3627317],[-0.3015222,51.3632804]],[[-0.3015222,51.3632804],[-0.3011522,51.3636178]],[[-0.3011522,51.3636178],[-0.299834,51.3648795],[-0.2993957,51.3653043],[-0.299336,51.3653622]],[[-0.299336,51.3653622],[-0.299229,51.365466]],[[-0.299229,51.365466],[-0.2991448,51.3655476],[-0.298138,51.3664298],[-0.297047,51.3673234],[-0.2947958,51.3689104]],[[-0.2947958,51.3689104],[-0.2944519,51.369134]],[[-0.2944519,51.369134],[-0.2931369,51.3699802],[-0.2916858,51.3708286],[-0.2902772,51.3715842],[-0.2887979,51.3723133],[-0.2869541,51.3732203]],[[-0.286826,51.3732833],[-0.2859099,51.3737339],[-0.2837102,51.374808],[-0.2790216,51.377093],[-0.2789314,51.3771369]],[[-0.2869541,51.3732203],[-0.286826,51.3732833]],[[-0.2789314,51.3771369],[-0.2784477,51.3773868]],[[-0.2784477,51.3773868],[-0.2776968,51.377756],[-0.2765056,51.3782979],[-0.2752599,51.3788356],[-0.2721768,51.380178],[-0.2659829,51.3828479]],[[-0.2659829,51.3828479],[-0.265342,51.3831186]],[[-0.265342,51.3831186],[-0.2641181,51.383665],[-0.262951,51.3841332],[-0.2621531,51.384445]],[[-0.2621531,51.384445],[-0.2618594,51.3845413]],[[-0.2618594,51.3845413],[-0.2615992,51.3846308],[-0.2611741,51.3847581],[-0.2602286,51.3850133],[-0.2592433,51.3852436],[-0.2577462,51.3855135],[-0.2560862,51.3856957],[-0.2549732,51.3857768],[-0.2540857,51.3858114],[-0.2535295,51.3858264]],[[-0.2535295,51.3858264],[-0.253073,51.3858351]],[[-0.253073,51.3858351],[-0.251811,51.3858334]],[[-0.251811,51.3858334],[-0.2504919,51.3858579],[-0.2486886,51.3859032],[-0.2479934,51.3859394],[-0.2470769,51.3860539],[-0.2460896,51.3862399],[-0.2454618,51.3864527],[-0.2448529,51.3866943],[-0.2442964,51.3869773],[-0.2436594,51.3873484]],[[-0.2436594,51.3873484],[-0.2430966,51.3877866],[-0.242882,51.3879874],[-0.2426643,51.3882137],[-0.2424169,51.3885093]],[[-0.2424169,51.3885093],[-0.2422329,51.3887775],[-0.2421198,51.3889669],[-0.2420129,51.3891758]],[[-0.2617446,51.3844866],[-0.2617576,51.3844995],[-0.2617768,51.3845184],[-0.2608541,51.3848047],[-0.2605644,51.3848733],[-0.2597356,51.3850926],[-0.2594969,51.3851361],[-0.2594875,51.3851232],[-0.2594701,51.3850993],[-0.2599529,51.3849821],[-0.2607066,51.3847862],[-0.2613074,51.3846055],[-0.2617446,51.3844866]],[[-0.279584,51.3767088],[-0.2808671,51.376093],[-0.2808987,51.3761157],[-0.2796261,51.3767413],[-0.2792138,51.3769365],[-0.2788464,51.377119],[-0.2788169,51.3770939],[-0.2791817,51.3768997],[-0.279584,51.3767088]],[[-0.2419681,51.389168],[-0.2420719,51.3889549],[-0.2421846,51.3887657],[-0.242375,51.3884996],[-0.2426187,51.388202],[-0.2428387,51.3879693],[-0.2430613,51.3877668],[-0.2436275,51.3873252],[-0.2441071,51.3870381],[-0.2448379,51.3866781],[-0.245438,51.3864368],[-0.2460732,51.3862227],[-0.2470711,51.3860376],[-0.2476993,51.3859525],[-0.2481931,51.3859117],[-0.2492106,51.3858697],[-0.2501114,51.3858406],[-0.2514173,51.3858161],[-0.2518202,51.3858106],[-0.2525038,51.3858078],[-0.2530347,51.3857979]],[[-0.2530347,51.3857979],[-0.253353,51.3857928],[-0.253447,51.3857913]],[[-0.253447,51.3857913],[-0.2540274,51.385778],[-0.2550414,51.3857438],[-0.2558448,51.3856952],[-0.2566712,51.3856179],[-0.2575666,51.3855075],[-0.258232,51.3854048],[-0.2594159,51.385175],[-0.2601432,51.3849995],[-0.2612368,51.3847079],[-0.2618402,51.3845113]],[[-0.2618402,51.3845113],[-0.262118,51.3844152]],[[-0.262118,51.3844152],[-0.2625799,51.3842474],[-0.263677,51.3838097],[-0.2649403,51.3832707],[-0.2653224,51.3830994]],[[-0.2653224,51.3830994],[-0.2659594,51.3828259]],[[-0.2659594,51.3828259],[-0.2668956,51.3823952],[-0.2680946,51.3818729],[-0.271045,51.3805956],[-0.2734751,51.3795627],[-0.2754787,51.3786854],[-0.2774984,51.3777914],[-0.2784077,51.3773478]],[[-0.2784077,51.3773478],[-0.2789126,51.3771059]],[[-0.2789126,51.3771059],[-0.2808777,51.376146],[-0.2815698,51.3758175],[-0.2831416,51.3750424],[-0.2841116,51.3745695],[-0.285223,51.3740277],[-0.2867957,51.3732562]],[[-0.2867957,51.3732562],[-0.2869272,51.3731917]],[[-0.2869272,51.3731917],[-0.2873079,51.3730049],[-0.2903091,51.3715246],[-0.2920468,51.3705723],[-0.2930803,51.3699691],[-0.2944252,51.3691251]],[[-0.2944252,51.3691251],[-0.294772,51.3688953]],[[-0.294772,51.3688953],[-0.2953206,51.3685131],[-0.2970619,51.3672624],[-0.299184,51.3654613]],[[-0.299184,51.3654613],[-0.2993148,51.3653301]],[[-0.2993148,51.3653301],[-0.2993575,51.3652884],[-0.3009976,51.3636875],[-0.3010957,51.3636033]],[[-0.3010957,51.3636033],[-0.3014604,51.3632626]],[[-0.3014604,51.3632626],[-0.3017423,51.3630009],[-0.3020637,51.3627025],[-0.3054465,51.3594312],[-0.3058352,51.3590606]],[[-0.3058352,51.3590606],[-0.3066527,51.358277]],[[-0.3131641578273932,51.388806496603245],[-0.3125739,51.3890539]],[[-0.3125739,51.3890539],[-0.3120267,51.3892871]],[[-0.3120267,51.3892871],[-0.3097451,51.3902186],[-0.3094608,51.3903354],[-0.3085077,51.390727]],[[-0.3085077,51.390727],[-0.3081226,51.3908758]],[[-0.3081226,51.3908758],[-0.3071666,51.3912495]],[[-0.3071666,51.3912495],[-0.3065282,51.3914973],[-0.3057907,51.3917628],[-0.3055596,51.391846],[-0.3048356,51.3921315],[-0.3037832,51.3925464],[-0.3030355,51.3928717],[-0.3023942,51.3931507],[-0.302359,51.3931668],[-0.3004476,51.3940424]],[[-0.3004476,51.3940424],[-0.2993996,51.3944623],[-0.2987464,51.3947165],[-0.29717,51.3952765],[-0.2964914,51.3955051],[-0.2955994,51.3957916],[-0.2943315,51.3961605],[-0.2930606,51.3964972],[-0.2918596,51.3967948],[-0.2904731,51.3971107],[-0.2868817,51.3978386],[-0.2858149,51.3980485],[-0.2857159,51.3980675],[-0.2841664,51.3983642]],[[-0.2841664,51.3983642],[-0.2811492,51.3989754],[-0.280412,51.3991177]],[[-0.280412,51.3991177],[-0.2801648,51.3991694]],[[-0.2801648,51.3991694],[-0.2782847,51.3995473],[-0.2770324,51.3998019],[-0.2769246,51.3998238],[-0.2764373,51.3999229],[-0.2746791,51.400278],[-0.274455,51.4003228],[-0.2743192,51.4003499],[-0.2705566,51.4011014],[-0.26851,51.401515]],[[-0.26851,51.401515],[-0.2680577,51.401607],[-0.2679727,51.4016243]],[[-0.2679727,51.4016243],[-0.2654639,51.4021247]],[[-0.2654639,51.4021247],[-0.2651679,51.4021843]],[[-0.2651679,51.4021843],[-0.2648393,51.4022505]],[[-0.2648393,51.4022505],[-0.2637954,51.4024608]],[[-0.2637954,51.4024608],[-0.2625245,51.402696],[-0.2593452,51.4033169]],[[-0.2593452,51.4033169],[-0.2577481,51.4036425],[-0.2570676,51.4037787]],[[-0.2570676,51.4037787],[-0.2566897,51.4038527]],[[-0.2566897,51.4038527],[-0.2533903,51.4045138],[-0.2486232,51.4054832],[-0.2455508,51.4060829],[-0.2453151246646796,51.406127999739724]],[[-0.305504,51.3917726],[-0.3054835,51.3917488],[-0.3043941,51.3921443],[-0.3037301,51.3924064],[-0.3032242,51.3926375],[-0.3024551,51.3929898],[-0.3024785,51.3930058],[-0.3027724,51.3928767],[-0.3030136,51.3927707],[-0.3032656,51.3926639],[-0.3035492,51.3925461],[-0.3038322,51.3924285],[-0.3040028,51.3923577],[-0.304222,51.3922669],[-0.3043141,51.3922287],[-0.3045519,51.3921366],[-0.3046936,51.3920822],[-0.304979,51.3919731],[-0.305504,51.3917726]],[[-0.3007319,51.3938572],[-0.301664,51.3934028]],[[-0.3090488,51.3904294],[-0.3096463,51.3902245]],[[-0.3055493,51.3918821],[-0.3052332,51.3920053],[-0.3048703,51.3921466],[-0.3045979,51.3922532],[-0.3043467,51.3923571],[-0.3040704,51.3924714],[-0.3038579,51.3925593],[-0.3035851,51.3926738],[-0.3033123,51.3927891],[-0.3030601,51.3928969],[-0.302748,51.3930336],[-0.3024794,51.3931512],[-0.3025203,51.3931813],[-0.3041345,51.3924971],[-0.3046299,51.392286],[-0.3055746,51.391913],[-0.3055493,51.3918821]],[[-0.2536766,51.4043013],[-0.2566136,51.4037019],[-0.2566001,51.4036709],[-0.2536652,51.404282],[-0.2536766,51.4043013]],[[-0.282473,51.4114919],[-0.2824268,51.4114651],[-0.2824009,51.4114894],[-0.2824786,51.4115348],[-0.2826057,51.4116086],[-0.282911,51.4117737],[-0.283209,51.4119197],[-0.2834057,51.4120095],[-0.2836138,51.4120984],[-0.2838267,51.4121853],[-0.2840065,51.4122504],[-0.2842672,51.4123439],[-0.2845142,51.4124252],[-0.2848315,51.4125161],[-0.2848453,51.4124974],[-0.2848105,51.4124893],[-0.2848287,51.4124684],[-0.2847023,51.4124301],[-0.2843434,51.412335],[-0.2843595,51.4123173],[-0.2842486,51.4122766],[-0.2842316,51.4122954],[-0.2841567,51.412269],[-0.2840492,51.4122311],[-0.2840669,51.4122057],[-0.2838049,51.412108],[-0.2837951,51.4121162],[-0.2835868,51.4120387],[-0.2833429,51.4119354],[-0.2833525,51.411928],[-0.2831643,51.4118444],[-0.2829608,51.4117433],[-0.2829463,51.4117547],[-0.2826944,51.4116198],[-0.282473,51.4114919]],[[-0.3009011,51.4127504],[-0.3009066,51.4127204],[-0.3008789,51.4127184],[-0.3008516,51.4127165],[-0.3008424,51.4127667],[-0.3007612,51.4127586],[-0.3007563,51.4127881],[-0.3008279,51.4127953],[-0.3010368,51.4128164],[-0.3022321,51.4129452],[-0.3024526,51.4129707],[-0.3026644,51.4129849],[-0.3028798,51.4130038],[-0.3030956,51.4130205],[-0.3031777,51.4130269],[-0.303441,51.4130433],[-0.3037064,51.4130561],[-0.3037181,51.4130569],[-0.3037242,51.413036],[-0.3037154,51.4130352],[-0.3033552,51.4130101],[-0.3031787,51.4129978],[-0.3024732,51.4129364],[-0.3014891,51.4128192],[-0.3010868,51.4127707],[-0.3010835,51.4127827],[-0.3010792,51.4127968],[-0.3010434,51.4127925],[-0.301047,51.4127786],[-0.3010503,51.4127665],[-0.3009871,51.4127595],[-0.3009011,51.4127504]],[[-0.2579861,51.4034664],[-0.2586325,51.4033007],[-0.260119,51.402877]],[[-0.260119,51.402877],[-0.2608279,51.4026846],[-0.261533,51.4025297],[-0.2624132,51.4023993],[-0.2631383,51.4023454],[-0.2639525,51.4023219],[-0.2647214,51.4023506]],[[-0.2647214,51.4023506],[-0.2649147,51.4023645]],[[-0.2649147,51.4023645],[-0.2652365,51.4023877]],[[-0.2652365,51.4023877],[-0.2653066,51.4023927],[-0.2660453,51.4024445],[-0.2665107,51.4025119],[-0.2672138,51.4026348],[-0.2680304,51.4028323],[-0.2686236,51.4030137],[-0.2691779,51.403216],[-0.2698366,51.4035218],[-0.2704135,51.4038254]],[[-0.2704135,51.4038254],[-0.2710627,51.4042394],[-0.2721689,51.4049254],[-0.2728869,51.4054154],[-0.2733247,51.405692],[-0.2735041,51.4058036],[-0.2740787,51.4061757],[-0.2744072,51.4063869],[-0.2745747,51.4064844],[-0.2748432,51.4066655],[-0.2762507,51.4075544],[-0.2793338,51.4095348],[-0.2810954,51.4106734],[-0.2812162,51.4107554],[-0.2815813,51.4109873],[-0.2820332,51.4112745]],[[-0.2820332,51.4112745],[-0.2823534,51.4114715],[-0.2827824,51.4117208],[-0.2830108,51.4118391],[-0.2833233,51.4119885],[-0.2837594,51.4121728],[-0.2841077,51.4123002]],[[-0.2841077,51.4123002],[-0.2843196,51.412374],[-0.2845687,51.4124524],[-0.2853107,51.412655]],[[-0.2853107,51.412655],[-0.2857303,51.4127454]],[[-0.2857303,51.4127454],[-0.2864173,51.4128642],[-0.2872555,51.4129723],[-0.2881611,51.4130788]],[[-0.2881611,51.4130788],[-0.2886269,51.4131327]],[[-0.2886269,51.4131327],[-0.2900434,51.4132764]],[[-0.2900434,51.4132764],[-0.2902098,51.4132913]],[[-0.2902098,51.4132913],[-0.2908843,51.4133329],[-0.2915164,51.4133427],[-0.2921932,51.4133385],[-0.2926934,51.4133034],[-0.2932295,51.4132504],[-0.2940123,51.4131402],[-0.2950094,51.4129605],[-0.2959742,51.4128047]],[[-0.2959742,51.4128047],[-0.29614,51.4127845]],[[-0.29614,51.4127845],[-0.296536,51.4127416],[-0.2969341,51.4127072],[-0.2973339,51.4126811],[-0.2977348,51.4126635],[-0.2981365,51.4126545],[-0.2985385,51.4126539],[-0.2989402,51.4126618],[-0.2993413,51.4126782],[-0.2997533,51.4127053],[-0.3001513,51.4127454],[-0.3005651,51.4127874]],[[-0.3005651,51.4127874],[-0.3008228,51.4128145]],[[-0.3008228,51.4128145],[-0.3022247,51.4129592],[-0.3024582,51.4129817],[-0.3026609,51.4129969],[-0.3028765,51.4130168],[-0.3030925,51.4130353],[-0.3031762,51.4130413]],[[-0.3031762,51.4130413],[-0.3037042,51.4130793]],[[-0.3037042,51.4130793],[-0.3037182,51.4130797],[-0.3041899,51.4130989],[-0.3044084,51.4131061],[-0.3046124,51.4131157],[-0.3047776,51.4131234],[-0.3049316,51.413136],[-0.3050267,51.4131446]],[[-0.3050267,51.4131446],[-0.3052384,51.4131647]],[[-0.3052384,51.4131647],[-0.3056231,51.4131976]],[[-0.3056231,51.4131976],[-0.3064704,51.4132824],[-0.3075769,51.4133992]],[[-0.3075769,51.4133992],[-0.3084901487642355,51.41350188144415]],[[-0.3010192,51.4129367],[-0.3009425,51.4129286],[-0.3009488,51.4129052],[-0.3008656,51.4128964],[-0.3008684,51.4128866],[-0.3008217,51.4128818],[-0.3008057,51.4128802],[-0.3005615,51.4128552],[-0.3001115,51.4128108],[-0.3001154,51.4127959],[-0.3001179,51.4127862],[-0.3005628,51.4128304],[-0.3008117,51.4128555],[-0.3010347,51.4128798],[-0.3022244,51.4130112],[-0.3024365,51.4130335],[-0.3030737,51.4130869],[-0.3030706,51.4131008],[-0.3026355,51.4130956],[-0.3025815,51.4130944],[-0.3025275,51.4130921],[-0.3024738,51.4130889],[-0.3024207,51.4130847],[-0.3022054,51.413062],[-0.3018047,51.4130197],[-0.3014403,51.4129812],[-0.3010192,51.4129367]],[[-0.2823188,51.4115435],[-0.2823368,51.4115295],[-0.2826855,51.4117284],[-0.2829952,51.4118891],[-0.2833638,51.4120608],[-0.283529,51.4121319],[-0.2836909,51.4122001],[-0.2838742,51.4122692],[-0.283985,51.4123109],[-0.2841634,51.412373],[-0.2843502,51.4124365],[-0.2845615,51.4125017],[-0.2847902,51.4125672],[-0.2847774,51.4125814],[-0.2846366,51.4125397],[-0.2842593,51.4124214],[-0.284241,51.412444],[-0.2840812,51.412389],[-0.2839354,51.4123378],[-0.2839109,51.4123661],[-0.2838457,51.412345],[-0.2838426,51.412344],[-0.2837828,51.4122978],[-0.2835289,51.4121857],[-0.2832735,51.4120844],[-0.2832947,51.4120669],[-0.2831755,51.4120178],[-0.2830403,51.4119529],[-0.2828173,51.4118356],[-0.2826279,51.4117275],[-0.2823188,51.4115435]],[[-0.3084916725097778,51.41353319586402],[-0.3075761,51.4134315]],[[-0.3075761,51.4134315],[-0.3064618,51.4133131]],[[-0.3064618,51.4133131],[-0.3056165,51.4132296],[-0.3052412,51.4131926]],[[-0.3052412,51.4131926],[-0.3050244,51.4131724]],[[-0.3050244,51.4131724],[-0.3048158,51.4131558],[-0.3046067,51.4131424],[-0.3043971,51.4131319],[-0.3041872,51.4131245],[-0.3036846,51.4131082]],[[-0.3036846,51.4131082],[-0.3034351,51.4130868],[-0.3031731,51.4130704]],[[-0.3031731,51.4130704],[-0.303087,51.4130636],[-0.3028734,51.4130462],[-0.3026601,51.4130269],[-0.3024325,51.4130086],[-0.3022215,51.4129906],[-0.3008169,51.4128376]],[[-0.3008169,51.4128376],[-0.3005638,51.4128118]],[[-0.3005638,51.4128118],[-0.3001802,51.4127787],[-0.300123,51.4127736],[-0.2997352,51.4127335],[-0.299337,51.4127094],[-0.2989377,51.4126937],[-0.2985378,51.4126862],[-0.2981377,51.4126871],[-0.2977379,51.4126964],[-0.2973388,51.4127139],[-0.2969409,51.4127398],[-0.2965446,51.412774],[-0.2961503,51.4128164]],[[-0.2961503,51.4128164],[-0.2959886,51.412838]],[[-0.2959886,51.412838],[-0.2950165,51.4129882],[-0.2940166,51.4131749],[-0.2932609,51.4132845],[-0.2927109,51.4133361],[-0.2921909,51.4133737],[-0.2915101,51.4133913],[-0.2908679,51.4133743],[-0.2901846,51.4133294]],[[-0.2901846,51.4133294],[-0.2900277,51.4133132]],[[-0.2900277,51.4133132],[-0.2886181,51.4131547]],[[-0.2886181,51.4131547],[-0.2881351,51.4131056]],[[-0.2881351,51.4131056],[-0.2872687,51.4130048],[-0.2867827,51.4129434],[-0.2864055,51.4128909],[-0.2859986,51.4128271],[-0.2856551,51.4127653]],[[-0.2856551,51.4127653],[-0.2852775,51.4126859]],[[-0.2852775,51.4126859],[-0.2847615,51.4125462],[-0.284245,51.4123864],[-0.2840764,51.4123285],[-0.2835937,51.4121462],[-0.2829891,51.4118711],[-0.2828376,51.4117928],[-0.2825986,51.411663],[-0.2823656,51.411529],[-0.2820124,51.411285]],[[-0.2820124,51.411285],[-0.2816021,51.411047],[-0.2815462,51.4110111],[-0.2799957,51.4100095],[-0.2790596,51.4094072],[-0.2779868,51.4087263],[-0.27693,51.4080353],[-0.275833,51.4073292],[-0.2748206,51.4066936],[-0.274368,51.4064045],[-0.274053,51.4062013],[-0.2731918,51.4056515],[-0.2717694,51.4047275],[-0.2710357,51.4042648],[-0.2703763,51.4038573],[-0.2700216,51.4036605],[-0.2698029,51.4035473],[-0.2695378,51.4034191],[-0.269077,51.4032254],[-0.268452,51.4029962],[-0.2679365,51.4028435],[-0.2673443,51.4027017],[-0.2665074,51.4025411]],[[-0.2665074,51.4025411],[-0.2660519,51.4024854],[-0.2656699,51.4024682],[-0.2653082,51.4024587],[-0.264922,51.4024609]],[[-0.264922,51.4024609],[-0.2645722,51.4024838],[-0.2641784,51.4025173]],[[-0.2641784,51.4025173],[-0.263974,51.4025474],[-0.2632124,51.4026567],[-0.2590155,51.4034858],[-0.2585475,51.4035663],[-0.2577026,51.4037035],[-0.2573089,51.4037651]]]}},{"type":"Feature","properties":{"kind":"routes","class":"other","routeCount":103},"geometry":{"type":"MultiLineString","coordinates":[[[-0.3060926,51.4075202],[-0.3062763,51.407546]],[[-0.3062763,51.407546],[-0.3069368,51.407653],[-0.3070226,51.4076662],[-0.3070657,51.4076729],[-0.3073768,51.407723],[-0.3074807,51.4077328],[-0.307613,51.407736]],[[-0.307613,51.407736],[-0.3076569,51.4077741],[-0.3076645,51.4077922],[-0.3076622,51.4078138]],[[-0.3076622,51.4078138],[-0.3076456,51.40788],[-0.3076294,51.4079228],[-0.3075473,51.408051]],[[-0.3075473,51.408051],[-0.3074867,51.4081365],[-0.3074637,51.4081689],[-0.3074265,51.4082051],[-0.3073226,51.4083061],[-0.307255,51.408367],[-0.3071766,51.4084272],[-0.3071106,51.4084596],[-0.3069469,51.4085491]],[[-0.3069469,51.4085491],[-0.3068496,51.4086024]],[[-0.3068496,51.4086024],[-0.3067192,51.4086725]],[[-0.3067192,51.4086725],[-0.3066725,51.4087017],[-0.3064143,51.408845],[-0.3063478,51.4089177],[-0.306303,51.408959],[-0.3062605,51.4089822]],[[-0.3062605,51.4089822],[-0.3062284,51.4089882],[-0.3060107,51.4089837],[-0.3058355,51.4089889]],[[-0.3058355,51.4089889],[-0.3056738,51.4089984],[-0.3055217,51.4090004],[-0.3053075,51.4089914],[-0.3052303,51.4089816],[-0.3051135,51.4089668]],[[-0.3037648,51.4089352],[-0.3038938,51.4089237],[-0.3043254,51.4089076],[-0.3043911,51.4089088],[-0.3044543,51.408911],[-0.3045299,51.4089134],[-0.3045927,51.408914],[-0.3047937,51.4089283],[-0.3049284,51.4089445],[-0.3051135,51.4089668]],[[-0.30354,51.4090346],[-0.3037648,51.4089352]],[[-0.3030902,51.4093971],[-0.303331,51.4091893],[-0.3034486,51.4090949],[-0.30354,51.4090346]],[[-0.30297,51.4095236],[-0.3030902,51.4093971]],[[-0.3028794,51.4096016],[-0.3029313,51.4095587],[-0.30297,51.4095236]],[[-0.3024529,51.410073],[-0.3025245,51.4099991],[-0.30275,51.409747],[-0.3028794,51.4096016]],[[-0.3022668,51.4102774],[-0.3023393,51.4101922],[-0.3024529,51.410073]],[[-0.3021614,51.4104011],[-0.3022668,51.4102774]],[[-0.3019143,51.4106566],[-0.3020614,51.4105186],[-0.3021614,51.4104011]],[[-0.3018043,51.4107175],[-0.3019143,51.4106566]],[[-0.3013942,51.410808],[-0.3015446,51.4107895],[-0.3016043,51.4107782],[-0.3017163,51.4107529],[-0.3018043,51.4107175]],[[-0.3013942,51.410808],[-0.3012504,51.4108489],[-0.3011015,51.4108886],[-0.3010297,51.4109117],[-0.300965,51.4109391],[-0.3009176,51.4109606],[-0.3008799,51.410978],[-0.3008343,51.4110032]],[[-0.3008343,51.4110032],[-0.3008201,51.4110215],[-0.3005451,51.4112269],[-0.3004543,51.4113306],[-0.3004382,51.411431],[-0.3004479,51.4115265],[-0.300483,51.4116711],[-0.3005872,51.4120419]],[[-0.3005872,51.4120419],[-0.3005555,51.4120913],[-0.3005624,51.4121158],[-0.3005689,51.4121355],[-0.3005638,51.4122237]],[[-0.3005638,51.4122237],[-0.300544,51.4122714],[-0.3004937,51.4123201]],[[-0.3004937,51.4123201],[-0.3003976,51.4123105],[-0.299939,51.4123063],[-0.2998782,51.4123069],[-0.2997287,51.4123073]],[[-0.2997287,51.4123073],[-0.2993435,51.4123036],[-0.2989206,51.4123006]],[[-0.2989206,51.4123006],[-0.2986783,51.4122989],[-0.2984148,51.4122957]],[[-0.2984148,51.4122957],[-0.2982218,51.4122933]],[[-0.2982218,51.4122933],[-0.2974542,51.4122809],[-0.2969506,51.4122757],[-0.2968109,51.4122625],[-0.2966789,51.4122375],[-0.2965534,51.412201],[-0.2964564,51.4121433]],[[-0.2964564,51.4121433],[-0.2964165,51.4121049],[-0.2963919,51.4120741],[-0.2963809,51.4120592]],[[-0.2963809,51.4120592],[-0.2963735,51.4120199],[-0.2963704,51.4119718],[-0.2963819,51.4119148],[-0.2964881,51.4116978]],[[-0.2964881,51.4116978],[-0.2965264,51.4115962],[-0.2965791,51.4114563]],[[-0.2965791,51.4114563],[-0.2966717,51.4110561],[-0.2966905,51.4109772]],[[-0.2966905,51.4109772],[-0.2966887,51.4108396],[-0.2966864,51.4108118],[-0.2966781,51.4107951],[-0.29666,51.4107735],[-0.2966417,51.4107548],[-0.2965807,51.4107205],[-0.2965047,51.410703],[-0.2963309,51.4106835]],[[-0.2963309,51.4106835],[-0.2962502,51.4106798],[-0.2960254,51.4106625]],[[-0.2960254,51.4106625],[-0.2957676,51.4106388]],[[-0.2957676,51.4106388],[-0.2956369,51.4106235],[-0.2955165,51.4106033]],[[-0.2955165,51.4106033],[-0.2953497,51.4105766],[-0.2952194,51.4105566],[-0.295082,51.4105443]],[[-0.295082,51.4105443],[-0.2949576,51.4105422],[-0.2948695,51.4105456],[-0.294766,51.4105532],[-0.294636,51.4105679]],[[-0.294636,51.4105679],[-0.294487,51.4105822],[-0.2944134,51.4105889],[-0.2943439,51.4105951],[-0.2941124,51.4106142]],[[-0.2941124,51.4106142],[-0.2933502,51.4106828]],[[-0.2933502,51.4106828],[-0.2930274,51.4107237]],[[-0.2930274,51.4107237],[-0.2927691,51.4107565],[-0.2926537,51.4107717],[-0.2926227,51.4107755]],[[-0.2926227,51.4107755],[-0.2923839,51.4108303],[-0.2922779,51.4108512],[-0.2922051,51.410863],[-0.2921224,51.4108758]],[[-0.2921224,51.4108758],[-0.2920055,51.4108961]],[[-0.2920055,51.4108961],[-0.2919326,51.4109106],[-0.2917932,51.4109379],[-0.2915185,51.4109828]],[[-0.2915185,51.4109828],[-0.2913463,51.4110582]],[[-0.2913463,51.4110582],[-0.2912261,51.4111178]],[[-0.2912261,51.4111178],[-0.2910941,51.4111972],[-0.2909716,51.4112746],[-0.2908741,51.4113401]],[[-0.2908741,51.4113401],[-0.2908183,51.411419],[-0.2907099,51.4115188],[-0.2906658,51.4115495],[-0.2906356,51.411567],[-0.2905049,51.4116178]],[[-0.2905049,51.4116178],[-0.290358,51.4117308]],[[-0.290358,51.4117308],[-0.2901342,51.4119051]],[[-0.2901342,51.4119051],[-0.2898861,51.4121108]],[[-0.2898861,51.4121108],[-0.2896722,51.412277]],[[-0.2896722,51.412277],[-0.2894193,51.4124646]],[[-0.2894193,51.4124646],[-0.2891548,51.4126209],[-0.2890996,51.4126531],[-0.2886863,51.4128734],[-0.2884285,51.4130125]],[[-0.2884285,51.4130125],[-0.2883976,51.4130314],[-0.2883304,51.4130689]],[[-0.2883304,51.4130689],[-0.2882708,51.4131085],[-0.2882128,51.413147]],[[-0.2882128,51.413147],[-0.2881299,51.4132094],[-0.2878866,51.4133865],[-0.2878653,51.4134057],[-0.287658,51.4135726]],[[-0.287658,51.4135726],[-0.287604,51.4136281],[-0.2875364,51.4137065],[-0.2875138,51.4137351],[-0.2874349,51.4138118]],[[-0.2874349,51.4138118],[-0.2874816,51.4138318],[-0.2875077,51.4138604],[-0.2875124,51.4138904],[-0.2875008,51.413916],[-0.2874688,51.4139413]],[[-0.2874688,51.4139413],[-0.2874157,51.4139572],[-0.2873682,51.4139573],[-0.2873159,51.4139424]],[[-0.2873159,51.4139424],[-0.2872767,51.4139817],[-0.2872211,51.4140278],[-0.2871727,51.4140609]],[[-0.2871727,51.4140609],[-0.2870627,51.4141347],[-0.2868093,51.414351],[-0.2867411,51.4144023]],[[-0.2867411,51.4144023],[-0.2867193,51.4144209],[-0.2866408,51.4144811]],[[-0.2866408,51.4144811],[-0.2865961,51.4145168],[-0.2864486,51.4146098],[-0.2862951,51.4147208],[-0.2860607,51.4148728],[-0.2859227,51.4149607],[-0.2857828,51.4150495]],[[-0.2857828,51.4150495],[-0.2856248,51.4151504],[-0.2855505,51.415198],[-0.2852327,51.4153901],[-0.2851361,51.4154491],[-0.2850577,51.4154947],[-0.28486,51.4156],[-0.2847374,51.4156504],[-0.2845677,51.4157138]],[[-0.2845677,51.4157138],[-0.2845178,51.4157366]],[[-0.2845178,51.4157366],[-0.2844838,51.4157889],[-0.2844347,51.415822]],[[-0.2844347,51.415822],[-0.2844113,51.4158348],[-0.2843952,51.4158441]],[[-0.2843952,51.4158441],[-0.2843453,51.415869],[-0.2842933,51.4158935],[-0.2842709,51.4159041]],[[-0.2842709,51.4159041],[-0.2842503,51.4159138],[-0.2841464,51.4159105]],[[-0.2841464,51.4159105],[-0.2840777,51.4159508]],[[-0.2840777,51.4159508],[-0.2839585,51.4160253],[-0.2839378,51.4160451]],[[-0.2839378,51.4160451],[-0.2839102,51.4160506]],[[-0.2839102,51.4160506],[-0.2838638,51.416063]],[[-0.2838638,51.416063],[-0.2838649,51.416074],[-0.2838615,51.4160815],[-0.2838542,51.4160874],[-0.2835818,51.416247],[-0.2832333,51.4164523],[-0.2830524,51.4165614],[-0.2826905,51.4167871]],[[-0.2826905,51.4167871],[-0.2825886,51.4168554]],[[-0.2825886,51.4168554],[-0.2823148,51.4170423]],[[-0.2823148,51.4170423],[-0.2822884,51.4170896],[-0.2822284,51.4171251],[-0.2821731,51.4171592]],[[-0.2821731,51.4171592],[-0.2820797,51.4172118]],[[-0.2820797,51.4172118],[-0.2819719,51.4172743],[-0.2819352,51.4172938]],[[-0.2819352,51.4172938],[-0.281857,51.4172986]],[[-0.281857,51.4172986],[-0.2817106,51.4173963]],[[-0.2817106,51.4173963],[-0.2815885,51.4174801]],[[-0.2815885,51.4174801],[-0.2814883,51.4175421]],[[-0.2814883,51.4175421],[-0.2813647,51.4176193]],[[-0.2813647,51.4176193],[-0.2813354,51.4176375]],[[-0.2813354,51.4176375],[-0.2812679,51.4176775]],[[-0.2812679,51.4176775],[-0.2812147,51.4177072]],[[-0.2812147,51.4177072],[-0.2811844,51.4177245],[-0.28111,51.417766]],[[-0.28111,51.417766],[-0.2810199,51.4178178]],[[-0.2810199,51.4178178],[-0.28099,51.4178349],[-0.2809461,51.4178608],[-0.2808982,51.417887]],[[-0.2808982,51.417887],[-0.2807463,51.4179666]],[[-0.2807463,51.4179666],[-0.2806787,51.4180074]],[[-0.2806787,51.4180074],[-0.2803569,51.4181797]],[[-0.2803569,51.4181797],[-0.2802709,51.4182293],[-0.2800974,51.4183332]],[[-0.2800974,51.4183332],[-0.2799846,51.4184013]],[[-0.2799846,51.4184013],[-0.2799375,51.4184297],[-0.2798909,51.4184573]],[[-0.2798909,51.4184573],[-0.279805,51.4185082]],[[-0.279805,51.4185082],[-0.2797593,51.4185347],[-0.2797275,51.4185553]],[[-0.2797275,51.4185553],[-0.2796062,51.4186306]],[[-0.2796062,51.4186306],[-0.2794174,51.4187528],[-0.2793315,51.4188132],[-0.2792535,51.4188685],[-0.2791499,51.4189655]],[[-0.2791499,51.4189655],[-0.2790868,51.4190264]],[[-0.2790868,51.4190264],[-0.2790406,51.4190709],[-0.2789263,51.4192048],[-0.2788855,51.4192526]],[[-0.2788855,51.4192526],[-0.2788284,51.4193306],[-0.2787371,51.4194472],[-0.2785825,51.419644]],[[-0.2785825,51.419644],[-0.2784548,51.4198536],[-0.2783433,51.4200471]],[[-0.2783433,51.4200471],[-0.2783017,51.4201233],[-0.2782794,51.4201613]],[[-0.2782794,51.4201613],[-0.2782668,51.4201889]],[[-0.2782668,51.4201889],[-0.2781464,51.4203914]],[[-0.2781464,51.4203914],[-0.2781015,51.4204684],[-0.2780245,51.4205921],[-0.2778476,51.4208346]],[[-0.2778476,51.4208346],[-0.2778297,51.4208591],[-0.2777962,51.420905],[-0.2777444,51.4209708]],[[-0.2777444,51.4209708],[-0.2776441,51.4210972]],[[-0.2776441,51.4210972],[-0.2776052,51.4211437],[-0.2775638,51.4211932]],[[-0.2775638,51.4211932],[-0.277522,51.4212449]],[[-0.277522,51.4212449],[-0.2774939,51.4212795],[-0.2774604,51.421321]],[[-0.2774604,51.421321],[-0.2774199,51.421371]],[[-0.2774199,51.421371],[-0.277245,51.4215737],[-0.2770683,51.4217734]],[[-0.2770683,51.4217734],[-0.2770591,51.4217846],[-0.2770394,51.4218084]],[[-0.2770394,51.4218084],[-0.2769496,51.421917],[-0.2769014,51.4219754]],[[-0.2769014,51.4219754],[-0.276843,51.4220301]],[[-0.276843,51.4220301],[-0.2768167,51.4220603],[-0.2767596,51.4221229],[-0.2766482,51.4222628]],[[-0.2766482,51.4222628],[-0.2765983,51.4223219],[-0.2765164,51.422424]],[[-0.2765164,51.422424],[-0.2764177,51.4225471]],[[-0.2764177,51.4225471],[-0.2763069,51.422689]],[[-0.2763069,51.422689],[-0.2759818,51.4231091]],[[-0.2759818,51.4231091],[-0.2759087,51.4232036],[-0.27585,51.4232806]],[[-0.27585,51.4232806],[-0.275741,51.4234238]],[[-0.275741,51.4234238],[-0.2757022,51.4234769],[-0.275662,51.4235319]],[[-0.275662,51.4235319],[-0.2756355,51.4235683],[-0.2755296,51.4237077]],[[-0.2755296,51.4237077],[-0.275457,51.4238073]],[[-0.275457,51.4238073],[-0.2753875,51.4239057]],[[-0.2753875,51.4239057],[-0.2753298,51.4239777],[-0.2752564,51.424077],[-0.2752266,51.4241172]],[[-0.2752266,51.4241172],[-0.2751655,51.4241996]],[[-0.2751655,51.4241996],[-0.275134,51.4242427],[-0.2750926,51.4242992]],[[-0.2750926,51.4242992],[-0.2750666,51.4243348],[-0.2749974,51.4244276],[-0.2749404,51.424507]],[[-0.2749404,51.424507],[-0.2748305,51.4246569]],[[-0.2748305,51.4246569],[-0.2747948,51.4247056],[-0.2747883,51.4247145]],[[-0.2747883,51.4247145],[-0.2747486,51.424769]],[[-0.2747486,51.424769],[-0.2747218,51.424806]],[[-0.2747218,51.424806],[-0.2745457,51.4250482]],[[-0.2745457,51.4250482],[-0.2745286,51.4250691]],[[-0.2745286,51.4250691],[-0.2744886,51.4251218]],[[-0.2744886,51.4251218],[-0.2744465,51.4251808]],[[-0.2744465,51.4251808],[-0.2744346,51.4251971],[-0.2744144,51.4252242]],[[-0.2744144,51.4252242],[-0.274395,51.4252503],[-0.2743585,51.4252963]],[[-0.2743585,51.4252963],[-0.2742836,51.4253981]],[[-0.2742836,51.4253981],[-0.2741843,51.425533]],[[-0.2741843,51.425533],[-0.2741245,51.4256078],[-0.2740386,51.4257325],[-0.273978,51.4258136],[-0.2737143,51.4261555],[-0.2735419,51.4263637],[-0.2734197,51.4264933],[-0.273269,51.4266407],[-0.2730386,51.4268515],[-0.2728706,51.4270041],[-0.2727852,51.4270709]],[[-0.2727852,51.4270709],[-0.2725896,51.4272339]],[[-0.2725896,51.4272339],[-0.2724939,51.4273095],[-0.272378,51.4274045]],[[-0.272378,51.4274045],[-0.2722107,51.4275281],[-0.2720659,51.4276266]],[[-0.2720659,51.4276266],[-0.2718386,51.4277749],[-0.2717483,51.4278351],[-0.2716231,51.4279156]],[[-0.2716231,51.4279156],[-0.2714404,51.4280194]],[[-0.2714404,51.4280194],[-0.2713658,51.4280617]],[[-0.2713658,51.4280617],[-0.2712283,51.4281374],[-0.2711478,51.4281801]],[[-0.2711478,51.4281801],[-0.2710271,51.4282442],[-0.2709674,51.4282746]],[[-0.2709674,51.4282746],[-0.2707543,51.4283834]],[[-0.2707543,51.4283834],[-0.2706874,51.4284175],[-0.2705836,51.4284689]],[[-0.2705836,51.4284689],[-0.2703438,51.4285855]],[[-0.2703438,51.4285855],[-0.2701952,51.4286561],[-0.2701138,51.4286972],[-0.2700677,51.4287203]],[[-0.2700677,51.4287203],[-0.269815,51.4288321]],[[-0.269815,51.4288321],[-0.2697196,51.4288682],[-0.2695994,51.4289147]],[[-0.2695994,51.4289147],[-0.2695006,51.4289568]],[[-0.2695006,51.4289568],[-0.2689528,51.4291951],[-0.2687527,51.4292774],[-0.2686374,51.4293272],[-0.2685761,51.4293546],[-0.2685166,51.4293785],[-0.2683461,51.4294444]],[[-0.2683461,51.4294444],[-0.2681485,51.429524]],[[-0.2681485,51.429524],[-0.2680644,51.4295596]],[[-0.2680644,51.4295596],[-0.2679638,51.4296023],[-0.2678581,51.429647]],[[-0.2678581,51.429647],[-0.2677203,51.4297046]],[[-0.2677203,51.4297046],[-0.2675488,51.4297796],[-0.2669594,51.4300633],[-0.2668029,51.4301443],[-0.2667559,51.4301704],[-0.266694,51.430205],[-0.2662937,51.4304828],[-0.2654382,51.4311187],[-0.2651475,51.4313509]],[[-0.2651475,51.4313509],[-0.2650911,51.4313957],[-0.2650201,51.4314518]],[[-0.2650201,51.4314518],[-0.2645969,51.4317865],[-0.2645129,51.4318562]],[[-0.2645129,51.4318562],[-0.2644213,51.4319323]],[[-0.2644213,51.4319323],[-0.2643988,51.4319499],[-0.2643774,51.4319668]],[[-0.2643774,51.4319668],[-0.2643277,51.4320036]],[[-0.2643277,51.4320036],[-0.2642647,51.4320503]],[[-0.2642647,51.4320503],[-0.264096,51.4321776],[-0.2638861,51.4323287],[-0.2638106,51.432379]],[[-0.2638106,51.432379],[-0.2636524,51.4324843]],[[-0.2636524,51.4324843],[-0.2635728,51.4325373],[-0.263351,51.4326696],[-0.2631896,51.4327538],[-0.2630802,51.4328094]],[[-0.2630802,51.4328094],[-0.262648,51.4330461]],[[-0.262648,51.4330461],[-0.2625246,51.4331114]],[[-0.2625246,51.4331114],[-0.2618043,51.4334604]],[[-0.2618043,51.4334604],[-0.2615399,51.4335874],[-0.2613785,51.4336628],[-0.2610067,51.4338269],[-0.2609302,51.4338586]],[[-0.2609302,51.4338586],[-0.2608607,51.4338875]],[[-0.2608607,51.4338875],[-0.2607586,51.4339337]],[[-0.2607586,51.4339337],[-0.2604595,51.4340673],[-0.260303,51.4341324],[-0.2602177,51.4341679],[-0.2599699,51.434271]],[[-0.2599699,51.434271],[-0.2594917,51.4344711],[-0.2592787,51.4345602]],[[-0.2592787,51.4345602],[-0.2591997,51.4345872]],[[-0.2591997,51.4345872],[-0.2591352,51.434615],[-0.2590867,51.4346345]],[[-0.2590867,51.4346345],[-0.2590346,51.4346521],[-0.258958,51.434685],[-0.2588585,51.4347263]],[[-0.2588585,51.4347263],[-0.2587767,51.4347605]],[[-0.2587767,51.4347605],[-0.2587321,51.4347801]],[[-0.2587321,51.4347801],[-0.2586943,51.4347996]],[[-0.2586943,51.4347996],[-0.2586486,51.4348209],[-0.2582792,51.4349925],[-0.2582097,51.4350263]],[[-0.2582097,51.4350263],[-0.258145,51.435055],[-0.2581061,51.4350722]],[[-0.2581061,51.4350722],[-0.2580382,51.4351046]],[[-0.2580382,51.4351046],[-0.2579886,51.435128],[-0.2579637,51.4351409]],[[-0.2579637,51.4351409],[-0.257758,51.4352384]],[[-0.257758,51.4352384],[-0.2573357,51.4354363],[-0.25709,51.4355511]],[[-0.25709,51.4355511],[-0.2569949,51.4355959]],[[-0.2569949,51.4355959],[-0.2569364,51.4356266]],[[-0.2569364,51.4356266],[-0.2568849,51.4356508],[-0.2568393,51.435672]],[[-0.2568393,51.435672],[-0.2567578,51.4357103],[-0.2564416,51.4358586],[-0.2562382,51.4359593]],[[-0.2562382,51.4359593],[-0.2561313,51.4360132],[-0.2560738,51.4360423],[-0.2559812,51.4360907],[-0.2557226,51.4362307]],[[-0.2557226,51.4362307],[-0.2553656,51.4364225]],[[-0.2553656,51.4364225],[-0.255169,51.4365289],[-0.2549164,51.4366699],[-0.2548203,51.4367211],[-0.2547238,51.4367713],[-0.2546228,51.4368173],[-0.2545254,51.4368569]],[[-0.2545254,51.4368569],[-0.2538928320822269,51.43710311041252]],[[-0.2998401,51.410481],[-0.300006,51.4104754]],[[-0.300006,51.4104754],[-0.3000536,51.4104731]],[[-0.3000536,51.4104731],[-0.3001496,51.4104588],[-0.3002223,51.4104451],[-0.3003549,51.4104154],[-0.3004077,51.4103929],[-0.300482,51.4103488],[-0.300549,51.4103087],[-0.3005815,51.4102703],[-0.3006138,51.4102241],[-0.3006916,51.4100402]],[[-0.3006916,51.4100402],[-0.3006843,51.4099359],[-0.3006738,51.409723],[-0.3006792,51.4096821]],[[-0.3006792,51.4096821],[-0.3006676,51.4095752],[-0.3006791,51.4095236],[-0.3007116,51.4094602],[-0.3007249,51.4094349],[-0.300763,51.4093855],[-0.3008484,51.4092852],[-0.3010718,51.409069],[-0.3011414,51.4090192]],[[-0.3011414,51.4090192],[-0.3012787,51.4089209]],[[-0.3012787,51.4089209],[-0.3014138,51.4087665]],[[-0.3014138,51.4087665],[-0.3015411,51.408616]],[[-0.3015411,51.408616],[-0.3016133,51.4084961]],[[-0.3016133,51.4084961],[-0.3017141,51.4084867]],[[-0.3017141,51.4084867],[-0.3017553,51.4084851],[-0.3018114,51.4084938]],[[-0.3018114,51.4084938],[-0.3019679,51.4085609],[-0.3026444,51.4088642],[-0.3027338,51.4089043],[-0.3028066,51.4089213],[-0.3028366,51.4089244],[-0.303418,51.4089853],[-0.3034752,51.4090069],[-0.30354,51.4090346]],[[-0.2920055,51.4108961],[-0.2919578,51.4108073]],[[-0.2919578,51.4108073],[-0.2919139,51.4107196],[-0.2919046,51.4106913]],[[-0.2919046,51.4106913],[-0.2919185,51.4105752]],[[-0.2919185,51.4105752],[-0.2918593,51.4104593],[-0.2917622,51.4103255]],[[-0.2917622,51.4103255],[-0.2916423,51.4102168],[-0.2915592,51.4101627]],[[-0.2915592,51.4101627],[-0.2915091,51.4101334],[-0.2914306,51.4100971],[-0.2913506,51.4100674],[-0.2912335,51.4100398],[-0.2909051,51.4099849],[-0.29072,51.4099602],[-0.2905033,51.409934]],[[-0.2905033,51.409934],[-0.2904234,51.4099248]],[[-0.2904234,51.4099248],[-0.2901336,51.4098897]],[[-0.2901336,51.4098897],[-0.2899596,51.4098696]],[[-0.2899596,51.4098696],[-0.289913,51.4098672]],[[-0.289913,51.4098672],[-0.2895964,51.4098714],[-0.2895586,51.4098683]],[[-0.2895586,51.4098683],[-0.2895064,51.4098606],[-0.2894763,51.4098554],[-0.2893942,51.4098094]],[[-0.2893942,51.4098094],[-0.2893099,51.4097931],[-0.2892322,51.4097756]],[[-0.2892322,51.4097756],[-0.2890892,51.4097373]],[[-0.2890892,51.4097373],[-0.2890467,51.4097273]],[[-0.2890467,51.4097273],[-0.2889872,51.4097138]],[[-0.2889872,51.4097138],[-0.2887827,51.4096673]],[[-0.2887827,51.4096673],[-0.2886623,51.4096394]],[[-0.2886623,51.4096394],[-0.2885595,51.409616],[-0.2884544,51.4095883]],[[-0.2884544,51.4095883],[-0.2880303,51.4094433]],[[-0.2880303,51.4094433],[-0.2872871,51.4091543]],[[-0.2872871,51.4091543],[-0.2871613,51.4091054],[-0.2870739,51.4090714],[-0.2870057,51.4090433]],[[-0.2870057,51.4090433],[-0.2869455,51.4090219],[-0.2868868,51.4090002]],[[-0.2868868,51.4090002],[-0.2867082,51.4089412]],[[-0.2867082,51.4089412],[-0.286414,51.4088442],[-0.2861749,51.4087543]],[[-0.2861749,51.4087543],[-0.2860538,51.4087098],[-0.2859312,51.4086637],[-0.2857145,51.4085758]],[[-0.2857145,51.4085758],[-0.28566,51.4085537]],[[-0.28566,51.4085537],[-0.2854684,51.4084692],[-0.2854422,51.4084578],[-0.2853978,51.408436],[-0.2853611,51.408418],[-0.2850098,51.4082459]],[[-0.2850098,51.4082459],[-0.2848455,51.4081587]],[[-0.2848455,51.4081587],[-0.2847578,51.4081098]],[[-0.2847578,51.4081098],[-0.2844689,51.4079486],[-0.28425,51.4078289]],[[-0.28425,51.4078289],[-0.2842087,51.4078057],[-0.2841662,51.407782]],[[-0.2841662,51.407782],[-0.2840601,51.4077199]],[[-0.2840601,51.4077199],[-0.2840016,51.4076886]],[[-0.2840016,51.4076886],[-0.2835564,51.4074503]],[[-0.2835564,51.4074503],[-0.2833303,51.4073273],[-0.2832355,51.4072758],[-0.2828383,51.4070658],[-0.2821957,51.4067121],[-0.2821623,51.406694],[-0.2821289,51.4066758]],[[-0.2821289,51.4066758],[-0.2820825,51.4066508],[-0.282033,51.4066248]],[[-0.282033,51.4066248],[-0.2817886,51.4065062]],[[-0.2817886,51.4065062],[-0.2810441,51.4061215],[-0.2803691,51.4057745]],[[-0.2803691,51.4057745],[-0.2803198,51.4057491],[-0.2802721,51.4057245]],[[-0.2802721,51.4057245],[-0.2801312,51.4056488]],[[-0.2801312,51.4056488],[-0.280066,51.405617]],[[-0.280066,51.405617],[-0.2799654,51.4055651],[-0.2798476,51.4055079]],[[-0.2798476,51.4055079],[-0.2798217,51.405495],[-0.2797582,51.4054643]],[[-0.2797582,51.4054643],[-0.2797435,51.4054579],[-0.2796998,51.4054385]],[[-0.2796998,51.4054385],[-0.2795868,51.4053889],[-0.2795175,51.4053603],[-0.2794729,51.4053418]],[[-0.2794729,51.4053418],[-0.2793698,51.4053078],[-0.2787048,51.4050935],[-0.2784472,51.4050063]],[[-0.2784472,51.4050063],[-0.2784199,51.4049971],[-0.2783648,51.4049798],[-0.2783039,51.4049599]],[[-0.2783039,51.4049599],[-0.2779063,51.4048077]],[[-0.2779063,51.4048077],[-0.2778429,51.4047838]],[[-0.2778429,51.4047838],[-0.2777085,51.4047283]],[[-0.2777085,51.4047283],[-0.2773716,51.4045893],[-0.2769694,51.4044094],[-0.2766605,51.4042666]],[[-0.2766605,51.4042666],[-0.2763361,51.4041167]],[[-0.2763361,51.4041167],[-0.2763153,51.404107]],[[-0.2763153,51.404107],[-0.2761583,51.4040334]],[[-0.2761583,51.4040334],[-0.2760996,51.4040079]],[[-0.2760996,51.4040079],[-0.2760305,51.4039774]],[[-0.2760305,51.4039774],[-0.2758705,51.4039134]],[[-0.2758705,51.4039134],[-0.2758018,51.4038859]],[[-0.2758018,51.4038859],[-0.2757744,51.403875]],[[-0.2757744,51.403875],[-0.2756639,51.4038347],[-0.2754803,51.4037704],[-0.2752881,51.4037073],[-0.2752289,51.4036879],[-0.2748618,51.4035704]],[[-0.2748618,51.4035704],[-0.2746902,51.4035154]],[[-0.2746902,51.4035154],[-0.2746063,51.4034902]],[[-0.2746063,51.4034902],[-0.2742555,51.4033861]],[[-0.2742555,51.4033861],[-0.2741081,51.4033423]],[[-0.2741081,51.4033423],[-0.2739987,51.4033077]],[[-0.2739987,51.4033077],[-0.2739078,51.4032816]],[[-0.2739078,51.4032816],[-0.2733159,51.4031001]],[[-0.2733159,51.4031001],[-0.2732461,51.4030779]],[[-0.2732461,51.4030779],[-0.273056,51.4030242],[-0.2728844,51.402975]],[[-0.2728844,51.402975],[-0.2724041,51.4028274]],[[-0.2724041,51.4028274],[-0.2723321,51.4028079],[-0.2722291,51.4027798]],[[-0.2722291,51.4027798],[-0.2721828,51.4027661]],[[-0.2721828,51.4027661],[-0.2717291,51.4026278],[-0.2716112,51.4025898]],[[-0.2716112,51.4025898],[-0.2715566,51.4025739],[-0.2715064,51.4025593]],[[-0.2715064,51.4025593],[-0.27129,51.402502]],[[-0.27129,51.402502],[-0.271229,51.4024829],[-0.2710975,51.4024392],[-0.2710037,51.4024107]],[[-0.2710037,51.4024107],[-0.2709775,51.4024024],[-0.2709013,51.4023805],[-0.2708604,51.4023654]],[[-0.2708604,51.4023654],[-0.2706805,51.402308]],[[-0.2706805,51.402308],[-0.2706378,51.4022944]],[[-0.2706378,51.4022944],[-0.2706051,51.402284],[-0.2705688,51.4022732]],[[-0.2705688,51.4022732],[-0.2704417,51.4022382]],[[-0.2704417,51.4022382],[-0.2700129,51.4021086]],[[-0.2700129,51.4021086],[-0.2697695,51.4020365],[-0.2696363,51.4019951]],[[-0.2696363,51.4019951],[-0.2692743,51.4018828]],[[-0.2692743,51.4018828],[-0.2691175,51.4018374],[-0.2689656,51.4017937]],[[-0.2689656,51.4017937],[-0.2689134,51.4017789],[-0.2688712,51.4017664],[-0.2688004,51.401746]],[[-0.2688004,51.401746],[-0.2686637,51.4017062]],[[-0.2686637,51.4017062],[-0.2684236,51.4016268]],[[-0.2684236,51.4016268],[-0.2680566,51.4015153]],[[-0.2680566,51.4015153],[-0.26792,51.4014735]],[[-0.26792,51.4014735],[-0.2675884,51.4013771],[-0.2675095,51.401354],[-0.2674989,51.4013509]],[[-0.2674989,51.4013509],[-0.2674728,51.401343],[-0.2674291,51.4013298],[-0.267372,51.4013134]],[[-0.267372,51.4013134],[-0.2673256,51.4013],[-0.2673132,51.4012965],[-0.2672938,51.4012909],[-0.2664432,51.4010232]],[[-0.2664432,51.4010232],[-0.2663707,51.4010137],[-0.2662687,51.4009835]],[[-0.2662687,51.4009835],[-0.2658813,51.4008687]],[[-0.2658813,51.4008687],[-0.2656298,51.4007941]],[[-0.2656298,51.4007941],[-0.2655643,51.4007747],[-0.2654924,51.4007527]],[[-0.2654924,51.4007527],[-0.2653418,51.4007067]],[[-0.2653418,51.4007067],[-0.2652525,51.4006753]],[[-0.2652525,51.4006753],[-0.2651329,51.4006387]],[[-0.2651329,51.4006387],[-0.2650895,51.4006265],[-0.2650384,51.4006143]],[[-0.2650384,51.4006143],[-0.2650304,51.4006118]],[[-0.2650304,51.4006118],[-0.2649507,51.4005884],[-0.2648811,51.4005679]],[[-0.2648811,51.4005679],[-0.2647565,51.4005301]],[[-0.2647565,51.4005301],[-0.264126,51.4003387],[-0.2636203,51.4001829]],[[-0.2636203,51.4001829],[-0.2634815,51.4001363],[-0.2632296,51.4000593],[-0.2631568,51.400038]],[[-0.2631568,51.400038],[-0.2630857,51.4000177]],[[-0.2630857,51.4000177],[-0.2630375,51.4000042],[-0.2629686,51.3999833]],[[-0.2629686,51.3999833],[-0.2628989,51.3999648]],[[-0.2628989,51.3999648],[-0.2627474,51.3999278],[-0.2626174,51.3998936]],[[-0.2626174,51.3998936],[-0.2624768,51.3998611],[-0.2620541,51.3997836]],[[-0.2620541,51.3997836],[-0.2619002,51.3997534]],[[-0.2619002,51.3997534],[-0.2617236,51.3997173]],[[-0.2617236,51.3997173],[-0.2614666,51.3996672],[-0.2613789,51.3996494],[-0.2612671,51.3996261]],[[-0.2612671,51.3996261],[-0.2612113,51.3996171],[-0.2611558,51.3996056]],[[-0.2611558,51.3996056],[-0.2610291,51.3995799],[-0.2606984,51.399514]],[[-0.2606984,51.399514],[-0.2606353,51.3994995],[-0.2606075,51.3994924]],[[-0.2606075,51.3994924],[-0.260592,51.3994888],[-0.2603727,51.3994428]],[[-0.2603727,51.3994428],[-0.2602668,51.3994209]],[[-0.2602668,51.3994209],[-0.2602328,51.3994136]],[[-0.2602328,51.3994136],[-0.2601547,51.3993978],[-0.2600755,51.3993811]],[[-0.2600755,51.3993811],[-0.259932,51.3993536],[-0.2598302,51.3993319]],[[-0.2598302,51.3993319],[-0.2597876,51.399322]],[[-0.2597876,51.399322],[-0.2597027,51.3993055],[-0.2595893,51.3992799],[-0.2595324,51.399267]],[[-0.2595324,51.399267],[-0.2594109,51.3992437]],[[-0.2594109,51.3992437],[-0.259362,51.399233],[-0.2593366,51.3992277],[-0.2591859,51.3991964]],[[-0.2591859,51.3991964],[-0.2589618,51.3991501]],[[-0.2589618,51.3991501],[-0.2588999,51.3991374],[-0.2588207,51.399121]],[[-0.2588207,51.399121],[-0.2586883,51.3990937]],[[-0.2586883,51.3990937],[-0.2585656,51.3990684]],[[-0.2585656,51.3990684],[-0.2585264,51.3990603]],[[-0.2585264,51.3990603],[-0.2584117,51.399037],[-0.2578439,51.3989132]],[[-0.2578439,51.3989132],[-0.2575045,51.398837]],[[-0.2575045,51.398837],[-0.25691,51.3987101]],[[-0.25691,51.3987101],[-0.2568686,51.3987005]],[[-0.2568686,51.3987005],[-0.2567855,51.3986825],[-0.2565682,51.3986349]],[[-0.2565682,51.3986349],[-0.256476,51.3986156]],[[-0.256476,51.3986156],[-0.2563773,51.3986171],[-0.256285,51.3986338],[-0.2559335,51.3987632]],[[-0.2559335,51.3987632],[-0.2558575,51.3988029]],[[-0.2558575,51.3988029],[-0.2557895,51.3988207],[-0.2557164,51.3988271],[-0.2556432,51.3988218],[-0.2555664,51.3988039]],[[-0.2555664,51.3988039],[-0.2555099,51.3987753]],[[-0.2555099,51.3987753],[-0.2554843,51.3987647],[-0.2554385,51.398752],[-0.2553758,51.398743],[-0.2552484,51.3987409],[-0.2550774,51.3987427]],[[-0.2550774,51.3987427],[-0.2549436,51.3987519],[-0.2548672,51.398756],[-0.2548061,51.3987607],[-0.2546689,51.398768],[-0.2545348,51.3987744],[-0.2541606,51.3987952],[-0.2541039,51.3987984]],[[-0.2541039,51.3987984],[-0.2536821,51.3988236],[-0.2535711,51.3988301]],[[-0.2535711,51.3988301],[-0.2533349,51.3988439],[-0.2532127,51.3988511],[-0.2528784,51.3988706],[-0.2528123,51.3988749],[-0.2527429,51.3988788],[-0.2526782,51.3988828],[-0.2522838,51.3989072],[-0.2521337,51.3989165],[-0.2519407,51.3989284],[-0.251892,51.3989314],[-0.251844,51.3989344],[-0.2515899,51.3989501],[-0.2515669,51.3989516],[-0.2514674,51.398958],[-0.2507033,51.399005],[-0.2505637,51.3990136],[-0.2500497,51.3990454],[-0.2500146,51.3990473],[-0.2499736,51.3990495],[-0.2494856,51.3990764],[-0.249108,51.3990972],[-0.2490699,51.3990991],[-0.2486669,51.3991187]],[[-0.2486669,51.3991187],[-0.2485759,51.3991231],[-0.2485202,51.3991258],[-0.2481123,51.3991457],[-0.2477506,51.3991629],[-0.2476683,51.3991668],[-0.2474547,51.3991769]],[[-0.2474547,51.3991769],[-0.2471157,51.399191],[-0.246851,51.399204]],[[-0.246851,51.399204],[-0.2466202514288904,51.39922264731511]],[[-0.2996903,51.4125648],[-0.299763,51.4125542],[-0.2998036,51.4125379],[-0.2998299,51.4125192],[-0.2998417,51.4124934],[-0.2998335,51.4124567],[-0.2998092,51.4124181],[-0.299791,51.4123929],[-0.2997287,51.4123073]],[[-0.2966905,51.4109772],[-0.2967788,51.4108535],[-0.2967992,51.4108318],[-0.2968428,51.4107923],[-0.2968812,51.4107654],[-0.2969411,51.410727],[-0.2970903,51.4106375]],[[-0.2970903,51.4106375],[-0.2971197,51.410626],[-0.2972039,51.4105993],[-0.2972764,51.4105799],[-0.2973544,51.4105645],[-0.2974301,51.4105579],[-0.2986089,51.4105338],[-0.2988042,51.4105249],[-0.2991304,51.4105087],[-0.2994814,51.4104916]],[[-0.2994814,51.4104916],[-0.2998401,51.410481]],[[-0.3000536,51.4104731],[-0.3005304,51.4104763],[-0.3005543,51.4104762],[-0.3006345,51.4104733],[-0.3007667,51.4104711]],[[-0.3007667,51.4104711],[-0.3007716,51.4104953],[-0.3008058,51.4107096],[-0.3008145,51.4107656],[-0.3008203,51.4107981]],[[-0.3008203,51.4107981],[-0.3008847,51.4108131],[-0.3009557,51.4108207],[-0.301027,51.410823]],[[-0.301027,51.410823],[-0.3011047,51.410816]],[[-0.3011047,51.410816],[-0.3012102,51.4108091],[-0.3013942,51.410808]],[[-0.3037648,51.4089352],[-0.3037663,51.408864],[-0.3037571,51.408678],[-0.303744,51.408426]],[[-0.303744,51.408426],[-0.303704,51.4081967],[-0.3036639,51.4080062]],[[-0.3036639,51.4080062],[-0.3036244,51.4079787],[-0.3036224,51.4079699],[-0.3036134,51.4079336]],[[-0.3036134,51.4079336],[-0.3036016,51.4078827],[-0.3035951,51.4078386]],[[-0.3035951,51.4078386],[-0.3035896,51.4078005]],[[-0.3035896,51.4078005],[-0.3035885,51.4077685],[-0.3035891,51.4076842]],[[-0.3035891,51.4076842],[-0.303643,51.4076414],[-0.3036747,51.4075951],[-0.3037302,51.4074268]],[[-0.3037302,51.4074268],[-0.3037397,51.4073972]],[[-0.3037397,51.4073972],[-0.3037021,51.4073212],[-0.3037162,51.4071461],[-0.3037256,51.4071257],[-0.3037819,51.4070983]],[[-0.3037819,51.4070983],[-0.3037938,51.4070594]],[[-0.3037938,51.4070594],[-0.3037646,51.4070019],[-0.303752,51.4069618],[-0.3037512,51.406767]],[[-0.3037512,51.406767],[-0.3037749,51.4065158],[-0.303781,51.4064712],[-0.3038234,51.4063091],[-0.3038495,51.406242],[-0.3039332,51.4061083]],[[-0.3039332,51.4061083],[-0.3039423,51.4060656]],[[-0.3039423,51.4060656],[-0.3039635,51.4059374]],[[-0.3039635,51.4059374],[-0.3039211,51.4058416],[-0.3039437,51.4056675],[-0.3039468,51.4056315],[-0.3039657,51.4055394],[-0.30397,51.4054765],[-0.303979,51.4054344],[-0.3039869,51.4053766],[-0.3040415,51.4053403]],[[-0.3040443,51.4053176],[-0.3040432,51.4053279],[-0.3040415,51.4053403]],[[-0.3040443,51.4053176],[-0.3040551,51.4052211],[-0.3040719,51.4049704],[-0.3040892,51.4048278],[-0.3040907,51.4047842],[-0.3041123,51.4046236],[-0.3042122,51.4042774],[-0.3042576,51.4041407],[-0.304268,51.4040921],[-0.3042802,51.4040479]],[[-0.3042802,51.4040479],[-0.3043023,51.4039044]],[[-0.3043023,51.4039044],[-0.304319,51.4037954],[-0.3043747,51.4035198],[-0.3043893,51.4034452],[-0.3044488,51.403138],[-0.3044541,51.4030985],[-0.3044633,51.4030503],[-0.3044653,51.402976]],[[-0.3044653,51.402976],[-0.3044638,51.4027945]],[[-0.3044638,51.4027945],[-0.3044712,51.4023141],[-0.3044755,51.4021119]],[[-0.3044755,51.4021119],[-0.3044962,51.4019539]],[[-0.3044962,51.4019539],[-0.3044969,51.4018811]],[[-0.3044969,51.4018811],[-0.3044805,51.4018334],[-0.3044756,51.4018042],[-0.3044629,51.4017698],[-0.3044293,51.4017404],[-0.3043353,51.4016491],[-0.3040965,51.4014242],[-0.3039347,51.4012608],[-0.3038323,51.4011244],[-0.3037776,51.4010674]],[[-0.3037776,51.4010674],[-0.303684,51.4009387],[-0.3036474,51.4008898]],[[-0.3038419,51.4008227],[-0.3037845,51.4008425],[-0.3037264,51.4008626],[-0.3036474,51.4008898]],[[-0.3040115,51.4007545],[-0.3039339,51.4007894],[-0.3038419,51.4008227]],[[-0.3042482,51.4006446],[-0.3041341,51.4007021],[-0.3040115,51.4007545]],[[-0.3044725,51.4004741],[-0.3043842,51.4005509],[-0.3042482,51.4006446]],[[-0.3046027,51.4003448],[-0.3045547,51.4003777],[-0.3045189,51.4004197],[-0.3044725,51.4004741]],[[-0.3046994,51.4002035],[-0.3046272,51.400308],[-0.3046027,51.4003448]],[[-0.3043588,51.3984733],[-0.3044954,51.3985944],[-0.304639,51.3987849],[-0.3046969,51.3988536],[-0.3047408,51.398937],[-0.3047761,51.3990553],[-0.3047962,51.3991356],[-0.304837,51.39927],[-0.3048551,51.3994506],[-0.3048574,51.3995497],[-0.3048646,51.3996751],[-0.304858,51.3998163],[-0.3048022,51.4000222],[-0.3047414,51.4001319],[-0.3046994,51.4002035]],[[-0.3043122,51.3984349],[-0.3043588,51.3984733]],[[-0.3041563,51.3983172],[-0.304233,51.3983719],[-0.3042591,51.3983893],[-0.3043122,51.3984349]],[[-0.3040048,51.3982526],[-0.3041154,51.3983008],[-0.3041563,51.3983172]],[[-0.3040048,51.3982526],[-0.3039082,51.3982047],[-0.3038794,51.3981867],[-0.3038448,51.3981604],[-0.3038245,51.3981297],[-0.3038154,51.3980653],[-0.3038207,51.398029],[-0.3038503,51.3976143],[-0.3039115,51.3971887],[-0.3039561,51.3968939],[-0.3039851,51.3967027],[-0.3040524,51.3961099],[-0.3042306,51.3945622],[-0.3042833,51.3941579]],[[-0.3042833,51.3941579],[-0.3042898,51.3940854]],[[-0.3042898,51.3940854],[-0.3043016,51.3939788],[-0.3043271,51.3937431]],[[-0.3043271,51.3937431],[-0.3043505,51.3935192]],[[-0.3043505,51.3935192],[-0.3043582,51.3934593]],[[-0.3043582,51.3934593],[-0.3043381,51.3934191],[-0.3043362,51.3933597],[-0.3043367,51.393302],[-0.3043287,51.3932727],[-0.3043132,51.39325]],[[-0.3043132,51.39325],[-0.3042858,51.3932317]],[[-0.3042858,51.3932317],[-0.3042705,51.3932101],[-0.3042646,51.3931762]],[[-0.3042646,51.3931762],[-0.3042818,51.3931451],[-0.3043174,51.3931209],[-0.3043655,51.3931076],[-0.3044001,51.3931059]],[[-0.3044001,51.3931059],[-0.3044638,51.3930504],[-0.3045686,51.3930097],[-0.3046226,51.3929887],[-0.3047356,51.392959]],[[-0.3090379,51.3911377],[-0.3089345,51.3912001],[-0.3088651,51.3912442],[-0.3087485,51.3913148],[-0.3086418,51.391367],[-0.308513,51.3914222],[-0.3074545,51.3918555],[-0.3071387,51.3919851],[-0.3067128,51.3921609],[-0.3066876,51.3921716],[-0.3059339,51.3924772],[-0.3048842,51.3928833],[-0.3047356,51.392959]],[[-0.3079974,51.3906655],[-0.3090379,51.3911377]],[[-0.3055368,51.3892964],[-0.3057232,51.3893736],[-0.3058905,51.389461],[-0.3062484,51.3896738],[-0.3069801,51.3901428],[-0.3072245,51.3902893],[-0.3073608,51.3903678],[-0.3075331,51.3904558],[-0.3079974,51.3906655]],[[-0.3050408,51.3891381],[-0.3052288,51.3891995],[-0.3053045,51.3892264],[-0.3053729,51.3892489],[-0.3055368,51.3892964]],[[-0.301385,51.3871036],[-0.3014325,51.3871322],[-0.3026677,51.3878431],[-0.3032961,51.3882382],[-0.3040721,51.3887151],[-0.3042347,51.3888005],[-0.3045937,51.3889698],[-0.3048338,51.3890643],[-0.3050408,51.3891381]],[[-0.3009942,51.3868167],[-0.3010725,51.3868746],[-0.3011807,51.3869497],[-0.3013049,51.3870476],[-0.3013363,51.3870709],[-0.301385,51.3871036]],[[-0.3009942,51.3868167],[-0.3009595,51.3868281],[-0.3009269,51.3868314],[-0.30089,51.386828],[-0.3008637,51.3868202],[-0.300834,51.3868029],[-0.3008199,51.3867872],[-0.3008119,51.3867659],[-0.3008155,51.3867422],[-0.3008344,51.3867181],[-0.3008643,51.3867009],[-0.3008888,51.3866926]],[[-0.3007842,51.3864359],[-0.3007965,51.386471],[-0.3008888,51.3866926]],[[-0.3007539,51.386349],[-0.3007604,51.386363],[-0.3007842,51.3864359]],[[-0.3005078,51.3830806],[-0.300482,51.3831656],[-0.3004578,51.3832576],[-0.3004276,51.3833925],[-0.3004197,51.3834307],[-0.3004132,51.383471],[-0.300372,51.3837222],[-0.3003249,51.3840336],[-0.3003239,51.3840902],[-0.3003225,51.3843333],[-0.3003328,51.3846355],[-0.3003844,51.3850202],[-0.3004498,51.3853256],[-0.3005345,51.3856534],[-0.3006374,51.3860156],[-0.3007539,51.386349]],[[-0.3005723,51.3828974],[-0.3005078,51.3830806]],[[-0.3018749,51.379844],[-0.301767,51.3800981],[-0.3017486,51.3801416],[-0.3014159,51.3809316],[-0.3013391,51.3811141],[-0.3012504,51.3813248],[-0.3009901,51.3819306],[-0.3009759,51.3819646],[-0.3007526,51.3824927],[-0.3007115,51.3825961],[-0.3006914,51.3826442],[-0.3006706,51.3826923],[-0.3006486,51.3827361],[-0.3005723,51.3828974]],[[-0.3024115,51.3785644],[-0.3021926,51.3790667],[-0.3021719,51.3791119],[-0.3021455,51.3791866],[-0.3019542,51.3796513],[-0.301894,51.3797976],[-0.3018749,51.379844]],[[-0.3035338,51.3758661],[-0.3034919,51.3759569],[-0.3034468,51.3760478],[-0.3033345,51.3763319],[-0.3033223,51.3763634],[-0.3032321,51.3765968],[-0.3031744,51.3767356],[-0.3030861,51.3769479],[-0.3030531,51.3770267],[-0.3028268,51.3775526],[-0.3025267,51.3782743],[-0.3024618,51.378436],[-0.3024304,51.3785156],[-0.3024115,51.3785644]],[[-0.3036442,51.3756297],[-0.3035922,51.3757393],[-0.3035338,51.3758661]],[[-0.3038206,51.375324],[-0.3037322,51.3754267],[-0.3036442,51.3756297]],[[-0.3038206,51.375324],[-0.3037597,51.375299],[-0.3037196,51.3752668],[-0.3036897,51.3752339],[-0.3036575,51.3751783]],[[-0.3036575,51.3751783],[-0.3036406,51.3751093],[-0.3036444,51.3750427],[-0.3036649,51.3749742]],[[-0.3036649,51.3749742],[-0.3037032,51.3749374],[-0.3037712,51.374904],[-0.3038514,51.3748819]],[[-0.3038514,51.3748819],[-0.303896,51.3748377],[-0.3039465,51.3747872],[-0.3039867,51.3747237]],[[-0.3039867,51.3747237],[-0.3041515,51.3743331]],[[-0.3041515,51.3743331],[-0.3041561,51.3743222],[-0.3042128,51.3741983],[-0.304245,51.3741519],[-0.3042861,51.3740685]],[[-0.3042861,51.3740685],[-0.3044431,51.3737375],[-0.3045687,51.3734699]],[[-0.3045687,51.3734699],[-0.3045951,51.3734054],[-0.3047051,51.3732082]],[[-0.3047051,51.3732082],[-0.304805,51.3729966],[-0.304963,51.3726613],[-0.3049818,51.3726145],[-0.3050114,51.3725461]],[[-0.3050114,51.3725461],[-0.3051796,51.3721799],[-0.3052908,51.3719636]],[[-0.3052908,51.3719636],[-0.3053545,51.3718188],[-0.3055071,51.3714577],[-0.3056105,51.3711969],[-0.3057419,51.3707621]],[[-0.3057419,51.3707621],[-0.3058136,51.37045],[-0.3058681,51.3701979],[-0.3059072,51.3700041]],[[-0.3059072,51.3700041],[-0.30595,51.3697947],[-0.3060794,51.3693922],[-0.3061604,51.3690484],[-0.3062077,51.3688626],[-0.3062934,51.3685052],[-0.3063448,51.3682793],[-0.3063659,51.3681957]],[[-0.3063659,51.3681957],[-0.3064515,51.3678569]],[[-0.3064515,51.3678569],[-0.3064634,51.367818],[-0.3065033,51.3676882]],[[-0.3065033,51.3676882],[-0.3065563,51.3675409]],[[-0.3065563,51.3675409],[-0.306689,51.3671328],[-0.3067828,51.3668685],[-0.306844,51.3667253]],[[-0.306844,51.3667253],[-0.3068976,51.3665936]],[[-0.3068976,51.3665936],[-0.3069816,51.3664047],[-0.3070566,51.3662612],[-0.3071076,51.3661165],[-0.3071238,51.3660731],[-0.3072132,51.3658596],[-0.3072436,51.3657746],[-0.307286,51.3656691],[-0.3073147,51.3656155],[-0.307419,51.3654202],[-0.3076053,51.3650954],[-0.3077758,51.3648359],[-0.3078629,51.3647033],[-0.3079824,51.3645095],[-0.3080241,51.3644005],[-0.3080622,51.3642816],[-0.3080898,51.3641214],[-0.3080861,51.3639661],[-0.3080438,51.3638133]],[[-0.3080438,51.3638133],[-0.3079996,51.3636932],[-0.3079469,51.3635454],[-0.307885,51.363446],[-0.3078393,51.3634026],[-0.3077681,51.3633338]],[[-0.3077681,51.3633338],[-0.3076919,51.3633101],[-0.3076281,51.3632744],[-0.3075791,51.3632259]],[[-0.3075791,51.3632259],[-0.3075091,51.3631897],[-0.3074471,51.3631675],[-0.3073621,51.3631515],[-0.3071218,51.3631502]],[[-0.3071218,51.3631502],[-0.3069136,51.36316],[-0.3062171,51.3631886]],[[-0.3062171,51.3631886],[-0.3044996,51.3632593],[-0.3035367,51.3633208],[-0.3031048,51.3633518],[-0.3021756,51.3634038]],[[-0.3021756,51.3634038],[-0.3010056,51.3634854]],[[-0.3010056,51.3634854],[-0.3007977,51.3634994],[-0.300294,51.3635479],[-0.3001004,51.3635682],[-0.2997064,51.3636128],[-0.2995234,51.3636302],[-0.2992586,51.3636584],[-0.299071,51.363682],[-0.2985414,51.363731],[-0.2983503,51.3637414],[-0.2978857,51.3637641],[-0.2973784,51.3637634],[-0.2967961,51.3637402],[-0.2966912,51.3637341],[-0.2965982,51.3637339],[-0.2965254,51.363734],[-0.2964329,51.363744],[-0.2963619,51.3637559]],[[-0.2963619,51.3637559],[-0.2963438,51.3637684],[-0.2963211,51.3637776],[-0.2962955,51.3637829],[-0.2962685,51.3637839],[-0.296242,51.3637807],[-0.2962077,51.3637688],[-0.2961828,51.3637498],[-0.2961707,51.3637265]],[[-0.2961707,51.3637265],[-0.2960185,51.3636502],[-0.2956908,51.3635407]],[[-0.2950791,51.3634134],[-0.2953588,51.3634757],[-0.2954348,51.3634906],[-0.2956908,51.3635407]],[[-0.2950791,51.3634134],[-0.2949985,51.3634237]],[[-0.2949985,51.3634237],[-0.2947851,51.3633729]],[[-0.2947851,51.3633729],[-0.2945858,51.3633143],[-0.2943791,51.363267],[-0.2939783,51.3631865]],[[-0.2939783,51.3631865],[-0.2935008,51.3630829],[-0.2934489,51.3630713],[-0.2931464,51.3630037],[-0.292791,51.3629249],[-0.2923117,51.3628352]],[[-0.2923117,51.3628352],[-0.2920861,51.3627931],[-0.2919465,51.3627783],[-0.2918999,51.3627722],[-0.2916659,51.3627642],[-0.2915723,51.3627596],[-0.2914011,51.362727]],[[-0.2947001,51.3595119],[-0.2943683,51.3597936],[-0.2938532,51.3602309],[-0.2937368,51.3603297],[-0.2935771,51.3604659],[-0.2932906,51.3607129],[-0.2928888,51.3610593],[-0.2926719,51.3612781],[-0.2925033,51.3614609],[-0.2922831,51.3616924],[-0.2918934,51.3620786],[-0.2916135,51.3623659],[-0.2914546,51.3625527],[-0.2914423,51.3625924],[-0.2914394,51.3626231],[-0.2914384,51.3626443],[-0.2914011,51.362727]],[[-0.2947001,51.3595119],[-0.2946571,51.3594452],[-0.2946329,51.3593683],[-0.2946473,51.3593067],[-0.2947232,51.359236],[-0.2951474,51.3589016],[-0.2951743,51.358878],[-0.2952148,51.3588614],[-0.2952595,51.3588554],[-0.2953126,51.3588564],[-0.2953731,51.3588708],[-0.2954196,51.358899],[-0.2954596,51.3589576],[-0.2954639,51.3589945],[-0.2954521,51.3590763]],[[-0.2971946,51.3589797],[-0.2971212,51.3589878],[-0.2969388,51.3590032],[-0.2963607,51.3590391],[-0.2961126,51.3590511],[-0.2959988,51.359065],[-0.2958848,51.3591093],[-0.2958001,51.3591261],[-0.2956876,51.3591228],[-0.2954521,51.3590763]],[[-0.2986651,51.3587835],[-0.2986434,51.3587631],[-0.2986257,51.3587515],[-0.2985889,51.3587492],[-0.2985376,51.3587551],[-0.2981763,51.3588139],[-0.2979534,51.3588512],[-0.2972449,51.3589712],[-0.2971946,51.3589797]],[[-0.3001342,51.35788],[-0.3000705,51.357889],[-0.300019,51.3579006],[-0.2999638,51.3579308],[-0.2999269,51.3579648],[-0.2997975,51.3581126],[-0.2996935,51.358222],[-0.2996529,51.3582681],[-0.2995629,51.358369],[-0.299526,51.358406],[-0.2994357,51.3584749],[-0.2993567,51.3585255],[-0.2992714,51.3585701],[-0.2991111,51.3586328],[-0.2990394,51.358657],[-0.2986651,51.3587835]],[[-0.3066143,51.3565441],[-0.3062087,51.3566398],[-0.3058396,51.3567343],[-0.3055051,51.3568282],[-0.3049003,51.3570477],[-0.3047587,51.3571182],[-0.3046238,51.357194],[-0.3043967,51.357335],[-0.3040764,51.3575354],[-0.3039534,51.3576135],[-0.303803,51.3576974],[-0.3035899,51.3577919],[-0.3032172,51.3579088],[-0.3030351,51.3579431],[-0.3026738,51.3579792],[-0.3024733,51.357969],[-0.3020219,51.3578991],[-0.3015931,51.3578858],[-0.3013872,51.3578996],[-0.3010227,51.3579225],[-0.300797,51.3579241],[-0.3004916,51.3579009],[-0.3004506,51.3578975],[-0.3002817,51.3578837],[-0.3001342,51.35788]],[[-0.3078068,51.3562689],[-0.3077657,51.3562751],[-0.3077126,51.3562861],[-0.3074237,51.35635],[-0.3066143,51.3565441]],[[-0.3081135,51.3562254],[-0.3078068,51.3562689]],[[-0.3083928,51.3562104],[-0.3081135,51.3562254]],[[-0.3087039,51.3561921],[-0.3083928,51.3562104]],[[-0.3114818,51.356322],[-0.3111681,51.3563096],[-0.3111103,51.356302],[-0.311011,51.3562825],[-0.3103487,51.3561086],[-0.3101827,51.3560995],[-0.3100462,51.3561071],[-0.3093088,51.3561447],[-0.3087039,51.3561921]],[[-0.3116152,51.3563266],[-0.3114818,51.356322]],[[-0.3116477,51.3562218],[-0.3116152,51.3563266]],[[-0.3116644,51.3561565],[-0.3116477,51.3562218]],[[-0.3131602,51.3506281],[-0.3129155,51.3514327],[-0.3127514,51.3519985],[-0.3127109,51.352138],[-0.3125643,51.3527992],[-0.3123938,51.3534317],[-0.3123415,51.3536259],[-0.312139,51.3543771],[-0.3117898,51.3554354],[-0.31169,51.3559209],[-0.3116876,51.3559433],[-0.3116644,51.3561565]],[[-0.3133619,51.3499651],[-0.3131602,51.3506281]],[[-0.3133619,51.3499651],[-0.3135253,51.3499834],[-0.3139058,51.3499321]],[[-0.3139058,51.3499321],[-0.3138664,51.3500032],[-0.3138057,51.3500896]],[[-0.24494703929971562,51.38059941064784],[-0.2450188,51.380636]],[[-0.2450188,51.380636],[-0.2457944,51.3810241],[-0.2458414,51.3810513]],[[-0.2458414,51.3810513],[-0.2458742,51.3810725],[-0.2459398,51.3811529]],[[-0.2461324,51.3812584],[-0.2460875,51.3812316],[-0.2459398,51.3811529]],[[-0.2463067,51.3813623],[-0.2461951,51.3812955],[-0.2461324,51.3812584]],[[-0.2464231,51.381431],[-0.2463067,51.3813623]],[[-0.2465939,51.3815313],[-0.2464231,51.381431]],[[-0.2468768,51.3816931],[-0.2467815,51.3816393],[-0.2466924,51.3815866],[-0.2465939,51.3815313]],[[-0.2483855,51.3824636],[-0.2480783,51.3823349],[-0.2477711,51.3821975],[-0.2475,51.3820412],[-0.2469816,51.3817529],[-0.2468768,51.3816931]],[[-0.249521,51.3832277],[-0.2491204,51.3829079],[-0.2488826,51.3827267],[-0.2486825,51.3826057],[-0.2486228,51.3825701],[-0.2483855,51.3824636]],[[-0.249816,51.3834597],[-0.2496518,51.3833322],[-0.249521,51.3832277]],[[-0.249891,51.3835153],[-0.249816,51.3834597]],[[-0.2502691,51.3837918],[-0.2500939,51.3836659],[-0.2499704,51.383577],[-0.249891,51.3835153]],[[-0.2511842,51.3844149],[-0.250678,51.3840761],[-0.2503956,51.3838807],[-0.2502691,51.3837918]],[[-0.2514229,51.3845675],[-0.2511842,51.3844149]],[[-0.2516919,51.3847442],[-0.2516509,51.3847167],[-0.2516178,51.3846955],[-0.2514229,51.3845675]],[[-0.2517445,51.3847746],[-0.2516919,51.3847442]],[[-0.2520379,51.3849541],[-0.2518813,51.3848585],[-0.2517445,51.3847746]],[[-0.2520379,51.3849541],[-0.2521389,51.3849807],[-0.2524962,51.3852232]],[[-0.2524962,51.3852232],[-0.2525353,51.3852511],[-0.2525987,51.3853438]],[[-0.2531724,51.3857425],[-0.2528352,51.3855157],[-0.2525987,51.3853438]],[[-0.2534127,51.3859032],[-0.2532348,51.3857842],[-0.2531724,51.3857425]],[[-0.2540102,51.3863408],[-0.2539372,51.3862824],[-0.2534983,51.3859651],[-0.2534127,51.3859032]],[[-0.254101,51.3864742],[-0.2540727,51.3864147],[-0.2540102,51.3863408]],[[-0.2541518,51.3866101],[-0.2541143,51.3865023],[-0.254101,51.3864742]],[[-0.2540841,51.386704],[-0.2541518,51.3866101]],[[-0.2540251,51.3867833],[-0.2540468,51.3867545],[-0.2540623,51.3867341],[-0.2540841,51.386704]],[[-0.2540136,51.3867985],[-0.2540251,51.3867833]],[[-0.2538697,51.3869786],[-0.2538826,51.3869627],[-0.2539838,51.386838],[-0.2540136,51.3867985]],[[-0.2536229,51.3872841],[-0.2537789,51.3870905],[-0.2538597,51.3869909],[-0.2538697,51.3869786]],[[-0.2530898,51.3879855],[-0.2531362,51.3879121],[-0.25323,51.387774],[-0.2534409,51.38751],[-0.2536229,51.3872841]],[[-0.2529996,51.3881879],[-0.2530101,51.3881414],[-0.2530433,51.3880591],[-0.2530898,51.3879855]],[[-0.2530152,51.3885343],[-0.2530014,51.388453],[-0.2529863,51.3883197],[-0.2529895,51.3882329],[-0.2529996,51.3881879]],[[-0.2530392,51.3886578],[-0.2530237,51.3885845],[-0.2530152,51.3885343]],[[-0.2530825,51.3897752],[-0.2531123,51.3895562],[-0.2531335,51.389324],[-0.2531295,51.3892035],[-0.2531136,51.3890763],[-0.2530798,51.3888503],[-0.2530392,51.3886578]],[[-0.2530215,51.3902228],[-0.2530825,51.3897752]],[[-0.2529938,51.390426],[-0.2530215,51.3902228]],[[-0.2529782,51.3905292],[-0.2529938,51.390426]],[[-0.2529661,51.3906087],[-0.2529782,51.3905292]],[[-0.2529298,51.390812],[-0.2529661,51.3906087]],[[-0.2529162,51.3908861],[-0.252922,51.3908521],[-0.2529298,51.390812]],[[-0.2528903,51.3910239],[-0.2529162,51.3908861]],[[-0.2528381,51.3913018],[-0.2528903,51.3910239]],[[-0.2530717,51.3929431],[-0.253049,51.392822],[-0.252975,51.3925286],[-0.2529221,51.3923381],[-0.2528913,51.3922215],[-0.2528388,51.3919941],[-0.2528199,51.3918831],[-0.2528103,51.3917827],[-0.2528048,51.3916616],[-0.2528056,51.3915061],[-0.2528161,51.391419],[-0.2528381,51.3913018]],[[-0.2531207,51.393208],[-0.2530959,51.3930718],[-0.2530717,51.3929431]],[[-0.2531361,51.3933155],[-0.2531297,51.3932572],[-0.2531207,51.393208]],[[-0.2531463,51.3934079],[-0.2531361,51.3933155]],[[-0.2533079,51.3938728],[-0.2532493,51.393805],[-0.2532168,51.3937416],[-0.2532131,51.3937324],[-0.2531992,51.3936927],[-0.2531864,51.3936517],[-0.2531701,51.3935805],[-0.2531463,51.3934079]],[[-0.2533079,51.3938728],[-0.2533957,51.3939118],[-0.2535205,51.3939908],[-0.2535811,51.3940291],[-0.2536125,51.3940473]],[[-0.2536125,51.3940473],[-0.2537356,51.3941174],[-0.25381,51.3941521]],[[-0.25381,51.3941521],[-0.2539311,51.3941975]],[[-0.2539311,51.3941975],[-0.2540696,51.3942184],[-0.2542118,51.3942483]],[[-0.2542118,51.3942483],[-0.2542885,51.3942762],[-0.2543758,51.3943175]],[[-0.2543758,51.3943175],[-0.2544565,51.3943668],[-0.2544911,51.3944102],[-0.2545101,51.3944603],[-0.2545071,51.3944881],[-0.2544998,51.3945244]],[[-0.2544998,51.3945244],[-0.2544583,51.3946103]],[[-0.2544583,51.3946103],[-0.2544022,51.3946816],[-0.2543446,51.3947361]],[[-0.2543446,51.3947361],[-0.2542543,51.3948742],[-0.2542279,51.3949146]],[[-0.2542279,51.3949146],[-0.2541912,51.3949699],[-0.2541407,51.3950555],[-0.254085,51.3951556]],[[-0.2540883,51.3951932],[-0.254085,51.3951556]],[[-0.2544741,51.3955921],[-0.2543948,51.3955388],[-0.2543595,51.3955131],[-0.2543216,51.3954855],[-0.2542433,51.3954234],[-0.2541681,51.3953454],[-0.2541407,51.3953105],[-0.2541016,51.3952448],[-0.2540883,51.3951932]],[[-0.2548428,51.3960018],[-0.2548211,51.3959735],[-0.2546275,51.3957281],[-0.2544741,51.3955921]],[[-0.2549644,51.3961821],[-0.25491,51.3960977],[-0.2548428,51.3960018]],[[-0.2553927,51.3976952],[-0.2553523,51.3971638],[-0.2553222,51.3969607],[-0.2552998,51.3968711],[-0.2552536,51.3967358],[-0.2551903,51.3965966],[-0.2549644,51.3961821]],[[-0.2554317,51.39804],[-0.2554265,51.3979962],[-0.2554213,51.3979498],[-0.2553927,51.3976952]],[[-0.2554551,51.3982133],[-0.2554408,51.3981154],[-0.2554317,51.39804]],[[-0.2554987,51.3983217],[-0.2554849,51.3982968],[-0.2554551,51.3982133]],[[-0.2554987,51.3983217],[-0.2555304,51.3983479],[-0.2556108,51.3983975]],[[-0.2556108,51.3983975],[-0.2556711,51.3984343],[-0.255699,51.3984504],[-0.2557309,51.3984667]],[[-0.2557309,51.3984667],[-0.2558426,51.3984855]],[[-0.2558426,51.3984855],[-0.25603,51.3985063],[-0.2563298,51.3985717],[-0.256476,51.3986156]],[[-0.2893942,51.4098094],[-0.2895032,51.4097916],[-0.2895959,51.4098004],[-0.2896323,51.4098051],[-0.289913,51.4098672]],[[-0.2919185,51.4105752],[-0.2920189,51.4106751],[-0.2920425,51.4107093],[-0.2920592,51.4107435],[-0.2920857,51.4107891]],[[-0.2920857,51.4107891],[-0.2922971,51.4107628],[-0.2923726,51.4107666],[-0.2926227,51.4107755]],[[-0.2963309,51.4106835],[-0.2964858,51.4106707],[-0.2966201,51.4106602],[-0.2966833,51.4106566],[-0.2967834,51.4106537],[-0.2968396,51.4106517],[-0.2970903,51.4106375]],[[-0.3008203,51.4107981],[-0.3008354,51.4109031],[-0.3008389,51.4109709],[-0.3008343,51.4110032]],[[-0.3005872,51.4120419],[-0.3006179,51.4120864],[-0.3006641,51.4121401],[-0.3006835,51.4121494],[-0.30076,51.4122024]],[[-0.30076,51.4122024],[-0.3008321,51.4122381]],[[-0.3008321,51.4122381],[-0.3009258,51.4122844],[-0.301027,51.4123337]],[[-0.301027,51.4123337],[-0.3011578,51.4124051]],[[-0.3011578,51.4124051],[-0.3013391,51.4124796]],[[-0.3013391,51.4124796],[-0.3016325,51.4125503]],[[-0.3016325,51.4125503],[-0.301869,51.4125461],[-0.3021096,51.4125534],[-0.3025808,51.4125865]],[[-0.3025808,51.4125865],[-0.3028699,51.4126095]],[[-0.3028699,51.4126095],[-0.3035713,51.4126464],[-0.3037216,51.4126497],[-0.304467,51.4126982],[-0.3047347,51.412717],[-0.3048309,51.4127157],[-0.3049266,51.4126834],[-0.3050292,51.4126383],[-0.3050822,51.4126152],[-0.3051417,51.4125807],[-0.3052793,51.4124654]],[[-0.3052793,51.4124654],[-0.3053013,51.4124442]],[[-0.3053013,51.4124442],[-0.305408,51.4123251],[-0.3055088,51.4121557],[-0.3055645,51.4120476],[-0.3056078,51.412005],[-0.3056432,51.4119702]],[[-0.3056332,51.4119304],[-0.3056432,51.4119702]],[[-0.3056159,51.4118526],[-0.3056184,51.4118649],[-0.3056248,51.4118968],[-0.3056332,51.4119304]],[[-0.3056106,51.4118262],[-0.3056159,51.4118526]],[[-0.3056056,51.4118012],[-0.3056106,51.4118262]],[[-0.3056151,51.4116877],[-0.3056056,51.4118012]],[[-0.3056317,51.4115651],[-0.3056151,51.4116877]],[[-0.3057213,51.4110454],[-0.3056989,51.4110817],[-0.3056441,51.4114916],[-0.3056386,51.4115241],[-0.3056317,51.4115651]],[[-0.3057987,51.4110102],[-0.3057576,51.4110252],[-0.3057213,51.4110454]],[[-0.3066852,51.4110843],[-0.3066496,51.4110811],[-0.3058877,51.4110093],[-0.3057987,51.4110102]],[[-0.3070863,51.411117],[-0.3070321,51.4111112],[-0.3068994,51.4110971],[-0.3066852,51.4110843]],[[-0.3072088,51.4111368],[-0.3071532,51.4111264],[-0.3070863,51.411117]],[[-0.3072088,51.4111368],[-0.3073572,51.4111465],[-0.3075012,51.4111527],[-0.3076043,51.4111518]],[[-0.3076043,51.4111518],[-0.3077182,51.4111249]],[[-0.3077182,51.4111249],[-0.3077819,51.411119],[-0.3079252,51.4111215]],[[-0.3088025631913826,51.41117481316181],[-0.3081416,51.4111183],[-0.308051,51.411115],[-0.3079691,51.4111171],[-0.3079252,51.4111215]],[[-0.25383831581376964,51.437050427751124],[-0.2544588,51.4368028]],[[-0.2544588,51.4368028],[-0.2545434,51.4367618],[-0.2546212,51.4367183],[-0.2547373,51.436655],[-0.2548726,51.4365727],[-0.254944,51.4365235],[-0.2550248,51.4364651],[-0.2551192,51.4363954]],[[-0.2551192,51.4363954],[-0.2551776,51.4363442],[-0.2553128,51.4362158],[-0.2553836,51.4361549],[-0.2554353,51.436112],[-0.2555533,51.4360285],[-0.2556037,51.4359937],[-0.255678,51.4359411]],[[-0.255678,51.4359411],[-0.2559592,51.4357315]],[[-0.2559592,51.4357315],[-0.256028,51.4356686],[-0.2560674,51.4356303],[-0.2561079,51.4355916],[-0.2561296,51.4355677],[-0.2561677,51.4355236]],[[-0.2561677,51.4355236],[-0.2562158,51.4354638],[-0.256273,51.4353852],[-0.2563264,51.4353013],[-0.2563864,51.4351988],[-0.2564612,51.4350667],[-0.2565347,51.4349314],[-0.256618,51.4347683],[-0.2567078,51.4345697],[-0.2567643,51.4344324],[-0.2568265,51.4342584],[-0.2568781,51.4340823],[-0.2569181,51.4339069],[-0.2569426,51.4337359]],[[-0.2569426,51.4337359],[-0.2569722,51.4334031],[-0.2569519,51.4330204],[-0.2569325,51.4327207],[-0.2569038,51.432637]],[[-0.2569038,51.432637],[-0.2568401,51.4323234],[-0.25675,51.4317085]],[[-0.25675,51.4317085],[-0.256645,51.4308679],[-0.2565541,51.4301994],[-0.2564555,51.4297],[-0.2563319,51.4292159],[-0.256189,51.4287289],[-0.2560554,51.4282679],[-0.2559025,51.4276878],[-0.2558022,51.427328],[-0.255533,51.4265125],[-0.255346,51.425875],[-0.2551305,51.4252032],[-0.2548935,51.4245973],[-0.2545153,51.4237995],[-0.254102,51.4230787],[-0.2537517,51.4225385],[-0.2533104,51.4219343],[-0.2528994,51.4214363],[-0.2524815,51.4209762],[-0.2521079,51.420567],[-0.2513451,51.4197259],[-0.2510875,51.4194109],[-0.2509213,51.4191865],[-0.2507616,51.4189286],[-0.2506015,51.4185779],[-0.2505156,51.4183521],[-0.2504557,51.4181185],[-0.250401,51.4176343],[-0.2504119,51.4172412],[-0.2504325,51.4170382],[-0.2504571,51.4167772],[-0.2504923,51.4165243]],[[-0.2504923,51.4165243],[-0.2505384,51.4161934],[-0.2505691,51.4157438],[-0.2505526,51.4155109]],[[-0.2505526,51.4155109],[-0.2504821,51.4149948],[-0.2504458,51.414847]],[[-0.2504458,51.414847],[-0.2503015,51.4146982],[-0.2502166,51.4144992],[-0.2501901,51.414402],[-0.2501589,51.4143483]],[[-0.2501589,51.4143483],[-0.2501072,51.4143066],[-0.2500275,51.4142521],[-0.2499382,51.4142046]],[[-0.2499382,51.4142046],[-0.2499822,51.4140981]],[[-0.2499822,51.4140981],[-0.2499893,51.4140326],[-0.2500007,51.4138883],[-0.2499905,51.413764],[-0.2499846,51.4137305],[-0.2499551,51.4136574],[-0.249896,51.4135095],[-0.2497874,51.4132961],[-0.2496592,51.413074],[-0.2495044,51.4128076],[-0.2493647,51.4126097],[-0.2491973,51.4124136],[-0.2489835,51.4121654],[-0.2487185,51.4119046],[-0.2484949,51.4117032]],[[-0.2484949,51.4117032],[-0.2480946,51.4113817],[-0.2480493,51.4113481]],[[-0.2480493,51.4113481],[-0.2477447358524977,51.41114490543867]],[[-0.2550774,51.3987427],[-0.2552323,51.3987024],[-0.2553174,51.3986672],[-0.2553796,51.3986333],[-0.2554351,51.3985963]],[[-0.2554351,51.3985963],[-0.2554767,51.3985441]],[[-0.2554767,51.3985441],[-0.2554987,51.3983217]],[[-0.254085,51.3951556],[-0.2540456,51.3950519],[-0.2540108,51.3949666]],[[-0.2540108,51.3949666],[-0.2539701,51.3949056],[-0.253926,51.3948768],[-0.2538652,51.3948535]],[[-0.2538652,51.3948535],[-0.2536967,51.3948352],[-0.2535682,51.3948093],[-0.2534911,51.3947834],[-0.2534064,51.3947495]],[[-0.2534064,51.3947495],[-0.253351,51.3947152],[-0.2532984,51.3946659],[-0.2532719,51.3946165],[-0.2532749,51.394569],[-0.2532944,51.3945214]],[[-0.2532944,51.3945214],[-0.2533524,51.3944321]],[[-0.2533524,51.3944321],[-0.2534228,51.3943511]],[[-0.2534228,51.3943511],[-0.2535162,51.3942854],[-0.253609,51.3942376],[-0.2537111,51.3942079],[-0.2538095,51.3941963],[-0.2539311,51.3941975]],[[-0.2542118,51.3942483],[-0.2544078,51.3942507],[-0.2545505,51.3942432],[-0.2546139,51.3942375],[-0.254944,51.3941885]],[[-0.254944,51.3941885],[-0.2560517,51.3940044]],[[-0.2560517,51.3940044],[-0.2563664,51.3939419],[-0.257197,51.3937768],[-0.2582645,51.393499],[-0.2591598,51.3932293],[-0.2595129,51.3931734]],[[-0.2595129,51.3931734],[-0.2607627,51.3925893],[-0.2632786,51.3914243]],[[-0.2632786,51.3914243],[-0.2634988,51.3912635]],[[-0.2634988,51.3912635],[-0.2635804,51.3912033],[-0.2636804,51.3911228],[-0.2636902,51.3911151],[-0.2637282,51.3910851],[-0.263766,51.3910562],[-0.2638174,51.3909971]],[[-0.2638174,51.3909971],[-0.2640341,51.3909421],[-0.2641961,51.3908957],[-0.2642798,51.3908685],[-0.2644498,51.3908026],[-0.2647017,51.3906829]],[[-0.2647017,51.3906829],[-0.2663277,51.3899102],[-0.267073,51.3895656],[-0.2671453,51.3895173],[-0.2672099,51.3894603]],[[-0.2672099,51.3894603],[-0.2673049,51.389447],[-0.2673894,51.3894247],[-0.2688364,51.3887423]],[[-0.2688364,51.3887423],[-0.2695441,51.3884341]],[[-0.2695441,51.3884341],[-0.2698925,51.3882734]],[[-0.2698925,51.3882734],[-0.2707967,51.3878485],[-0.2710582,51.3876892],[-0.2714516,51.387397]],[[-0.2714516,51.387397],[-0.2718355,51.387189]],[[-0.2718355,51.387189],[-0.2720076,51.3871084],[-0.2728571,51.3864953],[-0.2741554,51.38528],[-0.2754467,51.384067],[-0.2758029,51.3837069],[-0.2761801,51.3833255],[-0.2767081,51.3827971]],[[-0.2767081,51.3827971],[-0.2772957,51.3822038],[-0.2778456,51.3816268]],[[-0.2778456,51.3816268],[-0.2784286,51.380999]],[[-0.2784286,51.380999],[-0.2788668,51.3805397]],[[-0.2788668,51.3805397],[-0.2792672,51.3801201],[-0.2799693,51.3794186],[-0.2799747,51.3794081],[-0.2800028,51.379353],[-0.2800205,51.37929],[-0.2800227,51.3792301]],[[-0.2800227,51.3792301],[-0.2799769,51.3789441]],[[-0.2799769,51.3789441],[-0.2799621,51.3788341]],[[-0.2799621,51.3788341],[-0.2799882,51.3787558],[-0.2800345,51.3786811],[-0.280068,51.3786476],[-0.2801079,51.3786222],[-0.2801307,51.3786069],[-0.280192,51.3785781],[-0.2803006,51.3785524],[-0.2803837,51.3785447],[-0.2804796,51.3785503]],[[-0.2804796,51.3785503],[-0.2805579,51.3785583]],[[-0.2805579,51.3785583],[-0.2806398,51.3785853],[-0.280814,51.3786712]],[[-0.280814,51.3786712],[-0.2809544,51.3787441],[-0.281066,51.3788217]],[[-0.281066,51.3788217],[-0.2811065,51.3788647],[-0.2811259,51.3789272]],[[-0.2811259,51.3789272],[-0.2811224,51.3789835],[-0.2811162,51.3790863],[-0.2810969,51.3793165]],[[-0.2810969,51.3793165],[-0.2811204,51.3793729],[-0.2811633,51.3794405]],[[-0.2811633,51.3794405],[-0.281221,51.3795161],[-0.2813229,51.3796214],[-0.2813672,51.3796667],[-0.2817186,51.3800185],[-0.2818286,51.3801249],[-0.281875,51.3801725]],[[-0.281875,51.3801725],[-0.2823254,51.3806188],[-0.2824764,51.3807584],[-0.2825324,51.380815],[-0.2830282,51.3812093]],[[-0.2830282,51.3812093],[-0.2831999,51.3813271],[-0.2833689,51.3814436],[-0.2834892,51.3815243],[-0.2838778,51.3817664],[-0.2839888,51.3818393],[-0.2840292,51.3818652],[-0.284094,51.3819069]],[[-0.284094,51.3819069],[-0.284131,51.3819306],[-0.2841819,51.3819598]],[[-0.2841819,51.3819598],[-0.2843374,51.3820443]],[[-0.2843374,51.3820443],[-0.2844205,51.3820859],[-0.2844574,51.3821027],[-0.2845091,51.3821244],[-0.2845519,51.3821432],[-0.2846024,51.382165],[-0.2846299,51.3821767]],[[-0.2846299,51.3821767],[-0.284801,51.3822275],[-0.2849914,51.3822777],[-0.2852292,51.3823318],[-0.2853642,51.3823595],[-0.2854306,51.3823705]],[[-0.2854306,51.3823705],[-0.2854986,51.3823838],[-0.2855533,51.3823953]],[[-0.2855533,51.3823953],[-0.2856186,51.382407],[-0.2856521,51.3824153],[-0.2857763,51.3824453],[-0.2858519,51.3824641]],[[-0.2858519,51.3824641],[-0.2859731,51.3824932],[-0.2860006,51.3824995],[-0.2860297,51.3825072],[-0.2860924,51.38252],[-0.2861551,51.3825357],[-0.2861873,51.3825437],[-0.2862051,51.3825489],[-0.2862172,51.3825598],[-0.2862621,51.382604]],[[-0.2867925,51.3827262],[-0.2866341,51.3826845],[-0.2862621,51.382604]],[[-0.2871433,51.382819],[-0.2867925,51.3827262]],[[-0.2872743,51.3828577],[-0.2871433,51.382819]],[[-0.2873948,51.3828942],[-0.2872743,51.3828577]],[[-0.2875001,51.3829269],[-0.2874476,51.3829103],[-0.2873948,51.3828942]],[[-0.2875001,51.3829269],[-0.2875573,51.3829433]],[[-0.2875573,51.3829433],[-0.2876086,51.3829373],[-0.2876301,51.3829431]],[[-0.2876301,51.3829431],[-0.2876744,51.3829547]],[[-0.2876744,51.3829547],[-0.2877779,51.3829844],[-0.2877913,51.3830097]],[[-0.2877913,51.3830097],[-0.2880365,51.3830842],[-0.2884808,51.3832096]],[[-0.2884808,51.3832096],[-0.2885688,51.3832326]],[[-0.2885688,51.3832326],[-0.2885148,51.3832726]],[[-0.2885148,51.3832726],[-0.2885037,51.3832802],[-0.2884444,51.3833157],[-0.2883622,51.3833489]],[[-0.2883622,51.3833489],[-0.2879863,51.3833927]],[[-0.3271550428931181,51.32666216787767],[-0.3271186,51.3267134],[-0.32704,51.3268153],[-0.3262801,51.3277926],[-0.325479,51.3288768],[-0.3252215,51.3292227]],[[-0.3252215,51.3292227],[-0.3250442,51.3294625],[-0.3243848,51.3303538],[-0.3234273,51.3318373],[-0.32248,51.3333845],[-0.3221152,51.3339744],[-0.3216453,51.3347397],[-0.3212004,51.3355154]],[[-0.3212004,51.3355154],[-0.3210291,51.3358218],[-0.3209933,51.3358858],[-0.3202477,51.3374038],[-0.3201532,51.3375963],[-0.3197959,51.3383238],[-0.319667,51.3386069],[-0.319489,51.3390086],[-0.3194791,51.3390309],[-0.3192144,51.3394961],[-0.3191115,51.3396774]],[[-0.3191115,51.3396774],[-0.3190843,51.3397224],[-0.3190502,51.3397769]],[[-0.3190502,51.3397769],[-0.31898,51.3398908],[-0.3185592,51.3405973],[-0.3184435,51.3407754],[-0.3183378,51.3409382],[-0.3180908,51.3413184]],[[-0.3180908,51.3413184],[-0.3180282,51.3414278],[-0.3176216,51.3421875],[-0.3170964,51.3431199],[-0.3167837,51.3436539],[-0.3163095,51.3444475],[-0.316162,51.3447043],[-0.3160867,51.3448446],[-0.3158514,51.3452741],[-0.3157376,51.3455177],[-0.3151707,51.346471],[-0.3142209,51.347988],[-0.3138711,51.3486775],[-0.3135075,51.3495525],[-0.3133619,51.3499651]],[[-0.3138057,51.3500896],[-0.313735,51.350201],[-0.313569,51.3504235]],[[-0.313569,51.3504235],[-0.3131602,51.3506281]],[[-0.3116152,51.3563266],[-0.3115641,51.356599],[-0.3115554,51.3566483],[-0.3115495,51.3566913],[-0.3115336,51.3568074],[-0.3115249,51.3568846]],[[-0.3114319,51.3574306],[-0.3114553,51.3572895],[-0.311486,51.3571318],[-0.3114924,51.357082],[-0.3115249,51.3568846]],[[-0.3114319,51.3574306],[-0.3113432,51.357959],[-0.3113006,51.3581324],[-0.311243,51.3582933],[-0.3111808,51.3584344],[-0.3110684,51.3586812]],[[-0.3110684,51.3586812],[-0.3109824,51.3588543]],[[-0.3109824,51.3588543],[-0.3109217,51.3589349],[-0.3109121,51.3589477]],[[-0.3109121,51.3589477],[-0.3105879,51.3593781],[-0.3105669,51.359406],[-0.3102597,51.3598292],[-0.3102089,51.3598948],[-0.3099756,51.360196],[-0.3099605,51.3602155],[-0.3099145,51.360275],[-0.3096329,51.3605763],[-0.3095708,51.3606561],[-0.3095362,51.3607035]],[[-0.3095362,51.3607035],[-0.3093707,51.360973],[-0.3092791,51.3611245]],[[-0.3092791,51.3611245],[-0.3091691,51.3613066],[-0.3091589,51.3613235],[-0.3090599,51.3614872],[-0.3090485,51.3615015],[-0.3089715,51.3615975],[-0.3089398,51.3616371],[-0.3088628,51.3617032],[-0.3087797,51.3617746],[-0.3087214,51.3618104],[-0.3085864,51.3618933],[-0.3084424,51.3619817],[-0.3083728,51.3620245],[-0.3082027,51.3621432],[-0.3080757,51.3622497],[-0.307985,51.3623369]],[[-0.307985,51.3623369],[-0.3079117,51.3624469]],[[-0.3079117,51.3624469],[-0.3078638,51.3625519]],[[-0.3078638,51.3625519],[-0.3078603,51.3626388],[-0.3078603,51.3627147],[-0.3078643,51.3627568],[-0.3078965,51.3628439],[-0.3079509,51.3628958],[-0.3080388,51.3629739]],[[-0.3080388,51.3629739],[-0.3080988,51.3630035],[-0.3081603,51.3630576],[-0.3081899,51.3631211],[-0.3081849,51.3631867],[-0.3081463,51.3632476],[-0.3081134,51.3632759]],[[-0.3081134,51.3632759],[-0.3080793,51.3633668],[-0.3080655,51.3634084],[-0.3080597,51.3634584],[-0.308085,51.3635766],[-0.3081326,51.3637367]],[[-0.3081326,51.3637367],[-0.3081835,51.363908],[-0.3081996,51.3640896],[-0.3081567,51.3643428],[-0.3080386,51.3646275],[-0.3078823,51.3648613],[-0.3077329,51.3651098],[-0.3075612,51.365407],[-0.3074968,51.3655184],[-0.3073627,51.3657863],[-0.3071629,51.3662812],[-0.3070364,51.3666212]],[[-0.3070364,51.3666212],[-0.3069308,51.3668866],[-0.3068702,51.3670483],[-0.3067791,51.3672721],[-0.3066999,51.3674835]],[[-0.3066999,51.3674835],[-0.3066596,51.3676084],[-0.3066364,51.3677017]],[[-0.3066364,51.3677017],[-0.3066328,51.3677692],[-0.306542,51.3680821],[-0.3064633,51.3682472]],[[-0.3064633,51.3682472],[-0.3063998,51.3685093],[-0.3063113,51.3688223],[-0.3061933,51.3693213],[-0.3060967,51.36975],[-0.3060231,51.3701041]],[[-0.3060231,51.3701041],[-0.3060097,51.3701521],[-0.3059472,51.3703725]],[[-0.3059472,51.3703725],[-0.3058519,51.370767]],[[-0.3058519,51.370767],[-0.3057693,51.3710371]],[[-0.3057693,51.3710371],[-0.3056317,51.3714194],[-0.3055415,51.3716254],[-0.3054128,51.3719232]],[[-0.3054128,51.3719232],[-0.3053859,51.3719854],[-0.3053132,51.372135],[-0.3052316,51.372312]],[[-0.3052316,51.372312],[-0.3051201,51.3725589],[-0.3049485,51.3729307],[-0.3047929,51.3732639],[-0.3046962,51.3734402]],[[-0.3046962,51.3734402],[-0.3046129,51.373618]],[[-0.3046129,51.373618],[-0.3045202,51.3738152],[-0.3044701,51.3739516]],[[-0.3044701,51.3739516],[-0.3043492,51.3742244]],[[-0.3043492,51.3742244],[-0.3043258,51.3742845],[-0.3041941,51.3745997],[-0.3041417,51.3747338],[-0.3041316,51.3747786],[-0.3041333,51.3748244],[-0.3041505,51.3748662],[-0.3041733,51.3748972],[-0.3042253,51.374947]],[[-0.3042253,51.374947],[-0.304255,51.3749771],[-0.3042848,51.375014]],[[-0.3042848,51.375014],[-0.30429,51.3750858]],[[-0.30429,51.3750858],[-0.3042839,51.375133],[-0.3042652,51.3751911],[-0.3042348,51.37524],[-0.3042006,51.3752827]],[[-0.3042006,51.3752827],[-0.304158,51.375308],[-0.3040909,51.3753315]],[[-0.3040909,51.3753315],[-0.3040001,51.3753417],[-0.3038946,51.3753372],[-0.3038206,51.375324]],[[-0.3008888,51.3866926],[-0.3009438,51.3866909],[-0.3009741,51.3866969],[-0.3010057,51.386711],[-0.3010243,51.3867265],[-0.301036,51.3867462],[-0.3010369,51.3867722],[-0.3010232,51.3867961],[-0.3009942,51.3868167]],[[-0.3047356,51.392959],[-0.3046938,51.3929961],[-0.3046045,51.3930431],[-0.3045418,51.3930882],[-0.3045311,51.3931058],[-0.3045069,51.3931517]],[[-0.3045069,51.3931517],[-0.3045164,51.3931626],[-0.3045215,51.3931949],[-0.3045075,51.3932238],[-0.3044902,51.3932374],[-0.3044775,51.3932475],[-0.3044356,51.3932626]],[[-0.3044356,51.3932626],[-0.3044011,51.3933379],[-0.3043964,51.3933597],[-0.3043897,51.3934137],[-0.3043582,51.3934593]],[[-0.3078512,51.4033973],[-0.3078054,51.4033957],[-0.3077392,51.4033934],[-0.3076327,51.4033891],[-0.3075915,51.4033821],[-0.3075363,51.4033653],[-0.3072711,51.4032308],[-0.3064076,51.4027929],[-0.3055902,51.402384],[-0.3050778,51.4020806],[-0.304924,51.4019982],[-0.3047852,51.4019239],[-0.3046212,51.4018918],[-0.3045716,51.4018881],[-0.304551,51.4018865],[-0.3044969,51.4018811]],[[-0.3078512,51.4033973],[-0.3078515,51.4035396],[-0.3078513,51.4035717],[-0.3078503,51.4037246],[-0.3078731,51.4041034],[-0.3079568,51.4044644],[-0.3079847,51.4045714],[-0.3081471,51.4052667],[-0.3081586,51.4053159]],[[-0.3081586,51.4053159],[-0.3082162,51.405533]],[[-0.3082162,51.405533],[-0.3082239,51.4055596],[-0.3082452,51.4056487]],[[-0.3082452,51.4056487],[-0.3082562,51.4056866],[-0.3082546,51.4057],[-0.3082026,51.4059148],[-0.3080914,51.4063649],[-0.3080403,51.4065603]],[[-0.3080403,51.4065603],[-0.3079876,51.4067084],[-0.3079709,51.4067619],[-0.3079507,51.4068295],[-0.3078749,51.4070989]],[[-0.3078749,51.4070989],[-0.3077959,51.4074717],[-0.3077866,51.4075039],[-0.3077551,51.4076211],[-0.3077355,51.4076583],[-0.3077164,51.4076787],[-0.307613,51.407736]],[[-0.2794125,51.3774792],[-0.2793681,51.3774989],[-0.2793225,51.3775245],[-0.2793052,51.377564],[-0.2792645,51.3776151],[-0.2792554,51.3776249],[-0.2792344,51.3776924]],[[-0.2792344,51.3776924],[-0.2795557,51.3779957]],[[-0.2795557,51.3779957],[-0.2797867,51.3782025],[-0.2799954,51.3783518],[-0.2801201,51.378427],[-0.280177,51.3784618],[-0.2802523,51.3784936],[-0.2803483,51.3785225],[-0.2804796,51.3785503]],[[-0.2886039,51.3832428],[-0.2885688,51.3832326]],[[-0.2888487,51.3833142],[-0.2886039,51.3832428]],[[-0.288943,51.3833445],[-0.2888487,51.3833142]],[[-0.2921069,51.3842758],[-0.2909422,51.383925],[-0.2908859,51.383908],[-0.2902678,51.383737],[-0.2895603,51.3835333],[-0.2893602,51.3834757],[-0.2892891,51.3834528],[-0.2892342,51.3834359],[-0.288943,51.3833445]],[[-0.2922694,51.3843228],[-0.2921069,51.3842758]],[[-0.2928554,51.3844984],[-0.2926802,51.3844458],[-0.2926281,51.3844303],[-0.2925508,51.3844071],[-0.2922694,51.3843228]],[[-0.2929014,51.3845122],[-0.2928554,51.3844984]],[[-0.2929999,51.3845417],[-0.2929014,51.3845122]],[[-0.2930092,51.3845445],[-0.2929999,51.3845417]],[[-0.2932599,51.3846197],[-0.2930092,51.3845445]],[[-0.2945233,51.3849962],[-0.2938141,51.3847833],[-0.2932599,51.3846197]],[[-0.2945771,51.3850103],[-0.2945233,51.3849962]],[[-0.294629,51.3850247],[-0.2945771,51.3850103]],[[-0.294629,51.3850247],[-0.2947261,51.3850065],[-0.2948158,51.3850268],[-0.2948593,51.385037],[-0.2949916,51.3850696]],[[-0.2949916,51.3850696],[-0.2950877,51.3850938]],[[-0.2950877,51.3850938],[-0.295198,51.3851324],[-0.2954936,51.3853093]],[[-0.2954936,51.3853093],[-0.2955522,51.3853596]],[[-0.2955522,51.3853596],[-0.2955969,51.385394]],[[-0.2955969,51.385394],[-0.2957002,51.3854905],[-0.2957199,51.3855095],[-0.295739,51.3855332],[-0.2957432,51.3855847]],[[-0.2957432,51.3855847],[-0.2957648,51.3856049]],[[-0.2957648,51.3856049],[-0.2958157,51.3856581]],[[-0.2958157,51.3856581],[-0.2959356,51.3857836],[-0.2959639,51.3858224]],[[-0.2959639,51.3858224],[-0.2959937,51.3858632]],[[-0.2959937,51.3858632],[-0.2962865,51.3861865]],[[-0.2962865,51.3861865],[-0.2963068,51.386214]],[[-0.2963068,51.386214],[-0.2963874,51.3863233],[-0.2965905,51.3865984],[-0.2966459,51.3866796]],[[-0.2966459,51.3866796],[-0.2966784,51.3867345],[-0.2967044,51.3867785]],[[-0.2967044,51.3867785],[-0.2968081,51.3869682]],[[-0.2968081,51.3869682],[-0.2968265,51.3870046]],[[-0.2968265,51.3870046],[-0.2968503,51.3870571]],[[-0.2968503,51.3870571],[-0.2968718,51.3871074]],[[-0.2968718,51.3871074],[-0.2969076,51.3871926],[-0.2969545,51.3873062]],[[-0.2969545,51.3873062],[-0.2969681,51.3873375]],[[-0.2969681,51.3873375],[-0.2969783,51.3873714]],[[-0.2969783,51.3873714],[-0.297024,51.3874809],[-0.2970365,51.3875058]],[[-0.2970365,51.3875058],[-0.2970683,51.3875798]],[[-0.2970683,51.3875798],[-0.2970822,51.3876085],[-0.2970912,51.3876274]],[[-0.2970912,51.3876274],[-0.2972067,51.3879052]],[[-0.2972067,51.3879052],[-0.2972671,51.3880427]],[[-0.2972671,51.3880427],[-0.2973458,51.3882232],[-0.2973504,51.3882336]],[[-0.2973504,51.3882336],[-0.2973708,51.3882794],[-0.2973936,51.3883373],[-0.2974135,51.3883828],[-0.297434,51.3884256],[-0.2974505,51.388466],[-0.2974708,51.3885124],[-0.2974916,51.3885638],[-0.2975132,51.3886178]],[[-0.2975132,51.3886178],[-0.2975626,51.3887509],[-0.2975777,51.3887895],[-0.2976337,51.388939],[-0.2976529,51.3889857],[-0.2976779,51.3890574],[-0.2978168,51.3894307],[-0.297879,51.3896397]],[[-0.297879,51.3896397],[-0.2979416,51.3898909]],[[-0.2979416,51.3898909],[-0.2979866,51.3900769],[-0.2979986,51.3901233],[-0.2980079,51.3901693],[-0.2980185,51.3902142]],[[-0.2980185,51.3902142],[-0.298062,51.3904119]],[[-0.298062,51.3904119],[-0.2981245,51.3906877],[-0.2981765,51.3909395],[-0.2982763,51.3913818]],[[-0.2982763,51.3913818],[-0.2982832,51.3914124]],[[-0.2982832,51.3914124],[-0.2983176,51.3915503]],[[-0.2983176,51.3915503],[-0.2983264,51.3915862]],[[-0.2983264,51.3915862],[-0.2983706,51.3917739],[-0.2984028,51.3919276]],[[-0.2984028,51.3919276],[-0.2984224,51.3920208],[-0.2984329,51.3920614]],[[-0.2984329,51.3920614],[-0.2984455,51.3921082],[-0.2984714,51.3922059]],[[-0.2984714,51.3922059],[-0.2985649,51.3925898],[-0.2986047,51.3927766],[-0.2986175,51.3928342]],[[-0.2986175,51.3928342],[-0.298634,51.3929518],[-0.298639,51.3929975]],[[-0.298639,51.3929975],[-0.2986432,51.3930404],[-0.2986442,51.3930469],[-0.2986535,51.3931045]],[[-0.2986535,51.3931045],[-0.2986662,51.3932067],[-0.2986748,51.3932693]],[[-0.2986748,51.3932693],[-0.2987009,51.393532],[-0.2987034,51.3935812]],[[-0.2987034,51.3935812],[-0.2987164,51.3937132],[-0.2987221,51.3937691],[-0.2987454,51.3940113]],[[-0.2987454,51.3940113],[-0.2987507,51.3940753]],[[-0.2987507,51.3940753],[-0.298754,51.3941245]],[[-0.298754,51.3941245],[-0.2987633,51.3943809]],[[-0.2987633,51.3943809],[-0.2987699,51.3944811]],[[-0.2987699,51.3944811],[-0.2987902,51.3946097]],[[-0.2987902,51.3946097],[-0.2987976,51.3946563],[-0.2988473,51.3948751]],[[-0.2988473,51.3948751],[-0.2988617,51.3949244]],[[-0.2988617,51.3949244],[-0.2988819,51.3950023]],[[-0.2988819,51.3950023],[-0.2989575,51.3950296],[-0.2989686,51.3950539],[-0.2989897,51.3950955],[-0.2990033,51.395125],[-0.2990451,51.3952163]],[[-0.2990451,51.3952163],[-0.2991774,51.3951827],[-0.2992186,51.3951729]],[[-0.2992186,51.3951729],[-0.2992674,51.3951641],[-0.2993752,51.3951771]],[[-0.2997035,51.3951195],[-0.2994981,51.3951579],[-0.2993752,51.3951771]],[[-0.2997859,51.3950989],[-0.2997035,51.3951195]],[[-0.3000879,51.3950135],[-0.2999105,51.3950652],[-0.2997859,51.3950989]],[[-0.3002926,51.3949367],[-0.3001473,51.3949921],[-0.3000879,51.3950135]],[[-0.3039265,51.3933078],[-0.3036323,51.3934427],[-0.3029834,51.3937336],[-0.3026992,51.3938649],[-0.3017636,51.3942915],[-0.3016412,51.3943454],[-0.3013331,51.3944803],[-0.3008928,51.3946744],[-0.3005951,51.3948071],[-0.3002926,51.3949367]],[[-0.3040353,51.3932584],[-0.3039265,51.3933078]],[[-0.3040353,51.3932584],[-0.304073,51.3932177],[-0.3041288,51.3932001],[-0.3041828,51.3931904],[-0.3042646,51.3931762]],[[-0.3044001,51.3931059],[-0.3044504,51.3931141],[-0.3044914,51.3931341],[-0.3045069,51.3931517]],[[-0.3040415,51.4053403],[-0.3040795,51.4053823],[-0.3040841,51.4054381],[-0.3040797,51.4054807],[-0.304076,51.4055442],[-0.3040599,51.4056855],[-0.3040378,51.4058516],[-0.3039635,51.4059374]],[[-0.3039332,51.4061083],[-0.3039594,51.406246],[-0.3039582,51.4062953],[-0.3039437,51.4063903]],[[-0.3039437,51.4063903],[-0.3039319,51.4064338],[-0.30392,51.4064946],[-0.3039128,51.4065363]],[[-0.3039128,51.4065363],[-0.3038981,51.4066495],[-0.3038962,51.4067175],[-0.3038991,51.4067578]],[[-0.3038991,51.4067578],[-0.3039274,51.4068657],[-0.3040217,51.4070175]],[[-0.3040217,51.4070175],[-0.3040571,51.407032],[-0.3040932,51.4070614],[-0.3041004,51.4070715]],[[-0.3041004,51.4070715],[-0.3041068,51.4070941],[-0.304107,51.4071187],[-0.3040975,51.4071397],[-0.3040766,51.4071632],[-0.3040463,51.4071804]],[[-0.3040463,51.4071804],[-0.3040216,51.407193],[-0.303995,51.4072038]],[[-0.303995,51.4072038],[-0.3039282,51.4073131],[-0.3038847,51.4074368]],[[-0.3038847,51.4074368],[-0.3038279,51.4075882],[-0.3037975,51.4076517],[-0.3037504,51.407714],[-0.3036953,51.4077564]],[[-0.3036953,51.4077564],[-0.3036871,51.4077836],[-0.3036844,51.4078082],[-0.3036864,51.407868],[-0.3036884,51.4079327]],[[-0.3036884,51.4079327],[-0.3036898,51.4079755],[-0.3036639,51.4080062]],[[-0.2997287,51.4123073],[-0.2997103,51.4122802],[-0.2997124,51.4122631],[-0.2997244,51.4122519],[-0.2997443,51.4122462],[-0.2997667,51.4122408],[-0.2998103,51.4122406],[-0.2999094,51.4122397],[-0.3004198,51.4122422],[-0.3004739,51.4122422],[-0.3005201,51.4122388],[-0.3005638,51.4122237]],[[-0.3005638,51.4122237],[-0.3005922,51.41221],[-0.3006414,51.4121979],[-0.30076,51.4122024]],[[-0.3102956,51.3979108],[-0.3102551,51.3979479],[-0.3100424,51.398222],[-0.3098806,51.3984293],[-0.3092745,51.399166],[-0.3091825,51.399284],[-0.3088972,51.3996793],[-0.3086808,51.4000068],[-0.3086434,51.4000737],[-0.3086276,51.4001009],[-0.308384,51.4005268],[-0.3082781,51.4008389],[-0.3081468,51.4015606],[-0.3079883,51.40258],[-0.3079837,51.4026117],[-0.3079753,51.4026379],[-0.307911,51.4030331],[-0.3078512,51.4033973]],[[-0.3104476,51.3977098],[-0.3104072,51.3977632],[-0.3103695,51.3978131],[-0.3102956,51.3979108]],[[-0.312802,51.3951356],[-0.3123892,51.3955409],[-0.3119551,51.3959704],[-0.311619,51.3963024],[-0.3112838,51.3966631],[-0.3112282,51.3967315],[-0.3110812,51.3968986],[-0.3109896,51.3970099],[-0.3107546,51.3973039],[-0.3105231,51.3976054],[-0.3104717,51.3976692],[-0.3104476,51.3977098]],[[-0.3140733,51.3942486],[-0.313654,51.3945154],[-0.3133709,51.3946955],[-0.3132729,51.3947655],[-0.3132101,51.3948103],[-0.312802,51.3951356]],[[-0.3142449,51.3941394],[-0.3141457,51.3942025],[-0.3141095,51.3942256],[-0.3140733,51.3942486]],[[-0.3144056,51.394049],[-0.3142449,51.3941394]],[[-0.3145217,51.3939832],[-0.3144742,51.3940099],[-0.3144056,51.394049]],[[-0.3152753,51.3935456],[-0.3148457,51.393795],[-0.3145217,51.3939832]],[[-0.3159964,51.3931615],[-0.3154938,51.393424],[-0.3152753,51.3935456]],[[-0.3166359,51.3928239],[-0.3159964,51.3931615]],[[-0.31664043216273324,51.39282181529151],[-0.3166359,51.3928239]],[[-0.2554767,51.3985441],[-0.2555323,51.3985058],[-0.2555926,51.3984826],[-0.2556602,51.3984693],[-0.2557309,51.3984667]],[[-0.2820797,51.4172118],[-0.2820211,51.4171712]],[[-0.2820211,51.4171712],[-0.2819475,51.4171085],[-0.2819236,51.4170847],[-0.2819425,51.4170366]],[[-0.280782,51.4150998],[-0.2807958,51.415165],[-0.2808115,51.4152224],[-0.2808336,51.4153034],[-0.2808407,51.4153316],[-0.2808485,51.4153641],[-0.2809558,51.4156762],[-0.281007,51.4158183],[-0.2811026,51.4160239],[-0.2811222,51.4160557],[-0.2812258,51.4162238],[-0.281308,51.4163344],[-0.2813521,51.4163871],[-0.2814401,51.4164911],[-0.281468,51.4165267],[-0.2817646,51.4168517],[-0.2818834,51.4169772],[-0.2819425,51.4170366]],[[-0.2807467,51.4149315],[-0.280782,51.4150998]],[[-0.2806374,51.4130432],[-0.2806543,51.4131614],[-0.2806529,51.4132011],[-0.2806529,51.4132379],[-0.2806339,51.4135592],[-0.2806392,51.4136905],[-0.2806539,51.4138663],[-0.2806941,51.414345],[-0.2806994,51.4144024],[-0.2807039,51.4144529],[-0.280722,51.4146553],[-0.2807424,51.4148993],[-0.2807467,51.4149315]],[[-0.2806374,51.4130432],[-0.2804091,51.4130485],[-0.2803341,51.4130477],[-0.2801983,51.4130506],[-0.2799468,51.4130547],[-0.2798028,51.4130578],[-0.2795925,51.4130607],[-0.279167,51.4130652],[-0.2786326,51.4130656],[-0.2784323,51.4130632],[-0.2776381,51.4130485],[-0.2771419,51.4130476],[-0.2767783,51.4130486],[-0.2765471,51.4130573],[-0.2764038,51.4130659],[-0.2762756,51.4130786],[-0.2759564,51.4131225],[-0.2759038,51.4131311],[-0.2755547,51.4131882],[-0.2751439,51.4132534],[-0.2747223,51.4133133],[-0.2745147,51.4133458],[-0.2741828,51.4133952],[-0.2738488,51.4134391],[-0.272982,51.4135585],[-0.2729071,51.4135685],[-0.272487,51.4136189],[-0.2722704,51.4136394],[-0.2720686,51.4136554],[-0.2718388,51.4136592],[-0.2715357,51.4136748],[-0.2713802,51.4136907],[-0.2712287,51.4137113],[-0.2709972,51.4137522],[-0.2707623,51.4137971],[-0.2703257,51.4138937],[-0.2699191,51.4139874],[-0.2696241,51.4140593],[-0.2694622,51.4141124],[-0.269303,51.4141792],[-0.2690411,51.4143026],[-0.2689281,51.4143569],[-0.2683401,51.4146358],[-0.2681913,51.4147045],[-0.2679363,51.4148278],[-0.267585,51.4149905],[-0.2672474,51.4151512],[-0.2670681,51.4152361],[-0.267017,51.4152603],[-0.2669699,51.4152824],[-0.2667146,51.4154028],[-0.2664757,51.4155166],[-0.265302,51.4160582],[-0.265188,51.4161036],[-0.265075,51.416147],[-0.2649291,51.416199],[-0.2645691,51.4163239],[-0.2641774,51.4164441],[-0.2638856,51.416518],[-0.2635835,51.4165909],[-0.2634303,51.4166242],[-0.2631309,51.4166897],[-0.2629828,51.4167193],[-0.2626975,51.4167663],[-0.2624466,51.4167964],[-0.2624102,51.4167988],[-0.2621767,51.4168145],[-0.2619924,51.4168219],[-0.2618128,51.4168187],[-0.2616181,51.4168145],[-0.2614922,51.4168011]],[[-0.2614922,51.4168011],[-0.2613776,51.4167895],[-0.2612627,51.4167741],[-0.2611339,51.4167533],[-0.2610111,51.4167312],[-0.2607683,51.4166795],[-0.2606623,51.4166526],[-0.2603795,51.4165807],[-0.2600998,51.4164984],[-0.2599216,51.416446],[-0.2595589,51.4163458],[-0.2594301,51.4163128],[-0.2593347,51.4162938],[-0.2592409,51.4162842],[-0.2591336,51.4162812]],[[-0.2591336,51.4162812],[-0.2589588,51.4162783],[-0.2585643,51.4162764],[-0.2584007,51.4162755]],[[-0.2584007,51.4162755],[-0.2581276,51.4162742],[-0.2577214,51.4162796],[-0.257435,51.4162845],[-0.2571501,51.4162962],[-0.2569282,51.4163066],[-0.2566847,51.416318],[-0.2560055,51.4163587],[-0.2558868,51.4163658],[-0.2556299,51.4163838],[-0.2555421,51.41639],[-0.2553181,51.4163992]],[[-0.2553181,51.4163992],[-0.2551224,51.4163987],[-0.2549549,51.4163872],[-0.2549301,51.4163855],[-0.2547835,51.4163695],[-0.2546397,51.4163539]],[[-0.2546397,51.4163539],[-0.2543158,51.4162905],[-0.2541727,51.4162625]],[[-0.2541727,51.4162625],[-0.2538188,51.4161931]],[[-0.2538188,51.4161931],[-0.2537314,51.416176],[-0.2533479,51.4161038]],[[-0.2533479,51.4161038],[-0.2530925,51.4160536],[-0.2526101,51.4159598]],[[-0.2526101,51.4159598],[-0.2525079,51.4159621],[-0.2524374,51.4159504]],[[-0.2524374,51.4159504],[-0.2522188,51.4159095],[-0.2520247,51.4158675]],[[-0.2520247,51.4158675],[-0.2519171,51.4158359],[-0.2518527,51.4158116],[-0.2517781,51.4157629]],[[-0.2517781,51.4157629],[-0.2517553,51.4157566]],[[-0.2517553,51.4157566],[-0.2514437,51.4156732],[-0.2511296,51.4155776],[-0.2508925,51.4154992],[-0.2506763,51.4154198],[-0.2504727,51.4153378],[-0.2502589,51.4152455],[-0.2500704,51.4151596],[-0.2498378,51.4150396]],[[-0.2498378,51.4150396],[-0.24968031311535413,51.41496286720316]],[[-0.2517781,51.4157629],[-0.2518755,51.4157735],[-0.2519534,51.4157882]],[[-0.2519534,51.4157882],[-0.2523776,51.4158832]],[[-0.2523776,51.4158832],[-0.2525305,51.4159162],[-0.2526101,51.4159598]],[[-0.2819425,51.4170366],[-0.2820197,51.4170356],[-0.2820506,51.4170603],[-0.2820698,51.4170757],[-0.2821183,51.4171149]],[[-0.2821183,51.4171149],[-0.2821782,51.4170813],[-0.2822281,51.4170589],[-0.2823148,51.4170423]],[[-0.2841464,51.4159105],[-0.2841686,51.4158493],[-0.2842971,51.4157876]],[[-0.2842971,51.4157876],[-0.2843344,51.4157718],[-0.284385,51.4157503]],[[-0.284385,51.4157503],[-0.2844281,51.415732],[-0.2845178,51.4157366]],[[-0.2873159,51.4139424],[-0.2872863,51.4139212],[-0.2872701,51.4138902],[-0.2872721,51.4138672],[-0.2872897,51.4138409],[-0.2873085,51.4138295],[-0.2873275,51.4138181],[-0.2873838,51.4138069],[-0.2874349,51.4138118]],[[-0.2905049,51.4116178],[-0.2905643,51.411522],[-0.2906677,51.4114365]],[[-0.2906677,51.4114365],[-0.2907069,51.4114104],[-0.2907551,51.4113828],[-0.2908741,51.4113401]],[[-0.2915185,51.4109828],[-0.2916233,51.4109218],[-0.291732,51.4108601],[-0.2917938,51.4108392],[-0.2918181,51.4108334],[-0.2918824,51.4108179],[-0.2919578,51.4108073]],[[-0.2919578,51.4108073],[-0.2920857,51.4107891]],[[-0.2559592,51.4357315],[-0.2559784,51.4357185],[-0.2560078,51.4357041],[-0.256054,51.4356893],[-0.2561035,51.4356808],[-0.2561612,51.4356771],[-0.256242,51.4356803],[-0.2563176,51.4356878]],[[-0.2563176,51.4356878],[-0.2563357,51.4357731],[-0.2563366,51.4358075],[-0.2563322,51.4358383],[-0.256319,51.4358695],[-0.2562959,51.4359056],[-0.256272,51.4359326],[-0.2562382,51.4359593]],[[-0.2788597,51.3773033],[-0.2788976,51.3773422],[-0.2790433,51.3774918],[-0.2790798,51.3775292],[-0.2791192,51.3775697]],[[-0.2791192,51.3775697],[-0.2792344,51.3776924]],[[-0.2810969,51.3793165],[-0.2810779,51.3793598],[-0.2810419,51.3794072],[-0.281005,51.3794428],[-0.2809691,51.3794787],[-0.280892,51.3795292],[-0.2808233,51.3795634]],[[-0.2808233,51.3795634],[-0.2807554,51.3795763],[-0.2806931,51.3795822]],[[-0.2806931,51.3795822],[-0.2805376,51.3795984],[-0.2804661,51.3796158],[-0.280376,51.3796431],[-0.2802756,51.3796841],[-0.2801707,51.3797578],[-0.2799282,51.379977]],[[-0.2799282,51.379977],[-0.2791565,51.3807818]],[[-0.2791565,51.3807818],[-0.2779102,51.3820336],[-0.2773184,51.3826198],[-0.2770841,51.3828363],[-0.2768006,51.3831171]],[[-0.2768006,51.3831171],[-0.2767598,51.3831615],[-0.2766394,51.3832614],[-0.2764074,51.3833952]],[[-0.2764074,51.3833952],[-0.2757652,51.3840326],[-0.275355,51.3844416],[-0.2742385,51.3855654]],[[-0.2742385,51.3855654],[-0.2742045,51.3856566],[-0.2741845,51.3857499],[-0.274151,51.3858104]],[[-0.274151,51.3858104],[-0.2741154,51.385843],[-0.2735072,51.3864146],[-0.2726316,51.3871286],[-0.272305,51.3873696],[-0.2722397,51.3874182],[-0.2720463,51.3875426],[-0.2717918,51.3876729]],[[-0.2717918,51.3876729],[-0.2714788,51.3878349]],[[-0.2714788,51.3878349],[-0.2713031,51.3879046]],[[-0.2713031,51.3879046],[-0.2712654,51.3879301],[-0.2711961,51.387967],[-0.2711316,51.3880171]],[[-0.2711316,51.3880171],[-0.2710784,51.3880277],[-0.2710208,51.3880466],[-0.2708995,51.3881094],[-0.2706112,51.3882525]],[[-0.2706112,51.3882525],[-0.2701203,51.388479]],[[-0.2701203,51.388479],[-0.2697536,51.3886611]],[[-0.2697536,51.3886611],[-0.266575,51.3901243],[-0.2655243,51.390608],[-0.2646205,51.3910348],[-0.2645018,51.3911074],[-0.2643596,51.3912201],[-0.2642519,51.3913109],[-0.2641922,51.3913772]],[[-0.2641922,51.3913772],[-0.2641121,51.3913797],[-0.2640497,51.3913654],[-0.2639907,51.3913596],[-0.2639585,51.3913564],[-0.263884,51.3913561],[-0.2638149,51.391372],[-0.2637031,51.3913816]],[[-0.2637031,51.3913816],[-0.2617683,51.3922881],[-0.2599009,51.393157]],[[-0.2599009,51.393157],[-0.2596968,51.3932982],[-0.2593027,51.3934529],[-0.258703,51.3936742],[-0.2583383,51.393798]],[[-0.2583383,51.393798],[-0.257635,51.3939787],[-0.2573268,51.3940361],[-0.2569718,51.3941186],[-0.2563173,51.3942388],[-0.2547079,51.3945133],[-0.2546807,51.3945188]],[[-0.2546807,51.3945188],[-0.2546122,51.3945353],[-0.2545421,51.3945609],[-0.2544583,51.3946103]],[[-0.2543446,51.3947361],[-0.2542632,51.3947893]],[[-0.2542632,51.3947893],[-0.2541779,51.3948185],[-0.2540646,51.3948433],[-0.2539665,51.394852],[-0.2538652,51.3948535]],[[-0.2534228,51.3943511],[-0.2534294,51.3941936]],[[-0.2534294,51.3941936],[-0.2534272,51.3941496],[-0.2534161,51.3941086]],[[-0.2534161,51.3941086],[-0.2534138,51.394102],[-0.2533926,51.3940457]],[[-0.2533926,51.3940457],[-0.2533392,51.3939595],[-0.2533079,51.3938728]],[[-0.2525987,51.3853438],[-0.2524663,51.3853064],[-0.252336,51.3852158]],[[-0.252336,51.3852158],[-0.2522654,51.3851667]],[[-0.2522654,51.3851667],[-0.2520558,51.3850226]],[[-0.2520558,51.3850226],[-0.2520379,51.3849541]],[[-0.2459398,51.3811529],[-0.2458145,51.3811157],[-0.2452531,51.3808383]],[[-0.2452531,51.3808383],[-0.2450126,51.3807181]],[[-0.2450126,51.3807181],[-0.24493571567033873,51.380678774832205]],[[-0.2468768,51.3816931],[-0.2473165,51.381495],[-0.2487319,51.3808629],[-0.2491918,51.3806575],[-0.2495551,51.3804848],[-0.2497204,51.3805007],[-0.249872,51.3805193],[-0.2514145,51.3808891],[-0.2517913,51.3809787],[-0.2521572,51.3810657],[-0.2522701,51.3810841],[-0.2524026,51.3810933],[-0.2531955,51.3810774],[-0.2547665,51.3810366],[-0.2564011,51.3809983],[-0.2572644,51.380978],[-0.2575019,51.3809711]],[[-0.2575019,51.3809711],[-0.2574977,51.3809359],[-0.2575188,51.3809031],[-0.2575608,51.3808795],[-0.2576333,51.3808701],[-0.2577016,51.3808879],[-0.2577418,51.3809268],[-0.2577343,51.3809813],[-0.2576714,51.3810194]],[[-0.2576714,51.3810194],[-0.2577308,51.3810598],[-0.257934,51.3812387],[-0.2582383,51.3814962],[-0.2584415,51.3816822],[-0.2587621,51.3820621],[-0.2588452,51.3821605],[-0.2590974,51.3824233],[-0.2592275,51.3825685],[-0.2592797,51.3826143]],[[-0.2592797,51.3826143],[-0.2593176,51.3826032],[-0.2593592,51.3826003],[-0.2594,51.3826059],[-0.2594358,51.3826195],[-0.2594626,51.3826395],[-0.2594786,51.3826669],[-0.2594778,51.382696],[-0.2594603,51.382723],[-0.2594285,51.3827443]],[[-0.2594285,51.3827443],[-0.2594945,51.382788],[-0.2596645,51.3829058],[-0.2613245,51.3840567]],[[-0.2613245,51.3840567],[-0.2619977,51.3844744]],[[-0.2619977,51.3844744],[-0.2621928,51.3845954],[-0.2622514,51.384621],[-0.2623467,51.3846764]],[[-0.2623467,51.3846764],[-0.2626277,51.3847579]],[[-0.3083993494911354,51.37596085517546],[-0.3083842,51.3759596]],[[-0.3083842,51.3759596],[-0.3073728,51.3758534],[-0.3069741,51.3758026],[-0.3061006,51.3756666]],[[-0.3061006,51.3756666],[-0.3053367,51.3755341]],[[-0.3053367,51.3755341],[-0.3050638,51.3754855]],[[-0.3050638,51.3754855],[-0.3042636,51.3753351],[-0.3041837,51.3753277],[-0.3040909,51.3753315]],[[-0.3075791,51.3632259],[-0.3075522,51.363158],[-0.3075644,51.3630883],[-0.3075997,51.363039]],[[-0.3075997,51.363039],[-0.3076147,51.3630252]],[[-0.3076147,51.3630252],[-0.3076889,51.3629171],[-0.3077407,51.3628347],[-0.3077628,51.3627487],[-0.3077927,51.3626387],[-0.3078638,51.3625519]],[[-0.2954521,51.3590763],[-0.2954204,51.3591265],[-0.2953432,51.3591939],[-0.2952527,51.3592729],[-0.2949676,51.3595061],[-0.2948885,51.3595345],[-0.2947841,51.3595316],[-0.2947001,51.3595119]],[[-0.28916,51.3622758],[-0.2892888,51.3622903],[-0.2895061,51.3623222],[-0.2896485,51.3623496],[-0.2897166,51.3623627],[-0.2901533,51.3624695],[-0.2904267,51.3625407],[-0.2909303,51.3626806],[-0.2910725,51.362714],[-0.2912535,51.3627282],[-0.2914011,51.362727]],[[-0.2884267934632975,51.362158379780574],[-0.2884763,51.362172],[-0.2886018,51.3621977],[-0.2887718,51.3622262],[-0.28916,51.3622758]],[[-0.3042848,51.375014],[-0.3043986,51.375067],[-0.3044924,51.3751017],[-0.3046039,51.3751287],[-0.3053638,51.3752802],[-0.3060884,51.3754085],[-0.3067966,51.3755011],[-0.3075849,51.3755669],[-0.3081084,51.3755811],[-0.3085966,51.3755743]],[[-0.3085966,51.3755743],[-0.3086240309249593,51.37557257643815]],[[-0.2594285,51.3827443],[-0.2593837,51.3827576],[-0.2593342,51.3827592],[-0.2592874,51.382749],[-0.2592504,51.3827285],[-0.2592281,51.3826995],[-0.2592259,51.3826674],[-0.259244,51.3826374],[-0.2592797,51.3826143]],[[-0.2576714,51.3810194],[-0.2576028,51.381025],[-0.25754,51.3810071],[-0.2575019,51.3809711]],[[-0.3079252,51.4111215],[-0.3078284,51.4111502],[-0.3077471,51.4111801]],[[-0.3077471,51.4111801],[-0.3076449,51.4112186],[-0.3075715,51.411248]],[[-0.3075715,51.411248],[-0.3075061,51.4112508],[-0.3074237,51.4112495],[-0.3073734,51.411233]],[[-0.3073734,51.411233],[-0.3073258,51.411206],[-0.3072848,51.4111709],[-0.3072088,51.4111368]],[[-0.3056432,51.4119702],[-0.305665,51.4120173],[-0.3056962,51.4121046]],[[-0.3056962,51.4121046],[-0.3056663,51.4121361]],[[-0.3056663,51.4121361],[-0.3055745,51.4122583],[-0.3054665,51.4124028],[-0.3053959,51.4124972]],[[-0.3053959,51.4124972],[-0.3053757,51.4125218]],[[-0.3053757,51.4125218],[-0.305276,51.4126235],[-0.305127,51.4127296],[-0.3050129,51.4127654]],[[-0.3050129,51.4127654],[-0.3048465,51.4128238]],[[-0.3048465,51.4128238],[-0.3047068,51.4128526],[-0.3046138,51.4128594],[-0.3039054,51.412798],[-0.3037839,51.4127951],[-0.3036606,51.4128029],[-0.3035298,51.4128398],[-0.3034735,51.4128688],[-0.303438,51.4129053]],[[-0.303438,51.4129053],[-0.3033944,51.4131216],[-0.303351,51.4132409],[-0.3032979,51.4133047],[-0.3031966,51.41337],[-0.3030979,51.4134194]],[[-0.3030979,51.4134194],[-0.3027518,51.413561],[-0.3026374,51.4135911]],[[-0.3026374,51.4135911],[-0.3025252,51.4136098],[-0.3024015,51.4136123],[-0.3022507,51.413607],[-0.3021652,51.4135962],[-0.3013268,51.413496],[-0.3012476,51.4134875],[-0.3010444,51.4134671],[-0.3008634,51.413433],[-0.3007938,51.4134065],[-0.3007451,51.4133795]],[[-0.3007451,51.4133795],[-0.3006526,51.4133143],[-0.3005904,51.413234]],[[-0.3005904,51.413234],[-0.3006054,51.4131357]],[[-0.3006054,51.4131357],[-0.3006489,51.4129075],[-0.3006843,51.4126903]],[[-0.3006843,51.4126903],[-0.3006917,51.4125619],[-0.3006902,51.4125308],[-0.3006896,51.4125193]],[[-0.3006896,51.4125193],[-0.3006865,51.4124646]],[[-0.3006865,51.4124646],[-0.3006859,51.4124576],[-0.3006475,51.4123763],[-0.3006155,51.4123536]],[[-0.3006155,51.4123536],[-0.3005835,51.4123416],[-0.3004937,51.4123201]],[[-0.2563176,51.4356878],[-0.256424,51.4356997],[-0.256498,51.4357064],[-0.2565805,51.4357096],[-0.2566545,51.4357069],[-0.2567204,51.4356997],[-0.2567865,51.4356869],[-0.2568393,51.435672]],[[-0.2587767,51.4347605],[-0.2587399,51.4347223],[-0.2587148,51.4346976],[-0.2586792,51.4346454],[-0.2586597,51.4346025],[-0.2586469,51.4345588],[-0.2586059,51.4344194],[-0.2585926,51.434374],[-0.2585296,51.434104],[-0.2584904,51.433938],[-0.2584792,51.4338907],[-0.2584625,51.4338197],[-0.2584127,51.4336734],[-0.2583874,51.433599],[-0.2583003,51.4333925],[-0.2582999,51.4332666],[-0.2583122,51.4330582],[-0.2583492,51.4325191],[-0.2583389,51.4322642],[-0.2583327,51.4321986],[-0.2583139,51.4320001],[-0.2583078,51.4319355],[-0.2583027,51.4318871],[-0.2582971,51.4318432],[-0.2582893,51.4317738],[-0.2582492,51.4314163],[-0.2581927,51.4309123],[-0.2581492,51.4305874],[-0.2581474,51.430574],[-0.2580651,51.4299683],[-0.2580269,51.4296875],[-0.2579837,51.4296068],[-0.2579591,51.4295723]],[[-0.2579591,51.4295723],[-0.2589635,51.4293571],[-0.25899,51.4293392],[-0.259039,51.4293062],[-0.259035,51.4292438],[-0.2588973,51.4289835],[-0.2588988,51.4289047],[-0.2589974,51.428849],[-0.2595188,51.4287448],[-0.2595369,51.4287402]],[[-0.2586203,51.4270719],[-0.2586395,51.4270887],[-0.2586478,51.4270996],[-0.2586587,51.4271139],[-0.2590478,51.4277703],[-0.2594857,51.4286263],[-0.2595161,51.4286939],[-0.2595297,51.4287243],[-0.2595369,51.4287402]],[[-0.2586203,51.4270719],[-0.2585805,51.4270609],[-0.2585419,51.4270596],[-0.2584979,51.4270666],[-0.2579667,51.4271893],[-0.2573909,51.4273224],[-0.2569128,51.4274305],[-0.2568773,51.4274363],[-0.256817,51.4274461],[-0.2565678,51.4274704],[-0.2564613,51.4274801]],[[-0.2564613,51.4274801],[-0.2563028,51.4274953],[-0.2562751,51.4275031],[-0.2562484,51.4275164]],[[-0.2562484,51.4275164],[-0.2562399,51.4275286],[-0.2562526,51.427586],[-0.2563383,51.4279052],[-0.2564175,51.428202],[-0.2564507,51.4283266],[-0.2564987,51.4285061],[-0.2566222,51.4290418],[-0.2566564,51.4291902],[-0.2567701,51.4297262],[-0.2567965,51.4298565],[-0.2568336,51.429996],[-0.256875,51.4302255],[-0.2569346,51.4306808],[-0.2569509,51.4308058],[-0.2570319,51.4316],[-0.2570706,51.4319044],[-0.2570985,51.4322109],[-0.2571083,51.432296],[-0.2571775,51.4328683],[-0.25721,51.4332193],[-0.2572151,51.4334612],[-0.2571956,51.4337078],[-0.2571392,51.4340366],[-0.2570421,51.4343509],[-0.2570194,51.434415]],[[-0.2570194,51.434415],[-0.2569925,51.4344361],[-0.2568835,51.4344654]],[[-0.2568835,51.4344654],[-0.2568304,51.4346154],[-0.2567418,51.4348121],[-0.2566731,51.4349593],[-0.2565211,51.435227]],[[-0.2565211,51.435227],[-0.2564078,51.4354184],[-0.2563475,51.4355346],[-0.256329,51.4355804],[-0.2563186,51.435623],[-0.2563184,51.4356557],[-0.2563176,51.4356878]],[[-0.281857,51.4172986],[-0.2818666,51.4172821]],[[-0.2818666,51.4172821],[-0.2818808,51.4172576]],[[-0.2818808,51.4172576],[-0.2818967,51.4172457],[-0.2819163,51.4172279]],[[-0.2819163,51.4172279],[-0.2820211,51.4171712]],[[-0.2844865,51.4127264],[-0.2839769,51.4127368],[-0.283735,51.4127489],[-0.2836354,51.4127552],[-0.2832379,51.4127858],[-0.2828725,51.4128176],[-0.2823101,51.4128865],[-0.2821297,51.4129069],[-0.2816081,51.4129597],[-0.2813201,51.4129857],[-0.2810858,51.4130074],[-0.2809759,51.4130172],[-0.2809056,51.4130235],[-0.2808595,51.4130276],[-0.2806374,51.4130432]],[[-0.2860853,51.4126627],[-0.2858963,51.4126859],[-0.285486,51.4127279],[-0.285296,51.4127322],[-0.2844865,51.4127264]],[[-0.2872989,51.4125252],[-0.2870788,51.4125574],[-0.286901,51.4125735],[-0.2867236,51.4125932],[-0.2864043,51.4126292],[-0.2860853,51.4126627]],[[-0.2898861,51.4121108],[-0.2897877,51.4120742],[-0.2896673,51.4120595],[-0.2895489,51.412067],[-0.2892713,51.4121006],[-0.2888243,51.412176],[-0.2878343,51.4123996],[-0.2875595,51.4124663],[-0.2872989,51.4125252]],[[-0.3090379,51.3911377],[-0.309116,51.391173]],[[-0.309116,51.391173],[-0.3091632,51.3911942]],[[-0.3091632,51.3911942],[-0.3092801,51.3912497],[-0.309883,51.3915512],[-0.3104019,51.3917962]],[[-0.3104019,51.3917962],[-0.3106063,51.3918815],[-0.3106544,51.3919036]],[[-0.3106544,51.3919036],[-0.3107148,51.3919317],[-0.3108271,51.3919834]],[[-0.3108271,51.3919834],[-0.3109497,51.3919202],[-0.3109943,51.3918946],[-0.3110354,51.3918707],[-0.3113088,51.3917136],[-0.3118349,51.3914062],[-0.312203,51.3912093],[-0.3133504,51.3905532],[-0.3134827,51.390478],[-0.3137564,51.3903266],[-0.3139928,51.3902017],[-0.3141181,51.3901304],[-0.3143096,51.3900201],[-0.3143262,51.3900107],[-0.3145104,51.3899073],[-0.3149317,51.3896706],[-0.315184,51.3895289],[-0.3153596,51.3894193],[-0.3154589,51.3893603],[-0.3155098,51.3893322],[-0.3156473,51.3892764],[-0.3157779,51.38923],[-0.3159109,51.3891887],[-0.31608835654923395,51.389153646854474]],[[-0.3161541930832452,51.389124984647495],[-0.3162594,51.3890753]],[[-0.3162594,51.3890753],[-0.3162566,51.3890274],[-0.3162753,51.3889933],[-0.3163008,51.3889705],[-0.3163503,51.3889461],[-0.3164161,51.388933],[-0.3164459,51.3889337]],[[-0.3164459,51.3889337],[-0.3165754,51.3888075]],[[-0.3165754,51.3888075],[-0.3166343,51.3887208],[-0.3166733,51.3886505],[-0.3166867,51.388592],[-0.31668697650222627,51.38858176941763]],[[-0.3165754,51.3888075],[-0.31656484552120767,51.38892427295686]],[[-0.2821183,51.4171149],[-0.2821731,51.4171592]],[[-0.2478162,51.390668],[-0.2473924,51.3908705],[-0.2469832,51.3910596],[-0.2467542,51.3911628],[-0.2464488,51.3913108],[-0.2463073,51.3913801],[-0.2461621,51.3914504],[-0.245935,51.3915518],[-0.2458695,51.391582],[-0.2455774,51.3917073],[-0.245394,51.391781],[-0.245115,51.3918877],[-0.2448307,51.3919977],[-0.2446385,51.3920742],[-0.2433515,51.392571],[-0.2417944,51.3931726],[-0.24133139399840717,51.39335187246797]],[[-0.2529938,51.390426],[-0.2528733,51.3904228],[-0.2518889,51.3904007],[-0.2516745,51.3903954],[-0.2511664,51.3903828],[-0.2509984,51.3903795],[-0.2504661,51.3903687],[-0.250095,51.3903613],[-0.2494106,51.3903475],[-0.2491844,51.3903474],[-0.2489935,51.3903517],[-0.2488567,51.390355],[-0.2487373,51.390365],[-0.2486096,51.3903811],[-0.2484919,51.3904044],[-0.2483645,51.3904404],[-0.2482519,51.3904822],[-0.2481379,51.3905291],[-0.2480171,51.3905816],[-0.2478162,51.390668]],[[-0.2611712,51.3967023],[-0.2608451,51.3969247],[-0.26012,51.3974496],[-0.2592317,51.3982524],[-0.2591228,51.3983382],[-0.2587256,51.3987747],[-0.2587176,51.3987835],[-0.2585963,51.3989388],[-0.2585503,51.3990129],[-0.2585264,51.3990603]],[[-0.2605141,51.3964381],[-0.2611712,51.3967023]],[[-0.2605141,51.3964381],[-0.2611701,51.3961164],[-0.2622188,51.3956297],[-0.2627312,51.3954138],[-0.2632486,51.3952262],[-0.2640959,51.394963],[-0.2651808,51.3946741],[-0.2661096,51.3945475],[-0.2661629,51.3945402]],[[-0.2661629,51.3945402],[-0.2662832,51.3948428],[-0.2663545,51.3950406]],[[-0.2663545,51.3950406],[-0.2663922,51.3951454]],[[-0.2663922,51.3951454],[-0.2663962,51.3951564],[-0.2663997,51.3951662]],[[-0.2663997,51.3951662],[-0.2664431,51.3952866]],[[-0.2664431,51.3952866],[-0.2664583,51.3953288],[-0.2666629,51.3958396],[-0.2667558,51.3960691],[-0.2668608,51.3963093]],[[-0.2668608,51.3963093],[-0.2669083,51.3964179]],[[-0.2669083,51.3964179],[-0.2669119,51.3964262],[-0.2669138,51.3964321],[-0.266918,51.3964449]],[[-0.266918,51.3964449],[-0.2669527,51.3965519]],[[-0.2669527,51.3965519],[-0.2670637,51.3968941],[-0.267102,51.3970093],[-0.2671164,51.3971104],[-0.2672074,51.3973873],[-0.2673305,51.3977619],[-0.2674203,51.3979876]],[[-0.2725585,51.3975861],[-0.2715864,51.3976618],[-0.2713865,51.3976857],[-0.2707389,51.3977252],[-0.2697496,51.397804],[-0.2696448,51.3978152],[-0.2688593,51.3978731],[-0.2686142,51.3978945],[-0.2680856,51.3979358],[-0.2677061,51.3979618],[-0.267553,51.3979669],[-0.2675364,51.3979674],[-0.2674783,51.3979775],[-0.2674203,51.3979876]],[[-0.2725585,51.3975861],[-0.2725774,51.3976218],[-0.2733267,51.399066]],[[-0.2733267,51.399066],[-0.27235,51.3992677],[-0.268511,51.4000674]],[[-0.268511,51.4000674],[-0.2685929,51.4002324],[-0.2687308,51.4004647],[-0.2687396,51.4005416],[-0.2687007,51.4006336]],[[-0.2687007,51.4006336],[-0.2679567,51.4014282],[-0.26792,51.4014735]],[[-0.2801312,51.4056488],[-0.2800517,51.4057058]],[[-0.2800517,51.4057058],[-0.280026,51.4057243],[-0.27987,51.4058452]],[[-0.2802827,51.4093384],[-0.2802674,51.4090686],[-0.2802442,51.4087659],[-0.2802263,51.4085325],[-0.2802174,51.4084158],[-0.28019,51.4080059],[-0.2801714,51.407727],[-0.2801562,51.4074996],[-0.2801535,51.4074008],[-0.2801488,51.4070707],[-0.2801461,51.4068813],[-0.280147,51.4064043],[-0.2801477,51.4060493],[-0.2801156,51.4059841],[-0.2800316,51.4059246],[-0.27987,51.4058452]],[[-0.2816222,51.410287],[-0.2810928,51.4099484],[-0.2804734,51.4095555],[-0.2803312,51.4094653],[-0.2802964,51.4094044],[-0.2802827,51.4093384]],[[-0.2816222,51.410287],[-0.2814759,51.4103728],[-0.2811782,51.4105472]],[[-0.2811782,51.4105472],[-0.2808891,51.4107276]],[[-0.2808891,51.4107276],[-0.2807435,51.4108184],[-0.2806807,51.4108677],[-0.2806134,51.4109238],[-0.2805387,51.4109991]],[[-0.2805387,51.4109991],[-0.2805128,51.4110619],[-0.2805049,51.4111228],[-0.2804818,51.4112991],[-0.2804852,51.4114754],[-0.2804877,51.4115044],[-0.2805295,51.411985],[-0.2805397,51.4122923],[-0.2805886,51.4127892]],[[-0.2805886,51.4127892],[-0.2806126,51.412911],[-0.2806194,51.4129456]],[[-0.2806194,51.4129456],[-0.2806374,51.4130432]],[[-0.296043,51.4126696],[-0.2960663,51.4125929],[-0.2961648,51.4123292],[-0.296189,51.4122842],[-0.2962282,51.41224],[-0.2962764,51.4122094],[-0.2963749,51.4121694],[-0.2964564,51.4121433]],[[-0.296043,51.4126696],[-0.2960349,51.4127122],[-0.2960361,51.412728]],[[-0.2960361,51.412728],[-0.2960618,51.4127594],[-0.2960735,51.4127746],[-0.2961028,51.4128577]],[[-0.2961028,51.4128577],[-0.2961143,51.4128903],[-0.2961131,51.4129224]],[[-0.2961647,51.413214],[-0.2961131,51.4129224]],[[-0.2968076,51.4131248],[-0.2966177,51.4131478],[-0.2961647,51.413214]],[[-0.2968076,51.4131248],[-0.2968203,51.4132147],[-0.2968109,51.4134899],[-0.2967934,51.4138309],[-0.2967917,51.4138637],[-0.2967894,51.4138858]],[[-0.2967894,51.4138858],[-0.2967751,51.4141076],[-0.2967225,51.4143115],[-0.2966668,51.4144198],[-0.2966592,51.4144346],[-0.2963312,51.4150111],[-0.2962986,51.4150524],[-0.2962555,51.4151069],[-0.2959571,51.4153128],[-0.295415,51.4156871],[-0.2953158,51.415757],[-0.2946065,51.4164052],[-0.2945177,51.4164913],[-0.2941441,51.4169244],[-0.2939812,51.4170502],[-0.2938641,51.4171168],[-0.2937408,51.417163]],[[-0.2929257,51.4184338],[-0.2929777,51.4184027],[-0.2930243,51.4183648],[-0.2931337,51.4182289],[-0.2932323,51.41807],[-0.2936317,51.4174264],[-0.293728,51.4172712],[-0.2937559,51.4172022],[-0.2937408,51.417163]],[[-0.2935437,51.4187955],[-0.2933094,51.4186583],[-0.2929257,51.4184338]],[[-0.293017,51.4192206],[-0.2930714,51.4191358],[-0.2931499,51.4190694],[-0.2934635,51.4188467],[-0.2935437,51.4187955]],[[-0.2961742,51.4187179],[-0.2956265,51.4188838],[-0.2951849,51.4190176],[-0.2948755,51.4191081],[-0.2944737,51.4192151],[-0.2942757,51.4192564],[-0.2939963,51.4193086],[-0.2937878,51.4193336],[-0.293574,51.4193385],[-0.2934752,51.4193234],[-0.2933389,51.4192916],[-0.293093,51.4192348],[-0.293017,51.4192206]],[[-0.2961742,51.4187179],[-0.2963501,51.4190193],[-0.296569,51.4193943],[-0.2968964,51.4199552],[-0.2970012,51.4201346],[-0.2970333,51.4201759],[-0.2970377,51.4202203],[-0.2970089,51.4202683],[-0.2969083,51.4203649],[-0.2968155,51.4204541],[-0.2967537,51.4205219],[-0.2967208,51.4205893],[-0.2967397,51.4206594],[-0.2967728,51.4207206],[-0.296873,51.4208612],[-0.297466,51.421694],[-0.2976048,51.4218889]],[[-0.2976048,51.4218889],[-0.2971723,51.4220491],[-0.2968099,51.422176],[-0.2966969,51.4222092]],[[-0.2966969,51.4222092],[-0.2967026,51.4222809],[-0.2967095,51.4223176],[-0.2967003,51.4223659],[-0.296368,51.4229703],[-0.2960551,51.4235396],[-0.295993,51.4236526],[-0.2958482,51.4239159]],[[-0.3010045,51.4272254],[-0.29969,51.4264832],[-0.2993261,51.4262953],[-0.2990413,51.4261483],[-0.2980168,51.425107],[-0.2978394,51.4249483],[-0.297584,51.4247605],[-0.2974841,51.424682],[-0.2972377,51.4244648],[-0.2970622,51.424305],[-0.2969724,51.424229],[-0.2969363,51.4242041],[-0.2968827,51.4241672],[-0.2967752,51.4241246],[-0.2964325,51.4240532],[-0.2958482,51.4239159]],[[-0.3033532,51.4294845],[-0.3033731,51.4294542],[-0.303603,51.429103],[-0.3036666,51.4289861],[-0.3036932,51.428851],[-0.3036802,51.4287292],[-0.3036291,51.4286408],[-0.3035303,51.4285171],[-0.3031396,51.428184],[-0.3022679,51.4276144],[-0.3021715,51.4276483],[-0.302067,51.4276703],[-0.3019504,51.4276749],[-0.301831,51.4276677],[-0.3017272,51.4276381],[-0.3016341,51.4275983],[-0.3011361,51.4272963],[-0.3010045,51.4272254]],[[-0.3064835,51.4300627],[-0.3062003,51.4300603],[-0.305923,51.4300489],[-0.3056685,51.4300279],[-0.3052083,51.429961],[-0.3049013,51.4299017],[-0.3045419,51.4298262],[-0.3043162,51.4297713],[-0.3041287,51.429725],[-0.3038367,51.4296419],[-0.3035018,51.4295343],[-0.3033532,51.4294845]],[[-0.3067894,51.4300614],[-0.3064835,51.4300627]],[[-0.3069147,51.4300656],[-0.306855,51.4300628],[-0.3067894,51.4300614]],[[-0.3070999,51.4300834],[-0.3070141,51.4300745],[-0.3069147,51.4300656]],[[-0.3072865,51.4301167],[-0.3071932,51.4300961],[-0.3070999,51.4300834]],[[-0.3074236,51.4301689],[-0.3073744,51.4301487],[-0.3072865,51.4301167]],[[-0.3076394,51.4302662],[-0.3075644,51.4302294],[-0.3074236,51.4301689]],[[-0.3104786,51.4317754],[-0.3102951,51.4316907],[-0.3101358,51.4316135],[-0.3098097,51.4314179],[-0.3096888,51.4313316],[-0.3093314,51.4310828],[-0.3090876,51.4309353],[-0.3089194,51.430839],[-0.3086338,51.4307034],[-0.308195,51.430511],[-0.3081102,51.4304768],[-0.308043,51.4304428],[-0.3076394,51.4302662]],[[-0.3104786,51.4317754],[-0.3106298,51.4316204],[-0.3115859,51.4308303],[-0.3121095,51.4303124],[-0.3122737,51.4301314],[-0.3123802,51.4300146]],[[-0.3129761274772418,51.43019394765429],[-0.3123802,51.4300146]],[[-0.3110228196911403,51.43193499145511],[-0.3109746,51.4319257],[-0.3108366,51.431886],[-0.3106472,51.4318242],[-0.3104786,51.4317754]],[[-0.2968076,51.4131248],[-0.2970018,51.4131095],[-0.2973019,51.4131066],[-0.298214,51.4131033],[-0.298634,51.4130968],[-0.2986944,51.4130934]],[[-0.2986944,51.4130934],[-0.2987264,51.4130888],[-0.298763,51.4130855],[-0.2988061,51.4130842],[-0.2988526,51.413085]],[[-0.2988526,51.413085],[-0.2988709,51.4131015],[-0.298875,51.4131213]],[[-0.298875,51.4131213],[-0.2988706,51.413167],[-0.2988583,51.4132267],[-0.2988197,51.4133721],[-0.2987264,51.4135136],[-0.2985873,51.4136626],[-0.2985413,51.4137119],[-0.2983868,51.4138768],[-0.2983728,51.4139023],[-0.2983636,51.4139309]],[[-0.2983636,51.4139309],[-0.2983711,51.4139462],[-0.2984514,51.4140113],[-0.2986105,51.4140978],[-0.2987392,51.4141752],[-0.2988104,51.4142093],[-0.2988513,51.4142193],[-0.2988931,51.4142249]],[[-0.2988931,51.4142249],[-0.2989526,51.4142254],[-0.2990049,51.4142152],[-0.2990473,51.4142023],[-0.2992181,51.4141031],[-0.2993006,51.4140645],[-0.2993258,51.4140565],[-0.2995524,51.413984],[-0.2999954,51.413897],[-0.3003593,51.413889],[-0.3006347,51.4138717]],[[-0.3006347,51.4138717],[-0.3005804,51.413657],[-0.3005553,51.4135158]],[[-0.3005553,51.4135158],[-0.3005566,51.4134854],[-0.3005577,51.4134387]],[[-0.3005577,51.4134387],[-0.3005904,51.413234]],[[-0.2555099,51.3987753],[-0.2554706,51.3987453],[-0.2554424,51.3987107],[-0.2554267,51.3986732],[-0.2554242,51.3986345],[-0.2554351,51.3985963]],[[-0.3036474,51.4008898],[-0.3036203,51.4008597]],[[-0.3036203,51.4008597],[-0.3032216,51.400343],[-0.3029557,51.3999826],[-0.3027907,51.3997589]],[[-0.3027907,51.3997589],[-0.3027408,51.3997419],[-0.3027009,51.3996821],[-0.3026757,51.399646],[-0.3026477,51.3996067],[-0.302634,51.3995833],[-0.3026019,51.3995308]],[[-0.3026019,51.3995308],[-0.3025601,51.3994576]],[[-0.3025601,51.3994576],[-0.3025393,51.3993985]],[[-0.3025393,51.3993985],[-0.302505,51.3993288],[-0.3024643,51.39928],[-0.3024325,51.3992427],[-0.3024085,51.3992144],[-0.3024179,51.3991832]],[[-0.2998711,51.3974478],[-0.2998747,51.3976099],[-0.2998894,51.3977107],[-0.2999026,51.3977287],[-0.2999696,51.397842],[-0.3000642,51.3979571],[-0.3000786,51.3979821],[-0.3003473,51.3982495],[-0.3004223,51.3983094],[-0.3005539,51.3983932],[-0.3007907,51.3985059],[-0.3009488,51.3985821],[-0.3013968,51.398758],[-0.3017526,51.3988781],[-0.3020554,51.3989803],[-0.3023232,51.3991092],[-0.3023474,51.3991316],[-0.3024179,51.3991832]],[[-0.299132,51.3955023],[-0.2992214,51.3956493],[-0.2995491,51.3962162],[-0.2998602,51.3970152],[-0.2998711,51.3974478]],[[-0.299132,51.3955023],[-0.2990469,51.3954583],[-0.2990274,51.3954297],[-0.299016,51.3954098],[-0.2989798,51.3953602],[-0.2989523,51.3953132]],[[-0.2989523,51.3953132],[-0.2989174,51.395245]],[[-0.2989174,51.395245],[-0.2988563,51.3950803],[-0.2988437,51.3950503],[-0.2988819,51.3950023]],[[-0.2957432,51.3855847],[-0.2956457,51.385553],[-0.2955812,51.3855098],[-0.2955522,51.3854827]],[[-0.2955522,51.3854827],[-0.2954317,51.385393],[-0.2952633,51.3852785],[-0.2950948,51.3851879],[-0.2950063,51.3851589]],[[-0.2950063,51.3851589],[-0.2949526,51.3851435]],[[-0.2949526,51.3851435],[-0.2948547,51.3851179],[-0.2947575,51.3850932],[-0.2947138,51.3850823],[-0.2946684,51.3850657],[-0.294629,51.3850247]],[[-0.2877913,51.3830097],[-0.2877514,51.3830187],[-0.2876622,51.3829952]],[[-0.2876622,51.3829952],[-0.2876065,51.3829805],[-0.287574,51.3829707],[-0.2875573,51.3829433]],[[-0.2862621,51.382604],[-0.2861425,51.3826196],[-0.2860209,51.3825903],[-0.2859924,51.3825835],[-0.2859263,51.3825666]],[[-0.2859263,51.3825666],[-0.2858511,51.3825493],[-0.2858021,51.3825379]],[[-0.2858021,51.3825379],[-0.2857314,51.382519]],[[-0.2857314,51.382519],[-0.2856135,51.3824878],[-0.2855606,51.3824766],[-0.2854992,51.3824609],[-0.2853678,51.3824262]],[[-0.2853678,51.3824262],[-0.2852553,51.3824009]],[[-0.2852553,51.3824009],[-0.285021,51.3823517]],[[-0.285021,51.3823517],[-0.2847622,51.3822969],[-0.2845689,51.3822508]],[[-0.2845689,51.3822508],[-0.2844855,51.3822218]],[[-0.2844855,51.3822218],[-0.2844405,51.3822072]],[[-0.2844405,51.3822072],[-0.2843873,51.3821839]],[[-0.2843873,51.3821839],[-0.2843389,51.3821615],[-0.2843164,51.382149],[-0.2842304,51.3821048]],[[-0.2842304,51.3821048],[-0.2840911,51.3820268]],[[-0.2840911,51.3820268],[-0.2840362,51.381991]],[[-0.2840362,51.381991],[-0.2840018,51.3819679]],[[-0.2840018,51.3819679],[-0.2838882,51.3818824],[-0.283612,51.3816975],[-0.2832365,51.3814498],[-0.2831167,51.3813712],[-0.2829412,51.3812573]],[[-0.2829412,51.3812573],[-0.2824362,51.3808579],[-0.2823175,51.3807558],[-0.2818107,51.3802718],[-0.2817612,51.3802245]],[[-0.2817612,51.3802245],[-0.2814377,51.3799043]],[[-0.2814377,51.3799043],[-0.2812182,51.379687],[-0.2811685,51.3796495],[-0.2811072,51.3796237],[-0.281034,51.3795994],[-0.2809223,51.3795762]],[[-0.2809223,51.3795762],[-0.2808233,51.3795634]],[[-0.2806931,51.3795822],[-0.2805945,51.3795632],[-0.2804319,51.3794988]],[[-0.2804319,51.3794988],[-0.2802341,51.3794146],[-0.2801173,51.379359]],[[-0.2801173,51.379359],[-0.2800743,51.3793299],[-0.2800426,51.3792836],[-0.2800227,51.3792301]],[[-0.2799621,51.3788341],[-0.2799169,51.3786741],[-0.2798882,51.3785592],[-0.279855,51.3784656],[-0.2797998,51.3783728],[-0.2797647,51.3783344],[-0.2797342,51.3783016],[-0.2796134,51.3781975]],[[-0.2796134,51.3781975],[-0.2791416,51.3777965],[-0.2791118,51.3777671],[-0.2789268,51.3775955],[-0.2786975,51.3773826]],[[-0.2786975,51.3773826],[-0.2784905,51.377186]],[[-0.2784905,51.377186],[-0.2777854,51.3765281],[-0.2773671,51.3761234]],[[-0.2773671,51.3761234],[-0.2771886,51.3759772],[-0.2771158,51.3759126],[-0.2770086,51.3758199]],[[-0.2770086,51.3758199],[-0.2769316,51.375754]],[[-0.2769316,51.375754],[-0.2766971,51.3755473],[-0.2766536,51.3755114],[-0.2755497,51.3745146],[-0.2740199,51.3731187],[-0.2736812,51.3728381],[-0.2734975,51.3727088],[-0.2733031,51.3726043],[-0.2730215,51.3724858]],[[-0.2730215,51.3724858],[-0.2728597,51.3724293],[-0.2725935,51.3723557]],[[-0.2725935,51.3723557],[-0.2724535,51.3723241],[-0.272389805207271,51.37231310196296]],[[-0.27254271246890033,51.3721886937245],[-0.2727253,51.3722264]],[[-0.2727253,51.3722264],[-0.2727405,51.372231],[-0.2730158,51.3723138],[-0.2733206,51.3724347],[-0.2736238,51.3726004],[-0.2738744,51.3727726],[-0.2740612,51.3729312],[-0.2757215,51.3744412],[-0.2760011,51.3746927]],[[-0.2760011,51.3746927],[-0.2766964,51.3752906]],[[-0.2766964,51.3752906],[-0.2769848,51.3755543],[-0.2770461,51.3756104],[-0.2771197,51.3756733]],[[-0.2771197,51.3756733],[-0.2771933,51.3757412]],[[-0.2771933,51.3757412],[-0.2774114,51.3759334]],[[-0.2774114,51.3759334],[-0.2777528,51.3762597],[-0.277891,51.3763962],[-0.278042,51.3765455],[-0.2782673,51.3767537],[-0.2784639,51.3769381],[-0.2785964,51.3770582]],[[-0.2785964,51.3770582],[-0.2788597,51.3773033]],[[-0.2990451,51.3952163],[-0.299078,51.3952841]],[[-0.299078,51.3952841],[-0.299103,51.3953339],[-0.2991484,51.3954296],[-0.299132,51.3955023]],[[-0.3024179,51.3991832],[-0.3024694,51.3991862],[-0.3024855,51.3991889],[-0.3024943,51.399193],[-0.3025345,51.3992344],[-0.3025676,51.3992685],[-0.3025954,51.3992984],[-0.3026015,51.3993115],[-0.3026115,51.3993312],[-0.302619,51.3993487]],[[-0.302619,51.3993487],[-0.3026427,51.3994095]],[[-0.3026427,51.3994095],[-0.3026978,51.3995228]],[[-0.3026978,51.3995228],[-0.3027168,51.3995503],[-0.3027275,51.399568],[-0.302743,51.3995902],[-0.302795,51.3996644],[-0.3028197,51.3997016],[-0.3028314,51.3997251],[-0.3027907,51.3997589]],[[-0.2879863,51.3833927],[-0.2879585,51.383396],[-0.2878938,51.3834061],[-0.2878272,51.3834207],[-0.2878045,51.3834309]],[[-0.2878045,51.3834309],[-0.2877495,51.3834484]],[[-0.2877495,51.3834484],[-0.2877191,51.3834111],[-0.2877107,51.3834002]],[[-0.2877107,51.3834002],[-0.2876862,51.3833796]],[[-0.2876862,51.3833796],[-0.2876528,51.3833459],[-0.2874922,51.3831447],[-0.2874607,51.3830963]],[[-0.2874607,51.3830963],[-0.287449,51.383077],[-0.2874448,51.3830535]],[[-0.2874448,51.3830535],[-0.2874472,51.383038],[-0.2874547,51.3830196],[-0.2874587,51.38301],[-0.2874657,51.3829936]],[[-0.2874657,51.3829936],[-0.2874758,51.3829722],[-0.2875001,51.3829269]],[[-0.2558426,51.3984855],[-0.2559042,51.3985116],[-0.2559532,51.3985465],[-0.2559862,51.3985882],[-0.2560011,51.3986337],[-0.2559969,51.39868],[-0.2559739,51.3987242],[-0.2559335,51.3987632]],[[-0.24752656924122599,51.41066352768875],[-0.2477114,51.410767],[-0.248033,51.4109714],[-0.2483082,51.4111555],[-0.2485312,51.4113208],[-0.2486991,51.4114548]],[[-0.2486991,51.4114548],[-0.2488165,51.4115537],[-0.249056,51.4117749],[-0.2493676,51.4120809],[-0.2496467,51.4124103],[-0.2498377,51.412656],[-0.2500506,51.4129892],[-0.2501708,51.4132116],[-0.2503118,51.4135261],[-0.2504374,51.4138626],[-0.2505706,51.4142527],[-0.2506567,51.4145362],[-0.2507343,51.4147704],[-0.2507519,51.414797],[-0.2507852,51.4148259],[-0.2508059,51.4148407]],[[-0.2508059,51.4148407],[-0.2508583,51.4148593],[-0.2509205,51.4148658],[-0.2512667,51.4148652],[-0.2513661,51.4148713],[-0.2514351,51.4148905],[-0.2514819,51.414915],[-0.2515074,51.4149681],[-0.2515154,51.4150418],[-0.2515243,51.4150984]],[[-0.2515243,51.4150984],[-0.2513284,51.4151404],[-0.2512023,51.4151855],[-0.2510301,51.4152908],[-0.250977,51.4153311],[-0.2509159,51.4154129],[-0.2508948,51.4156042]],[[-0.2508948,51.4156042],[-0.2509033,51.4157695],[-0.2509203,51.4161992],[-0.2509216,51.4162463]],[[-0.2509216,51.4162463],[-0.2508657,51.4165844],[-0.2508134,51.4168224],[-0.250756,51.4170069]],[[-0.250756,51.4170069],[-0.2506971,51.417146],[-0.2506384,51.4175343],[-0.2505939,51.4178244]],[[-0.2505939,51.4178244],[-0.250631,51.4181062],[-0.2506927,51.418332],[-0.2507812,51.4185545],[-0.250938,51.4189143],[-0.2510828,51.4191473],[-0.251286,51.4194036],[-0.2516129,51.4197633],[-0.2524324,51.4205889],[-0.2526215,51.4207993]],[[-0.2526215,51.4207993],[-0.2529138,51.4209385]],[[-0.2529138,51.4209385],[-0.2535556,51.4217183],[-0.2537329,51.4219742],[-0.2540461,51.4224407],[-0.2544799,51.4231505],[-0.2546046,51.4233591],[-0.2551878,51.4245506],[-0.2554572,51.4251186],[-0.2556576,51.425536],[-0.2556913,51.4256062],[-0.2557937,51.4258639],[-0.255919,51.426242],[-0.2559649,51.4263918],[-0.2559967,51.4264958],[-0.2561094,51.4269065],[-0.2561419,51.4269913],[-0.2561676,51.4270529],[-0.2562129,51.4271205],[-0.2563095,51.4272399],[-0.256385,51.4273384],[-0.2564344,51.4273968],[-0.2564545,51.4274443],[-0.2564613,51.4274801]],[[-0.2874688,51.4139413],[-0.2875275,51.4139871],[-0.2875722,51.4140265],[-0.2879829,51.4145192],[-0.2880515,51.4146572],[-0.2881557,51.4150964],[-0.2881828,51.415203],[-0.2882293,51.4154355],[-0.2883264,51.4158541],[-0.2883371,51.415901],[-0.2884287,51.4163562],[-0.2884568,51.4164594],[-0.2884922,51.4166114],[-0.2885312,51.4168097]],[[-0.2885312,51.4168097],[-0.2886509,51.417397],[-0.2887667,51.4182255],[-0.2887756,51.418398]],[[-0.2887756,51.418398],[-0.288784,51.418466],[-0.2887788,51.4185699],[-0.2887758,51.4188575],[-0.2887875,51.4190788],[-0.2887991,51.4191606],[-0.2888452,51.4193357],[-0.2888652,51.4194243],[-0.2889738,51.4195928],[-0.2889804,51.419603],[-0.2890029,51.4196509],[-0.2890357,51.4197191]],[[-0.2890357,51.4197191],[-0.2890579,51.4197704],[-0.2890856,51.419832],[-0.2892676,51.4203481],[-0.2893513,51.4205554],[-0.2893715,51.4206053],[-0.2894814,51.420878],[-0.2895898,51.421141],[-0.2898066,51.4216851],[-0.2899387,51.4219886],[-0.2900028,51.4221573],[-0.2900432,51.4222788],[-0.2900591,51.422356],[-0.2900693,51.4224798],[-0.2900743,51.4225799],[-0.2900909,51.4226853],[-0.2901026,51.4227567],[-0.2901166,51.4228667],[-0.2901246,51.42293],[-0.2901991,51.4233033],[-0.2902239,51.4234426],[-0.2902483,51.4235766],[-0.2902757,51.4237273],[-0.2903167,51.4239038],[-0.290365,51.4240501],[-0.2903959,51.424125],[-0.2904108,51.4241614],[-0.2904419,51.424235],[-0.290503,51.4243261],[-0.2905331,51.424371],[-0.2905749,51.4244248],[-0.2907163,51.4245551]],[[-0.2982535,51.4268216],[-0.2981211,51.4267736],[-0.2978335,51.4266693],[-0.296976,51.4263685],[-0.2958801,51.4260408],[-0.2955567,51.4259682],[-0.29518,51.4258785],[-0.2950875,51.4258604],[-0.2949827,51.4258341],[-0.2948777,51.4258083],[-0.2947758,51.4257798],[-0.2936934,51.425477],[-0.2935833,51.4254452],[-0.2933465,51.4253814],[-0.2921798,51.4250485],[-0.2914973,51.4248373],[-0.2912103,51.4247506],[-0.2909098,51.4246509],[-0.2907163,51.4245551]],[[-0.2987324,51.4270101],[-0.2982535,51.4268216]],[[-0.3033532,51.4294845],[-0.3029827,51.4293476],[-0.3025763,51.4291637],[-0.3012125,51.4283739],[-0.300717,51.4280716],[-0.3001038,51.4277039],[-0.2993262,51.4272812],[-0.2988266,51.4270493],[-0.2987324,51.4270101]],[[-0.3110709,51.3653864],[-0.311194,51.3653699],[-0.3134324,51.3654729]],[[-0.3113152,51.3638712],[-0.3112451,51.3642429],[-0.3111489,51.3645923],[-0.3110897,51.3649382],[-0.3110241,51.3652157],[-0.3110709,51.3653864]],[[-0.3114142,51.3633547],[-0.3113152,51.3638712]],[[-0.3114142,51.3633547],[-0.3118198,51.3633703],[-0.3124206,51.3634008],[-0.3128518,51.3634152]],[[-0.3142344,51.3611552],[-0.3142478,51.3612075],[-0.3142984,51.3612664],[-0.3143424,51.361354],[-0.3143641,51.3614308],[-0.3143663,51.3615169],[-0.3143456,51.3615808],[-0.3143392,51.3616018],[-0.314297,51.3616818],[-0.3141933,51.3618628],[-0.3140249,51.3621919],[-0.3138788,51.3624784],[-0.3138042,51.3625656],[-0.3137353,51.3626123],[-0.3136731,51.3626357],[-0.3135991,51.3626516],[-0.3135074,51.3626516],[-0.3134181,51.3626456],[-0.3133384,51.3626396],[-0.313251,51.3626451],[-0.3131593,51.362665],[-0.3130936,51.3626887],[-0.3130142,51.3627334],[-0.3129608,51.3627712],[-0.3129314,51.3628062],[-0.3128997,51.3628836],[-0.3128847,51.3629786],[-0.3128701,51.3631636],[-0.312866,51.3632198],[-0.3128518,51.3634152]],[[-0.3140162,51.3595346],[-0.3140851,51.3596282],[-0.3142299,51.3597653],[-0.314353,51.3598693],[-0.3145002,51.3600049],[-0.3145654,51.3600848],[-0.314715,51.3603078],[-0.3147633,51.3603681],[-0.3147657,51.3604118],[-0.3147271,51.3604465],[-0.3146913,51.3604589],[-0.3145702,51.3605007],[-0.3142516,51.3606318],[-0.3141566,51.3606761],[-0.3141092,51.3606981],[-0.3140585,51.3607358],[-0.3140368,51.360784],[-0.3140151,51.3608594],[-0.3140272,51.3609227],[-0.3140754,51.3609799],[-0.3141889,51.3611141],[-0.3142344,51.3611552]],[[-0.3109824,51.3588543],[-0.3112301,51.3588869],[-0.3113767,51.358895],[-0.3115624,51.3588952],[-0.3117417,51.3588787],[-0.3118982,51.3588625],[-0.3120155,51.3588706],[-0.3121622,51.358897],[-0.3122436,51.3589276],[-0.3123316,51.3589703],[-0.3123838,51.359009],[-0.3124294,51.3590537],[-0.3124679,51.3591116],[-0.3124862,51.3591665],[-0.3125383,51.3592528],[-0.3125826,51.3592837],[-0.3126803,51.3593387],[-0.3128335,51.3594099],[-0.3128569,51.3594203],[-0.3130388,51.3595015],[-0.3132313,51.359609],[-0.3132451,51.3596214],[-0.3132808,51.3596532],[-0.3133433,51.3596553],[-0.3134166,51.3596553],[-0.3136219,51.359637],[-0.3137164,51.3596268],[-0.3138615,51.3595841],[-0.3140162,51.3595346]],[[-0.3044356,51.3932626],[-0.3043878,51.3932671],[-0.3043484,51.3932622],[-0.3043132,51.39325]],[[-0.3042858,51.3932317],[-0.3041926,51.3932389],[-0.304144,51.3932459],[-0.3041035,51.3932543],[-0.3040803,51.3932557],[-0.3040353,51.3932584]],[[-0.2993752,51.3951771],[-0.2992945,51.3952288],[-0.2992562,51.3952383]],[[-0.2992562,51.3952383],[-0.2992066,51.3952498],[-0.299078,51.3952841]],[[-0.299078,51.3952841],[-0.2989523,51.3953132]],[[-0.2989523,51.3953132],[-0.2986773,51.3953737],[-0.2986316,51.3953821],[-0.2985598,51.3953938],[-0.2984636,51.3953739]],[[-0.2984636,51.3953739],[-0.2983408,51.395393]],[[-0.2983408,51.395393],[-0.2978344,51.3954555],[-0.2975571,51.3954913],[-0.2974739,51.395502],[-0.297279,51.3955579],[-0.2970956,51.3956148],[-0.2970051,51.3956453],[-0.2969323,51.3956712],[-0.296809,51.3957137]],[[-0.2966372,51.395915],[-0.2966949,51.3958251],[-0.2967278,51.3957801],[-0.2967714,51.3957343],[-0.296809,51.3957137]],[[-0.2950011,51.4011784],[-0.2951495,51.4007939],[-0.2951605,51.4007685],[-0.2952155,51.4006409],[-0.295301,51.4004194],[-0.295321,51.4003677],[-0.2953331,51.4003378],[-0.2953521,51.4002908],[-0.2955265,51.3998586],[-0.2955955,51.3996845],[-0.2956741,51.3993993],[-0.2957085,51.399261],[-0.2957468,51.3991296],[-0.2958284,51.3988534],[-0.295877,51.3986609],[-0.2959458,51.3984267],[-0.296018,51.3982571],[-0.2960886,51.3981054],[-0.2961627,51.3979283],[-0.296198,51.3978051],[-0.296246,51.3975029],[-0.2962815,51.3972394],[-0.2962636,51.3970233],[-0.2962872,51.3968065],[-0.2963356,51.3966424],[-0.2963934,51.3964807],[-0.2964775,51.3962775],[-0.296576,51.3960509],[-0.2966372,51.395915]],[[-0.2949815,51.4012293],[-0.2950011,51.4011784]],[[-0.2949342,51.401356],[-0.2949422,51.4013358],[-0.2949815,51.4012293]],[[-0.294872,51.401517],[-0.2949342,51.401356]],[[-0.29484,51.4016062],[-0.294872,51.401517]],[[-0.294843,51.401684],[-0.2948378,51.4016126],[-0.29484,51.4016062]],[[-0.294438,51.4030446],[-0.2945744,51.4023848],[-0.294684,51.4020429],[-0.294726,51.4019063],[-0.2947837,51.4017922],[-0.294843,51.401684]],[[-0.2943386,51.404414],[-0.2943591,51.4042453],[-0.2943831,51.4041059],[-0.2944049,51.4037706],[-0.2944107,51.4036808],[-0.2944217,51.4035285],[-0.2944065,51.4031949],[-0.2944257,51.4030892],[-0.294438,51.4030446]],[[-0.2943287,51.4045168],[-0.2943386,51.404414]],[[-0.2942515,51.4060613],[-0.2942736,51.4057987],[-0.2942906,51.4056746],[-0.2943039,51.4055258],[-0.2943235,51.4048082],[-0.2943242,51.4046081],[-0.2943298,51.404541],[-0.2943287,51.4045168]],[[-0.2945483,51.4080037],[-0.2944536,51.4078754],[-0.2944216,51.4078377],[-0.2943689,51.4077756],[-0.2941959,51.407515],[-0.2941436,51.4073687],[-0.294137,51.4072616],[-0.2941208,51.4071378],[-0.2941611,51.4068543],[-0.2942167,51.4065127],[-0.2942515,51.4060613]],[[-0.3004772,51.4078503],[-0.3002643,51.4078328],[-0.2990526,51.4076937],[-0.2988262,51.4076773],[-0.2985205,51.4076614],[-0.2982374,51.4076554],[-0.2979825,51.4076561],[-0.2975628,51.4076879],[-0.2962888,51.4078096],[-0.2953981,51.4078919],[-0.2950739,51.4079247],[-0.2948114,51.4079636],[-0.2947425,51.4079752],[-0.2945483,51.4080037]],[[-0.3015952,51.4079193],[-0.3012274,51.4079104],[-0.30099,51.4078935],[-0.3007225,51.4078728],[-0.3004772,51.4078503]],[[-0.3019746,51.4080378],[-0.3019068,51.4079985],[-0.3018703,51.4079764],[-0.3017829,51.4079418],[-0.3017011,51.4079263],[-0.3015952,51.4079193]],[[-0.3019746,51.4080378],[-0.3020183,51.408018],[-0.3020682,51.4080051],[-0.3021524,51.4079881],[-0.3022259,51.4079778],[-0.3023333,51.4079654]],[[-0.3028741,51.4079057],[-0.3027095,51.4079271],[-0.3023923,51.4079574],[-0.3023333,51.4079654]],[[-0.3028741,51.4079057],[-0.3030773,51.4078338],[-0.3033055,51.4077782],[-0.3033633,51.4077634],[-0.3035275,51.4077184]],[[-0.3035275,51.4077184],[-0.3035891,51.4076842]],[[-0.3037938,51.4070594],[-0.3038212,51.4070415],[-0.3038543,51.4070261],[-0.3039134,51.4070122],[-0.3039693,51.4070087],[-0.3040217,51.4070175]],[[-0.3041004,51.4070715],[-0.3042811,51.4071198],[-0.3044996,51.4071838],[-0.3045649,51.4072054],[-0.3046315,51.4072223]],[[-0.3046315,51.4072223],[-0.3048278,51.4072815],[-0.3049996,51.4073447]],[[-0.3049996,51.4073447],[-0.3051545,51.4073744]],[[-0.3051545,51.4073744],[-0.3054126,51.4074194],[-0.3060926,51.4075202]],[[-0.280782,51.4150998],[-0.2810418,51.4150767]],[[-0.280928,51.4149188],[-0.2807467,51.4149315]],[[-0.3049996,51.4073447],[-0.3048037,51.4073297],[-0.3047369,51.4073219],[-0.3046765,51.407313]],[[-0.3046765,51.407313],[-0.304559,51.4072883],[-0.3045102,51.4072781],[-0.3044649,51.4072654]],[[-0.3044649,51.4072654],[-0.3044121,51.4072497],[-0.3043097,51.4072272],[-0.3041733,51.407198],[-0.3040463,51.4071804]],[[-0.3036953,51.4077564],[-0.3036585,51.4077732],[-0.3035896,51.4078005]],[[-0.3035896,51.4078005],[-0.3035481,51.4078113],[-0.3033996,51.4078438],[-0.3033793,51.4078465]],[[-0.3033793,51.4078465],[-0.3030688,51.407889],[-0.3028741,51.4079057]],[[-0.3023333,51.4079654],[-0.3022647,51.407993],[-0.3022198,51.4080146],[-0.3021902,51.4080324]],[[-0.3021902,51.4080324],[-0.3021274,51.4080468],[-0.3020646,51.4080543],[-0.3020336,51.4080546],[-0.3020033,51.4080487],[-0.3019746,51.4080378]],[[-0.2984636,51.3953739],[-0.298535,51.3953342]],[[-0.298535,51.3953342],[-0.2986963,51.3952994]],[[-0.2986963,51.3952994],[-0.2987487,51.3952868],[-0.2988157,51.3952718],[-0.2989174,51.395245]],[[-0.2989174,51.395245],[-0.2990451,51.3952163]],[[-0.3140162,51.3595346],[-0.3140586,51.359521],[-0.3142444,51.3594396],[-0.3143259,51.3593775],[-0.314365,51.3593187],[-0.3143976,51.3592697],[-0.3144253,51.3592076],[-0.3144415,51.3591527],[-0.3147814,51.3592059],[-0.3152266,51.359284],[-0.3153534,51.3593058],[-0.3154384,51.3593339],[-0.3154784,51.359361],[-0.3154935,51.3593964],[-0.3154868,51.3594391],[-0.3154718,51.3594704],[-0.3153417,51.3597307],[-0.3153367,51.3597869],[-0.3153484,51.3598317],[-0.3153751,51.3598952],[-0.3153734,51.3599285],[-0.3153484,51.3599879],[-0.3153317,51.3600337],[-0.315335,51.3600587],[-0.315365,51.3600816],[-0.3154084,51.3600972],[-0.3158387,51.3601774],[-0.315902,51.3602034],[-0.3159187,51.3602451],[-0.3159137,51.3602795],[-0.3158747,51.3603554],[-0.3158186,51.3604648],[-0.3157333,51.3606259],[-0.3156563,51.3607717],[-0.3155718,51.3609313],[-0.3155251,51.3610094],[-0.3154935,51.3610261],[-0.3154634,51.3610313],[-0.315355,51.3610125],[-0.3151501,51.3609739],[-0.3151232,51.3609688],[-0.3150215,51.3609677],[-0.3149181,51.3609771],[-0.3148064,51.3610073],[-0.3146747,51.3610417],[-0.3145729,51.36105],[-0.3144729,51.3610583],[-0.3143978,51.3610625],[-0.3143244,51.3610802],[-0.3142744,51.361101],[-0.3142361,51.3611364],[-0.3142344,51.3611552]],[[-0.3113152,51.3638712],[-0.3115369,51.3638903],[-0.3117786,51.3639101],[-0.3119889,51.3639273],[-0.3123372,51.3639412],[-0.3125842,51.3639442],[-0.313046,51.3639304],[-0.3133819,51.3639149],[-0.3139354,51.3639043]],[[-0.3141589,51.3655337],[-0.3142682,51.3654195],[-0.3143025,51.3652801],[-0.3142465,51.3649893],[-0.3141946,51.3648522],[-0.3140949,51.3647048],[-0.3139732,51.3645027],[-0.313942,51.3644094],[-0.3139346,51.3642161],[-0.3139354,51.3639043]],[[-0.3134324,51.3654729],[-0.3139518,51.3654972],[-0.3141589,51.3655337]],[[-0.2986748,51.3932693],[-0.2986018,51.3932701],[-0.2985382,51.3932703],[-0.2983185,51.3932731],[-0.2979075,51.3932791]],[[-0.2979075,51.3932791],[-0.2975888,51.3932831],[-0.2974461,51.3932717],[-0.2971731,51.3932192],[-0.2970169,51.3931884]],[[-0.2970169,51.3931884],[-0.2969412,51.3931825],[-0.2967251,51.3931657],[-0.2965316,51.3931595],[-0.2961957,51.39315],[-0.295576,51.3931387],[-0.2954651,51.3931366],[-0.2951535,51.3931663],[-0.2949882,51.3931951],[-0.2948114,51.3932323],[-0.2944105,51.3933263],[-0.2941957,51.3933809],[-0.2940086,51.3934041],[-0.2939225,51.3934077],[-0.293825,51.3933882]],[[-0.2927033,51.3957315],[-0.2926792,51.3956971],[-0.2926828,51.3956698],[-0.2927243,51.3955971],[-0.2932213,51.3948017],[-0.2936156,51.3939877],[-0.2936491,51.3937561],[-0.2936666,51.3936806],[-0.2936812,51.3936178],[-0.293753,51.3934958],[-0.2937967,51.3934305],[-0.2938039,51.3934197],[-0.293825,51.3933882]],[[-0.2838657,51.3977743],[-0.2842048,51.3977265],[-0.2849711,51.3976086],[-0.2857318,51.3974815],[-0.2865532,51.3973285],[-0.2874265,51.3971491],[-0.2885567,51.3968972],[-0.2892375,51.3967299],[-0.2899088,51.3965581],[-0.2905407,51.3963851],[-0.2908354,51.3962709],[-0.2910049,51.396207],[-0.2911651,51.3961548],[-0.291697,51.3960016],[-0.2919923,51.3959276],[-0.2927033,51.3957315]],[[-0.2837275,51.3977897],[-0.2838657,51.3977743]],[[-0.2806502,51.3978384],[-0.2806974,51.3978484],[-0.2808192,51.39785],[-0.280908,51.3978591],[-0.2813292,51.3978773],[-0.2817707,51.3978886],[-0.2819648,51.3978932],[-0.2824601,51.3979048],[-0.2829577,51.397873],[-0.2833005,51.3978383],[-0.2837275,51.3977897]],[[-0.2806502,51.3978384],[-0.280624,51.3978565],[-0.2805204,51.3978897],[-0.2804759,51.3978937],[-0.2804306,51.3978881]],[[-0.2804306,51.3978881],[-0.2803827,51.3978618],[-0.2803727,51.3978339],[-0.2803843,51.3978109]],[[-0.2773936,51.3971247],[-0.2775069,51.3971772],[-0.2784568,51.3974046],[-0.2792497,51.3975965],[-0.279595,51.3976726],[-0.2799587,51.3977448],[-0.2801684,51.3977783],[-0.2802872,51.3977941],[-0.2803473,51.3977967],[-0.2803843,51.3978109]],[[-0.2773936,51.3971247],[-0.277315,51.3971436],[-0.2771575,51.3971269],[-0.2770775,51.3971012],[-0.2770425,51.3970803]],[[-0.2770425,51.3970803],[-0.2770307,51.3970474],[-0.2770394,51.3969796]],[[-0.2770394,51.3969796],[-0.2770828,51.3969372],[-0.2771722,51.396918],[-0.2772951,51.3969334],[-0.2773806,51.3969633],[-0.2774123,51.396987]],[[-0.2821712,51.3907165],[-0.2821681,51.3908307],[-0.2819736,51.3917324],[-0.2819675,51.3917713],[-0.2819479,51.3918787],[-0.2817922,51.3925168],[-0.2817107,51.3929075],[-0.2815036,51.3937294],[-0.2814219,51.3940311],[-0.2813535,51.3942173],[-0.2812653,51.3943494],[-0.2811525,51.3944562],[-0.2805556,51.3949782],[-0.2799778,51.395437],[-0.2793234,51.3959009],[-0.2785754,51.39637],[-0.2781454,51.396616],[-0.2777293,51.39683],[-0.2774927,51.3969412],[-0.2774123,51.396987]],[[-0.2807027,51.3854974],[-0.2806649,51.3857276],[-0.2805933,51.3861644],[-0.2805948,51.3863675],[-0.28063,51.386677],[-0.2806996,51.3869702],[-0.2807946,51.3872404],[-0.2809326,51.3875632],[-0.2810921,51.3879498],[-0.2811267,51.3880309],[-0.2813761,51.3887158],[-0.2814387,51.3888876],[-0.2816962,51.3895],[-0.281749,51.3896301],[-0.2817948,51.3897658],[-0.2818436,51.3898758],[-0.2819024,51.3900375],[-0.2820647,51.3904503],[-0.2821712,51.3907165]],[[-0.2856489,51.3827054],[-0.2855098,51.3829153],[-0.2854083,51.3830619],[-0.2850588,51.3834271],[-0.2848366,51.3836026],[-0.2835117,51.3842499],[-0.2808927,51.385413],[-0.2807027,51.3854974]],[[-0.2856489,51.3827054],[-0.2856506,51.3826692],[-0.2856566,51.3826512],[-0.2856638,51.3826376],[-0.2856743,51.3826174],[-0.285692,51.3825857],[-0.2857314,51.382519]],[[-0.2773671,51.3761234],[-0.2773319,51.3760614],[-0.2772903,51.3760064],[-0.2771951,51.3758844],[-0.2771491,51.3758313],[-0.2771331,51.3758029],[-0.2771214,51.3757718]],[[-0.2771214,51.3757718],[-0.2771167,51.3757406],[-0.2771197,51.3756733]],[[-0.2771197,51.3756733],[-0.2772131,51.3756372],[-0.2774911,51.3755365]],[[-0.2774911,51.3755365],[-0.2776802,51.3754727],[-0.2779158,51.3754034]],[[-0.2781358,51.3753114],[-0.2779158,51.3754034]],[[-0.2788321,51.3750279],[-0.2787054,51.3750795],[-0.2786959,51.3750834],[-0.278675,51.3750919],[-0.2781358,51.3753114]],[[-0.2788321,51.3750279],[-0.2789,51.3749824],[-0.2789781,51.3749432],[-0.27899,51.3749382],[-0.2791066,51.3749085]],[[-0.2857861,51.3689203],[-0.2856782,51.3689369],[-0.2856325,51.3689462],[-0.2855738,51.3689617],[-0.285457,51.3690118],[-0.2853887,51.3690546],[-0.2853425,51.369096],[-0.2852679,51.3691629],[-0.2850381,51.3696847],[-0.284916,51.3699258],[-0.2845689,51.3704968],[-0.2840449,51.3711889],[-0.283932,51.3713142],[-0.2837592,51.3715002],[-0.2834113,51.3718015],[-0.2829707,51.3721539],[-0.282755,51.3723326],[-0.2818255,51.3730981],[-0.2808822,51.3738686],[-0.2801831,51.3743467],[-0.2798507,51.3745423],[-0.2794966,51.3747285],[-0.2791476,51.3748896],[-0.2791066,51.3749085]],[[-0.2863029,51.368952],[-0.2862183,51.3689431],[-0.2860744,51.3689237],[-0.2859028,51.3689129],[-0.2857861,51.3689203]],[[-0.2941532,51.3690394],[-0.2937588,51.3690514],[-0.2930575,51.3690713],[-0.2930382,51.369071],[-0.2918577,51.3690977],[-0.2914833,51.369103],[-0.2905784,51.3691072],[-0.2904746,51.3691076],[-0.2900719,51.369109],[-0.2899472,51.3691114],[-0.2894928,51.3691114],[-0.2889039,51.3691056],[-0.288527,51.3690996],[-0.2877511,51.3690868],[-0.28736,51.369073],[-0.287036,51.3690496],[-0.2867547,51.3690185],[-0.2865211,51.3689847],[-0.2863029,51.368952]],[[-0.2953021,51.3690115],[-0.2941532,51.3690394]],[[-0.2956584,51.3690111],[-0.2953021,51.3690115]],[[-0.2957512,51.3690246],[-0.2957068,51.3690157],[-0.2956584,51.3690111]],[[-0.2957512,51.3690246],[-0.2958292,51.3690054],[-0.2959011,51.3689961],[-0.2960225,51.3689964],[-0.2960442,51.3689964],[-0.2961065,51.3689989]],[[-0.2961065,51.3689989],[-0.2962808,51.368993],[-0.2963856,51.3689926],[-0.29645,51.3689923]],[[-0.29645,51.3689923],[-0.296466,51.3690499],[-0.2964871,51.3690668],[-0.2965476,51.3690935]],[[-0.2991335,51.3696461],[-0.2989093,51.3695985],[-0.297746,51.3693551],[-0.2970839,51.3692128],[-0.2967362,51.369138],[-0.2966792,51.369126],[-0.2966224,51.369114],[-0.2965476,51.3690935]],[[-0.2995742,51.3697149],[-0.2991335,51.3696461]],[[-0.2995742,51.3697149],[-0.2996083,51.3696466],[-0.3002837,51.3693021],[-0.3003896,51.369246],[-0.3009141,51.3689686],[-0.3010191,51.3689131],[-0.3016189,51.368606],[-0.301689,51.3685703],[-0.3024863,51.3681646],[-0.3026038,51.368154]],[[-0.3046357,51.3697644],[-0.3045181,51.3696704],[-0.3037377,51.369049],[-0.3026038,51.368154]],[[-0.3059072,51.3700041],[-0.3057698,51.3699869],[-0.3049437,51.3698752],[-0.3048281,51.3698549],[-0.3047318,51.3698254],[-0.3046357,51.3697644]],[[-0.3026038,51.368154],[-0.3027348,51.3681331],[-0.3033607,51.3680977],[-0.3043209,51.3680056],[-0.304596,51.3679716],[-0.3049543,51.3678832],[-0.3054421,51.3677567],[-0.3058417,51.3676539],[-0.3059544,51.3676372],[-0.306063,51.3676406],[-0.3065033,51.3676882]],[[-0.2965476,51.3690935],[-0.2962684,51.3690652],[-0.2961111,51.3690502]],[[-0.2961111,51.3690502],[-0.2960656,51.3690537],[-0.2959873,51.3690673],[-0.2959154,51.3690884],[-0.2958649,51.3691027]],[[-0.2958649,51.3691027],[-0.2958464,51.36908],[-0.295819,51.3690591]],[[-0.295819,51.3690591],[-0.2957891,51.3690428],[-0.2957512,51.3690246]],[[-0.2791066,51.3749085],[-0.2790102,51.3749713],[-0.2789554,51.3749972],[-0.2789226,51.3750073],[-0.2788321,51.3750279]],[[-0.2779158,51.3754034],[-0.2777192,51.3755123],[-0.277551,51.3755887]],[[-0.277551,51.3755887],[-0.2774808,51.3756658],[-0.2774356,51.3757437],[-0.2774121,51.3757984],[-0.277406,51.3758213],[-0.2774009,51.3758693],[-0.2774114,51.3759334]],[[-0.2858519,51.3824641],[-0.2858021,51.3825379]],[[-0.2858021,51.3825379],[-0.2857558,51.382601],[-0.2857187,51.382651],[-0.2856962,51.3826807],[-0.2856489,51.3827054]],[[-0.2774123,51.396987],[-0.2774266,51.3970474],[-0.2774137,51.397096],[-0.2773936,51.3971247]],[[-0.2803843,51.3978109],[-0.2804294,51.3977752],[-0.2804837,51.3977562],[-0.2805334,51.3977458],[-0.2805695,51.3977415],[-0.2806056,51.397742],[-0.2806591,51.3977657],[-0.2806682,51.3977861],[-0.2806727,51.3978065],[-0.2806502,51.3978384]],[[-0.2810418,51.4150767],[-0.2813534,51.4150492]],[[-0.2813088,51.4148817],[-0.2813311,51.4149654],[-0.2813534,51.4150492]],[[-0.2813088,51.4148817],[-0.2812405,51.4148893],[-0.281061,51.4149094],[-0.280928,51.4149188]],[[-0.2625717,51.397525],[-0.2619573,51.3979676],[-0.26176,51.3981193]],[[-0.2611712,51.3967023],[-0.2614166,51.3968109],[-0.2618626,51.3970742],[-0.262091,51.3972091],[-0.2622284,51.3972948],[-0.2625717,51.397525]],[[-0.2585564,51.3961036],[-0.2586557,51.3961021],[-0.2590867,51.396115],[-0.2594498,51.396158],[-0.2597587,51.3962182],[-0.2602426,51.3963533],[-0.2602894,51.3963664],[-0.2605141,51.3964381]],[[-0.2585564,51.3961036],[-0.2583081,51.3961108],[-0.2581052,51.3961515],[-0.2578933,51.3962274]],[[-0.2578933,51.3962274],[-0.2578686,51.3964617],[-0.2578212,51.3966126],[-0.2575946,51.3970265],[-0.2573043,51.3973525],[-0.2572055,51.3974312],[-0.2570121,51.397537],[-0.2568079,51.3976327],[-0.256213,51.3978741],[-0.2558778,51.3980735],[-0.2557617,51.3981645],[-0.2557165,51.3982025]],[[-0.2557165,51.3982025],[-0.2556821,51.3982424],[-0.255643,51.3983066],[-0.2556169,51.3983426],[-0.2556089,51.3983657],[-0.2556108,51.3983975]],[[-0.26176,51.3981193],[-0.2611115,51.3986499],[-0.2607922,51.3989425],[-0.2604209,51.3993552],[-0.2603964,51.3993934],[-0.2603727,51.3994428]],[[-0.3044731,51.4250351],[-0.3042719,51.4247249],[-0.3040089,51.4242965],[-0.3037498,51.4239089],[-0.3036355,51.4237652],[-0.3035565,51.4236588],[-0.3034203,51.4234746],[-0.3031843,51.4230862],[-0.3031536,51.4229806],[-0.3029356,51.4222442],[-0.3029054,51.4221761],[-0.3025062,51.4213156],[-0.3023347,51.4208681],[-0.3021908,51.420494],[-0.3021571,51.4203944],[-0.3021249,51.4202983],[-0.3020129,51.41996],[-0.301964,51.4198068],[-0.3018873,51.4195488],[-0.301795,51.419235],[-0.3017034,51.418931],[-0.3016669,51.4187848],[-0.3016566,51.4187433],[-0.3016477,51.4187061],[-0.3016122,51.4185581],[-0.301594,51.4183825],[-0.3015341,51.4178371],[-0.301511,51.4174336]],[[-0.301511,51.4174336],[-0.3015272,51.417278],[-0.3015268,51.4172412]],[[-0.3015268,51.4172412],[-0.3015261,51.4171756],[-0.3015191,51.4171058],[-0.3014976,51.4169894]],[[-0.3014976,51.4169894],[-0.3014905,51.4169575],[-0.3014848,51.4169238],[-0.3014425,51.4167433]],[[-0.3014425,51.4167433],[-0.3013878,51.4165137],[-0.3013685,51.4164138],[-0.3013216,51.4161546]],[[-0.3013216,51.4161546],[-0.3012937,51.4160208]],[[-0.3012937,51.4160208],[-0.3012359,51.4157444]],[[-0.3012359,51.4157444],[-0.3012205,51.4156909],[-0.3012113,51.415655],[-0.3011862,51.4155557]],[[-0.3011862,51.4155557],[-0.3011413,51.4154273],[-0.3011249,51.4153875],[-0.3010796,51.4152639],[-0.3010065,51.4150647],[-0.300872,51.4146662]],[[-0.300872,51.4146662],[-0.3008272,51.4145337],[-0.3008106,51.41449]],[[-0.3008106,51.41449],[-0.3007924,51.414441],[-0.3007825,51.4144184],[-0.3007718,51.4143826],[-0.3007507,51.4143077]],[[-0.3007507,51.4143077],[-0.3007322,51.4142302]],[[-0.3007322,51.4142302],[-0.3007028,51.414139]],[[-0.3007028,51.414139],[-0.3006507,51.4139169],[-0.3006347,51.4138717]],[[-0.2914011,51.362727],[-0.2916057,51.3626979],[-0.2917017,51.3627058]],[[-0.2917017,51.3627058],[-0.291935,51.3627235],[-0.2921224,51.3627444],[-0.2923311,51.362772],[-0.2928313,51.3628769],[-0.2931869,51.3629558],[-0.2933367,51.3629887],[-0.2935046,51.3630255],[-0.2935464,51.3630346],[-0.2940063,51.3631307]],[[-0.2940063,51.3631307],[-0.2943967,51.3632155],[-0.2946226,51.3632648],[-0.2948255,51.3633182]],[[-0.2948255,51.3633182],[-0.2949738,51.3633578],[-0.2950135,51.3633695],[-0.2950368,51.3633768]],[[-0.2950368,51.3633768],[-0.2950791,51.3634134]],[[-0.2956908,51.3635407],[-0.2960644,51.3636175],[-0.2961687,51.3636435],[-0.2962548,51.3636535]],[[-0.2962548,51.3636535],[-0.2963156,51.3636578],[-0.2963339,51.3636633]],[[-0.2963339,51.3636633],[-0.2964328,51.3636678],[-0.2965626,51.3636681],[-0.2967588,51.3636804],[-0.2969894,51.3636904],[-0.2974937,51.3637088],[-0.2979524,51.3637072],[-0.2983574,51.3636904],[-0.298698,51.363667],[-0.2995132,51.3635796],[-0.2996602,51.3635655],[-0.2997702,51.3635534],[-0.3001169,51.3635095],[-0.3007884,51.363455],[-0.300997,51.3634376]],[[-0.300997,51.3634376],[-0.3011434,51.3634254],[-0.3021647,51.363355]],[[-0.3021647,51.363355],[-0.3030953,51.3633006],[-0.3044966,51.3632232],[-0.3062014,51.3631308]],[[-0.3062014,51.3631308],[-0.3067426,51.3631015],[-0.3069794,51.3630885],[-0.3070693,51.3630857],[-0.3073079,51.3630875],[-0.3074661,51.3630724],[-0.3075997,51.363039]],[[-0.3076147,51.3630252],[-0.3076823,51.3629833],[-0.3077575,51.3629577],[-0.307768,51.3629587],[-0.3078593,51.3629447],[-0.3079528,51.3629511],[-0.3080388,51.3629739]],[[-0.3016325,51.4125503],[-0.301869,51.4126128],[-0.3020881,51.4126485],[-0.3022288,51.4126693],[-0.3031282,51.412735],[-0.3032462,51.4127526],[-0.3033251,51.412781],[-0.3033689,51.4128044],[-0.3034168,51.4128548],[-0.303438,51.4129053]],[[-0.3026374,51.4135911],[-0.3025782,51.4136593],[-0.3025431,51.4136869],[-0.302238,51.4138166],[-0.3021218,51.4138654]],[[-0.3021218,51.4138654],[-0.3016863,51.4140451],[-0.3015826,51.414089]],[[-0.3015826,51.414089],[-0.3012913,51.414216]],[[-0.3012913,51.414216],[-0.3012465,51.414235]],[[-0.3012465,51.414235],[-0.3011484,51.4142766]],[[-0.3011484,51.4142766],[-0.3009837,51.4143824],[-0.3009324,51.4144144],[-0.3008678,51.4144542]],[[-0.3008678,51.4144542],[-0.3008481,51.4144668],[-0.3008106,51.41449]],[[-0.3051848,51.4259985],[-0.3050529,51.4258463],[-0.3049095,51.4256601],[-0.3047551,51.4254596],[-0.3046654,51.4253315],[-0.3044731,51.4250351]],[[-0.24646635559721736,51.3801801634771],[-0.2464105,51.3802014],[-0.2462464,51.380265],[-0.2461032,51.3803357],[-0.2459912,51.3804228],[-0.2459583,51.3804456],[-0.2458752,51.3805282]],[[-0.2458752,51.3805282],[-0.2458149,51.380589],[-0.2457902,51.3806366],[-0.2457961,51.3806716],[-0.2458222,51.380725],[-0.2458727,51.3807737],[-0.2460873,51.3808909],[-0.2461332,51.3809325],[-0.2461416,51.3809606],[-0.246136,51.3809926]],[[-0.246136,51.3809926],[-0.2461043,51.3810322],[-0.2460676,51.3810703],[-0.2459398,51.3811529]],[[-0.2805579,51.3785583],[-0.2806665,51.3785482],[-0.2807618,51.3785356],[-0.2808676,51.378499],[-0.2809633,51.3784442],[-0.2810324,51.3783862],[-0.2814145,51.3779852]],[[-0.2814145,51.3779852],[-0.2813781,51.3779151],[-0.281361,51.3778471]],[[-0.2806198,51.3775943],[-0.2807013,51.3776098],[-0.2807695,51.3776361],[-0.281214,51.3778359],[-0.2812829,51.3778503],[-0.2813263,51.3778497],[-0.281361,51.3778471]],[[-0.2806198,51.3775943],[-0.2806254,51.3775614],[-0.2806273,51.3775505],[-0.2806253,51.3775415],[-0.2806081,51.3775224],[-0.2801904,51.3771954],[-0.2801308,51.3771768],[-0.2800806,51.3771819]],[[-0.2800806,51.3771819],[-0.2799636,51.3772299]],[[-0.2799636,51.3772299],[-0.2796082,51.3773906],[-0.2794125,51.3774792]],[[-0.303995,51.4072038],[-0.3039522,51.4072072],[-0.3039112,51.4072048],[-0.3038694,51.4071943],[-0.3038387,51.4071792],[-0.3038141,51.4071571]],[[-0.3038141,51.4071571],[-0.3037937,51.4071352],[-0.3037819,51.4070983]],[[-0.3108271,51.3919834],[-0.310969,51.3920356],[-0.3110097,51.3920513]],[[-0.3110097,51.3920513],[-0.3110622,51.3920715],[-0.3112193,51.3921282]],[[-0.3112193,51.3921282],[-0.3113511,51.3921743],[-0.3113776,51.392184],[-0.3114269,51.3922016],[-0.3115271,51.3922368],[-0.3116845,51.3922941],[-0.3118084,51.3923435],[-0.3119186,51.392383],[-0.3120536,51.3924463],[-0.3121777,51.3925043],[-0.3123708,51.3926007],[-0.3125529,51.3927007],[-0.3128451,51.3928591],[-0.3132794,51.3931072],[-0.3133903,51.3931763],[-0.313495,51.3932477]],[[-0.313495,51.3932477],[-0.3136676,51.3933811],[-0.3137058,51.3934367],[-0.3137717,51.3935172],[-0.3138318,51.3936086]],[[-0.3138318,51.3936086],[-0.3139544,51.3937909],[-0.3140838,51.3939563]],[[-0.3140838,51.3939563],[-0.3140993,51.3939837],[-0.314108,51.3939991]],[[-0.314108,51.3939991],[-0.3141477,51.3940547]],[[-0.3141477,51.3940547],[-0.3142449,51.3941394]],[[-0.2459398,51.3811529],[-0.2458644,51.3812135],[-0.2458167,51.3812469],[-0.2457865,51.3812725]],[[-0.2457865,51.3812725],[-0.2456217,51.3814212],[-0.2455419,51.3814574]],[[-0.2455419,51.3814574],[-0.2453736,51.3814335]],[[-0.2453736,51.3814335],[-0.2454032,51.3813751],[-0.2454166,51.3813487],[-0.2454314,51.3813196],[-0.245609,51.3812954]],[[-0.245609,51.3812954],[-0.245707,51.381282],[-0.2457865,51.3812725]],[[-0.2558575,51.3988029],[-0.2557702,51.3988599],[-0.2556904,51.3989115],[-0.255649,51.3989433],[-0.2556178,51.3989754],[-0.2555826,51.3990101]],[[-0.2560668,51.4014961],[-0.2560184,51.4013462],[-0.2559734,51.4012068],[-0.2559283,51.4010632],[-0.2558979,51.4009663],[-0.2558334,51.400761],[-0.2557416,51.4004689],[-0.2557012,51.4003346],[-0.2556898,51.4002966],[-0.2556663,51.4002182],[-0.2556515,51.4001446],[-0.2556418,51.4000957],[-0.2556346,51.4000599],[-0.2555944,51.3997805],[-0.2555808,51.399638],[-0.2555649,51.3995044],[-0.2555629,51.399489],[-0.2555497,51.399316],[-0.2555518,51.3991925],[-0.2555564,51.3991577],[-0.2555767,51.399035],[-0.2555826,51.3990101]],[[-0.2565902,51.4030195],[-0.2565579,51.4029379],[-0.256532,51.4028762],[-0.2565114,51.4028164],[-0.2564486,51.4026337],[-0.2564166,51.4025405],[-0.2564017,51.4024956],[-0.2563926,51.4024682],[-0.2563649,51.4023847],[-0.2563211,51.4022515],[-0.2562713,51.4020999],[-0.2562265,51.4019607],[-0.2562179,51.4019339],[-0.256209,51.4019081],[-0.2561956,51.4018693],[-0.2561138,51.4016322],[-0.2560668,51.4014961]],[[-0.2565902,51.4030195],[-0.2566846,51.4031019],[-0.256707,51.4031527],[-0.2567874,51.4033797],[-0.2568238,51.4035349],[-0.2567918,51.4035881]],[[-0.2568043,51.403628],[-0.2567918,51.4035881]],[[-0.256843,51.4037514],[-0.2568043,51.403628]],[[-0.2568864,51.4038899],[-0.256843,51.4037514]],[[-0.2569253,51.4040325],[-0.2569175,51.4040054],[-0.256901,51.4039441],[-0.256888,51.403896],[-0.2568864,51.4038899]],[[-0.2569578,51.4041479],[-0.2569253,51.4040325]],[[-0.2577041,51.406457],[-0.2576134,51.4062156],[-0.2575186,51.4059433],[-0.2574864,51.4058558],[-0.2574207,51.4056485],[-0.2571835,51.4049197],[-0.2571385,51.4047637],[-0.2570604,51.4044923],[-0.25704,51.4044221],[-0.2569902,51.4042506],[-0.2569578,51.4041479]],[[-0.2577227,51.4065141],[-0.2577041,51.406457]],[[-0.2587115,51.4095414],[-0.2585658,51.4090923],[-0.2584479,51.4087263],[-0.2583213,51.4083457],[-0.2582288,51.4080635],[-0.2581472,51.4078069],[-0.2580149,51.4074028],[-0.2579449,51.407192],[-0.2579161,51.4071051],[-0.257823,51.4068243],[-0.2577567,51.4066039],[-0.2577227,51.4065141]],[[-0.258911,51.4101258],[-0.2588265,51.4098753],[-0.2587706,51.4097104],[-0.2587115,51.4095414]],[[-0.2608419,51.4099438],[-0.2601531,51.4099987],[-0.2599935,51.4100134],[-0.2590169,51.4101116],[-0.2589606,51.4101183],[-0.258911,51.4101258]],[[-0.2735651,51.4086722],[-0.2733853,51.408708],[-0.2731101,51.4087643],[-0.2730146,51.4087821],[-0.2728958,51.4087948],[-0.272801,51.4088029],[-0.2727601,51.4088065],[-0.2722375,51.4088535],[-0.2719787,51.4088775],[-0.271916,51.4088834],[-0.2716725,51.4089017],[-0.2709753,51.4089718],[-0.270702,51.4089975],[-0.2703499,51.4090279],[-0.2693473,51.4091264],[-0.2687381,51.4091794],[-0.2676942,51.4092818],[-0.267195,51.4093294],[-0.2665743,51.4093831],[-0.2658839,51.4094532],[-0.2642721,51.4096091],[-0.2641518,51.4096209],[-0.2632492,51.4097116],[-0.2629375,51.4097383],[-0.2625595,51.4097731],[-0.2614899,51.409877],[-0.2608419,51.4099438]],[[-0.2735651,51.4086722],[-0.2735605,51.408657],[-0.273565,51.4086351],[-0.2735749,51.4086218],[-0.2735933,51.4086084],[-0.2736236,51.4085973],[-0.273645,51.4085938],[-0.2736673,51.4085928]],[[-0.2736673,51.4085928],[-0.2736982,51.4085989],[-0.2737171,51.4086075],[-0.2737357,51.4086204],[-0.2737474,51.4086357]],[[-0.2805387,51.4109991],[-0.2803956,51.4109789],[-0.2802412,51.410969],[-0.2799486,51.4109516],[-0.2797134,51.4109325],[-0.2793321,51.4109187],[-0.2788198,51.4108819],[-0.2786026,51.4108401],[-0.2783397,51.4107464],[-0.2777791,51.4103867],[-0.2765802,51.4096358],[-0.2754134,51.4088977],[-0.2751834,51.408777],[-0.2750869,51.4087331],[-0.2748551,51.4086441],[-0.2747053,51.4086012],[-0.2745549,51.4085737],[-0.2744116,51.4085598],[-0.2742772,51.4085582],[-0.2741788,51.4085649],[-0.2740712,51.4085742],[-0.2738314,51.4086192],[-0.2737474,51.4086357]],[[-0.2737474,51.4086357],[-0.2737516,51.408656],[-0.2737449,51.4086757],[-0.2737215,51.4086951],[-0.2736911,51.4087062],[-0.2736669,51.4087104],[-0.2736397,51.4087123],[-0.2736174,51.4087086],[-0.2735978,51.4087008],[-0.2735792,51.408689],[-0.2735651,51.4086722]],[[-0.2567918,51.4035881],[-0.2567313,51.4035516],[-0.2566643,51.4033987],[-0.256625,51.403272],[-0.2565954,51.4031888]],[[-0.2565954,51.4031888],[-0.2565881,51.4031682],[-0.2565708,51.403114]],[[-0.2565708,51.403114],[-0.2565902,51.4030195]],[[-0.2555826,51.3990101],[-0.2555877,51.3989534],[-0.2555934,51.3988878],[-0.2555891,51.3988459],[-0.2555664,51.3988039]],[[-0.3070999,51.4300834],[-0.3070928,51.4302177],[-0.3070912127827311,51.43024928562365]],[[-0.3070999,51.4300834],[-0.3071004,51.4299745],[-0.3070992,51.4299366],[-0.3070987,51.4299207]],[[-0.3070987,51.4299207],[-0.3070979,51.4298987]],[[-0.3070979,51.4298987],[-0.30709,51.4296623],[-0.3070829,51.4295919]],[[-0.3070829,51.4295919],[-0.3070707,51.4294704],[-0.3070445,51.4292815]],[[-0.3070445,51.4292815],[-0.3069967,51.4289943],[-0.306991,51.4289612]],[[-0.306991,51.4289612],[-0.306965,51.4288105]],[[-0.306965,51.4288105],[-0.3069297,51.4286064],[-0.3069038,51.4284193],[-0.3068506,51.4281487],[-0.306795,51.4279656],[-0.3066832,51.4277527]],[[-0.3066832,51.4277527],[-0.3066575,51.4277054]],[[-0.3066575,51.4277054],[-0.3066247,51.4276458],[-0.3065374,51.4275073],[-0.3063921,51.427327],[-0.3062141,51.4271059],[-0.3058135,51.4266736],[-0.3051848,51.4259985]],[[-0.2820211,51.4171712],[-0.2821183,51.4171149]],[[-0.2559162,51.4036811],[-0.2558226,51.4036912],[-0.2557895,51.4036906],[-0.2557552,51.4036827],[-0.2557339,51.40366],[-0.2556901,51.4034926]],[[-0.2555936,51.4031695],[-0.2556095,51.4032228],[-0.2556901,51.4034926]],[[-0.2565902,51.4030195],[-0.2564662,51.4030267],[-0.2563919,51.4030349],[-0.2560114,51.4030853],[-0.2557791,51.4031281],[-0.255637,51.4031589],[-0.2555936,51.4031695]],[[-0.2530215,51.3902228],[-0.253121,51.3902398],[-0.253197,51.3902847],[-0.2532608,51.3903424],[-0.2532841,51.390448]],[[-0.2547638,51.3905264],[-0.2547147,51.3905231],[-0.2545765,51.390514],[-0.2539709,51.390486],[-0.2532841,51.390448]],[[-0.2625013,51.3903908],[-0.2624412,51.3904093],[-0.2623281,51.3904437],[-0.2622463,51.3904604],[-0.2621504,51.3904704],[-0.261751,51.3904854],[-0.2610165,51.3905257],[-0.2607777,51.3905376],[-0.260712,51.3905411],[-0.2606652,51.3905435],[-0.2605256,51.3905584],[-0.2596644,51.3906512],[-0.2590477,51.3907266],[-0.2589418,51.3907324],[-0.25881,51.3907302],[-0.258365,51.3907079],[-0.2581966,51.3906995],[-0.2566778,51.3906228],[-0.2561935,51.3905996],[-0.2559708,51.3905889],[-0.254944,51.3905383],[-0.2548167,51.3905299],[-0.2547638,51.3905264]],[[-0.2625013,51.3903908],[-0.2622389,51.3901087],[-0.2620909,51.3899512]],[[-0.2620909,51.3899512],[-0.2619378,51.3897884]],[[-0.2619378,51.3897884],[-0.2618241,51.3896936],[-0.2617516,51.3896423]],[[-0.2617516,51.3896423],[-0.261679,51.3895909],[-0.2613664,51.3894106],[-0.2611333,51.389293],[-0.2609347,51.3891792],[-0.2604612,51.3888977],[-0.2599199,51.3885772],[-0.2592211,51.3881589]],[[-0.2592211,51.3881589],[-0.2589896,51.3880203]],[[-0.2589896,51.3880203],[-0.2589446,51.3879937],[-0.258859,51.3879429],[-0.2587601,51.3878843]],[[-0.2587601,51.3878843],[-0.2586564,51.3878216]],[[-0.2586564,51.3878216],[-0.2585619,51.3877644]],[[-0.2585619,51.3877644],[-0.258145,51.3875233],[-0.2579819,51.3874223]],[[-0.2579819,51.3874223],[-0.2577482,51.3872777],[-0.257674,51.3872279]],[[-0.257674,51.3872279],[-0.2575815,51.3871658],[-0.2574787,51.3870886]],[[-0.2574787,51.3870886],[-0.2573771,51.3870071],[-0.2572507,51.3868752],[-0.2571794,51.3867853],[-0.2571197,51.3867104]],[[-0.2626531,51.3851385],[-0.2624676,51.3851745],[-0.2622729,51.3852204],[-0.262041,51.3852785],[-0.2619914,51.3852909],[-0.2617816,51.3853436],[-0.2605832,51.3856306],[-0.260577,51.3856323],[-0.2603899,51.385682],[-0.2601388,51.3857576],[-0.259397,51.386006],[-0.2585215,51.3863017],[-0.2582394,51.3863901],[-0.2579628,51.3864693],[-0.2577147,51.3865262],[-0.2573845,51.3865989],[-0.2572684,51.386633],[-0.2571975,51.3866653],[-0.2571197,51.3867104]],[[-0.2626531,51.3851385],[-0.2626318,51.3850729],[-0.2626716,51.3849738],[-0.2627105,51.3848795],[-0.2627634,51.3848349],[-0.2628296,51.3848086],[-0.2628602,51.3848098],[-0.2629536,51.3848254],[-0.2631486,51.3848544],[-0.2632188,51.3848864],[-0.2632631,51.3849326],[-0.2632759,51.3849778]],[[-0.2632759,51.3849778],[-0.2632591,51.3850432],[-0.2632091,51.3851477]],[[-0.2632091,51.3851477],[-0.263406,51.385304]],[[-0.263406,51.385304],[-0.2634675,51.3853361],[-0.2635325,51.3853862],[-0.2636374,51.3854699],[-0.2636489,51.3854791],[-0.2637298,51.3855567],[-0.2638981,51.385714]],[[-0.2638981,51.385714],[-0.2640976,51.3859097],[-0.2641201,51.3859313],[-0.2650903,51.3868528],[-0.2656586,51.3874022],[-0.2657292,51.3874704],[-0.2662392,51.3880044],[-0.2665829,51.3884324],[-0.2671105,51.3893882],[-0.2671534,51.3894294],[-0.2672099,51.3894603]],[[-0.2718355,51.387189],[-0.2717474,51.38713],[-0.2717196,51.3871114],[-0.2715129,51.3868847],[-0.2713676,51.3866527],[-0.2710466,51.3860904],[-0.2710193,51.3860263],[-0.2709907,51.3854251],[-0.2709425,51.3852739],[-0.2708337,51.3851033],[-0.270606,51.3848788],[-0.2694267,51.3839888],[-0.268955,51.3836997],[-0.2683916,51.3833665],[-0.267573,51.3829058],[-0.2675496,51.3828927]],[[-0.2695188,51.3819169],[-0.2688155,51.3822413],[-0.2686093,51.3823365],[-0.2679366,51.3826664],[-0.2675496,51.3828927]],[[-0.2730225,51.3820326],[-0.2718126,51.381929],[-0.2710205,51.38188],[-0.2703073,51.3818714],[-0.269943,51.3818982],[-0.2695725,51.3819326],[-0.2695456,51.3819247],[-0.2695188,51.3819169]],[[-0.2777661,51.3807488],[-0.2775847,51.3808839],[-0.2775104,51.3809249],[-0.277417,51.3809783],[-0.2772485,51.3810505],[-0.2771294,51.3810988],[-0.2768049,51.3811918],[-0.2764788,51.3812849],[-0.2764641,51.3812897],[-0.2759113,51.3814409],[-0.2754797,51.3815555],[-0.2752937,51.381594],[-0.2751601,51.3816269],[-0.274688,51.3817471],[-0.274623,51.3817585],[-0.2743808,51.3817703],[-0.2741992,51.3817716],[-0.2740858,51.3817622],[-0.2737892,51.3817105],[-0.2736482,51.3816803],[-0.2735758,51.3816676],[-0.2735076,51.3816841],[-0.2733716,51.3817583],[-0.2732312,51.3818408],[-0.2731407,51.3819098],[-0.2730867,51.3819602],[-0.273058,51.3819973],[-0.2730225,51.3820326]],[[-0.2777661,51.3807488],[-0.2778601,51.3807843],[-0.2783417,51.3809662],[-0.2784286,51.380999]],[[-0.2888907,51.3832664],[-0.2888487,51.3833142]],[[-0.2889277,51.3832201],[-0.2888907,51.3832664]],[[-0.2891635,51.3829487],[-0.2889277,51.3832201]],[[-0.291315,51.3787799],[-0.2910629,51.3791348],[-0.2908734,51.3793965],[-0.2907627,51.3795536],[-0.2907021,51.3796395],[-0.2905674,51.3798245],[-0.2904779,51.3799608],[-0.2903874,51.3801153],[-0.2902908,51.3803531],[-0.2902243,51.3805723],[-0.2901634,51.3807693],[-0.2900109,51.381239],[-0.2897894,51.3819109],[-0.2897403,51.3820774],[-0.2895812,51.3824353],[-0.2894855,51.3825665],[-0.289403,51.3826728],[-0.2891937,51.3829139],[-0.2891635,51.3829487]],[[-0.2922353,51.3780794],[-0.291925,51.3782489],[-0.2916292,51.3784094],[-0.2915575,51.3784633],[-0.2915111,51.3785127],[-0.2913855,51.3786871],[-0.291315,51.3787799]],[[-0.2923968,51.3780053],[-0.2922353,51.3780794]],[[-0.2985812,51.3793342],[-0.29806,51.3792504],[-0.2975822,51.37907],[-0.2973466,51.3789758],[-0.2967473,51.3787426],[-0.2964585,51.3786302],[-0.2963183,51.3785781],[-0.2952753,51.3784392],[-0.2947497,51.3783693],[-0.2937091,51.3782309],[-0.292702,51.3780964],[-0.2924717,51.3780656],[-0.2923968,51.3780053]],[[-0.2990558,51.3794059],[-0.2985812,51.3793342]],[[-0.3018749,51.379844],[-0.30157,51.3797971],[-0.3008481,51.3796861],[-0.3003111,51.3796035],[-0.3000199,51.3795577],[-0.2993296,51.379449],[-0.2990558,51.3794059]],[[-0.3040048,51.3982526],[-0.3038861,51.3983451],[-0.3038418,51.3983826],[-0.3038139,51.3984067],[-0.3037989,51.3984186],[-0.303674,51.3985326]],[[-0.303674,51.3985326],[-0.3036169,51.3985866]],[[-0.3036169,51.3985866],[-0.3034392,51.3987548],[-0.3033874,51.3988033],[-0.3033337,51.3988484],[-0.303268,51.3989027]],[[-0.303268,51.3989027],[-0.3029682,51.3991114]],[[-0.3029682,51.3991114],[-0.3029561,51.3991751],[-0.3028905,51.3992345]],[[-0.3028905,51.3992345],[-0.3028422,51.3992793],[-0.3027999,51.3993111],[-0.3027329,51.3993529]],[[-0.3027329,51.3993529],[-0.3026427,51.3994095]],[[-0.3026427,51.3994095],[-0.3025601,51.3994576]],[[-0.3025601,51.3994576],[-0.3024911,51.3994994],[-0.3024504,51.3995296],[-0.302402,51.3995639]],[[-0.302402,51.3995639],[-0.3022077,51.3997272]],[[-0.3022077,51.3997272],[-0.3021856,51.3997478],[-0.3021629,51.3997691],[-0.3021101,51.3997848]],[[-0.3021101,51.3997848],[-0.3018446,51.4000365],[-0.3017948,51.4000814],[-0.3017468,51.4001086],[-0.3016788,51.4001368],[-0.3016169,51.400153],[-0.3013571,51.4002188],[-0.3005488,51.4004413],[-0.3004797,51.4004587],[-0.300422,51.4004714]],[[-0.300422,51.4004714],[-0.3003415,51.400481],[-0.3002537,51.4004857],[-0.2998295,51.400508],[-0.2997108,51.4005225],[-0.2996156,51.4005401],[-0.2992986,51.4005986],[-0.2989704,51.4006667],[-0.2980214,51.4009055],[-0.2972717,51.4010941],[-0.2961216,51.4013834],[-0.295244,51.4016042],[-0.2952008,51.4016241],[-0.2951516,51.4016478]],[[-0.2951516,51.4016478],[-0.2951198,51.4016666],[-0.2950602,51.4016877]],[[-0.294843,51.401684],[-0.2949678,51.4016913],[-0.2949787,51.4016924],[-0.2950602,51.4016877]],[[-0.3021101,51.3997848],[-0.302116,51.3997491],[-0.30213,51.3997362],[-0.3021588,51.3997083],[-0.3025393,51.3993985]],[[-0.3025393,51.3993985],[-0.302619,51.3993487]],[[-0.302619,51.3993487],[-0.3026927,51.3992918],[-0.3027428,51.3992502]],[[-0.3027428,51.3992502],[-0.3027938,51.3992015]],[[-0.3027938,51.3992015],[-0.3028324,51.3991682],[-0.3028742,51.3991293],[-0.3029682,51.3991114]],[[-0.2799769,51.3789441],[-0.2798966,51.3788751],[-0.2798657,51.3788523],[-0.2798333,51.3788381],[-0.2797949,51.3788316],[-0.279756,51.3788324],[-0.2796996,51.3788409],[-0.2796482,51.3788639],[-0.2796011,51.3788909]],[[-0.2796011,51.3788909],[-0.2795763,51.3789185],[-0.2792141,51.3793104],[-0.2791999,51.3793247],[-0.2789277,51.3796081],[-0.2788304,51.3797094],[-0.2786494,51.3798811],[-0.2784903,51.3800331],[-0.2783344,51.3801877],[-0.2782377,51.3802857],[-0.2781153,51.3804015],[-0.2780518,51.3804691],[-0.2779645,51.3805631],[-0.2778618,51.3806788],[-0.2777661,51.3807488]],[[-0.263406,51.385304],[-0.2631324,51.3852483],[-0.2630285,51.3852271]],[[-0.2630285,51.3852271],[-0.2627609,51.3851833],[-0.2626981,51.3851572],[-0.2626531,51.3851385]],[[-0.2532841,51.390448],[-0.2532468,51.3905098],[-0.2531959,51.3905613],[-0.2531288,51.3905935],[-0.2530657,51.3906059],[-0.2529661,51.3906087]],[[-0.2556901,51.4034926],[-0.2557125,51.4035103],[-0.2557441,51.4035213],[-0.2557817,51.4035202],[-0.2559241,51.4035007],[-0.2559655,51.4035028],[-0.2559876,51.4035158],[-0.2559956,51.4035383],[-0.2560204,51.4036192],[-0.2560203,51.4036459],[-0.2560013,51.4036619],[-0.2559711,51.4036754],[-0.2559162,51.4036811]],[[-0.3038514,51.3748819],[-0.3039532,51.3748741],[-0.3040584,51.3748855],[-0.3041349,51.3749012],[-0.304203,51.3749316],[-0.3042253,51.374947]],[[-0.2863499,51.4201749],[-0.2863689,51.4202159],[-0.28638279744878575,51.420250925327004]],[[-0.2858312,51.419154],[-0.2859893,51.4194685],[-0.2860948,51.4196862],[-0.2861591,51.4198062],[-0.2862483,51.4199911],[-0.2863176,51.4201165],[-0.2863499,51.4201749]],[[-0.2887756,51.418398],[-0.2887167,51.418412],[-0.2885712,51.4184487],[-0.2858312,51.419154]]]}},{"type":"Feature","properties":{"kind":"stops"},"geometry":{"type":"MultiPoint","coordinates":[[-0.2539362,51.4044333],[-0.2564612,51.4350667],[-0.2930153,51.4108081],[-0.3001802,51.4127787],[-0.2501811,51.3990735],[-0.2511474,51.3989199],[-0.2951689,51.4005415],[-0.3034275,51.3986173],[-0.3031434,51.3929905],[-0.2845687,51.4124524],[-0.3030453,51.4002296],[-0.2813831,51.3978297],[-0.3032402,51.4126027],[-0.3027535,51.4125645],[-0.3022839,51.4125276],[-0.3006685,51.4120041],[-0.3051582,51.3928573],[-0.3053597,51.3926326],[-0.3040803,51.3932557],[-0.2791017,51.3773832],[-0.2795881,51.3782356],[-0.2455954,51.3812473],[-0.2463279,51.3814929],[-0.246682,51.3814634],[-0.2894732,51.4125198],[-0.2902414,51.4117008],[-0.3005101,51.3635791],[-0.3002767,51.3634529],[-0.3078475,51.3563348],[-0.3080478,51.3561869],[-0.2731807,51.4135755],[-0.2723506,51.4135904],[-0.288802,51.4179843],[-0.2886491,51.4181448],[-0.3061009,51.4109499],[-0.3005151,51.4135481],[-0.2628816,51.3852586],[-0.2626904,51.3847413],[-0.2626155,51.3850038],[-0.2619015,51.3844994],[-0.256864,51.4033828],[-0.2565236,51.4032146],[-0.2556623,51.4035637],[-0.2565376,51.39066],[-0.2595183,51.3906115],[-0.274328,51.4034773],[-0.2751334,51.4035974],[-0.2943061,51.4040509],[-0.2879979,51.4144128],[-0.2838505,51.3841712],[-0.2829316,51.3844462],[-0.298997,51.4077464],[-0.2994784,51.4076881],[-0.3120944,51.3913456],[-0.3113811,51.3916156],[-0.2944305,51.4046298],[-0.2532286,51.3933716],[-0.2530099,51.3930342],[-0.2959624,51.3784777],[-0.3011079,51.428378],[-0.3017151,51.428633],[-0.2769921,51.3811992],[-0.277227,51.3809802],[-0.3124135,51.3530295],[-0.3124449,51.3535844],[-0.2587134,51.4273311],[-0.3078616,51.3623748],[-0.3156346,51.3934284],[-0.3152559,51.3934603],[-0.3056016,51.4112889],[-0.2970164,51.3932402],[-0.2939321,51.3911556],[-0.2936859,51.391206],[-0.294436,51.3932585],[-0.2895055,51.4207691],[-0.3036711,51.4083557],[-0.3038573,51.4085328],[-0.2575079,51.4061845],[-0.2861794,51.4088177],[-0.2864863,51.4087913],[-0.2940502,51.4170044],[-0.2943065,51.4166674],[-0.297224,51.4246],[-0.2969577,51.4241231],[-0.280053,51.406524],[-0.299419,51.3585688],[-0.3096081,51.3561865],[-0.3097714,51.3560706],[-0.3044724,51.3631579],[-0.2866052,51.3696826],[-0.3138299,51.3502085],[-0.3132239,51.3501204],[-0.2974434,51.3881491],[-0.2970501,51.3877513],[-0.2880623,51.4152257],[-0.2963117,51.3976943],[-0.29623,51.3967122],[-0.2619182,51.4098921],[-0.2639546,51.409584],[-0.2663457,51.4156384],[-0.2675929,51.4149662],[-0.2509347,51.4166022],[-0.2953476,51.3592925],[-0.2947853,51.3590862],[-0.2641873,51.4099974],[-0.2942515,51.4072846],[-0.2940794,51.4070926],[-0.2992722,51.3794885],[-0.3040255,51.406217],[-0.2948593,51.3784316],[-0.3070949,51.4289379],[-0.3031079,51.4225606],[-0.3028967,51.4226645],[-0.3106368,51.4314647],[-0.2972472,51.4212228],[-0.2969775,51.421122],[-0.2771986,51.4045746],[-0.3003071,51.3837479],[-0.2816779,51.3892331],[-0.2816398,51.3894799],[-0.3103598,51.3598685],[-0.3097207,51.3603708],[-0.2707467,51.3882566],[-0.3047127,51.3736503],[-0.3046224,51.3732264],[-0.2965267,51.4147647],[-0.2963215,51.4148427],[-0.2993792,51.4123696],[-0.298937,51.4123634],[-0.2984193,51.4123581],[-0.2853851,51.3829448],[-0.3000708,51.4103719],[-0.2998198,51.410389],[-0.2987296,51.4007908],[-0.2991745,51.4005663],[-0.2691913,51.3999826],[-0.2924544,51.362893],[-0.2917274,51.3624433],[-0.2920105,51.3618891],[-0.3035031,51.3762028],[-0.3034506,51.3758459],[-0.2806367,51.4123303],[-0.2804484,51.4118847],[-0.2997937,51.3696322],[-0.3000582,51.3693525],[-0.3081111,51.4066574],[-0.307968,51.4065554],[-0.3021983,51.4102506],[-0.3024609,51.4099801],[-0.3042245,51.4089804],[-0.3027036,51.4099496],[-0.3024836,51.410194],[-0.3022838,51.410421],[-0.304824,51.4088848],[-0.2722534,51.4275817],[-0.2726285,51.4271115],[-0.2797254,51.4130183],[-0.2730591,51.3983862],[-0.2673085,51.3973286],[-0.3064922,51.4087096],[-0.306661,51.4087582],[-0.3073494,51.4082035],[-0.2571211,51.4316481],[-0.2567612,51.4323689],[-0.296024,51.3857423],[-0.296041,51.3860363],[-0.2606191,51.3971144],[-0.2602094,51.3972184],[-0.3066192,51.3680306],[-0.3063027,51.3680887],[-0.306281,51.3681872],[-0.2720293,51.3976867],[-0.2744703,51.3849379],[-0.2899864,51.4224745],[-0.2781373,51.4105361],[-0.2771837,51.4100547],[-0.256379,51.4277243],[-0.2558771,51.4280038],[-0.3013828,51.4160272],[-0.3012415,51.4162098],[-0.2891193,51.4202473],[-0.3014497,51.4142363],[-0.3062654,51.4076024],[-0.305402,51.4074648],[-0.3053138,51.4073491],[-0.2832642,51.4127416],[-0.282462,51.4129136],[-0.2805668,51.4181656],[-0.2794345,51.4186718],[-0.3041837,51.4046352],[-0.3041497,51.4047954],[-0.3041279,51.4043057],[-0.304383,51.4028424],[-0.2692451,51.4291377],[-0.2676238,51.4296717],[-0.2508468,51.3904292],[-0.2881875,51.3830702],[-0.2810878,51.4062302],[-0.2799966,51.4055029],[-0.3076606,51.390428],[-0.3070841,51.390244],[-0.2947341,51.4021185],[-0.2529995,51.3879897],[-0.2682214,51.3826054],[-0.3035613,51.4284379],[-0.3032697,51.4284031],[-0.3007618,51.3861541],[-0.3004755,51.3857422],[-0.258631,51.4095081],[-0.2596515,51.4100041],[-0.2956295,51.4260225],[-0.2943993,51.4256291],[-0.2903402,51.4234625],[-0.302184,51.4206731],[-0.2576158,51.3872623],[-0.2892068,51.4121823],[-0.2873006,51.4124302],[-0.3118172,51.3557518],[-0.3115015,51.3568629],[-0.2494874,51.3833117],[-0.2501418,51.3836463],[-0.2554305,51.3944274],[-0.2553448,51.3940718],[-0.3002992,51.3795443],[-0.265802,51.3874262],[-0.2659178,51.3877867],[-0.2878967,51.4132886],[-0.3122184,51.3634336],[-0.31225,51.3633421],[-0.3081727,51.3635555],[-0.3066173,51.3632279],[-0.3045687,51.3986208],[-0.3046205,51.398952],[-0.2955304,51.4014725],[-0.2649911,51.394768],[-0.2652272,51.3946039],[-0.2559716,51.4009207],[-0.2557063,51.4006474],[-0.2533504,51.3988817],[-0.2544121,51.3987269],[-0.2546706,51.4164129],[-0.2540643,51.4161739],[-0.2936155,51.4105995],[-0.3122383,51.3588627],[-0.2623042,51.3900641],[-0.260754,51.3891336],[-0.2529335,51.3911841],[-0.2529716,51.3898637],[-0.2452623,51.3918653],[-0.243592,51.3923799],[-0.3039893,51.3885564],[-0.3047658,51.3890633],[-0.2951799,51.3690782],[-0.2951686,51.3689795],[-0.3018445,51.3685564],[-0.3041936,51.3692875],[-0.3022497,51.3682147],[-0.2649172,51.3909706],[-0.2906688,51.3691231],[-0.2908671,51.3690264],[-0.2693147,51.3998354],[-0.2675478,51.4093415],[-0.2683831,51.4091535],[-0.2848581,51.3823704],[-0.2849905,51.3822164],[-0.2494252,51.3902718],[-0.2819549,51.3923868],[-0.281983,51.3914816],[-0.2935637,51.3943003],[-0.2933544,51.3943538],[-0.2868925,51.4143842],[-0.2915302,51.4248865],[-0.2919884,51.4249415],[-0.2833426,51.4162882],[-0.2834802,51.4164082],[-0.2809577,51.4097711],[-0.2782139,51.3974008],[-0.2778431,51.3972015],[-0.29247,51.395844],[-0.2915065,51.3959978],[-0.303133,51.3580093],[-0.302383,51.3579101],[-0.3079188,51.4303212],[-0.3134202,51.3655271],[-0.2869189,51.3690462],[-0.2869886,51.3689457],[-0.3188203,51.3402817],[-0.3188528,51.3399794],[-0.2768308,51.4221895],[-0.2772331,51.4214398],[-0.3049978,51.3569854],[-0.2671046,51.3972717],[-0.2801239,51.4083221],[-0.2807016,51.3866519],[-0.2805334,51.3865513],[-0.253816,51.3871656],[-0.2644014,51.3907955],[-0.2579439,51.3872983],[-0.2579883,51.4070662],[-0.298296,51.3587597],[-0.3079687,51.4032644],[-0.3078816,51.402547],[-0.2545526,51.3955666],[-0.2541522,51.395429],[-0.2608087,51.3995963],[-0.2618331,51.399674],[-0.3006781,51.3948651],[-0.30034,51.39486],[-0.3013288,51.3809335],[-0.3008779,51.3824378],[-0.2714601,51.3873346],[-0.2690259,51.3838308],[-0.2727092,51.4028389],[-0.2622053,51.4168475],[-0.2627029,51.4166926],[-0.3032813,51.3989818],[-0.298242,51.3905391],[-0.2980492,51.3908044],[-0.2932176,51.384543],[-0.2930773,51.3846331],[-0.3040183,51.4006683],[-0.3039465,51.4011702],[-0.3077853,51.3916509],[-0.30877,51.3913832],[-0.3064336,51.4028843],[-0.3069823,51.4030045],[-0.2988164,51.3939153],[-0.2984699,51.3926127],[-0.3058855,51.3710269],[-0.3057359,51.3705127],[-0.2525124,51.3851408],[-0.2520343,51.3850747],[-0.286928,51.397305],[-0.2882161,51.396911],[-0.2594348,51.434571],[-0.2600289,51.4341814],[-0.2801957,51.3953952],[-0.2799949,51.3953743],[-0.3201201,51.3377832],[-0.3202722,51.3371395],[-0.2721077,51.4089133],[-0.3073268,51.3660805],[-0.3073016,51.3654541],[-0.3147552,51.3898556],[-0.3152546,51.3894228],[-0.2782222,51.3808406],[-0.3069729,51.4296456],[-0.2585894,51.4293717],[-0.3052201,51.4098156],[-0.3022252,51.3792795],[-0.3022116,51.3788948],[-0.3052719,51.4259741],[-0.3043991,51.4250675],[-0.2958544,51.4107349],[-0.2813659,51.379951],[-0.2821583,51.3803186],[-0.283061,51.3821708],[-0.283257,51.3821672],[-0.2903584,51.3804081],[-0.2907763,51.3793959],[-0.2879751,51.3834278],[-0.2795724,51.3797742],[-0.2794768,51.3791547],[-0.2796731,51.3803674],[-0.2804269,51.3804866],[-0.2774839,51.3825859],[-0.2713218,51.3819861],[-0.2712897,51.3818755],[-0.2743542,51.4254679],[-0.2748013,51.4245617],[-0.282859,51.4071646],[-0.2827861,51.4069694],[-0.3089967,51.3996862],[-0.3095226,51.3987418],[-0.2567707,51.4350019],[-0.2563757,51.4350593],[-0.290957,51.4101004],[-0.2913646,51.4099916],[-0.2532499,51.4212954],[-0.251743,51.4202749],[-0.2700887,51.40219],[-0.2640244,51.43233],[-0.2631467,51.4326996],[-0.2533049,51.3903313],[-0.2998061,51.4264645],[-0.2778103,51.4131346],[-0.3078069,51.404233],[-0.3020098,51.4195459],[-0.3044085,51.393746],[-0.3042684,51.3935111],[-0.3041244,51.3946801],[-0.2553725,51.3981957],[-0.2555292,51.3979043],[-0.2566526,51.3985997],[-0.256965,51.3987892],[-0.261449,51.3982921],[-0.297929,51.3954939],[-0.2810511,51.4150248],[-0.2811359,51.4158961],[-0.2809358,51.414973],[-0.2808259,51.4155634],[-0.2675201,51.3897437],[-0.2678606,51.3891355],[-0.2817282,51.3979407],[-0.2957919,51.3636447],[-0.2959177,51.363517],[-0.2976599,51.4266618],[-0.2986814,51.4269241],[-0.3041119,51.3962216],[-0.3040035,51.3955347],[-0.3115081,51.3965514],[-0.3121031,51.3957562],[-0.2942708,51.4193013],[-0.2959168,51.4187507],[-0.29062,51.3974922],[-0.3061058,51.4301073],[-0.2594925,51.398085],[-0.2425426,51.3929431],[-0.2514893,51.3903231],[-0.2687748,51.4003822],[-0.2812707,51.4105509],[-0.2485241,51.3810252],[-0.2491272,51.3806114],[-0.2565695,51.3810609],[-0.2566895,51.3809491],[-0.2658059,51.4009024],[-0.2663187,51.4009292],[-0.2745565,51.4085204],[-0.2983984,51.4130488],[-0.3134726,51.3597031],[-0.2922034,51.3781639],[-0.2926753,51.3780487],[-0.2977864,51.3932212],[-0.303114,51.4000712],[-0.2992651,51.3955625],[-0.2992844,51.3958897],[-0.3016218,51.3873036],[-0.3021154,51.4152275],[-0.3014953,51.4182633],[-0.2825986,51.411663],[-0.2817473,51.3987838],[-0.3046265,51.3919758],[-0.3049618,51.3920122],[-0.3057481,51.4115703],[-0.3031762,51.4130413],[-0.2450141,51.3810672],[-0.2883595,51.3977892],[-0.3151803,51.3931246],[-0.2998401,51.410481],[-0.2447138,51.382437],[-0.2602286,51.3850133],[-0.2612368,51.3847079],[-0.2808777,51.376146],[-0.2566731,51.4349593],[-0.3045003,51.403482],[-0.3015923,51.4127903],[-0.2636541,51.3853808],[-0.3117732,51.3922718],[-0.3117458,51.3923743],[-0.3163538,51.3444756],[-0.3169868,51.3432107],[-0.2879743,51.3831674],[-0.2863997,51.4126929],[-0.3127342,51.4300031],[-0.2879863,51.3833927],[-0.2505764,51.4139945],[-0.2499179,51.4138437],[-0.248845,51.4115387],[-0.2480275,51.4114085],[-0.2764221,51.3829691],[-0.273756,51.3863236],[-0.2957212,51.399551],[-0.2838754,51.3714328],[-0.2840015,51.3711577],[-0.3083334,51.4306436],[-0.2464231,51.381431],[-0.2805779,51.3991148],[-0.2565567,51.4037266],[-0.3009976,51.3636875],[-0.299834,51.3648795],[-0.2790216,51.377093],[-0.3139022,51.3501102],[-0.2562569,51.4030257],[-0.2993957,51.3653043],[-0.2993575,51.3652884],[-0.3082623,51.3565158],[-0.3055884,51.4114919],[-0.300006,51.4104754],[-0.2465939,51.3815313],[-0.3030355,51.3928717],[-0.2662309,51.4287851],[-0.266169,51.4291258],[-0.2794125,51.3774792],[-0.2795557,51.3775969],[-0.2986175,51.4124152],[-0.2985342,51.4124141],[-0.2994549,51.4124265],[-0.2995267,51.4125305],[-0.2986887,51.4124161],[-0.2987597,51.4124171],[-0.2988474,51.4124183],[-0.2989503,51.4124197],[-0.2990318,51.4124208],[-0.2991197,51.412422],[-0.2992052,51.4124231],[-0.2992834,51.4124242],[-0.299365,51.4124253],[-0.2989206,51.4123006],[-0.2993435,51.4123036],[-0.2984148,51.4122957],[-0.2449042,51.3819022],[-0.2447417,51.3819201],[-0.3003523,51.3642593],[-0.2606234,51.3848114],[-0.2816867,51.3989276],[-0.2815127,51.3988082],[-0.2606757,51.3849101],[-0.2799886,51.3766586],[-0.2798578,51.376606],[-0.3004918,51.3643171],[-0.3022402,51.4128867],[-0.3015926,51.4129435],[-0.3078051,51.3569687],[-0.2835545,51.4120554],[-0.2836231,51.4119906],[-0.2550593,51.4041236],[-0.2551394,51.4039861],[-0.2552987,51.4041902],[-0.3039795,51.3923773],[-0.3039587,51.3923574],[-0.304027,51.3925317],[-0.3040597,51.3925622],[-0.3026751,51.412919]]}},{"type":"Feature","properties":{"kind":"station","name":"Surbiton"},"geometry":{"type":"Point","coordinates":[-0.3039992,51.3924111]}},{"type":"Feature","properties":{"kind":"station","name":"Chessington South"},"geometry":{"type":"Point","coordinates":[-0.308097,51.35675]}},{"type":"Feature","properties":{"kind":"station","name":"Berrylands"},"geometry":{"type":"Point","coordinates":[-0.2809105,51.3990081]}},{"type":"Feature","properties":{"kind":"station","name":"New Malden"},"geometry":{"type":"Point","coordinates":[-0.2557593,51.4039615]}},{"type":"Feature","properties":{"kind":"station","name":"Malden Manor"},"geometry":{"type":"Point","coordinates":[-0.2612451,51.3847246]}},{"type":"Feature","properties":{"kind":"station","name":"Tolworth"},"geometry":{"type":"Point","coordinates":[-0.2794424,51.3768746]}},{"type":"Feature","properties":{"kind":"station","name":"Chessington North"},"geometry":{"type":"Point","coordinates":[-0.3007319,51.363982]}},{"type":"Feature","properties":{"kind":"station","name":"Worcester Park"},"geometry":{"type":"Point","coordinates":[-0.2449641,51.3814267]}},{"type":"Feature","properties":{"kind":"station","name":"Norbiton"},"geometry":{"type":"Point","coordinates":[-0.2840843,51.4123109]}},{"type":"Feature","properties":{"kind":"station","name":"Kingston Turks Pier"},"geometry":{"type":"Point","coordinates":[-0.3078816,51.4129518]}},{"type":"Feature","properties":{"kind":"station","name":"Kingston Town End Pier"},"geometry":{"type":"Point","coordinates":[-0.3085163,51.4054599]}},{"type":"Feature","properties":{"kind":"station","name":"Kingston"},"geometry":{"type":"Point","coordinates":[-0.3018196,51.4129328]}},{"type":"Feature","properties":{"kind":"station","name":"Cromwell Road Bus Station"},"geometry":{"type":"Point","coordinates":[-0.298824,51.4124922]}},{"type":"Feature","properties":{"kind":"station","name":"Fairfield Bus Station"},"geometry":{"type":"Point","coordinates":[-0.2998087,51.4102894]}}]}
