{"type":"FeatureCollection","properties":{"borough":"Lewisham","generatedAt":"2026-09-30T17:49:15.591Z","source":"© OpenStreetMap contributors, ODbL 1.0","majorRouteCount":114,"otherRouteCount":155,"stopCount":905,"stationCount":23},"features":[{"type":"Feature","properties":{"kind":"boundary"},"geometry":{"type":"Polygon","coordinates":[[[-0.0750933,51.4287956],[-0.0750285,51.4285562],[-0.0749442,51.4283723],[-0.0747957,51.4281072],[-0.0744907,51.4276283],[-0.0743271,51.4274494],[-0.0741662,51.4270681],[-0.0739848,51.4265238],[-0.0739304,51.4262091],[-0.0739356,51.4261534],[-0.0739067,51.4261574],[-0.073859,51.4261638],[-0.0738127,51.4261693],[-0.0736518,51.4262008],[-0.0735183,51.4262086],[-0.0733953,51.4262092],[-0.073072,51.4262354],[-0.0727888,51.4262658],[-0.0723805,51.4262932],[-0.072219,51.4263031],[-0.071927,51.4263019],[-0.0715508,51.4262859],[-0.0713461,51.4262636],[-0.0711983,51.4262558],[-0.0711264,51.4262528],[-0.0710547,51.426248],[-0.070983,51.4262424],[-0.0709486,51.4262391],[-0.070877,51.4262325],[-0.0708055,51.4262242],[-0.0707353,51.4262149],[-0.0706654,51.426203],[-0.0706596,51.426202],[-0.070614,51.4261922],[-0.0705713,51.4261816],[-0.0705271,51.4261701],[-0.0704847,51.4261568],[-0.0704435,51.4261436],[-0.0704009,51.4261303],[-0.0703597,51.426117],[-0.0703441,51.4261123],[-0.070317,51.4261037],[-0.0702745,51.4260913],[-0.0696067,51.4258942],[-0.0692291,51.4257413],[-0.0688818,51.4256169],[-0.0688425,51.4258357],[-0.0687874,51.4259121],[-0.0686904,51.4259968],[-0.0686631,51.4259955],[-0.0682441,51.4259706],[-0.0679151,51.4259265],[-0.0679347,51.4259062],[-0.068007,51.4258282],[-0.0679674,51.4258123],[-0.0674694,51.4256134],[-0.0669319,51.4253978],[-0.0667429,51.4253433],[-0.0660626,51.4250705],[-0.0658417,51.4253285],[-0.0655356,51.4252848],[-0.0652878,51.4252609],[-0.0650769,51.4252484],[-0.0650584,51.4252454],[-0.0648766,51.4252217],[-0.0648746,51.4252019],[-0.0648702,51.4251353],[-0.0646627,51.4250789],[-0.0646043,51.4250626],[-0.0645321,51.4250713],[-0.0644292,51.4253276],[-0.0634895,51.4253022],[-0.0634607,51.4253017],[-0.0634624,51.4252631],[-0.0629216,51.4252281],[-0.0628133,51.4252038],[-0.0626189,51.4251736],[-0.0626035,51.4251977],[-0.0623274,51.4251284],[-0.0621661,51.4250646],[-0.0620114,51.4249792],[-0.0616788,51.424844],[-0.0614398,51.4247737],[-0.0615342,51.4246453],[-0.0614655,51.4245596],[-0.0614863,51.4245109],[-0.0614871,51.4244877],[-0.0611102,51.4243537],[-0.0599855,51.4239421],[-0.0598749,51.4239043],[-0.059604,51.4238135],[-0.0592751,51.4236984],[-0.0589269,51.423577],[-0.0584304,51.4234038],[-0.0581939,51.4233149],[-0.0581302,51.4232909],[-0.0580807,51.4232721],[-0.0581219,51.423182],[-0.0581251,51.423173],[-0.0577479,51.4231164],[-0.0570144,51.4230125],[-0.0567887,51.4229719],[-0.0567357,51.422971],[-0.0565805,51.4229666],[-0.0564308,51.4229669],[-0.056415,51.4229666],[-0.0563107,51.4229855],[-0.0558401,51.4229912],[-0.0558308,51.4230073],[-0.0558078,51.4230744],[-0.0557921,51.4230714],[-0.0551547,51.4229385],[-0.0548915,51.4234827],[-0.0547883,51.4237085],[-0.0547804,51.4237273],[-0.0525312,51.4236171],[-0.0518651,51.4235845],[-0.0518091,51.4235817],[-0.0517647,51.4229695],[-0.0517621,51.4226907],[-0.0517738,51.4225173],[-0.0512536,51.4225392],[-0.0507377,51.4225612],[-0.0504877,51.4226227],[-0.050381,51.422665],[-0.0500079,51.4227109],[-0.049769,51.4227456],[-0.0497458,51.4227467],[-0.0493324,51.4227662],[-0.049104,51.4227912],[-0.0487471,51.4228311],[-0.0485537,51.4228459],[-0.0472312,51.4228598],[-0.0472417,51.4228159],[-0.0472419,51.4228114],[-0.046891,51.4228128],[-0.0460154,51.4228009],[-0.046017,51.4227631],[-0.0460187,51.4226229],[-0.0462659,51.4226288],[-0.0462885,51.4223666],[-0.0444296,51.4227528],[-0.0436908,51.422906],[-0.0438255,51.4231556],[-0.0437791,51.4231629],[-0.0435546,51.4231996],[-0.0433194,51.4232838],[-0.0430152,51.4234037],[-0.0429427,51.4233827],[-0.0428717,51.4232251],[-0.0428367,51.4232371],[-0.0416077,51.4236545],[-0.0417125,51.4238289],[-0.0416665,51.4238614],[-0.0413538,51.4240774],[-0.0411925,51.4241817],[-0.0410689,51.4242462],[-0.040711,51.4243067],[-0.0403157,51.4243019],[-0.0399209,51.4242513],[-0.0398105,51.4242422],[-0.0395373,51.4242044],[-0.0389634,51.4240698],[-0.0386173,51.4239894],[-0.0384762,51.4239582],[-0.0383105,51.4241344],[-0.0380855,51.4243843],[-0.0377576,51.4247169],[-0.0374855,51.4249929],[-0.0364972,51.4249943],[-0.0361572,51.4250048],[-0.035874,51.4250028],[-0.0356107,51.4250047],[-0.0348841,51.4250087],[-0.0344931,51.4250704],[-0.0342617,51.4250971],[-0.034227,51.425101],[-0.0342383,51.424773],[-0.034239,51.424755],[-0.0336624,51.4247157],[-0.0335933,51.4247085],[-0.0336046,51.4246561],[-0.0333752,51.4246353],[-0.0332506,51.4246241],[-0.0332411,51.4246465],[-0.0332421,51.4246583],[-0.0332154,51.4246566],[-0.0331599,51.4246853],[-0.0328997,51.4246827],[-0.0328516,51.4246825],[-0.0326817,51.4246876],[-0.0321007,51.4247045],[-0.0318201,51.4247108],[-0.0319426,51.4252731],[-0.0319975,51.4255367],[-0.0310216,51.4256497],[-0.0305997,51.4256957],[-0.0304251,51.4257071],[-0.0302992,51.4256906],[-0.030242,51.4256834],[-0.0301069,51.4256461],[-0.0297933,51.425514],[-0.0296447,51.4254558],[-0.0294697,51.4253799],[-0.0284136,51.4249162],[-0.028345,51.4248869],[-0.0280177,51.4247428],[-0.0279366,51.4247076],[-0.0279119,51.4246975],[-0.0278808,51.4246874],[-0.0278498,51.4246822],[-0.0278198,51.4245683],[-0.0278006,51.4244998],[-0.0278235,51.424492],[-0.0278023,51.424478],[-0.027788,51.424479],[-0.0276889,51.4244247],[-0.0275546,51.4243504],[-0.0273506,51.4242384],[-0.0272541,51.4241859],[-0.0271401,51.4241299],[-0.0269539,51.4240491],[-0.0267738,51.4239674],[-0.026447,51.4238196],[-0.0260153,51.4236249],[-0.0259895,51.4236122],[-0.0257954,51.4237534],[-0.0257941,51.4237442],[-0.0257827,51.4236678],[-0.025765,51.4236679],[-0.025684,51.4236278],[-0.025673,51.4236254],[-0.025651,51.4236045],[-0.0256124,51.4235675],[-0.025546,51.4235038],[-0.0255337,51.4234914],[-0.0255162,51.4234813],[-0.0254994,51.4234707],[-0.0253837,51.4234394],[-0.0252378,51.4234],[-0.0251572,51.4233788],[-0.0250454,51.4233506],[-0.0249571,51.4233285],[-0.0248734,51.4233008],[-0.02475,51.423261],[-0.0245546,51.4231974],[-0.0244674,51.4231652],[-0.0244099,51.4231386],[-0.0243662,51.4231174],[-0.0243347,51.4231],[-0.0242817,51.4230727],[-0.0242285,51.4230398],[-0.0241558,51.4229942],[-0.0240482,51.4229264],[-0.0239644,51.4228713],[-0.0239113,51.4228364],[-0.0238941,51.422825],[-0.0237945,51.4227708],[-0.0237264,51.4227288],[-0.0237085,51.4227151],[-0.0236179,51.4226407],[-0.023542,51.4225777],[-0.0234569,51.4225053],[-0.0233898,51.4224408],[-0.0233044,51.4223588],[-0.0232164,51.4222748],[-0.0231834,51.4222436],[-0.0231274,51.4221813],[-0.0230887,51.4221387],[-0.0230324,51.422049],[-0.022944,51.4219489],[-0.0228627,51.421856],[-0.0227971,51.4217814],[-0.0227067,51.4216783],[-0.0226152,51.4215739],[-0.0226006,51.4215576],[-0.0225712,51.4215756],[-0.022526,51.4215974],[-0.0224332,51.4216429],[-0.0223927,51.4216634],[-0.0223166,51.4217323],[-0.0222686,51.4217763],[-0.022201,51.4217326],[-0.0221172,51.4216792],[-0.022015,51.4216139],[-0.0218424,51.4215029],[-0.0217464,51.42144],[-0.0216423,51.4213721],[-0.0215435,51.4213072],[-0.0214386,51.421237],[-0.0213387,51.421173],[-0.0213086,51.4211531],[-0.0212108,51.4210903],[-0.0211073,51.4210271],[-0.0210241,51.4209764],[-0.0209549,51.4209277],[-0.0210734,51.4208492],[-0.0215317,51.4205429],[-0.0216753,51.4204429],[-0.0216061,51.4203851],[-0.0215029,51.4203324],[-0.0213666,51.420262],[-0.0212201,51.4201834],[-0.0212222,51.4201817],[-0.0211903,51.4201644],[-0.0210312,51.4200792],[-0.02093,51.4200244],[-0.0208551,51.4199839],[-0.0207852,51.4199468],[-0.0208261,51.4199101],[-0.0208751,51.4198657],[-0.0209502,51.4197982],[-0.0209904,51.4197621],[-0.0209971,51.4197533],[-0.021007,51.4197402],[-0.0210311,51.4197089],[-0.0210313,51.4197085],[-0.0210341,51.4197048],[-0.0210395,51.4196968],[-0.0210517,51.4196788],[-0.0210945,51.4196153],[-0.0211337,51.4195536],[-0.0211739,51.4194911],[-0.0211978,51.4194492],[-0.0212058,51.4194362],[-0.0212335,51.419379],[-0.0212396,51.419366],[-0.0212446,51.4192887],[-0.0212477,51.4192354],[-0.0212503,51.419163],[-0.0212534,51.4190798],[-0.0212542,51.4190481],[-0.0212535,51.4189267],[-0.0212522,51.4188733],[-0.0212576,51.418804],[-0.0212611,51.4187734],[-0.0212607,51.418751],[-0.021267,51.4187159],[-0.0212869,51.41865],[-0.0213016,51.4186146],[-0.0213127,51.4185903],[-0.021322,51.4185673],[-0.0213584,51.4184866],[-0.0213955,51.4184052],[-0.0214107,51.41837],[-0.0214225,51.4183429],[-0.0214861,51.4182719],[-0.0215545,51.4181969],[-0.0215808,51.4181674],[-0.0216101,51.4181357],[-0.0216426,51.4181055],[-0.0216827,51.4180763],[-0.02175,51.4180268],[-0.0218389,51.417961],[-0.0219238,51.4178987],[-0.0220058,51.4178524],[-0.0221604,51.4177655],[-0.0223148,51.4176815],[-0.0225845,51.417565],[-0.0221465,51.4174164],[-0.0221368,51.4174135],[-0.0219598,51.417356],[-0.0217949,51.4173025],[-0.0217237,51.4172793],[-0.0219273,51.4170498],[-0.0220425,51.4169189],[-0.0221999,51.4167422],[-0.0220458,51.4166555],[-0.0220253,51.4166402],[-0.022005,51.4166226],[-0.0218403,51.4165218],[-0.0217231,51.4164505],[-0.0215785,51.4163611],[-0.0214934,51.416309],[-0.0214551,51.41634],[-0.0213189,51.4162727],[-0.0210734,51.4161695],[-0.0210546,51.4161556],[-0.0210569,51.4160636],[-0.0210257,51.4160249],[-0.020785,51.4159592],[-0.0207537,51.4159506],[-0.0207163,51.4159463],[-0.0206601,51.4159499],[-0.0206383,51.4159546],[-0.0206038,51.4159736],[-0.0206089,51.4159789],[-0.0205531,51.4160122],[-0.0205338,51.4160236],[-0.0205112,51.4160339],[-0.0204868,51.4160401],[-0.0204674,51.4160382],[-0.0204389,51.4160323],[-0.0204112,51.416024],[-0.0203811,51.4160148],[-0.0203146,51.4159944],[-0.0202611,51.4159782],[-0.0202449,51.4159732],[-0.020245,51.4159751],[-0.0202105,51.4159716],[-0.0201639,51.4159674],[-0.020086,51.41596],[-0.0199519,51.4159475],[-0.0199085,51.4159433],[-0.0198402,51.4159369],[-0.0197737,51.4159307],[-0.0197038,51.4159241],[-0.0196547,51.4159195],[-0.0195363,51.4159085],[-0.0194291,51.4158986],[-0.0192337,51.4158805],[-0.0189888,51.4158579],[-0.0187798,51.415838],[-0.0184438,51.4158053],[-0.0180018,51.4157621],[-0.0178242,51.4157448],[-0.017862,51.4155895],[-0.0179069,51.4154057],[-0.0179929,51.4150568],[-0.0179676,51.4150554],[-0.0178501,51.4150457],[-0.0176839,51.4150328],[-0.0175728,51.4150243],[-0.0174534,51.4150171],[-0.0172737,51.4150048],[-0.0170786,51.4149973],[-0.016981,51.4149937],[-0.0168587,51.4149915],[-0.0168388,51.4149915],[-0.01679,51.4149906],[-0.0166798,51.4149901],[-0.0165488,51.41499],[-0.0164572,51.4149913],[-0.0162505,51.4149954],[-0.0159991,51.4150026],[-0.0158359,51.4150086],[-0.0155983,51.4150185],[-0.0153811,51.4150285],[-0.0152546,51.4150351],[-0.0151009,51.4150436],[-0.0149079,51.4150555],[-0.0146963,51.4150686],[-0.0144881,51.4150813],[-0.0143541,51.4150897],[-0.0143531,51.4150956],[-0.0143408,51.4151608],[-0.0143009,51.4151612],[-0.0141671,51.4150929],[-0.0141691,51.4149384],[-0.0143072,51.4149379],[-0.014308,51.4149343],[-0.0143097,51.4149272],[-0.0143432,51.4147969],[-0.0143899,51.4146142],[-0.0144469,51.4143907],[-0.0144877,51.4142312],[-0.0145447,51.4140076],[-0.0145643,51.4139315],[-0.0145384,51.4139284],[-0.0144785,51.413921],[-0.0144479,51.4139173],[-0.014384,51.4139096],[-0.0143885,51.4138883],[-0.0144005,51.4138302],[-0.0143064,51.4138183],[-0.014266,51.4138132],[-0.0142659,51.4137726],[-0.0142659,51.4137653],[-0.0142659,51.4137443],[-0.0142659,51.4137176],[-0.0142658,51.4136788],[-0.0142659,51.4136502],[-0.014192,51.4136438],[-0.013804,51.4136099],[-0.0134129,51.4135798],[-0.0133874,51.4135788],[-0.0133742,51.4135783],[-0.0132484,51.4135735],[-0.0129368,51.4135619],[-0.012639,51.4135547],[-0.0125327,51.413551],[-0.0124489,51.413548],[-0.0124411,51.4135476],[-0.0123641,51.4135442],[-0.0122878,51.4135408],[-0.0122297,51.4135382],[-0.0122074,51.413538],[-0.0121303,51.4135373],[-0.0120579,51.4135367],[-0.012036,51.4135365],[-0.0119795,51.4135339],[-0.0119642,51.4135332],[-0.0119234,51.4135353],[-0.011905,51.4135355],[-0.0118218,51.4135362],[-0.0117938,51.4135364],[-0.0117407,51.4135368],[-0.0116609,51.4135373],[-0.0115825,51.4135378],[-0.0115073,51.4135383],[-0.0114302,51.4135388],[-0.0113472,51.4135394],[-0.0113459,51.4135448],[-0.0113209,51.4135459],[-0.0111839,51.4135472],[-0.0109065,51.4135521],[-0.0107728,51.4135548],[-0.010562,51.4135582],[-0.0105359,51.4135575],[-0.0103384,51.4135784],[-0.0101956,51.4136173],[-0.0101089,51.4136405],[-0.0101093,51.4136499],[-0.0097792,51.4137464],[-0.0096857,51.4137723],[-0.0094529,51.4138153],[-0.0094156,51.4138257],[-0.0093053,51.4138585],[-0.009298,51.4138609],[-0.0092497,51.4138769],[-0.00921,51.4139345],[-0.0091834,51.4139733],[-0.0091646,51.4139973],[-0.0091543,51.4140081],[-0.0091233,51.4140376],[-0.0091015,51.4140586],[-0.0090569,51.4140847],[-0.008979,51.4141272],[-0.0089097,51.4141647],[-0.008863,51.4141876],[-0.0087445,51.4142452],[-0.0086867,51.414273],[-0.008629,51.4142983],[-0.0086275,51.4142989],[-0.0085961,51.4143093],[-0.0085551,51.4143228],[-0.0085048,51.4143394],[-0.0084602,51.4143541],[-0.0084301,51.414364],[-0.008418,51.4143669],[-0.0084031,51.4143674],[-0.0083572,51.4143737],[-0.0083017,51.4143812],[-0.0082369,51.41439],[-0.0081595,51.4144005],[-0.00815,51.4144018],[-0.0080727,51.4144147],[-0.0079906,51.4144286],[-0.007876,51.4144478],[-0.0077996,51.4144606],[-0.0077974,51.4144588],[-0.0076917,51.414477],[-0.0076901,51.4144774],[-0.0076432,51.4144855],[-0.0076039,51.4144923],[-0.0076053,51.4144946],[-0.0075644,51.4145021],[-0.0075291,51.4145086],[-0.007502,51.4145135],[-0.0074652,51.4145203],[-0.0074254,51.414527],[-0.007389,51.4145332],[-0.00735,51.4145398],[-0.0073098,51.4145466],[-0.0072676,51.4145538],[-0.0072349,51.4145593],[-0.0071953,51.414566],[-0.0071184,51.4145791],[-0.007065,51.4145881],[-0.0070041,51.4145985],[-0.0069227,51.4146123],[-0.0068338,51.4146273],[-0.00673,51.4146449],[-0.0066392,51.4146604],[-0.0066178,51.414664],[-0.0066261,51.4147085],[-0.0066409,51.4147883],[-0.0066539,51.4148727],[-0.0066656,51.4149491],[-0.0066712,51.414985],[-0.0066738,51.4150515],[-0.0066781,51.4151424],[-0.0066808,51.4152102],[-0.0066843,51.4152784],[-0.0066809,51.4153184],[-0.0066703,51.4154022],[-0.0066587,51.4154941],[-0.006639,51.4156138],[-0.0066275,51.4156888],[-0.0065969,51.4158756],[-0.0065796,51.4159791],[-0.0064571,51.4159795],[-0.006135,51.4159794],[-0.0060999,51.4159849],[-0.006068,51.4159917],[-0.0060613,51.4159936],[-0.0060536,51.4159975],[-0.0060514,51.4159965],[-0.0060026,51.4160273],[-0.0059915,51.4160342],[-0.0059662,51.4160126],[-0.0059273,51.4159918],[-0.0058591,51.415955],[-0.0057917,51.4159187],[-0.0056793,51.4158579],[-0.00563,51.415835],[-0.0056096,51.4158206],[-0.0055888,51.4158017],[-0.0055648,51.4157762],[-0.0055552,51.4157585],[-0.0055508,51.415748],[-0.0055469,51.415712],[-0.005539,51.415645],[-0.0055204,51.4155119],[-0.0055193,51.4155034],[-0.0055125,51.4154799],[-0.0054995,51.4154533],[-0.0054807,51.4154139],[-0.0054617,51.4153748],[-0.0054406,51.4153309],[-0.005414,51.4152759],[-0.0053957,51.4152381],[-0.0053758,51.415197],[-0.0053652,51.4151756],[-0.005345,51.4151385],[-0.0053311,51.415113],[-0.0053298,51.4151107],[-0.0053112,51.4150866],[-0.0052827,51.4150497],[-0.0052406,51.4149947],[-0.0052126,51.4149583],[-0.0051802,51.4149167],[-0.0051752,51.4149103],[-0.0051634,51.4148835],[-0.0051615,51.4148701],[-0.0051507,51.4148028],[-0.0051286,51.4147618],[-0.005115,51.414748],[-0.0050816,51.4147285],[-0.0050696,51.4147214],[-0.0050441,51.414702],[-0.0050437,51.4147018],[-0.0050416,51.4147001],[-0.0050364,51.4146947],[-0.0050257,51.4146837],[-0.0050201,51.4146693],[-0.0050164,51.41466],[-0.0050114,51.4146466],[-0.0049932,51.4146003],[-0.0049333,51.414616],[-0.0048351,51.4146414],[-0.004724,51.4146704],[-0.004608,51.4147004],[-0.004461,51.4147386],[-0.0043456,51.4147686],[-0.0042946,51.4147817],[-0.0042889,51.4147769],[-0.0042154,51.4147961],[-0.0041258,51.4148199],[-0.0039574,51.4148644],[-0.0037583,51.414917],[-0.0035728,51.4149659],[-0.0033602,51.415022],[-0.0033067,51.4150362],[-0.0033346,51.4150948],[-0.0033399,51.4151044],[-0.0033593,51.4151333],[-0.0033988,51.4151868],[-0.0034279,51.4152267],[-0.0034702,51.4152848],[-0.0034898,51.4153116],[-0.0034953,51.4153193],[-0.0035136,51.4153504],[-0.0035236,51.4153676],[-0.0035375,51.4154031],[-0.0035514,51.4154387],[-0.0035579,51.4154554],[-0.0035701,51.4154966],[-0.0035739,51.415509],[-0.0035782,51.4155579],[-0.0035005,51.4155877],[-0.0034064,51.4156237],[-0.0034176,51.4156513],[-0.0033787,51.4156602],[-0.0033209,51.4156658],[-0.0031946,51.4156781],[-0.0030878,51.4156885],[-0.0029663,51.4157004],[-0.0028021,51.4157164],[-0.0026395,51.4157321],[-0.0023322,51.4157624],[-0.0022705,51.4157683],[-0.0020769,51.4157874],[-0.0019231,51.4158025],[-0.0017669,51.4158179],[-0.0017175,51.4158227],[-0.0016917,51.4158244],[-0.0016449,51.4158275],[-0.0016388,51.4158281],[-0.0015676,51.4158327],[-0.001544,51.4158343],[-0.0014523,51.4158429],[-0.0013309,51.4158539],[-0.0012222,51.4158643],[-0.0010506,51.4158804],[-0.0008735,51.4158968],[-0.0007552,51.4159076],[-0.0007774,51.4159434],[-0.0008092,51.415996],[-0.000833,51.416033],[-0.0008623,51.4160734],[-0.0008769,51.4160921],[-0.0007792,51.4161381],[-0.0006335,51.4162062],[-0.0005312,51.4162538],[-0.000492,51.4162722],[-0.0004233,51.4163066],[-0.0003981,51.4163221],[-0.0003723,51.4163407],[-0.0003484,51.4163621],[-0.0003303,51.4163844],[-0.0003163,51.416407],[-0.0003056,51.4164332],[-0.0003018,51.4164508],[-0.0002997,51.4164831],[-0.0002964,51.4165745],[-0.000293,51.4166845],[-0.0003082,51.4167494],[-0.0003154,51.4168099],[-0.0003179,51.4168544],[-0.0003177,51.41689],[-0.0003106,51.4169513],[-0.0003023,51.4170169],[-0.000291,51.4171199],[-0.0002751,51.4172252],[-0.0002493,51.4173424],[-0.0002242,51.4174251],[-0.0002168,51.4174454],[-0.0002152,51.417451],[-0.0002119,51.4174626],[-0.000207,51.4174742],[-0.0002007,51.4174867],[-0.0001992,51.4174894],[-0.0001735,51.4175347],[-0.0001452,51.4175757],[-0.0001113,51.4176121],[-0.0000693,51.4176467],[-0.0000024,51.4176899],[0.0000772,51.417737],[0.0001277,51.4177629],[0.0001649,51.4177804],[0.0001926,51.4177922],[0.0002531,51.4178148],[0.000317,51.4178359],[0.0004357,51.4178806],[0.0005065,51.4179052],[0.0005655,51.4179233],[0.0006051,51.4179341],[0.0005237,51.4179959],[0.0005743,51.4180184],[0.0005867,51.4180237],[0.0006511,51.4180567],[0.0006887,51.4180753],[0.0007362,51.4180989],[0.0007795,51.4181202],[0.0007989,51.4181299],[0.0008347,51.4181484],[0.000858,51.4181596],[0.0008959,51.4181783],[0.0009318,51.4181964],[0.0010321,51.4182471],[0.0011234,51.4182927],[0.0012745,51.4183677],[0.0013898,51.4184252],[0.0015194,51.4184908],[0.0015863,51.4185259],[0.0017168,51.4185862],[0.0018663,51.4184801],[0.0021311,51.4182941],[0.0022991,51.4181736],[0.0024817,51.4180557],[0.0027136,51.4179109],[0.0030777,51.4176845],[0.0035074,51.4174278],[0.0037045,51.4175242],[0.0040162,51.4176804],[0.0044655,51.417906],[0.0046786,51.4180114],[0.0050316,51.4182017],[0.0054416,51.4184191],[0.0056448,51.4185267],[0.0055716,51.4185856],[0.005462,51.4186651],[0.0054279,51.4187582],[0.005401,51.4188342],[0.0053746,51.4189106],[0.0053593,51.4189458],[0.0053318,51.4190192],[0.0053717,51.4190434],[0.0053744,51.4190448],[0.005432,51.4190746],[0.0054718,51.4190963],[0.0055196,51.419123],[0.005532,51.4191298],[0.0054639,51.4191749],[0.0052763,51.4192992],[0.00519,51.4193562],[0.0053148,51.4194634],[0.0053743,51.4195102],[0.0054106,51.4195404],[0.0054462,51.4195674],[0.0054719,51.419588],[0.0054637,51.4195939],[0.005476,51.4196039],[0.0055071,51.4196293],[0.0055233,51.4196429],[0.0055402,51.4196569],[0.0055437,51.4196594],[0.0055588,51.4196669],[0.0055975,51.4197019],[0.0056199,51.4197245],[0.005631,51.4197355],[0.0056669,51.4197727],[0.0057077,51.4198154],[0.005762,51.4198896],[0.005818,51.4199893],[0.0058625,51.420072],[0.0059141,51.4201702],[0.0059642,51.4202584],[0.0059901,51.4203264],[0.0059909,51.4203936],[0.0059918,51.4204617],[0.00599,51.4205059],[0.0060407,51.4206191],[0.0060714,51.4206907],[0.0061146,51.4207648],[0.0062226,51.4209368],[0.0062825,51.4210308],[0.0063648,51.4210158],[0.0065081,51.4209861],[0.0067025,51.4209452],[0.0067833,51.4210897],[0.0067995,51.4211204],[0.0068344,51.4211148],[0.0068831,51.4212073],[0.0067402,51.4212347],[0.006816,51.4213754],[0.006776,51.421384],[0.006837,51.4215037],[0.0070426,51.4214639],[0.0072957,51.421415],[0.0073624,51.4214028],[0.0075474,51.4218253],[0.0077035,51.4221921],[0.0077093,51.4222042],[0.0078181,51.4224525],[0.007903,51.4226439],[0.0080796,51.4230398],[0.0084401,51.4229743],[0.0085534,51.4229515],[0.0087175,51.4229132],[0.0088755,51.4228701],[0.0089513,51.4228454],[0.00906,51.4228093],[0.0091341,51.4227842],[0.0092298,51.4227478],[0.0094318,51.4226737],[0.0096979,51.4225769],[0.0097475,51.4225597],[0.0099322,51.4224923],[0.0099559,51.4224821],[0.0100682,51.4226019],[0.0102575,51.4228033],[0.0104749,51.423035],[0.010483,51.4230439],[0.0106232,51.4231916],[0.0106842,51.4232571],[0.0107201,51.4232992],[0.0107562,51.423338],[0.010789,51.423371],[0.0108503,51.4234254],[0.0108875,51.4234534],[0.0108961,51.4234592],[0.0109782,51.4235092],[0.0110185,51.4235303],[0.0110732,51.4235571],[0.0111717,51.4235963],[0.0112206,51.4236138],[0.0113078,51.4236389],[0.0115876,51.4237168],[0.011722,51.4237558],[0.0117887,51.4239165],[0.0118411,51.4240466],[0.0118356,51.4240527],[0.011864,51.4240637],[0.0118566,51.424086],[0.0119539,51.4241161],[0.012117,51.4241659],[0.0121577,51.4241772],[0.0121813,51.4241854],[0.0122102,51.4241942],[0.0122542,51.4242113],[0.0122913,51.4242257],[0.0123192,51.424236],[0.012352,51.4242483],[0.0124148,51.4242732],[0.0124307,51.4242782],[0.0125083,51.4243119],[0.0125483,51.4243282],[0.012601,51.4243529],[0.0126049,51.4243551],[0.0126157,51.4243616],[0.0126252,51.4243665],[0.0126258,51.4243667],[0.0126367,51.4243725],[0.0126557,51.4243824],[0.0126645,51.4243869],[0.0126762,51.4243927],[0.0126939,51.4244014],[0.0127119,51.4244102],[0.0127173,51.4244132],[0.0127257,51.424418],[0.0127315,51.4244214],[0.0127415,51.4244263],[0.0127563,51.4244337],[0.0127678,51.4244393],[0.0127886,51.4244485],[0.0127995,51.4244527],[0.0128305,51.4244651],[0.0128559,51.4244767],[0.0128665,51.4244816],[0.0128941,51.4244933],[0.0129224,51.4245054],[0.0129456,51.4245152],[0.0129693,51.4245251],[0.0129919,51.4245356],[0.013018,51.4245477],[0.0130403,51.4245581],[0.0130621,51.4245668],[0.0130829,51.424575],[0.0131119,51.4245889],[0.0131224,51.4245941],[0.0131299,51.4245973],[0.0131546,51.4246077],[0.0131892,51.4246224],[0.0132188,51.4246344],[0.0132482,51.4246464],[0.0132603,51.4246515],[0.0132921,51.4246633],[0.0133197,51.4246735],[0.0133253,51.4246756],[0.0133392,51.4246821],[0.0133393,51.4246848],[0.013342,51.4246975],[0.0133452,51.4247032],[0.0133481,51.4247101],[0.0133529,51.4247235],[0.0133567,51.4247357],[0.0133622,51.4247471],[0.0133646,51.4247523],[0.0133678,51.4247599],[0.0133694,51.424762],[0.0133702,51.4247644],[0.0133715,51.4247677],[0.0133734,51.4247727],[0.0133764,51.4247801],[0.0133801,51.424789],[0.0133842,51.4247989],[0.0133866,51.4248043],[0.0133894,51.4248102],[0.0133903,51.4248125],[0.0133947,51.4248213],[0.0133967,51.4248252],[0.0133983,51.4248289],[0.0134006,51.4248345],[0.0134044,51.4248429],[0.0134074,51.4248489],[0.0134113,51.4248567],[0.013417,51.4248679],[0.0134219,51.4248776],[0.0134242,51.4248811],[0.0134289,51.4248897],[0.0134346,51.4249003],[0.0134415,51.4249136],[0.0134462,51.4249226],[0.0134469,51.424924],[0.0134493,51.4249284],[0.0134529,51.4249364],[0.0134572,51.424946],[0.0134617,51.4249557],[0.0134653,51.4249633],[0.0134707,51.4249722],[0.0134738,51.4249792],[0.0134747,51.4249816],[0.0134777,51.4249877],[0.0134794,51.4249908],[0.013483,51.4250009],[0.0134864,51.4250101],[0.0134939,51.4250274],[0.0134986,51.4250467],[0.0135035,51.4250664],[0.0135123,51.4251017],[0.0135635,51.4251053],[0.0136128,51.4251085],[0.0136782,51.425113],[0.0137287,51.4251165],[0.0137727,51.4251228],[0.0138416,51.4251328],[0.0139451,51.4251479],[0.0140143,51.4251578],[0.0141035,51.4251721],[0.0141768,51.4251839],[0.014285,51.4252007],[0.0143155,51.4252054],[0.014392,51.4252156],[0.0143811,51.4252497],[0.0143678,51.425291],[0.0143536,51.4253299],[0.01434,51.4253687],[0.0143351,51.4253826],[0.0143266,51.4254075],[0.0143148,51.4254409],[0.0142594,51.4256002],[0.0142371,51.4256622],[0.0142486,51.4256647],[0.014222,51.4257517],[0.014189,51.4258587],[0.0141618,51.4259478],[0.0141376,51.4260264],[0.0141205,51.4260825],[0.0141025,51.4261409],[0.0140937,51.4261749],[0.0141493,51.4261766],[0.0141609,51.4261771],[0.0142325,51.4261792],[0.0143007,51.4261813],[0.0143562,51.426183],[0.0144029,51.4261844],[0.0144757,51.4261867],[0.0145442,51.4261891],[0.0146125,51.426192],[0.0146146,51.4261921],[0.0146703,51.4261864],[0.0146824,51.4261852],[0.0147983,51.4261754],[0.0148507,51.4261699],[0.014908,51.4261647],[0.0149378,51.4261622],[0.0149512,51.4261615],[0.0149971,51.4261607],[0.0150104,51.426161],[0.0150956,51.4261618],[0.015226,51.426164],[0.0153267,51.4261658],[0.0154749,51.4261684],[0.0156275,51.4261698],[0.0156758,51.4261708],[0.0157407,51.4261748],[0.0158255,51.4261811],[0.0158783,51.4261852],[0.0158942,51.4261858],[0.0159548,51.4261897],[0.0160429,51.4262096],[0.0160541,51.4262121],[0.0160607,51.4262138],[0.0160646,51.4262149],[0.0160687,51.4262156],[0.0160728,51.4262171],[0.0160756,51.4262184],[0.0160774,51.4262195],[0.0160789,51.4262199],[0.0160804,51.4262208],[0.0160947,51.4262284],[0.0161275,51.4262457],[0.0161512,51.4262582],[0.0161822,51.4262744],[0.0161856,51.4262761],[0.0162342,51.4263011],[0.0162422,51.4263052],[0.01625,51.426298],[0.0162944,51.4263212],[0.0163532,51.4263519],[0.0164094,51.4263814],[0.016485,51.4264216],[0.0165677,51.4264655],[0.0166521,51.4265101],[0.0167433,51.4265581],[0.0168374,51.4266067],[0.0168966,51.4266285],[0.0169046,51.4266313],[0.0169463,51.4266511],[0.0169686,51.426662],[0.0169918,51.4266728],[0.0170281,51.4266896],[0.0170656,51.4267072],[0.0170953,51.4267202],[0.0171159,51.4267294],[0.017173,51.4267544],[0.0171756,51.4267555],[0.0171873,51.426762],[0.0171952,51.4267657],[0.0172115,51.4267733],[0.0172234,51.4267776],[0.0172335,51.4267806],[0.0172424,51.4267841],[0.0172532,51.4267872],[0.0172672,51.4267918],[0.0172864,51.4267982],[0.0173113,51.4268065],[0.0173357,51.4268147],[0.0173565,51.4268216],[0.0174394,51.4268471],[0.017485,51.4268604],[0.0174921,51.4268621],[0.0174974,51.4268645],[0.0175011,51.4268649],[0.0175042,51.4268659],[0.0175066,51.4268663],[0.0175119,51.4268672],[0.0175522,51.4268749],[0.0175866,51.4268814],[0.0175936,51.426879],[0.0176489,51.4268891],[0.0177509,51.426908],[0.0178212,51.4269211],[0.0178355,51.4269239],[0.0178593,51.4269271],[0.0178958,51.4269292],[0.0179698,51.4269337],[0.0180374,51.4269382],[0.0180419,51.4269384],[0.0181313,51.4269446],[0.0181585,51.4269454],[0.018215,51.4269435],[0.0182816,51.426948],[0.0183241,51.4269506],[0.0183719,51.4269666],[0.0184237,51.426979],[0.0185009,51.4269977],[0.0185772,51.4270146],[0.0186057,51.4270209],[0.0186164,51.427026],[0.0186318,51.4270286],[0.0186479,51.4270321],[0.0186665,51.427036],[0.0186719,51.4270373],[0.0186805,51.4270399],[0.0186881,51.4270428],[0.0186936,51.427045],[0.0187004,51.4270485],[0.0187082,51.4270521],[0.0187095,51.4270523],[0.0187164,51.4270555],[0.0187216,51.427058],[0.0187565,51.4270567],[0.0188339,51.4270526],[0.0190867,51.4270426],[0.0191095,51.4270416],[0.0191161,51.4270413],[0.0191276,51.4270408],[0.0191437,51.4270401],[0.0191581,51.4270395],[0.0191773,51.4270387],[0.0191889,51.4270382],[0.0192294,51.4270365],[0.0192664,51.4270349],[0.0193133,51.4270329],[0.0193392,51.4270318],[0.0193465,51.4270315],[0.0193589,51.4270313],[0.0193663,51.4270312],[0.0193818,51.4270313],[0.0194083,51.4270315],[0.0194318,51.4270318],[0.0194511,51.4270317],[0.0195049,51.4270314],[0.019559,51.4270312],[0.0196385,51.4270313],[0.019665,51.4270311],[0.0196696,51.4270389],[0.0197826,51.4270095],[0.0199591,51.4269629],[0.0201882,51.4269024],[0.0203785,51.426875],[0.0205505,51.4268545],[0.0208037,51.4268237],[0.0208024,51.4268155],[0.0209005,51.4268195],[0.0209056,51.4268196],[0.020908,51.4268197],[0.0209121,51.4268198],[0.0209199,51.4268201],[0.0209365,51.4268208],[0.0209522,51.4268213],[0.0209648,51.4268218],[0.0209858,51.4268226],[0.0210115,51.4268235],[0.0210251,51.426824],[0.0210384,51.4268242],[0.0210571,51.4268244],[0.0210689,51.4268245],[0.0210721,51.4268245],[0.0210764,51.4268245],[0.0210791,51.426824],[0.0210819,51.4268239],[0.0210892,51.4268247],[0.0210929,51.4268261],[0.0211015,51.4268287],[0.0211123,51.4268325],[0.0211381,51.426842],[0.0211608,51.4268514],[0.021178,51.4268576],[0.0211923,51.4268627],[0.0212138,51.4268717],[0.0212325,51.4268797],[0.0212542,51.4268894],[0.021278,51.4269007],[0.0213057,51.4269139],[0.0213863,51.4269553],[0.0214619,51.4270098],[0.0215297,51.4270383],[0.0215779,51.4270933],[0.0216762,51.4271704],[0.0217135,51.4272011],[0.0217672,51.4272299],[0.0218509,51.4272741],[0.0219078,51.4273039],[0.0219435,51.427323],[0.0219656,51.4273349],[0.0219728,51.4273398],[0.0219899,51.4273449],[0.02202,51.4273556],[0.0220345,51.4273608],[0.0220514,51.4273655],[0.0220699,51.4273726],[0.0221066,51.4273896],[0.0221453,51.4274095],[0.0221869,51.4274341],[0.0222279,51.4274565],[0.0222772,51.4274818],[0.0223304,51.4275055],[0.0223578,51.4275178],[0.0224966,51.427585],[0.022521,51.4275966],[0.022619,51.4276349],[0.0227302,51.4276792],[0.0227853,51.4277014],[0.0229365,51.4277625],[0.0229615,51.4277727],[0.0230533,51.4278084],[0.0230868,51.4278219],[0.0230944,51.4278262],[0.0230991,51.4278287],[0.0231037,51.4278314],[0.023105,51.4278323],[0.0231052,51.4278324],[0.0231081,51.4278344],[0.0231115,51.4278362],[0.0231147,51.4278379],[0.0231182,51.4278405],[0.0231207,51.4278423],[0.0231229,51.4278437],[0.0231234,51.427844],[0.0231266,51.427846],[0.0231278,51.4278468],[0.0231307,51.4278486],[0.023134,51.4278506],[0.0231394,51.4278534],[0.0231473,51.4278573],[0.0231487,51.427858],[0.023152,51.42786],[0.0231556,51.4278622],[0.023161,51.4278655],[0.0231657,51.4278684],[0.0231801,51.4278773],[0.0232256,51.4279053],[0.0233017,51.427952],[0.0233005,51.4279619],[0.0233001,51.4279646],[0.0233089,51.4279719],[0.0233113,51.4279739],[0.0233168,51.4279709],[0.0233316,51.4279815],[0.0233469,51.4279924],[0.0233838,51.4280187],[0.0234268,51.4280495],[0.0234216,51.4280526],[0.0234414,51.428058],[0.0234622,51.4280635],[0.0234816,51.4280815],[0.023486,51.4280865],[0.0234922,51.4280923],[0.0234991,51.4280972],[0.0235048,51.428102],[0.0235159,51.4281089],[0.0235191,51.4281113],[0.0235345,51.4281208],[0.0235541,51.4281319],[0.0235769,51.4281448],[0.0235926,51.4281537],[0.0236121,51.4281646],[0.0236482,51.4281848],[0.0236873,51.4282065],[0.0237047,51.4282162],[0.0237165,51.4282403],[0.023722,51.4282519],[0.0237496,51.4282622],[0.0238123,51.4282859],[0.0238713,51.4283082],[0.0239118,51.428324],[0.0239377,51.4283337],[0.0239464,51.4283368],[0.0239505,51.4283386],[0.0239672,51.4283452],[0.0239899,51.4283518],[0.0240131,51.4283586],[0.0240358,51.4283648],[0.0240576,51.4283698],[0.0240725,51.4283742],[0.0241134,51.4283861],[0.0241549,51.4283983],[0.0241939,51.4284097],[0.0242157,51.4284196],[0.0242588,51.4284392],[0.0243111,51.428463],[0.0243569,51.4284838],[0.0244628,51.4285321],[0.0245133,51.428555],[0.0245331,51.428564],[0.024556,51.4285744],[0.0245749,51.4285831],[0.0245947,51.428592],[0.0246133,51.4286005],[0.0246341,51.42861],[0.0246546,51.4286193],[0.0246743,51.4286282],[0.0246952,51.4286378],[0.0247168,51.4286476],[0.0247696,51.4286716],[0.0248202,51.4286946],[0.0248682,51.4287164],[0.0249067,51.4287339],[0.0249534,51.4287552],[0.0250748,51.4288104],[0.0251834,51.4288597],[0.0253781,51.4289482],[0.0254326,51.4289733],[0.0254406,51.4289684],[0.0254572,51.4289604],[0.0254771,51.4289527],[0.0254971,51.4289466],[0.0255282,51.4289362],[0.0255663,51.4289233],[0.0256237,51.4289039],[0.0256409,51.4288981],[0.0256514,51.4288949],[0.0256557,51.4288932],[0.0256972,51.4288802],[0.025733,51.4288686],[0.0257594,51.4288598],[0.0258058,51.4288438],[0.025834,51.4288339],[0.0258723,51.4288182],[0.0259144,51.4288013],[0.0259365,51.4287931],[0.0259622,51.4287824],[0.0259938,51.4287679],[0.0260168,51.4287559],[0.0260531,51.4287369],[0.0260625,51.428732],[0.026072,51.4287266],[0.0261097,51.4287051],[0.0261485,51.4286833],[0.0261973,51.4286555],[0.0262815,51.4286078],[0.0264313,51.4285229],[0.0265204,51.4284724],[0.0266181,51.4284168],[0.0267256,51.4283561],[0.0267919,51.4283186],[0.0267969,51.4283173],[0.0268267,51.4282993],[0.0268321,51.4282965],[0.0268467,51.4282872],[0.0268604,51.4282785],[0.0268783,51.428268],[0.0269127,51.4282465],[0.0269507,51.4282228],[0.0269819,51.4282033],[0.0269991,51.4281923],[0.0270322,51.4281705],[0.0270445,51.4281619],[0.0270847,51.4281335],[0.0270884,51.4281254],[0.0270899,51.4281239],[0.0270899,51.4281296],[0.0270908,51.4281307],[0.0270911,51.428132],[0.0270921,51.4281345],[0.0270922,51.4281357],[0.0271043,51.4281271],[0.0271283,51.4281088],[0.0271565,51.4280882],[0.0271519,51.4280819],[0.0272049,51.4280433],[0.0272766,51.4279906],[0.0273333,51.4279491],[0.0273996,51.4279005],[0.0274753,51.427845],[0.0275515,51.4277892],[0.027636,51.4277271],[0.0278209,51.4275913],[0.0280916,51.4273905],[0.0282062,51.4273228],[0.0283228,51.4272555],[0.0284504,51.4271747],[0.0287426,51.4269842],[0.0287443,51.4269832],[0.028895,51.4268836],[0.029136,51.4267243],[0.0292764,51.4266319],[0.0294523,51.426517],[0.029512,51.4264779],[0.0295739,51.4264317],[0.0296151,51.4263955],[0.029629,51.4263823],[0.0296715,51.4263294],[0.0296996,51.4262989],[0.0297302,51.4262687],[0.0297494,51.4262471],[0.0298419,51.4261594],[0.0299795,51.4260154],[0.0300281,51.4259828],[0.0300347,51.4259767],[0.0300646,51.4259582],[0.0300772,51.425952],[0.03015,51.425912],[0.0302935,51.4258571],[0.0304728,51.42579],[0.030702,51.4257035],[0.0309125,51.4256245],[0.0310673,51.4255641],[0.0311015,51.4255501],[0.0311414,51.4255332],[0.0311833,51.4255164],[0.031196,51.4255115],[0.0312343,51.425495],[0.0312473,51.4254894],[0.0312893,51.4254691],[0.0313293,51.4254476],[0.0313653,51.4254285],[0.0314144,51.4254014],[0.0314423,51.4253853],[0.03147,51.425369],[0.031496,51.4253531],[0.0315262,51.4253352],[0.0315794,51.4253027],[0.0316165,51.4252802],[0.0316747,51.4252447],[0.0317678,51.4251873],[0.0318505,51.425136],[0.0319335,51.4250847],[0.0319638,51.4250664],[0.031987,51.4250512],[0.0320588,51.4249986],[0.0321143,51.4249585],[0.0321863,51.4249203],[0.0323101,51.4248538],[0.0323631,51.4248374],[0.0324331,51.4248165],[0.0325588,51.42475],[0.0326173,51.4247194],[0.0326621,51.4246781],[0.0327054,51.4246379],[0.0327367,51.4246215],[0.0327815,51.4245932],[0.0328587,51.4245612],[0.0329364,51.4245273],[0.0329791,51.4245083],[0.0330795,51.424461],[0.0331699,51.4244186],[0.0332401,51.4243855],[0.0333319,51.424336],[0.0334439,51.4242753],[0.0335175,51.424235],[0.0335612,51.4242103],[0.0336328,51.4241621],[0.0336757,51.4241342],[0.0337485,51.4240827],[0.0337977,51.4240447],[0.0338195,51.4240273],[0.033855,51.4240015],[0.0338914,51.4239755],[0.0339172,51.4239579],[0.0339246,51.4239512],[0.0339267,51.4239484],[0.0339303,51.423946],[0.0339364,51.42394],[0.033954,51.4239228],[0.0339937,51.4238848],[0.0340412,51.4238398],[0.0340937,51.4237898],[0.0341566,51.4237302],[0.0342037,51.4236869],[0.0342554,51.4236401],[0.0343118,51.4235912],[0.0343364,51.42357],[0.0343418,51.4235664],[0.0343837,51.4235381],[0.0344576,51.423488],[0.0345158,51.4234471],[0.0345535,51.4234223],[0.0345682,51.4234126],[0.0345782,51.4234048],[0.0346133,51.4233781],[0.0346486,51.4233513],[0.0346591,51.423343],[0.0346686,51.4233403],[0.0346972,51.4233187],[0.0347564,51.4232769],[0.0348472,51.4232145],[0.0349349,51.4231527],[0.0350486,51.4230744],[0.0351456,51.423006],[0.035226,51.4229491],[0.0353099,51.4228896],[0.0353183,51.4228846],[0.0353292,51.4228754],[0.0353576,51.4228574],[0.0354159,51.4228197],[0.0354602,51.422791],[0.0354726,51.4227831],[0.0355205,51.4227552],[0.0355999,51.422709],[0.0357682,51.4226133],[0.0359806,51.4224994],[0.0361034,51.4224369],[0.0361647,51.4224074],[0.0362048,51.4223887],[0.0362498,51.4224186],[0.0363228,51.4224867],[0.0363983,51.4225594],[0.0365145,51.4226711],[0.036521,51.4226771],[0.0366085,51.4227617],[0.0367203,51.4228693],[0.0368315,51.4229752],[0.0370052,51.4231369],[0.0372405,51.4233539],[0.0374815,51.4235705],[0.0378069,51.4238658],[0.038152,51.424179],[0.0384572,51.4244547],[0.0385653,51.4245532],[0.0386218,51.4246051],[0.0386348,51.424617],[0.03865,51.4246278],[0.038684,51.4246416],[0.0387128,51.4246527],[0.0387376,51.4246621],[0.0387417,51.4246678],[0.0388585,51.424676],[0.0389738,51.4246841],[0.0390287,51.424688],[0.0390293,51.4246881],[0.0390287,51.4246908],[0.0390287,51.4246909],[0.0390279,51.4246946],[0.0390196,51.4247316],[0.0390148,51.4247616],[0.03902,51.4247796],[0.0390231,51.4248322],[0.0390277,51.4249122],[0.0390358,51.4250133],[0.039036,51.4250218],[0.0390396,51.4250661],[0.0390416,51.4251206],[0.0390411,51.4251344],[0.0390404,51.4251451],[0.0390389,51.4251533],[0.0390375,51.425161],[0.0390335,51.4251846],[0.0390348,51.4252679],[0.0390348,51.4253769],[0.0390356,51.4254034],[0.0390318,51.4254615],[0.0390268,51.4255019],[0.0390223,51.4255274],[0.039012,51.4255729],[0.0390001,51.4256396],[0.0389673,51.4258277],[0.0389484,51.4259414],[0.0389268,51.4260763],[0.0388339,51.4260741],[0.0388277,51.4261605],[0.0388096,51.4261673],[0.0387964,51.4263014],[0.0387746,51.4264405],[0.0387538,51.4265122],[0.0386202,51.4265045],[0.038564,51.4267058],[0.0385405,51.4267817],[0.038512,51.4268945],[0.0384712,51.4270305],[0.0384413,51.4271415],[0.0384283,51.4271908],[0.0384416,51.42726],[0.0384516,51.4273097],[0.0384516,51.427404],[0.0384473,51.4275186],[0.0384478,51.4275841],[0.0383438,51.4275831],[0.0380302,51.4275838],[0.0378682,51.4275844],[0.0378295,51.4277496],[0.0378182,51.4278008],[0.0378905,51.4278243],[0.0379342,51.4278391],[0.0379848,51.4278582],[0.0381548,51.4279308],[0.0383216,51.4280009],[0.0383228,51.4280514],[0.0383262,51.4281196],[0.0383253,51.428131],[0.0383258,51.428142],[0.0383322,51.4281745],[0.0383339,51.4281976],[0.0383339,51.4282116],[0.0383357,51.4282416],[0.0383384,51.4282812],[0.0383351,51.4283505],[0.0383288,51.4284684],[0.0383151,51.4286377],[0.0383161,51.4286507],[0.0383151,51.4286652],[0.0383138,51.428671],[0.0383071,51.4286819],[0.0382969,51.428723],[0.0382911,51.4287354],[0.0382854,51.428753],[0.038283,51.42876],[0.0382802,51.4287655],[0.0382749,51.4287776],[0.0382761,51.4287965],[0.0382759,51.4287996],[0.0382772,51.4288123],[0.0382786,51.4288431],[0.0382752,51.42888],[0.038277,51.4289403],[0.0382796,51.4289973],[0.0382809,51.429012],[0.038264,51.4290598],[0.038242,51.4291213],[0.0382221,51.4291742],[0.0382022,51.4292252],[0.0381819,51.4292725],[0.0381767,51.4292815],[0.0381582,51.429329],[0.0381448,51.4293628],[0.0381415,51.4293861],[0.0381308,51.4294202],[0.0381201,51.4294537],[0.0381175,51.4294704],[0.038116,51.4294785],[0.0381605,51.4294801],[0.0381526,51.4294988],[0.0381427,51.4295307],[0.0381416,51.429534],[0.0381292,51.429576],[0.038111,51.4296356],[0.0381001,51.4296733],[0.0380934,51.4296974],[0.0380715,51.4297734],[0.0380371,51.4298857],[0.0380219,51.4299319],[0.038002,51.4299977],[0.0379862,51.4300439],[0.0379638,51.4301018],[0.0379222,51.4302047],[0.0378802,51.4303048],[0.0378547,51.4303678],[0.0378482,51.4303825],[0.0378458,51.430389],[0.03784,51.4304094],[0.0378233,51.4304735],[0.037814,51.4305139],[0.0378003,51.4305701],[0.03778,51.4306503],[0.0377473,51.4307783],[0.0377205,51.4308729],[0.0377131,51.4308828],[0.0377028,51.4309385],[0.0376948,51.4309787],[0.0376709,51.4310394],[0.0376387,51.4311029],[0.037612,51.4311578],[0.0375827,51.4312228],[0.0375636,51.4312672],[0.0375432,51.4312891],[0.0375266,51.4313363],[0.0375165,51.431363],[0.0375135,51.4313676],[0.0375139,51.4313816],[0.0375145,51.4313847],[0.0375238,51.4313961],[0.0375258,51.4313973],[0.0375284,51.4314014],[0.0375492,51.4314137],[0.0375662,51.4314241],[0.037572,51.4314275],[0.0375755,51.4314281],[0.0375971,51.4314378],[0.0375904,51.4314486],[0.0375522,51.4315145],[0.0375079,51.4315905],[0.0375027,51.4315952],[0.0375017,51.4315972],[0.0374992,51.4315997],[0.0374994,51.4316076],[0.0374999,51.4316187],[0.0374991,51.4316353],[0.0374943,51.4317123],[0.0374909,51.4317659],[0.0374884,51.4318456],[0.0374858,51.4319176],[0.0374826,51.4320054],[0.03748,51.4320746],[0.0374771,51.4321399],[0.0374755,51.4321673],[0.0374762,51.4321813],[0.0374804,51.4322045],[0.037485,51.4322338],[0.0374911,51.4322546],[0.0374994,51.4322723],[0.0375136,51.4323082],[0.0375187,51.4323173],[0.0375269,51.4323441],[0.0375348,51.4323804],[0.0375373,51.4323868],[0.0375383,51.4323948],[0.037539,51.4324087],[0.0375397,51.432413],[0.0375391,51.4324492],[0.0375386,51.4325018],[0.0375372,51.4325839],[0.0375515,51.4326397],[0.0375638,51.4326898],[0.0375808,51.4327574],[0.0375949,51.4328097],[0.0376132,51.432877],[0.0376227,51.4329165],[0.0376358,51.4329717],[0.0376442,51.4330128],[0.0376578,51.4330787],[0.0376619,51.4330987],[0.0376668,51.4331436],[0.0376698,51.4331699],[0.0376753,51.4332199],[0.0376802,51.4332633],[0.0376798,51.4332693],[0.0376776,51.4332807],[0.0376705,51.4332998],[0.0376736,51.4333002],[0.0376763,51.433301],[0.0376799,51.4333061],[0.0376802,51.4333079],[0.0376819,51.4333305],[0.0376824,51.4333409],[0.0376348,51.4333222],[0.0376001,51.4333085],[0.0375322,51.4332816],[0.0374748,51.433258],[0.037411,51.4332318],[0.0373682,51.4332142],[0.0373563,51.4332095],[0.0373394,51.4332024],[0.0373068,51.4331887],[0.0372515,51.4331657],[0.0372074,51.4331476],[0.0371362,51.4331184],[0.0369925,51.4330595],[0.0368032,51.4329822],[0.0368006,51.4329846],[0.0367992,51.4329859],[0.0367958,51.4329844],[0.0367893,51.4329817],[0.0367799,51.4329778],[0.0367642,51.4329713],[0.0367369,51.43296],[0.0367382,51.4329588],[0.0367409,51.4329562],[0.0367383,51.4329551],[0.0367322,51.4329526],[0.0367066,51.432942],[0.0366777,51.4329302],[0.0366538,51.4329201],[0.0366435,51.4329158],[0.0366292,51.43291],[0.0366086,51.4329017],[0.0365806,51.4328904],[0.0365461,51.432876],[0.0365239,51.4328664],[0.0364747,51.4328464],[0.0363745,51.4328045],[0.0363475,51.4327932],[0.0362687,51.4327613],[0.0362383,51.4327487],[0.0362334,51.4327525],[0.0361684,51.4327254],[0.0361721,51.4327215],[0.0361219,51.4327006],[0.036068,51.4326783],[0.0360536,51.4326727],[0.0360496,51.4326765],[0.0359873,51.432651],[0.0359913,51.4326473],[0.0359387,51.4326258],[0.0358967,51.4326083],[0.0358403,51.4325848],[0.0357903,51.4325639],[0.0357446,51.432545],[0.0356752,51.432516],[0.0356232,51.4324943],[0.0355853,51.4324786],[0.0355815,51.4324772],[0.0355547,51.4324661],[0.0355138,51.4324491],[0.0354737,51.4324324],[0.0354221,51.432411],[0.0353844,51.4323953],[0.0353274,51.4323717],[0.0352775,51.4323509],[0.0352461,51.4323383],[0.0352435,51.4323408],[0.0352419,51.432342],[0.0352111,51.4323294],[0.0351798,51.4323166],[0.0351838,51.4323128],[0.0351445,51.4322963],[0.0351059,51.4322801],[0.0350684,51.4322643],[0.0350646,51.4322678],[0.0350244,51.4322514],[0.0349972,51.4322402],[0.0350012,51.4322365],[0.0349861,51.4322307],[0.0349549,51.4322177],[0.0349114,51.4321996],[0.0348718,51.4321832],[0.034842,51.4321708],[0.0348349,51.4321677],[0.0348121,51.4321582],[0.0347814,51.4321453],[0.0347441,51.4321297],[0.0347044,51.4321131],[0.0346595,51.4320945],[0.0346138,51.4320756],[0.034563,51.4320547],[0.034533,51.4320422],[0.0345289,51.432046],[0.0344821,51.4320262],[0.0344667,51.4320196],[0.0344706,51.4320159],[0.0344215,51.4319957],[0.034371,51.4319749],[0.034375,51.4319711],[0.0343407,51.431957],[0.0343031,51.4319414],[0.0342682,51.431927],[0.0341835,51.4318921],[0.0340508,51.4318362],[0.0339176,51.4317801],[0.0337845,51.4317259],[0.0337102,51.4316951],[0.0336963,51.4317164],[0.0336596,51.4317552],[0.0336031,51.4318171],[0.0335509,51.4318748],[0.0334663,51.4319626],[0.0334248,51.432006],[0.0333967,51.4320359],[0.0333623,51.4320754],[0.0333208,51.4321228],[0.0332849,51.4321651],[0.0332606,51.4321937],[0.0332294,51.4322311],[0.0331772,51.4322079],[0.0330837,51.432166],[0.032991,51.4321246],[0.0328551,51.4320629],[0.0326965,51.4319925],[0.0324679,51.4318905],[0.0323931,51.4319588],[0.0322946,51.4320425],[0.0322871,51.4320496],[0.0322113,51.4321142],[0.0321974,51.4321808],[0.0321619,51.4323502],[0.0321612,51.432353],[0.0321543,51.4323568],[0.0320531,51.4323914],[0.0319462,51.4324282],[0.031842,51.4324644],[0.0317189,51.4325067],[0.0315808,51.4325553],[0.0314583,51.4323914],[0.0314019,51.4323281],[0.0313017,51.4322265],[0.0312601,51.4322156],[0.0312015,51.4321546],[0.0311602,51.4321114],[0.0311498,51.4321065],[0.0311328,51.4320942],[0.0311095,51.4321241],[0.0310727,51.4321666],[0.0310509,51.4321855],[0.0310481,51.4321883],[0.0310408,51.4321941],[0.0310387,51.4321954],[0.0311629,51.4323004],[0.031194,51.4323351],[0.0312827,51.432432],[0.0314004,51.4325829],[0.0313653,51.4326013],[0.0312822,51.432643],[0.0311442,51.4327077],[0.031076,51.4327343],[0.0310182,51.432763],[0.0309632,51.4327904],[0.0309096,51.4328172],[0.0307784,51.4328812],[0.0307391,51.4329007],[0.0306949,51.4329227],[0.0306544,51.4329425],[0.0306352,51.4329518],[0.0306168,51.4329587],[0.0305883,51.4329715],[0.0305652,51.4329805],[0.0305415,51.4329897],[0.0305218,51.4329977],[0.0304985,51.4330067],[0.0304923,51.4330091],[0.030455,51.4330234],[0.030448,51.4330254],[0.030427,51.4330323],[0.030414,51.4330349],[0.0303991,51.4330397],[0.030389,51.4330425],[0.0303598,51.4330503],[0.0303501,51.4330525],[0.0303329,51.4330575],[0.0303257,51.4330597],[0.0303074,51.4330666],[0.03029,51.4330725],[0.0302754,51.4330777],[0.0302637,51.4330818],[0.0302513,51.4330871],[0.030235,51.4330945],[0.0302144,51.4331046],[0.0301927,51.4331165],[0.0301779,51.4331257],[0.0301673,51.4331314],[0.0301571,51.4331393],[0.0301465,51.4331464],[0.0301308,51.4331592],[0.0301146,51.433171],[0.0300992,51.4331821],[0.0300872,51.4331912],[0.0300815,51.433189],[0.0300551,51.4332108],[0.030023,51.4332369],[0.0299998,51.433255],[0.0299928,51.4332617],[0.029977,51.4332711],[0.0299542,51.4332852],[0.0299223,51.4333059],[0.0298905,51.4333263],[0.029868,51.4333371],[0.0298495,51.433346],[0.0298774,51.4333675],[0.0298349,51.4333895],[0.0298084,51.4334032],[0.0297828,51.4334164],[0.0297874,51.4334216],[0.0297523,51.433439],[0.0297011,51.4334637],[0.029641,51.4334932],[0.0295652,51.4335304],[0.0294374,51.4335929],[0.0294428,51.4335972],[0.0293943,51.4336212],[0.0293156,51.4336604],[0.0292343,51.433701],[0.029158,51.433739],[0.0290968,51.4337695],[0.0290164,51.4338104],[0.0289386,51.4338499],[0.0288459,51.4338971],[0.0287754,51.4339329],[0.0287252,51.4339618],[0.0287165,51.4339556],[0.0286587,51.4339859],[0.0285956,51.4340186],[0.0285664,51.4340337],[0.0286472,51.4340742],[0.0287309,51.4341149],[0.0287975,51.434148],[0.0288911,51.434195],[0.0289169,51.4342313],[0.0289543,51.434284],[0.0289928,51.4343365],[0.0290016,51.4343487],[0.0290095,51.4343534],[0.0290155,51.4343943],[0.0290306,51.4344718],[0.0290437,51.4345401],[0.029052,51.4345769],[0.0290548,51.4345935],[0.0290566,51.4346086],[0.029058,51.4346322],[0.0290603,51.4346743],[0.0290596,51.4346993],[0.0290601,51.4347182],[0.0290626,51.4347561],[0.029063,51.4347723],[0.0290569,51.4348144],[0.0290477,51.4348775],[0.0290411,51.4349261],[0.0290275,51.4349315],[0.0290214,51.4349775],[0.0290127,51.4350419],[0.0290051,51.4350997],[0.0289959,51.4351681],[0.0289902,51.4352102],[0.0289821,51.435271],[0.0289746,51.4353288],[0.0289656,51.4353958],[0.0289601,51.4354379],[0.0289533,51.4354896],[0.0289488,51.4355287],[0.0289455,51.4355472],[0.0289434,51.4355558],[0.0289363,51.4355795],[0.0289277,51.4356164],[0.0289121,51.4356799],[0.0289012,51.4357253],[0.0288913,51.4357665],[0.0288898,51.4357688],[0.0288904,51.4357747],[0.0288871,51.4357843],[0.0288789,51.4358171],[0.028875,51.4358364],[0.028871,51.4358516],[0.0288621,51.4358807],[0.0288513,51.4359126],[0.0288425,51.4359462],[0.0288397,51.4359566],[0.0288132,51.4360211],[0.0287927,51.4361148],[0.0287458,51.4361887],[0.0287209,51.4362498],[0.0286925,51.4363206],[0.0286582,51.4364133],[0.0286425,51.4364146],[0.0285133,51.4364278],[0.028454,51.4364349],[0.0283957,51.4364415],[0.0283381,51.436448],[0.0282131,51.4364621],[0.02817,51.4364684],[0.0281522,51.4364677],[0.0280972,51.4364715],[0.0280382,51.436477],[0.0279817,51.4364823],[0.0279194,51.4364876],[0.0278056,51.4364978],[0.0276963,51.4365076],[0.0276897,51.4365469],[0.0273309,51.4365438],[0.0272512,51.4365361],[0.0271851,51.4365299],[0.0271551,51.4365271],[0.0271229,51.436514],[0.0270944,51.4365024],[0.0270653,51.4364905],[0.0269901,51.43646],[0.0269629,51.436449],[0.0268904,51.4364196],[0.0268127,51.436388],[0.0266638,51.4363269],[0.0266009,51.4363011],[0.0264802,51.4362545],[0.0263884,51.4362179],[0.0261727,51.4361254],[0.0260824,51.4360878],[0.0260314,51.4360666],[0.0258441,51.4359882],[0.0257841,51.4359642],[0.025671,51.4358722],[0.0255213,51.4357503],[0.0254793,51.4357418],[0.0253909,51.4357342],[0.0253841,51.4357588],[0.0253783,51.4358345],[0.0253438,51.435914],[0.0253079,51.4359985],[0.0252738,51.4360716],[0.0252698,51.4361442],[0.0252369,51.4362647],[0.0251908,51.4364593],[0.0251465,51.4366339],[0.0251098,51.4367787],[0.0250896,51.4367962],[0.0250623,51.4367939],[0.0250569,51.4368044],[0.0250544,51.4368125],[0.0250515,51.4368164],[0.0250489,51.436821],[0.0250416,51.4368379],[0.0250386,51.4368456],[0.0250332,51.4368567],[0.0250293,51.4368633],[0.0250268,51.43687],[0.025021,51.4368801],[0.0250173,51.4368872],[0.0250154,51.4368917],[0.0250125,51.4368964],[0.0250092,51.4369028],[0.0250045,51.4369116],[0.0249954,51.4369289],[0.0249876,51.4369439],[0.0249821,51.4369546],[0.024979,51.4369607],[0.0249771,51.436966],[0.0249373,51.4370404],[0.0249198,51.4370776],[0.0249126,51.4370951],[0.0248937,51.4371299],[0.0248835,51.4371973],[0.024874,51.4372363],[0.0248706,51.437249],[0.0248711,51.4373063],[0.0248723,51.4373694],[0.024874,51.4373777],[0.0248741,51.4373892],[0.0248758,51.4374123],[0.0248725,51.4374636],[0.0248681,51.4375066],[0.0248622,51.4375514],[0.0248557,51.4375984],[0.0248486,51.4376338],[0.0248323,51.4376975],[0.0248152,51.4377729],[0.0248038,51.437829],[0.0247866,51.4379156],[0.0247842,51.4379255],[0.0247831,51.4379377],[0.0247767,51.4379849],[0.0247708,51.4380572],[0.0247571,51.4381789],[0.0247559,51.4382076],[0.024764,51.438208],[0.0248421,51.4382114],[0.0248683,51.4382149],[0.0250202,51.4382471],[0.0250651,51.438257],[0.0250954,51.4382637],[0.0251074,51.4382664],[0.0251334,51.4382683],[0.025264,51.4382957],[0.0256662,51.4383743],[0.0259393,51.4384245],[0.0260317,51.4383458],[0.0261577,51.4383678],[0.0263329,51.4384117],[0.0267644,51.4384883],[0.0269789,51.4385249],[0.0275135,51.4386014],[0.0277675,51.4386383],[0.028122,51.4386886],[0.028479,51.4387398],[0.028704,51.4387719],[0.0287896,51.438772],[0.0288078,51.4388502],[0.0288199,51.4389028],[0.028821,51.4389194],[0.0288201,51.4389311],[0.0288185,51.4389385],[0.0288118,51.4389636],[0.0288074,51.4389796],[0.0288089,51.4390138],[0.0288086,51.4390195],[0.0288067,51.439035],[0.0288214,51.4390542],[0.0288255,51.439078],[0.0288283,51.4390952],[0.0288315,51.4391094],[0.0288456,51.4391826],[0.0288394,51.4392196],[0.0288397,51.4392254],[0.0288417,51.4392324],[0.0288437,51.4392343],[0.0288587,51.4392738],[0.0288624,51.4392988],[0.0288625,51.4393169],[0.028864,51.4393363],[0.0288614,51.4393438],[0.0288594,51.4393659],[0.0288577,51.4393803],[0.0288547,51.439397],[0.0288499,51.4394085],[0.0288329,51.4394551],[0.0288101,51.4395165],[0.0287833,51.4395896],[0.0287784,51.439603],[0.0287758,51.4396146],[0.0287697,51.4396251],[0.0287596,51.4396506],[0.0287406,51.4396977],[0.0287232,51.4397404],[0.0287205,51.4397467],[0.0287195,51.4397518],[0.0287143,51.4397629],[0.0287092,51.4397712],[0.0287025,51.4397828],[0.0287006,51.439788],[0.0286977,51.4397949],[0.0286968,51.4398016],[0.0286941,51.4398134],[0.0286896,51.4398217],[0.0286837,51.4398408],[0.028678,51.4398594],[0.0286754,51.4398637],[0.0286744,51.4398683],[0.0286721,51.4398739],[0.0286691,51.4398837],[0.0286582,51.4399085],[0.0286327,51.4399674],[0.0286035,51.4400348],[0.0285888,51.440088],[0.0285795,51.4401225],[0.028576,51.4401371],[0.0285735,51.4401682],[0.0285724,51.4401791],[0.0285722,51.4401883],[0.0285711,51.4401954],[0.0285691,51.4401992],[0.0285694,51.4402026],[0.0285678,51.4402059],[0.0285675,51.4402086],[0.0285656,51.4402204],[0.0285617,51.4402452],[0.0285583,51.4402682],[0.0285619,51.4403207],[0.0285657,51.4403833],[0.0285668,51.4403875],[0.0285666,51.4404037],[0.0285736,51.4404371],[0.0285747,51.4404408],[0.0285846,51.4404617],[0.0285997,51.4404909],[0.0286184,51.4405273],[0.0286258,51.4405418],[0.0286294,51.4405469],[0.0286335,51.4405541],[0.0286356,51.4405599],[0.0286367,51.4405631],[0.0286373,51.4405642],[0.0286428,51.4405772],[0.0286495,51.4405927],[0.0286637,51.4406251],[0.0286751,51.440651],[0.0286999,51.4407074],[0.028713,51.4407373],[0.0287165,51.4407487],[0.0287262,51.4407684],[0.0287456,51.4408072],[0.028763,51.4408415],[0.0287731,51.4408593],[0.0287789,51.4408682],[0.0287797,51.4408722],[0.0287899,51.4408885],[0.0288074,51.4409188],[0.0288099,51.4409216],[0.028812,51.440926],[0.0288117,51.4409283],[0.0288137,51.4409298],[0.0288193,51.440942],[0.0288311,51.4409682],[0.0288489,51.4410077],[0.0288636,51.4410409],[0.0288747,51.4410657],[0.0288781,51.4410781],[0.0288807,51.4410832],[0.0288802,51.4410888],[0.0288794,51.4410936],[0.0288789,51.4410978],[0.0288786,51.4411078],[0.0288781,51.441109],[0.028878,51.4411128],[0.0288945,51.4411358],[0.0289096,51.4411556],[0.0289116,51.4411611],[0.0289185,51.4411721],[0.0289204,51.4411746],[0.02893,51.4411922],[0.0289324,51.4411984],[0.0289351,51.4412032],[0.0289408,51.4412204],[0.0289663,51.441264],[0.0289887,51.4412896],[0.0290063,51.4413098],[0.0290077,51.4413111],[0.0290296,51.4413366],[0.0290542,51.4413647],[0.0290593,51.4413698],[0.029064,51.441374],[0.0290659,51.4413779],[0.0290687,51.4413865],[0.0290727,51.4413975],[0.0290721,51.4414008],[0.0290714,51.441402],[0.0290713,51.441405],[0.0290711,51.4414059],[0.0290736,51.4414103],[0.029075,51.4414189],[0.029076,51.4414201],[0.0290779,51.4414221],[0.0290812,51.4414276],[0.0290883,51.441435],[0.0290972,51.4414422],[0.0291005,51.441444],[0.029103,51.4414458],[0.0291117,51.4414499],[0.029117,51.4414523],[0.0291209,51.4414534],[0.0291224,51.4414553],[0.0291245,51.4414554],[0.0291281,51.4414563],[0.0291328,51.4414586],[0.0291373,51.4414605],[0.0291399,51.4414641],[0.029148,51.4414689],[0.0291737,51.4414875],[0.0292233,51.4415231],[0.0292479,51.441541],[0.0292526,51.4415432],[0.0292577,51.4415458],[0.0292927,51.441569],[0.0293044,51.4415765],[0.0293063,51.4415771],[0.0293105,51.4415793],[0.029314,51.4415826],[0.0293153,51.4415844],[0.0293204,51.4415969],[0.0293308,51.4416235],[0.0293391,51.4416445],[0.0293425,51.4416603],[0.0293465,51.4416788],[0.0293522,51.4417041],[0.0292648,51.4416922],[0.028933,51.4416415],[0.0286818,51.4416043],[0.0284382,51.4415674],[0.0283434,51.4415543],[0.0282074,51.4415373],[0.0280764,51.4415252],[0.0279682,51.4415181],[0.0278604,51.4415152],[0.0276651,51.4415175],[0.0274403,51.4415265],[0.0274397,51.4415265],[0.0273847,51.4415286],[0.0273457,51.4415311],[0.0272807,51.4415382],[0.0272512,51.4415394],[0.0271725,51.4415449],[0.0270504,51.4415574],[0.0269653,51.4415636],[0.0268306,51.4415804],[0.0265774,51.4416015],[0.0264563,51.441611],[0.0262892,51.4416265],[0.0260303,51.4416584],[0.025822,51.4416816],[0.0255538,51.4417162],[0.0253822,51.4417389],[0.0251996,51.4417657],[0.0249933,51.441793],[0.0249232,51.4418024],[0.0249135,51.441804],[0.0247944,51.4418234],[0.0247224,51.4418351],[0.024477,51.4418757],[0.0241824,51.4419311],[0.0241243,51.4419447],[0.023881,51.4420064],[0.0236315,51.4420781],[0.0235081,51.4421154],[0.0232699,51.4421898],[0.0232592,51.4421929],[0.0231436,51.4422347],[0.0228185,51.4423423],[0.022351,51.4424852],[0.0221785,51.4425386],[0.0219795,51.4425972],[0.0218932,51.4426169],[0.0217408,51.4426569],[0.0216475,51.4426796],[0.0214795,51.4427281],[0.0213523,51.4429493],[0.0211593,51.4432791],[0.0209791,51.4435753],[0.0208308,51.4438242],[0.0207788,51.4439108],[0.0207607,51.4439408],[0.0207097,51.4440241],[0.0206573,51.4441084],[0.0206232,51.444163],[0.0205959,51.444206],[0.0206584,51.4442222],[0.020827,51.4442665],[0.0209773,51.4443052],[0.0211987,51.4443622],[0.0213797,51.444409],[0.0214948,51.4444391],[0.0214907,51.4444485],[0.0214724,51.4444883],[0.0214684,51.4444988],[0.0214694,51.4445093],[0.0214621,51.4445297],[0.021436,51.4445966],[0.0214049,51.444674],[0.0213741,51.44475],[0.0213499,51.4448099],[0.0213496,51.4448104],[0.0213141,51.4448985],[0.0212893,51.4449675],[0.0212802,51.4449939],[0.0212727,51.4450149],[0.0212718,51.4450313],[0.02127,51.4450674],[0.0212663,51.4450989],[0.0212635,51.4451309],[0.0212624,51.4451423],[0.021261,51.4451601],[0.0212577,51.4451983],[0.0212541,51.4452375],[0.0212518,51.4452656],[0.0212492,51.4452921],[0.021246,51.445324],[0.0212418,51.445364],[0.0212393,51.4453914],[0.0212369,51.4454249],[0.0212343,51.4454565],[0.0212325,51.4454827],[0.0212303,51.4455156],[0.0212276,51.4455574],[0.0212263,51.4455843],[0.0212252,51.4456156],[0.0212242,51.4456421],[0.0212232,51.4456769],[0.0212232,51.4457057],[0.0212232,51.4457338],[0.0212232,51.4457641],[0.0212226,51.445796],[0.0212212,51.4458533],[0.0212207,51.4458884],[0.02122,51.4459234],[0.0212196,51.4459584],[0.0212189,51.4459932],[0.0212182,51.4460243],[0.0212172,51.446073],[0.0212166,51.4460973],[0.0212163,51.4461129],[0.0212159,51.4461746],[0.0212157,51.4462088],[0.0212156,51.4462405],[0.0212152,51.4462795],[0.0212146,51.4463171],[0.0212141,51.4463545],[0.0212137,51.4463846],[0.0212134,51.4464157],[0.021213,51.4464491],[0.0212126,51.4464818],[0.0212121,51.4465086],[0.0212116,51.4465429],[0.0212115,51.446573],[0.0212115,51.4465992],[0.0212116,51.4466279],[0.0212112,51.4466424],[0.0212113,51.4466549],[0.0212127,51.4466644],[0.0212148,51.4466792],[0.0212163,51.446693],[0.0212168,51.4466975],[0.0212547,51.4467078],[0.0212902,51.446717],[0.021333,51.4467281],[0.0213829,51.446741],[0.0214184,51.4467502],[0.0214452,51.4467572],[0.0214744,51.4467648],[0.0215039,51.4467724],[0.021537,51.446781],[0.0215636,51.4467881],[0.0215961,51.4467967],[0.0216495,51.4468108],[0.0216735,51.4468172],[0.02168,51.4468189],[0.0216932,51.4468227],[0.0217242,51.4468318],[0.0217452,51.4468383],[0.0217945,51.4468526],[0.0218322,51.4468638],[0.0218623,51.4468727],[0.0219079,51.4468863],[0.0219579,51.4469011],[0.0220126,51.4469173],[0.0220529,51.4469293],[0.0220863,51.4469393],[0.0221113,51.4469467],[0.0221384,51.4469555],[0.0221365,51.4469586],[0.0221737,51.4469691],[0.0221802,51.446971],[0.0222926,51.4470025],[0.0224247,51.44704],[0.0225363,51.4470727],[0.0226402,51.4471017],[0.0227564,51.4471354],[0.0227826,51.4471416],[0.0227949,51.4471456],[0.0228038,51.447149],[0.022813,51.4471538],[0.0228192,51.4471562],[0.0228941,51.4471866],[0.0229279,51.4472024],[0.0229487,51.4472659],[0.0228836,51.4473523],[0.0228178,51.4474518],[0.0227617,51.4475308],[0.0227522,51.4475561],[0.0227374,51.4476053],[0.0227225,51.447634],[0.022498,51.4480022],[0.0224268,51.4480667],[0.0223921,51.4481236],[0.0223803,51.4481428],[0.0223545,51.4481833],[0.0223339,51.4482187],[0.0223135,51.4482504],[0.022278,51.4482931],[0.0222701,51.4483049],[0.0222406,51.4483549],[0.0222271,51.4483807],[0.0222074,51.4484242],[0.0221985,51.448443],[0.0221865,51.4484716],[0.0221785,51.4485024],[0.0221704,51.4485435],[0.0221666,51.4485599],[0.0221618,51.4485766],[0.0221532,51.4486017],[0.0221351,51.4486526],[0.022128,51.4486753],[0.022123,51.4487078],[0.0221235,51.4487161],[0.022122,51.4487255],[0.0221109,51.4487443],[0.0220871,51.4487733],[0.0220829,51.4487803],[0.0220687,51.4487987],[0.0219946,51.448892],[0.0219536,51.4489424],[0.0218462,51.4489566],[0.021692,51.4489782],[0.0216098,51.4489895],[0.0214238,51.4490124],[0.0212411,51.4490347],[0.021099,51.449052],[0.0209678,51.449068],[0.0207868,51.4490896],[0.0206598,51.449105],[0.020527,51.4491208],[0.0205152,51.4491222],[0.0204721,51.4491309],[0.0204143,51.4491365],[0.0203991,51.4491383],[0.0202371,51.4491541],[0.0200831,51.4491696],[0.0200477,51.4491733],[0.0199395,51.4491835],[0.0198745,51.4491896],[0.0197568,51.449198],[0.0196261,51.4492094],[0.0195505,51.4492166],[0.0193943,51.4492332],[0.0192776,51.4492444],[0.0191818,51.4492544],[0.0190326,51.4492728],[0.0188395,51.4492964],[0.0187024,51.4493133],[0.0186382,51.4493212],[0.0184792,51.4493402],[0.0183475,51.4493555],[0.0182295,51.4493697],[0.0180783,51.4493887],[0.0180163,51.4493963],[0.0180082,51.4493973],[0.0179881,51.4493995],[0.0179647,51.4494015],[0.0179465,51.4494037],[0.0178992,51.4494102],[0.0177945,51.4494282],[0.0177492,51.4494359],[0.017691,51.4494443],[0.0175921,51.4494635],[0.0175577,51.44947],[0.0174867,51.4494852],[0.01747,51.4494885],[0.0174551,51.449492],[0.0174378,51.4494953],[0.0174196,51.4494984],[0.0174107,51.4495003],[0.0174016,51.449502],[0.0173679,51.4495104],[0.0173022,51.4495265],[0.0172684,51.4495349],[0.0171921,51.4495534],[0.0170713,51.4495833],[0.0170182,51.4495966],[0.0169375,51.4496167],[0.016889,51.4496279],[0.0168175,51.4496448],[0.0167652,51.4496583],[0.0167342,51.4496668],[0.016664,51.449685],[0.0166468,51.449688],[0.0166262,51.4496932],[0.016606,51.4497],[0.0165977,51.4497017],[0.01657,51.4497078],[0.0165562,51.4497116],[0.0165006,51.4497245],[0.0164792,51.4497286],[0.0164339,51.4497389],[0.0163873,51.4497502],[0.0163575,51.4497572],[0.0163365,51.4497621],[0.0163264,51.4497636],[0.0162785,51.4497742],[0.0162438,51.4497811],[0.016228,51.4497834],[0.0162092,51.4497869],[0.0160933,51.4498109],[0.0159735,51.4498338],[0.0158785,51.4498535],[0.0158113,51.4498666],[0.0157163,51.4498851],[0.0156155,51.4499049],[0.0155579,51.4499151],[0.015517,51.4499224],[0.0154783,51.4499291],[0.0154478,51.4499344],[0.0154219,51.4499405],[0.0154007,51.4499449],[0.0153785,51.4499494],[0.015366,51.4499514],[0.0153324,51.4499582],[0.0152208,51.4499784],[0.015116,51.4499989],[0.0150956,51.4500029],[0.0150819,51.4500044],[0.0150741,51.4500066],[0.0150712,51.450015],[0.0150633,51.4500373],[0.0150703,51.4500381],[0.0150659,51.4500546],[0.0150624,51.4500675],[0.0150553,51.4500667],[0.0150519,51.4500787],[0.0150467,51.4500972],[0.0150416,51.4501153],[0.0150345,51.4501408],[0.0150293,51.4501592],[0.0150235,51.4501797],[0.0150183,51.450198],[0.0150099,51.4502283],[0.014992,51.4502923],[0.0149774,51.4503455],[0.0149656,51.4503906],[0.0149523,51.4504397],[0.0149378,51.4504935],[0.014923,51.4505494],[0.0149132,51.4505854],[0.0149067,51.4506111],[0.0149405,51.4506149],[0.0149882,51.4506204],[0.0150096,51.4505436],[0.0150757,51.4503124],[0.0151049,51.450208],[0.0152529,51.4502242],[0.0157395,51.4502775],[0.0161015,51.4503173],[0.0166079,51.4503729],[0.0169733,51.4504133],[0.017373,51.4504572],[0.0177971,51.4505037],[0.0181934,51.4505476],[0.0185915,51.4505898],[0.0191289,51.4506506],[0.0195373,51.4506943],[0.0198592,51.4507295],[0.0198188,51.4508803],[0.019801,51.4509494],[0.0197697,51.4510578],[0.019753,51.4510981],[0.0197081,51.4512019],[0.0196885,51.4512473],[0.0196685,51.4512935],[0.0196485,51.4513399],[0.0196349,51.4513716],[0.019633,51.4513758],[0.019621,51.4514127],[0.0196207,51.4514137],[0.0196138,51.4514131],[0.0196019,51.451457],[0.019594,51.4514853],[0.0196012,51.4514861],[0.0195601,51.4516218],[0.0195546,51.451641],[0.0195335,51.4517095],[0.0192753,51.4516813],[0.0192406,51.4516773],[0.0188729,51.4516363],[0.0184885,51.4515938],[0.0183241,51.451575],[0.0183042,51.451675],[0.018267,51.4518637],[0.0182299,51.4520308],[0.018226,51.4520444],[0.0182129,51.4521181],[0.0181426,51.4524679],[0.0181063,51.4526438],[0.0180904,51.4527223],[0.0180757,51.4527888],[0.0180603,51.4528586],[0.0180433,51.4529388],[0.0180316,51.4529982],[0.0180227,51.4530105],[0.0179642,51.4530907],[0.0179326,51.4531354],[0.0178999,51.4531833],[0.0178571,51.4532523],[0.0178266,51.4533058],[0.0177914,51.4533711],[0.0177698,51.4534129],[0.0177573,51.4534362],[0.0177478,51.4534568],[0.0177297,51.4534954],[0.0177075,51.453546],[0.017688,51.4535919],[0.0176588,51.4536598],[0.0176269,51.4537338],[0.0176141,51.4537638],[0.0176126,51.4537663],[0.017593,51.4538191],[0.0175642,51.453895],[0.0175476,51.4539479],[0.0175311,51.4540052],[0.017509,51.4540779],[0.0174891,51.4541446],[0.0174815,51.4542451],[0.0174771,51.4543042],[0.0174957,51.4543622],[0.0174294,51.4546955],[0.0174437,51.454735],[0.0174707,51.4548069],[0.0174955,51.4549666],[0.0175227,51.4550317],[0.0169942,51.4551364],[0.0163645,51.4552625],[0.0159928,51.4553341],[0.0157495,51.4553838],[0.0153277,51.4554615],[0.0150976,51.4555025],[0.0148651,51.4555435],[0.0145457,51.4556028],[0.0143078,51.4556554],[0.0140602,51.4557156],[0.0140097,51.4557279],[0.0137806,51.455796],[0.0137056,51.4558168],[0.0134329,51.4558953],[0.0132788,51.4559398],[0.0131792,51.4559668],[0.0131207,51.4559833],[0.0129062,51.4560583],[0.0127732,51.4561064],[0.0126739,51.4561459],[0.0125529,51.4561965],[0.0123276,51.4562878],[0.0121469,51.4563609],[0.0119516,51.4564426],[0.0119165,51.4564573],[0.0118706,51.456479],[0.0118211,51.4565031],[0.0117136,51.4565445],[0.0115108,51.4566138],[0.0114846,51.456685],[0.0114777,51.4567115],[0.0114767,51.4567949],[0.0114562,51.4568823],[0.0114418,51.456907],[0.0114269,51.456931],[0.0113199,51.4570736],[0.0111825,51.4572549],[0.0111311,51.4573255],[0.0110392,51.4574644],[0.0110041,51.4575126],[0.0108931,51.4576835],[0.0107927,51.4578443],[0.0106966,51.4579987],[0.0106129,51.4581312],[0.0105279,51.4582804],[0.010419,51.4584711],[0.0103197,51.4586459],[0.010203,51.4588495],[0.0101312,51.458978],[0.0100475,51.4591476],[0.009973,51.4593094],[0.0099363,51.4593948],[0.0099188,51.45945],[0.0098963,51.4595334],[0.0098774,51.4596312],[0.0098722,51.4596766],[0.0098571,51.4597902],[0.0098358,51.4599798],[0.009819,51.4601594],[0.0098038,51.4603233],[0.0097874,51.460476],[0.0097721,51.4606302],[0.0097599,51.4607824],[0.0097544,51.4608579],[0.0097534,51.4608961],[0.009754,51.4609992],[0.0097539,51.4610618],[0.0097616,51.4611384],[0.0097677,51.4611984],[0.0097664,51.461236],[0.0097692,51.4612669],[0.0097939,51.4614536],[0.0098111,51.461634],[0.0098202,51.461743],[0.0098276,51.4618333],[0.0098314,51.461987],[0.0098248,51.4620911],[0.0098124,51.4622281],[0.0097987,51.4623466],[0.0097784,51.4624919],[0.0097739,51.4625235],[0.0097592,51.462586],[0.0097567,51.4626063],[0.0097481,51.4626429],[0.0097308,51.462692],[0.0097232,51.4627173],[0.0097129,51.4627475],[0.0097095,51.46276],[0.0096823,51.4628481],[0.009649,51.462929],[0.0096128,51.4630281],[0.0095528,51.4631915],[0.0095199,51.4632724],[0.0094668,51.463401],[0.0093945,51.4635669],[0.0093707,51.4636346],[0.0093228,51.4638053],[0.0093101,51.4638419],[0.0093044,51.4638788],[0.0092656,51.4640367],[0.0092139,51.4642221],[0.0090031,51.4646711],[0.008985,51.4647732],[0.0089875,51.4648537],[0.0090232,51.4649853],[0.0091345,51.4653182],[0.0091529,51.4653855],[0.0091652,51.4654438],[0.0091687,51.4655265],[0.0091314,51.46568],[0.0091183,51.4657454],[0.0091069,51.4657863],[0.009069,51.4658727],[0.0091219,51.4658734],[0.0091881,51.4658771],[0.0094123,51.4659072],[0.0095418,51.4659256],[0.0097596,51.4659552],[0.0097965,51.4659664],[0.0098522,51.4659746],[0.0102893,51.4660326],[0.0106468,51.4660792],[0.010807,51.4661001],[0.0109637,51.4661193],[0.010991,51.4661324],[0.0113123,51.4661958],[0.0115111,51.4662357],[0.0116738,51.4662924],[0.0118028,51.4663394],[0.0118085,51.4663413],[0.0118357,51.4663546],[0.0118983,51.4663944],[0.0119096,51.4663984],[0.0120604,51.4664595],[0.0122827,51.4665567],[0.012356,51.4665891],[0.0124273,51.4666097],[0.0126032,51.466657],[0.0127668,51.4667018],[0.0130127,51.4667731],[0.013145,51.4668103],[0.0132397,51.4668388],[0.0132194,51.4668681],[0.0131959,51.466898],[0.0131392,51.4669535],[0.013085,51.4670033],[0.0129923,51.4670798],[0.0129101,51.4671443],[0.0128241,51.4672076],[0.0127806,51.4672466],[0.012748,51.4672777],[0.012718,51.467314],[0.0126911,51.4673576],[0.0126751,51.467397],[0.0126654,51.4674423],[0.0126651,51.4674575],[0.0126626,51.4674882],[0.0126708,51.4675417],[0.0126884,51.4675903],[0.0126928,51.4676005],[0.0127146,51.4676435],[0.0127283,51.4676681],[0.0127668,51.467715],[0.0127962,51.4677443],[0.0128552,51.467793],[0.0129169,51.4678492],[0.0129477,51.4678769],[0.0129876,51.4679117],[0.0130045,51.4679326],[0.0130299,51.4679692],[0.0130434,51.4679996],[0.0130514,51.4680262],[0.0130625,51.4681464],[0.0130581,51.4681904],[0.013047,51.4682576],[0.0130336,51.468317],[0.0129755,51.4685247],[0.0129265,51.4686881],[0.0129216,51.4687026],[0.0128777,51.4688519],[0.0128387,51.4689759],[0.0128332,51.4689953],[0.0128115,51.4690648],[0.0127998,51.4691028],[0.0127817,51.4691615],[0.0127681,51.4692067],[0.0127544,51.4692531],[0.0127319,51.4693281],[0.0127116,51.4693976],[0.0126907,51.469466],[0.012671,51.4695314],[0.0126524,51.4695924],[0.0126473,51.4696092],[0.0126414,51.4696284],[0.0126365,51.4696448],[0.0126309,51.4696633],[0.0126265,51.4696775],[0.0126207,51.4696969],[0.012615,51.4697156],[0.0126092,51.4697334],[0.0126036,51.4697504],[0.0125972,51.4697698],[0.0125909,51.4697888],[0.0125844,51.4698082],[0.0126158,51.4698125],[0.0126518,51.4698174],[0.0126917,51.4698229],[0.0127244,51.4698267],[0.0127617,51.4698311],[0.0128019,51.4698359],[0.0128334,51.469839],[0.0128795,51.4698438],[0.0129135,51.4698472],[0.0129431,51.4698502],[0.0129542,51.4698512],[0.0129917,51.4698543],[0.0130254,51.4698571],[0.0130587,51.4698598],[0.0130883,51.4698623],[0.0130976,51.4698629],[0.0131637,51.4698668],[0.0131832,51.469868],[0.0132095,51.4698696],[0.0132363,51.4698712],[0.0132933,51.4698746],[0.0133316,51.4698769],[0.0133731,51.4698794],[0.013413,51.4698818],[0.0134484,51.4698839],[0.0134755,51.4698855],[0.0134764,51.4698826],[0.0134799,51.4698705],[0.0134849,51.4698527],[0.0134897,51.4698359],[0.0134917,51.4698286],[0.0135111,51.469829],[0.0135484,51.4698296],[0.013577,51.4698301],[0.0135929,51.4698304],[0.0136035,51.4698303],[0.0136187,51.46983],[0.0136287,51.4698298],[0.0136349,51.4698295],[0.013672,51.4698282],[0.0136982,51.4698271],[0.0137162,51.4698262],[0.0137358,51.4698248],[0.0137587,51.4698232],[0.0138028,51.4698192],[0.0138297,51.4698169],[0.0138623,51.4698143],[0.0138765,51.4698132],[0.0139066,51.4698111],[0.0139181,51.46981],[0.0139537,51.4698054],[0.01397,51.4698033],[0.0139922,51.4697999],[0.0140098,51.4697972],[0.0140459,51.4697925],[0.0140672,51.4697897],[0.0141101,51.4697833],[0.0141457,51.4697779],[0.0141665,51.4697743],[0.0141927,51.4697707],[0.0142184,51.4697664],[0.01423,51.4697642],[0.0142749,51.4697567],[0.0143183,51.4697496],[0.0143386,51.4697462],[0.0143578,51.4697423],[0.0143813,51.4697376],[0.0144112,51.4697315],[0.0144241,51.4697285],[0.0144419,51.4697248],[0.0144423,51.4697246],[0.0144632,51.4697199],[0.0144792,51.4697158],[0.0144934,51.4697122],[0.0145157,51.4697074],[0.0145312,51.4697039],[0.0145464,51.4697004],[0.0145512,51.4696987],[0.0145652,51.4696937],[0.0145748,51.4696904],[0.0145976,51.469683],[0.0146455,51.4696681],[0.0146908,51.4696537],[0.014715,51.4696458],[0.0147369,51.4696395],[0.0147589,51.469633],[0.0147925,51.4696232],[0.0148324,51.4696116],[0.0148443,51.4696077],[0.0149058,51.4695877],[0.0149545,51.4695716],[0.0149749,51.4695644],[0.0150264,51.4695465],[0.0150737,51.4695299],[0.0150999,51.4695208],[0.015131,51.4695099],[0.0151666,51.4694975],[0.0152108,51.4694817],[0.0152571,51.469465],[0.0153005,51.4694493],[0.015353,51.4694305],[0.0154013,51.4694135],[0.0154551,51.4693941],[0.0154995,51.4693779],[0.0155202,51.4693702],[0.0155508,51.4693585],[0.0156059,51.469337],[0.0156308,51.4693273],[0.0156388,51.4693242],[0.0156571,51.4693167],[0.0156648,51.4693136],[0.0156852,51.4693054],[0.0157094,51.4692968],[0.0157402,51.4692861],[0.0157526,51.4692807],[0.0157629,51.4692754],[0.0157816,51.4692645],[0.0158074,51.4692496],[0.015826,51.4692374],[0.0158345,51.4692306],[0.0158406,51.4692222],[0.0158661,51.4692121],[0.0159631,51.4691731],[0.0159905,51.4691614],[0.0159992,51.4691623],[0.0160095,51.4691623],[0.0160202,51.469161],[0.0160324,51.4691582],[0.0160391,51.4691549],[0.0160842,51.469127],[0.0161818,51.4690671],[0.0162778,51.469008],[0.0163321,51.4689743],[0.0163918,51.4690236],[0.0164275,51.4690534],[0.0164469,51.4690697],[0.0164791,51.4690959],[0.0165179,51.4691286],[0.0165394,51.4691733],[0.0165511,51.4691959],[0.0165602,51.4692151],[0.0165836,51.4692692],[0.0166023,51.4693096],[0.0166084,51.4693316],[0.0166128,51.4693522],[0.0166152,51.4693674],[0.0166155,51.4693797],[0.0166157,51.4693943],[0.0166175,51.4693987],[0.0166187,51.4694366],[0.0166188,51.4694455],[0.0166217,51.4694464],[0.0166325,51.4694501],[0.0166419,51.4694539],[0.0166535,51.4694601],[0.0166583,51.4694638],[0.0166653,51.4694684],[0.0166712,51.4694747],[0.0166761,51.4694826],[0.016678,51.4694888],[0.016679,51.4694963],[0.0166775,51.4695041],[0.0166744,51.4695121],[0.0166718,51.4695153],[0.0166606,51.4695389],[0.0166564,51.4695465],[0.0166358,51.4695758],[0.016592,51.4696417],[0.0165524,51.4696996],[0.0165062,51.4697666],[0.0164734,51.4698147],[0.0164471,51.4698561],[0.0163938,51.4698879],[0.0163088,51.4699385],[0.0162595,51.4699679],[0.016201,51.4700024],[0.0162071,51.470015],[0.0162101,51.4700301],[0.0162108,51.4700467],[0.0162065,51.4700658],[0.0161966,51.4700898],[0.0161861,51.4701137],[0.0160684,51.470322],[0.0159567,51.4705202],[0.0158529,51.4707019],[0.0157306,51.4709111],[0.0156045,51.4711369],[0.015504,51.4713158],[0.0154276,51.4714773],[0.0153271,51.4717091],[0.0152468,51.471901],[0.0151949,51.4720185],[0.0151484,51.4721277],[0.0150755,51.4723222],[0.0150183,51.4724767],[0.0150016,51.4725468],[0.0149936,51.47257],[0.0149649,51.4727769],[0.0149536,51.4729105],[0.0149756,51.4730806],[0.0152976,51.4731324],[0.0154123,51.4731591],[0.0161804,51.4733349],[0.01667,51.4734475],[0.0170167,51.473527],[0.0174008,51.4736155],[0.0177739,51.4737008],[0.0179041,51.4737323],[0.0179306,51.4737392],[0.0179453,51.4737473],[0.0179502,51.4737546],[0.0179505,51.4737624],[0.0179373,51.4738296],[0.0170288,51.4737411],[0.0163504,51.4736566],[0.0158948,51.4735998],[0.0154612,51.4735521],[0.0146392,51.473463],[0.0135676,51.47334],[0.0134368,51.473325],[0.0133506,51.4733148],[0.0132276,51.4733007],[0.0130891,51.4732846],[0.0129493,51.4732685],[0.0128399,51.4732557],[0.0127261,51.4732427],[0.0125841,51.4732263],[0.0124445,51.4732101],[0.0123009,51.4731935],[0.0121487,51.4731758],[0.0120878,51.4731688],[0.0115218,51.4731092],[0.011016,51.4730525],[0.0101484,51.4729491],[0.0097785,51.472916],[0.0090758,51.4728516],[0.0085046,51.4727888],[0.0077514,51.4727044],[0.0071078,51.4726332],[0.0064981,51.4725651],[0.0061592,51.4725276],[0.0059163,51.4725004],[0.0057814,51.4724854],[0.0056945,51.4724759],[0.0056236,51.4724678],[0.0055386,51.4724584],[0.0054471,51.4724482],[0.0053851,51.4724413],[0.0052945,51.4724312],[0.0052101,51.4724218],[0.0051428,51.4724143],[0.0050934,51.4724088],[0.0049873,51.472397],[0.0049339,51.472391],[0.0048375,51.4723802],[0.0047239,51.4723677],[0.0046462,51.472359],[0.0045569,51.472349],[0.0044899,51.4723415],[0.0044053,51.4723322],[0.0043433,51.4723252],[0.0042191,51.4723114],[0.0041133,51.4722994],[0.0038862,51.4722739],[0.0036432,51.4722469],[0.0034916,51.4722289],[0.0031361,51.4721896],[0.0028231,51.4721535],[0.0024668,51.4721137],[0.0021156,51.4720738],[0.0018772,51.472047],[0.0017667,51.4720349],[0.0015494,51.47201],[0.0013032,51.4719824],[0.0010184,51.4719499],[0.0007837,51.4719237],[0.0006186,51.4719047],[0.0004974,51.4718913],[0.0004027,51.471883],[0.0003657,51.4718788],[0.0002174,51.4718666],[-0.0005498,51.4718223],[-0.0006734,51.4718154],[-0.0007769,51.4718096],[-0.0009237,51.4718029],[-0.0009835,51.4718025],[-0.0011279,51.4718075],[-0.0012943,51.4718156],[-0.0014727,51.4718302],[-0.0016929,51.4718558],[-0.002008,51.4718981],[-0.0023445,51.4719438],[-0.0025722,51.4719748],[-0.0028051,51.4720068],[-0.0030008,51.4720333],[-0.0032365,51.4720659],[-0.0034888,51.4721016],[-0.0036716,51.4721275],[-0.0040292,51.4721781],[-0.0044234,51.472233],[-0.0046614,51.472267],[-0.0049003,51.4723006],[-0.0050587,51.472323],[-0.0052493,51.4723496],[-0.0054277,51.4723743],[-0.0057775,51.4724222],[-0.0058865,51.4724381],[-0.0063485,51.472502],[-0.0065364,51.4725286],[-0.0067084,51.472551],[-0.0071979,51.4726029],[-0.0073217,51.4726205],[-0.0074087,51.4726339],[-0.0077323,51.4726833],[-0.0080043,51.4727257],[-0.0081291,51.4727469],[-0.0082554,51.4727599],[-0.0083181,51.472762],[-0.0083977,51.4727608],[-0.0086758,51.4727562],[-0.0088429,51.4727468],[-0.0091022,51.4727231],[-0.0094365,51.4726841],[-0.0098268,51.4726332],[-0.0100013,51.4726098],[-0.010326,51.4725675],[-0.0108949,51.4724914],[-0.0113859,51.4724288],[-0.0115662,51.472407],[-0.0116861,51.4723943],[-0.01194,51.4723766],[-0.0123064,51.4723559],[-0.0124093,51.4723497],[-0.0125046,51.4723459],[-0.0125892,51.472343],[-0.012753,51.4723483],[-0.0127819,51.4723455],[-0.012896,51.4723475],[-0.0130197,51.4723525],[-0.0130754,51.4723581],[-0.0131804,51.4723692],[-0.0132854,51.4723807],[-0.0133787,51.4723956],[-0.0134405,51.4724075],[-0.0135307,51.4724281],[-0.0135237,51.4724431],[-0.0135755,51.4724577],[-0.0136408,51.4724811],[-0.0136572,51.4724879],[-0.0136714,51.4724924],[-0.0137522,51.4725296],[-0.0138584,51.4725764],[-0.0139809,51.4726308],[-0.0140713,51.4726707],[-0.0140824,51.4726611],[-0.0141449,51.4726056],[-0.0142032,51.4725532],[-0.0142704,51.4724911],[-0.0142918,51.4724661],[-0.0143454,51.4724037],[-0.0144096,51.4723302],[-0.0143811,51.4723183],[-0.0144399,51.4722575],[-0.0144687,51.4722275],[-0.0145021,51.472193],[-0.0145225,51.4721729],[-0.0145448,51.4721619],[-0.0145425,51.4721289],[-0.0145347,51.4720231],[-0.0145318,51.4719724],[-0.0145416,51.4719448],[-0.0145535,51.4719029],[-0.0146116,51.4718994],[-0.0147599,51.4718847],[-0.0148379,51.4718707],[-0.0149317,51.4718442],[-0.0149905,51.4718244],[-0.0150534,51.4717925],[-0.0151726,51.4717493],[-0.0149884,51.4715405],[-0.0148942,51.4714259],[-0.0148543,51.4713769],[-0.0147285,51.4711898],[-0.0146766,51.4711031],[-0.0145964,51.4709489],[-0.0145614,51.4708891],[-0.014544,51.4708549],[-0.0144719,51.4707154],[-0.0144388,51.4706615],[-0.0142881,51.4704302],[-0.0141202,51.4701647],[-0.0140965,51.4701268],[-0.0140321,51.4700262],[-0.0140041,51.4699887],[-0.013939,51.469904],[-0.0137393,51.4696696],[-0.0135098,51.4694031],[-0.0131318,51.4689393],[-0.0133044,51.4688667],[-0.0135969,51.4687334],[-0.0139556,51.4685697],[-0.0142635,51.468432],[-0.014631,51.4682594],[-0.0148516,51.4681396],[-0.0149485,51.4680857],[-0.0150148,51.4680501],[-0.015112,51.4680531],[-0.0151524,51.4680715],[-0.0152332,51.4681194],[-0.0154843,51.4682715],[-0.0157431,51.4684299],[-0.0159907,51.4685887],[-0.0160635,51.4686431],[-0.0161127,51.4686855],[-0.0161656,51.4687359],[-0.0162501,51.4688256],[-0.0163128,51.4688893],[-0.01636,51.4689373],[-0.0163886,51.4689701],[-0.0164443,51.4690357],[-0.0164648,51.4690626],[-0.0165169,51.4691462],[-0.0165486,51.4691945],[-0.0165876,51.4692602],[-0.0166028,51.469251],[-0.0167092,51.4691887],[-0.0167763,51.4691473],[-0.0168088,51.4691282],[-0.0168435,51.4691084],[-0.0168886,51.4690857],[-0.0168956,51.4690832],[-0.0169165,51.4690722],[-0.0170113,51.4691614],[-0.0170877,51.4692336],[-0.0171241,51.4692683],[-0.0171872,51.4693276],[-0.0172042,51.469343],[-0.0172618,51.4693947],[-0.0172852,51.4694162],[-0.0173039,51.4694289],[-0.01733,51.4694416],[-0.0173614,51.469451],[-0.0173999,51.4694587],[-0.0174531,51.4694692],[-0.0175028,51.469478],[-0.0175275,51.4694814],[-0.0175958,51.4694872],[-0.0176303,51.4694907],[-0.0176441,51.4694934],[-0.0176982,51.469505],[-0.0177406,51.46951],[-0.0178681,51.4695181],[-0.0179026,51.4695216],[-0.0179621,51.46953],[-0.0180091,51.4695392],[-0.0180464,51.4695481],[-0.0181611,51.4695834],[-0.0182235,51.4696006],[-0.0183249,51.4696275],[-0.018382,51.4696434],[-0.0184876,51.4696776],[-0.0185468,51.4696992],[-0.0186197,51.469728],[-0.0187434,51.4697934],[-0.0188713,51.46986],[-0.019004,51.4699298],[-0.0190522,51.4699541],[-0.0191397,51.4700086],[-0.0190918,51.4700331],[-0.0190145,51.4700726],[-0.0190715,51.470138],[-0.0191295,51.4702026],[-0.0191572,51.470234],[-0.0192058,51.4702948],[-0.0192222,51.4703199],[-0.0192577,51.4703764],[-0.0192735,51.4704095],[-0.0192819,51.4704352],[-0.0192816,51.4704474],[-0.0192774,51.4704845],[-0.0192705,51.4705065],[-0.0192501,51.4705333],[-0.0192341,51.4705456],[-0.0191297,51.4706007],[-0.01904,51.4706455],[-0.0190296,51.4706327],[-0.0189833,51.4705721],[-0.0188971,51.4706053],[-0.0186846,51.4706862],[-0.0187446,51.4707651],[-0.018801,51.470839],[-0.0188491,51.470907],[-0.0189338,51.4710244],[-0.0189708,51.4710748],[-0.0189624,51.4710769],[-0.018947,51.4711303],[-0.018844,51.4711684],[-0.0188739,51.47121],[-0.0190305,51.4711592],[-0.019072,51.4712017],[-0.0191179,51.4712569],[-0.0191562,51.471352],[-0.0191774,51.4714446],[-0.0191882,51.4715092],[-0.0192147,51.4716376],[-0.019226,51.4717084],[-0.0192351,51.4717595],[-0.0192465,51.4717912],[-0.0192573,51.4718211],[-0.0192637,51.4718499],[-0.0192825,51.4719109],[-0.0192926,51.4719485],[-0.0193026,51.4719724],[-0.0193229,51.4720211],[-0.0193273,51.472036],[-0.019347,51.4720466],[-0.0194109,51.4720645],[-0.0194424,51.4720646],[-0.0194849,51.472061],[-0.0195756,51.4720562],[-0.0197007,51.4720454],[-0.0197385,51.4720415],[-0.0197928,51.4720402],[-0.019829,51.4720373],[-0.0198654,51.4720374],[-0.0199478,51.4720453],[-0.0199825,51.4720533],[-0.0200438,51.4720679],[-0.0200866,51.4720901],[-0.0201739,51.4721466],[-0.0202082,51.4721793],[-0.0202465,51.4722155],[-0.0202668,51.472237],[-0.0203045,51.4722731],[-0.0203282,51.4722951],[-0.0203378,51.4723053],[-0.0203377,51.4723203],[-0.0203447,51.4723435],[-0.0203522,51.4723712],[-0.0203558,51.4723849],[-0.0203561,51.4723966],[-0.0203389,51.4724202],[-0.0203148,51.4724648],[-0.0203051,51.4724781],[-0.0202981,51.4724906],[-0.0202916,51.4724972],[-0.0202366,51.4725488],[-0.0202093,51.4725795],[-0.020165,51.4726241],[-0.0201338,51.4726576],[-0.0201155,51.4726774],[-0.0200824,51.4727135],[-0.0200605,51.4727453],[-0.0200446,51.4727703],[-0.0200314,51.4728045],[-0.0200226,51.4728449],[-0.0200146,51.4728985],[-0.0199901,51.4729511],[-0.019992,51.4729914],[-0.019999,51.4730016],[-0.0200035,51.4730057],[-0.0200408,51.4730338],[-0.0201019,51.4730783],[-0.0201524,51.4731079],[-0.0201995,51.4731341],[-0.0202883,51.4731732],[-0.020385,51.4731785],[-0.0204861,51.4731766],[-0.0205732,51.4731789],[-0.0206852,51.4731916],[-0.0207371,51.4732592],[-0.0207678,51.4733491],[-0.0207926,51.4733969],[-0.0209115,51.4735731],[-0.0211014,51.4736774],[-0.0213007,51.4737755],[-0.0217038,51.4739107],[-0.0216867,51.4739383],[-0.0218278,51.4739965],[-0.0218687,51.4739678],[-0.0221449,51.4740605],[-0.0223352,51.4740934],[-0.0225024,51.4741094],[-0.02259,51.4741111],[-0.0226082,51.4741118],[-0.0226257,51.4741461],[-0.0226418,51.4741724],[-0.0226559,51.4741923],[-0.0226819,51.4742229],[-0.0227041,51.4742494],[-0.0227208,51.4742762],[-0.0227292,51.4742977],[-0.0228042,51.4743043],[-0.0228072,51.4743101],[-0.0228166,51.4743353],[-0.0228227,51.4743593],[-0.0228258,51.4743808],[-0.022822,51.4744455],[-0.0228421,51.4744755],[-0.0227998,51.474557],[-0.0227938,51.4746075],[-0.0227861,51.4746765],[-0.02279,51.4747206],[-0.0227955,51.4747473],[-0.0228072,51.4748017],[-0.022817,51.4748297],[-0.0228475,51.4749256],[-0.0228961,51.475056],[-0.0229389,51.4751634],[-0.0229378,51.4752315],[-0.0229257,51.4752639],[-0.0228869,51.4753118],[-0.0228521,51.4753345],[-0.0228329,51.4753428],[-0.0227882,51.475356],[-0.0227497,51.4753603],[-0.0227263,51.4753645],[-0.022682,51.4753673],[-0.02264,51.475368],[-0.0226024,51.4753678],[-0.0225651,51.475365],[-0.0225032,51.475367],[-0.0224713,51.4753687],[-0.0223465,51.4753924],[-0.022318,51.4753992],[-0.0222923,51.4754078],[-0.0222393,51.4754277],[-0.0222002,51.4754437],[-0.0221497,51.4754578],[-0.0220883,51.4754703],[-0.0219869,51.4754802],[-0.0217998,51.4754904],[-0.0215992,51.4754987],[-0.0214266,51.4755047],[-0.021333,51.4755109],[-0.0212067,51.4755187],[-0.021127,51.475521],[-0.0210558,51.4755275],[-0.0210078,51.4755317],[-0.0209589,51.4755417],[-0.0209339,51.4755498],[-0.0208895,51.4755735],[-0.020845,51.4755985],[-0.0207971,51.4756339],[-0.0207701,51.4756727],[-0.0207371,51.4757156],[-0.0207046,51.4757754],[-0.0206815,51.4758072],[-0.0206729,51.4758391],[-0.0206622,51.4758636],[-0.0206597,51.47587],[-0.0206575,51.4759007],[-0.0206552,51.4759059],[-0.0206562,51.4759238],[-0.0206617,51.4759552],[-0.0206842,51.4760449],[-0.0206988,51.4760831],[-0.020713,51.4761331],[-0.0207247,51.4761644],[-0.0207466,51.4762324],[-0.0207614,51.4762843],[-0.0207701,51.4763211],[-0.0207773,51.4763651],[-0.0207804,51.4764174],[-0.0207826,51.4764363],[-0.0207816,51.4764788],[-0.0207638,51.4765337],[-0.020726,51.4765912],[-0.0206938,51.4766297],[-0.0206687,51.4766558],[-0.0206207,51.4767085],[-0.0205942,51.4767323],[-0.0205688,51.47675],[-0.0205355,51.4767743],[-0.0204957,51.4767949],[-0.0203461,51.4768672],[-0.0202388,51.4769229],[-0.0202006,51.4769416],[-0.0201747,51.4769515],[-0.0201137,51.4769762],[-0.0200423,51.4770009],[-0.0199928,51.4770162],[-0.01991,51.4770377],[-0.0196846,51.4770808],[-0.0194947,51.4771102],[-0.0194316,51.4771228],[-0.0194119,51.4771264],[-0.0192946,51.4771582],[-0.019236,51.4771767],[-0.0191751,51.4772049],[-0.0191546,51.4772188],[-0.0191367,51.4772365],[-0.019123,51.4772518],[-0.0190928,51.4773113],[-0.019087,51.4773364],[-0.0190749,51.4774036],[-0.0190805,51.4774324],[-0.0190876,51.4774867],[-0.0191318,51.4776154],[-0.0191512,51.4776896],[-0.0191639,51.4777369],[-0.0191883,51.4778119],[-0.0192076,51.4778782],[-0.0192095,51.4779163],[-0.0192141,51.4779412],[-0.0192121,51.4779725],[-0.0192039,51.4780125],[-0.0191974,51.4780668],[-0.0191852,51.4781083],[-0.0191816,51.4781308],[-0.0191757,51.4781494],[-0.0191715,51.4781708],[-0.0191682,51.4781921],[-0.0191635,51.4782125],[-0.0191443,51.4782987],[-0.0191354,51.4783483],[-0.0191264,51.4784117],[-0.0191259,51.4784171],[-0.0191301,51.4784636],[-0.0191274,51.4785186],[-0.0191379,51.4785639],[-0.019139,51.4786017],[-0.0191411,51.4786547],[-0.0191409,51.4786865],[-0.0191387,51.4787017],[-0.0191376,51.4787404],[-0.0191354,51.4787714],[-0.0191288,51.4788087],[-0.0191295,51.4788443],[-0.0191321,51.4788684],[-0.0191344,51.4788982],[-0.0191331,51.4789071],[-0.0191312,51.4789367],[-0.019123,51.4789632],[-0.0191159,51.4789826],[-0.0191077,51.4790078],[-0.0191055,51.479024],[-0.0191013,51.4790323],[-0.0190987,51.4790448],[-0.019099,51.4790619],[-0.0191035,51.4791244],[-0.0191028,51.4791606],[-0.0190988,51.4791924],[-0.0190834,51.4792127],[-0.0190568,51.4792506],[-0.019037,51.4792714],[-0.0190163,51.4792962],[-0.0190052,51.4793199],[-0.0189916,51.4793602],[-0.018987,51.4793903],[-0.0189669,51.4794314],[-0.0189513,51.4794478],[-0.018938,51.4794606],[-0.0189267,51.4794743],[-0.0189178,51.4794825],[-0.0188852,51.4795173],[-0.0188582,51.4795433],[-0.018824,51.4795803],[-0.0187958,51.4796145],[-0.0187532,51.4796474],[-0.018664,51.4797067],[-0.0186284,51.4797296],[-0.0185823,51.4797601],[-0.0185526,51.4797801],[-0.0185144,51.4798065],[-0.0184908,51.4798176],[-0.0184079,51.4798562],[-0.0183182,51.4798802],[-0.018282,51.4798876],[-0.0182301,51.4798937],[-0.0181769,51.4798962],[-0.0180629,51.4799061],[-0.0179088,51.4799194],[-0.0178296,51.4799258],[-0.0176802,51.4799387],[-0.0174769,51.4799556],[-0.0174036,51.4799635],[-0.0172926,51.4799801],[-0.0171763,51.4800092],[-0.0170707,51.4800519],[-0.0170068,51.480091],[-0.0169629,51.4801295],[-0.0168596,51.4802453],[-0.0169984,51.4803307],[-0.017128,51.4804111],[-0.0172334,51.480475],[-0.0173283,51.4805321],[-0.0174541,51.4806078],[-0.0174831,51.4806248],[-0.0175016,51.4806364],[-0.0175563,51.4806696],[-0.0176024,51.4806974],[-0.0176504,51.4807264],[-0.0176814,51.4807441],[-0.0176875,51.4807477],[-0.0177048,51.4807557],[-0.0177151,51.4807615],[-0.0177266,51.480768],[-0.0177399,51.4807769],[-0.0177521,51.4807899],[-0.01776,51.480803],[-0.0177661,51.4808164],[-0.0177752,51.4808285],[-0.0177843,51.4808389],[-0.0178132,51.4808583],[-0.0178183,51.4808636],[-0.0178274,51.4808729],[-0.0178606,51.4808698],[-0.0180145,51.4808555],[-0.0182581,51.4808316],[-0.0183938,51.4808174],[-0.0184999,51.4808057],[-0.0185228,51.4808021],[-0.0186162,51.4807874],[-0.0186779,51.4807738],[-0.0187364,51.4807609],[-0.0188169,51.480737],[-0.0188581,51.4807242],[-0.019005,51.4806758],[-0.0191638,51.4806241],[-0.01936,51.4805605],[-0.0195249,51.480507],[-0.0197045,51.4804489],[-0.0197474,51.4804353],[-0.0198015,51.4804177],[-0.0198322,51.4804091],[-0.0199065,51.4803852],[-0.0200913,51.480326],[-0.0202037,51.4802902],[-0.0203303,51.4802496],[-0.0204271,51.4802186],[-0.0204138,51.4801747],[-0.0203861,51.4800834],[-0.0203608,51.4800004],[-0.0203344,51.4799135],[-0.0204851,51.4799004],[-0.0206447,51.4798861],[-0.0208406,51.4798688],[-0.0209822,51.4798551],[-0.021107,51.4798427],[-0.0212862,51.4798254],[-0.0214499,51.47981],[-0.0215994,51.4797959],[-0.021758,51.479781],[-0.0219183,51.4797659],[-0.0219288,51.4797647],[-0.0220859,51.4797508],[-0.022236,51.4797375],[-0.0223755,51.4797252],[-0.0224873,51.4797159],[-0.0225479,51.4797092],[-0.0226757,51.4796976],[-0.0228411,51.4796829],[-0.022927,51.4796754],[-0.0229969,51.4796691],[-0.0230664,51.4796648],[-0.0230659,51.4796878],[-0.0230717,51.4798663],[-0.0230783,51.4799812],[-0.0230919,51.4801189],[-0.0231061,51.4802082],[-0.0231323,51.4803826],[-0.0231646,51.480597],[-0.0231789,51.4806669],[-0.0232036,51.4806985],[-0.0232531,51.4807432],[-0.0233077,51.4807804],[-0.0233711,51.4808098],[-0.0234253,51.4808284],[-0.0244383,51.4810771],[-0.0246857,51.4811371],[-0.0251674,51.4812476],[-0.0254173,51.481302],[-0.0257374,51.4813676],[-0.0259218,51.481404],[-0.0261044,51.48144],[-0.026287,51.4814755],[-0.0263991,51.4814959],[-0.0263672,51.4815402],[-0.02635,51.4815619],[-0.0263306,51.4815849],[-0.0262831,51.4816334],[-0.0261867,51.4817103],[-0.0260855,51.4817876],[-0.026022,51.4818364],[-0.0259766,51.4818725],[-0.0259546,51.4818921],[-0.0259224,51.4819241],[-0.0258899,51.4819693],[-0.0258335,51.4820532],[-0.025803,51.4821076],[-0.0257884,51.4821504],[-0.025784,51.4821771],[-0.0257819,51.4822054],[-0.0257651,51.4823251],[-0.0257485,51.4823941],[-0.0257373,51.4824765],[-0.025714,51.4826235],[-0.0256946,51.482737],[-0.025666,51.4828965],[-0.0256407,51.4830377],[-0.0256218,51.4831446],[-0.0255896,51.4832237],[-0.0255863,51.4832518],[-0.0255757,51.483374],[-0.0255799,51.4834072],[-0.0255714,51.4834389],[-0.0255586,51.4834872],[-0.0255391,51.4835615],[-0.0253777,51.4840041],[-0.0253259,51.4841523],[-0.0253143,51.4842222],[-0.0253063,51.4842695],[-0.025296,51.4843318],[-0.0252896,51.4843716],[-0.0252824,51.4844146],[-0.0252744,51.4844637],[-0.0252653,51.4845187],[-0.0252572,51.484569],[-0.0252513,51.4846058],[-0.0252413,51.4846667],[-0.0252316,51.4847275],[-0.0252224,51.4847804],[-0.0252142,51.4848226],[-0.0252124,51.4848348],[-0.0252129,51.4848522],[-0.0252128,51.4848534],[-0.0252139,51.484893],[-0.0252145,51.4849025],[-0.0252117,51.4849158],[-0.0252146,51.4849433],[-0.0252075,51.4849688],[-0.0251935,51.4850228],[-0.025149,51.4850941],[-0.0251039,51.4851667],[-0.0250532,51.4852464],[-0.0250014,51.4853255],[-0.0249515,51.485392],[-0.0248713,51.4854992],[-0.024826,51.485563],[-0.0247671,51.485649],[-0.0246993,51.4857496],[-0.0246606,51.4858066],[-0.024614,51.4858714],[-0.0245479,51.4859239],[-0.024443,51.4860067],[-0.0243414,51.4860868],[-0.0242367,51.4861695],[-0.0241364,51.4862486],[-0.02403,51.4863325],[-0.0238673,51.4864612],[-0.0236493,51.4866335],[-0.0235697,51.4866965],[-0.0234783,51.4867683],[-0.0234358,51.4868022],[-0.024693,51.4874842],[-0.0265986,51.4888535],[-0.0272851,51.4894343],[-0.027846,51.4900552],[-0.029007,51.491626],[-0.0298151,51.4930307],[-0.0299165,51.4935331],[-0.0299391,51.493529],[-0.030775,51.4933782],[-0.0311846,51.493305],[-0.0316203,51.4932275],[-0.0318034,51.4931944],[-0.0319385,51.4931703],[-0.0319614,51.4931662],[-0.0320422,51.493107],[-0.0322059,51.4930826],[-0.0324116,51.4930519],[-0.0325872,51.493021],[-0.0325723,51.4929912],[-0.0327897,51.4929474],[-0.0330187,51.4929018],[-0.0331436,51.4928761],[-0.0331847,51.4928675],[-0.0332366,51.4928563],[-0.0332401,51.4928615],[-0.0333071,51.4929862],[-0.0334371,51.4929698],[-0.0336138,51.4929453],[-0.0337206,51.4929298],[-0.0339022,51.492897],[-0.0340345,51.4928722],[-0.0342275,51.4928341],[-0.0343081,51.4928149],[-0.0344931,51.49277],[-0.0345924,51.4927445],[-0.034827,51.4927009],[-0.0351545,51.4926387],[-0.0355579,51.4925596],[-0.0358991,51.4924915],[-0.0363067,51.492411],[-0.0367134,51.4923295],[-0.0370051,51.4922714],[-0.0371794,51.4922369],[-0.0372181,51.4922315],[-0.0372773,51.4922235],[-0.0373875,51.4922167],[-0.0374255,51.4922162],[-0.0375033,51.4922184],[-0.0375365,51.4922207],[-0.0375675,51.4922232],[-0.037632,51.4922309],[-0.0376873,51.49224],[-0.0377511,51.4922526],[-0.0378575,51.4922801],[-0.0379407,51.4923058],[-0.0380407,51.4923408],[-0.0381323,51.4923779],[-0.0382,51.4924088],[-0.0382458,51.4924321],[-0.0383357,51.4924857],[-0.038414,51.49254],[-0.0386057,51.4926734],[-0.0387733,51.4927852],[-0.0388517,51.4928395],[-0.0389373,51.4928742],[-0.0390341,51.4929071],[-0.0390875,51.4929237],[-0.0391811,51.4929482],[-0.0392072,51.4929544],[-0.039261,51.4929653],[-0.0393188,51.4929741],[-0.0394006,51.4929828],[-0.0394367,51.4929851],[-0.039505,51.4929887],[-0.0395981,51.4929908],[-0.039653,51.4929909],[-0.0397109,51.4929888],[-0.0397657,51.4929841],[-0.0398265,51.4929763],[-0.0398836,51.4929665],[-0.0399407,51.4929548],[-0.0400518,51.4929302],[-0.0401391,51.4929085],[-0.0401916,51.4928939],[-0.0402894,51.4928605],[-0.0403481,51.4928407],[-0.0403691,51.4928354],[-0.0404237,51.4928211],[-0.0405182,51.4927962],[-0.0405048,51.4927778],[-0.0404234,51.4926704],[-0.0402825,51.492483],[-0.0402092,51.4923863],[-0.0401167,51.4922618],[-0.040057,51.4921815],[-0.0401722,51.4921422],[-0.040206,51.492129],[-0.040432,51.4920469],[-0.0407009,51.491954],[-0.0408852,51.4918884],[-0.0410019,51.4918462],[-0.0410501,51.4918298],[-0.040999,51.4917725],[-0.0408881,51.4916537],[-0.0407517,51.4915077],[-0.0406437,51.4913928],[-0.0404997,51.4912419],[-0.0403724,51.4911133],[-0.0403032,51.4910447],[-0.0405675,51.4909491],[-0.0408079,51.4908624],[-0.0410691,51.4907683],[-0.0413851,51.4906538],[-0.0415897,51.4905794],[-0.0417977,51.4905074],[-0.041962,51.490448],[-0.0419898,51.4904375],[-0.0422822,51.4903314],[-0.0425054,51.4902505],[-0.0424075,51.4901817],[-0.0423219,51.4901178],[-0.0423052,51.4901053],[-0.0422819,51.4900879],[-0.042346,51.4900596],[-0.0423853,51.4900428],[-0.0424317,51.4900265],[-0.0424799,51.4900086],[-0.0424994,51.4900031],[-0.0425812,51.4899978],[-0.0426842,51.489995],[-0.0429619,51.4900063],[-0.0432046,51.4900182],[-0.0434357,51.4900307],[-0.0437248,51.4900465],[-0.0439782,51.4900586],[-0.0441665,51.490067],[-0.0443455,51.490077],[-0.0444091,51.4900808],[-0.0444318,51.4900844],[-0.0444515,51.4900888],[-0.0444821,51.4900998],[-0.0445181,51.4901191],[-0.0445759,51.4901671],[-0.0446505,51.4902436],[-0.0446519,51.4902455],[-0.0446949,51.4902913],[-0.0447431,51.490336],[-0.0447765,51.4903951],[-0.0449216,51.4903719],[-0.045084,51.4903533],[-0.0451144,51.49035],[-0.0451896,51.4903412],[-0.0451689,51.4903035],[-0.0453384,51.4902789],[-0.0456175,51.490238],[-0.0458192,51.490209],[-0.0458896,51.4902346],[-0.0460803,51.4903046],[-0.0461986,51.4903486],[-0.0463379,51.4903487],[-0.0464634,51.490348],[-0.0465551,51.4903475],[-0.0465612,51.4905235],[-0.0465641,51.4905974],[-0.0465655,51.4906289],[-0.0465671,51.4906684],[-0.0465977,51.4906617],[-0.0467266,51.4906329],[-0.0467518,51.4906268],[-0.0469226,51.4905859],[-0.0470538,51.4905543],[-0.0472385,51.4905101],[-0.0473781,51.490477],[-0.0475312,51.49044],[-0.0476618,51.4904083],[-0.0477247,51.4903934],[-0.0477851,51.4903794],[-0.0477515,51.4903262],[-0.0478754,51.4902971],[-0.0480241,51.4902625],[-0.0481977,51.4902219],[-0.0483037,51.4901971],[-0.0484752,51.4901569],[-0.0486008,51.490128],[-0.0487694,51.4900878],[-0.0489407,51.490047],[-0.0490427,51.4900224],[-0.0491593,51.489995],[-0.0492446,51.4899749],[-0.0492766,51.4900261],[-0.0493345,51.490012],[-0.0493518,51.4900078],[-0.0493932,51.4899981],[-0.0495362,51.4899646],[-0.0496194,51.4899453],[-0.0496999,51.4899261],[-0.0497304,51.4899205],[-0.0497332,51.4899127],[-0.0497387,51.4898942],[-0.0497268,51.4898525],[-0.0497214,51.4898339],[-0.0497776,51.4898237],[-0.0498618,51.4898085],[-0.049968,51.4897893],[-0.0500066,51.4897821],[-0.0501956,51.4897478],[-0.0502955,51.4897298],[-0.0503558,51.4897212],[-0.0507897,51.4896545],[-0.0508183,51.4896473],[-0.0510051,51.4896019],[-0.0511329,51.4895712],[-0.0512483,51.4895434],[-0.0512687,51.4895382],[-0.051311,51.4895249],[-0.0513498,51.4895101],[-0.0513656,51.4895034],[-0.0513873,51.4894889],[-0.0514217,51.4894671],[-0.0514661,51.4894406],[-0.0515518,51.4893858],[-0.0515568,51.4893827],[-0.0516748,51.4893049],[-0.0518291,51.4892018],[-0.0519045,51.4891521],[-0.0519629,51.4891137],[-0.0518973,51.4890768],[-0.0518165,51.4890312],[-0.0517055,51.4889855],[-0.0515066,51.4889037],[-0.0514092,51.4888637],[-0.0512426,51.4887954],[-0.051113,51.4887432],[-0.0509386,51.4886732],[-0.050842,51.4886343],[-0.0507263,51.4885878],[-0.0505998,51.4885366],[-0.0505108,51.4885004],[-0.0503985,51.4884549],[-0.0502751,51.4884049],[-0.0501765,51.4883642],[-0.0501696,51.4883612],[-0.0500916,51.4883294],[-0.0501179,51.4883036],[-0.0501627,51.4882599],[-0.0501565,51.4882576],[-0.0501644,51.4882503],[-0.0502166,51.4882011],[-0.050246,51.4881734],[-0.0502691,51.4881515],[-0.0503025,51.4881683],[-0.05031,51.4881604],[-0.0503407,51.4881316],[-0.0503095,51.4881162],[-0.0502985,51.4881106],[-0.0503103,51.4880998],[-0.0503122,51.4880981],[-0.0503357,51.4880771],[-0.050376,51.488041],[-0.0503915,51.4880271],[-0.0503973,51.488022],[-0.0503963,51.4880076],[-0.050409,51.4879942],[-0.0504406,51.4879657],[-0.0504631,51.4879453],[-0.0504839,51.4879266],[-0.0504933,51.4879183],[-0.0505007,51.4879192],[-0.0505044,51.4879194],[-0.0505136,51.4879196],[-0.0505251,51.4879188],[-0.0505399,51.4879169],[-0.050557,51.4879121],[-0.0505731,51.487907],[-0.0505876,51.4879009],[-0.0506394,51.4878784],[-0.0506494,51.487884],[-0.0506574,51.4878792],[-0.0506871,51.487895],[-0.0506841,51.487898],[-0.0507387,51.4879305],[-0.0508031,51.4879058],[-0.0509101,51.487865],[-0.0510045,51.4878287],[-0.0510828,51.4878154],[-0.051178,51.4877992],[-0.0512366,51.4877911],[-0.0513785,51.4877716],[-0.0514261,51.4877758],[-0.0514589,51.4877784],[-0.0515585,51.4877849],[-0.0516694,51.487792],[-0.0517831,51.4877993],[-0.051865,51.4878046],[-0.0519381,51.4878092],[-0.0520283,51.4878154],[-0.0520817,51.487818],[-0.0521686,51.4878125],[-0.0522938,51.4878046],[-0.0523716,51.4877999],[-0.0523659,51.487797],[-0.0523774,51.4877883],[-0.0524247,51.4877531],[-0.0524877,51.4877044],[-0.0525154,51.4876717],[-0.0525414,51.4876406],[-0.0525474,51.4876422],[-0.0525535,51.4876342],[-0.052591,51.4875852],[-0.0526176,51.4875509],[-0.052679,51.4875685],[-0.0527684,51.4875937],[-0.0528644,51.4876208],[-0.052948,51.4876443],[-0.0530789,51.4876812],[-0.053157,51.4877032],[-0.0532431,51.4877275],[-0.0533446,51.487756],[-0.0534302,51.4877801],[-0.0535203,51.4878056],[-0.053571,51.4878199],[-0.0536159,51.4878326],[-0.0536189,51.4878285],[-0.0536504,51.4878436],[-0.0536811,51.4878579],[-0.0537114,51.4878686],[-0.0537515,51.4878798],[-0.0538623,51.4879105],[-0.0539488,51.4879327],[-0.0539815,51.4879411],[-0.0539917,51.4879444],[-0.0539956,51.4879402],[-0.053998,51.4879375],[-0.0539963,51.4879364],[-0.0539642,51.4879041],[-0.0539422,51.4878805],[-0.0539249,51.4878633],[-0.0539195,51.4878539],[-0.053889,51.4878029],[-0.0538709,51.4877682],[-0.0538525,51.4877327],[-0.0538308,51.4876916],[-0.0537984,51.4876302],[-0.0537713,51.4875822],[-0.0537443,51.4875341],[-0.0537265,51.4875021],[-0.0537153,51.4874855],[-0.0536858,51.4874427],[-0.0536535,51.4873968],[-0.0536206,51.4873535],[-0.0535877,51.4873125],[-0.0535743,51.4872957],[-0.0535646,51.4872818],[-0.0535154,51.487218],[-0.0534348,51.4871144],[-0.0534185,51.4870956],[-0.0534038,51.487078],[-0.053383,51.4870569],[-0.0533653,51.4870389],[-0.0533556,51.4870299],[-0.0533421,51.4870176],[-0.0533192,51.4869979],[-0.0532814,51.4869693],[-0.0532354,51.4869363],[-0.0532219,51.4869374],[-0.0531339,51.4869442],[-0.0531084,51.4869241],[-0.0530831,51.4869046],[-0.0530694,51.4868928],[-0.0530316,51.4868623],[-0.0530172,51.4868493],[-0.0530135,51.4868463],[-0.0530005,51.4868315],[-0.052993,51.486824],[-0.0529831,51.486811],[-0.0529547,51.4867741],[-0.0529434,51.4867544],[-0.0529201,51.4867106],[-0.0529192,51.4867091],[-0.0529408,51.4866774],[-0.0528806,51.4866834],[-0.0528732,51.486644],[-0.0528644,51.4865954],[-0.0528564,51.4865534],[-0.0528484,51.486509],[-0.0528384,51.4864563],[-0.0528933,51.4864518],[-0.0528906,51.4864359],[-0.0528857,51.4864076],[-0.0528831,51.4863924],[-0.0529405,51.4863899],[-0.0529452,51.4863668],[-0.0529531,51.4863253],[-0.0529547,51.4863174],[-0.0529542,51.4863095],[-0.0529544,51.4862889],[-0.0529533,51.4862769],[-0.0529489,51.4862327],[-0.0529461,51.486205],[-0.0529447,51.4861945],[-0.0529422,51.4861801],[-0.0529403,51.4861676],[-0.0529388,51.4861636],[-0.0529391,51.4861524],[-0.0529403,51.4861163],[-0.0529417,51.4860895],[-0.0529442,51.4860604],[-0.0529467,51.4860325],[-0.0529514,51.4860028],[-0.0529834,51.4859979],[-0.0530309,51.4859905],[-0.0530573,51.4859856],[-0.0530674,51.4859836],[-0.0530751,51.4859809],[-0.0530897,51.4859771],[-0.0530975,51.4859748],[-0.0531152,51.4859699],[-0.0531189,51.485969],[-0.0531361,51.4859633],[-0.0531411,51.4859618],[-0.0531556,51.4859576],[-0.0531671,51.4859542],[-0.053181,51.4859517],[-0.0531885,51.4859501],[-0.0531869,51.4859478],[-0.0531846,51.4859404],[-0.0531807,51.4859274],[-0.0531775,51.485919],[-0.0531743,51.4859109],[-0.0531604,51.4858768],[-0.0531677,51.4858752],[-0.0532,51.4858704],[-0.0532553,51.485862],[-0.0533035,51.4858548],[-0.0533331,51.4858503],[-0.0533319,51.4858445],[-0.0533564,51.4858382],[-0.053379,51.4858325],[-0.0533966,51.4858274],[-0.0534378,51.4858173],[-0.0534667,51.4858113],[-0.0534936,51.4858065],[-0.0535399,51.4857986],[-0.0535444,51.4857752],[-0.0535488,51.4857518],[-0.0535541,51.4857246],[-0.0535575,51.485705],[-0.0535602,51.4856793],[-0.0535575,51.4856481],[-0.0535562,51.4856327],[-0.0535561,51.4856234],[-0.0535549,51.4856169],[-0.0535521,51.4856007],[-0.0535492,51.4855846],[-0.0535432,51.4855475],[-0.0535395,51.4855215],[-0.0535366,51.4854998],[-0.0535336,51.4854768],[-0.0535261,51.4854781],[-0.0535172,51.4854589],[-0.0534966,51.4854239],[-0.0534662,51.4853733],[-0.0534435,51.4853353],[-0.0534202,51.4852961],[-0.0534275,51.485295],[-0.0534188,51.4852803],[-0.053394,51.4852802],[-0.0533849,51.4852709],[-0.0533765,51.4852654],[-0.0533397,51.48524],[-0.0532776,51.4851965],[-0.053255,51.485198],[-0.0532244,51.4851966],[-0.0532213,51.4851879],[-0.0531953,51.4851864],[-0.0531832,51.485185],[-0.0531688,51.4851828],[-0.0531595,51.4851802],[-0.0531487,51.4851771],[-0.0531387,51.4851723],[-0.0531369,51.4851706],[-0.0531255,51.485162],[-0.0531201,51.4851564],[-0.0531117,51.4851455],[-0.0531043,51.4851239],[-0.0531141,51.4851235],[-0.0531045,51.4850975],[-0.0530891,51.4850359],[-0.0530816,51.4850369],[-0.0530766,51.4850142],[-0.0530749,51.4849848],[-0.0530768,51.4849765],[-0.0530676,51.4849206],[-0.0530518,51.4848185],[-0.0530461,51.484785],[-0.0530439,51.4847582],[-0.053041,51.4847514],[-0.0530302,51.4847198],[-0.0530474,51.484719],[-0.0530407,51.4846883],[-0.0530141,51.4846845],[-0.0530084,51.4846534],[-0.0529988,51.4846085],[-0.0529895,51.4845672],[-0.0529767,51.4845094],[-0.0529706,51.4844866],[-0.0529638,51.4844602],[-0.0529696,51.4844612],[-0.0529725,51.4844442],[-0.0529646,51.4844433],[-0.0529721,51.4844266],[-0.0529767,51.4844182],[-0.0529836,51.4844107],[-0.0529909,51.4844031],[-0.0529998,51.4843964],[-0.0530068,51.4843919],[-0.0530156,51.484387],[-0.0530256,51.4843831],[-0.0530363,51.4843788],[-0.0530459,51.4843758],[-0.0530524,51.4843745],[-0.0530602,51.4843733],[-0.0530626,51.4843732],[-0.0530704,51.4843725],[-0.0530785,51.4843722],[-0.0530768,51.4843772],[-0.0530955,51.4843784],[-0.0530974,51.4843771],[-0.05312,51.484378],[-0.0531092,51.484323],[-0.053095,51.4842519],[-0.053083,51.4841846],[-0.0530717,51.4841162],[-0.0530601,51.48405],[-0.0530488,51.4839859],[-0.05304,51.4839349],[-0.0530268,51.4838612],[-0.0530182,51.4838124],[-0.0530126,51.4837836],[-0.0530012,51.483727],[-0.0529984,51.4837123],[-0.0529892,51.4836663],[-0.0529819,51.4836234],[-0.0529728,51.4835711],[-0.0529752,51.4835689],[-0.0529704,51.4835618],[-0.0529686,51.4835614],[-0.0529659,51.4835545],[-0.0528201,51.4835456],[-0.0528152,51.4834936],[-0.0528114,51.4834634],[-0.0529276,51.4834511],[-0.0529237,51.483389],[-0.0529825,51.4833883],[-0.0529733,51.4832674],[-0.0529702,51.4832471],[-0.0529666,51.483192],[-0.0529544,51.4829965],[-0.0529559,51.4828979],[-0.0529583,51.4827437],[-0.0528081,51.4827245],[-0.0528115,51.4826443],[-0.0528855,51.4826372],[-0.0529012,51.4826372],[-0.0529226,51.4826352],[-0.0529375,51.4826346],[-0.0529593,51.4825151],[-0.0529599,51.4825109],[-0.0529697,51.4824567],[-0.0529756,51.4824253],[-0.0529959,51.4822383],[-0.0530048,51.4821517],[-0.0530091,51.482111],[-0.0530104,51.4820997],[-0.0530113,51.4820906],[-0.0530137,51.4820707],[-0.0530154,51.4820583],[-0.053017,51.4820462],[-0.0530098,51.4820465],[-0.0530121,51.4820319],[-0.0530171,51.4820016],[-0.0530231,51.4819652],[-0.0530277,51.481937],[-0.0530319,51.481912],[-0.0530355,51.4818894],[-0.05304,51.481862],[-0.0530452,51.4818306],[-0.05305,51.4818006],[-0.0530525,51.4817858],[-0.0530573,51.4817569],[-0.053063,51.4817213],[-0.0530683,51.4816893],[-0.0530729,51.4816614],[-0.053076,51.481642],[-0.0530762,51.4816411],[-0.0530812,51.48161],[-0.0530848,51.4815884],[-0.0530884,51.4815671],[-0.0530904,51.4815545],[-0.0530932,51.4815446],[-0.0531005,51.481519],[-0.0531109,51.4814835],[-0.0531191,51.4814552],[-0.0531277,51.4814252],[-0.0531359,51.4813965],[-0.0531363,51.4813955],[-0.0531441,51.4813685],[-0.0531525,51.4813393],[-0.0531587,51.4813175],[-0.0531664,51.4812909],[-0.0531739,51.4812648],[-0.0531814,51.4812389],[-0.0531921,51.4812022],[-0.0532025,51.4811658],[-0.0532064,51.4811528],[-0.0532216,51.4811512],[-0.0532225,51.4811472],[-0.0532318,51.4811165],[-0.0532456,51.4810705],[-0.0532483,51.4810627],[-0.0532547,51.4810416],[-0.053262,51.4810426],[-0.0532554,51.4810322],[-0.0532299,51.4810287],[-0.053163,51.4810204],[-0.0531483,51.4810187],[-0.0531014,51.4810129],[-0.0531134,51.4809773],[-0.0531228,51.4809497],[-0.0531317,51.4809267],[-0.0531248,51.4809263],[-0.0531319,51.4809168],[-0.053136,51.4809121],[-0.0531484,51.4809001],[-0.0531641,51.4808847],[-0.053184,51.4808706],[-0.0532151,51.4808644],[-0.0532797,51.4808519],[-0.0532788,51.4808478],[-0.0532749,51.4808247],[-0.0532866,51.480812],[-0.0533035,51.4807934],[-0.0533081,51.4807964],[-0.0533433,51.4807117],[-0.053375,51.4806413],[-0.0534343,51.4805003],[-0.0535194,51.480482],[-0.0535134,51.4804055],[-0.0535077,51.4803923],[-0.053503,51.4803886],[-0.053475,51.4803806],[-0.0534131,51.4803697],[-0.0533532,51.4803593],[-0.053363,51.4803371],[-0.0533773,51.4803059],[-0.0534467,51.4803164],[-0.053514,51.4803259],[-0.0535276,51.4803272],[-0.0535332,51.4803265],[-0.0535415,51.480323],[-0.0535438,51.4803212],[-0.0535489,51.4803169],[-0.0535535,51.4803085],[-0.0535615,51.4802932],[-0.053565,51.480292],[-0.053578,51.4802683],[-0.0535671,51.4802389],[-0.0535257,51.4802309],[-0.0535097,51.4802124],[-0.0534968,51.4801957],[-0.0534859,51.4801798],[-0.0534793,51.4801692],[-0.053474,51.480157],[-0.0534703,51.4801222],[-0.0534768,51.4800912],[-0.0534988,51.4800395],[-0.0535212,51.4799906],[-0.0536019,51.4798294],[-0.0536161,51.479801],[-0.0536184,51.4797969],[-0.0536825,51.479811],[-0.0537876,51.479642],[-0.0538763,51.4794814],[-0.0538686,51.4794797],[-0.0538996,51.4794215],[-0.0539221,51.4793795],[-0.0539499,51.4793248],[-0.0539599,51.4793215],[-0.0539656,51.479304],[-0.0539784,51.4792753],[-0.0540007,51.4792201],[-0.0539556,51.4792045],[-0.0540021,51.4791292],[-0.0540089,51.4791312],[-0.0540574,51.4790572],[-0.054165,51.4788885],[-0.0542756,51.4787156],[-0.0543347,51.4786231],[-0.0543205,51.4786185],[-0.0542604,51.4785951],[-0.0541486,51.4785529],[-0.0541056,51.4785363],[-0.0540418,51.4785122],[-0.0535216,51.4783149],[-0.0531983,51.4781914],[-0.0527132,51.4780137],[-0.0527136,51.4779927],[-0.0527158,51.4776826],[-0.0527151,51.4774441],[-0.0527195,51.4770561],[-0.0527212,51.4768222],[-0.0527246,51.4764857],[-0.0527282,51.4761837],[-0.0527309,51.4758398],[-0.0527312,51.4756191],[-0.0527307,51.4752419],[-0.0527332,51.4748462],[-0.0527386,51.4746247],[-0.0527426,51.4743914],[-0.0527419,51.4741867],[-0.0527398,51.4739599],[-0.0527412,51.4737064],[-0.052742,51.4734683],[-0.0527416,51.473283],[-0.0527399,51.4731028],[-0.0527389,51.4730716],[-0.0527532,51.4730117],[-0.0527629,51.4729906],[-0.0527673,51.4729694],[-0.0527524,51.4729071],[-0.0527076,51.4727728],[-0.0526252,51.4725275],[-0.0525585,51.4723283],[-0.0524844,51.4721216],[-0.0524332,51.4719604],[-0.0524034,51.4718719],[-0.0524035,51.4718708],[-0.0523707,51.4717862],[-0.0523002,51.4715645],[-0.0522141,51.4713107],[-0.0521485,51.4711133],[-0.0520824,51.4709126],[-0.0520173,51.4707235],[-0.0519806,51.4706092],[-0.0518281,51.4701587],[-0.051764,51.469963],[-0.0517137,51.4698183],[-0.0516971,51.4697663],[-0.051687,51.4697457],[-0.0516834,51.4697155],[-0.0516924,51.4696852],[-0.0517688,51.4696156],[-0.0517847,51.4696012],[-0.0519999,51.4694444],[-0.0521418,51.4693393],[-0.0522953,51.4692256],[-0.0521371,51.4690582],[-0.052041,51.4689546],[-0.0518055,51.4687013],[-0.051689,51.4685793],[-0.0515454,51.468432],[-0.0515122,51.4683984],[-0.0514785,51.4683619],[-0.0514347,51.4683164],[-0.0514006,51.4682744],[-0.0513423,51.4681942],[-0.0511852,51.467981],[-0.051026,51.4677731],[-0.0509945,51.4677304],[-0.0509856,51.4677186],[-0.0509195,51.467632],[-0.0508771,51.4675764],[-0.0509576,51.4675393],[-0.0511304,51.4674591],[-0.0513228,51.4673695],[-0.0510813,51.4671794],[-0.0508153,51.4669714],[-0.0506931,51.4668751],[-0.0505699,51.4667894],[-0.0505825,51.4667819],[-0.0506906,51.4667268],[-0.0508376,51.4666537],[-0.0506166,51.4666174],[-0.0502961,51.4665563],[-0.0499656,51.4664853],[-0.049905,51.4664713],[-0.0496701,51.4664099],[-0.0496232,51.4663974],[-0.0494068,51.466339],[-0.0493021,51.4663107],[-0.0491997,51.4662794],[-0.0490737,51.4662374],[-0.0490203,51.4662203],[-0.0489547,51.4661978],[-0.0488573,51.4661622],[-0.0487189,51.4661101],[-0.0485345,51.466037],[-0.0484835,51.4660153],[-0.0482592,51.4659186],[-0.0482021,51.4658941],[-0.048238,51.4658639],[-0.0483234,51.4657959],[-0.0483867,51.4657461],[-0.048438,51.4657055],[-0.0484856,51.4656682],[-0.0485351,51.4656289],[-0.048541,51.4656263],[-0.0484465,51.4655787],[-0.0483687,51.4655393],[-0.0483076,51.46551],[-0.0482212,51.4654685],[-0.0481756,51.4654467],[-0.0480543,51.4653859],[-0.0479546,51.465337],[-0.0478616,51.4652921],[-0.0477951,51.4652601],[-0.0477332,51.4652302],[-0.0477208,51.4652254],[-0.0477026,51.4652178],[-0.0475479,51.4651518],[-0.0474967,51.465124],[-0.0473457,51.4650448],[-0.0471977,51.4649783],[-0.0470665,51.4649142],[-0.0470137,51.4648861],[-0.0469447,51.4648406],[-0.0468004,51.464744],[-0.0466239,51.4646267],[-0.0465753,51.4645931],[-0.0464421,51.4644831],[-0.0463538,51.4643964],[-0.0462734,51.4643145],[-0.0462081,51.4642383],[-0.0461613,51.464175],[-0.0459991,51.4639746],[-0.0457204,51.4635231],[-0.0454591,51.4629461],[-0.0454112,51.4628223],[-0.0453638,51.4626845],[-0.0453608,51.4626613],[-0.0453369,51.4625793],[-0.0453144,51.4625018],[-0.0452647,51.4623246],[-0.0452484,51.462216],[-0.0452394,51.462161],[-0.0452168,51.4620449],[-0.0452094,51.4619855],[-0.0451976,51.4619064],[-0.0451819,51.4618032],[-0.0451707,51.4617038],[-0.0451623,51.4616227],[-0.0451535,51.4615367],[-0.0451394,51.4614156],[-0.0451322,51.4613574],[-0.0451267,51.4613127],[-0.0451231,51.4612241],[-0.0451179,51.4611369],[-0.0451146,51.4610565],[-0.0451117,51.4609769],[-0.0451088,51.4609053],[-0.0451054,51.4608371],[-0.0451049,51.4608243],[-0.0451081,51.4607538],[-0.0451136,51.460619],[-0.0451137,51.4606129],[-0.0451159,51.4605583],[-0.0451174,51.4605203],[-0.0451188,51.4604756],[-0.0451213,51.4604259],[-0.0451244,51.4603844],[-0.0451284,51.4603448],[-0.0451337,51.4602921],[-0.0451379,51.4602507],[-0.0451435,51.4601991],[-0.0451476,51.4601622],[-0.0451538,51.4601067],[-0.0451561,51.4600643],[-0.0451566,51.4600525],[-0.0451615,51.4600136],[-0.0451698,51.4599506],[-0.0451778,51.4598908],[-0.0451836,51.4598425],[-0.0451697,51.4598414],[-0.0451725,51.4598211],[-0.0451799,51.4597713],[-0.0451964,51.459678],[-0.0452124,51.4595804],[-0.0452284,51.4594816],[-0.0452372,51.4594308],[-0.045248,51.4593802],[-0.0452664,51.4593004],[-0.0452872,51.4592142],[-0.0452971,51.4591708],[-0.0453141,51.4590995],[-0.0453337,51.4590127],[-0.0453522,51.4589325],[-0.045353,51.4589302],[-0.0453616,51.458894],[-0.0453733,51.4588465],[-0.0453827,51.4588159],[-0.0454018,51.458758],[-0.0454178,51.4587089],[-0.0454336,51.4586615],[-0.045452,51.4586026],[-0.0454799,51.4585205],[-0.045512,51.4584307],[-0.0455361,51.4583664],[-0.0455594,51.4583027],[-0.0455663,51.4582827],[-0.0456013,51.4581869],[-0.0456388,51.4580923],[-0.0456686,51.4580174],[-0.0457057,51.4579281],[-0.0457071,51.4579245],[-0.0457368,51.4578502],[-0.0457648,51.4577804],[-0.0457979,51.4576972],[-0.0458338,51.4576189],[-0.0458584,51.4575633],[-0.045885,51.4575043],[-0.0459164,51.4574339],[-0.0459496,51.4573594],[-0.0459966,51.4572536],[-0.0460229,51.4571961],[-0.0460345,51.4571966],[-0.0460472,51.457172],[-0.0460742,51.4571186],[-0.0461153,51.4570371],[-0.0461295,51.4570076],[-0.0461598,51.4569461],[-0.0460515,51.4569219],[-0.0459632,51.4569008],[-0.0458002,51.4568606],[-0.0456701,51.4568287],[-0.0455852,51.4568078],[-0.0455308,51.4567945],[-0.0453874,51.4567592],[-0.0452286,51.4567203],[-0.0451527,51.4567019],[-0.0451419,51.4566991],[-0.0450378,51.4566736],[-0.0450034,51.4566698],[-0.0449172,51.456659],[-0.0449002,51.4566587],[-0.044772,51.4566379],[-0.0447235,51.4566245],[-0.0446564,51.4566018],[-0.0446,51.4565815],[-0.0445504,51.4565584],[-0.0443027,51.4564224],[-0.0439413,51.4562206],[-0.0437036,51.4560815],[-0.0435128,51.4559694],[-0.0431608,51.4557632],[-0.0428893,51.4556065],[-0.0426917,51.4554968],[-0.0424936,51.4553867],[-0.042418,51.4553439],[-0.0422679,51.4552682],[-0.042121,51.4552045],[-0.0418276,51.4550761],[-0.0416691,51.4550051],[-0.0416734,51.4549969],[-0.04171,51.454941],[-0.0418715,51.4546818],[-0.0420498,51.4544065],[-0.0422812,51.4540305],[-0.0423671,51.4538888],[-0.0423996,51.4538455],[-0.0425433,51.4536706],[-0.0428,51.453364],[-0.0430179,51.4530966],[-0.0430746,51.4531278],[-0.0431543,51.4530565],[-0.0434753,51.452752],[-0.0436245,51.4526008],[-0.0437521,51.4524598],[-0.0439244,51.4522699],[-0.0440972,51.452079],[-0.0442878,51.45187],[-0.0444253,51.4517194],[-0.0444496,51.451695],[-0.0444946,51.4516554],[-0.0445382,51.4516259],[-0.0445831,51.4516005],[-0.0446966,51.4515308],[-0.0447578,51.4514857],[-0.0447778,51.4514644],[-0.0447945,51.4514373],[-0.044805,51.4514085],[-0.0448099,51.4513786],[-0.0448175,51.4513587],[-0.0448242,51.4513333],[-0.0448326,51.4513193],[-0.0448503,51.4513015],[-0.0448725,51.451279],[-0.0449092,51.4512761],[-0.0449479,51.4512761],[-0.044981,51.451276],[-0.0450352,51.451264],[-0.0450489,51.4512555],[-0.0450507,51.4512497],[-0.0450821,51.4511916],[-0.0451225,51.4511164],[-0.0451237,51.4510878],[-0.0451244,51.4510484],[-0.045119,51.4509916],[-0.0451135,51.4509767],[-0.0451132,51.4509583],[-0.0451374,51.4509252],[-0.045173,51.4508883],[-0.0452906,51.4507581],[-0.0454736,51.4505567],[-0.0456497,51.4503604],[-0.0457829,51.4502136],[-0.0459771,51.4500043],[-0.0461059,51.4498682],[-0.0461176,51.4498567],[-0.0461587,51.449861],[-0.0461639,51.4498611],[-0.0462842,51.4498708],[-0.0466524,51.4499044],[-0.0470402,51.4499446],[-0.0472312,51.4499659],[-0.0474973,51.4500021],[-0.0477752,51.4500465],[-0.0479595,51.4500738],[-0.0481169,51.45009],[-0.0482989,51.450096],[-0.0485758,51.4501077],[-0.0488021,51.4501145],[-0.0490226,51.4501066],[-0.0490867,51.4500961],[-0.0493357,51.4500257],[-0.0498294,51.4498681],[-0.0504777,51.4496597],[-0.0509546,51.4495079],[-0.0525139,51.4490134],[-0.0528215,51.4489092],[-0.0528716,51.4488888],[-0.0529849,51.4488398],[-0.0530424,51.4488156],[-0.0530842,51.4487986],[-0.0531218,51.4487872],[-0.0531584,51.4487807],[-0.0532021,51.4487774],[-0.0532959,51.4487714],[-0.0534325,51.4487616],[-0.0535377,51.4487528],[-0.0536108,51.4487414],[-0.0536515,51.4487325],[-0.0536858,51.4487225],[-0.0537659,51.4486961],[-0.0538566,51.448688],[-0.0538816,51.4486864],[-0.0539056,51.4486924],[-0.053954,51.4487294],[-0.0539788,51.448753],[-0.0540777,51.4488348],[-0.0541876,51.4489061],[-0.0543021,51.4489709],[-0.0543355,51.4489893],[-0.0543853,51.4490145],[-0.0544876,51.4490628],[-0.0545806,51.4491068],[-0.0547142,51.4491644],[-0.0548037,51.449203],[-0.0549435,51.4492635],[-0.0550997,51.4493258],[-0.0551774,51.449363],[-0.0552891,51.449409],[-0.0555338,51.4495102],[-0.055756,51.4495983],[-0.0560358,51.4497061],[-0.0562558,51.4497911],[-0.0563597,51.4498325],[-0.0565364,51.4498862],[-0.0566269,51.4499182],[-0.0567481,51.4499656],[-0.0568871,51.4500214],[-0.056992,51.4500691],[-0.0570419,51.4500929],[-0.0571684,51.450162],[-0.0572241,51.4501891],[-0.0573008,51.4502287],[-0.0573934,51.4502685],[-0.0574482,51.4502886],[-0.0575602,51.4503334],[-0.0575835,51.4503428],[-0.0576035,51.4503258],[-0.0577034,51.4502417],[-0.0577574,51.4502003],[-0.0578165,51.4501544],[-0.0579033,51.4500939],[-0.0579732,51.4500418],[-0.0580391,51.4499973],[-0.0582126,51.4498681],[-0.0584258,51.4497134],[-0.0585112,51.4496589],[-0.0587534,51.4495039],[-0.0588891,51.4494251],[-0.0590571,51.4493255],[-0.0592999,51.4491883],[-0.0596777,51.4489988],[-0.0598398,51.4489273],[-0.0603159,51.4487276],[-0.0605778,51.448613],[-0.0607069,51.4485448],[-0.0609378,51.4484119],[-0.0611916,51.4482492],[-0.0614079,51.4481095],[-0.0616326,51.4479527],[-0.0618273,51.4477866],[-0.0619459,51.4476642],[-0.0620582,51.4475417],[-0.0622042,51.4473727],[-0.06222,51.4473521],[-0.0623086,51.4472378],[-0.0625005,51.4470026],[-0.0626837,51.4467529],[-0.0627494,51.4466539],[-0.0628977,51.4464305],[-0.0629032,51.4464196],[-0.0630435,51.4461992],[-0.0631737,51.445951],[-0.0632936,51.4456774],[-0.0634637,51.4452632],[-0.0635265,51.445084],[-0.0636037,51.4448683],[-0.0636479,51.4446907],[-0.0636874,51.4445365],[-0.0636977,51.4445012],[-0.0637024,51.4444623],[-0.063714,51.4443716],[-0.0637219,51.4442927],[-0.063728,51.4442242],[-0.0637304,51.4442066],[-0.0637236,51.4441556],[-0.0637126,51.4440552],[-0.0637053,51.4439417],[-0.0636892,51.4438447],[-0.063679,51.4437624],[-0.0636698,51.4436166],[-0.0636696,51.4435471],[-0.0636757,51.4433452],[-0.0637029,51.4430881],[-0.0637337,51.4428681],[-0.0638705,51.442526],[-0.0638918,51.4424828],[-0.0639887,51.442255],[-0.0640617,51.4420718],[-0.0640893,51.4420098],[-0.0641065,51.4419844],[-0.0641615,51.4419228],[-0.0642781,51.4418159],[-0.0643894,51.4417195],[-0.0645207,51.4416073],[-0.0646111,51.4415302],[-0.0646533,51.441486],[-0.0647772,51.4413836],[-0.0647863,51.4413753],[-0.0649439,51.4412485],[-0.0650563,51.4411637],[-0.0650288,51.4411466],[-0.0649839,51.4411222],[-0.0648961,51.4410824],[-0.0648348,51.4410618],[-0.0646722,51.4410188],[-0.0646149,51.4410022],[-0.0645214,51.4409683],[-0.0643883,51.4409324],[-0.0642973,51.4409119],[-0.0642665,51.4409081],[-0.0641037,51.4408909],[-0.0640873,51.4408652],[-0.0640749,51.4408411],[-0.0640612,51.4408096],[-0.0640491,51.4407801],[-0.0640406,51.4407487],[-0.0640237,51.4406713],[-0.0640159,51.4406241],[-0.0640116,51.4405811],[-0.0640074,51.4405572],[-0.0639979,51.4404897],[-0.0639894,51.4404592],[-0.0639834,51.4404059],[-0.0639749,51.4403616],[-0.0639681,51.4403031],[-0.0639384,51.4401395],[-0.0639113,51.4399981],[-0.063898,51.4399485],[-0.0638676,51.4398374],[-0.0638415,51.4396983],[-0.0638166,51.4395535],[-0.063788,51.4393936],[-0.0637874,51.4393869],[-0.0637622,51.4392427],[-0.063761,51.4392098],[-0.0637575,51.4391336],[-0.0637558,51.4390297],[-0.0637571,51.4388866],[-0.0637578,51.4387367],[-0.0637592,51.4386538],[-0.0637589,51.4386119],[-0.0637547,51.4385283],[-0.0637583,51.4384681],[-0.0637709,51.4383177],[-0.0637766,51.4382427],[-0.0637797,51.4381095],[-0.0637741,51.4380585],[-0.0637659,51.4380203],[-0.0637546,51.4379947],[-0.0637306,51.437952],[-0.0637087,51.4379217],[-0.0636742,51.4378834],[-0.063604,51.4378109],[-0.063554,51.4377605],[-0.0635324,51.4377353],[-0.0634952,51.4376882],[-0.0634265,51.4375721],[-0.0635195,51.4375273],[-0.0637209,51.4374354],[-0.0638276,51.4373898],[-0.0639567,51.4373289],[-0.0640578,51.4372827],[-0.0641443,51.4372398],[-0.0642344,51.4371869],[-0.0642941,51.4371486],[-0.0643539,51.4371057],[-0.0643889,51.4370791],[-0.0644191,51.4370509],[-0.0644429,51.437023],[-0.064465,51.4369962],[-0.0644845,51.4369734],[-0.0645303,51.436899],[-0.0645558,51.4368486],[-0.0645994,51.4367526],[-0.0646556,51.436624],[-0.0647188,51.436483],[-0.0647955,51.4363275],[-0.0648227,51.4362761],[-0.0648997,51.4361504],[-0.0649391,51.4360966],[-0.0650346,51.4359742],[-0.0651971,51.4357714],[-0.0652443,51.4357036],[-0.0653481,51.4355355],[-0.0654618,51.4353631],[-0.0655613,51.435203],[-0.0656247,51.4350952],[-0.0656698,51.4350194],[-0.0657374,51.4348885],[-0.0657954,51.4347761],[-0.0658201,51.4347251],[-0.0658428,51.4346836],[-0.0658774,51.4346268],[-0.0659465,51.4345367],[-0.0659962,51.4344856],[-0.0660714,51.4344234],[-0.0662021,51.4343248],[-0.0663635,51.434206],[-0.0663867,51.4341928],[-0.066463,51.4341422],[-0.0665272,51.4340908],[-0.0665837,51.4340505],[-0.0667282,51.4339511],[-0.0668383,51.4338818],[-0.0669547,51.4338172],[-0.0670237,51.4337876],[-0.0672267,51.4336953],[-0.0674505,51.4336057],[-0.0675482,51.4335635],[-0.0677833,51.433456],[-0.0679059,51.4333951],[-0.0680401,51.4333288],[-0.0684204,51.4331426],[-0.0686679,51.4330272],[-0.0688873,51.4329266],[-0.068989,51.4328854],[-0.0690464,51.4328637],[-0.0691396,51.432831],[-0.0691682,51.4328234],[-0.0694464,51.4327438],[-0.0695962,51.4327085],[-0.0696792,51.4326902],[-0.0699436,51.4326321],[-0.0701819,51.4325816],[-0.0703153,51.4325526],[-0.0704862,51.4325156],[-0.070631,51.4324832],[-0.0707129,51.4324719],[-0.0707785,51.432465],[-0.070873,51.43246],[-0.0709326,51.4324614],[-0.0709519,51.4324618],[-0.0710187,51.4324649],[-0.071111,51.432474],[-0.0711992,51.4324845],[-0.0713155,51.4324995],[-0.0713981,51.4325094],[-0.0715377,51.4325238],[-0.0716445,51.4325331],[-0.0717387,51.4325377],[-0.0717943,51.4325361],[-0.0719251,51.4325327],[-0.0720325,51.4325264],[-0.0721062,51.4325185],[-0.0721961,51.4325079],[-0.0722521,51.4324988],[-0.0723424,51.4324811],[-0.0724041,51.4324685],[-0.0724676,51.4324545],[-0.0725157,51.4324406],[-0.0725615,51.4324263],[-0.0726131,51.432406],[-0.072657,51.432378],[-0.0726944,51.4323529],[-0.0727347,51.4323142],[-0.0727553,51.4322849],[-0.0727998,51.4322216],[-0.0728387,51.4321603],[-0.0728549,51.4321394],[-0.0728913,51.4320971],[-0.0729126,51.4320713],[-0.0729444,51.4320416],[-0.0731676,51.4318135],[-0.0733239,51.4316619],[-0.0734571,51.431523],[-0.0735611,51.4314088],[-0.0736382,51.4313189],[-0.0748936,51.4297491],[-0.0749277,51.4296553],[-0.0749703,51.4295327],[-0.0750484,51.4291797],[-0.0750933,51.4287956]]]}},{"type":"Feature","properties":{"kind":"routes","class":"major","routeCount":114},"geometry":{"type":"MultiLineString","coordinates":[[[-0.05085598502565989,51.48788563449489],[-0.0508496,51.4878817]],[[-0.0508496,51.4878817],[-0.0506781,51.4877763]],[[-0.0506781,51.4877763],[-0.0504662,51.4876469],[-0.0503088,51.4875298],[-0.0502204,51.4874512],[-0.0501116,51.4873664],[-0.0499814,51.4872415],[-0.0493285,51.4866417],[-0.0491507,51.4864765],[-0.0489471,51.4862845],[-0.048367,51.4857366]],[[-0.048367,51.4857366],[-0.0478206,51.4852067],[-0.0474769,51.4848608],[-0.047117,51.484461]],[[-0.047117,51.484461],[-0.0469374,51.4842338]],[[-0.0469374,51.4842338],[-0.0460055,51.4830343],[-0.0458848,51.4828857],[-0.0441726,51.4808404],[-0.0440412,51.4806769]],[[-0.0440412,51.4806769],[-0.0438069,51.4803156]],[[-0.0438069,51.4803156],[-0.0425664,51.4787767]],[[-0.0425664,51.4787767],[-0.0420436,51.4781105],[-0.0417759,51.4777419]],[[-0.0417759,51.4777419],[-0.0417288,51.477669],[-0.0414434,51.4772276],[-0.0412944,51.4770015],[-0.0411173,51.4767623]],[[-0.0411173,51.4767623],[-0.0408136,51.4762015],[-0.0404644,51.4755264],[-0.040298,51.4752002],[-0.0400524,51.4747189],[-0.0397622,51.474105],[-0.0394807,51.4734076]],[[-0.0394807,51.4734076],[-0.0390414,51.472471]],[[-0.0390414,51.472471],[-0.0388228,51.4720069],[-0.0385758,51.4714977],[-0.0383763,51.4710502],[-0.0382134,51.4706539],[-0.038057,51.4702353],[-0.0378995,51.4697234],[-0.0378154,51.4693801],[-0.0377162,51.4689366],[-0.0376483,51.4685476],[-0.0375868,51.4680847],[-0.0374971,51.4673242],[-0.0374506,51.4667458],[-0.0374327,51.4661429],[-0.0374482,51.46554],[-0.0374744,51.4651576],[-0.0375066,51.4648108],[-0.0375745,51.4642999],[-0.0376616,51.4638254],[-0.0377569,51.4633977],[-0.0378964,51.4628831],[-0.0380823,51.4622883],[-0.038248,51.4618153],[-0.0385957,51.4608504],[-0.0389153,51.4600493],[-0.0394248,51.4587277],[-0.0396932,51.4581069],[-0.0399514,51.4574279],[-0.0402393,51.4567305],[-0.0406869,51.4557023],[-0.0410376,51.4550945],[-0.0413404,51.4546156],[-0.0419576,51.4537402],[-0.0427069,51.4528189],[-0.0433678,51.4521094],[-0.0440916,51.4513827],[-0.0448111,51.450658],[-0.045295,51.4501551],[-0.0455701,51.4498469],[-0.0458728,51.4494975],[-0.046135,51.449162],[-0.0467609,51.4483493],[-0.0472806,51.4476774],[-0.0477064,51.4471428],[-0.0481234,51.446599],[-0.0485314,51.4460886],[-0.049066,51.4454166],[-0.0493906,51.445024],[-0.0498329,51.444443],[-0.0504196,51.4437191],[-0.0510197,51.4429682],[-0.051523,51.4422981],[-0.0519399,51.4416809],[-0.0522378,51.4411667],[-0.052543,51.4405708],[-0.0526666,51.4403109]],[[-0.0526666,51.4403109],[-0.0527441,51.4401429]],[[-0.0527441,51.4401429],[-0.0528989,51.4397298],[-0.053021,51.4393233],[-0.0531238,51.4389399],[-0.0532295,51.4385111],[-0.0533516,51.43793],[-0.0534156,51.4375114],[-0.05344,51.4372025],[-0.0534544,51.4370027],[-0.0534633,51.4365395],[-0.0534573,51.4362211],[-0.0534112,51.4357393],[-0.053368,51.4353299],[-0.0532995,51.4349605],[-0.0531863,51.434422],[-0.0530702,51.433839],[-0.0530106,51.4334259],[-0.0529689,51.4329107],[-0.052951,51.4324902],[-0.0529525,51.4319554],[-0.0529764,51.4315516],[-0.053024,51.4310883],[-0.0530791,51.4306873],[-0.0531476,51.4303697],[-0.0532757,51.4299418],[-0.0533963,51.4295722],[-0.0535288,51.4292027],[-0.053626,51.428986],[-0.0539355,51.4283087],[-0.054678,51.4266832],[-0.0549087,51.426169]],[[-0.0549087,51.426169],[-0.0551302,51.4256749],[-0.0554624,51.42494],[-0.0559252,51.4238614],[-0.0563138,51.4230073],[-0.056326974243487926,51.422982550976016]],[[-0.05055228814230238,51.487913422626725],[-0.0503276,51.4877851],[-0.0500431,51.4876332],[-0.0498192,51.4875167],[-0.0495458,51.4873825],[-0.0492331,51.4872324],[-0.0489512,51.4871014],[-0.048556,51.4869325],[-0.0481677,51.4867801],[-0.0476518,51.4865869],[-0.047355,51.4864817],[-0.0467756,51.4862797],[-0.0462364,51.4861028],[-0.0456549,51.4858962],[-0.0451405,51.4856965],[-0.0446417,51.4855153],[-0.0439277,51.4852531],[-0.0430148,51.4849339],[-0.0419844,51.484512]],[[-0.0419844,51.484512],[-0.0412885,51.4842503],[-0.0406147,51.483986],[-0.0396998,51.483635],[-0.0392643,51.4834488],[-0.038862,51.4832515],[-0.0385437,51.4830987],[-0.0382736,51.4829563],[-0.037874,51.482722],[-0.037585,51.48253]],[[-0.037585,51.48253],[-0.0373733,51.4823739]],[[-0.0373733,51.4823739],[-0.0371795,51.4822275],[-0.036957,51.4820443]],[[-0.036957,51.4820443],[-0.0367348,51.481847]],[[-0.0367348,51.481847],[-0.0365305,51.4816451],[-0.0363376,51.4814288],[-0.0361557,51.4812151],[-0.0359283,51.4809259],[-0.0356608,51.4805688],[-0.0353756,51.4801778],[-0.0350055,51.4796247]],[[-0.0350055,51.4796247],[-0.0347661,51.4792787]],[[-0.0347661,51.4792787],[-0.0346761,51.4791485]],[[-0.0346761,51.4791485],[-0.0344598,51.4788453],[-0.0342497,51.4785303],[-0.0340297,51.4782133],[-0.0337974,51.4778713],[-0.0335673,51.47753],[-0.0333172,51.4771618],[-0.0330549,51.4767873],[-0.0327537,51.4763684],[-0.0324959,51.4760292],[-0.0321813,51.4756243],[-0.0319146,51.4752968],[-0.0315889,51.4749092],[-0.0312633,51.4745492]],[[-0.0312633,51.4745492],[-0.030932,51.4742065],[-0.0305535,51.4738452],[-0.0301107,51.4734069],[-0.0296939,51.4730809],[-0.0292431,51.4727291],[-0.0285885,51.4722483],[-0.0284268,51.472141],[-0.027746,51.4716894]],[[-0.027746,51.4716894],[-0.0269296,51.4711827]],[[-0.0269296,51.4711827],[-0.0266967,51.4710512],[-0.026442,51.4709135],[-0.0262902,51.4708339],[-0.0259734,51.4706777],[-0.0256412,51.4705173]],[[-0.0256412,51.4705173],[-0.0248669,51.4701301]],[[-0.0243718,51.4699183],[-0.0248669,51.4701301]],[[-0.0243718,51.4699183],[-0.0234358,51.4694489],[-0.0222578,51.4688826],[-0.0220891,51.4688022],[-0.0211436,51.4683594],[-0.0205771,51.468137]],[[-0.0205771,51.468137],[-0.0202994,51.4680369],[-0.0199212,51.4678999]],[[-0.0199212,51.4678999],[-0.0193947,51.4677135],[-0.0189686,51.4675675],[-0.0186606,51.4674473],[-0.0182325,51.467276],[-0.0157082,51.4663102]],[[-0.0157082,51.4663102],[-0.0154394,51.466228],[-0.0152686,51.4661784],[-0.0150621,51.4661169],[-0.0145602,51.4659681]],[[-0.0145602,51.4659681],[-0.0140817,51.4658319],[-0.0136717,51.4657313],[-0.0133494,51.465658],[-0.0130335,51.4655922],[-0.012701,51.465529],[-0.0123326,51.4654694],[-0.0117947,51.4653892],[-0.0109054,51.4652718],[-0.0107679,51.4652527]],[[-0.0107679,51.4652527],[-0.0102895,51.4651887],[-0.0098478,51.4651431],[-0.0085038,51.4650409],[-0.0076595,51.4649877],[-0.0069735,51.4649478],[-0.0065227,51.4649293],[-0.0060907,51.4649157],[-0.0057402,51.4649093],[-0.0053177,51.4649058],[-0.0047388,51.4649124],[-0.0043169,51.4649242],[-0.0038979,51.4649414],[-0.0035228,51.464959],[-0.0029826,51.4649906],[-0.0023865,51.465029],[-0.0020085,51.4650542],[-0.001622,51.4650806],[-0.0010737,51.4651194],[-0.00034219999999999997,51.4651698],[0.0002773,51.4652115],[0.0006667,51.4652395],[0.0012398,51.4652799],[0.0018841,51.4653247],[0.0025815,51.4653741],[0.0037444,51.4654542],[0.0042229,51.4654869],[0.0046075,51.4655127],[0.0049836,51.4655365],[0.0055666,51.4655667],[0.0059312,51.4655829],[0.0062676,51.4655974],[0.0066658,51.4656232],[0.0070027,51.4656495],[0.0073902,51.4656833],[0.007948,51.4657334],[0.0088458,51.4658126]],[[0.0088458,51.4658126],[0.00908562752435251,51.46583479450913]],[[-0.0256412,51.4705173],[-0.0249866,51.4702305],[-0.0245909,51.4700651],[-0.0234963,51.4695978],[-0.0230166,51.4694043],[-0.0225395,51.4691986],[-0.0217756,51.4688776],[-0.0211212,51.4686025],[-0.0208536,51.4684885],[-0.0205479,51.4683539],[-0.0202602,51.4682152],[-0.0199536,51.4680643],[-0.0197471,51.4679431],[-0.0194108,51.4677497],[-0.0189368,51.467373],[-0.0186603,51.4671219],[-0.0184529,51.4668885],[-0.0182332,51.4666453],[-0.0180991,51.4664625],[-0.0179675,51.4662643],[-0.0178418,51.4660372],[-0.0177356,51.4658153],[-0.0176509,51.4655991],[-0.0175346,51.465251]],[[-0.0175346,51.465251],[-0.0174399,51.4649477]],[[-0.0174399,51.4649477],[-0.0173128,51.4645838]],[[-0.0173128,51.4645838],[-0.0172799,51.464483]],[[-0.0172799,51.464483],[-0.0172674,51.4644389]],[[-0.0172674,51.4644389],[-0.0171628,51.4641946],[-0.0170915,51.4640536],[-0.0170042,51.463898],[-0.0168758,51.4635995]],[[-0.0168758,51.4635995],[-0.0168647,51.4635659]],[[-0.0168647,51.4635659],[-0.0168208,51.4634293]],[[-0.0168208,51.4634293],[-0.0166968,51.4630449],[-0.0166109,51.4627797],[-0.0164915,51.4623995]],[[-0.0164915,51.4623995],[-0.0164091,51.4621456]],[[-0.0164091,51.4621456],[-0.0162892,51.4618266],[-0.0161798,51.461574],[-0.016102,51.461419],[-0.0160208,51.4612711],[-0.0158673,51.4610158],[-0.0157754,51.4608775],[-0.0156628,51.4607137],[-0.0154916,51.4604912]],[[-0.0154916,51.4604912],[-0.0153625,51.4603339]],[[-0.0153625,51.4603339],[-0.0151623,51.4601059]],[[-0.0151623,51.4601059],[-0.0150729,51.4600143],[-0.0147361,51.4596768],[-0.0146247,51.4595744],[-0.0145034,51.4594654],[-0.0143699,51.4593526],[-0.0142124,51.4592185],[-0.0139336,51.4590032],[-0.0137474,51.4588687],[-0.0132311,51.4585214]],[[-0.0132311,51.4585214],[-0.0130249,51.458399]],[[-0.0130249,51.458399],[-0.0128483,51.4582968],[-0.0125414,51.4581349]],[[-0.0125414,51.4581349],[-0.0120166,51.4578804],[-0.0116116,51.4577033],[-0.0110132,51.457469]],[[-0.0110132,51.457469],[-0.0103828,51.4572331],[-0.0096948,51.4569781],[-0.0092108,51.4567952],[-0.0087965,51.4566289],[-0.0083599,51.456452],[-0.0078542,51.4562357],[-0.0073685,51.4560174],[-0.0069359,51.4558142],[-0.0064561,51.4555864],[-0.0059862,51.4553453],[-0.0051758,51.4549233],[-0.0044035,51.454492],[-0.0037025,51.4540667]],[[-0.0037025,51.4540667],[-0.0035268,51.4539568]],[[-0.0035268,51.4539568],[-0.0029731,51.4535722],[-0.0027512,51.4534144],[-0.0025515,51.4532652],[-0.00233,51.4530924]],[[-0.00233,51.4530924],[-0.0018668,51.4527525],[-0.0015587,51.4525509],[-0.0013351,51.4524124],[-0.0009186,51.4521951]],[[-0.0009186,51.4521951],[-0.00021290000000000002,51.4518745],[0.0002129,51.4517083],[0.0006612,51.4515449],[0.0009274,51.45146],[0.0012217,51.4513702],[0.0016581,51.4512535],[0.0018706,51.4511985]],[[0.0018706,51.4511985],[0.0023087,51.4510923],[0.0024918,51.4510539],[0.0026219,51.451028],[0.0028022,51.4509912],[0.0030644,51.4509461],[0.0032877,51.4509084],[0.003458,51.4508813],[0.003742,51.4508404],[0.0045899,51.45074],[0.0051036,51.450684],[0.005841,51.4506081]],[[0.005841,51.4506081],[0.0061533,51.4505764]],[[0.0061533,51.4505764],[0.0070081,51.4504454],[0.0078664,51.4503585],[0.0088797,51.4502775],[0.0097812,51.4502055],[0.0109759,51.4500737],[0.0117877,51.4499857],[0.0121564,51.4499471],[0.0125129,51.4499079]],[[0.0125129,51.4499079],[0.0128145,51.4498786]],[[0.0128145,51.4498786],[0.0159457,51.4495413],[0.0167093,51.4494615],[0.0179659,51.4493344],[0.018634,51.4492686],[0.0191497,51.4492121],[0.0197073,51.4491509],[0.0204598,51.4490695],[0.0206064,51.4490536],[0.0212978,51.4489626],[0.0215285,51.4489284],[0.0219313,51.4488687],[0.0219933,51.4488595],[0.02202465068556166,51.44885416290199]],[[-0.0408896,51.4766421],[-0.0409171,51.4766354],[-0.0408652,51.4765442],[-0.0407572,51.4763393],[-0.0407441,51.476342],[-0.0407069,51.4762724],[-0.0406318,51.4761265],[-0.040609,51.4760762],[-0.0404847,51.4758278],[-0.0403895,51.4756289],[-0.0402512,51.4753536],[-0.0402083,51.4753624],[-0.0402257,51.4754014],[-0.0403022,51.4755727],[-0.0403852,51.4757504],[-0.0404287,51.4758416],[-0.040494,51.4759811],[-0.040548,51.476091],[-0.0405972,51.4761912],[-0.0406341,51.4762666],[-0.0406864,51.4763647],[-0.0407431,51.4763539],[-0.0408896,51.4766421]],[[-0.037393,51.4650122],[-0.0374111,51.4647391],[-0.0374132,51.4647203],[-0.0374593,51.4644089],[-0.0374806,51.4642646],[-0.0375548,51.4639065],[-0.0376346,51.4635407]],[[-0.04596432157610047,51.490262027951374],[-0.0459322,51.4901775],[-0.0458866,51.4900485],[-0.0458423,51.4899307],[-0.0457605,51.4897149],[-0.0457122,51.4895938],[-0.0456586,51.4894669],[-0.0455792,51.4892916],[-0.0455086,51.4891564],[-0.0454081,51.488986],[-0.0453023,51.4888146],[-0.0451798,51.4886574],[-0.0449627,51.4883957],[-0.0447999,51.4882063],[-0.0446004,51.4879736],[-0.0443126,51.4876427],[-0.0441537,51.4874375],[-0.0439891,51.4871905],[-0.0438681,51.4869539],[-0.0437816,51.4867054],[-0.0437196,51.4864907],[-0.0436889,51.4863191],[-0.0436698,51.4860649],[-0.0436762,51.4858371],[-0.043693,51.4855595],[-0.0436948,51.4854622],[-0.043705,51.4850719],[-0.0436771,51.4848797],[-0.0436474,51.4847825],[-0.0436082,51.4846433],[-0.0435933,51.4845904],[-0.0435141,51.4843981]],[[-0.0435141,51.4843981],[-0.0434,51.4841546]],[[-0.0434,51.4841546],[-0.0433203,51.4840035]],[[-0.0433203,51.4840035],[-0.0431837,51.483711]],[[-0.0431837,51.483711],[-0.0430789,51.4835039],[-0.0430521,51.4834322],[-0.0429458,51.4832222],[-0.042882,51.4830786],[-0.042827,51.4829574],[-0.0427806,51.4828104],[-0.0427508,51.482686],[-0.0427377,51.4826084],[-0.0427254,51.4824905],[-0.0427122,51.4823127],[-0.0427019,51.4816836],[-0.0426933,51.4815104],[-0.0426605,51.4807408],[-0.0426366,51.4803526],[-0.0426185,51.4799718],[-0.0426059,51.479809],[-0.0425956,51.4797161],[-0.0425808,51.4796461],[-0.0425667,51.4795842],[-0.0425328,51.4794786],[-0.0424869,51.4793745],[-0.0424406,51.4792725],[-0.0422537,51.4788979],[-0.0420511,51.4785809],[-0.041725,51.4780557]],[[-0.041725,51.4780557],[-0.0414447,51.4775773],[-0.0412564,51.4773197],[-0.04119,51.4772174],[-0.0410854,51.477063],[-0.0410173,51.4769601],[-0.040963,51.4768755],[-0.0409148,51.4767989]],[[-0.0409148,51.4767989],[-0.0408211,51.4766531],[-0.0403696,51.4757781],[-0.0402214,51.4754328]],[[-0.0402214,51.4754328],[-0.0398549,51.4745524],[-0.0396708,51.4741297]],[[-0.0396708,51.4741297],[-0.0391921,51.4730307],[-0.0389875,51.4724753]],[[-0.0389875,51.4724753],[-0.038743,51.4719485],[-0.0384831,51.4714088],[-0.0381552,51.4706505],[-0.0378982,51.4698758],[-0.0377248,51.469239],[-0.0376064,51.4686041],[-0.037518,51.4679455],[-0.0374441,51.4672832],[-0.0373941,51.4665852],[-0.0373887,51.4658825],[-0.0374167,51.4652776],[-0.0374477,51.4648445],[-0.0374688,51.4646382],[-0.0375123,51.4643252],[-0.0375985,51.4638593],[-0.037612,51.4638044],[-0.0377814,51.4631146],[-0.0379995,51.4623802],[-0.0382022,51.4618106],[-0.0383804,51.4613108],[-0.0385461,51.460843],[-0.0392849,51.4589533],[-0.0395963,51.4581912],[-0.0398377,51.4575956],[-0.0400977,51.4569452],[-0.040529,51.4559072],[-0.0408386,51.4553155],[-0.0412239,51.4547254],[-0.0416455,51.4540687],[-0.0419174,51.4537147],[-0.0422362,51.4533154],[-0.0425964,51.452891],[-0.0429769,51.4524752],[-0.0437636,51.4516568],[-0.0445726,51.4508424],[-0.0453613,51.4500132],[-0.0458062,51.4495271],[-0.046964,51.4480182],[-0.0481449,51.4465166],[-0.0493287,51.4450196],[-0.0499035,51.4442734],[-0.0505248,51.4435187],[-0.0509414,51.4429963],[-0.0512983,51.4425348],[-0.0516443,51.4420412],[-0.051969,51.4415326],[-0.0521923,51.4411436],[-0.0524201,51.4407093],[-0.0526201,51.4403025]],[[-0.0526201,51.4403025],[-0.0526926,51.4401412]],[[-0.0526926,51.4401412],[-0.0528341,51.4397749],[-0.0529901,51.4392444],[-0.0530806,51.4389046],[-0.0531638,51.4385596],[-0.0532093,51.4383711],[-0.0532929,51.4379467],[-0.0533761,51.4373667],[-0.0534101,51.4367759],[-0.0534059,51.4363178],[-0.0533731,51.4358592],[-0.0533374,51.4355511],[-0.0532763,51.4351361],[-0.0531438,51.4345076],[-0.0530276,51.4338739],[-0.0529228,51.4330996],[-0.0529039,51.4326151],[-0.0529072,51.432117],[-0.052946,51.4314348],[-0.0529966,51.4308909],[-0.0531124,51.4302991],[-0.0532883,51.4296954],[-0.053462,51.4292199],[-0.0535756,51.4289767],[-0.0538867,51.4283025],[-0.0545599,51.4268339],[-0.054632,51.4266764],[-0.0548648,51.4261601]],[[-0.0548648,51.4261601],[-0.0550883,51.4256644],[-0.0554147,51.4249219],[-0.0558715,51.4238491],[-0.0562662,51.4229966],[-0.05627190495202448,51.422985969893276]],[[-0.0433203,51.4840035],[-0.043224,51.4838514],[-0.0432004,51.4838082],[-0.0431303,51.4837148],[-0.0430786,51.4836565],[-0.0430184,51.4835952],[-0.0429523,51.4835315],[-0.042882,51.4834681],[-0.042821,51.4834211],[-0.0427517,51.4833671],[-0.0426912,51.4833239],[-0.0426124,51.4832743],[-0.0425425,51.4832333],[-0.0424812,51.4832025],[-0.0424077,51.4831668],[-0.0423274,51.4831276],[-0.0420377,51.4829927],[-0.0419036,51.4829309],[-0.0417553,51.4828661]],[[-0.0417553,51.4828661],[-0.0415883,51.482795]],[[-0.0415883,51.482795],[-0.041475,51.4827455],[-0.0413787,51.482709],[-0.0412887,51.4826766],[-0.0411775,51.4826394],[-0.041072,51.4826056],[-0.0409712,51.4825745],[-0.0408563,51.4825428],[-0.0407264,51.4825103],[-0.0406195,51.4824843],[-0.0405058,51.4824589],[-0.0403453,51.4824276],[-0.0402065,51.4824046],[-0.0400526,51.4823821]],[[-0.0400526,51.4823821],[-0.0399302,51.4823655],[-0.0398647,51.4823578],[-0.0397985,51.4823503],[-0.0396816,51.4823391]],[[-0.0396816,51.4823391],[-0.0395829,51.4823305],[-0.0383342,51.4822421],[-0.0381995,51.4822328],[-0.0381231,51.4822264],[-0.0380473,51.4822189],[-0.0378998,51.4822019],[-0.0377378,51.4821805]],[[-0.0377378,51.4821805],[-0.037611,51.4821618],[-0.0374965,51.4821419],[-0.037361,51.4821171],[-0.037237,51.4820891],[-0.0371013,51.4820552],[-0.0369812,51.482019],[-0.0363763,51.48181],[-0.0362926,51.4817756],[-0.0361858,51.4817292],[-0.0360879,51.4816819],[-0.0359958,51.4816357],[-0.0358908,51.4815773],[-0.0357911,51.4815202],[-0.0356822,51.4814528],[-0.0355846,51.4813874],[-0.0355044,51.4813318],[-0.0354174,51.4812675],[-0.0353356,51.4811995],[-0.0352523,51.4811292],[-0.0350873,51.4809905],[-0.0349174,51.4808172],[-0.0348005,51.4806598],[-0.034686,51.4804856],[-0.0346021,51.4803038],[-0.0345459,51.4801498],[-0.0345124,51.4800147],[-0.034493,51.4798912],[-0.0344037,51.4793946]],[[-0.0344037,51.4793946],[-0.034383,51.4792735]],[[-0.034383,51.4792735],[-0.034315,51.4790527],[-0.0341616,51.4788007],[-0.0339608,51.4785292],[-0.0336229,51.478097],[-0.0329632,51.4772425],[-0.0327073,51.4769539],[-0.0324674,51.4767351]],[[-0.0548648,51.4261601],[-0.0549251,51.4259976],[-0.054968,51.4258598],[-0.0552761,51.4247165],[-0.0553673,51.4243801],[-0.055496,51.4239752],[-0.0556328,51.423607],[-0.0557884,51.4232216],[-0.05589088624239506,51.422990584867016]],[[-0.04601224543115331,51.49027961929828],[-0.0459939,51.4902171],[-0.045965,51.4901082],[-0.0459422,51.4900205],[-0.0459174,51.4899274],[-0.0458999,51.4898325]],[[-0.0458999,51.4898325],[-0.0458791,51.4896718],[-0.0458764,51.4895588],[-0.045875,51.4894166],[-0.0458818,51.4893092],[-0.0458893,51.4891779]],[[-0.0458893,51.4891779],[-0.0459564,51.488859]],[[-0.0459564,51.488859],[-0.0459937,51.4887375],[-0.0460464,51.4886075],[-0.046105,51.4884738]],[[-0.046105,51.4884738],[-0.0461872,51.4883068],[-0.0463479,51.4880558],[-0.0464384,51.4879341],[-0.0465367,51.4878142],[-0.0466517,51.487692],[-0.0467637,51.4875674]],[[-0.0467637,51.4875674],[-0.0470747,51.4872514],[-0.0473815,51.4869611]],[[-0.0473815,51.4869611],[-0.0475409,51.4868116]],[[-0.0475409,51.4868116],[-0.0477261,51.4866409]],[[-0.0477261,51.4866409],[-0.0478003,51.486575]],[[-0.0478003,51.486575],[-0.0480036,51.4863925],[-0.0483598,51.4860736],[-0.0485065,51.4859262]],[[-0.0485065,51.4859262],[-0.0487345,51.4856974]],[[-0.0487345,51.4856974],[-0.0488909,51.4855157],[-0.0489637,51.4854251],[-0.0490236,51.4853333],[-0.0491187,51.4851758],[-0.0491602,51.4850835],[-0.0491954,51.4849974],[-0.0492219,51.4849198],[-0.0492497,51.4848127],[-0.0492729,51.4847152],[-0.0493012,51.4845005],[-0.0493125,51.484249],[-0.0493265,51.4839285],[-0.0493403,51.4836068],[-0.0493567,51.4833236]],[[-0.0493567,51.4833236],[-0.0493653,51.4831943],[-0.0493862,51.482867],[-0.0493978,51.4827211],[-0.049419,51.4825935],[-0.049453,51.4824674],[-0.0494754,51.4823968],[-0.0495032,51.4823315],[-0.0495863,51.4821455],[-0.0496879,51.4819849],[-0.049806,51.4818305],[-0.0499235,51.4816987],[-0.0500883,51.4815475],[-0.0502276,51.4814356],[-0.0503075,51.4813758],[-0.0503937,51.4813178],[-0.0506103,51.481184]],[[-0.0506103,51.481184],[-0.0507601,51.4811057]],[[-0.0507601,51.4811057],[-0.0509129,51.481034],[-0.0511796,51.4809201],[-0.0516347,51.4807473],[-0.0518847,51.4806525],[-0.051935,51.4806322],[-0.0521084,51.4805622],[-0.0523112,51.4804754],[-0.052528,51.4803661],[-0.0526202,51.4803155],[-0.052712,51.4802598],[-0.0528067,51.4801982],[-0.0528913,51.4801378],[-0.0529777,51.4800787],[-0.0530622,51.4800122],[-0.0531458,51.4799433]],[[-0.0531458,51.4799433],[-0.0532988,51.4797889],[-0.0534007,51.4796796],[-0.053538,51.4795214],[-0.0537337,51.4792379],[-0.0538023,51.4791591]],[[-0.0538023,51.4791591],[-0.0540252,51.4788387],[-0.054200519929271225,51.478572497683494]],[[-0.05427636881744867,51.47860131747635],[-0.0541039,51.478875],[-0.0539189,51.4791263]],[[-0.0533437,51.4800146],[-0.0534365,51.4798328],[-0.0535934,51.4795374],[-0.0536261,51.4794715],[-0.0536879,51.479365],[-0.0537602,51.4792443],[-0.0538023,51.4791591]],[[-0.0539189,51.4791263],[-0.0538721,51.479218],[-0.0537126,51.4794786],[-0.0535645,51.4797411],[-0.0534304,51.4800058]],[[-0.0534304,51.4800058],[-0.0533083,51.4802925]],[[-0.0532267,51.480282],[-0.0533059,51.4800993],[-0.0533437,51.4800146]],[[-0.0532793,51.4803667],[-0.0532675,51.4803961],[-0.0531981,51.4805686],[-0.0530745,51.4809014]],[[-0.0533083,51.4802925],[-0.0532793,51.4803667]],[[-0.0531959,51.4803554],[-0.0532267,51.480282]],[[-0.0529844,51.4808913],[-0.0531424,51.4805074],[-0.0531959,51.4803554]],[[-0.02415518509500179,51.48719244867546],[-0.0249971,51.4870341],[-0.026661585162096848,51.48890678737384]],[[-0.028654098690329498,51.4911485345588],[-0.030435,51.4931522],[-0.030640734936627636,51.493402422002106]],[[-0.02351290935381628,51.48674111234569],[-0.0247241,51.4872083],[-0.025412897734182517,51.48800149427341]],[[-0.029825672864969,51.493083084687974],[-0.0299978,51.4932813],[-0.03001024596754732,51.49351616495765]],[[-0.050936739583566135,51.48785475617708],[-0.0507657,51.4877144]],[[-0.0507657,51.4877144],[-0.0503526,51.4873626],[-0.0499491,51.4870407],[-0.0496686,51.4868113],[-0.0493956,51.4865916],[-0.0491464,51.4863946],[-0.0489133,51.486189],[-0.0486972,51.4859713],[-0.0484187,51.4857164]],[[-0.0484187,51.4857164],[-0.0478627,51.4851863],[-0.0475142,51.484843],[-0.0471692,51.4844622]],[[-0.0471692,51.4844622],[-0.0469928,51.4842313]],[[-0.0469928,51.4842313],[-0.0461915,51.4831968],[-0.0442189,51.4808267],[-0.0438069,51.4803156]],[[-0.05641853955461507,51.42296666720674],[-0.0563896,51.4230256],[-0.055998,51.4238745],[-0.0555055,51.4249486],[-0.0551787,51.4256745],[-0.0549507,51.4261757]],[[-0.0549507,51.4261757],[-0.0547189,51.4266868],[-0.0544784,51.427221],[-0.0542528,51.4277072],[-0.0539822,51.4283099],[-0.0536748,51.4289923],[-0.0536006,51.4291602],[-0.0534814,51.4294972],[-0.0533623,51.429798],[-0.0532596,51.4301731],[-0.0531911,51.4304302],[-0.0531092,51.430874],[-0.0530422,51.4313521],[-0.0530079,51.4319017],[-0.0530049,51.4324541],[-0.0530049,51.4328282],[-0.0530362,51.4332107],[-0.0531047,51.4337594],[-0.05327,51.4345726],[-0.053401,51.4352075],[-0.053474,51.4358963],[-0.0535097,51.4364746],[-0.0535023,51.4371309],[-0.0534627,51.4375556],[-0.0534085,51.4380648],[-0.0533296,51.4385066],[-0.0532328,51.4389011],[-0.0531479,51.4391814],[-0.0530377,51.4395146],[-0.052923,51.439807],[-0.0527905,51.4401495]],[[-0.0527905,51.4401495],[-0.052716,51.4403148]],[[-0.052716,51.4403148],[-0.0525835,51.4406044],[-0.0523989,51.440958],[-0.0522083,51.4413098],[-0.0519685,51.4417172],[-0.0517109,51.4421071],[-0.0513699,51.4425879],[-0.0511376,51.4428877],[-0.0507906,51.4433248],[-0.0503424,51.4439012],[-0.0498004,51.4445806],[-0.0492718,51.4452497],[-0.0486814,51.445992],[-0.0480262,51.4468208],[-0.0473699,51.4476387],[-0.0466979,51.4485071],[-0.0461874,51.4491669],[-0.0459236,51.4495023],[-0.0456236,51.4498659],[-0.0452588,51.4502614],[-0.0447176,51.4508063],[-0.0440558,51.4514827],[-0.0436202,51.4519157],[-0.0431257,51.4524352],[-0.0427624,51.4528335],[-0.0424142,51.4532356],[-0.0420976,51.453632],[-0.0416831,51.4542003],[-0.0413394,51.454701],[-0.041065,51.4551482],[-0.040765,51.4556657],[-0.0404786,51.4562669],[-0.0401952,51.4569874],[-0.0398997,51.4576994],[-0.039645,51.458354],[-0.0394007,51.4589768],[-0.0390676,51.4598578],[-0.0388023,51.4605237],[-0.0385822,51.4610788],[-0.0382984,51.4618147],[-0.0380648,51.4624942],[-0.0378896,51.4630615],[-0.037743,51.4636652],[-0.0376131,51.4643313],[-0.0375344,51.4649714],[-0.0374903,51.4656433],[-0.0374672,51.4661588],[-0.0375043,51.466751],[-0.0375687,51.4675294],[-0.037621,51.4679609],[-0.0377036,51.4685941],[-0.0377895,51.4690887],[-0.0379143,51.4695822],[-0.0380828,51.4701691],[-0.0383559,51.4708946],[-0.0386424,51.4715361],[-0.0391077,51.4724589]],[[-0.0391077,51.4724589],[-0.0393908,51.4730187],[-0.0397077,51.4736654],[-0.039908,51.4740883],[-0.0401872,51.4746628],[-0.0406007,51.4754765],[-0.0409619,51.4761766],[-0.0409833,51.4762171],[-0.0412295,51.4766829],[-0.0412916,51.4768043]],[[-0.0412916,51.4768043],[-0.041556,51.4772362],[-0.0416753,51.4774264],[-0.0418162,51.4776475]],[[-0.0418162,51.4776475],[-0.0420075,51.4779395],[-0.0422614,51.4782964],[-0.0422877,51.4783317],[-0.0426128,51.4787668]],[[-0.0426128,51.4787668],[-0.0442618,51.4808108]],[[-0.0442618,51.4808108],[-0.0462425,51.4831853],[-0.0470463,51.4842309]],[[-0.0470463,51.4842309],[-0.0472274,51.4844618]],[[-0.0472274,51.4844618],[-0.0475602,51.4848275],[-0.0479023,51.4851709],[-0.0484614,51.4856953]],[[-0.0484614,51.4856953],[-0.0488623,51.4860599]],[[-0.0488623,51.4860599],[-0.0491401,51.4863234],[-0.0494281,51.4865659],[-0.0497129,51.4867922],[-0.0499873,51.4870212],[-0.0503975,51.4873455],[-0.0508283,51.4876879]],[[-0.0508283,51.4876879],[-0.05099525074991728,51.487832256650194]],[[-0.0165974,51.4251227],[-0.0163889,51.4248893],[-0.0161371,51.4246412],[-0.0160396,51.4245496],[-0.0158805,51.4244002],[-0.0157334,51.4242778],[-0.0152123,51.423886]],[[-0.0202192,51.434213],[-0.0201606,51.4342303],[-0.0200166,51.4340231],[-0.0198466,51.4337633],[-0.0197401,51.4335952],[-0.0195854,51.4333383],[-0.0193663,51.4329386],[-0.0193035,51.4328302],[-0.0193724,51.4328144],[-0.0194264,51.432913],[-0.019444,51.4329501],[-0.0196565,51.4333346],[-0.0197743,51.4335288],[-0.0200061,51.4338864],[-0.0200763,51.4339976],[-0.0202192,51.434213]],[[-0.0262394,51.4444592],[-0.0262205,51.4445231],[-0.0260375,51.4450372],[-0.0258967,51.4454427],[-0.0257887,51.4457414]],[[-0.0366658,51.4551786],[-0.0365119,51.4550869],[-0.0364079,51.455025],[-0.036242,51.4549262],[-0.0360677,51.4548343],[-0.0353658,51.4545086],[-0.0353328,51.4544933],[-0.0349653,51.4543379]],[[-0.007724405644466984,51.41447136856453],[-0.0077299,51.4144834]],[[-0.0077299,51.4144834],[-0.0077349,51.4144944],[-0.007791,51.4146519],[-0.0078892,51.4148855],[-0.0079779,51.4151824],[-0.0080737,51.4155365],[-0.0081838,51.415895],[-0.0083082,51.4163757],[-0.0084512,51.4168439],[-0.0085927,51.4173575],[-0.00872,51.417807],[-0.0088659,51.4182546],[-0.0089659,51.4184865],[-0.0090803,51.4187246],[-0.0092133,51.4189707],[-0.0093549,51.4192017],[-0.0095007,51.4194273],[-0.009638,51.4196315],[-0.0098025,51.4198375],[-0.0099969,51.4200648],[-0.0102114,51.4202994],[-0.0104574,51.420533],[-0.0106847,51.4207363],[-0.0109092,51.4209218],[-0.0110865,51.4210555],[-0.0113468,51.4212472],[-0.0115813,51.4214149],[-0.0118115,51.4215745],[-0.012056,51.4217448],[-0.0122076,51.4218456],[-0.0125765,51.4221068],[-0.0128925,51.422319],[-0.01327,51.4225848],[-0.0138334,51.422978],[-0.0143225,51.4233115],[-0.0148602,51.423693],[-0.0151636,51.4239049],[-0.0154139,51.4240835],[-0.0156566,51.4242775],[-0.0159309,51.4245087],[-0.0162448,51.4247987],[-0.0163925,51.4249509],[-0.0165481,51.425124],[-0.0167704,51.4253905],[-0.0169032,51.4255586],[-0.0172559,51.4260865],[-0.0173897,51.4263073],[-0.0175274,51.4266206],[-0.0176259,51.4268552],[-0.0177283,51.4271336],[-0.0177866,51.4273518],[-0.0178505,51.427636],[-0.0178961,51.42793],[-0.0179323,51.4282278],[-0.0179768,51.4286664],[-0.0180353,51.4291291],[-0.0180814,51.4294159],[-0.01812,51.4296499],[-0.0181843,51.4299674],[-0.0182515,51.4302289],[-0.0183234,51.4304874],[-0.0184569,51.4309141],[-0.0185353,51.431153],[-0.018683,51.4315485],[-0.0187842,51.431797],[-0.0188468,51.4319489],[-0.0190546,51.4323949],[-0.0191628,51.4326126],[-0.0192438,51.4327773],[-0.0193309,51.432938],[-0.019607,51.4334207],[-0.0197622,51.4336822],[-0.0199187,51.4339205],[-0.0199379,51.4339452],[-0.0201191,51.4342026],[-0.0203417,51.434516],[-0.020657,51.4349109],[-0.0208044,51.435091],[-0.0209934,51.435314],[-0.0213606,51.4357106],[-0.0216364,51.4360102],[-0.0219496,51.4363186],[-0.0224401,51.436817],[-0.0228931,51.4372715],[-0.0236689,51.4380414],[-0.0241566,51.4385649]],[[-0.0241566,51.4385649],[-0.0243347,51.4387618]],[[-0.0243347,51.4387618],[-0.0244645,51.4389151],[-0.0246058,51.4390976],[-0.0247785,51.4393293],[-0.0249454,51.4395623]],[[-0.0249454,51.4395623],[-0.0250489,51.4397057]],[[-0.0250489,51.4397057],[-0.0252183,51.4399417],[-0.0255302,51.4404077]],[[-0.0255302,51.4404077],[-0.0257157,51.4406874]],[[-0.0257157,51.4406874],[-0.0259288,51.4410433],[-0.02605,51.441267],[-0.0261957,51.4415721],[-0.0262866,51.4417982],[-0.0263967,51.4420866],[-0.0264571,51.4422902],[-0.0265139,51.4425095],[-0.0265315,51.4427231],[-0.0265635,51.4429412],[-0.0265784,51.4431197],[-0.0265513,51.443297],[-0.0265255,51.4434583]],[[-0.0265255,51.4434583],[-0.026444,51.4437115]],[[-0.026444,51.4437115],[-0.0263582,51.4439655]],[[-0.0263582,51.4439655],[-0.0262493,51.4442921]],[[-0.0262493,51.4442921],[-0.0262073,51.4444152],[-0.0260685,51.4448165],[-0.0259355,51.4452193],[-0.0258443,51.4454619]],[[-0.0258443,51.4454619],[-0.0257272,51.4457782]],[[-0.0257272,51.4457782],[-0.0256459,51.4460047],[-0.0255114,51.4463874],[-0.0254648,51.4465126]],[[-0.0254648,51.4465126],[-0.0254272,51.4466332]],[[-0.0254272,51.4466332],[-0.0253115,51.4469956],[-0.0252456,51.4472956],[-0.0252215,51.4474236],[-0.0252014,51.4475611],[-0.0251886,51.4477262],[-0.0251833,51.4479101],[-0.0251833,51.4480321],[-0.0251913,51.4481771],[-0.0252081,51.4483259],[-0.0252456,51.448547],[-0.0252859,51.4487166],[-0.0253536,51.448908],[-0.025426,51.4491178],[-0.0255132,51.4493134],[-0.0256218,51.4495382],[-0.0256848,51.4496552],[-0.0257284,51.449748]],[[-0.0257284,51.449748],[-0.0258097,51.4498711],[-0.0259112,51.4500221]],[[-0.0259112,51.4500221],[-0.0261292,51.4502811],[-0.0263711,51.4505148],[-0.0264574,51.450608],[-0.0266489,51.4508028],[-0.0268762,51.4510063],[-0.0271139,51.4511935],[-0.0274303,51.4514198],[-0.0277058,51.4516017],[-0.0279422,51.4517367],[-0.0281814,51.4518595],[-0.0284574,51.4520003],[-0.0287276,51.4521402],[-0.0290036,51.4522631],[-0.0292181,51.4523594],[-0.0295498,51.4524975],[-0.0298172,51.4526017],[-0.030119,51.452714]],[[-0.030119,51.452714],[-0.0303663,51.4527987]],[[-0.0303663,51.4527987],[-0.0307127,51.452964],[-0.0314398,51.453203],[-0.0320591,51.4534082],[-0.0326472,51.4536001],[-0.033347,51.4538318],[-0.0336809,51.4539406],[-0.0341561,51.4540971],[-0.0346078,51.4542489],[-0.034893,51.4543531],[-0.0353384,51.4545267],[-0.035668,51.4546744],[-0.0359488,51.4548094],[-0.0361669,51.4549215],[-0.036376,51.4550349],[-0.0365493,51.4551349],[-0.036654,51.4552019]],[[-0.036654,51.4552019],[-0.0369397,51.4553903]],[[-0.0369397,51.4553903],[-0.0372302,51.4555993],[-0.0374371,51.4557715],[-0.0377233,51.4559681],[-0.0379264,51.4561677],[-0.0381666,51.4564225],[-0.0383196,51.4566159],[-0.0384927,51.4568698],[-0.0386228,51.4570703],[-0.0387858,51.4573233],[-0.0390661,51.4577466],[-0.0392906,51.4580539],[-0.0394807,51.4582606]],[[-0.0394807,51.4582606],[-0.0397724,51.4585582]],[[-0.0397724,51.4585582],[-0.040067,51.4588202],[-0.0402658,51.4589868],[-0.040456,51.4591338],[-0.040649,51.4592719],[-0.0409064,51.4594233],[-0.0411523,51.4595677],[-0.0414512,51.4597405],[-0.0417815,51.4599249],[-0.042016,51.460047]],[[-0.042016,51.460047],[-0.0421805,51.460137]],[[-0.0421805,51.460137],[-0.0425994,51.4603802],[-0.042904,51.4605825],[-0.0431342,51.4607571],[-0.0433101,51.4608952],[-0.0434674,51.461019]],[[-0.0434674,51.461019],[-0.0436132,51.4611482],[-0.0437076,51.4612444]],[[-0.0437076,51.4612444],[-0.0439321,51.4614823],[-0.0440494,51.4616257],[-0.0441824,51.4617932],[-0.0443482,51.4620204],[-0.0444683,51.4622021],[-0.0445942,51.4624275],[-0.0447429,51.4627108],[-0.0448845,51.4630057],[-0.0451061,51.463371],[-0.0451648,51.4634588]],[[-0.0451648,51.4634588],[-0.0452234,51.4635465],[-0.0453602,51.46374],[-0.045506,51.4639084],[-0.0456613,51.46408],[-0.0458592,51.464267],[-0.0460709,51.4644625],[-0.0463263,51.4646759],[-0.0465682,51.4648764],[-0.046815,51.4650567],[-0.0469049,51.4651217]],[[-0.0469049,51.4651217],[-0.0470085,51.4651968]],[[-0.0470085,51.4651968],[-0.047057,51.4652318]],[[-0.047057,51.4652318],[-0.0471224,51.4652792],[-0.047455,51.4654741],[-0.0477501,51.465646],[-0.0479845,51.4657625],[-0.0481825,51.4658563],[-0.04822489944095363,51.465874920526]],[[-0.0365961,51.4552622],[-0.0364773,51.4551904],[-0.0361508,51.4549931],[-0.0354964,51.4546805],[-0.0350672,51.454505],[-0.034799,51.4544014]],[[-0.0256605,51.4457312],[-0.025772,51.4454143],[-0.0260307,51.4446436],[-0.0260792,51.4444646],[-0.0260979,51.4444079],[-0.0261065,51.4443765]],[[-0.0192553,51.4329562],[-0.0192691,51.4329781],[-0.0194554,51.4332884],[-0.0196391,51.4335979],[-0.0198733,51.4339595],[-0.019994,51.4341418],[-0.0201201,51.4343157],[-0.0200683,51.4343335],[-0.0200096,51.4342547],[-0.0199642,51.4342107],[-0.0198807,51.4340835],[-0.0197427,51.4338682],[-0.0195654,51.4335914],[-0.0194229,51.433373],[-0.0193646,51.433279],[-0.0191383,51.4328681],[-0.0192006,51.4328528],[-0.0192409,51.4329302],[-0.0192553,51.4329562]],[[-0.0164645,51.425154],[-0.0162648,51.4249284],[-0.0160097,51.4246796],[-0.0157349,51.424432],[-0.0155579,51.424283],[-0.0153539,51.4241294],[-0.0151189,51.4239548]],[[-0.050802905960172846,51.466670952614365],[-0.0504,51.4665939],[-0.0500335,51.4665098],[-0.0496969,51.4664269],[-0.0495264,51.4663809],[-0.0493442,51.4663279]],[[-0.0493442,51.4663279],[-0.0488743,51.4661735],[-0.0484125,51.4659988],[-0.0481589,51.4658851],[-0.0479639,51.4657974],[-0.0477236,51.4656736],[-0.0474239,51.4655054],[-0.0470895,51.4653054],[-0.0469949,51.4652379]],[[-0.0469949,51.4652379],[-0.0469459,51.465203]],[[-0.0469459,51.465203],[-0.0468374,51.4651257]],[[-0.0468374,51.4651257],[-0.0467687,51.4650767],[-0.0465208,51.4648924],[-0.0462858,51.4647011],[-0.0460666,51.464512],[-0.0458464,51.4643173],[-0.0456528,51.4641271],[-0.0454355,51.4638889],[-0.0451096,51.4634749]],[[-0.0451096,51.4634749],[-0.0448545,51.4630428],[-0.0446295,51.4626253],[-0.0445145,51.4623979],[-0.0444212,51.4622411],[-0.0443127,51.4620655],[-0.0441119,51.4617852],[-0.0439115,51.4615399],[-0.0438031,51.4614143],[-0.0436791,51.4612915]],[[-0.0436791,51.4612915],[-0.0435379,51.461158],[-0.0434367,51.4610675]],[[-0.0434367,51.4610675],[-0.0431619,51.4608452],[-0.0429922,51.4607101],[-0.0428185,51.4605843],[-0.0425007,51.4603716],[-0.0421447,51.4601615]],[[-0.0421447,51.4601615],[-0.041968,51.4600698]],[[-0.041968,51.4600698],[-0.0415236,51.4598267],[-0.0411792,51.4596381],[-0.0409013,51.4594786],[-0.0406208,51.4593009],[-0.040365,51.4591204],[-0.0401305,51.4589396],[-0.0399195,51.4587633],[-0.0397391,51.4586071]],[[-0.0397391,51.4586071],[-0.0394267,51.4582901]],[[-0.0394267,51.4582901],[-0.0392501,51.4580833],[-0.0390674,51.4578505],[-0.0389795,51.4577294]],[[-0.0389795,51.4577294],[-0.038722,51.4573276],[-0.0385841,51.4571036],[-0.0384417,51.4568856],[-0.0382659,51.4566329],[-0.0380549,51.456381],[-0.0378074,51.4561195],[-0.0374969,51.455882],[-0.0372265,51.4556587],[-0.0369243,51.4554412]],[[-0.0369243,51.4554412],[-0.0366092,51.4552303]],[[-0.0366092,51.4552303],[-0.036223,51.4550027],[-0.0359199,51.4548454],[-0.0356443,51.4547119],[-0.0354467,51.4546216],[-0.0349728,51.4544283],[-0.0346654,51.4543172],[-0.0341173,51.4541313],[-0.0335985,51.4539591],[-0.0333046,51.453864],[-0.0326022,51.4536255],[-0.0320609,51.4534512],[-0.0314026,51.4532315],[-0.0306552,51.4529837],[-0.0303126,51.4528233]],[[-0.0303126,51.4528233],[-0.0300709,51.4527394]],[[-0.0300709,51.4527394],[-0.0296726,51.4525927],[-0.029418,51.4524943],[-0.0290102,51.4523173],[-0.0286672,51.4521594],[-0.0283928,51.4520192],[-0.028133,51.4518984],[-0.027862,51.4517634],[-0.0275501,51.4515732],[-0.0272464,51.4513604],[-0.0268814,51.4511128],[-0.0265616,51.4508416],[-0.0263556,51.4506412],[-0.0261496,51.4503905],[-0.025967,51.4501858],[-0.0258625,51.450037]],[[-0.0258625,51.450037],[-0.025761,51.4498854],[-0.0256786,51.4497619]],[[-0.0256786,51.4497619],[-0.0256284,51.4496632],[-0.0255615,51.4495441],[-0.0254488,51.4493159],[-0.025363,51.4491186],[-0.0252892,51.4489072],[-0.0252282,51.4487192],[-0.025188,51.4485369],[-0.0251538,51.4483305],[-0.025131,51.4481541],[-0.0251202,51.4479527],[-0.025131,51.4477058],[-0.0251497,51.4475051],[-0.0251873,51.4472907],[-0.0252382,51.4470776],[-0.0253058,51.4468561],[-0.0253807,51.4466276]],[[-0.0253807,51.4466276],[-0.0254168,51.4465063]],[[-0.0254168,51.4465063],[-0.0255933,51.4459994],[-0.0256794,51.4457658]],[[-0.0256794,51.4457658],[-0.0257921,51.4454525]],[[-0.0257921,51.4454525],[-0.0258834,51.4451894],[-0.0260916,51.4445947],[-0.0261269,51.4444949],[-0.0261567,51.4444111],[-0.0261977,51.4442853]],[[-0.0261977,51.4442853],[-0.026312,51.4439634]],[[-0.026312,51.4439634],[-0.0263604,51.4437818]],[[-0.0263604,51.4437818],[-0.0264509,51.4435113]],[[-0.0264509,51.4435113],[-0.0265139,51.4432148],[-0.0265257,51.4430091],[-0.0265035,51.4428147],[-0.0264979,51.4427054],[-0.0264631,51.4425183],[-0.0264082,51.4423051],[-0.0263541,51.4421079],[-0.0262413,51.4418063],[-0.026158,51.4416029],[-0.0260086,51.4412838],[-0.0256796,51.4407406]],[[-0.0256796,51.4407406],[-0.0255063,51.440472]],[[-0.0255063,51.440472],[-0.0252991,51.4401583],[-0.0251324,51.4399091],[-0.0249901,51.4397073]],[[-0.0249901,51.4397073],[-0.0248911,51.439575]],[[-0.0248911,51.439575],[-0.0247288,51.4393428],[-0.0245558,51.4391102],[-0.0244148,51.4389276],[-0.024307,51.4387841]],[[-0.024307,51.4387841],[-0.024143,51.4386102]],[[-0.024143,51.4386102],[-0.023634,51.4380892],[-0.022874,51.4373279],[-0.0224049,51.4368563],[-0.0218927,51.4363323],[-0.0215934,51.4360273],[-0.0213102,51.4357247],[-0.0209528,51.435336],[-0.020767,51.4351145],[-0.020622,51.4349298],[-0.0203052,51.4345341],[-0.0199974,51.4341058],[-0.0198807,51.433933],[-0.0197463,51.4337221],[-0.0195499,51.4334227],[-0.019416,51.4331954],[-0.0192692,51.432948],[-0.0191828,51.4327855],[-0.0191166,51.4326408],[-0.0190135,51.4324143],[-0.0189293,51.4322208],[-0.0188774,51.4321208],[-0.0187923,51.4319344],[-0.0187406,51.4318032],[-0.0186365,51.4315559],[-0.0184833,51.431166],[-0.0184501,51.4310474],[-0.0182799,51.4304928],[-0.0182028,51.4302359],[-0.0181395,51.4299713],[-0.0180714,51.4296548],[-0.0180325,51.4294174],[-0.01798,51.4291329],[-0.0178898,51.4283279],[-0.0178261,51.4277764],[-0.0177589,51.4274443],[-0.0176962,51.4272112],[-0.0176101,51.4269556],[-0.0174921,51.426655],[-0.0173994,51.4264328],[-0.0171898,51.4260659],[-0.0168556,51.4255723],[-0.0167228,51.4253992],[-0.0164923,51.4251295],[-0.0162138,51.424824],[-0.0158861,51.4245247],[-0.0156169,51.4242989],[-0.0153249,51.4240637],[-0.0151249,51.4239211],[-0.0148292,51.4237181],[-0.0142169,51.4232846],[-0.0137837,51.4229836]],[[-0.0137837,51.4229836],[-0.0130886,51.4225017],[-0.0123808,51.4220184],[-0.0119804,51.4217438],[-0.0114585,51.4213826],[-0.0109827,51.4210287],[-0.010536,51.4206632],[-0.0102944,51.420434],[-0.0100829,51.420217],[-0.0099011,51.4200185],[-0.0096938,51.4197724],[-0.0095122,51.4195325],[-0.009372,51.4193256],[-0.0092046,51.4190538],[-0.0090575,51.4187888],[-0.0089128,51.4184837],[-0.0088101,51.4182341],[-0.0086971,51.4179131],[-0.0085656,51.4174681],[-0.0084783,51.4171595],[-0.008382,51.4167923],[-0.0080594,51.4156551],[-0.0079064,51.4151289],[-0.0077534,51.4146589],[-0.0076793,51.4144874]],[[-0.0076793,51.4144874],[-0.007676009622201571,51.41447983351941]],[[-0.0172674,51.4644389],[-0.0171178,51.4639782],[-0.0169804,51.4635468]],[[-0.0169804,51.4635468],[-0.0169364,51.4634149]],[[-0.0169364,51.4634149],[-0.0168134,51.4630328],[-0.0167281,51.46276],[-0.0165862,51.4623076]],[[-0.0165862,51.4623076],[-0.0165177,51.4621063]],[[-0.0165177,51.4621063],[-0.0164605,51.4619513]],[[-0.0164605,51.4619513],[-0.0162904,51.4615556],[-0.0162448,51.4614653],[-0.016165,51.4613091],[-0.0160819,51.4611662],[-0.015992,51.4610179],[-0.0158626,51.4608278],[-0.0157359,51.4606356],[-0.0155628,51.4604151]],[[-0.0155628,51.4604151],[-0.0154421,51.4602658]],[[-0.0154421,51.4602658],[-0.0152633,51.4600674],[-0.0150767,51.4598702],[-0.0148564,51.4596566],[-0.0147072,51.4595184],[-0.0144816,51.4593214],[-0.0144641,51.4593074],[-0.0141226,51.4590285],[-0.0138123,51.4587999],[-0.013271,51.458442],[-0.0131192,51.4583524]],[[-0.0131192,51.4583524],[-0.0129011,51.458226],[-0.0127566,51.4581445],[-0.0126045,51.4580675]],[[-0.0126045,51.4580675],[-0.0120918,51.4578158],[-0.01165,51.457629],[-0.0114569,51.4575532],[-0.0110642,51.4574007],[-0.010438,51.4571627],[-0.0097601,51.4569096],[-0.0092892,51.4567295],[-0.0084396,51.4563882],[-0.0079212,51.4561652],[-0.0072066,51.4558401],[-0.0065144,51.4555106],[-0.0059457,51.4552301],[-0.0054551,51.4549766],[-0.0050045,51.4547437],[-0.004515,51.4544551],[-0.0041046,51.454217],[-0.0037938,51.4540169]],[[-0.0037938,51.4540169],[-0.0036149,51.4539028]],[[-0.0036149,51.4539028],[-0.0031214,51.4535639],[-0.0028937,51.4533989],[-0.0025245,51.4531165],[-0.0020936,51.4527598],[-0.0019526,51.452633],[-0.0018016,51.4524973],[-0.0015565,51.452265],[-0.0012838,51.4520063],[-0.0010577,51.4517947],[-0.0005325,51.4513017],[2.999999999999531e-7,51.4508083],[0.0006363,51.450211],[0.000798,51.4500718],[0.0011246,51.4497636],[0.0012903,51.4496107],[0.0014747,51.4494295],[0.0017646,51.4491542],[0.0021484,51.4487696],[0.0024955,51.4484274],[0.0027715,51.4481495],[0.0030265,51.4478986],[0.0031937,51.4477331],[0.0036906,51.447232],[0.0038858,51.4470398],[0.004018,51.4469069],[0.0042761,51.4466471],[0.0044416,51.4464847],[0.0048303,51.4461001],[0.0049373,51.4459998],[0.0051859,51.4457532],[0.0052179,51.4457316],[0.0052832,51.4456583],[0.0054205,51.445524]],[[0.0054205,51.445524],[0.005602,51.44533]],[[0.005602,51.44533],[0.0062203,51.4446552],[0.0065893,51.4442874],[0.0069873,51.4438901],[0.00784,51.4430601],[0.0084867,51.4424111],[0.0091566,51.4417404],[0.0098438,51.4410532],[0.0104154,51.4404813],[0.0117173,51.4391636],[0.0120127,51.4388884],[0.0124462,51.4384518],[0.0128054,51.4380899],[0.0133257,51.4375638],[0.0136035,51.4372822],[0.0145426,51.4364019],[0.0153451,51.4356808],[0.0157591,51.4353283],[0.0162401,51.4349259],[0.016514,51.4346968],[0.0171329,51.4341998],[0.0178028,51.4336712],[0.0187519,51.4329404],[0.019659,51.4322812],[0.0201322,51.431958],[0.0208021,51.431521]],[[0.0208021,51.431521],[0.0211852,51.4312761]],[[0.0211852,51.4312761],[0.0215904,51.431012]],[[0.0215904,51.431012],[0.0218589,51.4308431],[0.0228898,51.4301965],[0.0239306,51.4295399],[0.0247744,51.4290078],[0.02507947335504734,51.42881252151385]],[[0.0249714691974691,51.42876341597776],[0.0249136,51.4287981],[0.0236363,51.4295638],[0.0226349,51.4301858],[0.0216877,51.4307871],[0.0215957,51.4308515]],[[0.0215957,51.4308515],[0.021433,51.4309585]],[[0.021433,51.4309585],[0.0213497,51.4310146]],[[0.0213497,51.4310146],[0.0207875,51.431393]],[[0.0207875,51.431393],[0.0207153,51.4314416],[0.019637,51.4322162],[0.019484,51.4323297],[0.0183875,51.4331424],[0.017723,51.4336618],[0.0164985,51.4346416],[0.0161573,51.434916],[0.015853,51.4351903],[0.0156223,51.4353729],[0.0154309,51.4355422],[0.0151535,51.4357773],[0.0149482,51.4359609],[0.0146283,51.4362404],[0.0143821,51.4364689],[0.0141236,51.4367091],[0.0139076,51.4369253],[0.0137268,51.4371053],[0.0135444,51.4372797],[0.0133726,51.437447],[0.0131721,51.4376602],[0.0129275,51.4378937],[0.0126486,51.4381757],[0.012215,51.4386026],[0.0121078,51.438712],[0.0119549,51.4388682],[0.0118895,51.4389322],[0.0116768,51.4391434],[0.0100486,51.4407748],[0.009204,51.4416272],[0.0084497,51.442375],[0.0076364,51.4431849],[0.0069873,51.4438165],[0.0062827,51.4445146],[0.0056503,51.4452114],[0.0055495,51.4453103]],[[0.0055495,51.4453103],[0.0053661,51.4454998]],[[0.0053661,51.4454998],[0.005201,51.4456637],[0.0051154,51.4457437],[0.0046977,51.4461631],[0.0045294,51.446331],[0.0041913,51.4466583],[0.0040743,51.4467727],[0.0038805,51.4469677],[0.0036367,51.4472044],[0.0031484,51.4477042],[0.0029726,51.44788],[0.0027112,51.4481436],[0.0021599,51.4486915],[0.0018411,51.4490219],[0.0015753,51.4492792],[0.0010853,51.449745],[0.0007598,51.4500568],[0.0006219,51.4501793],[0.00017029999999999997,51.4505971],[-0.000053000000000000014,51.4508015],[-0.0002777,51.4510144],[-0.0006945,51.4514038],[-0.0012017,51.4518719],[-0.0014571,51.4521125],[-0.001735,51.4523717],[-0.0021194,51.4527196],[-0.0025426,51.4530717],[-0.0026836,51.4531824],[-0.0029397,51.4533795],[-0.0032197,51.4535768],[-0.0036745,51.4538836]],[[-0.0036745,51.4538836],[-0.0038673,51.4540095]],[[-0.0038673,51.4540095],[-0.0043979,51.4543357],[-0.0048171,51.4545736],[-0.0051777,51.454766],[-0.0056215,51.454997],[-0.006123,51.4552463],[-0.0065731,51.455468],[-0.0072665,51.4558024],[-0.0079561,51.4561195],[-0.0084577,51.4563334],[-0.0089763,51.4565433],[-0.0093441,51.4566903],[-0.0098018,51.4568652],[-0.0104649,51.4571129],[-0.011093,51.4573518],[-0.0116876,51.4575859],[-0.0121124,51.4577678],[-0.0126589,51.4580322]],[[-0.0126589,51.4580322],[-0.012854,51.458135],[-0.0131616,51.4583085]],[[-0.0131616,51.4583085],[-0.0133413,51.4584175],[-0.0137678,51.4587002],[-0.0139036,51.4587989],[-0.0143384,51.4591295],[-0.014502,51.4592648],[-0.0146817,51.4594203],[-0.0148179,51.4595364],[-0.0150016,51.4597144],[-0.0151645,51.4598811],[-0.0153191,51.4600429],[-0.0154901,51.4602363]],[[-0.0154901,51.4602363],[-0.0156019,51.4603699]],[[-0.0156019,51.4603699],[-0.0158733,51.4607346],[-0.0160148,51.4609456],[-0.0161415,51.4611499],[-0.0162448,51.461335],[-0.01634,51.4615146],[-0.0165002,51.4618786]],[[-0.0165002,51.4618786],[-0.0165753,51.4620816]],[[-0.0165753,51.4620816],[-0.0166422,51.4622764]],[[-0.0166422,51.4622764],[-0.016735,51.4625651],[-0.0168111,51.4628015],[-0.0168856,51.4630374],[-0.0170015,51.4634039]],[[-0.0170015,51.4634039],[-0.0170469,51.4635415]],[[-0.0170469,51.4635415],[-0.0171945,51.4639986],[-0.0173335,51.4644311]],[[-0.0173335,51.4644311],[-0.0173485,51.4644739]],[[-0.0173485,51.4644739],[-0.0173797,51.4645736]],[[-0.0173797,51.4645736],[-0.0175178,51.464967]],[[-0.0175178,51.464967],[-0.0176227,51.4652653]],[[-0.0176227,51.4652653],[-0.0177301,51.4655923],[-0.0178216,51.4658158],[-0.0179567,51.4660956],[-0.018042,51.4662515],[-0.0181597,51.4664386],[-0.0182759,51.4666101],[-0.0184951,51.4668659],[-0.0187188,51.4671117],[-0.0189982,51.4673683],[-0.0193471,51.4676387],[-0.0197145,51.4678778],[-0.0199944,51.4680323],[-0.0202953,51.4681827],[-0.0205924,51.468319],[-0.0211734,51.4685629],[-0.0218126,51.4688371],[-0.022572,51.4691527],[-0.0230656,51.4693655],[-0.0243718,51.4699183]],[[-0.0248669,51.4701301],[-0.0253958,51.4703528],[-0.0260207,51.470638]],[[-0.0260207,51.470638],[-0.0264953,51.4708763],[-0.026751,51.4710152],[-0.0269848,51.4711458]],[[-0.0269848,51.4711458],[-0.027804,51.4716552]],[[-0.027804,51.4716552],[-0.0284854,51.4721065],[-0.0286515,51.4722165],[-0.029309,51.4727063],[-0.0295496,51.4728961],[-0.0299214,51.4731976],[-0.0302807,51.4735038],[-0.0312655,51.4744522],[-0.0316845,51.474932],[-0.0319468,51.4752338],[-0.0322202,51.475564],[-0.0325892,51.476023],[-0.0329604,51.4765318],[-0.0333106,51.4770455],[-0.0336129,51.4774871],[-0.0339107,51.4779412],[-0.0342597,51.4784403],[-0.0345276,51.4788051],[-0.0347456,51.4791282]],[[-0.0347456,51.4791282],[-0.0348348,51.4792606]],[[-0.0348348,51.4792606],[-0.0348988,51.4793554],[-0.0352912,51.4799486],[-0.0357203,51.4805507],[-0.035886,51.4807946],[-0.036075,51.4810434],[-0.0362679,51.4812825],[-0.036455,51.4814973],[-0.0366187,51.4816708],[-0.0368272,51.4818747]],[[-0.0368272,51.4818747],[-0.0370474,51.4820664]],[[-0.0370474,51.4820664],[-0.0372236,51.4822074],[-0.0374218,51.4823538]],[[-0.0374218,51.4823538],[-0.0376262,51.4825105]],[[-0.0376262,51.4825105],[-0.0378094,51.4826332],[-0.0383433,51.4829475],[-0.0388618,51.4832171],[-0.0397156,51.4836081],[-0.0409011,51.4840569],[-0.042059,51.4845031]],[[-0.042059,51.4845031],[-0.0430083,51.4848978],[-0.0439102,51.4852141],[-0.0444963,51.4854131],[-0.0451883,51.4856665],[-0.04547,51.4857722],[-0.0461519,51.4860264],[-0.0468784,51.4862663],[-0.0472914,51.486408],[-0.0476877,51.486551],[-0.0482029,51.4867421],[-0.0485839,51.4868948],[-0.0489959,51.4870685],[-0.0492739,51.4871948],[-0.0495964,51.4873479],[-0.0498677,51.4874864],[-0.050104,51.4876033],[-0.0503965,51.4877468],[-0.0507462,51.4879142]],[[-0.0507462,51.4879142],[-0.05076144846653648,51.48792177504467]],[[-0.0133256,51.4654376],[-0.0132417,51.4653231],[-0.0130242,51.4650262],[-0.0130144,51.4650128],[-0.0128135,51.4647343],[-0.0128404,51.4647267],[-0.0128708,51.4647182],[-0.0133857,51.4654206],[-0.0133256,51.4654376]],[[-0.0164862,51.4688049],[-0.0160833,51.4683227],[-0.0161048,51.4683157],[-0.0161239,51.4683091],[-0.0161678,51.4683619],[-0.0161742,51.4683696],[-0.0161812,51.4683781],[-0.0162632,51.4684766],[-0.0162895,51.4685055],[-0.0163262,51.4685426],[-0.0163528,51.4685726],[-0.0165103,51.4687592],[-0.016525,51.4687733],[-0.0165427,51.4687866],[-0.0165241,51.4687926],[-0.0164862,51.4688049]],[[-0.0222667,51.4738389],[-0.0223825,51.4740852],[-0.022388765472684254,51.47409852588255]],[[-0.02246107453576794,51.474105445410125],[-0.0224461,51.4740736],[-0.0223303,51.4738273],[-0.0222667,51.4738389]],[[-0.0131584,51.4650786],[-0.013224,51.4651738]],[[-0.013224,51.4651738],[-0.0135874,51.46566],[-0.0137134,51.4658779]],[[-0.0137134,51.4658779],[-0.0137881,51.4659892],[-0.0139592,51.4662466]],[[-0.0139592,51.4662466],[-0.0140219,51.4663402],[-0.0141071,51.4664617]],[[-0.0141071,51.4664617],[-0.0141681,51.4665442],[-0.0142751,51.4666702]],[[-0.0142751,51.4666702],[-0.0143535,51.4667523],[-0.0144625,51.4668554],[-0.0145936,51.4669634],[-0.0148564,51.4671502],[-0.0151069,51.4673218],[-0.0151982,51.4673914],[-0.0153255,51.467496],[-0.0155266,51.4676892],[-0.0157469,51.4679476]],[[-0.0157469,51.4679476],[-0.01594,51.4681784],[-0.0160725,51.4683373],[-0.0162226,51.4685178]],[[-0.0162226,51.4685178],[-0.0164322,51.4687659],[-0.0166271,51.4689975],[-0.0167195,51.4690882],[-0.016787383082035503,51.469140786557944]],[[-0.017216277501420345,51.469353840396245],[-0.0173255,51.4693874],[-0.01751,51.4694284]],[[-0.01751,51.4694284],[-0.0179621,51.4695124],[-0.0182122,51.4695733],[-0.018457,51.469651],[-0.0186595,51.4697304],[-0.0188164,51.4698031],[-0.0189726,51.4698849],[-0.0190966,51.469962],[-0.019235,51.4700555],[-0.0193904,51.4701794],[-0.0196854,51.4704492]],[[-0.0196854,51.4704492],[-0.0198893,51.4706282],[-0.0200547,51.4707561],[-0.0202354,51.4708757],[-0.0206526,51.471143],[-0.0210211,51.4713796],[-0.0211657,51.4714809],[-0.0212871,51.4715816],[-0.0214231,51.4717092],[-0.0215265,51.4718276],[-0.021618,51.4719511],[-0.0216763,51.4720426],[-0.021728,51.4721454],[-0.0217716,51.4722541],[-0.0217968,51.472327],[-0.0218205,51.4724277],[-0.021847,51.472597],[-0.0218717,51.4727919],[-0.0219069,51.4730256],[-0.0219364,51.4731504],[-0.0219793,51.4732571],[-0.0220694,51.4734635]],[[-0.0220694,51.4734635],[-0.022367339019399298,51.47409647550425]],[[-0.022847787117866288,51.47533636442301],[-0.0228503,51.4753835],[-0.0228309,51.4755081],[-0.0227811,51.4756457],[-0.0226962,51.475778],[-0.0225853,51.4758941],[-0.0225074,51.4759586],[-0.0224189,51.4760184],[-0.0223425,51.4760609],[-0.0222643,51.4761002],[-0.0221718,51.4761413],[-0.0220666,51.4761773],[-0.0219338,51.4762169],[-0.0218063,51.476247]],[[-0.0218063,51.476247],[-0.021564,51.4762944],[-0.0210713,51.4763811],[-0.0208366,51.4764345],[-0.02078226285766191,51.47645062854937]],[[-0.019617045818564355,51.47709125862525],[-0.0194028,51.4772768],[-0.0192698,51.4773811],[-0.0191449,51.4774641],[-0.01909071636254731,51.47749577411447]],[[-0.02228604762545284,51.47408490229573],[-0.0221781,51.473855],[-0.0221157,51.4738663],[-0.02221231750868824,51.4740721554705]],[[-0.0163258,51.4688169],[-0.0160978,51.4685432],[-0.0159229,51.4683332],[-0.0159569,51.4683222],[-0.0159735,51.4683168],[-0.0163764,51.4688006],[-0.0163441,51.468811],[-0.0163258,51.4688169]],[[-0.0132655,51.4654546],[-0.0127562,51.4647504],[-0.0128135,51.4647343],[-0.0130144,51.4650128],[-0.0130242,51.4650262],[-0.0132417,51.4653231],[-0.0133256,51.4654376],[-0.0132655,51.4654546]],[[-0.01908330812159617,51.47745387619756],[-0.0191196,51.4774323],[-0.0192318,51.4773578],[-0.0193594,51.4772594],[-0.019537366252705256,51.4771035944822]],[[-0.020780184625890243,51.47641376643035],[-0.0208176,51.4764023],[-0.021059,51.4763474],[-0.0215469,51.4762623],[-0.0217889,51.4762147]],[[-0.0217889,51.4762147],[-0.0219125,51.4761865],[-0.0220452,51.476146],[-0.0221491,51.4761091],[-0.0222401,51.4760683],[-0.0223169,51.4760305],[-0.022389,51.475988],[-0.0224729,51.4759313],[-0.0225469,51.4758728],[-0.0226403,51.4757742],[-0.0227271,51.4756398],[-0.0227787,51.4755057],[-0.0227939,51.4753844],[-0.02279328973451319,51.47535449699115]],[[-0.022309979226519526,51.47408903970863],[-0.0222192,51.4738959],[-0.0220196,51.4734736]],[[-0.0220196,51.4734736],[-0.0219347,51.473281],[-0.0218892,51.473162],[-0.0218551,51.4730338],[-0.0218164,51.4727958],[-0.0217944,51.4725934],[-0.0217715,51.4724345],[-0.021742,51.472331],[-0.0217219,51.4722562],[-0.0216756,51.4721543],[-0.0216287,51.4720536],[-0.021573,51.471963],[-0.0214805,51.4718364],[-0.0213772,51.471722],[-0.0212471,51.4716008],[-0.021114,51.4714927],[-0.0209839,51.4714026],[-0.0206171,51.4711637],[-0.0202003,51.4708987],[-0.0200234,51.4707794],[-0.0198527,51.4706494],[-0.0196446,51.4704669]],[[-0.0196446,51.4704669],[-0.0193516,51.4702011],[-0.019196,51.4700762],[-0.01911548850263528,51.47002098375126]],[[-0.017771546498113473,51.469511966012824],[-0.0175384,51.4694698]],[[-0.0175384,51.4694698],[-0.0173156,51.4694222],[-0.017279647391627802,51.46941109824444]],[[-0.01674968769432867,51.469163719514974],[-0.016675,51.4691047],[-0.0165948,51.4690306],[-0.0165157,51.468939],[-0.016381,51.4687816],[-0.0161752,51.4685349]],[[-0.0161752,51.4685349],[-0.0160268,51.4683568],[-0.0156596,51.4679087]],[[-0.0156596,51.4679087],[-0.0154896,51.4677122],[-0.0153565,51.4675771],[-0.0152838,51.4675132],[-0.0151563,51.4674082],[-0.0149379,51.4672523],[-0.0146556,51.4670585],[-0.0144782,51.4669245],[-0.0143483,51.4668102],[-0.0142734,51.4667351],[-0.014201,51.4666579]],[[-0.014201,51.4666579],[-0.0141205,51.4665572],[-0.0140568,51.466468]],[[-0.0140568,51.466468],[-0.014031,51.4664232],[-0.013915,51.4662589],[-0.0137969,51.4660835],[-0.0137567,51.466031]],[[-0.0137567,51.466031],[-0.0136296,51.4659041]],[[-0.0136296,51.4659041],[-0.0134396,51.4657026],[-0.013076,51.4652237]],[[-0.013076,51.4652237],[-0.0127937,51.464837]],[[-0.0488623,51.4860599],[-0.049121,51.4862639],[-0.0493133,51.4863923]],[[-0.0493133,51.4863923],[-0.049517,51.4865452],[-0.0497927,51.4867382],[-0.050038,51.4868824],[-0.0503778,51.4870664],[-0.0506602,51.4872047],[-0.0509703,51.4873481],[-0.0513957,51.4875275],[-0.0517584,51.4876773]],[[-0.0517584,51.4876773],[-0.0519931,51.4877674]],[[-0.0519931,51.4877674],[-0.05211601828663655,51.48781582795654]],[[-0.0187796,51.4565166],[-0.0187895,51.4565023],[-0.0189074,51.4563318],[-0.0202521,51.4543873]],[[-0.024864,51.444519],[-0.0248381,51.4446616],[-0.0248022,51.4448239],[-0.0247379,51.4451142],[-0.024713,51.4452235],[-0.024585,51.4457862],[-0.0244268,51.4463997],[-0.0243785,51.4465836]],[[-0.0329644,51.4259221],[-0.0331497,51.4249806],[-0.03321322951441828,51.424657722395246]],[[-0.0164605,51.4619513],[-0.0163078,51.4615305],[-0.0162448,51.461335],[-0.0161806,51.4611133],[-0.0161422,51.4609469],[-0.0161187,51.4608282],[-0.0160979,51.4606724],[-0.0160906,51.4605851],[-0.0160919,51.460425],[-0.0161053,51.4602972],[-0.0161362,51.4601535],[-0.0161874,51.4599846],[-0.0162146,51.4599087],[-0.0162656,51.4597942],[-0.0163487,51.4596429],[-0.0164478,51.4594908],[-0.016528,51.4593789],[-0.0166032,51.4592709],[-0.0168506,51.4589701]],[[-0.0168506,51.4589701],[-0.0169559,51.4588573],[-0.0170581,51.4587461],[-0.017204,51.4585843],[-0.0174431,51.4583076],[-0.0176302,51.4580904],[-0.0178405,51.4578397],[-0.0180841,51.4575351],[-0.0182626,51.4572738],[-0.0187045,51.4566763],[-0.0191308,51.4560853],[-0.0191686,51.4560242],[-0.0201082,51.4546696],[-0.0206916,51.453847],[-0.0212042,51.4531491],[-0.0216182,51.452549],[-0.0219282,51.4520624]],[[-0.0219282,51.4520624],[-0.0220065,51.4519396]],[[-0.0220065,51.4519396],[-0.0221163,51.4517675],[-0.0222506,51.4515203],[-0.0223368,51.4514045],[-0.0224831,51.4511522],[-0.0226311,51.4508654],[-0.0227783,51.450589],[-0.0230653,51.4500297],[-0.0233422,51.449471],[-0.0234999,51.4491241],[-0.0236548,51.4487633],[-0.0237335,51.448576],[-0.023839,51.4483125],[-0.0240143,51.4478375],[-0.0241909,51.4473561],[-0.0243215,51.446949],[-0.0244859,51.4463824],[-0.0246359,51.4458147],[-0.0247735,51.4452377],[-0.0248365,51.4449123],[-0.0248829,51.4446596],[-0.0250396,51.4437588],[-0.0251282,51.4432556],[-0.0251988,51.44285],[-0.0254697,51.4413143],[-0.0256288,51.4404293],[-0.0256835,51.4401059],[-0.0257485,51.4396925]],[[-0.0257485,51.4396925],[-0.0257598,51.4396202]],[[-0.0257598,51.4396202],[-0.0258136,51.4392673],[-0.0259222,51.4385948],[-0.0260706,51.4378988],[-0.0261966,51.4373801],[-0.0262977,51.4370334],[-0.026388,51.436758],[-0.0264707,51.4365219],[-0.0266599,51.4360559],[-0.0268663,51.435593],[-0.0270848,51.4351712],[-0.0272505,51.4348792],[-0.0273905,51.4346452],[-0.0276136,51.434288],[-0.0277907,51.4340327],[-0.0280353,51.4337047],[-0.0282474,51.4334321],[-0.02844,51.4331979],[-0.028665,51.432941],[-0.0289472,51.4326083],[-0.0292333,51.4323039],[-0.0295242,51.4320044],[-0.0297847,51.4317283],[-0.0301349,51.4313751],[-0.0306448,51.4308469],[-0.030922,51.4305383],[-0.031096,51.4303281],[-0.0312951,51.4300776],[-0.0314599,51.4298548],[-0.0316716,51.4295434],[-0.0318373,51.4292676],[-0.0320023,51.4289832],[-0.0321302,51.4287393],[-0.0322289,51.4285484]],[[-0.0322289,51.4285484],[-0.0323007,51.4283955]],[[-0.0323007,51.4283955],[-0.0324486,51.4280553]],[[-0.0324486,51.4280553],[-0.0325053,51.4279154]],[[-0.0325053,51.4279154],[-0.0325723,51.427727],[-0.0326481,51.4274834],[-0.0327585,51.4270791],[-0.0328585,51.4266505],[-0.03295,51.4262353],[-0.0330213,51.425829],[-0.0331636,51.4251943],[-0.0332498,51.4248411],[-0.033300674366420244,51.424628601066644]],[[-0.033393772407991136,51.42463698398468],[-0.0333879,51.4246578],[-0.0333086,51.4249919],[-0.0331226,51.425775]],[[-0.0245046,51.446607],[-0.0246011,51.4462743],[-0.0247576,51.4456513],[-0.0248464,51.4452279],[-0.0248971,51.4449859],[-0.0249954,51.4444973]],[[-0.0204452,51.4543723],[-0.0190307,51.4563661],[-0.0190092,51.4563964],[-0.0189298,51.4565083]],[[-0.03335058448508309,51.42463308736944],[-0.0332864,51.4249124],[-0.0331834,51.4253462],[-0.033096,51.4257255],[-0.0330406,51.4260645],[-0.0329678,51.4264349],[-0.0328789,51.4267996],[-0.0328158,51.4270756],[-0.032759,51.4272925],[-0.0327,51.4274977],[-0.0326209,51.4277479],[-0.0325609,51.4279297]],[[-0.0325609,51.4279297],[-0.0325084,51.4280678]],[[-0.0325084,51.4280678],[-0.0323562,51.4284117]],[[-0.0323562,51.4284117],[-0.0322921,51.4285513]],[[-0.0322921,51.4285513],[-0.0321246,51.4288763],[-0.0320001,51.4291044],[-0.031863,51.429333],[-0.0317282,51.4295516],[-0.0315897,51.4297612],[-0.031415,51.4300039],[-0.0312005,51.4302808],[-0.03096,51.4305725],[-0.0306974,51.4308619],[-0.0303815,51.4311991],[-0.0300473,51.4315407],[-0.0297092,51.431892],[-0.0293205,51.4322918],[-0.0290235,51.4326044],[-0.0288427,51.4328102],[-0.0286467,51.4330428],[-0.0284145,51.433316],[-0.0282432,51.4335189],[-0.0280789,51.4337307],[-0.0278889,51.4339766],[-0.0277227,51.4342055],[-0.0275864,51.4344196],[-0.027439,51.4346546],[-0.0273038,51.4348722],[-0.0271745,51.4351033],[-0.0270641,51.4353084],[-0.0269621,51.4355073],[-0.0268444,51.4357506],[-0.0267037,51.436063],[-0.026624,51.4362611],[-0.0265279,51.436519],[-0.0264376,51.4367601],[-0.0263556,51.4370049],[-0.0262594,51.4373235],[-0.026195,51.4376055],[-0.026127,51.4378846],[-0.0260543,51.4382806],[-0.0259933,51.4386057],[-0.0259299,51.4389344],[-0.0258757,51.4392787],[-0.0258056,51.4396233]],[[-0.0258056,51.4396233],[-0.0257941,51.4396955]],[[-0.0257941,51.4396955],[-0.0257688,51.4399151],[-0.0256892,51.4403507],[-0.0256097,51.4408084],[-0.025453,51.4416716],[-0.0253511,51.4422611],[-0.0252442,51.4429218],[-0.025124,51.4435825],[-0.0250221,51.4441415],[-0.0249665,51.4444808],[-0.0248894,51.4448455],[-0.0248364,51.4451183],[-0.0247585,51.4454789],[-0.0246731,51.4458332],[-0.0246226,51.446045],[-0.0245778,51.4462428],[-0.0244858,51.4465528],[-0.0243665,51.4469567],[-0.0242562,51.4473059],[-0.024137,51.4476361],[-0.0240117,51.4479831],[-0.0238856,51.4483237],[-0.0237799,51.4485869],[-0.0237074,51.4487599],[-0.0236422,51.4489184],[-0.0235277,51.449167],[-0.0234234,51.4494089],[-0.0233114,51.4496483],[-0.0232235,51.4498209],[-0.0230893,51.4500874],[-0.0229028,51.4504624],[-0.0226848,51.4508689],[-0.0225251,51.4511714],[-0.0223834,51.4514121],[-0.022236,51.4516576],[-0.0220781,51.4519122],[-0.0220538,51.4519479]],[[-0.0220538,51.4519479],[-0.021979,51.4520735]],[[-0.021979,51.4520735],[-0.0218948,51.452205],[-0.0216687,51.452549],[-0.0213915,51.4529579],[-0.0212558,51.453157],[-0.021108,51.4533677],[-0.020858,51.4537198],[-0.0207053,51.4539391],[-0.0204946,51.4542329],[-0.0203251,51.4544797],[-0.020088,51.4548088],[-0.0197856,51.4552129],[-0.0195867,51.4555001],[-0.0193514,51.4558291],[-0.0190563,51.4562443],[-0.0187505,51.4566849],[-0.0184945,51.4570371],[-0.0183173,51.4572816],[-0.0181177,51.4575668],[-0.0178829,51.457859],[-0.0176804,51.4581007],[-0.0174921,51.4583217],[-0.0172493,51.4585983],[-0.016988,51.4588799],[-0.0168719,51.4590099]],[[-0.0168719,51.4590099],[-0.0166552,51.4592767],[-0.0165443,51.4594329],[-0.016396,51.4596624],[-0.0163018,51.4598414],[-0.0162569,51.4599513],[-0.0161925,51.4601339],[-0.0161496,51.4603444],[-0.0161402,51.4605178],[-0.0161496,51.4606728],[-0.0161637,51.4607743],[-0.0161898,51.4609176],[-0.0162254,51.4610751],[-0.0162701,51.4612342],[-0.0163119,51.4613764],[-0.0165002,51.4618786]],[[-0.0130705,51.4638862],[-0.0130902,51.4640442],[-0.0131122,51.4641548],[-0.0131451,51.4642525],[-0.0132006,51.4644011],[-0.0132722,51.464567],[-0.0133576,51.4647142],[-0.0135001,51.4649223],[-0.0136324,51.4650718],[-0.0137842,51.4652148],[-0.0139353,51.4653345],[-0.0140925,51.4654531],[-0.0141784,51.4655031],[-0.0142524,51.4655461],[-0.0143568,51.4656076],[-0.0145729,51.4657203],[-0.0147298,51.4658064]],[[-0.0208657,51.4685467],[-0.0208432,51.4685674],[-0.0212447,51.4687686],[-0.0216054,51.4689419],[-0.0218388,51.4690457],[-0.0224919,51.4693125],[-0.0238,51.4698149],[-0.0238227,51.4697924],[-0.0223347,51.4691666],[-0.0217422,51.468914],[-0.0208657,51.4685467]],[[-0.0335873,51.4777308],[-0.0332694,51.47733],[-0.0330205,51.4770129],[-0.0327693,51.4766862],[-0.0325381,51.476365],[-0.0323291,51.4760625],[-0.0320068,51.4756125],[-0.0320724,51.4755952],[-0.0324859,51.4761199],[-0.0328404,51.4765983],[-0.0330783,51.4769299],[-0.033415,51.4774248],[-0.0336151,51.4777232],[-0.0335873,51.4777308]],[[-0.0168719,51.4590099],[-0.016528,51.4593789],[-0.0163771,51.4595322],[-0.0161583,51.4597582],[-0.0160356,51.4598815],[-0.0157794,51.460137],[-0.0153621,51.4605443],[-0.0150621,51.4608356],[-0.0147897,51.4610967]],[[-0.0147897,51.4610967],[-0.0146294,51.4612562]],[[-0.0146294,51.4612562],[-0.014071,51.4617547],[-0.0139179,51.4619101]],[[-0.0139179,51.4619101],[-0.013686,51.4621364],[-0.0135579,51.4622744],[-0.0134455,51.4624234],[-0.0133186,51.4625988],[-0.0132124,51.4627813],[-0.013132,51.4629773],[-0.013068,51.46319],[-0.0130292,51.4633467],[-0.0130022,51.4635488],[-0.012999,51.4636704],[-0.0130075,51.4637999]],[[-0.0130075,51.4637999],[-0.0130329,51.4639712],[-0.0130864,51.4642174],[-0.0131424,51.4643788],[-0.0132149,51.4645331],[-0.0132882,51.464673],[-0.013457,51.4649324],[-0.0135744,51.4650667],[-0.0138456,51.4653124],[-0.0139663,51.4654029],[-0.0141342,51.4655178],[-0.0142871,51.4656053],[-0.0144642,51.465705],[-0.0148702,51.4659171]],[[-0.015719,51.466381],[-0.0154394,51.466228],[-0.0152974,51.4661545],[-0.0151236,51.4660593],[-0.0148702,51.4659171]],[[-0.015719,51.466381],[-0.0159747,51.4664793]],[[-0.0159747,51.4664793],[-0.0165501,51.4667145]],[[-0.0165501,51.4667145],[-0.017389,51.4670483],[-0.0183416,51.4674353]],[[-0.0183416,51.4674353],[-0.0185403,51.4675231]],[[-0.0185403,51.4675231],[-0.0192149,51.467816],[-0.0196695,51.4680114],[-0.0198861,51.4681005]],[[-0.0198861,51.4681005],[-0.0202118,51.4682542],[-0.0210895,51.4686293],[-0.0217583,51.4689082],[-0.0221659,51.4690778],[-0.0227683,51.4693345],[-0.0232903,51.4695523],[-0.0235044,51.4696442],[-0.0245675,51.4700911],[-0.0249553,51.4702581],[-0.0254193,51.4704586],[-0.0259397,51.4707016],[-0.0262541,51.4708553],[-0.0264093,51.4709363],[-0.0266633,51.4710724],[-0.0268975,51.4712042]],[[-0.0268975,51.4712042],[-0.0277128,51.4717089]],[[-0.0277128,51.4717089],[-0.0283912,51.472162],[-0.028546,51.4722654],[-0.0292096,51.4727427],[-0.0297369,51.4731497],[-0.030089,51.473456],[-0.0305519,51.473888],[-0.0312091,51.4745667],[-0.0314773,51.4749021]],[[-0.0314773,51.4749021],[-0.0317251,51.4752376],[-0.0319868,51.4756056],[-0.0322436,51.4759752],[-0.0325103,51.4763546],[-0.0328182,51.4767734],[-0.0331327,51.4771763],[-0.0334328,51.4775653],[-0.0337418,51.4779558],[-0.034013,51.4783524],[-0.0343509,51.4788183],[-0.0345892,51.4791781]],[[-0.0345892,51.4791781],[-0.0346722,51.4793033]],[[-0.0346722,51.4793033],[-0.0347365,51.4794004],[-0.0348996,51.479655],[-0.0350922,51.4799556],[-0.0352794,51.4802466],[-0.0355095,51.4806041],[-0.0356845,51.4808521],[-0.0357768,51.4809834],[-0.0359339,51.4811842],[-0.0361309,51.4814237],[-0.0363004,51.4816073],[-0.0364577,51.481764]],[[-0.0364577,51.481764],[-0.0366857,51.4819781]],[[-0.0366857,51.4819781],[-0.036994,51.4822479],[-0.037228,51.4824342]],[[-0.037228,51.4824342],[-0.0374613,51.4825886]],[[-0.0374613,51.4825886],[-0.0375841,51.4826764],[-0.0377025,51.4827567],[-0.0378144,51.4828326],[-0.0380959,51.4829992],[-0.0385697,51.4832501],[-0.0388641,51.4833975],[-0.0393867,51.4836364]],[[-0.0393867,51.4836364],[-0.0396459,51.4837438],[-0.0398973,51.4838467]],[[-0.0398973,51.4838467],[-0.0401059,51.4839321],[-0.0403826,51.4840378]],[[-0.0403826,51.4840378],[-0.0407924,51.4841974],[-0.0418288,51.4845808]],[[-0.0418288,51.4845808],[-0.0429876,51.485073],[-0.0434639,51.485291],[-0.0439296,51.4854984],[-0.0440686,51.4855555],[-0.0443101,51.4856547],[-0.0458666,51.4862765],[-0.0460345,51.4863456]],[[-0.0460345,51.4863456],[-0.0476603,51.4870151],[-0.0495205,51.4877819],[-0.0500441,51.487997],[-0.05029879475895912,51.488110330220614],[-0.050343,51.48813]],[[-0.0325414,51.4765111],[-0.0321646,51.47596],[-0.0320757,51.4759787],[-0.0320813,51.4760022],[-0.0324007,51.476476],[-0.0324392,51.4765332],[-0.0323291,51.4765644],[-0.0327804,51.4769499],[-0.0330016,51.4771908],[-0.0332283,51.4774843],[-0.0336307,51.4780035],[-0.0336551,51.4779945],[-0.0333117,51.477546],[-0.033096,51.4772552],[-0.0328504,51.476925],[-0.0325414,51.4765111]],[[-0.0146395,51.4658863],[-0.0142568,51.4656905],[-0.0141294,51.4656218],[-0.0139979,51.465534],[-0.013896,51.4654527],[-0.0136662,51.4652574],[-0.0134833,51.465075],[-0.0133607,51.4649256],[-0.0132814,51.4648077],[-0.0131922,51.4646659],[-0.0131259,51.4645392],[-0.0130418,51.4643384],[-0.0129907,51.4641703],[-0.0129456,51.4639704]],[[-0.05031717002355868,51.48815367372383],[-0.0500227,51.4880213],[-0.0494913,51.4878065],[-0.0476338,51.4870385],[-0.0458422,51.4862906],[-0.0443016,51.4856831],[-0.0440446,51.4855754],[-0.0439125,51.4855201],[-0.0436104,51.4853906],[-0.0429858,51.4851075],[-0.0417846,51.4845978]],[[-0.0417846,51.4845978],[-0.0407669,51.48422],[-0.0400814,51.4839559],[-0.0398677,51.483869]],[[-0.0398677,51.483869],[-0.039621,51.4837687],[-0.0393908,51.4836799]],[[-0.0393908,51.4836799],[-0.0387216,51.4834067],[-0.0384945,51.4832866],[-0.0381708,51.483118],[-0.0377508,51.4828733],[-0.0374707,51.4826931],[-0.037348,51.4826157]],[[-0.037348,51.4826157],[-0.0371795,51.4824544]],[[-0.0371795,51.4824544],[-0.0369344,51.4822533],[-0.0365953,51.481956]],[[-0.0365953,51.481956],[-0.0363654,51.4817363]],[[-0.0363654,51.4817363],[-0.0361276,51.4814778],[-0.0359698,51.4812934],[-0.0357379,51.4810155],[-0.0354612,51.4806198],[-0.0352303,51.4802603],[-0.0350844,51.4800331],[-0.034711,51.4794336],[-0.0346279,51.4793126]],[[-0.0346279,51.4793126],[-0.0345447,51.4791916]],[[-0.0345447,51.4791916],[-0.0343064,51.4788446],[-0.0338507,51.4782119],[-0.0333961,51.477629],[-0.0330238,51.4771334],[-0.0327893,51.4768149],[-0.032497,51.47641],[-0.0321202,51.4758555],[-0.0318034,51.4754221],[-0.0314511,51.4749554],[-0.0311685,51.4746122]],[[-0.0311685,51.4746122],[-0.0308654,51.4742744],[-0.0301351,51.473544],[-0.0295642,51.4731019],[-0.0291433,51.4727702],[-0.0284946,51.472307],[-0.0283306,51.4721976],[-0.0276517,51.4717449]],[[-0.0276517,51.4717449],[-0.0268444,51.4712398]],[[-0.0268444,51.4712398],[-0.0266121,51.471109],[-0.0263602,51.4709706],[-0.0261998,51.4708849],[-0.0258994,51.4707357],[-0.0253807,51.4704919],[-0.0249267,51.4702908],[-0.0235729,51.4697406],[-0.022824,51.4694528],[-0.0221575,51.4691958],[-0.0215476,51.4689261],[-0.0209262,51.468623],[-0.0204819,51.4684178],[-0.0201729,51.4682768],[-0.0198467,51.4681231]],[[-0.0198467,51.4681231],[-0.0191883,51.4678436],[-0.0185485,51.4675629],[-0.0185166,51.4675533]],[[-0.0185166,51.4675533],[-0.0183234,51.4674683]],[[-0.0183234,51.4674683],[-0.017867,51.4672789],[-0.0173679,51.4670766],[-0.0165311,51.4667515]],[[-0.0165311,51.4667515],[-0.0159302,51.4665106]],[[-0.0159302,51.4665106],[-0.0157369,51.4664296]],[[-0.0157369,51.4664296],[-0.0154242,51.4662652],[-0.0152686,51.4661784],[-0.0151316,51.4661037],[-0.0147878,51.4659196]],[[-0.0147878,51.4659196],[-0.0144772,51.4657549],[-0.014114,51.4655553],[-0.0139233,51.4654251],[-0.0137161,51.4652629],[-0.0135399,51.4650872],[-0.0134152,51.4649362],[-0.0132488,51.4646873]],[[-0.0132488,51.4646873],[-0.013176,51.4645456],[-0.0131034,51.4643924],[-0.0130421,51.4642294],[-0.0130032,51.4640692],[-0.0129625,51.4638075]],[[-0.0129625,51.4638075],[-0.0129464,51.4636974],[-0.0129468,51.4635912],[-0.0129516,51.4634997],[-0.0129943,51.4632464],[-0.0130308,51.4631174],[-0.0130714,51.4630047]],[[-0.0130714,51.4630047],[-0.013118,51.4628802],[-0.0131796,51.4627524]],[[-0.0131796,51.4627524],[-0.0132865,51.4625631],[-0.0134112,51.4623855],[-0.0135082,51.4622659],[-0.0136146,51.4621487],[-0.0138071,51.4619479],[-0.0138599,51.4618968]],[[-0.0138599,51.4618968],[-0.014101,51.4616676],[-0.0145823,51.4612404]],[[-0.0145823,51.4612404],[-0.0147518,51.4610804]],[[-0.0147518,51.4610804],[-0.0157365,51.4601205],[-0.015992,51.459864],[-0.0162343,51.4596213],[-0.0168506,51.4589701]],[[0.0219291,51.4308731],[0.0220126,51.4308204],[0.022439,51.4305513],[0.0230485,51.4301622],[0.0232125,51.4300575],[0.0239368,51.4296022],[0.0245291,51.4292285],[0.0245594,51.4292476],[0.0240829,51.4295826],[0.023568,51.4299075],[0.0231464,51.4301706],[0.0230865,51.430208],[0.023057,51.4302264],[0.021962,51.4308932],[0.0219291,51.4308731]],[[-0.0011954,51.4520128],[-0.0008655,51.4517191],[-0.0005143,51.4513925],[0.00011649999999999996,51.4507823],[0.0007533,51.450173],[0.0007206,51.4501605],[0.000341,51.4505187],[-0.00017269999999999997,51.4509905],[-0.0007743,51.4515679],[-0.0012409,51.4519914],[-0.0011954,51.4520128]],[[0.02512071836982511,51.428831245079486],[0.0247177,51.4290892],[0.023401,51.4299247],[0.0226201,51.4304146],[0.0219125,51.4308549],[0.0215887,51.4310606]],[[0.0215887,51.4310606],[0.0214355,51.4311575],[0.0211858,51.4313168]],[[0.0211858,51.4313168],[0.0208057,51.4315613]],[[0.0208057,51.4315613],[0.0203392,51.4318743],[0.0199656,51.4321217],[0.0195456,51.4324088],[0.018981,51.4328214],[0.0182079,51.4334132],[0.0178248,51.4337065],[0.0167121,51.4346008],[0.0161414,51.4350596],[0.0160698,51.4351193],[0.0158973,51.4352631],[0.0154932,51.4356078],[0.0153818,51.4357058],[0.0151013,51.4359526],[0.0142685,51.4367124],[0.0136233,51.4373413],[0.013203,51.4377603],[0.0131448,51.4378183],[0.0128644,51.4380978],[0.0120532,51.438905],[0.0117636,51.4391852],[0.0104674,51.4404965],[0.0096772,51.4412897],[0.0088778,51.4420909],[0.0082669,51.4426959],[0.0076445,51.4433226],[0.0069908,51.4439637],[0.0065454,51.4443985],[0.0060907,51.4448621],[0.0057864,51.4452241],[0.0056585,51.4453512]],[[0.0056585,51.4453512],[0.005469,51.4455446]],[[0.005469,51.4455446],[0.0053378,51.4456718],[0.0052513,51.4457603],[0.0051292,51.4458799],[0.0048622,51.4461492],[0.0048014,51.4462105],[0.0046114,51.4463984],[0.0044822,51.4465301],[0.0043257,51.4466703],[0.0041323,51.4468665],[0.0039351,51.4470634],[0.0037451,51.4472487],[0.0035231,51.4474711],[0.0032417,51.4477545],[0.0030859,51.4479122],[0.0028106,51.4481892],[0.0024979,51.4484986],[0.0021218,51.4488817],[0.0017524,51.4492398],[0.0014263,51.4495781],[0.0011241,51.4498709],[0.0008787,51.4501249],[0.0007854,51.4502093],[0.0003326,51.450608],[-0.00024710000000000004,51.4512228],[-0.0006507,51.4516011],[-0.0010344,51.4519412],[-0.0013617,51.4522318],[-0.0018486,51.4526487],[-0.0021696,51.4529135]],[[-0.0021696,51.4529135],[-0.0023606,51.453067],[-0.0025637,51.4532264],[-0.002815,51.453412],[-0.003014,51.453557],[-0.0035729,51.4539339]],[[-0.0035729,51.4539339],[-0.0037525,51.4540507]],[[-0.0037525,51.4540507],[-0.0040621,51.4542499],[-0.0044422,51.454472],[-0.0049664,51.454766],[-0.00544,51.4550157],[-0.0059122,51.4552582],[-0.0065091,51.4555462],[-0.0069932,51.4557769],[-0.0073949,51.4559666],[-0.0078998,51.4561922],[-0.0084054,51.4564112],[-0.0088909,51.4566097],[-0.0092509,51.4567508],[-0.0097388,51.4569361],[-0.0104125,51.4571899],[-0.0110577,51.4574335]],[[-0.0110577,51.4574335],[-0.0116423,51.4576612],[-0.0120733,51.457845],[-0.0125903,51.4580968]],[[-0.0125903,51.4580968],[-0.0128785,51.4582541],[-0.0130922,51.4583765]],[[-0.0130922,51.4583765],[-0.0131944,51.4584373]],[[-0.0131944,51.4584373],[-0.013354,51.4585441],[-0.0135371,51.4586807],[-0.0136551,51.4587818],[-0.0137474,51.4588687],[-0.0139276,51.4590459],[-0.0141072,51.4592588],[-0.0141981,51.4593918],[-0.0142392,51.4594545],[-0.0143026,51.4595614],[-0.0143518,51.4596565],[-0.0143894,51.4597321],[-0.0144239,51.4598147],[-0.0144521,51.4598878],[-0.0144856,51.459996],[-0.0145211,51.4601572],[-0.0145386,51.4602533],[-0.014549,51.4603542],[-0.0145602,51.4605312],[-0.0145468,51.4607073],[-0.014522,51.4608319],[-0.0144921,51.4609502]],[[-0.0144921,51.4609502],[-0.0144447,51.4610941]],[[-0.0144447,51.4610941],[-0.0143962,51.4612014],[-0.014323,51.4613351],[-0.014256,51.4614629],[-0.014101,51.4616676],[-0.0139179,51.4619101]],[[-0.0011114,51.452105],[-0.00075,51.4517949],[-0.00011300000000000004,51.4511968],[0.00044680000000000007,51.4506628],[0.0008468,51.4502531],[0.0008811,51.4502738],[0.0005422,51.4506307],[0.00002530000000000002,51.451144],[-0.0002867,51.4514407],[-0.0005632,51.4516875],[-0.0005871,51.4517088],[-0.0005923,51.4517135],[-0.0006467,51.451762],[-0.0007009,51.4518103],[-0.0009645,51.4520455],[-0.0010675,51.4521257],[-0.0011114,51.452105]],[[-0.0138599,51.4618968],[-0.0140697,51.4616417],[-0.0142374,51.4614022],[-0.0143234,51.4612391],[-0.0143978,51.4610696]],[[-0.0143978,51.4610696],[-0.0144455,51.4609364]],[[-0.0144455,51.4609364],[-0.0144803,51.4607955],[-0.0145087,51.4606024],[-0.0144996,51.4603567],[-0.014489,51.4602552],[-0.0144709,51.4601393],[-0.0144353,51.4599989]],[[-0.0144353,51.4599989],[-0.0144095,51.4599043],[-0.0143746,51.4598167],[-0.0143359,51.4597302],[-0.0143056,51.4596655],[-0.0142586,51.4595784],[-0.0141938,51.4594669],[-0.0141025,51.4593325],[-0.014038,51.4592414],[-0.0139676,51.4591562],[-0.0138938,51.4590743],[-0.0138322,51.4590075],[-0.0136947,51.4588733],[-0.0135921,51.4587864],[-0.0134412,51.4586703],[-0.0132311,51.4585214]],[[-0.00233,51.4530924],[-0.0020177,51.4528294],[-0.0019446,51.4527701],[-0.0017426,51.452609],[-0.0015973,51.4524855],[-0.0013231,51.4522521],[-0.0009715,51.451943],[-0.0006162,51.4516234],[-0.0005269,51.4515406],[-0.000295,51.4513284],[0.00017779999999999998,51.4508736],[0.0006112,51.4504516],[0.0009328,51.4501456],[0.0012445,51.4498278],[0.0014343,51.4496381],[0.0015722,51.4495125],[0.0017303,51.4493437],[0.0024195,51.4486565],[0.0031395,51.4479356],[0.0035687,51.4475059],[0.0038205,51.4472531],[0.0040452,51.4469894]],[[0.0040452,51.4469894],[0.004971,51.4461163]],[[0.004971,51.4461163],[0.005054,51.4460406],[0.0053574,51.4457026],[0.0055208,51.4455681]],[[0.0055208,51.4455681],[0.0057161,51.4453728]],[[0.0057161,51.4453728],[0.0058418,51.4452414],[0.0069966,51.4440221],[0.0076294,51.4434156],[0.0082369,51.442804],[0.0086822,51.4423592],[0.0091383,51.4418986],[0.0098319,51.4412142],[0.0105141,51.4405172],[0.0112071,51.4398278],[0.0116438,51.4393889],[0.0121256,51.4389226],[0.0125819,51.4384483],[0.0129121,51.4381203],[0.0136402,51.4374054],[0.0139271,51.4371239],[0.0141625,51.4368927],[0.0148271,51.4362722],[0.0150637,51.4360513],[0.0151035,51.4360167],[0.0156707,51.4355237],[0.0161943,51.4350856],[0.0183697,51.4333329],[0.01949,51.4325343]],[[0.01949,51.4325343],[0.0207593,51.4317094]],[[0.0207593,51.4317094],[0.0210469,51.4315252]],[[0.0210469,51.4315252],[0.0211874,51.4314353]],[[0.0211874,51.4314353],[0.0213102,51.4313567]],[[0.0213102,51.4313567],[0.0213933,51.4313035]],[[0.0213933,51.4313035],[0.0224522,51.4306859],[0.023162,51.4302603],[0.0239873,51.4297066],[0.02519437547133933,51.4288646888506]],[[-0.0378867,51.4634299],[-0.0377217,51.4642667],[-0.0376526,51.4647479],[-0.0376492,51.4647718],[-0.0376139,51.4651521]],[[-0.05657818184757284,51.4229666046456],[-0.0565091,51.4230958],[-0.0561156,51.4238932],[-0.0555523,51.424957]],[[-0.0555523,51.424957],[-0.0552279,51.4256847],[-0.0549991,51.4261802]],[[-0.0549991,51.4261802],[-0.0548403,51.4265331]],[[-0.0548403,51.4265331],[-0.054813,51.4265938]],[[-0.054813,51.4265938],[-0.0547663,51.4266977],[-0.0540342,51.4283185],[-0.053883,51.4286501],[-0.0537231,51.4290009],[-0.053542,51.4294289],[-0.0534199,51.4297512],[-0.0533177,51.4301038],[-0.0531988,51.4305758],[-0.0531387,51.4309335],[-0.0530893,51.4313005],[-0.053064,51.4316412],[-0.053045,51.4319983],[-0.053044,51.4323587],[-0.0530514,51.4327303],[-0.0530756,51.4331425],[-0.0531166,51.4335403],[-0.0531809,51.4339565],[-0.0532777,51.4344035],[-0.0533714,51.4348348],[-0.0534515,51.4352765],[-0.0535062,51.435713],[-0.053541,51.4360852],[-0.0535557,51.4365027],[-0.0535505,51.4370075],[-0.0535136,51.4375555],[-0.0534715,51.437992],[-0.0533862,51.4384777],[-0.0532556,51.438972],[-0.0531556,51.4393115],[-0.0529913,51.4397721],[-0.0529561,51.4398642],[-0.052845,51.4401547]],[[-0.052845,51.4401547],[-0.0527681,51.4403247]],[[-0.0527681,51.4403247],[-0.0525375,51.4408032],[-0.052329,51.4412022],[-0.0520647,51.441636],[-0.0518478,51.4419917],[-0.0515899,51.4423593],[-0.0512613,51.442799],[-0.0509791,51.4431587],[-0.0505664,51.4436889],[-0.0503647,51.4439434],[-0.050113,51.4442512],[-0.0498171,51.4446312],[-0.049497,51.4450256],[-0.0491359,51.4454856],[-0.0488358,51.4458571],[-0.0485146,51.4462731],[-0.0482145,51.4466564],[-0.0478829,51.4470711],[-0.0474469,51.4476092],[-0.0471016,51.4480627],[-0.0466404,51.4486513],[-0.046247,51.4491683],[-0.0459696,51.4495131],[-0.0456063,51.4499349],[-0.0451993,51.4503783],[-0.0446785,51.4509078],[-0.044631,51.4509561],[-0.0440506,51.4515507],[-0.0434145,51.4522018],[-0.0430843,51.4525381],[-0.0427647,51.4528913],[-0.042406,51.4533121],[-0.0419432,51.4539152],[-0.0414894,51.4546009],[-0.0411608,51.4550772],[-0.040799,51.4556972],[-0.0404598,51.4564233],[-0.0400769,51.4573776],[-0.0397513,51.4582164],[-0.0394634,51.4589387],[-0.0390564,51.4599982],[-0.0387458,51.4608069],[-0.0383453,51.4618062],[-0.0382122,51.4622179],[-0.0380099,51.4628165],[-0.0378397,51.4634297],[-0.0377267,51.4639811],[-0.0376458,51.4644442],[-0.0375919,51.4649503],[-0.0375857,51.4650165],[-0.037543,51.4654733],[-0.0375346,51.4657967],[-0.0375413,51.4665023],[-0.0375991,51.4673314],[-0.0376515,51.4678534],[-0.0377266,51.468408],[-0.0377993,51.4688535],[-0.0379507,51.4695203],[-0.0380925,51.4700288],[-0.0382808,51.4705797],[-0.0386646,51.4714862],[-0.0391518,51.4724563]],[[-0.0391518,51.4724563],[-0.0396539,51.4734588],[-0.0401902,51.4745628],[-0.0409172,51.4760006]],[[-0.0409172,51.4760006],[-0.0412367,51.4766114],[-0.0413385,51.4767973]],[[-0.0413385,51.4767973],[-0.0415976,51.4772202],[-0.0417169,51.4774152],[-0.0418631,51.4776415]],[[-0.0418631,51.4776415],[-0.0420724,51.4779179],[-0.0422082,51.4780704],[-0.042362,51.4782274],[-0.0425632,51.4784402]],[[-0.0425632,51.4784402],[-0.0429859,51.478854],[-0.0432013,51.4790745],[-0.0433619,51.4792261],[-0.0434474,51.4792968],[-0.0435582,51.4794215],[-0.0436366,51.479515],[-0.0436991,51.4795965],[-0.0437364,51.4796565],[-0.0437862,51.4797519],[-0.043842,51.4798575],[-0.0438752,51.479941],[-0.0439046,51.480032],[-0.0439188,51.4800919],[-0.0439337,51.4801703],[-0.0439461,51.4802961],[-0.0439404,51.4803787],[-0.0439292,51.4804829],[-0.043912,51.4805535],[-0.0438921,51.4806471],[-0.0438693,51.4807307],[-0.0438439,51.4808207],[-0.0438039,51.4809386],[-0.0436577,51.4813823],[-0.0433349,51.4823919]],[[-0.0433349,51.4823919],[-0.0432076,51.4828238],[-0.0431842,51.4829159],[-0.0431713,51.4830085],[-0.0431588,51.4831664],[-0.043167,51.4833195]],[[-0.043167,51.4833195],[-0.0431883,51.4834504],[-0.0432204,51.4835823],[-0.0432568,51.4836915]],[[-0.0432568,51.4836915],[-0.0434222,51.4840488]],[[-0.0434222,51.4840488],[-0.0434696,51.4841502]],[[-0.0434696,51.4841502],[-0.0435908,51.484398]],[[-0.0435908,51.484398],[-0.043667,51.4845849],[-0.0437285,51.4847741],[-0.0437555,51.4849023],[-0.0437723,51.4850304],[-0.043775,51.4851339],[-0.0437625,51.4854902],[-0.0437563,51.4856013],[-0.0437495,51.485679],[-0.0437428,51.4857687],[-0.0437318,51.4859086],[-0.0437303,51.4860613],[-0.0437521,51.4862348],[-0.0437799,51.4864109],[-0.0438194,51.486548],[-0.0438695,51.4866878]],[[-0.0438695,51.4866878],[-0.0439668,51.4868915],[-0.0440898,51.4870823],[-0.04425,51.4872834],[-0.0444267,51.4874646],[-0.0446153,51.4876436],[-0.0448381,51.4878055],[-0.0451025,51.4880004],[-0.0453326,51.4881958],[-0.0455829,51.4884767],[-0.0456856,51.4886185],[-0.0457764,51.4887624],[-0.0458435,51.4888796],[-0.0459057,51.4889981],[-0.0459769,51.4891726],[-0.0460256,51.4893293],[-0.0460553,51.4894758],[-0.0460772,51.4896431],[-0.0461125,51.4898823],[-0.0461318,51.4900801]],[[-0.0461318,51.4900801],[-0.046134,51.490138],[-0.0461499,51.4903036],[-0.04615249304024896,51.49033145117304]],[[-0.0539189,51.4791263],[-0.0538205,51.4792464],[-0.0537309,51.4793619],[-0.053671,51.4794419],[-0.0535934,51.4795374],[-0.0535262,51.4796089],[-0.0535033,51.4796415],[-0.0533796,51.4797771],[-0.0531824,51.4799621]],[[-0.0531824,51.4799621],[-0.0531077,51.4800303],[-0.0530217,51.4800966],[-0.0529428,51.4801581],[-0.0528592,51.4802165],[-0.052751,51.4802854],[-0.052645,51.4803471],[-0.0525787,51.4803873],[-0.052503,51.4804275],[-0.0523085,51.4805209],[-0.0521099,51.4806054],[-0.0518439,51.4807085],[-0.0515645,51.4808143],[-0.0512724,51.4809218],[-0.0511182,51.4809834],[-0.0508609,51.4810946]],[[-0.0508609,51.4810946],[-0.0507108,51.4811733]],[[-0.0507108,51.4811733],[-0.0505715,51.4812494],[-0.0504054,51.4813595],[-0.0503129,51.4814205],[-0.0502225,51.4814857],[-0.0501071,51.4815856],[-0.0499727,51.4817158],[-0.0498772,51.4818178],[-0.0497809,51.4819291],[-0.0497076,51.4820382],[-0.0496226,51.4821838],[-0.0495528,51.4823329],[-0.0495176,51.4824273],[-0.0494868,51.4825225],[-0.0494626,51.4826169],[-0.0494516,51.4827167],[-0.0494365,51.4828562],[-0.0494137,51.4831924],[-0.0494082,51.4833247]],[[-0.0494082,51.4833247],[-0.0493899,51.4836039],[-0.0493748,51.483926],[-0.0493617,51.4842454],[-0.0493504,51.4845015],[-0.0493232,51.4847163],[-0.0493056,51.4848179],[-0.0492796,51.4849215],[-0.0492528,51.4850039],[-0.0492205,51.4850939],[-0.0491775,51.4851831],[-0.0491214,51.4852929],[-0.0490316,51.4854339],[-0.0489517,51.4855424],[-0.0487802,51.4857343]],[[-0.0487802,51.4857343],[-0.0485492,51.4859681]],[[-0.0485492,51.4859681],[-0.0481805,51.486332],[-0.0478915,51.4865992]],[[-0.0478915,51.4865992],[-0.0478195,51.4866695]],[[-0.0478195,51.4866695],[-0.0476293,51.4868473]],[[-0.0476293,51.4868473],[-0.0474847,51.486998]],[[-0.0474847,51.486998],[-0.0471819,51.4872814],[-0.0470265,51.4874343],[-0.0468848,51.4875908]],[[-0.0468848,51.4875908],[-0.0468072,51.4876882],[-0.046725,51.4877996],[-0.0466049,51.4879739],[-0.0464901,51.4881645],[-0.0464351,51.4882627],[-0.0463788,51.4883793],[-0.046305,51.4885579],[-0.0462517,51.488716],[-0.0462058,51.4888632],[-0.0461621,51.4890512],[-0.046141,51.489193],[-0.0461253,51.489341],[-0.0461233,51.4896602],[-0.046136,51.4899951],[-0.0461318,51.4900801]],[[-0.06555224125788653,51.425287175769256],[-0.072932,51.4289748],[-0.0745429,51.4297797],[-0.07477598678368504,51.42989616804761]],[[-0.07475296262311443,51.429924958335384],[-0.0745351,51.4298161],[-0.0729005,51.4289993],[-0.06545042115557265,51.42527658460701]],[[-0.0377378,51.4821805],[-0.0378996,51.4821989],[-0.0379539,51.4822043],[-0.0380297,51.4822106],[-0.0381363,51.4822177],[-0.038198,51.4822197],[-0.0382617,51.4822202],[-0.0383401,51.4822197],[-0.0384508,51.482221],[-0.0385279,51.4822202],[-0.038609,51.4822181],[-0.0388043,51.4822141],[-0.0389604,51.4822164],[-0.0390677,51.4822206],[-0.0391609,51.4822247],[-0.0392414,51.4822306],[-0.0393621,51.4822423],[-0.0394714,51.4822557],[-0.0395807,51.4822703],[-0.039696,51.4822881]],[[-0.039696,51.4822881],[-0.0399993,51.4823362]],[[-0.0399993,51.4823362],[-0.0402033,51.4823688],[-0.040363,51.4823977],[-0.0405215,51.4824271],[-0.0406366,51.4824524],[-0.0407458,51.4824778],[-0.0408766,51.4825103],[-0.0409847,51.4825401],[-0.0410963,51.4825737],[-0.0412043,51.4826095],[-0.0413163,51.4826481],[-0.0414043,51.4826814],[-0.0415051,51.4827181],[-0.0416191,51.4827639]],[[-0.0416191,51.4827639],[-0.0417807,51.4828355]],[[-0.0417807,51.4828355],[-0.0419342,51.482904],[-0.0420768,51.4829658],[-0.042231,51.483032],[-0.0423715,51.4830929],[-0.0424526,51.483131],[-0.0425265,51.4831669],[-0.0425905,51.4831991],[-0.0426617,51.4832409],[-0.0427373,51.4832922],[-0.0428025,51.4833388],[-0.0428655,51.483391],[-0.042924,51.4834397],[-0.042998,51.4835048],[-0.0430625,51.4835732],[-0.043114,51.4836293],[-0.0431837,51.483711],[-0.0432863,51.4838525],[-0.0433507,51.483939],[-0.0434222,51.4840488]],[[-0.05646696142503283,51.422966827532214],[-0.0564352,51.4230307],[-0.0560424,51.4238756],[-0.0555523,51.424957]],[[0.0088784,51.4657669],[0.0088847,51.4657382],[0.0088458,51.4657349],[0.0086405,51.4657174],[0.0085415,51.465709],[0.0085484,51.4656775],[0.007628,51.4655971],[0.0072134,51.4655625],[0.0068655,51.4655363],[0.0065596,51.4655194],[0.0062038,51.4655031],[0.0052039,51.4654556],[0.0051993,51.4655037],[0.0057876,51.4655325],[0.006213,51.4655498],[0.0065374,51.465569],[0.0068735,51.4655921],[0.0072402,51.4656238],[0.0088784,51.4657669]],[[-0.014331,51.4658301],[-0.0142716,51.4658147],[-0.0141584,51.4657838],[-0.0138091,51.4656887],[-0.0137153,51.4656631],[-0.0136823,51.465654],[-0.0135029,51.46561],[-0.013295,51.4655607],[-0.0132159,51.465544],[-0.0130469,51.4655148],[-0.0129062,51.4654886],[-0.012894,51.4654863],[-0.0127912,51.4654683],[-0.0127166,51.4654552],[-0.0126104,51.4654366],[-0.012579,51.4654316],[-0.0125023,51.4654195],[-0.0123984,51.465403],[-0.0123222,51.465391],[-0.0121843,51.4653691],[-0.0121444,51.4653702],[-0.0118453,51.4653294],[-0.0115043,51.4652818],[-0.0112425,51.4652451],[-0.0108807,51.4651953],[-0.010872,51.4652171],[-0.011392,51.4652889],[-0.0121471,51.4653944],[-0.0127117,51.4654851],[-0.013108,51.4655607],[-0.0134727,51.4656371],[-0.013697,51.4656902],[-0.0139773,51.465758],[-0.0142526,51.4658335],[-0.0143156,51.4658512],[-0.014331,51.4658301]],[[0.009098273055613885,51.46580596670171],[0.0088513,51.4657826]],[[0.0088513,51.4657826],[0.0079542,51.4657025],[0.007398,51.4656514],[0.0070052,51.4656176],[0.0066737,51.4655921],[0.0063226,51.4655704],[0.0059323,51.4655526],[0.005568,51.4655358],[0.0049756,51.4655054],[0.004607,51.4654818],[0.0042287,51.4654558],[0.0037608,51.4654222],[0.0031923,51.4653844],[0.0025789,51.4653407],[0.0018867,51.4652931],[0.0012449,51.4652492],[0.000652,51.4652071],[0.0003049,51.4651827],[-0.00033049999999999996,51.4651396],[-0.0010643,51.4650887],[-0.0016297,51.4650493],[-0.0020049,51.4650241],[-0.002377,51.4649991],[-0.0029832,51.4649588],[-0.0035205,51.4649271],[-0.0038946,51.4649096],[-0.0043259,51.4648914],[-0.0047318,51.4648817],[-0.005321,51.4648734],[-0.0057381,51.4648769],[-0.0060952,51.4648825],[-0.006478,51.4648951],[-0.0072051,51.4649297],[-0.0076515,51.4649561],[-0.0083492,51.4650012],[-0.009563,51.4650868],[-0.0098545,51.4651135],[-0.0102965,51.4651578],[-0.0107788,51.4652199]],[[-0.0107788,51.4652199],[-0.0116139,51.465331],[-0.012286,51.4654307],[-0.0127112,51.4654989],[-0.0132249,51.4655987],[-0.0135485,51.465668],[-0.0138629,51.4657452],[-0.0142369,51.4658434],[-0.0145929,51.4659457]],[[-0.0157348,51.4662728],[-0.0154816,51.4662068],[-0.0152974,51.4661545],[-0.0151316,51.4661037],[-0.0147906,51.4660054],[-0.0145929,51.4659457]],[[-0.0157348,51.4662728],[-0.0182514,51.4672489],[-0.0186684,51.4674175],[-0.0189959,51.467544],[-0.0194101,51.4676844],[-0.0196481,51.4677742],[-0.0199137,51.4678694]],[[-0.0199137,51.4678694],[-0.0202774,51.4679998],[-0.0204317,51.4680504],[-0.021145,51.4683231]],[[-0.021145,51.4683231],[-0.0214291,51.4684409],[-0.0216951,51.4685626],[-0.0220058,51.4687123],[-0.0222967,51.4688661],[-0.0227463,51.4690846],[-0.0232824,51.4693368],[-0.024196,51.4697776],[-0.0254139,51.4703302],[-0.0260207,51.470638]],[[-0.0142814,51.4659352],[-0.0139703,51.465852],[-0.0139732,51.4658472],[-0.0138206,51.4658098],[-0.0138167,51.4658163],[-0.0138096,51.4658277],[-0.0137852,51.4658209],[-0.0137788,51.4658324],[-0.0137567,51.4658389],[-0.0134573,51.4657695],[-0.0133185,51.4657353],[-0.0133369,51.4657039],[-0.0131475,51.4656641],[-0.0131458,51.4656687],[-0.0131197,51.4656632],[-0.0130939,51.4656579],[-0.0130952,51.4656547],[-0.0130593,51.4656465],[-0.0130416,51.4656461],[-0.0128949,51.4656273],[-0.0128121,51.4656187],[-0.012775,51.4656127],[-0.0126178,51.4655845],[-0.0126236,51.4655726],[-0.0126295,51.4655623],[-0.0122607,51.465503],[-0.0120133,51.4654577],[-0.0108431,51.4652956],[-0.010848,51.4652809],[-0.0108506,51.465273],[-0.0113853,51.4653478],[-0.0118238,51.465408],[-0.0122899,51.4654769],[-0.0126785,51.465541],[-0.0129762,51.4655966],[-0.0134302,51.4656902],[-0.013811,51.4657798],[-0.0139938,51.4658247],[-0.0143012,51.4659076],[-0.0142814,51.4659352]],[[0.0050176,51.4655712],[0.0050195,51.4655516],[0.0059308,51.4655958],[0.0062676,51.465611],[0.0065523,51.4656288],[0.0069006,51.4656541],[0.007239,51.4656832],[0.0080145,51.4657526],[0.008462,51.4657891],[0.008867,51.4658193],[0.0088567,51.4658659],[0.0087011,51.4658527],[0.0085213,51.4658374],[0.0083911,51.4658263],[0.0082853,51.4658173],[0.0082378,51.4658133],[0.0081438,51.4658057],[0.00804,51.4657963],[0.0077187,51.4657698],[0.0077003,51.4657679],[0.0076878,51.4657657],[0.0076513,51.4657627],[0.0073782,51.4657399],[0.0071029,51.4657103],[0.0068951,51.4656894],[0.0066581,51.4656688],[0.0063833,51.4656496],[0.0062878,51.465643],[0.0061502,51.4656351],[0.0060484,51.4656288],[0.0060126,51.4656272],[0.0059782,51.4656252],[0.0057375,51.4656114],[0.0053591,51.4655897],[0.0052864,51.4655861],[0.0050176,51.4655712]],[[0.022055064329732768,51.4488158687994],[0.0219868,51.448827],[0.0216573,51.4488798],[0.0211936,51.4489423],[0.0207884,51.4489959],[0.0203716,51.4490494],[0.0199613,51.4490908],[0.0194403,51.4491469],[0.0189114,51.4492086],[0.0183174,51.4492711],[0.0176844,51.449336],[0.016944,51.4494015],[0.0163203,51.4494668],[0.0135343,51.4497605],[0.0128049,51.4498414]],[[0.0128049,51.4498414],[0.012503,51.4498694]],[[0.012503,51.4498694],[0.0116456,51.4499651],[0.0108054,51.4500544],[0.0097855,51.4501627],[0.00793,51.4503134],[0.0078636,51.4503188],[0.0072662,51.4503784],[0.0067772,51.4504311],[0.0061491,51.4505367]],[[0.0061491,51.4505367],[0.0058296,51.4505708]],[[0.0058296,51.4505708],[0.0051887,51.450636],[0.0050781,51.4506478],[0.0049671,51.4506596],[0.0048126,51.4506761],[0.0045665,51.4507024],[0.0041985,51.4507432],[0.0038228,51.4507873],[0.003511,51.4508265],[0.0031603,51.4508746],[0.0030356,51.450893],[0.0027741,51.4509348],[0.0024931,51.450987],[0.0022557,51.4510351],[0.0019976,51.4510919],[0.0017689,51.4511462],[0.0015845,51.4511943],[0.0013398,51.451262],[0.0010025,51.4513635],[0.0007785,51.4514366],[0.000403,51.4515637],[0.00007460000000000002,51.4516826],[-0.0002291,51.4518065],[-0.0004907,51.4519171],[-0.0007973,51.4520593],[-0.0009653,51.4521415]],[[-0.0009653,51.4521415],[-0.0013727,51.4523759],[-0.0015812,51.4525018],[-0.0017426,51.452609],[-0.0019319,51.4527216],[-0.0021696,51.4529135]],[[-0.0131944,51.4584373],[-0.0136376,51.4587264],[-0.0141492,51.4591017],[-0.0141614,51.4591117],[-0.0145557,51.4594357],[-0.0147548,51.4596175],[-0.0151843,51.4600416],[-0.0152044,51.4600653]],[[-0.0152044,51.4600653],[-0.0152869,51.4601559],[-0.0154061,51.4602957]],[[-0.0154061,51.4602957],[-0.0155187,51.4604293]],[[-0.0155187,51.4604293],[-0.015758,51.4607509],[-0.0158995,51.4609565],[-0.0160309,51.4611695],[-0.0160912,51.4612752],[-0.0161898,51.4614595],[-0.0162763,51.4616391],[-0.016358,51.4618338],[-0.0164669,51.4621189]],[[-0.0164669,51.4621189],[-0.0165391,51.4623424]],[[-0.0165391,51.4623424],[-0.0166145,51.4625648],[-0.0166827,51.4627826],[-0.0167619,51.4630306],[-0.0168867,51.4634232]],[[-0.0168867,51.4634232],[-0.0169291,51.4635541]],[[-0.0169291,51.4635541],[-0.0169418,51.4635918]],[[-0.0169418,51.4635918],[-0.0170458,51.4638389],[-0.0171178,51.4639782],[-0.0172245,51.4641712],[-0.0173335,51.4644311]],[[-0.019192280638793517,51.4780842142205],[-0.0194217,51.4781018]],[[-0.0194217,51.4781018],[-0.0208449,51.4782183],[-0.0211143,51.4782426],[-0.0226882,51.4783895]],[[-0.0226882,51.4783895],[-0.0230479,51.4784303]],[[-0.0230479,51.4784303],[-0.0237274,51.4785006],[-0.0251415,51.478661],[-0.0255131,51.4787115],[-0.0255589,51.4787177],[-0.0259404,51.4787895]],[[-0.0259404,51.4787895],[-0.026233,51.4788577]],[[-0.026233,51.4788577],[-0.0266972,51.4789888],[-0.0270118,51.4790868],[-0.027359,51.4791998],[-0.0280953,51.4794487],[-0.0291563,51.4798346],[-0.0303782,51.4802678]],[[-0.0303782,51.4802678],[-0.0311901,51.4805588]],[[-0.0311901,51.4805588],[-0.0328463,51.4811722]],[[-0.0328463,51.4811722],[-0.0330952,51.4812658]],[[-0.0330952,51.4812658],[-0.0338897,51.481568]],[[-0.0338897,51.481568],[-0.0341262,51.4816546]],[[-0.0341262,51.4816546],[-0.0349423,51.4819566],[-0.0355688,51.4821908],[-0.0361008,51.4823911],[-0.0368408,51.4826655]],[[-0.0368408,51.4826655],[-0.0370811,51.482763]],[[-0.0370811,51.482763],[-0.0374646,51.4829085],[-0.038473,51.4833054],[-0.0387216,51.4834067],[-0.0393867,51.4836364]],[[-0.0393908,51.4836799],[-0.0387686,51.4834604],[-0.0384037,51.4833146],[-0.0377265,51.4830422],[-0.0370431,51.4827884]],[[-0.0370431,51.4827884],[-0.0367996,51.4826914]],[[-0.0367996,51.4826914],[-0.0356021,51.4822376],[-0.0340965,51.4816827]],[[-0.0340965,51.4816827],[-0.0338721,51.4816]],[[-0.0338721,51.4816],[-0.0330757,51.4812993]],[[-0.0330757,51.4812993],[-0.0328262,51.4812009]],[[-0.0328262,51.4812009],[-0.0311451,51.4805763]],[[-0.0311451,51.4805763],[-0.0303431,51.480287]],[[-0.0303431,51.480287],[-0.0291191,51.4798592],[-0.0280619,51.4794728],[-0.0273765,51.4792359],[-0.0269933,51.4791086],[-0.0266823,51.4790106],[-0.0266261,51.478993],[-0.0262358,51.4788862]],[[-0.0262358,51.4788862],[-0.0260732,51.4788459],[-0.0259249,51.4788076]],[[-0.0259249,51.4788076],[-0.0257035,51.4787701],[-0.0255489,51.478744],[-0.0251709,51.4786905],[-0.0251416,51.4786864],[-0.0237256,51.4785316],[-0.0230496,51.4784636]],[[-0.0230496,51.4784636],[-0.0226873,51.4784228]],[[-0.0226873,51.4784228],[-0.0211145,51.4782693],[-0.0208393,51.4782441],[-0.0194154,51.4781295]],[[-0.0194154,51.4781295],[-0.019184436971742578,51.47811306892661]],[[-0.0280848,51.4795042],[-0.0279926,51.4795053],[-0.0269846,51.4791602],[-0.0266959,51.4790693],[-0.0264406,51.4789997],[-0.025938,51.478865],[-0.025636,51.4788067],[-0.0247195,51.4786888],[-0.0247202,51.4786633],[-0.0251935,51.4787189],[-0.0256119,51.4787773],[-0.0259149,51.4788243],[-0.0264701,51.478963],[-0.0270092,51.4791367],[-0.0280848,51.4795042]],[[-0.05035744786477711,51.488057618662076],[-0.050094,51.4879436],[-0.0495772,51.487728],[-0.0477158,51.4869666]],[[-0.0472041,51.4867956],[-0.0477158,51.4869666]],[[-0.0466178,51.4865549],[-0.0472041,51.4867956]],[[-0.0466178,51.4865549],[-0.0460345,51.4863456]],[[-0.0403826,51.4840378],[-0.0398677,51.483869]],[[-0.0257915,51.4787475],[-0.0264728,51.4789095],[-0.0269194,51.4790407],[-0.0275229,51.4792436],[-0.027547,51.4792186],[-0.0269009,51.4789991],[-0.0268751,51.4789921],[-0.0268052,51.4789688],[-0.0266399,51.4789138],[-0.0264844,51.4788621],[-0.0258103,51.4787124],[-0.0240761,51.4785115],[-0.0240634,51.4785306],[-0.0251985,51.47866],[-0.0254715,51.4786954],[-0.0257915,51.4787475]],[[-0.0403986,51.4840038],[-0.0398973,51.4838467]],[[-0.0403986,51.4840038],[-0.0408299,51.4841715],[-0.0418687,51.4845592]],[[-0.0418687,51.4845592],[-0.0430086,51.4850473],[-0.0439574,51.4854666],[-0.0441009,51.4855286],[-0.0443342,51.4856293],[-0.0458947,51.486258]],[[-0.0464874,51.4864685],[-0.0458947,51.486258]],[[-0.0468586,51.486619],[-0.0464874,51.4864685]],[[-0.05041375574489396,51.487989910799705],[-0.0481028,51.4870678],[-0.0479244,51.4870026],[-0.0472552,51.4867604],[-0.0468586,51.486619]],[[0.0222764,51.4303309],[0.0224698,51.4301804],[0.0227199,51.4300072],[0.0230366,51.4298122],[0.023801,51.429362],[0.0244217,51.428991],[0.0244476,51.4290039],[0.0238316,51.4293717],[0.0238469,51.4293834],[0.0234879,51.4295957],[0.0234704,51.4296333],[0.0228398,51.4300166],[0.0227975,51.4300199],[0.0224725,51.430229],[0.0224932,51.4302401],[0.0224276,51.4302872],[0.022415,51.4302782],[0.0224019,51.430269],[0.022306,51.4303432],[0.0222764,51.4303309]],[[0.02483384024203057,51.42870079494325],[0.0247453,51.4287723]],[[0.0247453,51.4287723],[0.0234885,51.4295292],[0.0227728,51.4299577],[0.0224772,51.4301466]],[[0.0247453,51.4287723],[0.024850985633277804,51.42870858180844]],[[-0.041008,51.4768235],[-0.041022,51.4768189],[-0.0410764,51.4769106],[-0.0411209,51.4769795],[-0.041191,51.4770864],[-0.041241,51.4771652],[-0.0412722,51.477157],[-0.0412229,51.4770798],[-0.0411575,51.4769703],[-0.0411156,51.4769014],[-0.041068,51.4768177],[-0.0409127,51.4765342],[-0.0407564,51.476238],[-0.0406627,51.4760564],[-0.0405392,51.4758173],[-0.040494,51.4757286],[-0.0404377,51.4756207],[-0.0403601,51.4754703],[-0.0403195,51.4753838],[-0.0403015,51.4753455],[-0.0402512,51.4753536],[-0.0403895,51.4756289],[-0.0404847,51.4758278],[-0.040609,51.4760762],[-0.0406318,51.4761265],[-0.0407069,51.4762724],[-0.0407441,51.476342],[-0.0407572,51.4763393],[-0.0408652,51.4765442],[-0.0409171,51.4766354],[-0.0408896,51.4766421],[-0.041008,51.4768235]],[[-0.0443687,51.4509918],[-0.0447049,51.4506536],[-0.045029,51.4503257],[-0.0452928,51.4500392],[-0.0453803,51.4499331],[-0.045453,51.4498518]],[[-0.0531389,51.4384632],[-0.0530977,51.438588],[-0.0530271,51.4389424],[-0.05298,51.4391125],[-0.0529282,51.4392995],[-0.0528742,51.4394932],[-0.0528376,51.4396244],[-0.0528292,51.439648],[-0.052824,51.4396624],[-0.0526902,51.4400352]],[[-0.0545648,51.4267191],[-0.0543505,51.4271614],[-0.0542579,51.4273627],[-0.054228,51.4274279],[-0.0539811,51.4279714]],[[-0.0440412,51.4806769],[-0.0425243,51.478789]],[[-0.0425243,51.478789],[-0.0420007,51.478123],[-0.0418639,51.4779476],[-0.0417284,51.4777532]],[[-0.0417284,51.4777532],[-0.0413828,51.4772317],[-0.0412371,51.4770117],[-0.0410647,51.4767603]],[[-0.0410647,51.4767603],[-0.04071,51.4760936],[-0.0403319,51.4753658],[-0.0397869,51.4742724],[-0.0395644,51.4737335],[-0.0394095,51.4733626],[-0.0389875,51.4724753]],[[-0.0538179,51.4288897],[-0.0544314,51.4275169],[-0.0544411,51.4274952],[-0.0544496,51.4274797],[-0.054496,51.4273805]],[[-0.0529397,51.4400464],[-0.0530712,51.4396871],[-0.0530737,51.4396804],[-0.0531398,51.4394997],[-0.0531853,51.4393575],[-0.0532336,51.4391988],[-0.0532998,51.4389884],[-0.053363,51.4387173],[-0.0534294,51.4384141]],[[-0.0456621,51.4499243],[-0.0455879,51.4500054],[-0.0452219,51.4504046],[-0.044726,51.4509166],[-0.0445828,51.4510453]],[[-0.0413729,51.4767997],[-0.0407909,51.4756969],[-0.0404858,51.4750978],[-0.0405775,51.4750874],[-0.0407182,51.4754659],[-0.0409208,51.4758491],[-0.0409648,51.4759441],[-0.0414263,51.4767845],[-0.0413729,51.4767997]],[[-0.0418631,51.4776415],[-0.0420558,51.4779325],[-0.0426544,51.4787536]],[[-0.0426544,51.4787536],[-0.043165,51.4793733],[-0.0443141,51.4807974],[-0.0446463,51.4811947]],[[-0.0446463,51.4811947],[-0.0460239,51.4828424],[-0.0462888,51.4831721],[-0.0470971,51.4842321]],[[-0.0470971,51.4842321],[-0.0472801,51.4844589]],[[-0.0472801,51.4844589],[-0.0476,51.4848145],[-0.0478254,51.4850345],[-0.0479455,51.4851517],[-0.0482977,51.4854796],[-0.048509,51.4856764]],[[-0.048509,51.4856764],[-0.0488924,51.4860269]],[[-0.0488924,51.4860269],[-0.0489702,51.4860967]],[[-0.0489702,51.4860967],[-0.0492128,51.4862799],[-0.0495548,51.4865196]],[[-0.0518439,51.4876722],[-0.0515093,51.4875433],[-0.0509943,51.4873222],[-0.0506897,51.4871802],[-0.0504132,51.4870415],[-0.0500657,51.4868526],[-0.0498294,51.4867055],[-0.0495548,51.4865196]],[[-0.0520451,51.4877519],[-0.0518439,51.4876722]],[[-0.05219743385026808,51.48781068061168],[-0.0520451,51.4877519]],[[-0.0530377,51.481012],[-0.0530745,51.4809014]],[[-0.0527466,51.4826198],[-0.0527827,51.4822603],[-0.052807,51.4820923],[-0.0528402,51.4818463],[-0.0528926,51.4815884],[-0.0529463,51.4813727],[-0.0529821,51.4812079],[-0.0530377,51.481012]],[[-0.0527395,51.4827315],[-0.0527466,51.4826198]],[[-0.0527432,51.4834536],[-0.0527418,51.4830905],[-0.0527395,51.4827315]],[[-0.0527552,51.4835577],[-0.0527432,51.4834536]],[[-0.0528852,51.484443],[-0.0528263,51.4841597],[-0.052777,51.4838334],[-0.0527552,51.4835577]],[[-0.0529543,51.4846988],[-0.0528852,51.484443]],[[-0.0530294,51.4849827],[-0.0529543,51.4846988]],[[-0.0530639,51.485106],[-0.0530294,51.4849827]],[[-0.0532748,51.485777],[-0.0531866,51.4855076],[-0.0530639,51.485106]],[[-0.05330246552677831,51.48585495452712],[-0.0532748,51.485777]],[[-0.0531817,51.4857909],[-0.05320886057004659,51.48586905409063]],[[-0.0529686,51.4851123],[-0.0530649,51.4854504],[-0.0531817,51.4857909]],[[-0.0529376,51.4849938],[-0.0529686,51.4851123]],[[-0.0528505,51.4846905],[-0.0529376,51.4849938]],[[-0.0527892,51.484441],[-0.0528505,51.4846905]],[[-0.0526613,51.4835534],[-0.0526878,51.4837927],[-0.0527097,51.4839669],[-0.0527651,51.4842877],[-0.0527892,51.484441]],[[-0.0526514,51.483449],[-0.0526613,51.4835534]],[[-0.052642,51.4827289],[-0.0526405,51.482923],[-0.0526456,51.4831475],[-0.0526514,51.483449]],[[-0.0526472,51.4826185],[-0.052642,51.4827289]],[[-0.0529475,51.4809998],[-0.0528578,51.4812991],[-0.0527619,51.4817282],[-0.0527139,51.4820341],[-0.0526827,51.4822989],[-0.0526472,51.4826185]],[[-0.0529844,51.4808913],[-0.0529475,51.4809998]]]}},{"type":"Feature","properties":{"kind":"routes","class":"other","routeCount":155},"geometry":{"type":"MultiLineString","coordinates":[[[-0.0517904,51.4235909],[-0.0517569,51.423399],[-0.0517286,51.4230255],[-0.0517163,51.4227799],[-0.0517209,51.4226591],[-0.0517505,51.42253],[-0.05175560246082702,51.42251806610171]],[[-0.0526984,51.4262799],[-0.0527412,51.4260979],[-0.0527522,51.4260281],[-0.0527489,51.4259679],[-0.0527223,51.4258661],[-0.052688,51.4257727],[-0.052528,51.4254178],[-0.0524254,51.4252151],[-0.0523294,51.4250064],[-0.0521743,51.4246001],[-0.052028,51.4242352],[-0.0518816,51.4238657],[-0.0518234,51.4237118],[-0.0517904,51.4235909]],[[-0.0526984,51.4262799],[-0.0521592,51.4262202],[-0.0518781,51.4261873],[-0.0515668,51.4261544],[-0.0514135,51.4261365],[-0.0506492,51.4260507],[-0.0493627,51.4258669]],[[-0.0493627,51.4258669],[-0.0490863,51.425833]],[[-0.0465826,51.4350347],[-0.046579,51.4349958],[-0.0465728,51.434928],[-0.0465213,51.4346551],[-0.0464848,51.434487],[-0.0464171,51.4341747],[-0.0463737,51.4339741],[-0.0463253,51.433751],[-0.0463112,51.433686],[-0.0462873,51.4335758],[-0.0462306,51.4333141],[-0.0462216,51.4332726],[-0.0461651,51.4330419],[-0.0461522,51.4330017],[-0.0460921,51.4327235],[-0.0460786,51.4325878],[-0.0460921,51.4323504],[-0.0461248,51.4319157],[-0.0461334,51.4318011],[-0.0462319,51.4314265],[-0.0462906,51.4311909],[-0.0463153,51.4310918],[-0.0464327,51.4306209],[-0.0464575,51.4304683],[-0.046582,51.4297021],[-0.0466027,51.4295749],[-0.0467063,51.4289304],[-0.0467403,51.4287187],[-0.0469166,51.4282345],[-0.0469722,51.4280772],[-0.0469985,51.4279798],[-0.0470563,51.4277653],[-0.0471232,51.4274255],[-0.0471626,51.4272527],[-0.0472691,51.4271069],[-0.0474905,51.4269753],[-0.048323,51.4265979],[-0.048459,51.4265363],[-0.0485649,51.4264752],[-0.0488955,51.4262603],[-0.0489203,51.4262129],[-0.0490863,51.425833]],[[-0.0465826,51.4350347],[-0.0461893,51.4350622],[-0.0458407,51.4350839]],[[-0.0458407,51.4350839],[-0.0457242,51.4350896]],[[-0.0457242,51.4350896],[-0.0447018,51.4351846],[-0.0445056,51.435205],[-0.0439064,51.4352588],[-0.0436307,51.4352784],[-0.0434853,51.4352736],[-0.0433444,51.4352509],[-0.0431201,51.4351842],[-0.0430167,51.4351401]],[[-0.0430167,51.4351401],[-0.0428496,51.435228],[-0.0423696,51.4354189],[-0.0417382,51.4356868],[-0.0411072,51.4359502],[-0.0406714,51.4361443],[-0.0403468,51.4363498],[-0.0402004,51.4364773],[-0.0400652,51.4366103],[-0.0399767,51.4366846],[-0.0398543,51.436778],[-0.0395621,51.4369156],[-0.0393795,51.4370016],[-0.0387482,51.437278],[-0.0382231,51.4375101],[-0.0376374,51.4377634],[-0.0374801,51.437831],[-0.0372809,51.4379166],[-0.0362134,51.4383816],[-0.0358885,51.438495],[-0.0347187,51.4387772],[-0.0339862,51.4389612],[-0.0336752,51.4390532],[-0.033424,51.4391012],[-0.0333648,51.4390999],[-0.0333265,51.4390905],[-0.0332784,51.4390789],[-0.0331586,51.4390495],[-0.0331342,51.4390437],[-0.0331051,51.4390354],[-0.033024,51.4390123]],[[-0.033024,51.4390123],[-0.0329977,51.4390385],[-0.0329702,51.4390628],[-0.0329486,51.4390743],[-0.0328516,51.4391279],[-0.0327339,51.4392011],[-0.0322946,51.439389],[-0.032236,51.4394176],[-0.0320564,51.4395182],[-0.0313072,51.4399067],[-0.0311027,51.4400028],[-0.0303776,51.4403547],[-0.030313,51.4403883],[-0.0301423,51.4404578],[-0.0298344,51.4405403],[-0.0296073,51.4406105],[-0.0295014,51.4406608],[-0.0293937,51.440712],[-0.0291364,51.4408926],[-0.0289688,51.4410573],[-0.0286295,51.4414865],[-0.0282848,51.4419145],[-0.0279719,51.4422932],[-0.0276574,51.442654]],[[-0.0276574,51.442654],[-0.0273017,51.4429903]],[[-0.0273017,51.4429903],[-0.0272888,51.4430492],[-0.0272446,51.443101],[-0.0272144,51.4431382],[-0.0271639,51.4432005]],[[-0.0271639,51.4432005],[-0.0270858,51.4432184],[-0.0268786,51.4433168]],[[-0.0268786,51.4433168],[-0.0266967,51.4434495]],[[-0.0266967,51.4434495],[-0.0265702,51.4435308],[-0.0265516,51.443544]],[[-0.0265516,51.443544],[-0.0263199,51.4437198]],[[-0.0263199,51.4437198],[-0.0262355,51.4437838]],[[-0.0262355,51.4437838],[-0.0261825,51.4438192]],[[-0.0261825,51.4438192],[-0.0260096,51.4439491]],[[-0.0260096,51.4439491],[-0.0258914,51.4440094],[-0.0258465,51.4440296]],[[-0.0258465,51.4440296],[-0.0258318,51.444036]],[[-0.0258318,51.444036],[-0.0252634,51.4442426],[-0.0250235,51.4443031]],[[-0.0250235,51.4443031],[-0.0249151,51.4443276],[-0.0247352,51.4443612]],[[-0.0247352,51.4443612],[-0.024546,51.444399],[-0.0240464,51.4445003]],[[-0.0240464,51.4445003],[-0.0238665,51.4445288]],[[-0.0238665,51.4445288],[-0.0236576,51.4445848],[-0.0233888,51.4446338],[-0.023287,51.4446524],[-0.0232153,51.4446655],[-0.0231663,51.4446745],[-0.0230186,51.444707]],[[-0.0230186,51.444707],[-0.0227752,51.4447669]],[[-0.0227752,51.4447669],[-0.0226006,51.4448099],[-0.022456,51.4448415],[-0.0222368,51.444851],[-0.0221897,51.4448531],[-0.0221599,51.4448537],[-0.0219978,51.4448526],[-0.0218067,51.4448152]],[[-0.0218067,51.4448152],[-0.0212992,51.4448154]],[[-0.0212992,51.4448154],[-0.0209878,51.4448173],[-0.0208601,51.4448181]],[[-0.0208601,51.4448181],[-0.0207225,51.4448832],[-0.0205501,51.4449269],[-0.0203083,51.4450064]],[[-0.0203083,51.4450064],[-0.0202367,51.4450409]],[[-0.0202367,51.4450409],[-0.0201905,51.4450577],[-0.0200815,51.445093]],[[-0.0200815,51.445093],[-0.0199038,51.4451735]],[[-0.0199038,51.4451735],[-0.0198592,51.4452238],[-0.0198344,51.4452846],[-0.0197991,51.4453688],[-0.0197884,51.4453961],[-0.0197673,51.4454453],[-0.0196001,51.4457957],[-0.0195125,51.4459739],[-0.019503,51.4459978]],[[-0.019503,51.4459978],[-0.0195082,51.4460467],[-0.019497,51.4460855],[-0.0194698,51.4461377],[-0.0194236,51.4462152],[-0.019398,51.446245],[-0.0193431,51.4463022],[-0.0192724,51.4463396]],[[-0.0192724,51.4463396],[-0.0190449,51.4465939],[-0.0188698,51.4468034]],[[-0.0188698,51.4468034],[-0.01834,51.4474469]],[[-0.01834,51.4474469],[-0.018345,51.4475042],[-0.0183338,51.4475189],[-0.0183061,51.4475556],[-0.018204,51.4476552],[-0.0181137,51.4476813]],[[-0.0181137,51.4476813],[-0.0179606,51.4478386]],[[-0.0179606,51.4478386],[-0.0175798,51.4482678],[-0.0174579,51.4484067],[-0.0173276,51.4485956],[-0.0172037,51.4488327],[-0.0171657,51.4489208],[-0.0171417,51.4489979],[-0.0170074,51.449701],[-0.0170031,51.449735],[-0.0169584,51.4502117],[-0.0169442,51.4504464],[-0.0169374,51.450535]],[[-0.0169374,51.450535],[-0.0169162,51.4507742]],[[-0.0169162,51.4507742],[-0.0168963,51.4509889],[-0.0168649,51.4512271],[-0.0168475,51.4513606],[-0.016843,51.4513952]],[[-0.016843,51.4513952],[-0.0168379,51.4514339],[-0.0168159,51.4515983]],[[-0.0168159,51.4515983],[-0.0167931,51.4517385]],[[-0.0167931,51.4517385],[-0.0167844,51.4517918]],[[-0.0167844,51.4517918],[-0.016764,51.4519169]],[[-0.016764,51.4519169],[-0.0167514,51.451965],[-0.0167453,51.4519881]],[[-0.0167453,51.4519881],[-0.0166987,51.4521663],[-0.0166763,51.4522452],[-0.0166416,51.4523751],[-0.0165994,51.4525062],[-0.0165664,51.4526048],[-0.0165511,51.4526527],[-0.0165409,51.4526866],[-0.016533,51.4527099]],[[-0.016533,51.4527099],[-0.016586,51.4527628],[-0.0165735,51.4527992],[-0.0165437,51.4528861],[-0.0164672,51.4529221]],[[-0.0164672,51.4529221],[-0.0164363,51.4530233],[-0.016393,51.4531553],[-0.0161967,51.4537722],[-0.0161591,51.4538924],[-0.016139,51.4539605]],[[-0.016139,51.4539605],[-0.0161912,51.4540076],[-0.0161802,51.4540436],[-0.0161516,51.4541368],[-0.016075,51.4541706]],[[-0.016075,51.4541706],[-0.0160231,51.454333],[-0.0159963,51.4544181],[-0.0159434,51.4545856],[-0.0159297,51.4546333],[-0.0158869,51.4547639],[-0.0158583,51.4548445]],[[-0.0145253,51.4564179],[-0.0146119,51.4563266],[-0.0146665,51.4562678],[-0.0147925,51.4561195],[-0.0148695,51.4560298],[-0.0149211,51.4559698],[-0.0150791,51.4557937],[-0.0151736,51.4556945],[-0.0152347,51.4556348],[-0.0154353,51.4554481],[-0.01547,51.455418],[-0.0155057,51.4553867],[-0.015545,51.4553509],[-0.0156191,51.4552786],[-0.0156921,51.4552005],[-0.0157444,51.4551223],[-0.0157853,51.4550449],[-0.0158583,51.4548445]],[[-0.0145253,51.4564179],[-0.0144111,51.4565701]],[[-0.0144111,51.4565701],[-0.0143328,51.4566254]],[[-0.0143328,51.4566254],[-0.0142939,51.4566554]],[[-0.0142939,51.4566554],[-0.0137483,51.4570928],[-0.0136177,51.4571348]],[[-0.0136177,51.4571348],[-0.0135036,51.4572661],[-0.0134419,51.4573536]],[[-0.0134419,51.4573536],[-0.0134037,51.4574164]],[[-0.0134037,51.4574164],[-0.0133642,51.457493]],[[-0.0133642,51.457493],[-0.0133341,51.4575579],[-0.0133132,51.4575982]],[[-0.0133132,51.4575982],[-0.0133009,51.4576218],[-0.0132847,51.4576512]],[[-0.0132847,51.4576512],[-0.0132487,51.4577166]],[[-0.0132487,51.4577166],[-0.0132975,51.457773],[-0.0132613,51.4578359],[-0.0132429,51.457867],[-0.0131721,51.4579977],[-0.0131048,51.4581052],[-0.0130606,51.4581755]],[[-0.0130606,51.4581755],[-0.0128311,51.4584424],[-0.0127617,51.4584702]],[[-0.0127617,51.4584702],[-0.0126354,51.4586104],[-0.0124056,51.4588838],[-0.01235,51.458945],[-0.0122559,51.4590577]],[[-0.0122559,51.4590577],[-0.012256,51.4591116],[-0.0122222,51.4591543],[-0.0121931,51.4591917],[-0.0121665,51.459236],[-0.0121511,51.459279],[-0.0121511,51.4593183]],[[-0.0121511,51.4593183],[-0.012167,51.4593585]],[[-0.012167,51.4593585],[-0.0122208,51.4593973],[-0.0122911,51.4594325]],[[-0.0122911,51.4594325],[-0.0124713,51.459514],[-0.0125347,51.4595528]],[[-0.0125347,51.4595528],[-0.0125126,51.4595888],[-0.0124894,51.4596155],[-0.012437,51.4596461],[-0.012392,51.4596664],[-0.0123279,51.459683]],[[-0.0123279,51.459683],[-0.0120752,51.4595633]],[[-0.0120752,51.4595633],[-0.0119841,51.4595672],[-0.0119195,51.4595754]],[[-0.0119195,51.4595754],[-0.0118847,51.4595854],[-0.011718,51.4596581]],[[-0.011718,51.4596581],[-0.0115994,51.4597781],[-0.0114302,51.4599537],[-0.0112842,51.4601119],[-0.0111113,51.4603154],[-0.0109996,51.4604562]],[[-0.0109996,51.4604562],[-0.0109237,51.460556],[-0.0108694,51.4606282],[-0.0107317,51.460825]],[[-0.0107317,51.460825],[-0.0105691,51.4610323],[-0.0104962,51.4610995]],[[-0.0104962,51.4610995],[-0.0104663,51.4611248],[-0.0103919,51.4611784],[-0.0102832,51.4612495],[-0.0101907,51.4613039],[-0.0100979,51.461363],[-0.0099627,51.4614491],[-0.0098776,51.4615164],[-0.0098159,51.4615817]],[[-0.0092967,51.4624165],[-0.0093686,51.4623087],[-0.009422,51.462226],[-0.0094912,51.4621277],[-0.0095734,51.4619972],[-0.0097011,51.4617656],[-0.0097639,51.4616594],[-0.0098159,51.4615817]],[[-0.0092967,51.4624165],[-0.0093846,51.462425],[-0.0094914,51.4624435],[-0.009556,51.4624601]],[[-0.009556,51.4624601],[-0.0098359,51.4625487],[-0.009976,51.462609],[-0.0100599,51.462655]],[[-0.0100599,51.462655],[-0.0101353,51.4627081],[-0.010153,51.4627233]],[[-0.010153,51.4627233],[-0.0103206,51.4627996],[-0.0103458,51.4628427],[-0.010411,51.4629582],[-0.0104083,51.4631154]],[[-0.010806,51.4637007],[-0.0107286,51.4635922],[-0.0106975,51.4635514],[-0.0105176,51.4633033],[-0.0104083,51.4631154]],[[-0.0108581,51.4637976],[-0.010806,51.4637007]],[[-0.0108581,51.4637976],[-0.0109437,51.4638397],[-0.0109904,51.4639181],[-0.0110121,51.4639567],[-0.0110271,51.464125]],[[-0.0110271,51.464125],[-0.0111146,51.4643246],[-0.0111314,51.4643713]],[[-0.0111314,51.4643713],[-0.0112026,51.4644121],[-0.0112912,51.4648297],[-0.0112957,51.4648662],[-0.011257,51.4649136]],[[-0.0112537,51.4650164],[-0.0112582,51.4649642],[-0.011257,51.4649136]],[[-0.0112299,51.4651328],[-0.0112456,51.4650765],[-0.0112537,51.4650164]],[[-0.0112299,51.4651328],[-0.011414,51.4651618],[-0.011594,51.4651949],[-0.0119178,51.4652388],[-0.0122403,51.4652776],[-0.0123606,51.4652911]],[[-0.0123606,51.4652911],[-0.0125177,51.4653057],[-0.0126734,51.4653058],[-0.0128113,51.4652926],[-0.013015,51.4652896],[-0.0130855,51.4652785],[-0.0132004,51.4652548],[-0.0132894,51.465223],[-0.0133301,51.4651965],[-0.0133473,51.465157]],[[-0.0133473,51.465157],[-0.0133493,51.4651214],[-0.0133276,51.4650689],[-0.0131537,51.4648746]],[[0.009951328684557703,51.47293146534052],[0.0099434,51.4729076],[0.0099045,51.4728495]],[[0.0099045,51.4728495],[0.0097576,51.4727418],[0.0096969,51.4726986]],[[0.0096969,51.4726986],[0.0096419,51.4725808],[0.0096195,51.4725322]],[[0.0096195,51.4725322],[0.0095277,51.47234]],[[0.0092635,51.470666],[0.0092797,51.4707525],[0.0092993,51.4708707],[0.0093394,51.4711088],[0.0094512,51.4718465],[0.0095277,51.47234]],[[0.009475,51.4686445],[0.0092794,51.468704],[0.0091887,51.4687355],[0.0091369,51.4687655],[0.0091222,51.4687856],[0.0091122,51.4688207],[0.009109,51.4689564],[0.0091099,51.4690977],[0.0091266,51.4694716],[0.0091434,51.4697155],[0.0091628,51.4698709],[0.0091859,51.4700899],[0.0092179,51.4703334],[0.0092517,51.4705986],[0.0092553,51.4706223],[0.0092635,51.470666]],[[0.0092889,51.4683809],[0.0093047,51.4684042],[0.0093557,51.4684772],[0.009475,51.4686445]],[[0.0092889,51.4683809],[0.0091338,51.4681441],[0.0090248,51.4679833],[0.0088102,51.4676352],[0.0087368,51.4674964],[0.0087001,51.4674185],[0.0086874,51.4673735],[0.0086862,51.467369],[0.0086705,51.4673077],[0.0086633,51.4672771]],[[0.0086633,51.4672771],[0.0086153,51.467008]],[[0.0086153,51.467008],[0.0085937,51.4668482],[0.0085804,51.4667568],[0.0085705,51.4666834],[0.0085636,51.4666155],[0.0085639,51.4665369],[0.0085751,51.4664813]],[[0.0085751,51.4664813],[0.0086099,51.4664062],[0.0086534,51.4663325]],[[0.0086534,51.4663325],[0.0086757,51.4663039],[0.0087836,51.4661828]],[[0.0090917,51.4658768],[0.0090737,51.465916],[0.0090474,51.4659536],[0.0090241,51.4659848],[0.008993,51.4660181],[0.0089597,51.4660491],[0.0089277,51.4660768],[0.0088626,51.4661261],[0.0087836,51.4661828]],[[0.009093251799305632,51.46587302091228],[0.0090917,51.4658768]],[[0.009167166584158268,51.46549026757425],[0.0091653,51.4655108],[0.00914797456378328,51.46561179100427]],[[0.0090289,51.4645938],[0.0090111,51.4646512],[0.009010937722997861,51.46465440579873]],[[0.0090289,51.4645938],[0.0090657,51.464535],[0.009069376394526697,51.464529932537275]],[[0.011580345481882467,51.456590035197756],[0.0115803,51.4565466]],[[0.0115803,51.4565466],[0.0115768,51.4564261],[0.0115731,51.4563969],[0.0115147,51.4563244]],[[0.0115147,51.4563244],[0.0114999,51.4562384],[0.0115361,51.4557532],[0.0115481,51.4556255]],[[0.0115481,51.4556255],[0.0115569,51.4555503]],[[0.0115569,51.4555503],[0.0115752,51.4553728],[0.011595,51.4551785]],[[0.011595,51.4551785],[0.011665,51.4546074],[0.011681,51.454466]],[[0.011681,51.454466],[0.0117019,51.454266],[0.0117204,51.4541083],[0.0117634,51.4537644],[0.0118128,51.4532425],[0.0118343,51.4530158],[0.011901,51.4525246],[0.0119318,51.4523948],[0.012009,51.4521635],[0.0120861,51.4519551],[0.0123133,51.4514078],[0.0123654,51.4512956],[0.0123801,51.4512356],[0.0123908,51.4511922],[0.012409,51.4511126],[0.0124627,51.4508774],[0.0124847,51.4507605]],[[0.0124847,51.4507605],[0.0125596,51.4504141],[0.0125864,51.4502867],[0.012637,51.4500422],[0.0127312,51.4496538]],[[0.0127312,51.4496538],[0.0128066,51.449405]],[[0.0128066,51.449405],[0.0129055,51.4491123],[0.012917,51.4490757],[0.0129335,51.4490319],[0.0130101,51.4488014]],[[0.0130101,51.4488014],[0.0130659,51.4486453],[0.0132687,51.4480774],[0.0134199,51.4477452]],[[0.0134199,51.4477452],[0.0134735,51.4476357],[0.0135656,51.4474681]],[[0.0135656,51.4474681],[0.0136433,51.4473522],[0.0137516,51.4472308],[0.0138628,51.447119],[0.0140911,51.4468786]],[[0.0140911,51.4468786],[0.0144114,51.4465297]],[[0.0144114,51.4465297],[0.0145358,51.4464514],[0.0145839,51.4464144],[0.0146121,51.4463928]],[[0.0146121,51.4463928],[0.0146294,51.4463735],[0.0146531,51.4463527],[0.0146826,51.4463286]],[[0.0146826,51.4463286],[0.0146919,51.44632]],[[0.0146919,51.44632],[0.0147552,51.4462617],[0.0147691,51.4462482]],[[0.0147691,51.4462482],[0.0147506,51.4462433],[0.0146581,51.4462189]],[[0.0146581,51.4462189],[0.01465,51.4462164]],[[0.01465,51.4462164],[0.0145418,51.4461866],[0.0143598,51.4461365]],[[0.0143598,51.4461365],[0.0140816,51.4460549],[0.0140158,51.4460386],[0.0138894,51.4460035]],[[0.0138894,51.4460035],[0.013784,51.4459767]],[[0.013784,51.4459767],[0.0137257,51.4459635],[0.0135882,51.4459319]],[[0.0135882,51.4459319],[0.0134177,51.4459233],[0.0130649,51.4459098]],[[0.0130649,51.4459098],[0.0128039,51.445894],[0.0127518,51.445891],[0.0117805,51.4458318],[0.0115,51.4458188],[0.0110291,51.4457925],[0.0108341,51.4457816],[0.0106122,51.4457671],[0.0099603,51.4457306]],[[0.0099603,51.4457306],[0.0096165,51.4457109],[0.0090576,51.4456817],[0.0089756,51.4456771],[0.008909,51.4456743],[0.0085426,51.4456534],[0.0084079,51.4456455],[0.0082132,51.4456294],[0.0080722,51.4456242],[0.0075974,51.445601]],[[0.0075974,51.445601],[0.0066325,51.4455599],[0.0065274,51.4455514],[0.0060973,51.4455373],[0.0059042,51.4455318],[0.0057843,51.445516]],[[0.0057843,51.445516],[0.0055857,51.4454655],[0.0053622,51.4453947]],[[0.004454,51.4452694],[0.0046297,51.4452825],[0.0049656,51.4453195],[0.0049983,51.4453235],[0.005065,51.4453319],[0.0051637,51.4453463],[0.0053622,51.4453947]],[[-0.0088028,51.4450861],[-0.0087272,51.4450853],[-0.007145,51.4450804],[-0.0068725,51.4450782],[-0.0063042,51.4450737],[-0.005634,51.4450731],[-0.0053123,51.4450663],[-0.0038456,51.4450653],[-0.0031678,51.4450629],[-0.0023128,51.4450802],[-0.0021593,51.4450834],[-0.0019828,51.445087],[-0.0010121,51.4451071],[-0.000043599999999999976,51.4451292],[0.000087,51.4451322],[0.0001556,51.4451348],[0.0002919,51.4451377],[0.0012173,51.4451547],[0.0012944,51.4451563],[0.0024166,51.4451794],[0.0035605,51.4452075],[0.0042351,51.4452542],[0.004454,51.4452694]],[[-0.0131228,51.4453453],[-0.012463,51.4452605],[-0.0118908,51.445187],[-0.0115912,51.4451602],[-0.011058,51.4451159],[-0.0108903,51.445111],[-0.0102809,51.4450975],[-0.0091133,51.4450916],[-0.00896,51.4450888],[-0.0088688,51.4450868],[-0.0088028,51.4450861]],[[-0.0164272,51.4457773],[-0.0158748,51.4457078],[-0.014496,51.4455267],[-0.0142247,51.4454912],[-0.0135354,51.4454011],[-0.0134728,51.4453929],[-0.0134136,51.4453848],[-0.0131228,51.4453453]],[[-0.0168301,51.445828],[-0.0164272,51.4457773]],[[-0.0170595,51.4458548],[-0.0168301,51.445828]],[[-0.0170595,51.4458548],[-0.0171633,51.4458334],[-0.0172121,51.4458229]],[[-0.0172121,51.4458229],[-0.0172931,51.4457923]],[[-0.0172931,51.4457923],[-0.0175765,51.444948],[-0.0175915,51.4449033],[-0.0176482,51.4447345]],[[-0.0176482,51.4447345],[-0.0178199,51.4442277],[-0.0179209,51.443952]],[[-0.0179209,51.443952],[-0.0179735,51.443926],[-0.0180513,51.4438968],[-0.0181291,51.4438759],[-0.0182266,51.4438797]],[[-0.0182266,51.4438797],[-0.0183214,51.4439025],[-0.0184321,51.4439352],[-0.0186422,51.443991],[-0.0188121,51.4440256]],[[-0.0188121,51.4440256],[-0.0195369,51.4441478],[-0.0198719,51.4442078]],[[-0.0198719,51.4442078],[-0.0199443,51.4442513],[-0.01999,51.4442685],[-0.0200527,51.4443007],[-0.020115,51.4443594]],[[-0.020115,51.4443594],[-0.0200513,51.4446309]],[[-0.0200513,51.4446309],[-0.0201611,51.4447282],[-0.02021,51.4447539],[-0.02026,51.4447769],[-0.0203211,51.4447975]],[[-0.0203211,51.4447975],[-0.0204743,51.4448084],[-0.0207291,51.4448095],[-0.0208601,51.4448181]],[[-0.0218067,51.4448152],[-0.0219992,51.4447988]],[[-0.0219992,51.4447988],[-0.0220663,51.4447992],[-0.0221571,51.4447974],[-0.0223048,51.4447801]],[[-0.0223048,51.4447801],[-0.0229409,51.4446403],[-0.02301,51.4446277]],[[-0.02301,51.4446277],[-0.0231363,51.4445986],[-0.0233523,51.4445592],[-0.0236303,51.4445255],[-0.0238665,51.4445288]],[[-0.0268786,51.4433168],[-0.0269889,51.4431961],[-0.027121,51.4430992],[-0.0271263,51.4430942],[-0.0272184,51.4430299],[-0.0273017,51.4429903]],[[-0.0375512,51.4307205],[-0.0375532,51.4308906],[-0.0375533,51.4308961],[-0.0375534,51.4309017],[-0.0375759,51.4316886],[-0.0376024,51.4319515],[-0.0376035,51.4320094],[-0.0376257,51.4321548],[-0.0376394,51.4322449],[-0.0377565,51.432547],[-0.0377632,51.4326579],[-0.0377204,51.432749],[-0.0376509,51.4328445],[-0.0374918,51.4329683],[-0.0373698,51.4330633],[-0.0364943,51.4337303],[-0.0361022,51.4340348],[-0.0357334,51.4343217],[-0.0352221,51.4347211],[-0.0348376,51.434999],[-0.0346773,51.4351553],[-0.0345509,51.4353428],[-0.034452,51.4355377],[-0.034439,51.4355723],[-0.0343883,51.4357587],[-0.0343322,51.4359779],[-0.0342579,51.4361749],[-0.0341786,51.4363401],[-0.0339904,51.4367763],[-0.0337602,51.4372483],[-0.0336738,51.4374646],[-0.0336188,51.4376009],[-0.0335786,51.4377814],[-0.033533,51.4379378],[-0.0335251,51.4380044],[-0.0334824,51.4381774],[-0.0334129,51.4383447],[-0.0333904,51.4384],[-0.0332731,51.4386033],[-0.0330915,51.4389122],[-0.033024,51.4390123]],[[-0.0375281,51.4303385],[-0.0375416,51.4304522],[-0.0375458,51.4305668],[-0.0375465,51.4305855],[-0.0375469,51.4306001],[-0.0375512,51.4307205]],[[-0.0373818,51.4297368],[-0.0374235,51.4298881],[-0.0375028,51.4301529],[-0.0375281,51.4303385]],[[-0.0373818,51.4297368],[-0.0372381,51.4295]],[[-0.0372381,51.4295],[-0.037168,51.4293487]],[[-0.037168,51.4293487],[-0.0371418,51.4292743],[-0.0371348,51.4292394],[-0.0370999,51.4291308]],[[-0.0370999,51.4291308],[-0.0370995,51.4290466],[-0.0371198,51.4289631],[-0.0371631,51.4288614],[-0.0372225,51.4287739],[-0.0373011,51.428698],[-0.0373149,51.4286853],[-0.0373755,51.4286293],[-0.0374191,51.428589],[-0.0374686,51.4285527]],[[-0.0374686,51.4285527],[-0.0377523,51.4283976],[-0.0381297,51.4282571],[-0.0384382,51.4281974]],[[-0.0409127,51.4269826],[-0.0405613,51.4271544],[-0.0402202,51.4273323],[-0.0398392,51.4275255],[-0.0394363,51.4277336],[-0.0392336,51.4278415],[-0.038907,51.4280012],[-0.038672,51.4280978],[-0.0384382,51.4281974]],[[-0.043527,51.4259123],[-0.0431426,51.4260142],[-0.0429492,51.4260714],[-0.0426604,51.4261757],[-0.0424165,51.42627],[-0.0422069,51.4263547],[-0.0415477,51.4266805],[-0.0409127,51.4269826]],[[-0.0440278,51.4257891],[-0.0438444,51.4258333],[-0.0437785,51.4258481],[-0.043527,51.4259123]],[[-0.0490863,51.425833],[-0.0487367,51.4257896],[-0.0484483,51.4257526],[-0.0480841,51.4257229],[-0.0477441,51.4257073],[-0.0474872,51.4257001],[-0.0472332,51.4257027],[-0.0466457,51.4257131],[-0.0466145,51.4257145],[-0.046536,51.425716],[-0.0464644,51.4257173],[-0.0461551,51.425721],[-0.0458941,51.4257203],[-0.0452212,51.4257113],[-0.0448142,51.4257052],[-0.0446777,51.4257022],[-0.0446082,51.4257013],[-0.0445377,51.4257033],[-0.0443977,51.4257103],[-0.044327,51.4257199],[-0.0442171,51.4257413],[-0.0440278,51.4257891]],[[-0.0537274,51.4264221],[-0.0531781,51.4263406],[-0.0526984,51.4262799]],[[-0.0541229,51.4264865],[-0.0540288,51.4264678],[-0.0537274,51.4264221]],[[-0.0546286,51.4265831],[-0.0543693,51.4265376],[-0.0541974,51.4265014],[-0.0541229,51.4264865]],[[-0.0548616,51.4266238],[-0.0546286,51.4265831]],[[-0.055927,51.4269934],[-0.0558388,51.4269552],[-0.0556863,51.4268802],[-0.0554419,51.426777],[-0.0552831,51.4267199],[-0.0552645,51.4267153],[-0.0552154,51.4267031],[-0.0548616,51.4266238]],[[-0.055927,51.4269934],[-0.0559617,51.4269692],[-0.0559878,51.4269598],[-0.056019,51.426956],[-0.0560555,51.4269576],[-0.0560895,51.4269662],[-0.0561153,51.4269793],[-0.056134,51.4269964],[-0.0561424,51.4270125],[-0.0561457,51.427034]],[[-0.0561457,51.427034],[-0.0561379,51.4270535],[-0.0561214,51.4270715],[-0.0561019,51.4270855],[-0.056067,51.4270984],[-0.0560194,51.4271011]],[[-0.0566271,51.4276921],[-0.0561615,51.4272661],[-0.0560199,51.4271429],[-0.0560194,51.4271011]],[[-0.0582019,51.4291887],[-0.0580175,51.4290063],[-0.0576669,51.4287025],[-0.0574481,51.4284947],[-0.0572874,51.4283421],[-0.0569914,51.4280684],[-0.0569284,51.4280043],[-0.0568911,51.4279663],[-0.0566271,51.4276921]],[[-0.0594902,51.4308331],[-0.0594058,51.4307358],[-0.0593421,51.4306504],[-0.059185,51.4304527],[-0.0589963,51.430213],[-0.0589403,51.4301376],[-0.0588386,51.4300003],[-0.058699,51.4297829],[-0.0584134,51.4294211],[-0.0582019,51.4291887]],[[-0.0596128,51.4309662],[-0.0594902,51.4308331]],[[-0.0680465,51.431293],[-0.0675873,51.4312229],[-0.0673566,51.4311886],[-0.0671924,51.4311642],[-0.0670392,51.4311409],[-0.0668177,51.4311054],[-0.0667227,51.4310907],[-0.0660084,51.4309772],[-0.0657856,51.4309505],[-0.0652265,51.4308964],[-0.0646261,51.4308303],[-0.0644532,51.4308124],[-0.0639802,51.4307673],[-0.0637523,51.4307421],[-0.0635496,51.4307223],[-0.0631925,51.430687],[-0.062884,51.4306588],[-0.0627046,51.4306397],[-0.0624912,51.4306196],[-0.0618889,51.4305638],[-0.0617868,51.4305521],[-0.0615911,51.4305383],[-0.0615152,51.4305379],[-0.0614191,51.4305431],[-0.0610501,51.4305935],[-0.0609355,51.4306129],[-0.0601965,51.4307964],[-0.0599709,51.4308598],[-0.0597766,51.4309127],[-0.0596793,51.4309437],[-0.0596128,51.4309662]],[[-0.0705046,51.4317472],[-0.0702046,51.4317552],[-0.0700362,51.4317359],[-0.0698761,51.4317046],[-0.0696861,51.4316481],[-0.0692228,51.4315246],[-0.068857,51.4314197],[-0.068608,51.4313658],[-0.0680465,51.431293]],[[-0.0728555,51.4321213],[-0.0727999,51.4320886],[-0.0725406,51.4319513],[-0.072138,51.4317691],[-0.0720068,51.4317213],[-0.0718238,51.4316842],[-0.0716261,51.4316652],[-0.0714206,51.4316638],[-0.0709669,51.4317108],[-0.0705046,51.4317472]],[[-0.0733317,51.4316345],[-0.0730119,51.4319644],[-0.0728555,51.4321213]],[[-0.07372,51.4311756],[-0.0736551,51.4312578],[-0.0734978,51.431454],[-0.0733317,51.4316345]],[[-0.07393548569253831,51.430947162641274],[-0.07372,51.4311756]],[[-0.0746984,51.4279602],[-0.07481725690075298,51.42814568305986]],[[-0.07499356612609766,51.42847999194056],[-0.0750637,51.428856],[-0.07505189068585334,51.42914983869852]],[[-0.0739727,51.4264899],[-0.07398397529475458,51.42651902914079]],[[-0.07429751485117181,51.42737928926508],[-0.0743044,51.4273983],[-0.07430720704296706,51.4274022577718]],[[-0.0743874442383915,51.42751538767878],[-0.0746403,51.4278719],[-0.0746984,51.4279602]],[[-0.0739298,51.4263717],[-0.0739389,51.4263959],[-0.0739727,51.4264899]],[[-0.0739104,51.4262214],[-0.0739114,51.426308],[-0.0739298,51.4263717]],[[-0.0739104,51.4262214],[-0.073932066759533,51.42619124644116]],[[-0.0127005,51.4641989],[-0.0126406,51.4640301]],[[-0.0126406,51.4640301],[-0.012584,51.4638628]],[[-0.012584,51.4638628],[-0.0125796,51.4638453]],[[-0.0125796,51.4638453],[-0.0125483,51.4637577]],[[-0.0125483,51.4637577],[-0.0124386,51.4636682],[-0.0123952,51.4636332],[-0.0123577,51.4636088],[-0.0123448,51.4636005],[-0.0122896,51.4635732],[-0.0122409,51.4635538],[-0.0121742,51.4635355]],[[-0.0121742,51.4635355],[-0.0117335,51.4636209],[-0.0116263,51.4636417]],[[-0.0116263,51.4636417],[-0.0111802,51.4637336]],[[-0.0111802,51.4637336],[-0.0111112,51.4637477],[-0.0108581,51.4637976]],[[-0.0104083,51.4631154],[-0.0102568,51.4629769],[-0.0102319,51.462936]],[[-0.0102319,51.462936],[-0.0101691,51.4628364],[-0.010153,51.4627233]],[[-0.011718,51.4596581],[-0.0117612,51.459578],[-0.0118002,51.4595159],[-0.0118153,51.4594934]],[[-0.0118153,51.4594934],[-0.0118694,51.4594231],[-0.0119621,51.4593379]],[[-0.0119621,51.4593379],[-0.012039,51.4592417],[-0.0120672,51.4592048],[-0.0120984,51.4591651],[-0.0121657,51.4590846],[-0.0122559,51.4590577]],[[-0.0127617,51.4584702],[-0.012759,51.4584243]],[[-0.012759,51.4584243],[-0.0128111,51.4583635],[-0.0128521,51.4583145]],[[-0.0128521,51.4583145],[-0.0129598,51.4581804]],[[-0.0129598,51.4581804],[-0.0129774,51.4581524],[-0.013002,51.458108]],[[-0.013002,51.458108],[-0.0130851,51.4579283],[-0.0131368,51.45781]],[[-0.0131368,51.45781],[-0.0131515,51.4577776],[-0.0131594,51.4577601]],[[-0.0131594,51.4577601],[-0.0132487,51.4577166]],[[-0.0136177,51.4571348],[-0.0136417,51.4570535],[-0.0137068,51.4569852]],[[-0.0137068,51.4569852],[-0.0137511,51.4569422]],[[-0.0137511,51.4569422],[-0.0138252,51.4568798],[-0.0140649,51.4566869],[-0.0141343,51.4566285]],[[-0.0141343,51.4566285],[-0.0141873,51.4565871]],[[-0.0141873,51.4565871],[-0.0142343,51.4565501],[-0.0142706,51.4565203],[-0.0142916,51.4565001]],[[-0.0142916,51.4565001],[-0.0145253,51.4564179]],[[-0.016075,51.4541706],[-0.0160251,51.4541203],[-0.016039,51.4540768],[-0.0160664,51.4539916],[-0.016139,51.4539605]],[[-0.0164672,51.4529221],[-0.0164108,51.4528695]],[[-0.0164108,51.4528695],[-0.0164218,51.4528346]],[[-0.0164218,51.4528346],[-0.0164514,51.4527456],[-0.016533,51.4527099]],[[-0.0181137,51.4476813],[-0.0180877,51.4476278],[-0.0181033,51.4476077],[-0.0181302,51.4475771],[-0.0182292,51.4474752],[-0.01834,51.4474469]],[[-0.0192724,51.4463396],[-0.0192496,51.4462919]],[[-0.0192496,51.4462919],[-0.0193088,51.4462079],[-0.0193237,51.446179],[-0.0193407,51.4461447],[-0.0193436,51.4461389],[-0.0193742,51.4460924]],[[-0.019503,51.4459978],[-0.0194762,51.4460168],[-0.0194322,51.4460521],[-0.0194041,51.4460716],[-0.0193742,51.4460924]],[[-0.0200815,51.445093],[-0.0201197,51.4450294],[-0.0201406,51.4449896],[-0.0202569,51.4448405],[-0.0203211,51.4447975]],[[-0.027684,51.4431783],[-0.0273935,51.4431864],[-0.0272857,51.4431894],[-0.0272112,51.4431936],[-0.0271639,51.4432005]],[[-0.0278775,51.4431692],[-0.0278109,51.4431727],[-0.027684,51.4431783]],[[-0.0281429,51.4431606],[-0.0280672,51.4431631],[-0.0278775,51.4431692]],[[-0.0284733,51.4431378],[-0.0283464,51.4431466],[-0.0282496,51.4431537],[-0.0282242,51.443155],[-0.0281429,51.4431606]],[[-0.0289231,51.4430697],[-0.0286515,51.4431169],[-0.028585,51.4431247],[-0.0284733,51.4431378]],[[-0.0327137,51.4419379],[-0.0324333,51.4419203],[-0.0322481,51.4419383],[-0.0320305,51.4419643],[-0.0317538,51.4420238],[-0.0312545,51.4421586],[-0.0305894,51.442405],[-0.0299833,51.4427082],[-0.0295028,51.4428981],[-0.0289231,51.4430697]],[[-0.0333342,51.4420659],[-0.0330534,51.4419986],[-0.0327137,51.4419379]],[[-0.034378,51.4422878],[-0.0340799,51.4422453],[-0.0337839,51.4421896],[-0.0335018,51.4421103],[-0.0333342,51.4420659]],[[-0.0352361,51.4423384],[-0.0349982,51.4423402],[-0.034378,51.4422878]],[[-0.0362223,51.4423434],[-0.0360894,51.4423567],[-0.0360388,51.4423568],[-0.0359692,51.4423734],[-0.0352361,51.4423384]],[[-0.0378577,51.4422032],[-0.0376908,51.442223],[-0.0376055,51.4422303],[-0.0373452,51.4422528],[-0.0371897,51.4422662],[-0.0367826,51.4423013],[-0.0362223,51.4423434]],[[-0.038474,51.4421594],[-0.0378577,51.4422032]],[[-0.0389181,51.4421257],[-0.038474,51.4421594]],[[-0.0401095,51.4420681],[-0.0399331,51.4420576],[-0.0398032,51.4420594],[-0.0396561,51.4420666],[-0.0394667,51.4420806],[-0.0389181,51.4421257]],[[-0.0413662,51.4421705],[-0.0404803,51.4420955],[-0.0401095,51.4420681]],[[-0.0425773,51.4422416],[-0.0423575,51.4422383],[-0.04208,51.4422302],[-0.0418488,51.4422157],[-0.0413662,51.4421705]],[[-0.0429273,51.4422418],[-0.0427423,51.4422408],[-0.0425773,51.4422416]],[[-0.0438463,51.4422557],[-0.0432891,51.4422448],[-0.0429273,51.4422418]],[[-0.0450762,51.4422793],[-0.0441458,51.4422618],[-0.0438463,51.4422557]],[[-0.0454413,51.4422831],[-0.0450762,51.4422793]],[[-0.0457123,51.4422909],[-0.0454413,51.4422831]],[[-0.0459633,51.4422975],[-0.0457123,51.4422909]],[[-0.0466798,51.4423091],[-0.0464827,51.4423056],[-0.0459633,51.4422975]],[[-0.0471685,51.4423088],[-0.0466798,51.4423091]],[[-0.0472685,51.4422884],[-0.0471685,51.4423088]],[[-0.0473571,51.4420803],[-0.0473581,51.4421855],[-0.0473521,51.4422221],[-0.0473214,51.4422555],[-0.0472685,51.4422884]],[[-0.0473398,51.4414741],[-0.0473571,51.4420803]],[[-0.0474212,51.4413041],[-0.0473825,51.441337],[-0.0473562,51.441377],[-0.0473455,51.4414171],[-0.0473398,51.4414741]],[[-0.0475119,51.4412589],[-0.0474212,51.4413041]],[[-0.0507591,51.4401038],[-0.0497165,51.4404853],[-0.0488366,51.4407749],[-0.0475119,51.4412589]],[[-0.0512242,51.4399576],[-0.0511873,51.4399608],[-0.0511345,51.4399674],[-0.0507591,51.4401038]],[[-0.0513762,51.4399871],[-0.0512898,51.4399688],[-0.0512242,51.4399576]],[[-0.0523518,51.4402067],[-0.0516163,51.440044],[-0.0514807,51.4400125],[-0.0513762,51.4399871]],[[-0.0526023,51.4402618],[-0.0523518,51.4402067]],[[-0.0528425,51.4402948],[-0.0526023,51.4402618]],[[-0.05357,51.4402208],[-0.053424,51.4402569],[-0.0532196,51.4402825],[-0.0529451,51.4402959],[-0.0528425,51.4402948]],[[-0.0537315,51.439439],[-0.0537347,51.4395764],[-0.0537714,51.4397225],[-0.0537791,51.4397479],[-0.0537749,51.4399989],[-0.0537656,51.440044],[-0.0537407,51.4401046],[-0.053689,51.4401573],[-0.05357,51.4402208]],[[-0.0537792,51.4392677],[-0.0537729,51.4392824],[-0.0537411,51.439357],[-0.0537315,51.439439]],[[-0.0537926,51.4392459],[-0.0537792,51.4392677]],[[-0.0537926,51.4392459],[-0.0537716,51.4392193],[-0.0537696,51.4391955],[-0.0537729,51.4391713],[-0.0538155,51.4391029]],[[-0.0538155,51.4391029],[-0.0538587,51.4390102]],[[-0.0538587,51.4390102],[-0.0540186,51.4390383]],[[-0.0540186,51.4390383],[-0.0541554,51.4390688],[-0.0542091,51.4390828],[-0.0542667,51.4391023],[-0.0543181,51.4391399],[-0.0543465,51.4391836]],[[-0.0545548,51.4392481],[-0.0543465,51.4391836]],[[-0.0551949,51.4394724],[-0.0545548,51.4392481]],[[-0.0558722,51.4397171],[-0.0556266,51.4396327],[-0.0551949,51.4394724]],[[-0.0568045,51.4400389],[-0.0563473,51.4398912],[-0.055949,51.439743],[-0.0558722,51.4397171]],[[-0.0580009,51.4405115],[-0.0578024,51.4404395],[-0.057358,51.4402402],[-0.0570383,51.4401183],[-0.0568045,51.4400389]],[[-0.0587761,51.4405447],[-0.058605,51.4405511],[-0.0585196,51.4405556],[-0.0583996,51.4405568],[-0.058255,51.4405516],[-0.0581104,51.4405332],[-0.0580009,51.4405115]],[[-0.0590256,51.4405402],[-0.0587761,51.4405447]],[[-0.060045,51.4405394],[-0.0597585,51.4405425],[-0.0596048,51.4405432],[-0.0591471,51.4405401],[-0.0590957,51.4405391],[-0.0590256,51.4405402]],[[-0.0604191,51.4405362],[-0.0601603,51.440539],[-0.0600985,51.4405392],[-0.060045,51.4405394]],[[-0.0615182,51.4405518],[-0.0613713,51.4405461],[-0.0608987,51.4405348],[-0.0604191,51.4405362]],[[-0.061907,51.4405765],[-0.0615182,51.4405518]],[[-0.0620946,51.4405935],[-0.062022,51.4405869],[-0.0619634,51.4405816],[-0.061907,51.4405765]],[[-0.0635437,51.4408317],[-0.0634768,51.4408201],[-0.0625993,51.4406499],[-0.0624933,51.4406314],[-0.0623845,51.4406182],[-0.0620946,51.4405935]],[[-0.0635437,51.4408317],[-0.063636,51.4408136],[-0.0637079,51.4408238],[-0.0637787,51.4408357],[-0.0638372,51.4408447],[-0.0640398,51.4408786]],[[-0.0640398,51.4408786],[-0.06426,51.4409312]],[[-0.06426,51.4409312],[-0.0646414,51.4410311],[-0.0648025,51.441087],[-0.0649113,51.4411369],[-0.06501751902789552,51.4411929582423]],[[-0.0649424730643083,51.44124964806755],[-0.0648908,51.4412198],[-0.0647926,51.4411708]],[[-0.0647926,51.4411708],[-0.0647405,51.441149],[-0.0645905,51.4410947],[-0.0644771,51.4410628]],[[-0.0644771,51.4410628],[-0.0640941,51.4409764],[-0.0640248,51.4409616],[-0.0639208,51.4409407],[-0.0636851,51.4408875]],[[-0.0636851,51.4408875],[-0.0636097,51.4408683],[-0.0635437,51.4408317]],[[-0.0543465,51.4391836],[-0.0542886,51.439183],[-0.0542495,51.4391796]],[[-0.0542495,51.4391796],[-0.0541797,51.4391689],[-0.054125,51.4391601]],[[-0.054125,51.4391601],[-0.0539683,51.4391335]],[[-0.0539683,51.4391335],[-0.0538155,51.4391029]],[[-0.0538587,51.4390102],[-0.0538702,51.4389721],[-0.0538852,51.4389318],[-0.0538997,51.4389092],[-0.0539184,51.4388879],[-0.0539629,51.4388499]],[[-0.0539629,51.4388499],[-0.0539915,51.4387804],[-0.0540617,51.4386593],[-0.0542367,51.4383829],[-0.0542926,51.4382905],[-0.0543607,51.4381532],[-0.0544546,51.4379457]],[[-0.0544546,51.4379457],[-0.0544754,51.4378971],[-0.0545347,51.4377455],[-0.0546075,51.4375806],[-0.054675,51.437428],[-0.0547112,51.4373656],[-0.0548907,51.4369753],[-0.05494,51.4368248]],[[-0.05494,51.4368248],[-0.055068,51.4364358],[-0.0551236,51.4362634],[-0.0552479,51.4360266],[-0.055314,51.4359438],[-0.0553487,51.4359035],[-0.0554158,51.4358461],[-0.0555502,51.4357447],[-0.0557988,51.4355883],[-0.0561776,51.4353789],[-0.0564116,51.4352196],[-0.0566711,51.435014],[-0.0568111,51.4349067],[-0.0569466,51.4348029],[-0.0571292,51.4346839],[-0.0574561,51.4344822],[-0.0576998,51.4343318],[-0.0578204,51.4342574],[-0.0580288,51.4340608],[-0.0581169,51.4339764],[-0.0583113,51.4337902],[-0.0583728,51.4337313],[-0.0585988,51.4335232],[-0.0586347,51.4334902],[-0.0587447,51.4333778],[-0.0587763,51.4333459],[-0.0588138,51.433308],[-0.0589342,51.4331916],[-0.0591494,51.4330315],[-0.0594833,51.4328149],[-0.0596731,51.4326958],[-0.060238,51.4324023],[-0.0605083,51.4322983],[-0.0607047,51.4322228]],[[-0.0607047,51.4322228],[-0.0606744,51.4320979],[-0.0606607,51.4320359],[-0.0605893,51.4318953],[-0.0604289,51.4317497],[-0.0601024,51.4314625],[-0.0599831,51.4313468],[-0.0596128,51.4309662]],[[-0.0560194,51.4271011],[-0.0559842,51.4270962],[-0.0559484,51.4270811],[-0.0559277,51.4270664],[-0.055916,51.4270463],[-0.0559138,51.4270175],[-0.055927,51.4269934]],[[-0.0566435,51.4271442],[-0.056369,51.4270716],[-0.0562743,51.4270483],[-0.0561457,51.427034]],[[-0.05808960171535934,51.42327548085351],[-0.0580199,51.4234602],[-0.0578647,51.4237812],[-0.0577805,51.4239552],[-0.0576763,51.4241708],[-0.0575525,51.4244928],[-0.0573926,51.4249047],[-0.0573858,51.4249262],[-0.0573624,51.4249824],[-0.0573073,51.4251149],[-0.0572591,51.4252306],[-0.0572275,51.4253224],[-0.0571442,51.4255644],[-0.0571115,51.4256661],[-0.0571041,51.4256891],[-0.056998,51.4258578],[-0.0569544,51.4259628],[-0.0569297,51.42604],[-0.056901,51.4261183],[-0.0568775,51.4261728],[-0.0568573,51.4262597],[-0.0568502,51.4263028],[-0.056842,51.4263449],[-0.0568388,51.426534],[-0.0568358,51.426596],[-0.0568231,51.4268426],[-0.0568188,51.4268675],[-0.0567902,51.4269368],[-0.0567726,51.4269621],[-0.056676,51.4270919],[-0.0566435,51.4271442]],[[-0.0539683,51.4391335],[-0.0539312,51.4391729],[-0.0538829,51.439208],[-0.0538366,51.4392331],[-0.0537926,51.4392459]],[[-0.0019608,51.4215503],[-0.0018776,51.4214753],[-0.0016352,51.4212613],[-0.0013989,51.4210593],[-0.0009791,51.4206909],[-0.0006063,51.4203663],[-0.0002625,51.4200758],[0.00009059999999999998,51.4197933],[0.00045,51.419506],[0.001379,51.418846],[0.0016593,51.4186486],[0.0018173,51.4185334],[0.0022025,51.4182644],[0.0025619,51.4180353],[0.0035212522497664617,51.417434575022206]],[[-0.0036525,51.4240347],[-0.0036307,51.4240052],[-0.003272,51.423464],[-0.0032293,51.4233996],[-0.0029663,51.4230297],[-0.0022924,51.4220083],[-0.0021861,51.4218552],[-0.0021629,51.4218243],[-0.0021287,51.421775],[-0.0020507,51.4216654],[-0.0019608,51.4215503]],[[-0.0038938,51.4243928],[-0.0038101,51.4242661],[-0.0037887,51.4242351],[-0.0036525,51.4240347]],[[-0.003949,51.4244758],[-0.0038938,51.4243928]],[[-0.0040435,51.4246197],[-0.0039701,51.4245073],[-0.003949,51.4244758]],[[-0.0051085,51.4255407],[-0.0049323,51.4254506],[-0.0046748,51.4252766],[-0.0045121,51.4251444],[-0.0043168,51.4249789],[-0.0041626,51.4247893],[-0.0040435,51.4246197]],[[-0.0052435,51.4256011],[-0.0051085,51.4255407]],[[-0.0054226,51.4256781],[-0.0053764,51.4256582],[-0.0052435,51.4256011]],[[-0.0056894,51.4257749],[-0.0054226,51.4256781]],[[-0.0064921,51.4260807],[-0.0063179,51.4260144],[-0.0056894,51.4257749]],[[-0.0068326,51.4262137],[-0.0064921,51.4260807]],[[-0.0087391,51.4266045],[-0.0077616,51.4265026],[-0.0075615,51.4264731],[-0.007373,51.4264184],[-0.0073331,51.4264042],[-0.007251,51.4263727],[-0.007042,51.4262924],[-0.0068326,51.4262137]],[[-0.00895,51.426627],[-0.0087391,51.4266045]],[[-0.0100545,51.4268802],[-0.0095319,51.4267391],[-0.0092536,51.426676],[-0.00895,51.426627]],[[-0.0103238,51.4269841],[-0.0100545,51.4268802]],[[-0.0106338,51.4271394],[-0.0103238,51.4269841]],[[-0.0107928,51.4272286],[-0.0107501,51.4272055],[-0.0107218,51.4271888],[-0.0106338,51.4271394]],[[-0.0108819,51.4272785],[-0.0107928,51.4272286]],[[-0.0111088,51.4274125],[-0.0109828,51.4273349],[-0.0109501,51.4273166],[-0.0108819,51.4272785]],[[-0.0112144,51.4274802],[-0.0111088,51.4274125]],[[-0.0116634,51.427764],[-0.0114723,51.4276456],[-0.0112144,51.4274802]],[[-0.0116634,51.427764],[-0.0117742,51.4277638],[-0.0121503,51.4279819],[-0.0129149,51.4284417],[-0.0129687,51.4284723],[-0.0130018,51.4284895],[-0.0131463,51.4285492]],[[-0.0131463,51.4285492],[-0.0133934,51.4286833],[-0.0134363,51.4287118],[-0.0134775,51.4287383],[-0.0135473,51.4288332]],[[-0.0175546,51.433199],[-0.0172963,51.4326238],[-0.0172261,51.432505],[-0.0171588,51.4323953],[-0.017086,51.4322974],[-0.017,51.4322013],[-0.0169051,51.4321158],[-0.0168032,51.4320298],[-0.01665,51.4319079],[-0.016461,51.4317634],[-0.0161134,51.4314893],[-0.0156341,51.4311098],[-0.0155242,51.4310235],[-0.015424,51.4309386],[-0.015331,51.4308483],[-0.0152445,51.4307515],[-0.0150948,51.430576],[-0.01501,51.4304775],[-0.014928,51.4303785],[-0.0148593,51.4302786],[-0.0147948,51.4301771],[-0.0147382,51.4300796],[-0.0146656,51.4299507],[-0.014569,51.4297731],[-0.0144796,51.4296183],[-0.0144091,51.4295126],[-0.0143286,51.4294112],[-0.0142466,51.4293244],[-0.0142121,51.429293],[-0.0141535,51.4292395],[-0.0140907,51.4291875],[-0.0140731,51.4291729],[-0.013968,51.4290935],[-0.0138292,51.4290043],[-0.0135473,51.4288332]],[[-0.0176194,51.4334031],[-0.0175546,51.433199]],[[-0.0176775,51.4335991],[-0.0176194,51.4334031]],[[-0.0177341,51.4338573],[-0.0176775,51.4335991]],[[-0.0178485,51.4344599],[-0.0178318,51.4343825],[-0.0177919,51.4341658],[-0.0177341,51.4338573]],[[-0.0178707,51.4345825],[-0.0178485,51.4344599]],[[-0.0179117,51.4348023],[-0.0178897,51.4346727],[-0.0178707,51.4345825]],[[-0.0179434,51.4349912],[-0.0179322,51.4349305],[-0.0179117,51.4348023]],[[-0.017967,51.4351212],[-0.0179581,51.4350643],[-0.0179434,51.4349912]],[[-0.0184246,51.4366463],[-0.0183932,51.4365806],[-0.0182365,51.4362605],[-0.0181907,51.4361649],[-0.0181401,51.4360468],[-0.0181132,51.435971],[-0.0180944,51.4358936],[-0.0180431,51.4356224],[-0.0180035,51.4353393],[-0.017967,51.4351212]],[[-0.0199423,51.4394389],[-0.0196694,51.4391724],[-0.0194578,51.4389443],[-0.0193225,51.4387798],[-0.0192705,51.4387099],[-0.019216,51.4386193],[-0.0191636,51.4385253],[-0.0191173,51.4384213],[-0.0190754,51.4383192],[-0.0190304,51.4381901],[-0.0190013,51.4381063],[-0.0188939,51.4378016],[-0.0187983,51.4375408],[-0.018757,51.4374247],[-0.0186012,51.4370288],[-0.0185622,51.4369296],[-0.0184935,51.4367826],[-0.0184246,51.4366463]],[[-0.0199423,51.4394389],[-0.0200868,51.4395228]],[[-0.0200868,51.4395228],[-0.0202116,51.4396644],[-0.0202886,51.4397593]],[[-0.0202886,51.4397593],[-0.0203742,51.4398606]],[[-0.0203742,51.4398606],[-0.0204054,51.4399086],[-0.0204908,51.440054],[-0.0205435,51.4402036],[-0.0206109,51.4404499],[-0.0206329,51.4406481],[-0.0206403,51.440772],[-0.0206387,51.4409338],[-0.020567,51.4410409]],[[-0.020567,51.4410409],[-0.0205418,51.4413149],[-0.0204936,51.4415933],[-0.0204069,51.4419941],[-0.0203291,51.4423529],[-0.0202953,51.4425262],[-0.020288,51.4426944],[-0.0203017,51.442956],[-0.0203394,51.4431991],[-0.0203513,51.4433823],[-0.0203539,51.4435611],[-0.0203405,51.4437083],[-0.0203057,51.4438495],[-0.0202394,51.4440436]],[[-0.0202394,51.4440436],[-0.0202323,51.4441991]],[[-0.0202323,51.4441991],[-0.0202197,51.4442275],[-0.0201902,51.4442962],[-0.020115,51.4443594]],[[-0.0200513,51.4446309],[-0.0200173,51.4447227],[-0.0200016,51.4447691],[-0.0199473,51.4449288]],[[-0.0199473,51.4449288],[-0.0199601,51.4449951],[-0.0199501,51.4450278],[-0.0199318,51.4450825],[-0.0199038,51.4451735]],[[0.0212452,51.4277783],[0.0212088,51.4276601],[0.0211247,51.4274308],[0.0210778,51.4273051],[0.0210454,51.4272129],[0.0209867,51.4270036],[0.020955886573448025,51.4268214462926]],[[0.0212669,51.4294414],[0.0212964,51.4291569],[0.0212991,51.4290855],[0.0213167,51.4285388],[0.021324,51.4284184],[0.0213333,51.4282631],[0.0213335,51.4281387],[0.0213238,51.4280532],[0.0213011,51.4279467],[0.0212721,51.4278581],[0.0212452,51.4277783]],[[0.0212484,51.430187],[0.0212487,51.4300026],[0.0212527,51.4298802],[0.0212669,51.4294414]],[[0.0212567,51.4305638],[0.0212552,51.4305224],[0.021253,51.430466],[0.0212482,51.4303505],[0.0212484,51.430187]],[[0.0212766,51.430673],[0.0212567,51.4305638]],[[0.0212796,51.4306894],[0.0212766,51.430673]],[[0.0213042,51.4308285],[0.0213014,51.4308086],[0.0212796,51.4306894]],[[0.0213159,51.4310835],[0.0213084,51.430907],[0.0213066,51.4308526],[0.0213042,51.4308285]],[[0.0213197,51.4312061],[0.0213159,51.4310835]],[[0.0213206,51.4314369],[0.0213197,51.431409],[0.0213197,51.4312061]],[[0.0213575,51.4315392],[0.021357,51.4314776],[0.0213206,51.4314369]],[[0.0213575,51.4315392],[0.0214968,51.4315416],[0.0215524,51.4315425],[0.021612,51.4315435],[0.0220428,51.4315497],[0.0222401,51.4315522],[0.0224468,51.4315549],[0.0228155,51.431558],[0.0229653,51.4315603],[0.0233588,51.4315662],[0.0240377,51.4315757],[0.0242946,51.4315804],[0.0248825,51.4315868],[0.0249361,51.4315874],[0.0256396,51.4315979],[0.0259158,51.4316054],[0.0260957,51.4316064],[0.0262622,51.4316095],[0.0266869,51.4316147],[0.026759,51.4316152],[0.0268961,51.431617],[0.0270723,51.4316194],[0.0270897,51.4316197],[0.0271137,51.43162]],[[0.0271137,51.43162],[0.0271518,51.4316205]],[[0.0271518,51.4316205],[0.0272107,51.4316214],[0.027288,51.4316224],[0.0274748,51.4316232],[0.0281212,51.4316101],[0.0281866,51.4316093],[0.0283426,51.4316073],[0.0283674,51.431607],[0.0285697,51.4316044],[0.0288379,51.431601],[0.0289968,51.431599],[0.0291011,51.4315975],[0.0292277,51.4315957],[0.0293021,51.4315946],[0.0293604,51.431594],[0.029507,51.4315913],[0.0296046,51.4315898],[0.0296748,51.4315895],[0.0303153,51.4315775],[0.0307966,51.4315724],[0.0311864,51.4315594],[0.0312422,51.4315585],[0.031472,51.431583]],[[0.0339422,51.4279798],[0.0338119,51.4282963],[0.0334662,51.4292498],[0.0330305,51.4298647],[0.0330032,51.4298997],[0.0328522,51.4300854],[0.0328165,51.4301244],[0.0327556,51.4301913],[0.0327211,51.4302277],[0.0326196,51.430335],[0.0325517,51.4304068],[0.0325426,51.4304164],[0.032511,51.4304499],[0.0325069,51.4304542],[0.0324447,51.43052],[0.0323982,51.4305691],[0.0323022,51.430676],[0.0322756,51.4306986],[0.0322302,51.4307467],[0.0322018,51.4307767],[0.0321873,51.4307921],[0.0321354,51.4308469],[0.0320816,51.4308985],[0.0319795,51.4309936],[0.0318473,51.431118],[0.0317325,51.4312588],[0.031569,51.4314808],[0.031472,51.431583]],[[0.0339422,51.4279798],[0.0339835,51.4279863],[0.034878,51.4281266],[0.0356253,51.4283641],[0.0357355,51.4283977],[0.0361884,51.4285495],[0.0371939,51.4288581],[0.0376722,51.4289559],[0.0378114,51.4289916],[0.03825698849144215,51.429079400353466]],[[-0.07393198918225301,51.42621829330248],[-0.0739104,51.4262214]],[[-0.0739104,51.4262214],[-0.0736748,51.4262069],[-0.0736214,51.4262065],[-0.0735183,51.4262086]],[[-0.0735183,51.4262086],[-0.07297805100229238,51.42624548492066]],[[-0.07120863419733042,51.426256345377126],[-0.0708607,51.4262542]],[[-0.0708607,51.4262542],[-0.0706694,51.4262534]],[[-0.0706694,51.4262534],[-0.0705013,51.4262603],[-0.0703629,51.4262626]],[[-0.0703629,51.4262626],[-0.0703026,51.4261753],[-0.0702827,51.42615],[-0.0702574,51.4261084]],[[-0.0702574,51.4261084],[-0.0699474,51.4260039],[-0.06971942604096458,51.42592747089349]],[[-0.06954181146534673,51.425867924955114],[-0.0694093,51.4258235],[-0.0692716,51.4257718],[-0.0689933,51.4256674],[-0.06888034617907156,51.42562499404629]],[[-0.0426124,51.4767205],[-0.0424759,51.4767469],[-0.0423341,51.4767742],[-0.0422001,51.4768002],[-0.0419832,51.476842],[-0.0417702,51.4768832]],[[-0.0417702,51.4768832],[-0.0415697,51.4769211]],[[-0.0415697,51.4769211],[-0.0412517,51.4763002]],[[-0.0412517,51.4763002],[-0.0411806,51.4761505],[-0.0411323,51.4760358]],[[-0.0411323,51.4760358],[-0.0410295,51.4759299],[-0.0409755,51.4758391],[-0.0409553,51.4757859],[-0.0409466,51.4757483],[-0.0409576,51.4756811],[-0.0410189,51.4756174]],[[-0.0410189,51.4756174],[-0.0408631,51.4755514],[-0.0408144,51.4754595],[-0.0408007,51.4754336],[-0.0407695,51.4753078],[-0.0407206,51.4749698],[-0.0407132,51.4749321],[-0.0407006,51.474828]],[[-0.0407006,51.474828],[-0.0407958,51.4747623]],[[-0.0407958,51.4747623],[-0.0411339,51.4746811]],[[-0.0411339,51.4746811],[-0.0415934,51.4745663],[-0.0416622,51.4745505],[-0.0416947,51.4745431],[-0.0418013,51.474521],[-0.0420593,51.4744979]],[[-0.0422344,51.4744544],[-0.0420593,51.4744979]],[[-0.0425697,51.4743818],[-0.042397,51.474416],[-0.0422344,51.4744544]],[[-0.0430256,51.4743274],[-0.0428357,51.474345],[-0.0425697,51.4743818]],[[-0.0439129,51.4743089],[-0.0435745,51.4743083],[-0.0432555,51.4743145],[-0.0430256,51.4743274]],[[-0.0448034,51.4743155],[-0.044667,51.4743151],[-0.044427,51.4743148],[-0.0442406,51.4743127],[-0.0441138,51.4743112],[-0.0439129,51.4743089]],[[-0.0449877,51.474315],[-0.0448034,51.4743155]],[[-0.0451645,51.4743128],[-0.0449877,51.474315]],[[-0.0451645,51.4743128],[-0.045323,51.4742846],[-0.0455087,51.4742871],[-0.0455819,51.4742886],[-0.0458124,51.4742958]],[[-0.0458124,51.4742958],[-0.0460608,51.4743177],[-0.046152,51.4743205],[-0.0462411,51.4743127],[-0.0463495,51.4742848],[-0.046495,51.4742697]],[[-0.046495,51.4742697],[-0.04655,51.474254]],[[-0.04655,51.474254],[-0.0468477,51.4741722],[-0.0471279,51.4741023],[-0.04726,51.4740726],[-0.0474257,51.4740446],[-0.0476113,51.4740209],[-0.048286,51.4739877],[-0.0486527,51.4739606],[-0.0489616,51.4739268]],[[-0.0489616,51.4739268],[-0.0490357,51.473916],[-0.0492013,51.4738877]],[[-0.0492013,51.4738877],[-0.04926,51.4738757],[-0.0493375,51.4738592]],[[-0.0493375,51.4738592],[-0.0496352,51.4737958],[-0.0502487,51.4736327],[-0.0506282,51.4735186],[-0.0510474,51.4733802]],[[-0.0510474,51.4733802],[-0.0511149,51.4733295],[-0.0513315,51.473255],[-0.0514136,51.4732572]],[[-0.0514136,51.4732572],[-0.0514804,51.4732362],[-0.0515695,51.4732125],[-0.0519177,51.4731242],[-0.0524549,51.4730142],[-0.0525245,51.4730023]],[[-0.0525245,51.4730023],[-0.0527281,51.4729737]],[[-0.0527281,51.4729737],[-0.052767034941337436,51.472970677100825]],[[-0.0091477,51.4623993],[-0.0092967,51.4624165]],[[-0.0091477,51.4623993],[-0.0090201,51.4623764],[-0.0089623,51.4623623],[-0.0086042,51.462264]],[[-0.0086042,51.462264],[-0.0083545,51.4621954]],[[-0.0083545,51.4621954],[-0.0080425,51.462111]],[[-0.0080425,51.462111],[-0.0077362,51.4620265],[-0.0074248,51.4619308],[-0.007181,51.4618463],[-0.0069653,51.4617601],[-0.0067524,51.4616556],[-0.0065347,51.4615451]],[[-0.0065347,51.4615451],[-0.0061036,51.4612954]],[[-0.0061036,51.4612954],[-0.005818,51.461126],[-0.0053116,51.4608007],[-0.005025,51.4606078],[-0.0047131,51.4603487],[-0.0045332,51.4601891],[-0.0037963,51.4595861]],[[-0.0037963,51.4595861],[-0.0033824,51.4592702],[-0.003179,51.4591043]],[[-0.003179,51.4591043],[-0.0029694,51.4589776],[-0.0029253,51.4589508],[-0.00287,51.4589227],[-0.0025912,51.458814],[-0.0024014,51.4587716],[-0.0022874,51.4587505],[-0.0019068,51.4587]],[[-0.0019068,51.4587],[-0.001701,51.4586706],[-0.0014562,51.4586441],[-0.0012849,51.458634],[-0.0009326,51.4586224],[-0.0004772,51.4586081],[-0.0001317,51.4585871],[0.0002025,51.458567],[0.0004844,51.4585606],[0.0009101,51.4585579],[0.0010773,51.4585607],[0.0013356,51.4585688],[0.0015422,51.4585818],[0.0019084,51.4586114],[0.002217,51.4586398],[0.0022952,51.4586447],[0.0023705,51.4586491],[0.0025498,51.4586528],[0.0027499,51.4586481],[0.0030707,51.4586348]],[[0.0030707,51.4586348],[0.003084,51.4586344],[0.0036148,51.458642],[0.0040164,51.4586464],[0.0044432,51.458651],[0.0046674,51.4586568],[0.0047678,51.4586596],[0.0048786,51.458664],[0.0049451,51.4586673],[0.0050092,51.4586706],[0.005137,51.4586751],[0.0053166,51.4586783],[0.0058808,51.4586824]],[[0.0058808,51.4586824],[0.0059799,51.4586816],[0.0060443,51.4586783]],[[0.0060443,51.4586783],[0.0062701,51.4586534],[0.0064981,51.4586221],[0.0067303,51.4585848]],[[0.0067303,51.4585848],[0.0070093,51.4585241]],[[0.0070093,51.4585241],[0.007349,51.4584205]],[[0.007349,51.4584205],[0.0076248,51.4583146],[0.0077901,51.4582362],[0.0079344,51.4581544],[0.0080679,51.4580623],[0.0081599,51.4579834],[0.0082423,51.457903],[0.0083195,51.4578188],[0.0084806,51.4576342]],[[0.0084806,51.4576342],[0.0084971,51.4576156],[0.0086381,51.4574512],[0.0087633,51.4573228],[0.0089066,51.4571893]],[[0.0089066,51.4571893],[0.0090105,51.4571067],[0.0090404,51.457083]],[[0.0090404,51.457083],[0.0092199,51.4569568],[0.0093941,51.4568436]],[[0.0093941,51.4568436],[0.0095967,51.4567211]],[[0.0095967,51.4567211],[0.0097269,51.4566456]],[[0.0097269,51.4566456],[0.0098028,51.4566154],[0.0098968,51.4565893],[0.0099841,51.4565759],[0.0100896,51.456568],[0.01019,51.4565681],[0.0102865,51.4565705]],[[0.0102865,51.4565705],[0.0105034,51.4565808],[0.0108273,51.4566009],[0.0109922,51.4566112]],[[0.0109922,51.4566112],[0.0111281,51.4566564],[0.0111848,51.4566624],[0.0112526,51.4566679],[0.0113055,51.4566721],[0.0113443,51.4566743],[0.0114432,51.4566659]],[[0.0114432,51.4566659],[0.011494930473653733,51.456656926346405]],[[0.0138894,51.4460035],[0.0139086,51.4459739],[0.013918,51.4459469],[0.0139206,51.4459193],[0.0139234,51.445895],[0.0139265,51.4458686],[0.0139388,51.4458066],[0.0139557,51.4457451],[0.013985,51.4456816],[0.0139958,51.4455959]],[[0.0139958,51.4455959],[0.0141389,51.4453141],[0.0143705,51.4448318],[0.014473,51.4446522],[0.0146305,51.4444172],[0.0148103,51.4441585],[0.0149439,51.443939],[0.0150072,51.4438167]],[[0.0150072,51.4438167],[0.0150165,51.4437916],[0.0150217,51.443766],[0.0150269,51.4437243],[0.0150438,51.4436353],[0.0150485,51.4435249]],[[0.0150485,51.4435249],[0.015054,51.4434467],[0.0150577,51.4434233],[0.0150615,51.4433146],[0.0150614,51.4432326],[0.0150529,51.443029],[0.0150575,51.4429212],[0.0150726,51.4428209],[0.0150927,51.4427179],[0.0151316,51.4425415],[0.0151408,51.4424979],[0.0152969,51.4421204],[0.0154288,51.441926],[0.0155087,51.4418083],[0.0156447,51.4416182],[0.0159259,51.4412644],[0.0159418,51.4412443],[0.015968,51.4412103],[0.0160838,51.4410598],[0.016214,51.4408737],[0.016344,51.4406731],[0.0165299,51.4403241],[0.016545,51.4402958],[0.0165667,51.4402552],[0.0166231,51.4401476],[0.0166618,51.4400802],[0.0167121,51.439984],[0.0167321,51.4399438],[0.0167828,51.4398393],[0.0168,51.4398037],[0.0168383,51.4397311],[0.0168603,51.4396857],[0.0168743,51.4396528],[0.0169457,51.4395041],[0.016979,51.4394346],[0.0169971,51.4393984],[0.017035,51.4393226],[0.0170652,51.4392569],[0.0171,51.4391724],[0.0172665,51.4387788],[0.017322,51.4386398],[0.0173483,51.4385768],[0.0173649,51.4385264],[0.0174409,51.4383274],[0.0174666,51.4382615],[0.017484,51.4382169],[0.0175122,51.4381448],[0.0176038,51.4379101],[0.0176306,51.4378607],[0.017656,51.4378179],[0.0176893,51.4377608],[0.0177145,51.4377266],[0.017729,51.4377053],[0.0177455,51.4376825],[0.0177852,51.4376289],[0.0178086,51.4376001],[0.017826,51.4375792],[0.0178641,51.4375335],[0.0178875,51.4375058],[0.0179525,51.4374342],[0.0179804,51.4374052],[0.0180401,51.4373398],[0.0181229,51.4372566],[0.0181986,51.4371797],[0.01822,51.437157],[0.0182611,51.4371167],[0.0183635,51.4370138],[0.0184043,51.4369727],[0.0184451,51.4369316],[0.0186622,51.4367134],[0.0187037,51.4366705],[0.0187265,51.4366475],[0.0188326,51.43654],[0.0188613,51.4365104]],[[0.0188613,51.4365104],[0.0189445,51.436428],[0.018968,51.4364047],[0.0190441,51.4363263],[0.0191066,51.4362626],[0.0191385,51.436231],[0.019194,51.4361757],[0.0192202,51.4361487],[0.0192697,51.4360989],[0.0193522,51.4360137]],[[0.0193522,51.4360137],[0.0194429,51.4359228],[0.0194893,51.4358755],[0.0196118,51.4357687],[0.0196427,51.4357355],[0.019733,51.4356421],[0.0197859,51.4355846],[0.0198187,51.4355491],[0.0199022,51.4354596],[0.0199082,51.4354531],[0.0199417,51.435415],[0.0199998,51.435345],[0.020083,51.4352523],[0.0202889,51.4349951],[0.0203367,51.4349272],[0.0205718,51.4346383],[0.0206569,51.434524],[0.0207215,51.434414],[0.0207608,51.4343246],[0.0207814,51.4342592],[0.0208192,51.4341445],[0.0208315,51.4340975],[0.0208557,51.4340228],[0.0208726,51.4339707],[0.0208849,51.4339255],[0.0209305,51.4338052],[0.020949,51.4337512],[0.0209728,51.4336922],[0.0210002,51.4336287]],[[0.0210002,51.4336287],[0.0210355,51.4335467],[0.0210851,51.4334564],[0.0211747,51.4332826],[0.0212155,51.4331911],[0.021253,51.4330935],[0.0212821,51.4329883],[0.021298,51.4329047],[0.0213027,51.4328258]],[[0.0213027,51.4328258],[0.0213186,51.4327227]],[[0.0213186,51.4327227],[0.0213082,51.4325634]],[[0.0213082,51.4325634],[0.0213065,51.4323756]],[[0.0213065,51.4323756],[0.0213088,51.4323568]],[[0.0213088,51.4323568],[0.0213108,51.4321794]],[[0.0213108,51.4321794],[0.0213156,51.4321759],[0.0213506,51.4321503],[0.0213525,51.4321395],[0.021353,51.4320911],[0.0213136,51.4320663]],[[0.0213136,51.4320663],[0.0213128,51.4318085]],[[0.0213128,51.4318085],[0.0213532,51.4317909],[0.0213531,51.4317545],[0.0213534,51.4317135]],[[0.0213534,51.4317135],[0.0213575,51.4315392]],[[-0.0240464,51.4445003],[-0.0240594,51.4445578],[-0.0240619,51.4445701],[-0.0240975,51.4447238]],[[-0.0240975,51.4447238],[-0.0241373,51.4450322]],[[-0.022713,51.446333],[-0.0228279,51.4459912],[-0.0228516,51.4457732],[-0.0228773,51.4456531],[-0.0229978,51.4453767],[-0.0230429,51.445267],[-0.0230609,51.4451536],[-0.0230544,51.4449974],[-0.0230318,51.4448175],[-0.0230264,51.4447703],[-0.0230242,51.4447528],[-0.0230186,51.444707]],[[-0.0227752,51.4447669],[-0.0225104,51.4447895],[-0.0224291,51.4447996],[-0.0223048,51.4447801]],[[-0.0223048,51.4447801],[-0.0222662,51.4447035],[-0.0222549,51.4446746],[-0.0222547,51.4445922],[-0.022267,51.4445153]],[[-0.022267,51.4445153],[-0.0222731,51.4444107],[-0.022279,51.4443102],[-0.0222799,51.444271],[-0.0223229,51.4437542],[-0.0223301,51.4436283],[-0.0223424,51.4434151],[-0.0223447,51.4433751],[-0.0223624,51.4429365],[-0.0223674,51.442812],[-0.0223756,51.4426101],[-0.0223866,51.4424537],[-0.0223988,51.4422817],[-0.0224435,51.4416492],[-0.0224683,51.4412981],[-0.0225116,51.440838],[-0.0225084,51.4407282],[-0.0224789,51.4406223],[-0.0222871,51.4402856]],[[-0.0222871,51.4402856],[-0.022702,51.4401297],[-0.0230903,51.4399837]],[[-0.0230903,51.4399837],[-0.0231884,51.4399466],[-0.0232615,51.4399015],[-0.023322,51.4398314],[-0.0235417,51.4395769],[-0.0236821,51.4393867],[-0.0237575,51.4392846],[-0.0239033,51.4390846],[-0.0240173,51.4389338],[-0.0243118,51.4386315],[-0.024457,51.438446]],[[-0.024457,51.438446],[-0.0246926,51.4381308],[-0.0247527,51.4380445],[-0.0247952,51.4379741],[-0.0248357,51.4379041],[-0.0248628,51.4378477],[-0.024881,51.4377896],[-0.0248923,51.4377115],[-0.0248945,51.4376372],[-0.0248888,51.4375687],[-0.0248768,51.4374959],[-0.0248617,51.4374225],[-0.0248448,51.4373636]],[[-0.0248448,51.4373636],[-0.0248381,51.4373401],[-0.0248099,51.4372635],[-0.0247603,51.4371296]],[[-0.0247603,51.4371296],[-0.0247478,51.4370958],[-0.0247089,51.4369966],[-0.0246711,51.4369156],[-0.0246242,51.4368304],[-0.0245608,51.4367291],[-0.0245011,51.4366366],[-0.0243089,51.4363473],[-0.0242558,51.4362584],[-0.024216,51.4361855],[-0.0241824,51.4361091],[-0.0241565,51.4360381],[-0.0241366,51.4359699],[-0.0241244,51.4359193]],[[-0.0241244,51.4359193],[-0.0241115,51.4358777],[-0.0240958,51.4358362],[-0.0240802,51.4358032]],[[-0.0240802,51.4358032],[-0.0240494,51.4357565],[-0.0240088,51.435703]],[[-0.0240088,51.435703],[-0.023904,51.4355726],[-0.0236763,51.4353004],[-0.0235353,51.435127],[-0.0230414,51.4345152],[-0.022578,51.4339462],[-0.0224987,51.433844],[-0.0224852,51.4338262],[-0.0224721,51.433805],[-0.0224489,51.4337602],[-0.0224217,51.4337022],[-0.0221658,51.4330283],[-0.0221091,51.4328839]],[[-0.0221091,51.4328839],[-0.0219735,51.4325214],[-0.0218318,51.432156],[-0.0218203,51.4321199]],[[-0.0218203,51.4321199],[-0.021804,51.4320799],[-0.0216785,51.4317349],[-0.0215271,51.4313411],[-0.0212528,51.430623],[-0.0209979,51.4299552],[-0.0209418,51.4298081],[-0.0208087,51.4294595]],[[-0.0208087,51.4294595],[-0.0207705,51.4293594],[-0.0207142,51.4292034]],[[-0.0207142,51.4292034],[-0.020653,51.4290337],[-0.020588,51.4288715],[-0.0205677,51.4288277],[-0.020539,51.4287819],[-0.0202656,51.4283926],[-0.0198981,51.4278697],[-0.0196071,51.4274969],[-0.0192689,51.4269654]],[[-0.0192689,51.4269654],[-0.0192125,51.4268841],[-0.0191561,51.4268029]],[[-0.0191561,51.4268029],[-0.0188083,51.426347]],[[-0.0188083,51.426347],[-0.0187891,51.4263191],[-0.0187525,51.4262662],[-0.0187367,51.4262435]],[[-0.0187367,51.4262435],[-0.0187146,51.4262115],[-0.0186835,51.4261665]],[[-0.0186835,51.4261665],[-0.0185448,51.426196],[-0.0183845,51.4262365],[-0.0183269,51.4262536],[-0.0182361,51.4262842],[-0.0181363,51.4263077],[-0.0180122,51.4263255]],[[-0.0180122,51.4263255],[-0.0175889,51.4264906]],[[-0.0175889,51.4264906],[-0.0173638,51.4265789]],[[-0.0173638,51.4265789],[-0.0172145,51.4266417],[-0.0166318,51.4268868],[-0.016501,51.4269419]],[[-0.016501,51.4269419],[-0.0164279,51.4270255],[-0.0161811,51.4271384],[-0.0160396,51.4271417]],[[-0.0160396,51.4271417],[-0.0158594,51.4272266],[-0.0157989,51.427255]],[[-0.0157989,51.427255],[-0.0157519,51.4273236],[-0.0156497,51.4273682],[-0.0147906,51.4277431],[-0.0139804,51.4280967],[-0.0136459,51.4282454],[-0.0135217,51.4283006],[-0.0134322,51.42835],[-0.0133661,51.4284014],[-0.0133205,51.4284478],[-0.01328,51.428485],[-0.0132526,51.4285135],[-0.0131463,51.4285492]],[[-0.0131463,51.4285492],[-0.0130805,51.428628]],[[-0.0130805,51.428628],[-0.0130744,51.4286962],[-0.0130083,51.428759],[-0.0129672,51.4287948],[-0.0127727,51.4289575],[-0.0125671,51.4290831],[-0.0125073,51.4291108],[-0.0124592,51.429133],[-0.0123175,51.4291855],[-0.0121679,51.4292291],[-0.0118289,51.4292945],[-0.0115403,51.4293533],[-0.0114288,51.4293757],[-0.0112141,51.429419]],[[-0.0112141,51.429419],[-0.011085,51.4294448],[-0.0108123,51.4294983],[-0.0105921,51.4295406],[-0.009759,51.4297045],[-0.009299,51.429795],[-0.0091582,51.4298226],[-0.0085801,51.4299376],[-0.0085146,51.4299507]],[[-0.0085146,51.4299507],[-0.0082301,51.4300046],[-0.0077736,51.4300956],[-0.0073499,51.4301781],[-0.0062214,51.4303978],[-0.0051128,51.4306164],[-0.0043263,51.4307698],[-0.0038675,51.43083],[-0.0037474,51.4308416],[-0.0036429,51.4308533],[-0.0033624,51.4308847]],[[-0.0033587,51.4308139],[-0.0033624,51.4308847]],[[-0.0032865,51.4290478],[-0.0032993,51.4297568],[-0.003302,51.4299087],[-0.0033139,51.4300925],[-0.0033244,51.4302533],[-0.0033567,51.4307716],[-0.0033571,51.4307835],[-0.0033587,51.4308139]],[[-0.0032759,51.4283877],[-0.0032823,51.4288787],[-0.0032865,51.4290478]],[[-0.0032759,51.4283877],[-0.0032113,51.4283885],[-0.0029774,51.4283916],[-0.0025973,51.4284028],[-0.0021628,51.4284236],[-0.0019562,51.4284361],[-0.0013991,51.4285301],[-0.0013351,51.4285421],[-0.0013082,51.4285471]],[[-0.0013082,51.4285471],[-0.0009058,51.4286246]],[[-0.0009058,51.4286246],[-0.0008449,51.4286339],[-0.000479,51.4287025],[-0.0003073,51.428727],[-0.0001612,51.4287478],[0.000056199999999999984,51.4287742],[0.0004068,51.4287844],[0.0006597,51.4287795],[0.0010971,51.4287436],[0.0016149,51.4286709]],[[0.0019481,51.42658],[0.0017409,51.427007],[0.0016927,51.4271062],[0.0015347,51.4274383],[0.001444,51.4276288],[0.0014054,51.4277734],[0.001376,51.4279257],[0.0013787,51.4280199],[0.0013813,51.428108],[0.0014135,51.4282835],[0.0014565,51.4284508],[0.0016149,51.4286709]],[[0.0022448,51.4260093],[0.0022059,51.4260542],[0.0020069,51.4264601],[0.0019481,51.42658]],[[-0.0002672,51.425348],[0.00028570000000000006,51.4254709],[0.0006858,51.4255773],[0.0019756,51.425921],[0.0021537,51.4259731],[0.0022448,51.4260093]],[[-0.0002672,51.425348],[-0.0001231,51.4251388],[-0.000005299999999999993,51.4249722],[0.0000443,51.4249136],[0.0000899,51.4248701],[0.0001582,51.42482],[0.0003621,51.4247129],[0.000527,51.4246586],[0.0006746,51.4246126],[0.0014739,51.4243567],[0.001612,51.4243141],[0.0017461,51.4242714],[0.0024449,51.4240523],[0.0027058,51.4239676],[0.0028719,51.4239137],[0.002981,51.423902]],[[0.002981,51.423902],[0.003073,51.4239068],[0.0031122,51.4239114]],[[0.0031122,51.4239114],[0.0031413,51.4237489]],[[0.003295,51.4237612],[0.0031747,51.4237508],[0.0031413,51.4237489]],[[0.003295,51.4237612],[0.0033554,51.4237579],[0.0034051,51.4237462],[0.0035271,51.4237078],[0.0039134,51.423584],[0.0046899,51.4233404],[0.0050439,51.4232253],[0.0055915,51.4230563],[0.0057842,51.4229903],[0.0059871,51.4229328],[0.0062898,51.422833],[0.0064923,51.4227728],[0.0066304,51.4227377],[0.0069926,51.4226667],[0.0072637,51.4226206],[0.0078308,51.4225184]],[[0.0078308,51.4225184],[0.007846212558286813,51.42251587742822]],[[-0.0319857,51.4255466],[-0.03198391059578869,51.42553827352462]],[[-0.031964,51.4277977],[-0.0319775,51.4277637],[-0.0321382,51.4273606],[-0.0322096,51.4271457],[-0.0322328,51.426978],[-0.0322324,51.4268643],[-0.0319857,51.4255466]],[[-0.0319201,51.4279078],[-0.0319476,51.4278389],[-0.031964,51.4277977]],[[-0.0333794,51.4281649],[-0.0331807,51.428135],[-0.0330068,51.4281085],[-0.0328989,51.4280921],[-0.0328528,51.4280851],[-0.0328065,51.4280746],[-0.0324888,51.4280116],[-0.0321294,51.4279507],[-0.0319201,51.4279078]],[[-0.0333794,51.4281649],[-0.0335431,51.4281381],[-0.0340427,51.4282062],[-0.0341613,51.428211],[-0.0342143,51.4282131],[-0.0344648,51.4282454]],[[-0.0344648,51.4282454],[-0.034758,51.4282833],[-0.0349218,51.4283238],[-0.0355971,51.4283865],[-0.0366162,51.4285027],[-0.0370637,51.4285537]],[[-0.0370637,51.4285537],[-0.0371521,51.4285956],[-0.0371835,51.4286135],[-0.0372265,51.4286349],[-0.0372741,51.4286587],[-0.0373149,51.4286853],[-0.037369,51.4287203],[-0.0374044,51.4287517],[-0.0374368,51.4287793]],[[-0.0374368,51.4287793],[-0.0373168,51.4289668]],[[-0.0373168,51.4289668],[-0.0373335,51.4291058],[-0.0373302,51.4291364],[-0.0373117,51.4291686],[-0.0373255,51.4292561],[-0.0373415,51.4293693],[-0.0373435,51.4293837],[-0.0373592,51.4294993],[-0.0373818,51.4297368]],[[-0.0375512,51.4307205],[-0.0372561,51.4307161],[-0.0371984,51.4307096],[-0.0371776,51.4307072],[-0.0370129,51.4306994],[-0.0368947,51.4306962],[-0.0367345,51.4306949],[-0.0365027,51.4306968],[-0.0363461,51.4307046],[-0.0363139,51.4307069],[-0.0362126,51.4307236]],[[-0.0362126,51.4307236],[-0.0361841,51.4307257],[-0.0361561,51.4307218]],[[-0.0361561,51.4307218],[-0.0360941,51.4307169],[-0.0360358,51.4307137],[-0.0358952,51.4307021],[-0.0357332,51.4306848]],[[-0.0357332,51.4306848],[-0.0355458,51.4306885],[-0.0353294,51.4306962]],[[-0.0353294,51.4306962],[-0.0349284,51.4307033]],[[-0.0349284,51.4307033],[-0.0343636,51.4307239]],[[-0.05429393896778049,51.47868689687784],[-0.0542743,51.4786791]],[[-0.0542743,51.4786791],[-0.0541267,51.4786205]],[[-0.0541267,51.4786205],[-0.0539929,51.4785674]],[[-0.0539929,51.4785674],[-0.0539111,51.4784822]],[[-0.0535732,51.478351],[-0.0539111,51.4784822]],[[-0.0527462,51.4780438],[-0.0530844,51.4781642],[-0.0534921,51.4783208],[-0.0535732,51.478351]],[[-0.0527462,51.4780438],[-0.0526069,51.4780365],[-0.0525468,51.4780134],[-0.0523402,51.4779344],[-0.0523106,51.4778719]],[[-0.0523106,51.4778719],[-0.0520309,51.4777632],[-0.051525,51.4775756],[-0.0514617,51.4775522],[-0.0514248,51.4775384],[-0.0512792,51.4774819],[-0.0511555,51.4774339]],[[-0.0511555,51.4774339],[-0.0509741,51.477365]],[[-0.0509741,51.477365],[-0.0509081,51.4773382],[-0.0502411,51.4770676],[-0.049825,51.4768926],[-0.0495456,51.4767753],[-0.0492727,51.4766642],[-0.0492171,51.4766412],[-0.049167,51.47662],[-0.049107,51.4765946],[-0.0490491,51.4765691],[-0.0488797,51.4764944],[-0.0480335,51.4761132],[-0.0476143,51.4759226],[-0.047362,51.4757807],[-0.0472607,51.4757112],[-0.0472397,51.4756963],[-0.0471803,51.4756466],[-0.0471036,51.4755854]],[[-0.0471036,51.4755854],[-0.0469983,51.475567],[-0.0469457,51.4754975],[-0.0469137,51.4754502],[-0.0468919,51.4754145],[-0.0468427,51.4753339],[-0.0468722,51.4752757]],[[-0.0468722,51.4752757],[-0.0468305,51.4751879],[-0.0465448,51.4747953],[-0.0464969,51.4747346],[-0.0464366,51.4746706],[-0.0463677,51.474612],[-0.0462836,51.4745498]],[[-0.0462836,51.4745498],[-0.0462344,51.4745192],[-0.0461241,51.4744626]],[[-0.0461241,51.4744626],[-0.0460412,51.4744342],[-0.045951,51.4744135],[-0.0457906,51.4743911],[-0.0457807,51.4743898],[-0.04571,51.4743809],[-0.0455946,51.4743716],[-0.0453254,51.4743539]],[[-0.0453254,51.4743539],[-0.0451645,51.4743128]],[[-0.0420593,51.4744979],[-0.04176,51.4746155],[-0.0417112,51.4746336],[-0.0416539,51.4746547],[-0.0414908,51.4747072]],[[-0.0414908,51.4747072],[-0.0413094,51.4747612],[-0.0411729,51.4747915],[-0.0410012,51.4748268]],[[-0.0410012,51.4748268],[-0.040863,51.4748493],[-0.0407006,51.474828]],[[-0.0407006,51.474828],[-0.0405426,51.4748464],[-0.0404792,51.4748577],[-0.0404693,51.4748599]],[[-0.0404693,51.4748599],[-0.0404207,51.4748714],[-0.0398895,51.475003]],[[-0.0398895,51.475003],[-0.0395227,51.4750949],[-0.0394432,51.4751157],[-0.0391391,51.4751924],[-0.0390221,51.475224]],[[-0.0390221,51.475224],[-0.038955,51.4752415]],[[-0.038955,51.4752415],[-0.0384402,51.475376],[-0.0383834,51.4753905],[-0.0383124,51.4754106],[-0.0379853,51.4755028]],[[-0.0379853,51.4755028],[-0.0378123,51.4755517],[-0.0376065,51.4756037],[-0.0374057,51.4756309]],[[-0.0374057,51.4756309],[-0.0373171,51.4756708],[-0.037201,51.475684],[-0.0370694,51.4756898],[-0.036877,51.4756924],[-0.0365169,51.475691],[-0.0364462,51.475693]],[[-0.0364462,51.475693],[-0.0360043,51.4757113]],[[-0.0360043,51.4757113],[-0.0353348,51.4757525],[-0.035082,51.4757698],[-0.034978,51.4757777],[-0.0345468,51.4758063]],[[-0.0345468,51.4758063],[-0.0342705,51.4758236]],[[-0.0342705,51.4758236],[-0.0340814,51.4758356]],[[-0.0340814,51.4758356],[-0.0339753,51.4758424]],[[-0.0339753,51.4758424],[-0.0330944,51.4758978]],[[-0.0330944,51.4758978],[-0.0330367,51.4759267],[-0.0328466,51.4759383]],[[-0.0328466,51.4759383],[-0.032768,51.4759387],[-0.0327352,51.4759376]],[[-0.0327352,51.4759376],[-0.0326337,51.4759318]],[[-0.0326337,51.4759318],[-0.0321087,51.4758938]],[[-0.0321087,51.4758938],[-0.032049,51.4758896]],[[-0.032049,51.4758896],[-0.0319939,51.4758856],[-0.0318724,51.4758768]],[[-0.0318724,51.4758768],[-0.0317534,51.4758674],[-0.0315494,51.475847],[-0.0313257,51.4758203],[-0.0309048,51.4757625]],[[-0.0309048,51.4757625],[-0.0308032,51.4757471]],[[-0.0308032,51.4757471],[-0.0306978,51.4757317]],[[-0.0306978,51.4757317],[-0.0303328,51.4756741],[-0.0302738,51.4756287]],[[-0.0302738,51.4756287],[-0.0296076,51.4755161],[-0.0290887,51.4754176]],[[-0.0290887,51.4754176],[-0.02875,51.475354]],[[-0.02875,51.475354],[-0.0285833,51.4753232],[-0.0284824,51.4753045],[-0.0281304,51.4752477]],[[-0.0281304,51.4752477],[-0.0279695,51.4752222],[-0.0279067,51.4752124],[-0.0278408,51.4752022],[-0.0271611,51.4750988],[-0.0270563,51.4750829],[-0.0264835,51.4749961],[-0.0264113,51.4749855],[-0.0263681,51.4749797],[-0.0262949,51.4749688]],[[-0.0262949,51.4749688],[-0.0260972,51.4749409],[-0.0260714,51.4749369]],[[-0.0260714,51.4749369],[-0.0260304,51.4749308],[-0.0259582,51.4749199]],[[-0.0259582,51.4749199],[-0.0254112,51.4748372],[-0.0251534,51.4747984]],[[-0.0251534,51.4747984],[-0.02503,51.4748173],[-0.0249008,51.4748135]],[[-0.0249008,51.4748135],[-0.024637,51.4748004]],[[-0.024637,51.4748004],[-0.0243792,51.4747655]],[[-0.0243792,51.4747655],[-0.0243079,51.4747551],[-0.0242617,51.4747476]],[[-0.0242617,51.4747476],[-0.024224,51.4747409]],[[-0.024224,51.4747409],[-0.0239828,51.4746964]],[[-0.0239828,51.4746964],[-0.0237969,51.4746617]],[[-0.0237969,51.4746617],[-0.0236508,51.474637]],[[-0.0236508,51.474637],[-0.0235024,51.4746129]],[[-0.0235024,51.4746129],[-0.0231712,51.4745594]],[[-0.0231712,51.4745594],[-0.0229176,51.4745183]],[[-0.0229176,51.4745183],[-0.0228513,51.4745071]],[[-0.0228513,51.4745071],[-0.022827846547567008,51.47450296232561]],[[-0.010866094657514806,51.472495253201906],[-0.0106919,51.4725151],[-0.0105247,51.4725353],[-0.0102666,51.4725675],[-0.0101957,51.4725761],[-0.0089563,51.4727338],[-0.0087206,51.4727479],[-0.0085546,51.4727461],[-0.0083272,51.4727402]],[[-0.0083272,51.4727402],[-0.0081543,51.4727325],[-0.0079234,51.4727114],[-0.007879551896647905,51.47270625397212]],[[-0.0111549,51.4653966],[-0.0111672,51.4653563],[-0.0112128,51.4651983],[-0.0112299,51.4651328]],[[-0.0110083,51.4657876],[-0.0110701,51.4656461],[-0.0110983,51.46557],[-0.0111135,51.465527],[-0.0111261,51.465487],[-0.0111549,51.4653966]],[[-0.010905,51.4659197],[-0.0110083,51.4657876]],[[-0.0113403,51.4667927],[-0.0112611,51.4666431],[-0.011238,51.4666003],[-0.011171,51.4664764],[-0.0110639,51.4662389],[-0.0109927,51.4660671],[-0.010905,51.4659197]],[[-0.0130085,51.4688328],[-0.0129643,51.4687883],[-0.012907,51.4687338],[-0.0128836,51.4687085],[-0.0127121,51.4685388],[-0.0122889,51.4681471],[-0.0119923,51.4678571],[-0.0118328,51.4676823],[-0.0116626,51.4674497],[-0.0114735,51.4670587],[-0.0114514,51.4670129],[-0.0113403,51.4667927]],[[-0.0131343,51.4689849],[-0.0130985,51.4689405],[-0.0130459,51.468875],[-0.0130085,51.4688328]],[[-0.015160563043342028,51.47175366238697],[-0.0151496,51.4717404],[-0.0149674,51.4715403],[-0.0147681,51.4712935],[-0.0146717,51.4711349],[-0.0146244,51.471048],[-0.0145533,51.4709174],[-0.0144361,51.4707101],[-0.0143065,51.4704954],[-0.014153,51.4702417],[-0.0141272,51.470199],[-0.0141033,51.4701648],[-0.0140661,51.4701113],[-0.0140424,51.470076],[-0.0138647,51.4698481],[-0.0137515,51.469703],[-0.013547,51.4694777],[-0.0134928,51.4694113],[-0.0131343,51.4689849]],[[-0.022824787045672833,51.47439804688025],[-0.0229673,51.4744205]],[[-0.0229673,51.4744205],[-0.0231666,51.4744519]],[[-0.0231666,51.4744519],[-0.0233166,51.4744728]],[[-0.0233166,51.4744728],[-0.0234271,51.4744872]],[[-0.0234271,51.4744872],[-0.0238294,51.4745495]],[[-0.0238294,51.4745495],[-0.0238977,51.4745605]],[[-0.0238977,51.4745605],[-0.0240643,51.474589]],[[-0.0240643,51.474589],[-0.0242282,51.474617]],[[-0.0242282,51.474617],[-0.0242533,51.4746213],[-0.0242966,51.4746287]],[[-0.0242966,51.4746287],[-0.0244247,51.4746506]],[[-0.0244247,51.4746506],[-0.0245705,51.4746761]],[[-0.0245705,51.4746761],[-0.0248206,51.4747199]],[[-0.0248206,51.4747199],[-0.0250466,51.4747594],[-0.0251534,51.4747984]],[[-0.0302738,51.4756287],[-0.0303544,51.4756031],[-0.0304883,51.4756241]],[[-0.0304883,51.4756241],[-0.03083,51.4756755]],[[-0.03083,51.4756755],[-0.0312082,51.4757264],[-0.0314639,51.4757566],[-0.0316699,51.4757755],[-0.0318536,51.4757916],[-0.0319966,51.4758027]],[[-0.0319966,51.4758027],[-0.0325395,51.4758418]],[[-0.0325395,51.4758418],[-0.0325808,51.4758444],[-0.0326195,51.4758441],[-0.0326606,51.4758373],[-0.0327009,51.4758245],[-0.0327355,51.4758031],[-0.0327598,51.4757755],[-0.0327907,51.4757163]],[[-0.0327907,51.4757163],[-0.0327878,51.4751997],[-0.0327901,51.4751737],[-0.0328041,51.4751534],[-0.0328304,51.4751368]],[[-0.0328304,51.4751368],[-0.0328773,51.4751247],[-0.0329225,51.4751197],[-0.032995,51.4751151],[-0.0331749,51.4751077],[-0.0334432,51.4750874],[-0.033653,51.4750697]],[[-0.033653,51.4750697],[-0.0338098,51.4750565],[-0.0339377,51.475042],[-0.0340443,51.4750269],[-0.0341417,51.4750071],[-0.0342159,51.4749873],[-0.0343269,51.4749427],[-0.0344194,51.4749043],[-0.0345975,51.4748292]],[[-0.0345975,51.4748292],[-0.0346617,51.4748136],[-0.0348401,51.474785]],[[-0.0348401,51.474785],[-0.0350084,51.4749244]],[[-0.0350084,51.4749244],[-0.0351396,51.4750216],[-0.0352762,51.4751166],[-0.0354152,51.4752058],[-0.0355651,51.4752866],[-0.035773,51.475381],[-0.0359467,51.4754513],[-0.0360806,51.4754973]],[[-0.0360806,51.4754973],[-0.0362694,51.4755412],[-0.0363409,51.475561],[-0.0364669,51.4755909],[-0.0365747,51.4756086]],[[-0.0365747,51.4756086],[-0.0366746,51.4756214],[-0.0367819,51.4756298],[-0.0368955,51.4756305],[-0.0370417,51.4756265],[-0.037177,51.4756205],[-0.0373,51.4756103],[-0.0374057,51.4756309]],[[0.0085751,51.4664813],[0.008552,51.4664401],[0.008531,51.4664203],[0.0085019,51.4664043],[0.0084618,51.4663957],[0.0084188,51.4663977],[0.0082612,51.4664232]],[[0.0082612,51.4664232],[0.0078913,51.4665384],[0.007497,51.4666792],[0.0072213,51.4667801],[0.0071707,51.4667992]],[[0.0071707,51.4667992],[0.0069837,51.4668566]],[[0.0069837,51.4668566],[0.006866,51.4668927],[0.0068015,51.4669222],[0.0067421,51.4669512],[0.0065352,51.4670496],[0.0064811,51.4671158]],[[0.0064152,51.4671482],[0.0064811,51.4671158]],[[0.0062864,51.4672107],[0.0064152,51.4671482]],[[0.0055132,51.4676009],[0.0055764,51.4675621],[0.0059735,51.4673456],[0.0062864,51.4672107]],[[0.0045723,51.4682866],[0.0046625,51.4682224],[0.0052198,51.4678256],[0.0055132,51.4676009]],[[0.0042228,51.4680694],[0.0042561,51.4680957],[0.0042744,51.4681228],[0.0042995,51.4681542],[0.004419,51.4682392],[0.0044635,51.4682649],[0.0045723,51.4682866]],[[-0.0011524,51.4696303],[-0.0010613,51.469598],[-0.0008694,51.4695298],[-0.0007044,51.4694641],[-0.000041600000000000035,51.4691922],[-0.000012999999999999998,51.4691813],[0.0002759,51.4690757],[0.0006434,51.4689414],[0.0008112,51.468883],[0.0010028,51.4688164],[0.001394,51.4686844],[0.0018233,51.468554],[0.0019319,51.4685231],[0.0022366,51.4684369],[0.0024723,51.4683739],[0.0027414,51.4683089],[0.0029943,51.4682506],[0.0032929,51.4681966],[0.0034014,51.4681807],[0.0035249,51.4681686],[0.0036879,51.4681565],[0.0038056,51.4681326],[0.0040617,51.4680764],[0.0041432,51.4680674],[0.0042228,51.4680694]],[[-0.0013985,51.4697135],[-0.0011524,51.4696303]],[[-0.0061937,51.4714488],[-0.0061234,51.4714222],[-0.0060997,51.4714129],[-0.0057896,51.4712854],[-0.0054068,51.4711344],[-0.0053488,51.4711125],[-0.0049615,51.4709725],[-0.0048533,51.470932],[-0.003906,51.4705755],[-0.0034147,51.4703942],[-0.0028395,51.4701922],[-0.0022704,51.4699994],[-0.0017987,51.4698466],[-0.0015963,51.4697816],[-0.0013985,51.4697135]],[[-0.0085368,51.4690289],[-0.0082872,51.4692794],[-0.0082012,51.4693512],[-0.008064,51.4694413],[-0.0078902,51.4695317],[-0.0076992,51.4696223],[-0.0076425,51.4696452],[-0.0075662,51.4696759],[-0.0074659,51.4697252],[-0.007382,51.4697847],[-0.0073549,51.4698102],[-0.0072561,51.4699331],[-0.0071377,51.4701093],[-0.0070034,51.470309],[-0.0066635,51.470767],[-0.0066218,51.4708239],[-0.0063759,51.471178],[-0.006356,51.4712111],[-0.0062362,51.4713943],[-0.0062259,51.4714076],[-0.0061937,51.4714488]],[[-0.0085458,51.4690141],[-0.0085368,51.4690289]],[[-0.008565,51.4689821],[-0.0085458,51.4690141]],[[-0.0086889,51.4685061],[-0.0086403,51.4688127],[-0.0086046,51.4689152],[-0.008565,51.4689821]],[[-0.0090294,51.4678038],[-0.0088104,51.4681817],[-0.0087443,51.4683109],[-0.0087094,51.4684062],[-0.0086889,51.4685061]],[[-0.0091538,51.4676172],[-0.0090294,51.4678038]],[[-0.0106025,51.4660688],[-0.0101529,51.4664819],[-0.0100604,51.4665669],[-0.0099385,51.4666789],[-0.0096761,51.4669279],[-0.0096012,51.4670016],[-0.0095354,51.4670823],[-0.0094631,51.4671793],[-0.0093292,51.467367],[-0.0091538,51.4676172]],[[-0.010905,51.4659197],[-0.0106728,51.4660119],[-0.0106025,51.4660688]],[[-0.0131537,51.4648746],[-0.0130223,51.4647061]],[[-0.0130223,51.4647061],[-0.0129991,51.4646745],[-0.0129718,51.4646393],[-0.0129386,51.4645878],[-0.0129216,51.4645335]],[[-0.0129216,51.4645335],[-0.0128518,51.4645145],[-0.0127986,51.4644903],[-0.0127607,51.464462]],[[-0.0127607,51.464462],[-0.0127261,51.4644176],[-0.0126999,51.464363],[-0.012738,51.4642906]],[[-0.012738,51.4642906],[-0.0127005,51.4641989]],[[-0.0125483,51.4637577],[-0.0125429,51.4636421]],[[-0.0125429,51.4636421],[-0.01253,51.463598]],[[-0.01253,51.463598],[-0.012527,51.4635895],[-0.0125207,51.463564],[-0.0124826,51.4634094]],[[-0.0124826,51.4634094],[-0.0124714,51.4633211],[-0.0124751,51.4632806]],[[-0.0124751,51.4632806],[-0.012557,51.463106],[-0.0127234,51.462964]],[[-0.0127234,51.462964],[-0.0127387,51.4629264],[-0.0128344,51.462728]],[[-0.0128344,51.462728],[-0.0128847,51.4626363]],[[-0.0128847,51.4626363],[-0.0129386,51.4624003],[-0.0129531,51.4623639],[-0.0130526,51.4621455],[-0.0130946,51.4620138],[-0.0131239,51.4618783],[-0.0131298,51.4617415],[-0.013121,51.4616431],[-0.0131113,51.4615168],[-0.0130837,51.4613465],[-0.0130503,51.4611905]],[[-0.0129216,51.4645335],[-0.0129739,51.4644319]],[[-0.0129739,51.4644319],[-0.0130331,51.4644416],[-0.0130765,51.4644482],[-0.0133374,51.4644838],[-0.0134031,51.4644917],[-0.0136393,51.4645132],[-0.0137675,51.4645572]],[[-0.0145167,51.4645403],[-0.0142879,51.4645485],[-0.0142095,51.4645495],[-0.0141161,51.464552],[-0.0139745,51.4645557],[-0.013847,51.4645572],[-0.0137675,51.4645572]],[[-0.0147139,51.4645343],[-0.0145167,51.4645403]],[[-0.0148423,51.4645303],[-0.0147684,51.4645331],[-0.0147139,51.4645343]],[[-0.0150841,51.4645263],[-0.014962,51.4645282],[-0.0148423,51.4645303]],[[-0.0165269,51.4647042],[-0.0164014,51.4646743],[-0.0160705,51.4645999],[-0.0158797,51.4645707],[-0.0156889,51.4645475],[-0.0155104,51.4645315],[-0.0152901,51.4645251],[-0.0150841,51.4645263]],[[-0.016593,51.4647242],[-0.0165269,51.4647042]],[[-0.016593,51.4647242],[-0.0166974,51.4647187],[-0.0167498,51.4647377],[-0.0169063,51.4648006]],[[-0.0169063,51.4648006],[-0.0171247,51.4649248]],[[-0.01729,51.4649998],[-0.0171247,51.4649248]],[[-0.0176104,51.4651368],[-0.01729,51.4649998]],[[-0.0181434,51.4653596],[-0.0179829,51.4652941],[-0.017751,51.4651972],[-0.0176104,51.4651368]],[[-0.018799,51.4656335],[-0.0183144,51.4654311],[-0.0181434,51.4653596]],[[-0.0192639,51.4658292],[-0.018799,51.4656335]],[[-0.0203964,51.4662953],[-0.0200572,51.4661544],[-0.0198933,51.4660864],[-0.0192639,51.4658292]],[[-0.0205056,51.4663361],[-0.0204527,51.4663173],[-0.0203964,51.4662953]],[[-0.0211103,51.466565],[-0.0209563,51.4665059],[-0.0205728,51.4663614],[-0.0205056,51.4663361]],[[-0.021778,51.4668884],[-0.0215764,51.4667831],[-0.0213524,51.4666728],[-0.0212339,51.4666198],[-0.0212092,51.466609],[-0.0211103,51.466565]],[[-0.0218684,51.466942],[-0.021778,51.4668884]],[[-0.0220327,51.4670317],[-0.0218684,51.466942]],[[-0.0229666,51.4675721],[-0.0228392,51.4675074],[-0.0227493,51.4674555],[-0.0221644,51.4671063],[-0.0220327,51.4670317]],[[-0.0231983,51.4676737],[-0.0231213,51.4676412],[-0.0229666,51.4675721]],[[-0.0233236,51.4677212],[-0.0231983,51.4676737]],[[-0.0234782,51.4677822],[-0.0233236,51.4677212]],[[-0.0236176,51.4678287],[-0.0235553,51.467809],[-0.0234782,51.4677822]],[[-0.0247166,51.468138],[-0.024505,51.4680815],[-0.0242693,51.4680139],[-0.0237368,51.4678643],[-0.0236176,51.4678287]],[[-0.0248531,51.4681744],[-0.0247819,51.4681554],[-0.0247166,51.468138]],[[-0.0259047,51.4684837],[-0.0255286,51.4683603],[-0.0250873,51.468237],[-0.0248531,51.4681744]],[[-0.026035,51.468529],[-0.0259647,51.4685053],[-0.0259047,51.4684837]],[[-0.0267557,51.468826],[-0.0265729,51.468743],[-0.026035,51.468529]],[[-0.0276787,51.4694279],[-0.0272956,51.4691251],[-0.0271385,51.4690211],[-0.0269489,51.4689151],[-0.0267557,51.468826]],[[-0.0278353,51.4695546],[-0.0276787,51.4694279]],[[-0.0278955,51.4696047],[-0.0278353,51.4695546]],[[-0.0280513,51.4697288],[-0.0279577,51.4696551],[-0.0279136,51.4696201],[-0.0278955,51.4696047]],[[-0.0282194,51.4698634],[-0.0282001,51.4698471],[-0.028156,51.4698107],[-0.0281034,51.4697696],[-0.0280513,51.4697288]],[[-0.028514,51.4700917],[-0.0282194,51.4698634]],[[-0.0308712,51.4719204],[-0.0306526,51.4717586],[-0.0303434,51.4715243],[-0.0298931,51.4711739],[-0.0298467,51.4711377],[-0.0297115,51.4710301],[-0.0296735,51.4709978],[-0.0296303,51.4709629],[-0.0290791,51.4705338],[-0.028514,51.4700917]],[[-0.0313935,51.4722613],[-0.0312527,51.4721768],[-0.0312048,51.4721465],[-0.0310446,51.4720429],[-0.0308712,51.4719204]],[[-0.0315411,51.4723454],[-0.0314965,51.472323],[-0.0313935,51.4722613]],[[-0.0323463,51.4728253],[-0.0315907,51.4723742],[-0.0315411,51.4723454]],[[-0.0324666,51.4728978],[-0.0323463,51.4728253]],[[-0.0325205,51.4729304],[-0.0325058,51.4729204],[-0.0324666,51.4728978]],[[-0.0325205,51.4729304],[-0.0325895,51.4729487],[-0.0326342,51.472975],[-0.0326851,51.4730195]],[[-0.0326851,51.4730195],[-0.0327512,51.4730812],[-0.0328479,51.4731589],[-0.0331673,51.4734155]],[[-0.0331673,51.4734155],[-0.0338057,51.473946]],[[-0.0338057,51.473946],[-0.0338588,51.4739903]],[[-0.0338588,51.4739903],[-0.0339609,51.4740751]],[[-0.0339609,51.4740751],[-0.034713,51.4746784],[-0.0347426,51.474703],[-0.0348401,51.474785]],[[-0.0468722,51.4752757],[-0.0469507,51.4753114],[-0.047076,51.4754576],[-0.047105,51.4754914],[-0.047133,51.475524],[-0.0471036,51.4755854]],[[-0.0523106,51.4778719],[-0.0524194,51.4778795],[-0.0524769,51.4779009],[-0.0526763,51.4779801]],[[-0.0526763,51.4779801],[-0.0526987,51.4780144],[-0.0527462,51.4780438]],[[-0.0539111,51.4784822],[-0.053965627133279924,51.47848330936831]],[[-0.0514136,51.4732572],[-0.0513719,51.4733015],[-0.0512259,51.4733503]],[[-0.0512259,51.4733503],[-0.051153,51.4733763],[-0.0510474,51.4733802]],[[-0.046495,51.4742697],[-0.0463899,51.4743429]],[[-0.0463899,51.4743429],[-0.046328,51.4743665]],[[-0.046328,51.4743665],[-0.0462716,51.4743899],[-0.0461241,51.4744626]],[[-0.0330944,51.4758978],[-0.0330241,51.4758767],[-0.0329376,51.4758786],[-0.0328995,51.4758714],[-0.0328695,51.475857],[-0.0328442,51.475835],[-0.0328282,51.4758057],[-0.0327907,51.4757163]],[[-0.0328304,51.4751368],[-0.032768,51.4750474]],[[-0.032768,51.4750474],[-0.0327298,51.4749941],[-0.0326205,51.4748418]],[[-0.0326205,51.4748418],[-0.0324303,51.4745767],[-0.0320377,51.4740322],[-0.0318619,51.4737918],[-0.0318365,51.473734],[-0.0318376,51.473669],[-0.0318638,51.4736117],[-0.0319183,51.4735612],[-0.0321101,51.4734138],[-0.0321886,51.4733526]],[[-0.0321886,51.4733526],[-0.0322789,51.4732855]],[[-0.0322789,51.4732855],[-0.0324633,51.4731178],[-0.0325075,51.4730813],[-0.0325345,51.4730336]],[[-0.0325345,51.4730336],[-0.0325333,51.4730026],[-0.0325312,51.4729704],[-0.0325205,51.4729304]],[[-0.0171247,51.4649248],[-0.0168445,51.4648615],[-0.0167883,51.4648396],[-0.0166403,51.464779]],[[-0.0166403,51.464779],[-0.016593,51.4647242]],[[-0.0137675,51.4645572],[-0.0137343,51.4645654],[-0.0136088,51.4645862],[-0.0135091,51.4645881],[-0.0134155,51.464584],[-0.0133606,51.4645793],[-0.0133098,51.4645764]],[[-0.0133098,51.4645764],[-0.0131084,51.4645584],[-0.0130291,51.46455],[-0.0129216,51.4645335]],[[-0.0199038,51.4451735],[-0.0198073,51.4450839],[-0.0198161,51.4450475],[-0.0198475,51.444968],[-0.0199473,51.4449288]],[[-0.020115,51.4443594],[-0.0200732,51.4442707],[-0.0200915,51.4442365],[-0.0201323,51.4441392]],[[-0.0201323,51.4441392],[-0.0202394,51.4440436]],[[-0.020567,51.4410409],[-0.0205186,51.4409292],[-0.0205183,51.4406668],[-0.0205032,51.440498],[-0.0204767,51.4403571],[-0.0204263,51.4402103],[-0.0203522,51.4400762],[-0.0202588,51.4399287],[-0.0201427,51.4397753]],[[-0.0201427,51.4397753],[-0.0199674,51.4395546]],[[-0.0199674,51.4395546],[-0.0199459,51.439531],[-0.0199423,51.4394389]],[[-0.0135473,51.4288332],[-0.0133354,51.428756],[-0.0132812,51.4287239],[-0.0132483,51.4287047],[-0.0130805,51.428628]],[[-0.0130805,51.428628],[-0.0128372,51.4285051],[-0.0128124,51.42849],[-0.0121094,51.4280734],[-0.0116883,51.4278237],[-0.0116634,51.427764]],[[-0.0040435,51.4246197],[-0.0039433,51.4245757],[-0.0039032,51.4245593],[-0.003865,51.4245433],[-0.0038149,51.4245287],[-0.0037581,51.4245129],[-0.0037081,51.4245033],[-0.003647,51.4244939],[-0.0035627,51.4244882],[-0.003443,51.4244861]],[[-0.0033605,51.4245085],[-0.003443,51.4244861]],[[-0.0033605,51.4245085],[-0.002587,51.4247001],[-0.0008698,51.4251889],[-0.0002672,51.425348]],[[0.0022448,51.4260093],[0.002528,51.4260526],[0.002729,51.4260829],[0.0030524,51.4260984],[0.0032969,51.4261013]],[[0.0032969,51.4261013],[0.0040441,51.4260577],[0.0047417,51.4259502]],[[0.0047417,51.4259502],[0.0048966,51.4259156],[0.0050211,51.4258878],[0.0052679,51.4258318],[0.0057761,51.4256779],[0.0061999,51.4255166],[0.0064909,51.4253819],[0.0066733,51.4252799],[0.0070488,51.4250692],[0.0072312,51.4249613],[0.0074646,51.4248451],[0.0077033,51.4247506],[0.0079903,51.4246435],[0.0083175,51.4245499],[0.0087145,51.4244679]],[[0.0087145,51.4244679],[0.0089478,51.4244294],[0.0094437,51.4243353],[0.0100132,51.4242561],[0.0102675,51.424238],[0.0105733,51.4242405],[0.0110748,51.4242864],[0.0113498,51.42433],[0.0116126,51.4243893],[0.0117534,51.424432],[0.0119358,51.4244971],[0.0120712,51.4245507],[0.0122631,51.4246352],[0.0124589,51.4247113],[0.0125742,51.4247715],[0.0127271,51.4248819],[0.0128397,51.4249655],[0.0129765,51.4250943],[0.0131053,51.4252281],[0.0132233,51.4253852],[0.0132742,51.4254739],[0.0133869,51.4256913],[0.0134352,51.4258502],[0.0134647,51.4259924],[0.0134621,51.4261346],[0.0134701,51.42627],[0.0134674,51.4264556],[0.0134781,51.4266229],[0.0134674,51.4268152],[0.0134701,51.4269657],[0.0134781,51.4271112],[0.0134861,51.4272801],[0.0134808,51.4274139]],[[0.0134808,51.4274139],[0.0134996,51.427633]],[[0.0134996,51.427633],[0.0134861,51.4277785],[0.0134942,51.4280728],[0.0134861,51.4282106],[0.0134861,51.4284541]],[[0.0134861,51.4284541],[0.0135324,51.4286861],[0.0135398,51.4287233],[0.0135559,51.4287819],[0.01358,51.4288923],[0.0135904,51.4289363],[0.0136337,51.4290511],[0.0137061,51.4291732],[0.0137973,51.4292869],[0.0139368,51.429424],[0.0140842,51.4295518],[0.0142023,51.4296414],[0.0143445,51.4297401],[0.0144517,51.4298003],[0.0146636,51.4298856],[0.0149104,51.4299859],[0.0153342,51.4301164],[0.0155944,51.4301966],[0.0161067,51.4303555],[0.0164419,51.4304408],[0.0165385,51.4304671],[0.0166543,51.4304898],[0.016684,51.4304951],[0.0169811,51.4305528],[0.0173324,51.430608],[0.0175416,51.4306431],[0.0177479,51.4306617],[0.0178206,51.4306682]],[[0.0178206,51.4306682],[0.0179185,51.4306778],[0.0180164,51.4306875],[0.0183865,51.43071],[0.0184938,51.4307134],[0.0188506,51.4307267],[0.0193503,51.4307232]],[[0.0193503,51.4307232],[0.0195908,51.43072]],[[0.0195908,51.43072],[0.0198151,51.4307231],[0.0200783,51.4307096]],[[-0.0166403,51.464779],[-0.0166096,51.4648175]],[[-0.0166096,51.4648175],[-0.0165873,51.4648466],[-0.0164061,51.4651204],[-0.0163414,51.4652234],[-0.0162431,51.4653797],[-0.0159312,51.4658206]],[[-0.0159312,51.4658206],[-0.0159347,51.4658459],[-0.0159132,51.4658672]],[[-0.0159132,51.4658672],[-0.015891,51.4659214]],[[-0.0180997,51.4669512],[-0.0178866,51.4667053],[-0.017807,51.4666323],[-0.0177386,51.4665855],[-0.0176312,51.4665434],[-0.0173874,51.4664609],[-0.0171708,51.4663738],[-0.0162452,51.4660481],[-0.0160277,51.4659717],[-0.015891,51.4659214]],[[-0.018651,51.4683386],[-0.0185908,51.4682416],[-0.0185423,51.4681324],[-0.018512,51.4680644],[-0.0184075,51.4677759],[-0.0183875,51.4676372],[-0.0184389,51.4673985],[-0.0184342,51.4673342],[-0.018403,51.4672716],[-0.0183407,51.4671981],[-0.0180997,51.4669512]],[[-0.0197662,51.4693705],[-0.019555,51.4692453],[-0.0193958,51.4691441],[-0.0192634,51.4690372],[-0.019123,51.4689072],[-0.0188885,51.4686429],[-0.0188724,51.4686249],[-0.0187565,51.4684803],[-0.018651,51.4683386]],[[-0.021577,51.4706878],[-0.0210442,51.470206],[-0.0209086,51.4700859],[-0.0206664,51.4698916],[-0.0204773,51.4697614],[-0.0201984,51.4695976],[-0.0197662,51.4693705]],[[-0.0241287,51.4744833],[-0.0241351,51.4744698],[-0.0241398,51.4744434],[-0.0241432,51.4743992],[-0.0241614,51.4741581],[-0.0241633,51.4739733],[-0.0241609,51.4739148],[-0.0241433,51.4738342],[-0.024104,51.473714],[-0.0240297,51.4735385],[-0.0239617,51.4733974],[-0.0238807,51.4732618],[-0.0237436,51.4731017],[-0.0234719,51.4728519],[-0.0232448,51.4726874],[-0.0228674,51.4724425],[-0.0228054,51.4723753],[-0.022773,51.472296],[-0.0227534,51.472206],[-0.0227277,51.47209],[-0.0226792,51.4719679],[-0.0225549,51.4717113],[-0.0224567,51.4715326],[-0.0223783,51.4714187],[-0.0222643,51.4713026],[-0.0220803,51.4711334],[-0.0217238,51.4708115],[-0.021577,51.4706878]],[[-0.0240643,51.474589],[-0.0241066,51.4745196],[-0.0241287,51.4744833]],[[-0.0239828,51.4746964],[-0.0240643,51.474589]],[[-0.0239828,51.4746964],[-0.0240039,51.4747483],[-0.0239718,51.4747938],[-0.0239631,51.474807]],[[-0.0239631,51.474807],[-0.0239214,51.4748632],[-0.0239023,51.4748847],[-0.0238026,51.4749195]],[[-0.0236963,51.475063],[-0.0238026,51.4749195]],[[-0.0232047,51.475736],[-0.0232239,51.4757078],[-0.023405,51.475471],[-0.0234837,51.4753684],[-0.0235749,51.475227],[-0.0236963,51.475063]],[[-0.0227969,51.4762922],[-0.022914,51.4761369],[-0.0229413,51.4760995],[-0.0229686,51.4760604],[-0.0230069,51.4760057],[-0.0232047,51.475736]],[[-0.0227969,51.4762922],[-0.02279,51.4763215],[-0.022752,51.4764264],[-0.0227448,51.4764386],[-0.0226828,51.4765457],[-0.022646,51.4766116],[-0.0226019,51.4767088],[-0.022572,51.4767985],[-0.0225625,51.4769493],[-0.0225674,51.477029],[-0.022592,51.4771904],[-0.0225922,51.477191],[-0.0226207,51.4772879]],[[-0.0226207,51.4772879],[-0.0226327,51.4773318],[-0.0226059,51.4773799]],[[-0.0226059,51.4773799],[-0.0226149,51.4774083],[-0.0226235,51.4774354],[-0.0226628,51.4775596],[-0.0226887,51.4776412]],[[-0.0226887,51.4776412],[-0.0227289,51.4777681],[-0.0227732,51.477908],[-0.0227568,51.4779579]],[[-0.0227568,51.4779579],[-0.0227898,51.4780796]],[[-0.0227898,51.4780796],[-0.0228335,51.4782092],[-0.0228835,51.4783583]],[[-0.0228835,51.4783583],[-0.0228953,51.4783979]],[[-0.0228953,51.4783979],[-0.0229344,51.4785506]],[[-0.0229344,51.4785506],[-0.0230012,51.478855],[-0.0230032,51.478919],[-0.0230114,51.479189],[-0.0230118,51.4792041],[-0.0230126,51.479228]],[[-0.0230126,51.479228],[-0.0230144,51.4792728]],[[-0.0230144,51.4792728],[-0.0230161,51.4793755]],[[-0.0230161,51.4793755],[-0.0230176,51.4793951],[-0.0230182,51.479414],[-0.0230218,51.4795348],[-0.0230055,51.4796026]],[[-0.0230055,51.4796026],[-0.0230091,51.479646]],[[-0.0230091,51.479646],[-0.02301148230993983,51.479668197785145]],[[-0.02308417245212302,51.48004065857774],[-0.0230942,51.4800899],[-0.0231039,51.4801549],[-0.02311702109092146,51.48028089611667],[-0.0231195,51.4803047]],[[-0.023132697579466503,51.48038523904141],[-0.0231874,51.4804356],[-0.0231884,51.480455]],[[-0.0231884,51.480455],[-0.0232534,51.4804955],[-0.0232616,51.4806392],[-0.0232648,51.4806625],[-0.0232668,51.4806813],[-0.0232734,51.4806924],[-0.0232823,51.4807014],[-0.0233004,51.4807152],[-0.0233446,51.4807397]],[[-0.0233446,51.4807397],[-0.023427,51.4807513],[-0.0234896,51.4807651],[-0.0235751,51.4807883]],[[-0.0235751,51.4807883],[-0.0241172,51.4809483],[-0.024186648003346314,51.481015317323234]],[[-0.0274084,51.4818022],[-0.0271523,51.4817213],[-0.027085,51.4816995],[-0.0270205,51.4816803],[-0.0266318,51.4815714],[-0.026386043814548288,51.4815140313171]],[[-0.0308251,51.4833423],[-0.0305871,51.4832288],[-0.0300659,51.4829828],[-0.0300129,51.4829562],[-0.0299739,51.4829371],[-0.029755,51.4828292],[-0.0294039,51.4826573],[-0.0293452,51.4826286],[-0.0292108,51.4825628],[-0.0290138,51.4824688],[-0.0280537,51.4820535],[-0.0277796,51.4819378],[-0.0275516,51.4818504],[-0.0274084,51.4818022]],[[-0.0312211,51.4835411],[-0.0310627,51.4834589],[-0.0309098,51.4833846],[-0.0308251,51.4833423]],[[-0.032531,51.4841865],[-0.0322022,51.484022],[-0.0320201,51.483932],[-0.0319967,51.4839208],[-0.0316507,51.4837554],[-0.0315939,51.4837272],[-0.0315425,51.4837026],[-0.0312211,51.4835411]],[[-0.0330746,51.4845132],[-0.0329759,51.4844466],[-0.0328459,51.4843626],[-0.0327143,51.4842864],[-0.032531,51.4841865]],[[-0.0331618,51.4845801],[-0.0331168,51.4845448],[-0.0330746,51.4845132]],[[-0.033289,51.4846868],[-0.0331618,51.4845801]],[[-0.0339364,51.485227],[-0.0334345,51.484808],[-0.033289,51.4846868]],[[-0.0342867,51.4854523],[-0.0341462,51.4853572],[-0.0339364,51.485227]],[[-0.034333,51.4854865],[-0.0342867,51.4854523]],[[-0.03435,51.4854988],[-0.034333,51.4854865]],[[-0.0358538,51.4866054],[-0.0357342,51.4865326],[-0.0356425,51.4864785],[-0.035581,51.4864392],[-0.0355147,51.4863893],[-0.0353932,51.4862938],[-0.0350098,51.4859961],[-0.0349018,51.4859309],[-0.034792,51.4858459],[-0.0347119,51.4857831],[-0.0344685,51.4855931],[-0.03435,51.4854988]],[[-0.0359477,51.4866606],[-0.0359029,51.4866339],[-0.0358538,51.4866054]],[[-0.0361566,51.4867857],[-0.0359477,51.4866606]],[[-0.0377637,51.4876659],[-0.0376248,51.4875682],[-0.0364618,51.4869616],[-0.0361566,51.4867857]],[[-0.0381616,51.4878441],[-0.0381006,51.4878134],[-0.0380491,51.4877877],[-0.0379968,51.4877628],[-0.0378872,51.4877125],[-0.0377637,51.4876659]],[[-0.0393523,51.488436],[-0.0390269,51.488274],[-0.0388655,51.4881931],[-0.038553,51.4880372],[-0.0385242,51.4880225],[-0.0381616,51.4878441]],[[-0.0397715,51.4886453],[-0.0393523,51.488436]],[[-0.0401637,51.4888423],[-0.0400867,51.4888033],[-0.0397715,51.4886453]],[[-0.0404899,51.489011],[-0.040442,51.488986],[-0.0402185,51.48887],[-0.0401637,51.4888423]],[[-0.0415313,51.4895937],[-0.0414228,51.489526],[-0.0413014,51.4894556],[-0.0411689,51.4893844],[-0.041032,51.4893146],[-0.0409307,51.489259],[-0.0407952,51.4891832],[-0.0405893,51.4890647],[-0.0404899,51.489011]],[[-0.0416046,51.4896375],[-0.0415313,51.4895937]],[[-0.0417376,51.4897308],[-0.0416712,51.4896807],[-0.0416046,51.4896375]],[[-0.0418697,51.489824],[-0.0418018,51.4897764],[-0.0417376,51.4897308]],[[-0.0419779,51.4898978],[-0.0418697,51.489824]],[[-0.042145,51.4900047],[-0.0419922,51.489907],[-0.0419779,51.4898978]],[[-0.042145,51.4900047],[-0.0422442,51.4900198],[-0.0422958,51.4900261]],[[-0.0422958,51.4900261],[-0.0423322,51.4900273],[-0.0423856,51.490028]],[[-0.0423856,51.490028],[-0.04246062240388638,51.49001575910727]],[[-0.0425452,51.4900004],[-0.04255427476092848,51.48999954454483],[-0.0426237,51.489993],[-0.0426818872134106,51.48999506287187],[-0.04271185099577224,51.48999612515755],[-0.0427873,51.4899988],[-0.042975,51.4900063],[-0.043256,51.4900205],[-0.0435141,51.4900322],[-0.0436654,51.4900421]],[[-0.0436654,51.4900421],[-0.0437397,51.4900469],[-0.043759164101452516,51.49004814090618]],[[-0.0091477,51.4623993],[-0.0090787,51.4624756]],[[-0.0090787,51.4624756],[-0.009019,51.4625246],[-0.0089794,51.4625531],[-0.008908,51.4625946],[-0.0087228,51.4626772],[-0.0085271,51.4627463],[-0.00834,51.4628022],[-0.0081342,51.4628605],[-0.0080938,51.4628713],[-0.0080038,51.4628955],[-0.0079345,51.4629128],[-0.007575,51.4630023],[-0.0072676,51.4630685],[-0.0069358,51.4631184],[-0.00666,51.4631463],[-0.0063958,51.4631581],[-0.0062286,51.4631547],[-0.0060647,51.4631407],[-0.0057117,51.463079],[-0.00562,51.4630619],[-0.0055581,51.4630497],[-0.0054527,51.4630288],[-0.0053582,51.4630112],[-0.0053015,51.4630006],[-0.0047768,51.4629092],[-0.0044145,51.4628461],[-0.0043473,51.4628344],[-0.0042806,51.4628241],[-0.0042569,51.4628204],[-0.0041622,51.4628057],[-0.0039815,51.4627769],[-0.0037971,51.4627476],[-0.0036708,51.4627278],[-0.0034846,51.4626986],[-0.0029863,51.4626205],[-0.0028264,51.462592],[-0.0027674,51.4625815],[-0.0026356,51.4625579],[-0.0025412,51.4625379],[-0.0025187,51.4625331],[-0.0024381,51.462516],[-0.0022324,51.4624814],[-0.0019987,51.4624567],[-0.0017676,51.4624459],[-0.001645,51.4624484],[-0.0015098,51.4624512],[-0.0012982,51.4624726],[-0.0011043,51.4625068],[-0.0008904,51.4625544],[-0.0006457,51.462631],[-0.000429,51.4627268],[-0.0002064,51.4628424],[-0.000185,51.4628545],[-0.000040999999999999994,51.4629361]],[[-0.000041,51.4629361],[0.0000459,51.4629808],[0.000055,51.4629855],[0.0001007,51.4630086],[0.0001406,51.4630255],[0.0002397,51.4630513],[0.0003424,51.4630711],[0.0004957,51.463099],[0.0007299,51.4631295],[0.0007866,51.4631373],[0.0008957,51.4631509],[0.0011923,51.4631861],[0.0012628,51.4631944],[0.0013598,51.4632058]],[[0.0013598,51.4632058],[0.001474,51.4632197],[0.0016632,51.4632445],[0.001714,51.4632512],[0.0017542,51.4632561],[0.0030753,51.4634186],[0.0031808,51.4634316]],[[0.0031808,51.4634316],[0.0032468,51.4634388],[0.0034078,51.4634543],[0.0041837,51.4635288],[0.0042746,51.4635375],[0.0043775,51.4635463],[0.0048088,51.4635834],[0.0049185,51.4635928],[0.0050677,51.4636054],[0.0051745,51.4636132],[0.005487,51.4636359],[0.0055599,51.4636412],[0.0056761,51.4636516],[0.0057605,51.4636591]],[[0.0057605,51.4636591],[0.0058533,51.4636708],[0.005956,51.4636837],[0.0061818,51.4637186],[0.0063544,51.463749],[0.0064455,51.4637641],[0.0065263,51.4637805],[0.0066277,51.4638018],[0.0067151,51.4638226],[0.0068425,51.4638566],[0.0069891,51.4638972],[0.0070974,51.4639312],[0.0072712,51.4639884],[0.0074183,51.4640411],[0.0075057,51.4640704],[0.0076521,51.4641195],[0.0078637,51.4641929],[0.0080969,51.4642708],[0.0082701,51.4643402],[0.0085684,51.4644712]],[[0.0085684,51.4644712],[0.0088057,51.4645547],[0.0089047,51.4645801],[0.0090289,51.4645938]],[[0.0087836,51.4661828],[0.0085395,51.4662979],[0.0084961,51.466319],[0.0082612,51.4664232]],[[0.0071707,51.4667992],[0.0070283,51.4669086]],[[0.0070283,51.4669086],[0.0069657,51.4669567]],[[0.0069657,51.4669567],[0.0069388,51.4669964],[0.0069256,51.4670324],[0.0069234,51.4670641],[0.0069308,51.4670958],[0.00695,51.467141],[0.0069779,51.467185]],[[0.0069779,51.467185],[0.007041,51.4672424],[0.0071152,51.4673151],[0.0071742,51.4673628]],[[0.0071742,51.4673628],[0.0072607,51.4674131],[0.0076691,51.4676368]],[[0.0076691,51.4676368],[0.0078891,51.4677591],[0.0079921,51.4677971],[0.0080351,51.4678152],[0.0080677,51.4678289],[0.0083862,51.4679631],[0.0086592,51.4680781],[0.0089122,51.4681922],[0.0090314,51.4682459],[0.0092889,51.4683809]],[[0.009475,51.4686445],[0.0095278,51.4687186],[0.0096109,51.4688364],[0.0096643,51.4689126],[0.0097224,51.4690015]],[[0.0097224,51.4690015],[0.0097796,51.4690754],[0.0098423,51.469139],[0.009979,51.469255],[0.0103409,51.4695314]],[[0.0103409,51.4695314],[0.0104895,51.4696482]],[[0.0104895,51.4696482],[0.0107684,51.4698752],[0.0110234,51.4700884],[0.0113185,51.4703351],[0.0113476,51.4703588],[0.0115767,51.4705645],[0.0118708,51.4708292],[0.0122524,51.4711717],[0.0125333,51.471411],[0.0128023,51.4716322],[0.0131415,51.4718964],[0.0133239,51.4720263],[0.0134068,51.4720824],[0.0134936,51.4721411],[0.013766,51.4723101],[0.0138751,51.4723817],[0.0139093,51.4724024],[0.014205,51.4725814],[0.0145262,51.472766],[0.014579,51.4727956],[0.0147491,51.472888],[0.014966052036460276,51.4730067768819]],[[0.015105868336369134,51.473101556210636],[0.0151578,51.4731414]],[[0.0151578,51.4731414],[0.0154135,51.473342]],[[0.0154135,51.473342],[0.0154653,51.4733806],[0.0155057,51.4734093],[0.0155359,51.473431],[0.0157064,51.4735508]],[[0.0157064,51.4735508],[0.015742617321169737,51.47358305850143]],[[-0.0137068,51.4569852],[-0.0135902,51.4569288],[-0.0133051,51.4568164],[-0.0131674,51.4567853],[-0.01291,51.4567372]],[[-0.01291,51.4567372],[-0.012588,51.4566787],[-0.0123941,51.4566432],[-0.0119757,51.4565643],[-0.0117627,51.4565223],[-0.0117138,51.4565579],[-0.0113253,51.4570414],[-0.0112884,51.4570871]],[[-0.0112884,51.4570871],[-0.0104868,51.4567467],[-0.0103485,51.4566866],[-0.0102011,51.4566121],[-0.0100761,51.4565331],[-0.0100545,51.4565172],[-0.0100425,51.4565079],[-0.0099752,51.456453]],[[-0.0098705,51.4559365],[-0.0098833,51.4560886],[-0.0099186,51.4563193],[-0.0099295,51.4563827],[-0.0099752,51.456453]],[[-0.0098705,51.4559365],[-0.0098839,51.4557818],[-0.0098826,51.4556424],[-0.0098531,51.4555312],[-0.0098048,51.4554109],[-0.0097274,51.4552715],[-0.0096841,51.4551961],[-0.0096325,51.4551201]],[[-0.0096325,51.4551201],[-0.0095581,51.4550448],[-0.0094097,51.454936],[-0.0092304,51.4548074],[-0.0090521,51.4546802],[-0.0089462,51.4545954],[-0.0088504,51.4545024],[-0.0087402,51.4543849],[-0.0085666,51.4541702],[-0.0084476,51.4540153],[-0.0083137,51.4538496],[-0.0082303,51.4537366],[-0.0080345,51.4534774],[-0.0079089,51.4533087],[-0.007751,51.4531048],[-0.0076481,51.4529698],[-0.007484,51.4527503]],[[-0.007484,51.4527503],[-0.0073595,51.4525835],[-0.0070834,51.4522477],[-0.0068983,51.452033]],[[-0.0068983,51.452033],[-0.0066646,51.4517616],[-0.0064777,51.4515294],[-0.0063526,51.4513742],[-0.0061439,51.4511],[-0.0060574,51.4509773],[-0.0059575,51.4508543],[-0.0058577,51.4507276]],[[-0.0058577,51.4507276],[-0.0055762,51.450397],[-0.0055233,51.4503506]],[[-0.0055233,51.4503506],[-0.0054924,51.4503252],[-0.005449,51.4503022],[-0.005269,51.4502385],[-0.0044342,51.449986],[-0.0039713,51.4498623],[-0.0039154,51.4498445],[-0.0035606,51.4497314],[-0.0034368,51.4496919],[-0.0034117,51.4496839],[-0.0033248,51.4496539],[-0.0031971,51.4495979],[-0.0029292,51.4494211],[-0.0029082,51.4494056],[-0.002759,51.4492957],[-0.0026036,51.4491888]],[[-0.0026036,51.4491888],[-0.0024374,51.4490887],[-0.0022852,51.4490031],[-0.0022343,51.4489745],[-0.0020978,51.4488886],[-0.0017239,51.4486122],[-0.0016678,51.4485715],[-0.001323,51.4483163],[-0.0012218,51.4482425],[-0.0005324,51.447736],[-0.0002894,51.4475366],[0.00019340000000000004,51.4471772]],[[0.0001934,51.4471772],[-0.0004548,51.4468161],[-0.0011154,51.4464437],[-0.001406,51.4462798],[-0.0018446,51.4460366],[-0.0020693,51.445912],[-0.0021102,51.4458877],[-0.0021525,51.4458602],[-0.0021712,51.445838],[-0.0021843,51.4458102],[-0.0021668,51.4454995],[-0.0021638,51.4451821],[-0.0021623,51.4451486],[-0.0021593,51.4450834],[-0.002156,51.4450225],[-0.0021542,51.444989],[-0.0021491,51.444587],[-0.0021388,51.4441828],[-0.0021326,51.4440442],[-0.0021099,51.4436433],[-0.0021015,51.4434956],[-0.0020831,51.4431409],[-0.0020659,51.4428115],[-0.0020558,51.44267],[-0.0019933,51.4421182]],[[-0.0100945,51.4421959],[-0.0099038,51.4421529],[-0.0097548,51.4421272],[-0.0096953,51.4421189],[-0.0096401,51.4421139],[-0.0095887,51.4421114],[-0.0093283,51.4421107],[-0.0088872,51.4421058],[-0.0082855,51.4421098],[-0.0072797,51.4421069],[-0.0063096,51.4421089],[-0.0055351,51.4421096],[-0.004707,51.4421087],[-0.0037356,51.442112],[-0.0027499,51.442113],[-0.0019933,51.4421182]],[[-0.0175939,51.4437233],[-0.0173418,51.4436757],[-0.0166605,51.443562],[-0.0162689,51.4434993],[-0.015821,51.4434157],[-0.0149882,51.4432301],[-0.0144812,51.4431123],[-0.0144263,51.4431006],[-0.0139394,51.4429994],[-0.0135036,51.4428941],[-0.012892,51.4427762],[-0.0127566,51.4427503],[-0.0122336,51.4426651],[-0.0117655,51.4425689],[-0.0109666,51.4423919],[-0.0102815,51.4422374],[-0.0100945,51.4421959]],[[-0.0175939,51.4437233],[-0.0178146,51.4437592],[-0.0180989,51.4438361],[-0.0182266,51.4438797]],[[-0.0343636,51.4307239],[-0.0342949,51.4307265],[-0.0342649,51.4307276],[-0.0342569,51.4307279],[-0.0340871,51.4307362],[-0.0334839,51.4307567],[-0.0331938,51.4308112],[-0.0331637,51.4308176],[-0.0330564,51.4307916],[-0.0324033,51.4308003]],[[-0.0324033,51.4308003],[-0.0323512,51.4308471],[-0.0322381,51.4308905],[-0.0317621,51.4309696],[-0.031657,51.4309493],[-0.0316227,51.4309269],[-0.0315971,51.4308838],[-0.0316114,51.4308215]],[[-0.0316114,51.4308215],[-0.031692,51.4307785],[-0.0317522,51.430771]],[[-0.0317522,51.430771],[-0.0324033,51.4308003]],[[-0.0357332,51.4306848],[-0.0358673,51.4306698],[-0.0359283,51.4306672],[-0.035984,51.4306606],[-0.0360248,51.4306552]],[[-0.0360248,51.4306552],[-0.0360803,51.4306496]],[[-0.0360803,51.4306496],[-0.0361088,51.4306475]],[[-0.0361088,51.4306475],[-0.0361175,51.4306374],[-0.0361318,51.4306268],[-0.0361566,51.4306195],[-0.036182,51.4306169],[-0.0362101,51.4306189],[-0.0362355,51.4306258],[-0.0362555,51.43064]],[[-0.0362555,51.43064],[-0.0362811,51.430639],[-0.0363524,51.4306375],[-0.0364356,51.4306359]],[[-0.0364356,51.4306359],[-0.0368952,51.4306291]],[[-0.0368952,51.4306291],[-0.0370476,51.4306148],[-0.0371384,51.4305999],[-0.0372068,51.4305838],[-0.037285,51.4305536],[-0.0373286,51.4305291],[-0.0374549,51.4304584],[-0.0375281,51.4303385]],[[-0.0372381,51.4295],[-0.0370928,51.429402],[-0.0369447,51.4293524],[-0.0369011,51.4293439],[-0.0368207,51.429321],[-0.0366964,51.4293075],[-0.0364126,51.4293429],[-0.036204,51.4293581],[-0.0359953,51.4293544],[-0.0359397,51.4293489],[-0.0358047,51.4293356],[-0.0356389,51.4293042],[-0.0354754,51.429258],[-0.035338,51.4292143],[-0.0351948,51.4291592],[-0.0350858,51.429106],[-0.0349846,51.4290482],[-0.0349259,51.4290047],[-0.0348617,51.4289391],[-0.0348235,51.4288909],[-0.0347013,51.4287064],[-0.0346219,51.4285967]],[[-0.0346219,51.4285967],[-0.0345004,51.4284872],[-0.0344037,51.4284301],[-0.0343562,51.4284083],[-0.0343041,51.4283843],[-0.0342731,51.4283745],[-0.0342056,51.4283532],[-0.0341251,51.4283278],[-0.0341027,51.4283221],[-0.0339811,51.4282912],[-0.033826,51.4282688],[-0.0335277,51.4282168],[-0.0333794,51.4281649]],[[-0.0319201,51.4279078],[-0.0317777,51.4279139],[-0.0317456,51.4279152]],[[-0.0317456,51.4279152],[-0.0316474,51.4278922],[-0.0315491,51.4278691]],[[-0.0315491,51.4278691],[-0.0314669,51.4278473]],[[-0.0314669,51.4278473],[-0.0313309,51.4278067],[-0.0311762,51.4277632],[-0.0308945,51.4276907],[-0.0305212,51.4275958],[-0.0299264,51.4274494],[-0.0294612,51.4273357],[-0.0289252,51.4272026],[-0.0287036,51.4271485],[-0.0284524,51.427087],[-0.0282965,51.4270484],[-0.0282232,51.4270303],[-0.0280628,51.4269883],[-0.0278207,51.4269368]],[[-0.0278207,51.4269368],[-0.0277013,51.4269122],[-0.0275982,51.4268965],[-0.0275109,51.4268897]],[[-0.0275109,51.4268897],[-0.0274187,51.4268848],[-0.0273311,51.4268768],[-0.0271874,51.4268426]],[[-0.0271874,51.4268426],[-0.0270669,51.4268534],[-0.0269163,51.4268763],[-0.0268451,51.426889],[-0.0264479,51.4269814]],[[-0.0264479,51.4269814],[-0.026399,51.4270226],[-0.0261616,51.4270915],[-0.0259215,51.4271534],[-0.0256465,51.4272086],[-0.0254701,51.427235],[-0.0254048,51.4272395],[-0.0252171,51.4272471],[-0.0251419,51.4272019]],[[-0.0251419,51.4272019],[-0.0250424,51.4271985]],[[-0.0250424,51.4271985],[-0.0248833,51.427193],[-0.0247227,51.4271732]],[[-0.0247227,51.4271732],[-0.0245807,51.4271617]],[[-0.0245807,51.4271617],[-0.0244639,51.4271714],[-0.0243458,51.427159],[-0.0242791,51.4271435],[-0.0241496,51.4271002],[-0.0236205,51.4269135],[-0.0233056,51.4268092],[-0.0230572,51.4267242],[-0.0226133,51.426577],[-0.0222235,51.4264441],[-0.0220947,51.4264019],[-0.0219378,51.4263459],[-0.0217693,51.4262904],[-0.0215998,51.4262455],[-0.0214154,51.4262039],[-0.0210979,51.4261434],[-0.0209186,51.4261148],[-0.020737,51.4260905],[-0.0205523,51.4260718],[-0.020296,51.4260558],[-0.0200785,51.4260474],[-0.0199035,51.4260463],[-0.0197285,51.4260494],[-0.0195518,51.4260571],[-0.019369,51.4260719],[-0.0191812,51.4260908],[-0.0190282,51.4261093],[-0.0188756,51.4261337],[-0.018807,51.4261447],[-0.0186835,51.4261665]],[[-0.023234564919666675,51.48072646226079],[-0.0232687,51.480729],[-0.0233446,51.4807397]],[[-0.0377637,51.4876659],[-0.0376263,51.4877706],[-0.0375814,51.4878035],[-0.0375416,51.4878381]],[[-0.0375416,51.4878381],[-0.0374993,51.4878737],[-0.0373677,51.4879885],[-0.0372492,51.4880915]],[[-0.0372492,51.4880915],[-0.0372316,51.4881056],[-0.0371331,51.4881737],[-0.0370274,51.48824],[-0.0368382,51.4883445],[-0.036692,51.4884089],[-0.0365138,51.4884752],[-0.0363016,51.4885403],[-0.036112,51.4885871],[-0.0358987,51.4886238],[-0.0356948,51.4886472],[-0.0354943,51.4886617],[-0.0350911,51.4886831],[-0.0346514,51.4887044],[-0.0345268,51.4887105]],[[-0.0346545,51.4897868],[-0.034653,51.4897272],[-0.0346438,51.4896538],[-0.0346393,51.4896159],[-0.0346298,51.4895446],[-0.034579,51.4892069],[-0.0345732,51.4891499],[-0.0345814,51.4890973],[-0.0345606,51.4889525],[-0.0345516,51.4888894],[-0.0345268,51.4887105]],[[-0.0345821,51.4927296],[-0.0345435,51.4926469],[-0.0344799,51.4923536],[-0.0344605,51.4922417],[-0.0344412,51.4921302],[-0.034424,51.492038],[-0.0343728,51.4917732],[-0.0343254,51.4915271],[-0.0342121,51.4909283],[-0.034202,51.4908034],[-0.0342069,51.4907562],[-0.0342543,51.4906223],[-0.0343015,51.4905335],[-0.0343494,51.490458],[-0.0344571,51.4902795],[-0.034568,51.4900733],[-0.0345903,51.4900271],[-0.0346128,51.4899523],[-0.0346443,51.489852],[-0.0346545,51.4897868]],[[-0.040469,51.4927552],[-0.0400098,51.4929021],[-0.039808,51.4929598],[-0.03960000207284486,51.492990803464615]],[[-0.039576811046496796,51.49299031979804],[-0.0393775,51.4929791],[-0.03920515726316561,51.49295391475217],[-0.039177,51.4929498]],[[-0.0390063,51.4929035],[-0.0388517,51.4928398]],[[-0.0372384,51.4922293],[-0.03721982934798564,51.49223126630433],[-0.0371874,51.4922347],[-0.0369878,51.4922697],[-0.0363186,51.492397],[-0.0362357,51.4924148],[-0.0357493,51.4925086],[-0.0357213,51.4925142],[-0.0355948,51.4925405],[-0.0348827,51.4926738],[-0.0346944,51.492709],[-0.0345821,51.4927296]],[[-0.040484595432051,51.49275114188455],[-0.040469,51.4927552]],[[-0.0121789,51.466161],[-0.0121717,51.4661658]],[[-0.0121717,51.4661658],[-0.0121484,51.4661814],[-0.0120203,51.4661768]],[[-0.0120203,51.4661768],[-0.0116751,51.4663934]],[[-0.0118325,51.4666896],[-0.0117399,51.4665109],[-0.0117161,51.4664678],[-0.0116751,51.4663934]],[[-0.0118325,51.4666896],[-0.0115498,51.466748],[-0.0114999,51.4667583],[-0.0113403,51.4667927]],[[-0.0019068,51.4587],[-0.0019269,51.4586387],[-0.0019267,51.4586298],[-0.0019243,51.4585447],[-0.0019123,51.4582488],[-0.0019039,51.4581315],[-0.0018659,51.4576016],[-0.0018356,51.457242],[-0.001828,51.4571313],[-0.0018134,51.4570037],[-0.001776,51.4567929],[-0.0017345,51.4565951],[-0.0016934,51.456421],[-0.0016452,51.4562507],[-0.0015849,51.4560803],[-0.0015009,51.4559072]],[[-0.0014648,51.4558463],[-0.0015009,51.4559072]],[[-0.0014648,51.4558463],[-0.0014169,51.4557707],[-0.0012924,51.4556166],[-0.0011303,51.4554407],[-0.0009664,51.4552764],[-0.0007542,51.4550887],[-0.00047,51.4548913],[-0.0001981,51.4547049],[0.00000849999999999999,51.454572],[0.0001676,51.4544833],[0.000271,51.4544256]],[[0.000271,51.4544256],[0.0005865,51.4542673],[0.0009445,51.4541025]],[[0.000525,51.4537975],[0.0009113,51.4540784],[0.0009445,51.4541025]],[[0.0004414,51.4537387],[0.000525,51.4537975]],[[-0.0005467,51.4530643],[-0.0004981,51.4530979],[-0.0004211,51.4531511],[-0.000143,51.4533433],[0.0001697,51.4535553],[0.0002101,51.4535855],[0.0004414,51.4537387]],[[-0.0009678,51.4527927],[-0.0005682,51.4530504],[-0.0005467,51.4530643]],[[-0.0009678,51.4527927],[-0.0008635,51.4527336],[-0.0007802,51.4526589],[-0.0006396,51.4524832],[-0.0005456,51.4523835],[-0.0003978,51.452318],[0.0003857,51.4519706],[0.0009853,51.451768],[0.0014346,51.4516311],[0.0015806,51.4515866],[0.0016988,51.4515557],[0.001817,51.4515593],[0.001966,51.4515904],[0.0022258,51.4516419]],[[0.0022258,51.4516419],[0.002275,51.4516061],[0.0025656,51.4515303],[0.0031627,51.4514148],[0.0034778,51.4513519],[0.0046975,51.4511083],[0.0048902,51.451081],[0.0050624,51.4510908],[0.0051963,51.4511125],[0.0054045,51.4511546],[0.0055507,51.4511841],[0.0058916,51.4512627]],[[0.0058916,51.4512627],[0.0060118,51.4512796],[0.0061209,51.4512832],[0.0067336,51.4512268],[0.0079939,51.4511229],[0.0090777,51.4510333],[0.0098741,51.4509682],[0.0109696,51.4508759],[0.0117339,51.4508111],[0.0119615,51.4507932],[0.0120115,51.4507891],[0.0123013,51.4507693],[0.0123413,51.4507668],[0.0124847,51.4507605]],[[0.0147691,51.4462482],[0.0148369,51.4461851],[0.0148438,51.4461786]],[[0.0148438,51.4461786],[0.0148993,51.4461062],[0.0149551,51.4460106]],[[0.0149551,51.4460106],[0.0151282,51.4458657],[0.0153259,51.4456811],[0.01564,51.445365]],[[0.01564,51.445365],[0.0157716,51.445413],[0.0158503,51.4454417],[0.0160512,51.4455176],[0.0165981,51.4457283],[0.0169308,51.4458708],[0.017215,51.4460061],[0.0172542,51.4460275],[0.0175002,51.4461637],[0.0181172,51.4464867],[0.0181901,51.4465168],[0.018277,51.4465395],[0.0186653,51.4466191],[0.0190409,51.4467017],[0.0201731,51.4469508],[0.0205011,51.447023]],[[0.0205011,51.447023],[0.0204973,51.4469594],[0.0205353,51.4453066],[0.0205486,51.445047],[0.0205539,51.4447874],[0.0205579,51.4444633],[0.0205732,51.4443523],[0.0206079,51.4442691]],[[0.0206079,51.4442691],[0.02063978256885533,51.44421737436185]],[[0.024491650631723715,51.44187327613835],[0.0244853,51.4418425],[0.0244825,51.4418262],[0.0244821,51.4418182],[0.024461,51.4414287],[0.0244596,51.4414036],[0.0244514,51.4412516],[0.0244505,51.4412351],[0.0244436,51.4410848],[0.0244363,51.4409245],[0.0244351,51.4408989],[0.0244278,51.4407388],[0.0244203,51.4405739],[0.0244159,51.4404783],[0.0244145,51.4404477],[0.024413,51.4404256],[0.0243949,51.4400732],[0.0243894,51.4400263]],[[0.0242893,51.4400248],[0.0243894,51.4400263]],[[0.0226279,51.4374037],[0.0226443,51.4374244],[0.022782,51.4376861],[0.0228432,51.437796],[0.023257,51.4385105],[0.0232664,51.4385276],[0.0233491,51.4386787],[0.0234574,51.4388766],[0.0236239,51.4391707],[0.0237046,51.4393325],[0.0240775,51.4397657],[0.02408,51.4397687],[0.0242212,51.4399384],[0.0242697,51.4400013],[0.0242893,51.4400248]],[[0.0226279,51.4374037],[0.0226067,51.4373488],[0.0225235,51.4372839],[0.0225053,51.4372747],[0.0224726,51.437262],[0.0224452,51.4372558],[0.0224197,51.4372498],[0.0223735,51.4372407]],[[0.0223735,51.4372407],[0.0227307,51.4366205],[0.0228151,51.4364799],[0.0228635,51.4363993],[0.0229779,51.4362228]],[[0.0211219,51.4361566],[0.0212871,51.4361639],[0.0215162,51.4361688],[0.0216613,51.436169],[0.0217742,51.4361703],[0.0218536,51.4361716],[0.0219038,51.436173],[0.0220053,51.4361743],[0.0222137,51.4361777],[0.0223843,51.43618],[0.0224791,51.4361816],[0.0225488,51.4361839],[0.0227126,51.436194],[0.0228107,51.436201],[0.0228698,51.4362091],[0.0228979,51.4362129],[0.0229779,51.4362228]],[[0.0193522,51.4360137],[0.0194323,51.4360266],[0.0194751,51.4360335],[0.0196132,51.4360497],[0.0198907,51.4360822],[0.0201705,51.4361058],[0.0202092,51.4361079],[0.0211219,51.4361566]],[[-0.0145253,51.4564179],[-0.0146991,51.456481],[-0.0148678,51.4565403]],[[-0.0160681,51.4567502],[-0.0159075,51.4567638],[-0.0158173,51.4567701],[-0.0157338,51.456764],[-0.0156854,51.4567539],[-0.0156215,51.4567334],[-0.015538,51.4566995],[-0.0153678,51.4566206],[-0.0152676,51.4565864],[-0.0151822,51.4565652],[-0.0150653,51.4565515],[-0.0150337,51.4565497],[-0.0148678,51.4565403]],[[-0.0173137,51.4566114],[-0.0168733,51.4566588],[-0.0161836,51.4567381],[-0.0160681,51.4567502]],[[-0.0178497,51.4565675],[-0.0176872,51.4565783],[-0.0175487,51.4565901],[-0.0173137,51.4566114]],[[-0.0182041,51.4565502],[-0.0181145,51.4565517],[-0.0179213,51.4565634],[-0.0178497,51.4565675]],[[-0.0185888,51.4565712],[-0.0182041,51.4565502]],[[-0.0191831,51.4566034],[-0.0189289,51.4565903],[-0.0185888,51.4565712]],[[-0.019797,51.4566175],[-0.019718,51.4566238],[-0.0196405,51.456628],[-0.0194833,51.456619],[-0.0191831,51.4566034]],[[-0.0207157,51.4565295],[-0.0201778,51.4565815],[-0.0201019,51.4565888],[-0.0200164,51.4565968],[-0.019797,51.4566175]],[[-0.0215495,51.4564967],[-0.0212916,51.4565004],[-0.0210666,51.4565052],[-0.0208892,51.4565161],[-0.0207157,51.4565295]],[[-0.0222784,51.4564995],[-0.0219054,51.4564938],[-0.0215945,51.4564965],[-0.0215495,51.4564967]],[[-0.0299641,51.4532672],[-0.0298731,51.4532729],[-0.0296511,51.4533137],[-0.0293905,51.4533615],[-0.0291376,51.4534072],[-0.0286485,51.453497],[-0.0283727,51.4535473],[-0.02764,51.4536812],[-0.0271325,51.4537757],[-0.0266253,51.4538693],[-0.0258912,51.4540024],[-0.0257338,51.4540295],[-0.0256315,51.4540651],[-0.0255481,51.4541209],[-0.0250142,51.4544943],[-0.0246904,51.4547182],[-0.0242896,51.4549954],[-0.0237983,51.4553431],[-0.0234246,51.4555957],[-0.0224988,51.4562348],[-0.0223233,51.4563549],[-0.0223006,51.456393],[-0.0222847,51.4564325],[-0.022282,51.4564652],[-0.0222784,51.4564995]],[[-0.0305154,51.452479],[-0.0304703,51.4525338],[-0.0303275,51.4526968],[-0.030292,51.4527468],[-0.0300135,51.453177],[-0.0299956,51.4532047],[-0.0299641,51.4532672]],[[-0.0305154,51.452479],[-0.030465,51.4524559],[-0.0304511,51.4524504],[-0.0303931,51.4524196],[-0.0303365,51.4523834],[-0.0301602,51.452237],[-0.0300946,51.4521763],[-0.0300622,51.4521351],[-0.0300441,51.4520868],[-0.0300103,51.451664],[-0.0299923,51.451405],[-0.0299805,51.4512769],[-0.0299619,51.4510309],[-0.0299323,51.4506223]],[[-0.0299323,51.4506223],[-0.0299292,51.4505584],[-0.0298908,51.4500542],[-0.0298727,51.4498504],[-0.0298375,51.4493675],[-0.0298284,51.4492393],[-0.0298047,51.4489344],[-0.0297844,51.4487883]],[[-0.0294854,51.4478523],[-0.0295074,51.4479237],[-0.02966,51.4483954],[-0.0297256,51.4486078],[-0.0297726,51.4487585],[-0.0297844,51.4487883]],[[-0.0293608,51.4474595],[-0.0293712,51.4475054],[-0.0294854,51.4478523]],[[-0.0265161,51.4442244],[-0.0265843,51.4442545],[-0.0266703,51.444292],[-0.0268575,51.4443775],[-0.0270221,51.4444548],[-0.0271862,51.4445387],[-0.0274262,51.4446653],[-0.0278443,51.4448875],[-0.0279795,51.4449637],[-0.0280975,51.4450331],[-0.0282262,51.4451192],[-0.0283094,51.4451819],[-0.0284053,51.4452667],[-0.0284535,51.4453131],[-0.0285581,51.4454488],[-0.0286137,51.445546],[-0.0286817,51.445693],[-0.0288596,51.4460773],[-0.0290174,51.446451],[-0.0290863,51.4466391],[-0.029172,51.4468462],[-0.0293608,51.4474595]],[[-0.0262325,51.4440876],[-0.0263681,51.4441466],[-0.026402,51.4441616],[-0.0264243,51.4441773],[-0.0264819,51.4442081],[-0.0265161,51.4442244]],[[-0.0262325,51.4440876],[-0.0261786,51.4440956],[-0.026093,51.4440726],[-0.0260554,51.4440625],[-0.0259991,51.4440545]],[[-0.0259991,51.4440545],[-0.025976,51.4440522],[-0.0259454,51.4440463],[-0.0259289,51.4440433],[-0.0258465,51.4440296]],[[-0.0193742,51.4460924],[-0.0193141,51.4461083],[-0.0192552,51.4461147]],[[-0.0192552,51.4461147],[-0.0190342,51.4461076]],[[-0.0190342,51.4461076],[-0.0181506,51.4459928],[-0.0180765,51.4459838],[-0.0179212,51.4459647]],[[-0.0179212,51.4459647],[-0.0175241,51.4459117]],[[-0.0175241,51.4459117],[-0.0173876,51.445858],[-0.0173368,51.445835]],[[-0.0173368,51.445835],[-0.0172931,51.4457923]],[[-0.0179209,51.443952],[-0.0178964,51.4438579],[-0.017836,51.4438081],[-0.0175939,51.4437233]],[[-0.0019933,51.4421182],[-0.0010536,51.442138],[-0.0008443,51.4421444],[0.000006600000000000052,51.4421676],[0.00029,51.4421748],[0.0005164,51.442177],[0.001285,51.4421898],[0.00144,51.4421939],[0.0020436,51.4422075],[0.0025789,51.4422175],[0.0032337,51.4422388],[0.0037368,51.4422456],[0.0038201,51.4422576]],[[0.0038201,51.4422576],[0.0038617,51.4421363],[0.0039133,51.4420057],[0.0039811,51.4418649],[0.0040528,51.4417418],[0.004143,51.4416039],[0.0043371,51.4413278],[0.0045423,51.4410465],[0.0047425,51.440779],[0.0049054,51.440549],[0.0049909,51.4404295],[0.0050992,51.4402516],[0.0051666,51.440122],[0.0052206,51.4399909],[0.0052702,51.4398593],[0.0053124,51.4397328],[0.0053517,51.4396011],[0.0053705,51.439524],[0.0053919,51.4394296],[0.0054167,51.4392845],[0.0054368,51.4391704],[0.0054623,51.4390642],[0.0055113,51.4389108],[0.0055374,51.4388348],[0.0055924,51.4386759],[0.005642,51.4385041],[0.0057386,51.438079],[0.0057627,51.4379658],[0.0057828,51.4378933],[0.0058046,51.4378318],[0.0058278,51.4377745],[0.0058714,51.4377077],[0.0059513,51.4376195],[0.0061704,51.4374261],[0.0063334,51.437269],[0.006586,51.436985],[0.0066943,51.4368578],[0.0068819,51.436665],[0.0069496,51.4366135],[0.0070305,51.436564],[0.0071869,51.436492],[0.0073038,51.4364397],[0.0074265,51.4363728],[0.0074958,51.4363264],[0.007579,51.4362624],[0.0076552,51.4361989],[0.0077337,51.4361224],[0.0078849,51.4359579],[0.0080175,51.4358123],[0.0083256,51.4354377],[0.0083504,51.4354101],[0.0086202,51.4351127],[0.0087501,51.4349727],[0.0088799,51.4348275],[0.0089207,51.4347795],[0.008955,51.4347364],[0.0089951,51.4346797],[0.0090889,51.4345655]],[[0.0090889,51.4345655],[0.0092397,51.4343195],[0.0094034,51.4340478],[0.0094247,51.4340143]],[[0.0094247,51.4340143],[0.0095362,51.4338395]],[[0.0095362,51.4338395],[0.0096168,51.433767],[0.0096361,51.4337313],[0.0097683,51.4333969],[0.0097453,51.4333647]],[[0.0097453,51.4333647],[0.0097815,51.4332789]],[[0.0097815,51.4332789],[0.0098585,51.4330858],[0.0099691,51.4327734],[0.0101118,51.4324654],[0.0101477,51.4323862],[0.0101562,51.4323647],[0.0102179,51.4322075],[0.010305,51.4320018],[0.0103922,51.4317869],[0.0104633,51.4316573],[0.0105384,51.4315461],[0.0106363,51.4314132],[0.01093,51.431088],[0.0110349,51.4309656],[0.0111982,51.4307752],[0.0112639,51.4306941],[0.0113806,51.4305753],[0.011671,51.4302422]],[[0.011671,51.4302422],[0.0120389,51.4298206],[0.0121396,51.4297053],[0.0123441,51.4294709],[0.012593,51.4291857],[0.0128364,51.4288875],[0.0130519,51.4286387],[0.0131777,51.4284934],[0.0133102,51.4284601],[0.0134861,51.4284541]],[[0.0200783,51.4307096],[0.0204052,51.4307006]],[[0.0204052,51.4307006],[0.0204457,51.4306991]],[[0.0204457,51.4306991],[0.0207022,51.4306882],[0.0208022,51.4306856],[0.0209021,51.430683],[0.0209976,51.4306804],[0.0210622,51.4306789]],[[0.0210622,51.4306789],[0.0212766,51.430673]],[[0.0213206,51.4314369],[0.0212651,51.4314798],[0.021267,51.4315831]],[[0.021267,51.4315831],[0.0212675,51.4316338],[0.0212695,51.4316706],[0.0212702,51.4317125],[0.02127,51.4317486],[0.0213128,51.4318085]],[[0.0213136,51.4320663],[0.0212763,51.432101]],[[0.0212763,51.432101],[0.0212801,51.4321476],[0.0213108,51.4321794]],[[0.0230418,51.4360623],[0.0230207,51.4361161],[0.0229779,51.4362228]],[[0.0232714,51.4356674],[0.0232441,51.4356777],[0.0232199,51.4356908],[0.0232002,51.4357072],[0.023172,51.4357583],[0.0231575,51.4357942],[0.0231096,51.4358982],[0.0230615,51.4360128],[0.0230418,51.4360623]],[[0.0232714,51.4356674],[0.0233114,51.4356582],[0.0233522,51.435657],[0.0233821,51.4356578],[0.0234346,51.435659],[0.0234788,51.4356611],[0.0236683,51.4356683],[0.0238774,51.4356795],[0.0242759,51.4356952],[0.0243577,51.435699],[0.0244349,51.435699],[0.0245581,51.4356858],[0.0246435,51.4356699],[0.0247151,51.435653],[0.0247828,51.4356335],[0.0248736,51.4356037],[0.0249367,51.4355795],[0.0251216,51.435493],[0.0252151,51.4354432],[0.0253017,51.4353964],[0.0253751,51.4353495],[0.0254484,51.4352986],[0.0255432,51.4352245],[0.0256256,51.4351533],[0.0256491,51.4351316],[0.0258085,51.4349984],[0.0260448,51.434793],[0.0263481,51.4345363],[0.0266614,51.4343214],[0.026993,51.4341178],[0.0271616,51.4340167]],[[0.0271616,51.4340167],[0.0272383,51.4339716],[0.0273784,51.433902],[0.0275501,51.433828],[0.0276147,51.4338027],[0.0278802,51.4337098],[0.0279353,51.433688],[0.0280237,51.433653]],[[0.0280237,51.433653],[0.0286834,51.4333256],[0.028738,51.4332993],[0.0289537,51.4331955],[0.0290239,51.433161],[0.0291091,51.4331191],[0.0291869,51.4330809],[0.0292656,51.4330421],[0.0293768,51.4329874],[0.0299544,51.4327033],[0.0301462,51.4326089],[0.030203,51.4325804],[0.0302621,51.4325507],[0.0303286,51.4325173],[0.0303558,51.4325037],[0.0304122,51.4324756],[0.0304965,51.4324335],[0.0305932,51.4323831],[0.0306014,51.4323794],[0.0306729,51.4323422],[0.0307698,51.4322917],[0.0308388,51.4322558],[0.0308434,51.4322528],[0.0308996,51.4322161],[0.0309468,51.4321804],[0.0310014,51.432139],[0.0310288,51.4321142],[0.0311699,51.4319372],[0.0312022,51.4318958],[0.0312918,51.4317851],[0.0313207,51.4317476],[0.0313401,51.4317251],[0.031472,51.431583]],[[0.0340952,51.4267041],[0.034179,51.4269502],[0.0342473,51.4271895],[0.034287,51.4273382],[0.0339422,51.4279798]],[[0.0340952,51.4267041],[0.0341633,51.4266814],[0.0341968,51.4266701],[0.0342263,51.4266534],[0.0343088,51.4265643],[0.0343443,51.4265133],[0.0343866,51.4264443],[0.0344087,51.4263762],[0.0344027,51.4263084],[0.0343899,51.4262591],[0.0343718,51.4262211],[0.0343437,51.4261772],[0.0343048,51.4261291],[0.0342619,51.4260919],[0.0342263,51.4260634],[0.0341881,51.4260471],[0.0341465,51.4260379],[0.0341036,51.4260342]],[[0.0341036,51.4260342],[0.0340842,51.4262101],[0.0340466,51.4265036]],[[-0.019797,51.4566175],[-0.0198018,51.4566558],[-0.0198071,51.4566982],[-0.0198111,51.4567936]],[[-0.0198111,51.4567936],[-0.0198255,51.4570019],[-0.019841,51.4570835],[-0.019867,51.4571494],[-0.0199034,51.4572178]],[[-0.0199034,51.4572178],[-0.0199659,51.4573203],[-0.0201986,51.4576543],[-0.0204226,51.4579896],[-0.0205031,51.458114],[-0.0206481,51.4583304],[-0.020858,51.4586494],[-0.0209832,51.4588375]],[[-0.0209832,51.4588375],[-0.0210606,51.4589579],[-0.0212843,51.4592984],[-0.0213937,51.4594649],[-0.0217383,51.459983],[-0.0218246,51.4601162],[-0.0218504,51.4601713]],[[-0.0218504,51.4601713],[-0.0218568,51.4602234],[-0.0218511,51.4602696],[-0.0218231,51.4603489],[-0.0217714,51.4604299],[-0.0216858,51.4605025],[-0.0215739,51.4605732],[-0.0214264,51.4606636]],[[-0.0214264,51.4606636],[-0.0212334,51.4607846],[-0.0211676,51.4608397],[-0.0211321,51.4608978],[-0.0211247,51.4609607],[-0.0211643,51.4611663],[-0.0212119,51.4613619]],[[-0.0212119,51.4613619],[-0.0213069,51.4618205],[-0.0213536,51.462081],[-0.0214485,51.4625849],[-0.0214603,51.462654],[-0.0215,51.4628617],[-0.021494,51.4629548]],[[-0.0226753,51.4629804],[-0.0221629,51.4629705],[-0.021494,51.4629548]],[[-0.0239274,51.4624762],[-0.023924,51.4625147],[-0.0238598,51.4629583],[-0.0238341,51.4629936],[-0.0237701,51.4630103],[-0.0234579,51.4630018],[-0.023181,51.4629948],[-0.0226753,51.4629804]],[[-0.0248198,51.4623218],[-0.0240818,51.4624504],[-0.0239274,51.4624762]],[[-0.029039,51.4619053],[-0.0289739,51.4618946],[-0.0289166,51.4618949],[-0.0287748,51.4618958],[-0.0283904,51.4619353],[-0.028069,51.4619937],[-0.0278932,51.4620417],[-0.0276186,51.4621356],[-0.0274527,51.4622119],[-0.0273105,51.4622774],[-0.0269573,51.4624255],[-0.02682,51.4624714],[-0.0266509,51.462509],[-0.0264764,51.4625282],[-0.0262139,51.4625248],[-0.0259576,51.4624994],[-0.0257579,51.4624585],[-0.0256029,51.4624036],[-0.025417,51.4623469],[-0.0252221,51.4623108],[-0.0250397,51.4622968],[-0.0249225,51.4623037],[-0.0248198,51.4623218]],[[-0.029039,51.4619053],[-0.0289805,51.462035],[-0.0289712,51.4620555],[-0.0285637,51.4626286],[-0.0283587,51.4629081]],[[-0.0321042,51.4639539],[-0.0314899,51.4637827],[-0.0311218,51.463689],[-0.0304328,51.4635021],[-0.0298799,51.4633553],[-0.0297819,51.4633293],[-0.029692,51.4633029],[-0.0294307,51.4632263],[-0.0287705,51.4630282],[-0.0283587,51.4629081]],[[-0.032132,51.4639128],[-0.0321042,51.4639539]],[[-0.0360962,51.4636788],[-0.0360187,51.4636888],[-0.0354784,51.4637207],[-0.0352755,51.4637305],[-0.0341175,51.4637975],[-0.0332085,51.4638498],[-0.0328569,51.4638718],[-0.032132,51.4639128]],[[-0.0360962,51.4636788],[-0.0362414,51.464038],[-0.0363385,51.4642685],[-0.0364027,51.4644376]],[[-0.0364027,51.4644376],[-0.0364801,51.4646648]],[[-0.0364801,51.4646648],[-0.0365197,51.4647587],[-0.0365672,51.4648813]],[[-0.0365672,51.4648813],[-0.0365769,51.4649238],[-0.0365834,51.464986],[-0.0365724,51.4650236],[-0.0365547,51.4650581]],[[-0.0365547,51.4650581],[-0.0364456,51.4652165]],[[-0.0364456,51.4652165],[-0.0363818,51.4652979],[-0.0362763,51.4654608],[-0.0362729,51.4654812],[-0.0362629,51.4655407]],[[-0.0373083,51.4653939],[-0.0371541,51.4654037],[-0.0370633,51.4654213],[-0.0365158,51.4655405],[-0.0363765,51.4655597],[-0.0362629,51.4655407]],[[-0.0376261,51.4653979],[-0.0373083,51.4653939]],[[-0.0380013,51.4654296],[-0.0377952,51.4654074],[-0.0376261,51.4653979]],[[-0.0384212,51.4659736],[-0.0383895,51.4659472],[-0.0383623,51.4659033],[-0.0383369,51.4657922],[-0.038322,51.4656974],[-0.0383115,51.4656307],[-0.038257,51.4655434],[-0.0381618,51.4654757],[-0.0380013,51.4654296]],[[-0.0395823,51.4660072],[-0.0388794,51.466009],[-0.0385204,51.466008],[-0.0384594,51.4659917],[-0.0384212,51.4659736]],[[-0.0395823,51.4660072],[-0.039589,51.466051],[-0.0396222,51.4662668],[-0.0397197,51.4669002],[-0.0398095,51.4674841],[-0.0398848,51.4679527],[-0.0399364,51.4682741],[-0.0399731,51.4685024]],[[-0.0399731,51.4685024],[-0.0399895,51.4685419],[-0.0399992,51.4685786],[-0.0400051,51.4686153]],[[-0.043713,51.4682444],[-0.0436077,51.4682504],[-0.0435687,51.4682579],[-0.0434083,51.4682886],[-0.043383,51.4682935],[-0.0423051,51.4684813],[-0.0415027,51.4685443],[-0.0409873,51.46857],[-0.0400051,51.4686153]],[[-0.043713,51.4682444],[-0.0437168,51.4682135],[-0.0437405,51.4681804],[-0.0437593,51.4681664],[-0.0437819,51.4681548],[-0.0438113,51.4681451],[-0.0438433,51.4681393],[-0.0438754,51.4681379],[-0.0439073,51.4681405]],[[-0.0439073,51.4681405],[-0.0439108,51.4681053],[-0.0439126,51.4680778]],[[-0.0439126,51.4680778],[-0.0438629,51.4677327],[-0.0438078,51.4674407],[-0.0437771,51.4672782],[-0.0437066,51.4669668],[-0.0436724,51.4666566],[-0.0436963,51.4663123]],[[-0.0436963,51.4663123],[-0.0436999,51.4662683],[-0.0437021,51.466226]],[[-0.0437021,51.466226],[-0.0437093,51.4660899],[-0.0437158,51.4660272]],[[-0.0438441,51.4654694],[-0.0437656,51.4657453],[-0.0437158,51.4660272]],[[-0.043926,51.4651895],[-0.0438441,51.4654694]],[[-0.0439424,51.4646875],[-0.0439475,51.464729],[-0.0439509,51.4647563],[-0.0439748,51.4649499],[-0.0439576,51.4650709],[-0.043926,51.4651895]],[[-0.0439424,51.4646875],[-0.0439369,51.4646441],[-0.0438993,51.4643461],[-0.0438835,51.4642211],[-0.0438296,51.4636803],[-0.0437333,51.4629771],[-0.0437293,51.4629319],[-0.0436964,51.4626088],[-0.0436495,51.4622739],[-0.043608,51.4618]],[[-0.043608,51.4618],[-0.0435929,51.4615566],[-0.0435884,51.4614826]],[[-0.0435884,51.4614826],[-0.0435401,51.4609186]],[[-0.0435401,51.4609186],[-0.0435386,51.4606514],[-0.0435377,51.4605012],[-0.0435359,51.460187],[-0.0434897,51.4597426]],[[-0.0434897,51.4597426],[-0.0434901,51.4597209],[-0.0434985,51.4592969],[-0.0434117,51.4591876]],[[-0.0434117,51.4591876],[-0.0434985,51.459067],[-0.0435826,51.4588762],[-0.0436903,51.4586423],[-0.0437219,51.4585813],[-0.0437493,51.4585283],[-0.0439293,51.4581806],[-0.0442013,51.4576552],[-0.0444789,51.4571192],[-0.0446758,51.4567773]],[[-0.0446758,51.4567773],[-0.0447361,51.4566653],[-0.04475359667238875,51.456632815369275]],[[-0.046146422997668544,51.45697325134137],[-0.0459644,51.4569061],[-0.04585593670237706,51.456874346106964]],[[-0.0411339,51.4746811],[-0.0411224,51.4746462],[-0.0411105,51.4746132],[-0.0410278,51.4743792],[-0.0409914,51.4742641]],[[-0.0449364,51.4716584],[-0.0450366,51.4719718],[-0.0450854,51.472121],[-0.0451871,51.4724143],[-0.0453993,51.4730186],[-0.0454528,51.4731735],[-0.0454876,51.4732712],[-0.0456707,51.4737849],[-0.0456781,51.4738034],[-0.045721,51.473939],[-0.045802,51.4741595],[-0.0458046,51.4741737],[-0.04581,51.4742179],[-0.0458124,51.4742958]],[[-0.0449364,51.4716584],[-0.0449196,51.4716014]],[[-0.0439673,51.4683146],[-0.0439891,51.4683443],[-0.0440109,51.4683772],[-0.0440339,51.4684121],[-0.0441483,51.4688436],[-0.0441501,51.4688502],[-0.0443453,51.4695865],[-0.0443462,51.4695899],[-0.0444994,51.4702075],[-0.0445801,51.4704823],[-0.0448348,51.4713001],[-0.0449196,51.4716014]],[[-0.0439673,51.4683146],[-0.0439411,51.4683248],[-0.0439122,51.4683316],[-0.0438763,51.468335],[-0.04384,51.4683332],[-0.0438053,51.4683262],[-0.0437723,51.4683136],[-0.0437419,51.4682937]],[[-0.0437419,51.4682937],[-0.0437224,51.4682708],[-0.043713,51.4682444]],[[-0.0408522,51.4482374],[-0.040966,51.4481492],[-0.0412479,51.447875],[-0.0413006,51.4478256],[-0.0413667,51.4477617]],[[-0.0413667,51.4477617],[-0.0414522,51.4477376],[-0.0415273,51.4477376],[-0.0415679,51.4477709]],[[-0.0415679,51.4477709],[-0.041535,51.447857],[-0.041506,51.4479484],[-0.0414529,51.4480318]],[[-0.0414529,51.4480318],[-0.0413538,51.4482401],[-0.0413127,51.4483407],[-0.0411889,51.448628],[-0.0411239,51.4487651]],[[-0.0448674,51.4495762],[-0.0447438,51.4495549],[-0.0439606,51.4493914],[-0.0431976,51.4492308],[-0.0430322,51.4491966],[-0.0421034,51.4489932],[-0.0412991,51.4488059],[-0.0411239,51.4487651]],[[-0.0448674,51.4495762],[-0.0450959,51.4495621],[-0.0452183,51.4495746]],[[-0.0452183,51.4495746],[-0.0455633,51.4496279]],[[-0.0455633,51.4496279],[-0.0460672,51.449716]],[[-0.0460672,51.449716],[-0.0463807,51.4497869],[-0.0466993,51.4498956]],[[-0.0518713,51.449209],[-0.0514564,51.4493427],[-0.05123089534667445,51.44942027860006]],[[-0.04949943791531762,51.449973431222496],[-0.0494193,51.4499969],[-0.0493887,51.4500036],[-0.0491884,51.4500477],[-0.04890121261292771,51.450110949026566]],[[-0.04885007299788735,51.45011278123953],[-0.048722737159414005,51.450112115257106],[-0.0487007,51.450112]],[[-0.04816939308508129,51.45009173054127],[-0.0480580403713307,51.45008394202043]],[[-0.04796433392149683,51.45007429751924],[-0.04793033701278705,51.45006948014351],[-0.0479086,51.4500664]],[[-0.047069385129085796,51.4499478546767],[-0.0468969,51.4499235],[-0.0466993,51.4498956]],[[-0.0537163839664015,51.44871241989122],[-0.0536924,51.4487168],[-0.0534178,51.4487467],[-0.0531281,51.4487783],[-0.0529733,51.4488386],[-0.0526331,51.4489714],[-0.0520209,51.4491618],[-0.0518713,51.449209]],[[-0.056010490201374025,51.44969634876236],[-0.0560347,51.4497],[-0.0562627,51.4497896]],[[-0.0562627,51.4497896],[-0.056350677080886716,51.44982890472713]],[[-0.051292757314912375,51.467383490772264],[-0.0512877,51.4673795],[-0.0512588,51.4673509],[-0.0512515,51.4673242],[-0.05125335521254757,51.46731483559381]],[[-0.0425773,51.4422416],[-0.0425706,51.4422954],[-0.0425456,51.4423945],[-0.0424659,51.4427099]],[[-0.0424659,51.4427099],[-0.042448,51.4428136],[-0.0424416,51.4429162],[-0.0424573,51.4430217],[-0.0425267,51.4433143],[-0.0425855,51.4436063],[-0.0426123,51.4437938]],[[-0.0426123,51.4437938],[-0.0426314,51.4440171]],[[-0.0426314,51.4440171],[-0.0426446,51.4442771],[-0.0426559,51.4445706],[-0.0426565,51.444885],[-0.0426371,51.4452407],[-0.0426349,51.4453624],[-0.0426268,51.4454737],[-0.0426036,51.4458903],[-0.0425986,51.4459794]],[[-0.0425986,51.4459794],[-0.0425841,51.4462902],[-0.0425675,51.446442],[-0.0425254,51.4465553]],[[-0.0425254,51.4465553],[-0.0424674,51.4466317],[-0.0424015,51.4467081],[-0.0422357,51.4468849]],[[-0.0422357,51.4468849],[-0.0420336,51.4471117]],[[-0.0420336,51.4471117],[-0.0416644,51.4474441]],[[-0.0416644,51.4474441],[-0.0416506,51.4475026],[-0.0416035,51.4476808],[-0.0415999,51.4476945],[-0.0415679,51.4477709]],[[-0.0411239,51.4487651],[-0.0410537,51.4488987],[-0.0408519,51.4492824],[-0.0405782,51.4497604],[-0.0403049,51.4502381],[-0.0400422,51.4507276],[-0.0397762,51.4512044],[-0.0395026,51.4516909],[-0.0394825,51.4517251],[-0.0393252,51.4519932],[-0.039267,51.4520925],[-0.0392404,51.4521379],[-0.0392151,51.452181]],[[-0.0392151,51.452181],[-0.0390674,51.4524423],[-0.0389659,51.4525658],[-0.0387393,51.4528392]],[[-0.0387393,51.4528392],[-0.0386719,51.4529224],[-0.038619,51.4529831],[-0.0385972,51.453008],[-0.0385701,51.4530388],[-0.0385475,51.4530638]],[[-0.0385475,51.4530638],[-0.0384725,51.4531566]],[[-0.0384725,51.4531566],[-0.0384046,51.4532343],[-0.0381794,51.4534817],[-0.038022,51.4536961]],[[-0.038022,51.4536961],[-0.0380318,51.4537577],[-0.0379625,51.4538398]],[[-0.0379625,51.4538398],[-0.0378973,51.4539126],[-0.0377797,51.4539808]],[[-0.0377797,51.4539808],[-0.0378154,51.4540809],[-0.0377672,51.4541491],[-0.037672,51.4542161]],[[-0.037672,51.4542161],[-0.0375965,51.4543181],[-0.0372636,51.4547648]],[[-0.0372636,51.4547648],[-0.0372268,51.4548141]],[[-0.0372268,51.4548141],[-0.0371805,51.4548745]],[[-0.0371805,51.4548745],[-0.0371621,51.4548984],[-0.0370966,51.4549835],[-0.0370496,51.4550518]],[[-0.0370496,51.4550518],[-0.0370169,51.4550993],[-0.036901,51.4552525]],[[-0.036901,51.4552525],[-0.036708,51.455514]],[[-0.036708,51.455514],[-0.0366262,51.4556304],[-0.0365597,51.4557177],[-0.0362421,51.4561554],[-0.0362031,51.4562073]],[[-0.0362031,51.4562073],[-0.0361376,51.4562896],[-0.0361117,51.4563222],[-0.0360811,51.4563605],[-0.0360774,51.4563652]],[[-0.0360774,51.4563652],[-0.0360337,51.4564165],[-0.03573,51.4567732]],[[-0.03573,51.4567732],[-0.0354272,51.4571288]],[[-0.0339348,51.4589777],[-0.0340043,51.4585571],[-0.0340235,51.4584699],[-0.0340989,51.4583319],[-0.0341794,51.458217],[-0.0342781,51.4581093],[-0.0345788,51.4578183],[-0.0354272,51.4571288]],[[-0.0339348,51.4589777],[-0.0338971,51.4592776],[-0.0338931,51.4594453],[-0.0339025,51.4596118],[-0.0339848,51.4600089],[-0.0340634,51.4602493],[-0.0341668,51.4604699],[-0.034422,51.4607512]],[[-0.034422,51.4607512],[-0.0346657,51.4609676],[-0.034916,51.4611728]],[[-0.034916,51.4611728],[-0.0350762,51.4613527],[-0.0351713,51.4615286],[-0.0352326,51.4616584],[-0.0353671,51.4620207],[-0.0355301,51.4623818],[-0.035792,51.463035],[-0.0360228,51.4635339],[-0.0360962,51.4636788]],[[-0.0362629,51.4655407],[-0.0362342,51.4656283],[-0.0361712,51.4656541],[-0.0360868,51.4656545]],[[-0.0360868,51.4656545],[-0.0360857,51.4657302],[-0.0360851,51.4657375],[-0.0360799,51.4657993],[-0.0360322,51.4659082],[-0.0359378,51.4661234],[-0.0358381,51.4664275],[-0.0357887,51.4666766],[-0.0357588,51.4669005],[-0.0357242,51.4672945],[-0.0357363,51.4675208],[-0.0357652,51.4676452],[-0.0357927,51.4677304],[-0.0359168,51.4680182],[-0.0359963,51.4682385],[-0.0360425,51.4684202],[-0.0360677,51.4685545],[-0.036075,51.4686385],[-0.0360698,51.4687164],[-0.0360422,51.468845]],[[-0.0360422,51.468845],[-0.0359921,51.4689709],[-0.0358943,51.4692667]],[[-0.0358943,51.4692667],[-0.0358011,51.4695845],[-0.0356639,51.4700165],[-0.0356147,51.4702857],[-0.0356086,51.4703262],[-0.0355317,51.4707065],[-0.0354417,51.4711012],[-0.0353985,51.4712072],[-0.0353235,51.4713035],[-0.0350047,51.4715798],[-0.0346638,51.4718443],[-0.0341634,51.4721876],[-0.0340484,51.4722533],[-0.0336809,51.4724729],[-0.033305,51.4726861],[-0.0332439,51.4727199],[-0.0329951,51.4728448]],[[-0.0329951,51.4728448],[-0.0328845,51.4729004],[-0.0328142,51.4729372],[-0.0327509,51.4729687],[-0.0326851,51.4730195]],[[-0.0107928,51.4272286],[-0.0109081,51.4271537],[-0.0111151,51.42712]],[[-0.0113856,51.4269604],[-0.0111151,51.42712]],[[-0.0139958,51.4245038],[-0.0139104,51.4245754],[-0.0138914,51.4245913],[-0.0138455,51.4246301],[-0.0138085,51.4246613],[-0.0137522,51.4247088],[-0.0137446,51.4247152],[-0.0137178,51.4247378],[-0.0136928,51.4247585],[-0.0136163,51.4248216],[-0.0135795,51.4248524],[-0.0135487,51.4248778],[-0.0135067,51.4249153],[-0.0134468,51.4249684],[-0.0133473,51.4250566],[-0.0133204,51.4250804],[-0.0133026,51.4250962],[-0.0132249,51.4251652],[-0.0131802,51.4252049],[-0.0131225,51.425256],[-0.0130417,51.4253277],[-0.0129878,51.4253755],[-0.0129542,51.4254053],[-0.0129014,51.4254521],[-0.0127959,51.4255457],[-0.0127073,51.4256283],[-0.0126587,51.4256801],[-0.0126259,51.4257148],[-0.012599,51.4257432],[-0.012548,51.4258],[-0.0124358,51.4259248],[-0.0124037,51.4259606],[-0.012395,51.4259702],[-0.0123171,51.4260641],[-0.0122433,51.4261529],[-0.0121354,51.4262838],[-0.0121028,51.4263221],[-0.012038,51.4263943],[-0.0116783,51.4267776],[-0.011495,51.4269029],[-0.0113856,51.4269604]],[[-0.0147894,51.4238571],[-0.0146044,51.4240014],[-0.0145279,51.4240635],[-0.0144863,51.4240972],[-0.0142738,51.4242715],[-0.0142078,51.4243256],[-0.0140881,51.4244238],[-0.0139958,51.4245038]],[[-0.0148453,51.4238157],[-0.0147894,51.4238571]],[[-0.014996,51.4237039],[-0.0148453,51.4238157]],[[-0.0151387,51.4235887],[-0.0151144,51.4236091],[-0.014996,51.4237039]],[[-0.0156224,51.4233377],[-0.015419,51.4234321],[-0.0153251,51.4234803],[-0.0151614,51.4235717],[-0.0151387,51.4235887]],[[-0.0158686,51.4232349],[-0.0157023,51.4233028],[-0.015679,51.4233114],[-0.0156224,51.4233377]],[[-0.0159347,51.4232068],[-0.0158686,51.4232349]],[[-0.0160065,51.4231779],[-0.0159347,51.4232068]],[[-0.020987603791039346,51.420950715529244],[-0.0208312,51.4210395],[-0.0201726,51.4213553],[-0.0197169,51.4215734],[-0.0188071,51.4219825],[-0.0185941,51.4220783],[-0.0184541,51.4221413],[-0.0184159,51.422157],[-0.0182388,51.4222297],[-0.0174874,51.4225514],[-0.0173337,51.4226172],[-0.0172116,51.4226695],[-0.0163613,51.4230378],[-0.0160065,51.4231779]],[[-0.0703629,51.4262626],[-0.0701557,51.4262747],[-0.0700936,51.4262782],[-0.0695135,51.4263158]],[[-0.0695135,51.4263158],[-0.0684469,51.4264142],[-0.0682398,51.4264333],[-0.0674683,51.4265047],[-0.067039,51.4265448]],[[-0.067039,51.4265448],[-0.0668336,51.4265596],[-0.0667687,51.4265679],[-0.0664624,51.426599],[-0.0659527,51.4266596],[-0.0657273,51.4267001],[-0.0656147,51.4267239],[-0.065171,51.4268159],[-0.0649319,51.4268827],[-0.064756,51.4269325],[-0.0646347,51.4269612],[-0.0639189,51.4271812],[-0.0634427,51.4273251],[-0.0632301,51.4274034],[-0.0629763,51.4275007],[-0.0627671,51.4275856],[-0.0625525,51.4276759],[-0.0622994,51.4277818],[-0.0620242,51.4278918],[-0.0617919,51.4279729],[-0.0615717,51.4280453],[-0.0613989,51.4280889],[-0.0613065,51.4281067],[-0.0612716,51.4281151],[-0.0611724,51.4281251],[-0.0610302,51.4281385],[-0.0609149,51.4281502],[-0.0608307,51.4281505],[-0.0607353,51.4281517],[-0.0606113,51.4281506],[-0.0604968,51.4281453],[-0.060466,51.4281441],[-0.0603704,51.4281335],[-0.0602205,51.4281129],[-0.0600539,51.428085],[-0.0598876,51.4280532],[-0.0596933,51.428012],[-0.0595343,51.4279793],[-0.0592135,51.4279067],[-0.0586717,51.4277578],[-0.0585755,51.4277305]],[[-0.0585755,51.4277305],[-0.0582867,51.4276437],[-0.0576849,51.4274589],[-0.0572702,51.4273291],[-0.0570635,51.4272663]],[[-0.0570635,51.4272663],[-0.0566435,51.4271442]],[[-0.0539629,51.4388499],[-0.0539969,51.4388965],[-0.0540062,51.4389343],[-0.0540113,51.4389711]],[[-0.0540113,51.4389711],[-0.0540146,51.4389974],[-0.0540186,51.4390383]],[[-0.0540186,51.4390383],[-0.0539683,51.4391335]],[[-0.0339348,51.4589777],[-0.0332742,51.459004],[-0.0330845,51.4590128],[-0.0322319,51.4590465],[-0.0321051,51.4590519],[-0.0318301,51.4590608],[-0.0317324,51.4590649],[-0.0311972,51.4590829],[-0.0309135,51.4590937],[-0.0307849,51.4590992],[-0.0305938,51.4591061],[-0.0303087,51.4591171],[-0.0299148,51.4591326],[-0.0297203,51.459132],[-0.0295441,51.4591218],[-0.0293856,51.4591031],[-0.0292121,51.4590698],[-0.0290342,51.4590221],[-0.0288659,51.4589628],[-0.0283249,51.4587586],[-0.0275804,51.4584879],[-0.0271789,51.4583363],[-0.0271269,51.4583165],[-0.0270715,51.4582948],[-0.0268825,51.4582118],[-0.0267852,51.4581643],[-0.0260705,51.4578327],[-0.0257108,51.4576617],[-0.0252903,51.4574545]],[[-0.0252903,51.4574545],[-0.0249992,51.4573029],[-0.0247104,51.4571686],[-0.0244652,51.457094],[-0.0242581,51.4570606],[-0.0241297,51.4570495],[-0.0238106,51.4570305],[-0.0230496,51.4569719],[-0.0229079,51.4569549],[-0.0228001,51.4569255],[-0.0227029,51.4568661],[-0.0226452,51.4567947],[-0.0225867,51.4566582],[-0.0225854,51.4566435],[-0.0225766,51.4565436]],[[-0.0225766,51.4565436],[-0.0224125,51.4565121],[-0.0222784,51.4564995]],[[-0.0148678,51.4565403],[-0.0146224,51.4565516],[-0.014575,51.4565557],[-0.0144111,51.4565701]],[[0.0097453,51.4333647],[0.0096982,51.4333869],[0.0096591,51.4334844],[0.0095874,51.4336628],[0.0095367,51.4337575],[0.0095362,51.4338395]],[[0.0064949,51.4339126],[0.0076107,51.4341855],[0.0083778,51.4343887],[0.0087734,51.4344889],[0.0089588,51.4345338],[0.0090889,51.4345655]],[[-0.0007136,51.4322622],[0.0004469000000000001,51.4325301],[0.0015739,51.4327955],[0.0025192,51.4330091],[0.0026277,51.433035],[0.0026889,51.4330437],[0.002784,51.4330352],[0.0028407,51.4330239],[0.0029215,51.4330101],[0.0029975,51.4330002],[0.0031188,51.4329872],[0.0032286,51.4329802],[0.0033318,51.4329751],[0.0035959,51.4329687],[0.0039902,51.4329984],[0.0043391,51.4330806],[0.0044242,51.4331007],[0.0047633,51.4332384],[0.0048969,51.433315],[0.0050481,51.4334017],[0.005238,51.4335517],[0.0053619,51.433645],[0.005523,51.433683],[0.0064949,51.4339126]],[[-0.0018367,51.433548],[-0.0014651,51.4331191],[-0.0014212,51.4330683],[-0.0010576,51.4326578],[-0.0009535,51.4325427],[-0.000767,51.4323336],[-0.0007287,51.4322845],[-0.0007136,51.4322622]],[[-0.0018367,51.433548],[-0.0017889,51.4335654],[-0.0017147,51.4335849],[-0.0014489,51.43365],[-0.0010037,51.4337536],[-0.00036739999999999993,51.4339016],[0.000015700000000000002,51.4339895],[0.0007701,51.4341671],[0.0013883,51.4343071],[0.0018948,51.4344267],[0.0023406,51.4345291],[0.0027183,51.4346112]],[[0.0027183,51.4346112],[0.0025122,51.4349569],[0.0024224,51.4351057],[0.0021792,51.4355118],[0.002032,51.4357674],[0.0020166,51.4357941]],[[0.0011861,51.4356035],[0.0012343,51.4356119],[0.001596,51.4356974],[0.0020166,51.4357941]],[[0.0005922,51.4368067],[0.0006221,51.4365865],[0.0006548,51.4365106],[0.000743,51.436338],[0.0008416,51.4361804],[0.0011861,51.4356035]],[[-0.0016159,51.4365002],[-0.0015187,51.4364931],[-0.001367,51.436515],[-0.0005255,51.4366397],[-0.000246,51.4366817],[0.0005922,51.4368067]],[[-0.0019933,51.4421182],[-0.0019559,51.4416072],[-0.0019511,51.4415144],[-0.0019289,51.4411075],[-0.0019165,51.4408533],[-0.0018928,51.4404812],[-0.0018682,51.4400275],[-0.0018625,51.4399223],[-0.0018535,51.4397849],[-0.001826,51.4392937],[-0.0017804,51.4385092],[-0.0017475,51.4378926],[-0.0017267,51.4375486],[-0.0017146,51.4373597],[-0.0016813,51.436792],[-0.001669,51.43663],[-0.0016595,51.4365463],[-0.0016159,51.4365002]],[[-0.0280461,51.4429076],[-0.0276574,51.442654]],[[-0.0280461,51.4429076],[-0.0281006,51.4429351]],[[-0.0281006,51.4429351],[-0.0281298,51.4429963],[-0.028134,51.4430334]],[[-0.04249603517625992,51.49025389432904],[-0.042475,51.4902402]],[[-0.042475,51.4902402],[-0.0423613,51.4901633]],[[-0.0423613,51.4901633],[-0.04236064209495427,51.49014672079284]],[[-0.04237188681360044,51.49004853388121],[-0.0423856,51.490028]],[[-0.044181256592541934,51.49006782439065],[-0.0442243,51.4900569],[-0.0442947,51.4900297],[-0.0443611,51.4899993],[-0.0444359,51.4899629],[-0.0445163,51.4899166]],[[-0.0445163,51.4899166],[-0.0446676,51.4897349],[-0.044761,51.4896125],[-0.0449219,51.4894016],[-0.0449139,51.4893287],[-0.0448397,51.4891956],[-0.0446453,51.4889211],[-0.0444889,51.4887003],[-0.0444147,51.4886123],[-0.0440469,51.4881766],[-0.0437485,51.487823],[-0.0437305,51.4878017],[-0.0435072,51.4875372],[-0.0433591,51.4873617],[-0.0432598,51.4872076],[-0.0430754,51.4869214],[-0.0428581,51.4865841],[-0.0428109,51.4865109],[-0.0427506,51.4864173],[-0.0427282,51.4863818],[-0.0427004,51.4863376],[-0.0425389,51.4860808],[-0.0424844,51.485905],[-0.0423716,51.4855412],[-0.0422142,51.485036]],[[-0.0422142,51.485036],[-0.0421929,51.484965],[-0.0421343,51.4849175],[-0.0420789,51.4848725]],[[-0.0420789,51.4848725],[-0.0420835,51.4848562],[-0.0420865,51.4848454],[-0.0420939,51.4848193],[-0.0421711,51.4845445],[-0.0421731,51.4845375],[-0.0422095,51.4844752]],[[-0.0422684,51.484423],[-0.0422095,51.4844752]],[[-0.0424031,51.4843387],[-0.0423156,51.4843788],[-0.0422684,51.484423]],[[-0.0414809,51.4832523],[-0.0414799,51.4832792],[-0.0414847,51.4833053],[-0.0414995,51.4833407],[-0.0418823,51.4839573],[-0.0419408,51.4840376],[-0.041979,51.4840725],[-0.0420702,51.4841553],[-0.0421741,51.4842107],[-0.0422978,51.4842764],[-0.0423433,51.4842993],[-0.0424031,51.4843387]],[[-0.0414809,51.4832523],[-0.0415315,51.4831578],[-0.041614,51.4829847],[-0.041616,51.482977],[-0.0417011,51.4827702],[-0.0417746,51.4825408],[-0.0418129,51.4824083],[-0.0418288,51.4823016],[-0.0418558,51.482121],[-0.0418267,51.4819415],[-0.0418055,51.4818105],[-0.0417542,51.4816878],[-0.0417428,51.4816439]],[[-0.0417428,51.4816439],[-0.0415973,51.4812336],[-0.0415001,51.4810165],[-0.0414296,51.480859],[-0.0413094,51.4806083],[-0.0412518,51.4804881],[-0.041023,51.4800107],[-0.0409418,51.479843],[-0.0407708,51.479501],[-0.0406251,51.4793155],[-0.0404792,51.4791658],[-0.0403073,51.4790199],[-0.0399383,51.478758],[-0.0398612,51.4787015],[-0.0396993,51.4785829],[-0.0394953,51.4784565],[-0.0392645,51.4783135],[-0.0390743,51.4782034],[-0.0389514,51.4781571],[-0.0388183,51.478152],[-0.0386745,51.4781586]],[[-0.0386745,51.4781586],[-0.0385502,51.478183],[-0.038283,51.478232],[-0.0379593,51.4782957],[-0.0376369,51.4783594],[-0.0375914,51.4783711],[-0.0375489,51.4783821],[-0.037506,51.478395],[-0.037476,51.478404],[-0.0372614,51.4784657],[-0.0365138,51.4786843],[-0.0363158,51.4787431],[-0.0355358,51.4789697]],[[-0.0355358,51.4789697],[-0.0354605,51.4789113],[-0.0353809,51.4788113],[-0.0351713,51.4785305],[-0.0350869,51.4784238],[-0.035,51.4783311],[-0.03491,51.4782707],[-0.0347937,51.4782182],[-0.0345312,51.4781096],[-0.0344924,51.4780936],[-0.0344029,51.4780369],[-0.0343269,51.4779528],[-0.0342374,51.4778331],[-0.0340619,51.4775779],[-0.0340553,51.4775684],[-0.0338602,51.4772882],[-0.0338323,51.4772291],[-0.0338248,51.4771885],[-0.0338263,51.4771666],[-0.0338291,51.4771117],[-0.0338456,51.477069],[-0.0338694,51.4770266],[-0.0339373,51.4769614],[-0.0340647,51.4768822],[-0.034101,51.4768623],[-0.0341846,51.4768165],[-0.0342488,51.476763],[-0.0342848,51.47671],[-0.0343033,51.4766543],[-0.034314,51.4765996]],[[-0.034314,51.4765996],[-0.0343068,51.4765148],[-0.0342671,51.4763541],[-0.0342245,51.4761797],[-0.0342154,51.47615],[-0.0341741,51.4760074]],[[-0.0341741,51.4760074],[-0.0341441,51.4759749],[-0.0341199,51.4759078],[-0.034107,51.4758807],[-0.0340814,51.4758356]],[[-0.0249008,51.4748135],[-0.0248329,51.4747752],[-0.0245338,51.4747334],[-0.0244026,51.4747131],[-0.024333,51.4747012],[-0.0242874,51.4746933],[-0.0241708,51.4746725],[-0.0240643,51.474589]],[[-0.015891,51.4659214],[-0.0158386,51.4659148],[-0.0158021,51.4659017],[-0.0157561,51.465882]],[[-0.0157561,51.465882],[-0.015701,51.4658551],[-0.015515,51.4657935]],[[-0.015515,51.4657935],[-0.0154955,51.4657872]],[[-0.0154955,51.4657872],[-0.0154629,51.4657759],[-0.0154175,51.4657587],[-0.0153188,51.4657108]],[[-0.0153188,51.4657108],[-0.015214,51.4656741],[-0.015117,51.4656292],[-0.0150212,51.4655799],[-0.0148135,51.4654653],[-0.0147169,51.4653995],[-0.0146681,51.4653595],[-0.0146295,51.4653249],[-0.0145867,51.465277]],[[-0.0145867,51.465277],[-0.0145574,51.4652156],[-0.014548,51.4651777],[-0.0145463,51.4650479],[-0.0145275,51.4647277],[-0.0145258,51.4646826],[-0.0145271,51.4646535],[-0.0145167,51.4645403]],[[-0.0026036,51.4491888],[-0.0023504,51.4492739],[-0.0022996,51.4492912],[-0.0021548,51.4493408],[-0.0018836,51.4494336],[-0.0018361,51.4494484],[-0.001376,51.4495777],[-0.0010142,51.4496803]],[[-0.0010142,51.4496803],[-0.0005867,51.4497932],[-0.0003994,51.4498427],[0.000047800000000000023,51.4499608]],[[0.0000478,51.4499608],[0.0001653,51.4498402]],[[-0.0423613,51.4901633],[-0.0422837,51.4901067],[-0.0422367,51.4900742]],[[-0.0422367,51.4900742],[-0.0421968,51.4900495],[-0.042145,51.4900047]],[[0.004307,51.4446006],[0.0039727,51.4436588],[0.0038644,51.4432986],[0.0038146,51.4430776],[0.0037735,51.4428389],[0.0037611,51.4427114],[0.0037596,51.4425842],[0.0037783,51.4424253],[0.0038201,51.4422576]],[[0.004378,51.4448325],[0.0043371,51.4446938],[0.004307,51.4446006]],[[0.004378,51.4448325],[0.004435,51.4451104],[0.004454,51.4452694]],[[0.0130649,51.4459098],[0.0135669,51.4460195],[0.0136391,51.4460346],[0.0136854,51.4460441],[0.013767,51.44606]],[[0.013767,51.44606],[0.013776,51.4460623]],[[0.013776,51.4460623],[0.0139253,51.446101],[0.0143206,51.4462243],[0.0143917,51.4462443],[0.0144336,51.4462564]],[[0.0144336,51.4462564],[0.0145714,51.4462968]],[[0.0145714,51.4462968],[0.0145933,51.446303],[0.0146642,51.4463233],[0.0146826,51.4463286]],[[0.0146826,51.4463286],[0.0147102,51.4463361],[0.0148186,51.4463699],[0.0149236,51.4463988],[0.0149822,51.4464161],[0.015496,51.4465559],[0.0165489,51.446859],[0.0173913,51.4470516],[0.0201437,51.4476513],[0.0203087,51.4476926]],[[0.0203087,51.4476926],[0.0211752,51.4478827],[0.0215631,51.4479765],[0.0219155,51.448067],[0.0223325,51.4481778],[0.022354281022211778,51.44818367630163]],[[0.01666880418162331,51.47369625971896],[0.0166762,51.4736955]],[[0.0166762,51.4736955],[0.0169884,51.4737295],[0.0177957,51.4738146],[0.01788554527464178,51.47382455840045]],[[0.0001653,51.4498402],[0.0003461,51.4496557],[0.0009928,51.4489909],[0.0015282,51.4484414],[0.0016128,51.4483545],[0.0018543,51.4481067]],[[0.0001934,51.4471772],[0.0004058,51.447295],[0.001003,51.4476261],[0.0011237,51.4476943],[0.0016813,51.448009],[0.0018543,51.4481067]],[[-0.0125253,51.4575511],[-0.0123576,51.4575125],[-0.012202,51.4574654],[-0.0120476,51.4574135],[-0.0118252,51.4573228],[-0.0112884,51.4570871]],[[-0.0130335,51.4576578],[-0.0129993,51.4576496],[-0.012986,51.457647],[-0.0129253,51.4576347],[-0.0128339,51.4576162],[-0.0125253,51.4575511]],[[-0.0132487,51.4577166],[-0.013076,51.457666],[-0.0130335,51.4576578]],[[-0.0360806,51.4754973],[-0.03614,51.4755443],[-0.0361634,51.4755799],[-0.0361615,51.4756125],[-0.0361462,51.4756545],[-0.0361258,51.4756711],[-0.0360737,51.4756951],[-0.0360043,51.4757113]],[[-0.0342705,51.4758236],[-0.0342466,51.4758713],[-0.0342151,51.4759485],[-0.0342092,51.4759702],[-0.0341741,51.4760074]],[[-0.0445163,51.4899166],[-0.0445214,51.4899667],[-0.0445274,51.4900143],[-0.044532,51.4900694],[-0.0445354,51.4901015],[-0.0445354,51.490133466782005]],[[-0.042980224684477715,51.42339356921895],[-0.0430299,51.4234811],[-0.0430426,51.4235035],[-0.0432282,51.4238856],[-0.0433678,51.4242133],[-0.0435204,51.4246763],[-0.0436475,51.4250275],[-0.0438468,51.4254905],[-0.0439332,51.4256345],[-0.0439668,51.4256904],[-0.0440278,51.4257891]],[[-0.0384382,51.4281974],[-0.0382309,51.4283219],[-0.0380399,51.428413],[-0.0377399,51.4285537],[-0.0375788,51.4286514],[-0.0375237,51.4286983],[-0.0374907,51.4287265]],[[-0.0374907,51.4287265],[-0.0374368,51.4287793]],[[-0.0368952,51.4306291],[-0.0371088,51.4306287],[-0.0372784,51.4306347],[-0.0373312,51.4306453],[-0.0373815,51.4306555],[-0.0375512,51.4307205]],[[-0.0408025,51.432439],[-0.0400634,51.4318716],[-0.0393737,51.4314183],[-0.0388528,51.4311862],[-0.0382973,51.4309861],[-0.0378188,51.4308182],[-0.0377959,51.4308099],[-0.0377634,51.430798],[-0.0375512,51.4307205]],[[-0.0409122,51.4325223],[-0.0408025,51.432439]],[[-0.0423234,51.4338604],[-0.0422176,51.4336134],[-0.0421965,51.4335643],[-0.0420969,51.4334168],[-0.0415273,51.4329844],[-0.0409122,51.4325223]],[[-0.0430167,51.4351401],[-0.0429408,51.435082],[-0.0428529,51.4349954],[-0.0425638,51.434361],[-0.0424665,51.4341559],[-0.0423234,51.4338604]],[[-0.0471187,51.4351873],[-0.0467129,51.4350626],[-0.0465826,51.4350347]],[[-0.051334,51.4366304],[-0.0512087,51.4365048],[-0.0510717,51.4363964],[-0.0508962,51.4363437],[-0.0504904,51.4362533],[-0.0492634,51.4359278],[-0.0489874,51.4358327],[-0.0486256,51.4357008],[-0.0481746,51.4355459],[-0.0473386,51.4352489],[-0.0471187,51.4351873]],[[-0.0526221,51.4393392],[-0.0527161,51.4392653],[-0.0527696,51.4392074],[-0.0528201,51.4391399],[-0.0528762,51.4390315],[-0.0528887,51.438914],[-0.0529078,51.4387339],[-0.0529264,51.4386131],[-0.0529139,51.4385401],[-0.0528856,51.438486],[-0.0526562,51.4382058],[-0.0526,51.4381372],[-0.0524518,51.4379629],[-0.0523492,51.4378423],[-0.0516052,51.4369507],[-0.0514688,51.4367862],[-0.0514642,51.4367809],[-0.051334,51.4366304]],[[-0.0520568,51.4395849],[-0.0525901,51.4393535],[-0.0526221,51.4393392]],[[-0.0523518,51.4402067],[-0.0523172,51.440127],[-0.0522903,51.4400653],[-0.0522265,51.4399202],[-0.0521683,51.4397748],[-0.0520998,51.4396309],[-0.0520568,51.4395849]],[[-0.0615182,51.4405518],[-0.0615316,51.4404703],[-0.0615389,51.4404258],[-0.0615454,51.440407],[-0.0615525,51.4403918],[-0.0615664,51.4403732],[-0.0615852,51.440355],[-0.0616571,51.4402893],[-0.061736,51.4402272],[-0.0621272,51.4399069],[-0.0623004,51.4397553],[-0.062647,51.4394303],[-0.0627235,51.4393559],[-0.0629091,51.4391824],[-0.062957,51.4391402],[-0.0634913,51.4386049],[-0.063555,51.4385478],[-0.0635998,51.4385215],[-0.0636413,51.4385027],[-0.0636728,51.4384954],[-0.0637037,51.4384953]],[[-0.0634973,51.4377013],[-0.0635775,51.4378188],[-0.0636302,51.4379032],[-0.0636742,51.4379815],[-0.0636927,51.43802],[-0.0637049,51.4380585],[-0.0637107,51.4381675],[-0.0637092,51.4382644],[-0.0637037,51.4384953]],[[-0.0634973,51.4377013],[-0.0634286,51.437671],[-0.0634,51.4376161],[-0.0633962,51.4376032]],[[-0.0633962,51.4376032],[-0.0633892,51.437581],[-0.0633796,51.4375564],[-0.0633638,51.4375109]],[[-0.0633638,51.4375109],[-0.0633513,51.4374922],[-0.0633479,51.4374724],[-0.0633536,51.4374527],[-0.0633682,51.4374347],[-0.0633873,51.4374216],[-0.0634151,51.4374109]],[[-0.0634151,51.4374109],[-0.0633991,51.4373984],[-0.0633504,51.4373561],[-0.0632396,51.4372649],[-0.0631474,51.4371652],[-0.063119,51.4371346],[-0.0630172,51.4369645],[-0.0629452,51.436791],[-0.0629055,51.4365725],[-0.062885,51.4364602],[-0.0628803,51.4364168],[-0.0628437,51.4361962],[-0.0628296,51.4360815],[-0.0628128,51.4358744],[-0.0627849,51.4357702],[-0.0627619,51.4356593],[-0.0627334,51.4355554]],[[-0.0627334,51.4355554],[-0.0627284,51.4355012],[-0.062689,51.4352787],[-0.0626833,51.435249],[-0.062619,51.4350571],[-0.0624835,51.4348126],[-0.0624182,51.4346948],[-0.0623538,51.4346037],[-0.0622926,51.4344927],[-0.0621063,51.4341707],[-0.0619836,51.4339588],[-0.061896,51.4338051],[-0.0617929,51.4336652],[-0.0616432,51.4334458],[-0.0615473,51.4333098],[-0.061419,51.4330897],[-0.0612969,51.4329136],[-0.0611591,51.4327055],[-0.061078,51.4325989],[-0.0608043,51.4323042],[-0.0607047,51.4322228]],[[-0.0728555,51.4321213],[-0.0727644,51.4322075]],[[-0.0727644,51.4322075],[-0.0726601,51.432305]],[[-0.0726601,51.432305],[-0.0725087,51.432382],[-0.072211,51.4324695],[-0.0721384,51.4324818],[-0.0720498,51.4324969],[-0.0718824,51.432507],[-0.0716571,51.4325107],[-0.0713733,51.4324933],[-0.0710818,51.4324648],[-0.07100215300864351,51.4324641321007],[-0.0709387,51.4324636]],[[-0.07076196164245008,51.43246673955285],[-0.0707473,51.432467],[-0.0705558,51.4324857],[-0.0702815,51.4325402],[-0.0698535,51.432635],[-0.0694018,51.4327349],[-0.0692098,51.4327831],[-0.0691352,51.4328086],[-0.0689637,51.4328672],[-0.0686638,51.4330161],[-0.0684301,51.4331285],[-0.0682473,51.433213],[-0.0681094,51.4332763],[-0.0678261,51.4334199],[-0.0675061,51.4335591]],[[-0.0675061,51.4335591],[-0.0671984,51.4336862],[-0.0670847,51.4337402],[-0.0670222,51.4337698],[-0.0666062,51.4340131],[-0.066361,51.4342007],[-0.06618262884928798,51.434339489024175],[-0.0661483,51.4343662]],[[-0.06584853076296371,51.43467419227351],[-0.065839,51.4346833],[-0.065786,51.4347749],[-0.0657169,51.4348993],[-0.0656533,51.435012],[-0.0656352,51.435044],[-0.0655828,51.4351353],[-0.0652749,51.4355744],[-0.0651411,51.4357809],[-0.0651385,51.4357847],[-0.0649777,51.4360063]],[[-0.0649777,51.4360063],[-0.0648676,51.4361639],[-0.0647881,51.4362882],[-0.0647439,51.436365],[-0.0646955,51.4364597],[-0.0646557,51.4365512],[-0.0646178,51.4366382],[-0.0645432,51.436796],[-0.0644887,51.4368942],[-0.0644574,51.4369354],[-0.064418,51.4369874],[-0.0643057,51.4371122],[-0.0641361,51.4372227]],[[-0.0439073,51.4681405],[-0.0439368,51.4681468],[-0.0439638,51.4681567],[-0.0439995,51.4681791],[-0.0440212,51.4682057]],[[-0.0440212,51.4682057],[-0.0440289,51.4682405],[-0.0440194,51.4682704],[-0.0439955,51.4682971],[-0.0439673,51.4683146]],[[-0.0404547,51.4726658],[-0.0404156,51.472553],[-0.0402772,51.4721587],[-0.040236,51.4720288],[-0.040213,51.4719018],[-0.0402134,51.4717909],[-0.0402387,51.4716468],[-0.0402627,51.4715776],[-0.0403038,51.4714952],[-0.0403898,51.4713625],[-0.0405068,51.4712396],[-0.040686,51.4710649],[-0.0412862,51.4705226],[-0.041417,51.4704042],[-0.042633,51.4692941],[-0.0428216,51.4691252],[-0.0432256,51.4687634],[-0.0435257,51.4684946],[-0.0435736,51.4684517],[-0.043689,51.4683433],[-0.0437419,51.4682937]],[[-0.0409914,51.4742641],[-0.0408619,51.4738715],[-0.0406245,51.4731648],[-0.0404547,51.4726658]],[[-0.0634151,51.4374109],[-0.0634364,51.4374066],[-0.0634598,51.4374051],[-0.0634973,51.4374091],[-0.0635339,51.4374224],[-0.0635574,51.4374405],[-0.0635679,51.4374562]],[[-0.0635679,51.4374562],[-0.0635719,51.4374714],[-0.0635687,51.4374919],[-0.06355507077344527,51.43751106884767]],[[-0.06349999029439557,51.4376942651308],[-0.0634973,51.4377013]],[[0.011877115274726747,51.45647591979387],[0.0118056,51.4564728],[0.0117646,51.4564873],[0.0115803,51.4565466]],[[0.0115803,51.4565466],[0.0114543,51.4565757]],[[0.0114543,51.4565757],[0.0113395,51.4565897],[0.0111827,51.4565846],[0.0111414,51.4565828],[0.0109922,51.4566112]],[[0.031472,51.431583],[0.0317099,51.4316138],[0.0318197,51.4316367],[0.0320372,51.4316917],[0.0321833,51.4317449],[0.03242,51.4318589],[0.0325147,51.4318994],[0.0328421,51.4320436],[0.033164,51.4321949],[0.033232,51.4322239],[0.03323433087865649,51.43222518926726]],[[-0.003443,51.4244861],[-0.0036676,51.4244304],[-0.0037178,51.4244177],[-0.0037567,51.42441],[-0.0038938,51.4243928]],[[0.0096969,51.4726986],[0.0096255,51.4726762],[0.0095725,51.4726712],[0.0095122,51.4726741],[0.0094143,51.4727016]],[[0.0094143,51.4727016],[0.0093064,51.4727622]],[[0.0093064,51.4727622],[0.0091092,51.4727918]],[[0.0091092,51.4727918],[0.0089702,51.472806],[0.0088082,51.4728177]],[[0.0083645,51.4727665],[0.0088082,51.4728177]],[[0.0041298,51.472292],[0.0048481,51.4723769],[0.0067149,51.4725849],[0.0083645,51.4727665]],[[0.0039546,51.4722721],[0.004048,51.4722827],[0.0041298,51.472292]],[[0.0034831,51.4722193],[0.0039546,51.4722721]],[[0.0016444,51.4720147],[0.0022692,51.4720862],[0.0034831,51.4722193]],[[0.0006129802765376942,51.47190407867744],[0.0006664,51.4719074],[0.0008915,51.4719285],[0.0016444,51.4720147]],[[-0.004608953846142849,51.47225950769231],[-0.0046738,51.4722487],[-0.004919,51.4722736]],[[-0.004919,51.4722736],[-0.005098,51.4722951]],[[-0.005098,51.4722951],[-0.0053965,51.4723335]],[[-0.0053965,51.4723335],[-0.0054517,51.4723415]],[[-0.0054517,51.4723415],[-0.0055656,51.4723591]],[[-0.0055656,51.4723591],[-0.0058881,51.4724187],[-0.006071888866481124,51.472463741447115]],[[0.0045484,51.4268596],[0.0046835,51.4267424],[0.0049071,51.4265484],[0.0049474,51.4265049],[0.0049621,51.4264648],[0.0049661,51.4264322],[0.004958,51.4263796],[0.0048958,51.4262561],[0.0047619,51.4259904],[0.0047417,51.4259502]],[[0.00441,51.4269705],[0.0045484,51.4268596]],[[0.0016149,51.4286709],[0.0019668,51.4285825],[0.0022906,51.4284833],[0.0025776,51.428368],[0.0028539,51.4282283],[0.0030859,51.4280912],[0.0033474,51.427898],[0.0035673,51.4277082],[0.0037707,51.4275373],[0.0040074,51.4273385],[0.00441,51.4269705]],[[-0.0015377,51.4293848],[-0.0013074,51.4291489],[-0.0012189,51.4290583],[-0.0009058,51.4286246]],[[-0.0015766,51.4294245],[-0.0015377,51.4293848]],[[-0.0021237,51.4309573],[-0.0021136,51.4309274],[-0.0021066,51.4309029],[-0.0020791,51.4308001],[-0.0020613,51.4304533],[-0.0020291,51.4302125],[-0.0019768,51.4299934],[-0.0018856,51.4297819],[-0.0017327,51.4295963],[-0.0016615,51.4295075],[-0.0015766,51.4294245]],[[-0.0021237,51.4309573],[-0.0024087,51.4309223],[-0.0030877,51.430844],[-0.0033587,51.4308139]],[[-0.0033587,51.4308139],[-0.0036353,51.4307854],[-0.0040094,51.4307468],[-0.0043167,51.4307],[-0.0053977,51.4304909],[-0.0065796,51.4302597],[-0.0068893,51.4301975],[-0.0073171,51.4301141],[-0.0082133,51.4299365],[-0.0089989,51.4297824],[-0.0100041,51.4295853],[-0.0109804,51.4293913],[-0.0111796,51.4293535],[-0.0113974,51.4293103],[-0.0121255,51.4291661],[-0.012318,51.4291111],[-0.0124019,51.4290786],[-0.0125396,51.4290098],[-0.012685,51.4289139],[-0.0128215,51.4287962],[-0.0128793,51.4287417],[-0.0129155,51.4287054],[-0.0129403,51.4286805],[-0.0129638,51.4286555],[-0.0130805,51.428628]],[[-0.0131463,51.4285492],[-0.0131294,51.4284909],[-0.0132151,51.4284127],[-0.0133011,51.4283341],[-0.013354,51.4283032],[-0.0134238,51.4282685],[-0.0135896,51.428194],[-0.0139143,51.4280481],[-0.0139881,51.4280153],[-0.0147254,51.4276881],[-0.0155868,51.4273059],[-0.0156789,51.4272651],[-0.0157989,51.427255]],[[-0.0160396,51.4271417],[-0.0161,51.4270761],[-0.0163541,51.4269649],[-0.016501,51.4269419]],[[-0.0180122,51.4263255],[-0.0180939,51.4262587],[-0.0181911,51.4262127],[-0.0182837,51.4261852],[-0.0183433,51.4261704],[-0.0184019,51.4261568],[-0.0186417,51.4261045]],[[-0.0186835,51.4261665],[-0.0186417,51.4261045]],[[-0.0222871,51.4402856],[-0.0220662,51.4401124],[-0.0219136,51.4400143],[-0.0217544,51.4399416],[-0.0215905,51.4398763],[-0.0213912,51.4398199],[-0.0211611,51.4397712],[-0.0209237,51.4397382]],[[-0.0209237,51.4397382],[-0.0207508,51.4397566],[-0.0206961,51.4397593],[-0.0206316,51.4397636],[-0.0204986,51.4397861]],[[-0.0204986,51.4397861],[-0.0204625,51.4398138],[-0.0203742,51.4398606]],[[-0.0400051,51.4686153],[-0.0399536,51.468618],[-0.0397442,51.4686291],[-0.0394482,51.4686566],[-0.0389461,51.4686916],[-0.0388865,51.4686958]],[[-0.0388865,51.4686958],[-0.0388372,51.4686098],[-0.0388416,51.4685819]],[[-0.0388416,51.4685819],[-0.0387322,51.4684046],[-0.0386598,51.4683025],[-0.0386433,51.468184],[-0.038566,51.4676303],[-0.0384794,51.4669238],[-0.038406,51.466326],[-0.0383889,51.4661862]],[[-0.0383889,51.4661862],[-0.0383702,51.4660336],[-0.0383774,51.4660251]],[[-0.0383774,51.4660251],[-0.0384212,51.4659736]],[[0.0271616,51.4340167],[0.0271149,51.4339831],[0.0270797,51.4339591],[0.0270201,51.4339142],[0.0269518,51.4338613],[0.0267826,51.4336569],[0.0266666,51.4334943],[0.0265231,51.4332752],[0.0263534,51.4329451],[0.0262749,51.4327606]],[[0.0236545,51.4327357],[0.0253261,51.4327521],[0.0261985,51.4327606],[0.0262206,51.4327608],[0.0262749,51.4327606]],[[0.0224458,51.4327265],[0.0225514,51.4327273],[0.0236545,51.4327357]],[[0.0217765,51.4327215],[0.0223756,51.4327255],[0.0224458,51.4327265]],[[0.0213186,51.4327227],[0.0213898,51.4327225],[0.0214163,51.4327224],[0.0217765,51.4327215]],[[0.0223318,51.4373141],[0.0223735,51.4372407]],[[0.0223318,51.4373141],[0.022417,51.4373305],[0.0224508,51.4373363],[0.0224844,51.437343],[0.0225131,51.4373498],[0.0225376,51.4373597],[0.0225607,51.4373687],[0.0225917,51.4373847],[0.0226279,51.4374037]],[[0.0186211,51.4424225],[0.01869,51.4424441],[0.0187159,51.4424527],[0.018947,51.4425247],[0.0194584,51.4426676],[0.019823,51.4427656],[0.0198633,51.4427765],[0.019995,51.4428099],[0.0200495,51.4428229],[0.0201751,51.4428439],[0.0202323,51.4428523],[0.0202608,51.4428537],[0.0203331,51.4428571],[0.0203944,51.4428596],[0.0204582,51.442861],[0.0205935,51.4428568],[0.0206028,51.4428573],[0.0206453,51.4428537],[0.0207072,51.4428484],[0.0209388,51.4428249],[0.0211345,51.4428021],[0.02147592444613703,51.44273431786568]],[[0.0184405,51.442604],[0.0185041,51.4425383],[0.0185697,51.442471],[0.0186211,51.4424225]],[[0.01564,51.445365],[0.0162158,51.4446545],[0.0163933,51.4444503],[0.0164635,51.444393],[0.0168561,51.4440478],[0.0175146,51.4434656],[0.0177135,51.4432912],[0.017932,51.4430946],[0.0179967,51.4430334],[0.0180908,51.4429446],[0.0181071,51.4429292],[0.0182207,51.4428192],[0.0182911,51.442751],[0.0183897,51.4426556],[0.0184204,51.4426241],[0.0184405,51.442604]],[[0.0149551,51.4460106],[0.01483,51.4460818],[0.0147884,51.4461105],[0.0147699,51.4461264],[0.0147534,51.446138],[0.014728,51.4461561],[0.01465,51.4462164]],[[0.01465,51.4462164],[0.0145847,51.446282],[0.0145714,51.4462968]],[[0.0145714,51.4462968],[0.0145155,51.4463589]],[[0.0145155,51.4463589],[0.0144489,51.446444],[0.0144114,51.4465297]],[[-0.0116751,51.4663934],[-0.0116334,51.4663769],[-0.0116235,51.4663647],[-0.0115523,51.4662363]],[[-0.0115523,51.4662363],[-0.0116738,51.4661913],[-0.0121141,51.4659154],[-0.0122731,51.4660193]],[[-0.0122731,51.4660193],[-0.0122872,51.4660887],[-0.0122485,51.466115]],[[-0.0122485,51.466115],[-0.0121789,51.466161]],[[0.0139413,51.4456581],[0.0139958,51.4455959]],[[0.0139413,51.4456581],[0.0138743,51.4457856],[0.0138671,51.4457993]],[[0.0138671,51.4457993],[0.013833,51.4458641],[0.0138149,51.4459071],[0.0138049,51.4459297],[0.013784,51.4459767]],[[0.013784,51.4459767],[0.0137543,51.4460241],[0.0137553,51.4460442],[0.013767,51.44606]],[[0.0115147,51.4563244],[0.0114687,51.4564048],[0.0114675,51.4564514],[0.0114677,51.4564788],[0.0114543,51.4565757]],[[-0.0641361,51.4372227],[-0.0640003,51.4372876],[-0.0638731,51.4373442],[-0.063717,51.4374048],[-0.0636184,51.4374335],[-0.0635679,51.4374562]],[[-0.0637037,51.4384953],[-0.063708,51.4386177],[-0.0637093,51.4387753],[-0.0637077,51.4389355],[-0.0637117,51.4391734],[-0.0637207,51.4392804],[-0.0637299,51.4393431]],[[-0.0637299,51.4393431],[-0.0637578,51.4395393],[-0.0637949,51.4397554],[-0.0638224,51.4398851]],[[-0.0638224,51.4398851],[-0.0638393,51.4399573],[-0.0638824,51.4402231],[-0.0639176,51.4403961],[-0.0639399,51.4405262]],[[-0.0639399,51.4405262],[-0.0639654,51.4406567]],[[-0.0639654,51.4406567],[-0.063983,51.4407305],[-0.063994,51.4407633],[-0.0640007,51.4407846],[-0.0640398,51.4408786]],[[-0.06372696637797198,51.44423580706704],[-0.0636848,51.4442342]],[[-0.0636848,51.4442342],[-0.0636756,51.4443034],[-0.0636478,51.4445117],[-0.0636125,51.4446765],[-0.0635204,51.4450093],[-0.0634416,51.4452322],[-0.0633884,51.4453765],[-0.0633718,51.4454225],[-0.0633452,51.4454889],[-0.0631719,51.445888],[-0.0630254,51.4461599],[-0.0626924,51.4467008],[-0.0622467,51.4472852],[-0.0621863,51.447359]],[[-0.0621863,51.447359],[-0.0621227,51.4474373],[-0.0620433,51.4475288],[-0.0619566,51.4476232],[-0.0618138,51.4477732],[-0.0617479,51.4478312],[-0.0615939,51.4479521],[-0.0613503,51.448124],[-0.0610586,51.4483198],[-0.0607642,51.4485003],[-0.0606449,51.4485661],[-0.0605191,51.4486279],[-0.0601299,51.4487922],[-0.0598991,51.448893],[-0.0596986,51.4489811],[-0.0593362,51.4491551],[-0.0592698,51.4491878],[-0.0587675,51.4494837],[-0.0583249,51.4497559],[-0.0579335,51.4500268]],[[-0.0579335,51.4500268],[-0.0579126,51.45008],[-0.0577643,51.4501842],[-0.0577159,51.4502172],[-0.0575914,51.4503091]],[[-0.0575914,51.4503091],[-0.057611796225493936,51.45031881589025]],[[-0.05746882481680397,51.45029684992672],[-0.0575023,51.4502733]],[[-0.0575023,51.4502733],[-0.0576429,51.4501803],[-0.0576964,51.4501433],[-0.057843,51.450049],[-0.0579335,51.4500268]],[[-0.0644771,51.4410628],[-0.0643994,51.441016],[-0.0642375,51.4409784],[-0.0641693,51.4409655],[-0.0640998,51.4409485],[-0.0640709,51.4409325],[-0.0640532,51.4409155],[-0.0640398,51.4408786]],[[-0.0322789,51.4732855],[-0.0325245,51.4731486],[-0.032573,51.4731143],[-0.0326193,51.4730828],[-0.0326851,51.4730195]],[[-0.0360868,51.4656545],[-0.0360797,51.4655753],[-0.036137,51.4655455],[-0.0361734,51.465535],[-0.0362629,51.4655407]],[[-0.037672,51.4542161],[-0.0376913,51.4541285],[-0.0377797,51.4539808]],[[-0.0377797,51.4539808],[-0.0378105,51.4538731],[-0.0379408,51.4537262],[-0.038022,51.4536961]],[[-0.0411239,51.4487651],[-0.0409761,51.448734],[-0.0406506,51.4486654]],[[0.0166762,51.4736955],[0.0165402,51.4736468]],[[0.0165402,51.4736468],[0.0163707,51.4736272]],[[0.0163707,51.4736272],[0.0162796,51.4736172],[0.0162072,51.4736085],[0.0161543,51.4736023],[0.0159322,51.4735764]],[[0.0159322,51.4735764],[0.0157064,51.4735508]],[[-0.0414529,51.4480318],[-0.04142,51.4479509],[-0.0413867,51.4478665],[-0.041362,51.447816],[-0.0413667,51.4477617],[-0.0414029,51.4476818],[-0.0414686,51.4476018],[-0.04151,51.4475532],[-0.0416065,51.447489],[-0.0416644,51.4474441]],[[0.022435200710154767,51.44805908980611],[0.022385,51.4480448],[0.0223217,51.4480267]],[[0.0223217,51.4480267],[0.0216478,51.4478554],[0.021252,51.4477611],[0.0203815,51.4475636],[0.0202424,51.4475331],[0.019263,51.4473183],[0.0176302,51.4469609],[0.0170117,51.4468208],[0.0163932,51.4466828]],[[0.0163932,51.4466828],[0.0157458,51.4465097]],[[0.0157458,51.4465097],[0.0149926,51.4463136],[0.0149603,51.4463043],[0.0149305,51.4462958],[0.0148792,51.4462811],[0.0148614,51.4462764],[0.0147691,51.4462482]],[[-0.0198719,51.4442078],[-0.0199598,51.4442004],[-0.0200081,51.4441907],[-0.0201323,51.4441392]],[[-0.0175241,51.4459117],[-0.0173715,51.4459181],[-0.0173239,51.4459115],[-0.0172726,51.4459046],[-0.0171658,51.4458902],[-0.0170595,51.4458548]],[[0.0064811,51.4671158],[0.0066297,51.4671127],[0.0067181,51.4671202]],[[0.0067181,51.4671202],[0.0068568,51.4671502],[0.0068858,51.4671585],[0.0069779,51.467185]],[[0.0095277,51.47234],[0.009501,51.472531],[0.0094805,51.4725934],[0.0094497,51.4726507],[0.0094143,51.4727016]],[[0.0093064,51.4727622],[0.0092842,51.4727998],[0.0092715,51.4728387],[0.009270058539134365,51.472869403116434]],[[0.0088082,51.4728177],[0.00883726145940913,51.472825374124035]],[[0.0114543,51.4565757],[0.0114432,51.4566659]],[[0.0114432,51.4566659],[0.0114351,51.4567404],[0.0114651,51.4568104],[0.011472108458378911,51.456814475645736]],[[-0.028134,51.4430334],[-0.0281356,51.4430761],[-0.0281371,51.4430936],[-0.0281429,51.4431606]],[[-0.0111151,51.42712],[-0.011098,51.4272215],[-0.0110935,51.4272635],[-0.0110906,51.4272926],[-0.0110963,51.4273437],[-0.0111088,51.4274125]],[[0.0340466,51.4265036],[0.0340689,51.4266182],[0.0340952,51.4267041]],[[-0.0260096,51.4439491],[-0.0260553,51.443976],[-0.0260901,51.443995],[-0.0262059,51.4440463],[-0.0262325,51.4440876]],[[-0.0466993,51.4498956],[-0.046582126303233155,51.44989798719117]],[[-0.046093972883408024,51.44988080311],[-0.0460173,51.44987],[-0.045909,51.449845]],[[-0.045909,51.449845],[-0.0456788,51.4497592],[-0.04554,51.4497075]],[[-0.04554,51.4497075],[-0.0454313,51.4496842],[-0.0451891,51.4496537]],[[-0.0451891,51.4496537],[-0.0450618,51.449636],[-0.0448674,51.4495762]],[[-0.05220265133829453,51.47127624930151],[-0.0521723,51.4712811]],[[-0.0516661,51.4696681],[-0.0516545,51.4697019],[-0.0516558,51.4697356],[-0.0518471,51.4702893],[-0.0520566,51.470949],[-0.0521126,51.4711127],[-0.0521723,51.4712811]],[[-0.0522640047895679,51.46919248484054],[-0.0522573,51.4691986],[-0.0521409,51.4693146],[-0.0518324,51.4695298],[-0.0517256,51.4696104],[-0.0516661,51.4696681]],[[-0.0407958,51.4747623],[-0.040907,51.4747824],[-0.0410811,51.4747483],[-0.0413934,51.4746777],[-0.0414463,51.4746653],[-0.0414685,51.4746742],[-0.0414908,51.4747072]],[[-0.0414908,51.4747072],[-0.0415269,51.474764],[-0.0415436,51.4748447],[-0.0415415,51.4748906],[-0.0415355,51.4749134],[-0.0414527,51.4751017],[-0.0413775,51.4752636]],[[-0.0413775,51.4752636],[-0.0413221,51.4753645],[-0.0412467,51.4754568],[-0.0411809,51.4755292],[-0.0411229,51.4755766],[-0.0410189,51.4756174]],[[-0.0410189,51.4756174],[-0.0410465,51.4756873],[-0.0410405,51.4757454],[-0.0410432,51.4757788],[-0.0410623,51.4758192],[-0.0411123,51.4759117],[-0.0411323,51.4760358]],[[-0.0411323,51.4760358],[-0.041221,51.4760892],[-0.0413581,51.4760991],[-0.0416013,51.4760519],[-0.0418097,51.4760115],[-0.0419457,51.4759852],[-0.0420794,51.4759592],[-0.0422979,51.4759169],[-0.0425191,51.475874],[-0.0426549,51.4761458],[-0.0428497,51.4765356]],[[-0.0702574,51.4261084],[-0.0703472,51.4261184],[-0.0703915,51.4261313]],[[-0.0703915,51.4261313],[-0.07041704501838528,51.426135340580856]],[[-0.0707189061279906,51.426212109054696],[-0.0708607,51.4262542]],[[-0.0226059,51.4773799],[-0.0225283,51.4773476]],[[-0.0225283,51.4773476],[-0.0225107,51.4772696],[-0.0224923,51.4771503],[-0.0224736,51.4769553],[-0.0224749,51.4768743],[-0.0225017,51.4767406],[-0.0225776,51.4765469],[-0.0226112,51.4764811]],[[-0.0226112,51.4764811],[-0.0226238,51.4764581],[-0.0226327,51.4764417],[-0.0226417,51.4764241]],[[-0.0226417,51.4764241],[-0.0226756,51.4763762],[-0.0227969,51.4762922]],[[-0.0238026,51.4749195],[-0.0238193,51.4748377],[-0.0238494,51.4747968],[-0.0238722,51.4747676],[-0.0239046,51.4747272],[-0.0239828,51.4746964]],[[-0.0186417,51.4261045],[-0.0188218,51.4260718],[-0.019012,51.4260449],[-0.0192714,51.4260168],[-0.0194862,51.4260002],[-0.0197037,51.4259896],[-0.0199422,51.4259831],[-0.0201641,51.4259817],[-0.0203714,51.4259881],[-0.0205685,51.4259988],[-0.0207606,51.426018],[-0.0209811,51.4260492],[-0.0211955,51.4260879],[-0.0214477,51.4261395],[-0.0215955,51.4261714],[-0.0217944,51.4262219],[-0.0219104,51.4262567],[-0.0221465,51.4263374],[-0.0222727,51.426381],[-0.0224173,51.4264289],[-0.0228207,51.4265736],[-0.0233561,51.4267492],[-0.0238504,51.4269203],[-0.0240372,51.4269834],[-0.0241776,51.4270257],[-0.0243534,51.4270696],[-0.0244286,51.4270866],[-0.0244992,51.4271139],[-0.0245807,51.4271617]],[[-0.0251419,51.4272019],[-0.0252027,51.427161],[-0.0252125,51.4271552],[-0.0252863,51.4271515],[-0.0255184,51.4271348],[-0.0256979,51.42712],[-0.0259336,51.4270844],[-0.0261173,51.4270405],[-0.0263722,51.4269695],[-0.0264479,51.4269814]],[[-0.0271874,51.4268426],[-0.027299,51.4268003],[-0.0273644,51.4267981],[-0.0274391,51.426801],[-0.027528,51.4268081],[-0.0276458,51.4268228],[-0.027759,51.4268403],[-0.0278548,51.4268571],[-0.0279832,51.4268847],[-0.0282093,51.4269418],[-0.0282647,51.4269558],[-0.0284434,51.4270038],[-0.0287459,51.4270797],[-0.0291878,51.4271912],[-0.0295068,51.4272717],[-0.0299439,51.4273861],[-0.0312097,51.4277009],[-0.0315095,51.4277755]],[[-0.0315095,51.4277755],[-0.031578,51.4277915],[-0.0316136,51.4277993],[-0.0316879,51.4278156],[-0.0317836,51.4278365],[-0.0319201,51.4279078]],[[-0.0225766,51.4565436],[-0.0227911,51.456507],[-0.0231064,51.4565204],[-0.0236232,51.4565658],[-0.0240772,51.4566192],[-0.0242269,51.4566393],[-0.0246688,51.4566989],[-0.0250115,51.4567286],[-0.0252488,51.4567395],[-0.0253898,51.456744],[-0.0261091,51.4567211],[-0.026238,51.4567086],[-0.0263491,51.4566839],[-0.0263687,51.4566795],[-0.0264672,51.4566311]],[[-0.0326243,51.4545965],[-0.0324096,51.4547698],[-0.0322785,51.454875],[-0.0321476,51.4549659],[-0.0320317,51.4550382],[-0.0317578,51.4551872],[-0.0316336,51.45525],[-0.0314757,51.4553269],[-0.0312947,51.455402],[-0.0309233,51.4555311],[-0.0304571,51.4556975],[-0.0302259,51.4557865],[-0.0294604,51.4560681],[-0.0292421,51.456127],[-0.0289239,51.4561897],[-0.0284713,51.4562774],[-0.028453,51.4562801],[-0.0284244,51.4562844],[-0.0281381,51.4563147],[-0.0276494,51.4563546],[-0.0274133,51.4563726],[-0.0271014,51.4564029],[-0.026863,51.4564411],[-0.0267765,51.4564688],[-0.0266987,51.4565068],[-0.0265048,51.4566119],[-0.0264672,51.4566311]],[[-0.0330302,51.4542877],[-0.0327275,51.454518],[-0.0326243,51.4545965]],[[-0.0333837,51.453993],[-0.03319,51.4541603],[-0.0331033,51.454232],[-0.0330302,51.4542877]],[[-0.0335787,51.453825],[-0.0333837,51.453993]],[[-0.0337808,51.4536762],[-0.0337179,51.453712],[-0.0336605,51.4537555],[-0.0335787,51.453825]],[[-0.0377797,51.4539808],[-0.0377177,51.4539768],[-0.0376403,51.4539897],[-0.0375729,51.4540184],[-0.0374414,51.454079],[-0.0373342,51.4541164],[-0.0372639,51.4541393],[-0.0371348,51.454164],[-0.0369977,51.454182],[-0.036876,51.454182],[-0.0367603,51.4541728],[-0.0366453,51.454157],[-0.0364393,51.4541237],[-0.0363003,51.4540988],[-0.0361656,51.4540694],[-0.0360408,51.4540348],[-0.035839,51.4539609],[-0.0356305,51.4538778],[-0.035154,51.4536619],[-0.0349247,51.453557],[-0.0347544,51.4534964],[-0.0345892,51.4534666],[-0.0344482,51.4534642],[-0.0342599,51.4534808],[-0.0340913,51.4535328],[-0.0339271,51.4536027],[-0.0338903,51.4536197],[-0.0337808,51.4536762]],[[-0.0587761,51.4405447],[-0.0587707,51.4406109],[-0.0587565,51.4406503],[-0.0586895,51.4407307],[-0.0585821,51.4408552],[-0.0582186,51.4412269],[-0.0580877,51.4413891],[-0.058066,51.4414159],[-0.058033,51.4414568],[-0.0575751,51.4419636],[-0.0574404,51.4421126],[-0.0574117,51.4421435],[-0.0572458,51.4423189],[-0.0571205,51.4424515],[-0.0570342,51.4425477],[-0.0569569,51.4426333],[-0.0567832,51.4428385],[-0.0565124,51.4431201],[-0.0564665,51.4431678],[-0.0560906,51.4435289],[-0.0558312,51.4437737],[-0.0555105,51.4440764],[-0.0552339,51.4444454],[-0.0551445,51.4446662],[-0.0551123,51.4447617],[-0.0550895,51.444837],[-0.0550219,51.4449641],[-0.0548894,51.4452896],[-0.054876,51.4453225],[-0.0548291,51.4453989],[-0.054762,51.4455642],[-0.054707,51.4456996],[-0.0546363,51.4458823],[-0.0545751,51.4460618],[-0.0543955,51.446589],[-0.0543741,51.446722],[-0.0543342,51.4469768],[-0.0543015,51.4472211],[-0.0542808,51.4474353],[-0.0542561,51.447692],[-0.0542304,51.4478969],[-0.0541386,51.4481016],[-0.0540767,51.4482398],[-0.0539243,51.4485172],[-0.053838855421322426,51.44868958468674],[-0.0538386,51.4486901]],[[0.0159322,51.4735764],[0.015880775807131462,51.47359825720941]],[[-0.010806,51.4637007],[-0.0114654,51.4635731],[-0.0115832,51.4635513]],[[-0.0115832,51.4635513],[-0.0116844,51.4635321]],[[-0.0116844,51.4635321],[-0.0118148,51.4634916]],[[-0.0118148,51.4634916],[-0.0119266,51.4634682],[-0.0122229,51.4634063],[-0.0122943,51.4633945],[-0.0123581,51.4633932],[-0.0124826,51.4634094]],[[-0.0124826,51.4634094],[-0.01254,51.4634251],[-0.0125975,51.4634477],[-0.0126446,51.4634805],[-0.0126804,51.4635265]],[[-0.0126804,51.4635265],[-0.0126773,51.4635665],[-0.0126698,51.4636117],[-0.0126665,51.4636565],[-0.0125796,51.4638453]],[[-0.012738,51.4642906],[-0.0128412,51.4643281],[-0.0128622,51.4643707],[-0.0128802,51.4643884],[-0.0129023,51.4644057],[-0.0129256,51.4644176],[-0.0129739,51.4644319]]]}},{"type":"Feature","properties":{"kind":"stops"},"geometry":{"type":"MultiPoint","coordinates":[[-0.0235749,51.475227],[-0.0531638,51.4385596],[-0.0453613,51.4500132],[-0.0403319,51.4753658],[-0.0326914,51.476356],[-0.0130335,51.4655922],[-0.0248829,51.4446596],[-0.0137161,51.4652629],[0.0088458,51.4658126],[-0.0164322,51.4687659],[-0.0131584,51.4650786],[0.0001778,51.4508736],[-0.0343015,51.4905335],[-0.0402214,51.4754328],[-0.0235044,51.4696442],[-0.0566389,51.4351253],[-0.0548401,51.439269],[-0.0578535,51.4403512],[-0.0591711,51.4329672],[-0.0488551,51.4263756],[-0.0555477,51.435684],[-0.0600569,51.4315313],[-0.0624708,51.4405581],[-0.0313104,51.4758573],[-0.0311729,51.4756875],[-0.0410958,51.4748719],[-0.0410918,51.4742613],[-0.0393878,51.4750413],[-0.0392622,51.4751998],[-0.0148596,51.4238925],[-0.0149721,51.4236414],[0.0090742,51.4654134],[0.0090223,51.4651812],[-0.0245555,51.444466],[-0.0235219,51.4446412],[-0.0242204,51.4450169],[-0.0243899,51.444492],[-0.0552298,51.4395465],[-0.0547721,51.4393719],[-0.0540472,51.4388803],[-0.0536578,51.4395979],[-0.0507835,51.4398006],[0.0214452,51.4310617],[0.0211579,51.4303533],[0.022251,51.4315218],[0.0209942,51.431887],[-0.0445804,51.4495759],[-0.0458947,51.4496344],[-0.036376,51.4560955],[-0.0372118,51.4546897],[-0.0204103,51.4578643],[-0.0433041,51.4871313],[-0.043622,51.4877978],[-0.0495057,51.4768156],[-0.0204892,51.4565963],[-0.021051,51.4564607],[-0.0200207,51.4574916],[0.0128676,51.4495098],[0.0130471,51.4483453],[-0.0124493,51.4640225],[-0.0123979,51.4639348],[-0.0137428,51.4645986],[-0.014003,51.4644448],[-0.0130804,51.4648747],[-0.0320708,51.425509],[-0.0234534,51.4751954],[-0.0235565,51.4754514],[-0.0230879,51.4746176],[-0.0232487,51.4743778],[-0.019025,51.4687181],[-0.0184823,51.468175],[0.0253785,51.4316428],[0.0264875,51.4315573],[-0.0334987,51.4735868],[-0.0321535,51.4732885],[-0.0421606,51.4698389],[-0.0375277,51.4315181],[-0.0377104,51.4318172],[-0.0018162,51.4377802],[-0.0206584,51.4403868],[-0.0196951,51.4392584],[0.0131342,51.4460045],[0.0141605,51.4450989],[0.0142952,51.4452235],[0.0132073,51.4458654],[-0.0382964,51.4308931],[-0.0385146,51.4311159],[-0.0306484,51.440271],[-0.0288749,51.4410148],[-0.002567,51.4222494],[-0.0022401,51.4221594],[-0.0223974,51.4335042],[-0.0116966,51.4676506],[-0.0339557,51.4422756],[-0.0330928,51.4419512],[-0.0002015,51.4286545],[-0.0580584,51.4235041],[0.0006589,51.4363834],[0.0007631,51.4364815],[-0.0219787,51.4326854],[-0.0008372,51.4338417],[-0.0008863,51.433745],[0.0026728,51.4586949],[0.0011745,51.4585161],[-0.0339977,51.4595186],[-0.0339007,51.4586377],[-0.0290229,51.4631553],[-0.0289561,51.4630399],[-0.0552208,51.4493253],[-0.0374494,51.4295178],[-0.0372747,51.4297136],[-0.0343793,51.430776],[-0.0353789,51.4306291],[-0.0349211,51.4306489],[-0.0215305,51.4316946],[-0.0174567,51.4326061],[-0.0176291,51.4338409],[-0.0080352,51.4620442],[-0.0069292,51.4618047],[-0.0040083,51.4598876],[-0.0034464,51.4592292],[-0.0420401,51.4898659],[-0.0412735,51.4894982],[-0.0436681,51.4616613],[-0.0436545,51.4614257],[-0.0434586,51.4609318],[-0.0363322,51.4640472],[-0.0358641,51.4633813],[-0.0349755,51.4637876],[-0.0391609,51.4524524],[-0.0381607,51.4533978],[-0.0427402,51.4443243],[-0.0425327,51.4450331],[-0.0404887,51.4486879],[-0.0427555,51.4490761],[-0.0410591,51.4490691],[-0.0412695,51.4482203],[-0.0407816,51.4482007],[0.0006422,51.4193006],[0.0011285,51.4191016],[-0.0034191,51.4238679],[-0.0042965,51.424777],[-0.0052649,51.4250036],[-0.0136783,51.4282906],[-0.0136432,51.4281187],[-0.0239688,51.4628164],[-0.0238099,51.4626527],[-0.0215571,51.4312933],[-0.0020885,51.4456006],[-0.0022023,51.4444683],[-0.0223776,51.4406043],[-0.0705724,51.4317907],[-0.0712006,51.4316401],[0.006254,51.4636828],[0.007031,51.463972],[-0.0121651,51.467878],[-0.0381586,51.4284235],[-0.0657808,51.4266411],[-0.0669529,51.426615],[-0.0192696,51.4384014],[-0.0469289,51.4284591],[-0.0466042,51.4290571],[0.0195887,51.4468508],[0.0022383,51.435254],[0.0025123,51.435138],[-0.0341349,51.4366838],[-0.0344264,51.4353723],[-0.0241914,51.4444214],[-0.0236709,51.444502],[-0.0281803,51.4430414],[-0.0180582,51.4349194],[-0.0177555,51.4346134],[-0.0178032,51.4348845],[-0.0156359,51.4309832],[-0.0157106,51.4312604],[-0.0651442,51.430941],[-0.0655672,51.4308865],[0.022157,51.4362149],[0.022357,51.4361286],[-0.0579973,51.4232687],[0.0071289,51.4341251],[0.006944,51.4339931],[-0.0723345,51.426343],[-0.0692479,51.4262863],[0.0065006,51.4587086],[0.0055213,51.4586314],[-0.0462531,51.4316933],[-0.0460467,51.4318457],[-0.0356128,51.4567695],[-0.0350055,51.4575951],[-0.0068302,51.4707104],[-0.0054172,51.4711851],[-0.0065008,51.4709108],[-0.0040192,51.4705399],[-0.0600315,51.4309145],[-0.060861,51.4305836],[-0.0526165,51.4382853],[-0.0522473,51.4376129],[-0.0216048,51.4596294],[-0.0210597,51.4610225],[0.0206187,51.4448759],[-0.0412502,51.4802868],[-0.0408286,51.4797514],[-0.0108764,51.4568616],[-0.0221477,51.4711263],[-0.0213731,51.4706174],[-0.0423429,51.4428176],[-0.0419787,51.4422718],[-0.0436839,51.4423199],[-0.0411099,51.4420945],[-0.0231322,51.4797648],[-0.0676221,51.4334415],[-0.0572762,51.425448],[-0.0569942,51.4257273],[-0.0567796,51.4277241],[-0.0562989,51.4274999],[-0.041923,51.481999],[-0.0415699,51.4828545],[-0.0019256,51.4395984],[-0.0018038,51.4402084],[0.0052813,51.4395505],[0.0053436,51.4399097],[-0.0021196,51.4304913],[0.0037278,51.4264165],[0.0135475,51.429095],[-0.0438702,51.4657053],[-0.0701183,51.4325272],[0.0380853,51.4289583],[-0.0419144,51.4471176],[-0.0424481,51.4467835],[-0.0016882,51.4484971],[-0.0017816,51.4487192],[-0.0168693,51.4268793],[-0.0170083,51.4266543],[-0.0362715,51.4923427],[-0.0488417,51.4261759],[-0.0346404,51.485803],[-0.0342162,51.4853406],[-0.0276311,51.4818069],[-0.0270712,51.4751391],[-0.0390016,51.4883017],[-0.037087,51.4882647],[-0.0371801,51.4880723],[-0.0385941,51.4880139],[-0.0749638,51.4292196],[-0.0367444,51.4786714],[0.0258286,51.4349028],[0.0269768,51.4341885],[-0.0088374,51.467989],[-0.0324421,51.4393893],[-0.0333684,51.4382951],[-0.0565936,51.4431032],[-0.0563382,51.4432434],[-0.0299136,51.4508997],[-0.0342264,51.4768576],[-0.0337513,51.4772803],[-0.0542511,51.447968],[-0.0542886,51.446936],[0.0161629,51.4408229],[0.016451,51.4406056],[-0.0226749,51.4266136],[-0.022843,51.4265204],[-0.0300323,51.4427064],[-0.03051,51.442367],[-0.0423861,51.4337699],[-0.0416962,51.4332104],[-0.0169024,51.4517807],[-0.0167636,51.4511126],[-0.0285125,51.4752416],[-0.034961,51.4782275],[-0.0518188,51.4400304],[-0.0461568,51.4423405],[-0.0449892,51.4422259],[0.0050851,51.4335273],[0.0031163,51.4329287],[-0.0213333,51.4616143],[0.0018881,51.4259627],[0.0013336,51.425686],[-0.0353518,51.4750615],[-0.0239125,51.4731932],[-0.023549,51.4730436],[0.0035489,51.4721658],[-0.0424156,51.4853903],[-0.0423189,51.4856736],[0.021401,51.4323772],[0.0208448,51.4320716],[0.0257141,51.4327118],[-0.0343871,51.4905331],[-0.0345054,51.4900197],[-0.0309787,51.483487],[-0.0320767,51.4838799],[-0.0244539,51.4364725],[-0.0246003,51.4368925],[-0.0015957,51.4369015],[0.0116231,51.4244331],[0.0106397,51.4241927],[-0.0629307,51.4360191],[-0.0627102,51.4356321],[0.0174056,51.4381882],[0.0174257,51.4385661],[0.0119409,51.4529923],[0.0149643,51.4435137],[0.015141,51.4430476],[-0.0039059,51.4308794],[-0.0029298,51.4308221],[-0.0143648,51.4431249],[-0.0138592,51.442904],[-0.0552115,51.4446796],[-0.0548565,51.4452365],[-0.0611136,51.4405853],[-0.0637517,51.4397635],[-0.0175489,51.4651869],[-0.0173431,51.4663263],[-0.0170025,51.4663456],[-0.0522381,51.4490344],[0.0353441,51.4283294],[0.0344534,51.4280303],[-0.0287834,51.4562837],[-0.0279277,51.4562891],[-0.0418212,51.4266134],[-0.0413125,51.4266864],[-0.020773,51.421141],[-0.0210647,51.4208334],[-0.0365904,51.4337645],[-0.0357912,51.4341899],[-0.0231667,51.4399947],[-0.0224531,51.4401252],[-0.0386534,51.4420875],[-0.0380224,51.4422392],[-0.0465309,51.4343168],[-0.0463271,51.434157],[-0.0445943,51.4887088],[-0.0446663,51.4895944],[-0.012441,51.4453079],[-0.0142203,51.4454495],[0.0012362,51.4244834],[0.0007776,51.424534],[-0.040048,51.4366813],[-0.0395878,51.4368349],[0.0066087,51.4370909],[0.0061867,51.4373042],[-0.0045051,51.4499605],[-0.0036131,51.4498082],[-0.0002054,51.4470242],[-0.0001882,51.4468786],[-0.0650531,51.4358284],[-0.062143,51.4343868],[-0.0439256,51.4676339],[-0.0439429,51.4686281],[-0.0237568,51.4356141],[-0.0454417,51.4256611],[-0.0259682,51.4271914],[-0.0271798,51.4267603],[-0.0122601,51.4652194],[-0.0119741,51.4651798],[-0.0113359,51.4601415],[-0.0110748,51.4604715],[-0.0105585,51.4611468],[-0.0107987,51.4606329],[-0.0102729,51.4626411],[-0.026206,51.468673],[-0.0257251,51.4683639],[-0.0164929,51.4533004],[-0.0162724,51.4530361],[-0.0106616,51.4608079],[-0.014036,51.456936],[-0.0138211,51.4571074],[-0.0137902,51.456746],[-0.0160171,51.4547598],[-0.0159319,51.4542697],[-0.0162817,51.4567819],[-0.0167392,51.4566231],[-0.0134411,51.472348],[-0.0122581,51.4662025],[-0.0204353,51.4450336],[-0.0210131,51.4447605],[-0.0222079,51.4441621],[-0.0206928,51.4447578],[-0.0339451,51.4723956],[-0.0335199,51.4724875],[-0.0287933,51.4704075],[-0.029505,51.4707737],[-0.0380594,51.4782166],[-0.0371532,51.4380417],[-0.039764,51.4510387],[-0.0402438,51.4505302],[0.0326376,51.4304323],[0.00926,51.4570152],[0.0087547,51.4572484],[-0.061779,51.4477443],[0.021242,51.4282026],[0.0212345,51.4274238],[-0.0574357,51.4274447],[-0.0571606,51.4272352],[-0.0145409,51.4653388],[-0.0083525,51.4628364],[-0.0080886,51.4627964],[0.0127055,51.4561237],[0.0116049,51.4558534],[0.0113712,51.4560528],[0.0109059,51.4566813],[-0.0054216,51.4607477],[-0.0345969,51.4758749],[-0.0350981,51.4758259],[0.0335167,51.428982],[-0.0475119,51.4257431],[-0.0483238,51.4256729],[-0.0485211,51.4356004],[-0.0307138,51.4717247],[-0.0301805,51.4714932],[-0.0015503,51.4587248],[0.0099464,51.4592044],[-0.0341964,51.4534447],[-0.0348673,51.4535924],[0.0290949,51.4330558],[0.000864,51.4422344],[-0.0184915,51.4365967],[-0.0185175,51.4370339],[-0.0635432,51.4447012],[0.0121568,51.4515969],[-0.0358428,51.4669812],[-0.0356768,51.4667649],[-0.0129622,51.4611896],[-0.0127168,51.4602809],[-0.0288736,51.4589793],[-0.0312046,51.4590207],[0.009724,51.469085],[0.0108166,51.4698447],[-0.0222804,51.4429429],[-0.0131796,51.4692105],[-0.030313,51.4290689],[-0.012336,51.4588185],[-0.0125049,51.458622],[-0.0621548,51.4340967],[0.0135813,51.4281255],[-0.0403328,51.4720326],[-0.0446587,51.4710031],[-0.0004984,51.4693397],[-0.0009338,51.4695963],[-0.0447884,51.4744081],[-0.0442355,51.4743949],[-0.0445627,51.4742213],[-0.0450432,51.4742495],[-0.0486104,51.4739073],[-0.0473555,51.4756454],[-0.0498855,51.4768346],[-0.0426304,51.4767594],[-0.0429319,51.4765164],[-0.0517666,51.4262261],[-0.0522251,51.4261802],[-0.0067908,51.4261041],[-0.0055155,51.4257952],[0.0097996,51.4620755],[-0.0246538,51.4567456],[-0.0239069,51.4565284],[0.0080403,51.4456697],[0.0083229,51.4455744],[-0.0588932,51.4299382],[-0.0583782,51.4295135],[-0.0278069,51.4300365],[0.004432,51.423464],[0.0048349,51.4232678],[-0.0022001,51.4248819],[-0.0024707,51.4246696],[0.0153586,51.4455346],[-0.0173801,51.445186],[-0.052202,51.4730071],[-0.0520807,51.4777073],[-0.0263916,51.4580359],[-0.0115743,51.426934],[-0.0129011,51.4253874],[-0.0099303,51.4624436],[-0.0346292,51.4889455],[-0.0344518,51.4888793],[0.0076085,51.4676792],[0.0156037,51.4455101],[0.0039218,51.4273727],[0.000865,51.4288154],[0.0113829,51.4304404],[0.0116332,51.4304012],[-0.0433154,51.4352987],[-0.0000968,51.4324638],[-0.0003973,51.4322665],[-0.0171813,51.4492594],[-0.0176216,51.4480878],[-0.0335375,51.4590466],[-0.0442946,51.4351775],[0.0104907,51.4509773],[0.0105767,51.4508603],[-0.0379546,51.4282548],[-0.0194382,51.4270724],[-0.0188455,51.4264382],[-0.0098068,51.426734],[-0.0116457,51.4278625],[-0.0020989,51.442551],[-0.001891,51.4418377],[-0.0026238,51.4420653],[-0.0348554,51.4612257],[-0.0351904,51.4613837],[-0.0014952,51.4421761],[-0.0439416,51.4640444],[-0.0437888,51.4641522],[-0.0087131,51.468849],[0.0052081,51.4259051],[0.0043956,51.42596],[-0.0606956,51.4319183],[-0.0615383,51.4281083],[-0.0635297,51.4272389],[-0.0673435,51.4312487],[-0.0685954,51.4313274],[-0.0582375,51.4339745],[-0.0583293,51.4338808],[-0.0629021,51.4392675],[-0.06296,51.4390039],[-0.0215449,51.4627702],[-0.0214059,51.4627007],[-0.0441712,51.4579199],[-0.0442599,51.4573899],[-0.0355211,51.471087],[-0.0355223,51.47038],[-0.0415073,51.4812557],[-0.010431,51.4423066],[-0.0094484,51.4420721],[0.0137274,51.472345],[0.0146515,51.4727869],[-1e-7,51.4630366],[0.0133649,51.4271454],[0.0133523,51.4254479],[-0.058336,51.4412131],[-0.0584096,51.4408615],[-0.0147561,51.4714533],[-0.0399281,51.4677459],[0.0070762,51.4667593],[-0.0417909,51.4836652],[-0.0205933,51.4290524],[-0.0066613,51.4516376],[-0.0061283,51.4512108],[-0.0043246,51.4628722],[-0.003532,51.4626639],[-0.0139681,51.4289614],[-0.0143736,51.429519],[-0.0503438,51.4403079],[-0.048128,51.4409975],[-0.0096794,51.4670436],[-0.0411351,51.4686045],[-0.0418792,51.4684672],[-0.0287521,51.4622492],[-0.0435853,51.4599327],[-0.0433918,51.4594105],[-0.0260224,51.462544],[-0.0253765,51.4622787],[-0.0229462,51.4676352],[-0.0200155,51.4662255],[-0.0209928,51.4664655],[-0.0226303,51.4463304],[-0.008265,51.4536554],[-0.0087548,51.4545255],[-0.0249526,51.437846],[-0.0014868,51.4451441],[-0.0028978,51.4450197],[-0.0072997,51.4725508],[-0.0227135,51.4782801],[-0.0229875,51.4781933],[0.002688,51.4683624],[0.0028402,51.4682414],[0.0083891,51.4245905],[0.0076932,51.4247192],[-0.0337498,51.438952],[0.0127858,51.4288816],[0.0031476,51.4451482],[0.0040585,51.4415676],[0.0041017,51.4418159],[-0.0317955,51.4638858],[-0.0308353,51.463535],[0.0029775,51.4422696],[0.0029622,51.4421813],[-0.07332,51.4315375],[-0.0582099,51.4497471],[0.0215418,51.4480271],[0.0218304,51.4478429],[-0.0322909,51.4271431],[-0.032064,51.4272851],[-0.031385,51.4276889],[-0.0300638,51.4275216],[0.0076963,51.4225853],[0.0073301,51.4225776],[-0.0203494,51.4439721],[-0.0202235,51.4437263],[-0.0202509,51.443462],[0.020089,51.4307782],[0.0204491,51.4306365],[-0.0382882,51.466026],[-0.0383362,51.4655162],[0.019986,51.4352295],[0.0197431,51.4357146],[0.0229605,51.4316083],[-0.0284438,51.4618789],[0.0002533,51.4498729],[-0.0028913,51.4217466],[-0.02231,51.4299033],[-0.0131356,51.4605197],[-0.0186329,51.4472204],[-0.0195046,51.4456822],[-0.0198531,51.4447614],[-0.0180802,51.4460443],[-0.0197728,51.4456555],[0.0090445,51.4690705],[0.0091714,51.4691549],[0.0166218,51.4551489],[-0.0437511,51.4250475],[-0.043483,51.4248107],[-0.0057361,51.4450315],[0.0172324,51.4306778],[0.0159811,51.4302803],[0.0305321,51.4316546],[0.0316697,51.4312415],[0.0311529,51.4320334],[0.032265,51.4316975],[-0.0345215,51.4922241],[-0.0343624,51.4921302],[-0.0083181,51.4451389],[-0.0105436,51.4450574],[-0.0498694,51.4361474],[0.0137987,51.4470809],[0.0142113,51.4468741],[-0.0741814,51.4273042],[-0.0361586,51.4685182],[-0.0357697,51.4693644],[-0.037531,51.4545253],[0.0013895,51.4477687],[0.0209146,51.433626],[0.0218486,51.432688],[-0.0020142,51.4583862],[-0.0018203,51.4581779],[-0.0014545,51.4556608],[-0.0015747,51.4562025],[-0.0001152,51.4545582],[-0.0003654,51.4548966],[-0.0009242,51.4526627],[-0.0007116,51.4526894],[0.0015505,51.4515633],[0.0054883,51.4512147],[0.0062494,51.4512061],[0.0120715,51.4508331],[0.0118318,51.4507512],[0.009095,51.4344336],[0.009382,51.4342631],[-0.0116226,51.4293777],[-0.0118146,51.4291759],[-0.0063548,51.430411],[-0.0061312,51.4303113],[-0.0209563,51.4665059],[-0.0358314,51.4753189],[-0.0160268,51.4683568],[-0.0222192,51.4738959],[-0.0325103,51.4763546],[-0.032497,51.47641],[-0.0324674,51.4767351],[-0.0144642,51.465705],[3e-7,51.4508083],[0.0016581,51.4512535],[-0.0010344,51.4519412],[-0.0012017,51.4518719],[-0.0138629,51.4657452],[0.0239306,51.4295399],[0.0239873,51.4297066],[0.0224772,51.4301466],[0.0226349,51.4301858],[0.0219125,51.4308549],[-0.0529561,51.4398642],[-0.0446785,51.4509078],[-0.0409172,51.4760006],[0.005568,51.4655358],[-0.027359,51.4791998],[-0.0163925,51.4249509],[-0.0332864,51.4249124],[-0.0199379,51.4339452],[-0.0259355,51.4452193],[-0.0244858,51.4465528],[-0.0354467,51.4546216],[-0.0201082,51.4546696],[-0.036376,51.4550349],[-0.0190563,51.4562443],[-0.053883,51.4286501],[-0.0545599,51.4268339],[-0.0310627,51.4834589],[-0.0231712,51.4745594],[-0.0127937,51.464837],[-0.0233166,51.4744728],[-0.0313538,51.4553172],[-0.0310761,51.4555522],[-0.0125921,51.4629043],[-0.0130503,51.4611905],[-0.0127898,51.4602855],[-0.0101353,51.4627081],[-0.0098359,51.4625487],[-0.00834,51.4628022],[-0.0081342,51.4628605],[-0.0104962,51.4610995],[-0.0105691,51.4610323],[-0.0108694,51.4606282],[-0.0109996,51.4604562],[-0.0112842,51.4601119],[-0.0043473,51.4628344],[-0.0034846,51.4626986],[0.000055,51.4629855],[0.0008957,51.4631509],[0.0063544,51.463749],[0.0070974,51.4639312],[0.0076691,51.4676368],[0.0071742,51.4673628],[0.0072213,51.4667801],[0.0097796,51.4690754],[0.0107684,51.4698752],[0.013766,51.4723101],[0.014579,51.4727956],[-0.017283,51.4649447],[0.0190225,51.4425013],[-0.0435932,51.4668215],[-0.0153249,51.4240637],[-0.019416,51.4331954],[-0.0261269,51.4444949],[-0.0124929,51.46421],[-0.0127387,51.4629264],[-0.0419922,51.489907],[-0.0413014,51.4894556],[-0.0131537,51.4648746],[-0.0122403,51.4652776],[-0.0119178,51.4652388],[-0.0139745,51.4645557],[-0.0126406,51.4640301],[-0.0127005,51.4641989],[-0.012584,51.4638628],[-0.0390269,51.488274],[-0.0385242,51.4880225],[-0.0372316,51.4881056],[-0.0370274,51.48824],[-0.0341462,51.4853572],[-0.0347119,51.4857831],[-0.0289658,51.4825056],[-0.0290138,51.4824688],[-0.0320201,51.483932],[-0.0275516,51.4818504],[-0.0484484,51.474029],[-0.0251709,51.4786905],[-0.0266335,51.4579997],[-0.0112332,51.4643081],[-0.0409914,51.4742641],[-0.0448034,51.4743155],[-0.0442406,51.4743127],[-0.0449877,51.474315],[-0.044427,51.4743148],[0.0207723,51.4320458],[0.0210616,51.4319233],[0.0015696,51.4516661],[0.0213065,51.4323756],[0.0229653,51.4315603],[0.0222401,51.4315522],[0.0204457,51.4306991],[0.0213159,51.4310835],[0.0200783,51.4307096],[0.0212482,51.4303505],[-0.0111146,51.4643246],[-0.0177341,51.4338573],[-0.0172963,51.4326238],[-0.0179117,51.4348023],[-0.0179322,51.4349305],[-0.0178897,51.4346727],[-0.0186012,51.4370288],[-0.0184246,51.4366463],[-0.0408522,51.4482374],[-0.0406506,51.4486654],[-0.0413538,51.4482401],[0.0339964,51.4263353],[-0.0128517,51.4567621],[0.0008805,51.442138],[-0.027153,51.4537123],[-0.0294275,51.453288],[-0.0288874,51.4463567],[-0.0296284,51.44851],[-0.0302714,51.452632],[-0.0263844,51.4442472],[-0.0251108,51.4545073],[-0.0280827,51.4536547],[-0.029386,51.4472594],[-0.0267212,51.4442526],[-0.0298791,51.4490398],[-0.0300354,51.4509486],[-0.030427,51.4527055],[0.0001653,51.4498402],[-0.0137343,51.4645654],[-0.0428497,51.4765356],[-0.0345606,51.4889525],[-0.0345516,51.4888894],[-0.0345903,51.4900271],[-0.0344412,51.4921302],[-0.0344605,51.4922417],[-0.0357213,51.4925142],[-0.0363186,51.492397],[-0.0209262,51.468623],[-0.0411729,51.4747915],[-0.023405,51.475471],[-0.0228335,51.4782092],[-0.0230942,51.4800899],[-0.0271611,51.4750988],[-0.0284824,51.4753045],[-0.0313257,51.4758203],[-0.0312082,51.4757264],[-0.0391391,51.4751924],[-0.0394432,51.4751157],[-0.0345468,51.4758063],[-0.035082,51.4757698],[-0.035773,51.475381],[-0.0352762,51.4751166],[-0.0545976,51.4374609],[-0.0345026,51.4306656],[-0.0130311,51.4605179],[-0.0551479,51.4366652],[-0.0243363,51.4550306],[0.0009304,51.4631001],[-0.0409833,51.4762171],[-0.040298,51.4752002],[-0.0375857,51.4650165],[-0.037612,51.4638044],[0.0135343,51.4497605],[0.0159457,51.4495413],[-0.0007973,51.4520593],[-0.0121789,51.466161],[-0.0495456,51.4767753],[-0.0520309,51.4777632],[-0.049825,51.4768926],[-0.0472607,51.4757112],[-0.0200572,51.4661544],[-0.0185423,51.4681324],[-0.0142247,51.4454912],[-0.012463,51.4452605],[-0.0180765,51.4459838],[-0.0426124,51.4767205],[0.0243167,51.4401904],[0.0229099,51.4378047],[0.0245168,51.4410213],[0.0227143,51.4376927],[0.0209156,51.4427856],[0.0164015,51.4456948],[-0.054157,51.4281351],[-0.054273,51.4273453],[-0.032811,51.476663],[-0.0328654,51.4769817],[-0.0223329,51.4691808],[-0.0126015,51.4655233],[-0.0125722,51.4656041],[-0.0001152,51.4511894],[-0.0002438,51.4510867],[-0.0137926,51.4649283],[-0.0004025,51.4510619],[-0.0139002,51.4648463],[0.0002569,51.45183],[-0.0130996,51.4650779],[0.0008759,51.4515014],[0.023362,51.4296671],[0.0232443,51.4300609],[0.0229763,51.4300446],[-0.0377503,51.464291],[-0.0451224,51.4504848],[-0.0449109,51.4504218],[-0.0375138,51.4642764],[-0.0531845,51.4392302],[-0.0529146,51.4392492],[-0.0409561,51.4759435],[-0.0405627,51.4759978],[-0.0407114,51.4757994],[-0.016313,51.468557],[-0.0161497,51.4685669],[-0.0331493,51.4250332],[0.007042,51.4656113],[0.0069423,51.4657088],[-0.0333169,51.424963],[-0.0159048,51.4245044],[-0.0197614,51.4335224],[-0.0246213,51.4455513],[-0.0157917,51.4245544],[-0.0196292,51.4335932],[-0.0258835,51.4450539],[-0.0260141,51.4451003],[-0.02475,51.4455521],[-0.0358156,51.4547583],[-0.0356975,51.4548318],[-0.0196875,51.4554403],[-0.0195159,51.4554519],[-0.0264021,51.4790843],[-0.0258052,51.4788775],[-0.0344635,51.4856822],[-0.0130409,51.4650944],[-0.0406666,51.4758104],[-0.0407617,51.4762554],[0.0147052,51.4497107],[0.0147382,51.4496062],[0.0230285,51.43007],[0.0232783,51.4300837],[-0.0002021,51.451102],[-0.0177922,51.4290825],[-0.0178839,51.4288638],[-0.0413297,51.4895273],[-0.0390376,51.4883318],[-0.0413745,51.4895595]]}},{"type":"Feature","properties":{"kind":"station","name":"Catford"},"geometry":{"type":"Point","coordinates":[-0.0261521,51.4444696]}},{"type":"Feature","properties":{"kind":"station","name":"Lewisham DLR"},"geometry":{"type":"Point","coordinates":[-0.0130109,51.4649887]}},{"type":"Feature","properties":{"kind":"station","name":"Blackheath"},"geometry":{"type":"Point","coordinates":[0.0089218,51.4657989]}},{"type":"Feature","properties":{"kind":"station","name":"Deptford"},"geometry":{"type":"Point","coordinates":[-0.0266353,51.4789824]}},{"type":"Feature","properties":{"kind":"station","name":"Sydenham"},"geometry":{"type":"Point","coordinates":[-0.0542215,51.427742]}},{"type":"Feature","properties":{"kind":"station","name":"Forest Hill"},"geometry":{"type":"Point","coordinates":[-0.0530903,51.4392419]}},{"type":"Feature","properties":{"kind":"station","name":"Honor Oak Park"},"geometry":{"type":"Point","coordinates":[-0.0450199,51.4504605]}},{"type":"Feature","properties":{"kind":"station","name":"New Cross Gate"},"geometry":{"type":"Point","coordinates":[-0.0404289,51.4752983]}},{"type":"Feature","properties":{"kind":"station","name":"New Cross"},"geometry":{"type":"Point","coordinates":[-0.0326237,51.4763706]}},{"type":"Feature","properties":{"kind":"station","name":"St Johns"},"geometry":{"type":"Point","coordinates":[-0.0221846,51.4690905]}},{"type":"Feature","properties":{"kind":"station","name":"Grove Park"},"geometry":{"type":"Point","coordinates":[0.0220245,51.4307645]}},{"type":"Feature","properties":{"kind":"station","name":"Hither Green"},"geometry":{"type":"Point","coordinates":[-0.0006473,51.4515872]}},{"type":"Feature","properties":{"kind":"station","name":"Ladywell"},"geometry":{"type":"Point","coordinates":[-0.0191917,51.4560257]}},{"type":"Feature","properties":{"kind":"station","name":"Catford Bridge"},"geometry":{"type":"Point","coordinates":[-0.0249226,51.4445909]}},{"type":"Feature","properties":{"kind":"station","name":"Lower Sydenham"},"geometry":{"type":"Point","coordinates":[-0.0332998,51.4247446]}},{"type":"Feature","properties":{"kind":"station","name":"Elverson Road"},"geometry":{"type":"Point","coordinates":[-0.0162072,51.4685232]}},{"type":"Feature","properties":{"kind":"station","name":"Lewisham"},"geometry":{"type":"Point","coordinates":[-0.0139562,51.4656437]}},{"type":"Feature","properties":{"kind":"station","name":"Brockley"},"geometry":{"type":"Point","coordinates":[-0.0376125,51.4642287]}},{"type":"Feature","properties":{"kind":"station","name":"Crofton Park"},"geometry":{"type":"Point","coordinates":[-0.0366299,51.4552149]}},{"type":"Feature","properties":{"kind":"station","name":"Bellingham"},"geometry":{"type":"Point","coordinates":[-0.0195194,51.4328307]}},{"type":"Feature","properties":{"kind":"station","name":"Beckenham Hill"},"geometry":{"type":"Point","coordinates":[-0.0159101,51.4245222]}},{"type":"Feature","properties":{"kind":"station","name":"Lee"},"geometry":{"type":"Point","coordinates":[0.0143728,51.449689]}},{"type":"Feature","properties":{"kind":"station","name":"Lewisham Bus Station"},"geometry":{"type":"Point","coordinates":[-0.0148686,51.4656568]}}]}
