{"type":"FeatureCollection","properties":{"borough":"Waltham Forest","generatedAt":"2026-09-30T16:32:48.219Z","source":"© OpenStreetMap contributors, ODbL 1.0","majorRouteCount":33,"otherRouteCount":96,"stopCount":832,"stationCount":13},"features":[{"type":"Feature","properties":{"kind":"boundary"},"geometry":{"type":"Polygon","coordinates":[[[-0.0622485,51.5794562],[-0.0622265,51.5792483],[-0.0622101,51.5791903],[-0.0621833,51.5791263],[-0.0621472,51.5790596],[-0.0619746,51.5788559],[-0.0617952,51.5786538],[-0.061659,51.5784766],[-0.061544,51.5783094],[-0.0613116,51.5779621],[-0.0611842,51.5777843],[-0.0609947,51.5774206],[-0.0606904,51.5768382],[-0.0603339,51.5761624],[-0.0600835,51.5756025],[-0.0600046,51.5754231],[-0.0597417,51.5750222],[-0.0596861,51.5749377],[-0.0593728,51.5744316],[-0.0590794,51.5740698],[-0.0588648,51.5737551],[-0.0587481,51.5735139],[-0.0587428,51.573503],[-0.0585938,51.5732047],[-0.058533,51.5729393],[-0.0584964,51.5727139],[-0.0584502,51.5725792],[-0.0584309,51.5725249],[-0.0582258,51.5723246],[-0.0575903,51.5718977],[-0.0571061,51.5716109],[-0.0567707,51.5713554],[-0.0566216,51.5709932],[-0.0563992,51.5707944],[-0.0561722,51.570671],[-0.0560103,51.5706081],[-0.0558696,51.5705581],[-0.0557805,51.5705485],[-0.0555761,51.5705379],[-0.0552903,51.5705386],[-0.0549803,51.5704993],[-0.0547916,51.5704575],[-0.0546792,51.5704197],[-0.0545561,51.5703628],[-0.0544391,51.5702988],[-0.0542919,51.5701965],[-0.054176,51.5700732],[-0.0535347,51.5690059],[-0.0533843,51.5687436],[-0.0532939,51.5686629],[-0.0531592,51.5685735],[-0.0528249,51.5683935],[-0.0519345,51.567992],[-0.0511755,51.5677213],[-0.0508527,51.5675766],[-0.050788,51.5675386],[-0.0506886,51.5674668],[-0.0504469,51.5672146],[-0.049852,51.5668531],[-0.0491502,51.5663927],[-0.0490539,51.5663174],[-0.0489596,51.5662286],[-0.0485676,51.5659127],[-0.0484337,51.5658062],[-0.0483064,51.5657132],[-0.0482391,51.5656663],[-0.0476666,51.5653231],[-0.0475476,51.5652384],[-0.0474835,51.5651834],[-0.0468368,51.5645171],[-0.0467273,51.5643795],[-0.0466734,51.5642572],[-0.0466526,51.5642047],[-0.0466386,51.5641595],[-0.0466251,51.5641053],[-0.0466173,51.5640503],[-0.0466153,51.5639963],[-0.0466234,51.5639434],[-0.0466351,51.5639049],[-0.0466511,51.5638674],[-0.0466701,51.56383],[-0.0466933,51.5637935],[-0.0467179,51.563757],[-0.0467424,51.5637242],[-0.0467818,51.5636798],[-0.046824,51.5636374],[-0.0470283,51.5634169],[-0.0472001,51.5632444],[-0.0472319,51.5632098],[-0.0472594,51.5631734],[-0.0472827,51.5631369],[-0.0472998,51.5631066],[-0.047316,51.5630665],[-0.0473292,51.563028],[-0.0473381,51.5629877],[-0.0473412,51.5629482],[-0.0473415,51.5629086],[-0.0473374,51.5628699],[-0.0473248,51.5628265],[-0.0473119,51.5627912],[-0.0472946,51.5627577],[-0.0472729,51.562724],[-0.0472484,51.5626912],[-0.0472194,51.5626602],[-0.0471875,51.5626309],[-0.0471512,51.5626015],[-0.0470922,51.5625654],[-0.0470287,51.562532],[-0.0469607,51.5625021],[-0.0469039,51.5624796],[-0.0468016,51.5624428],[-0.046729,51.5624218],[-0.0466562,51.5624035],[-0.0465689,51.5623859],[-0.0460642,51.5623118],[-0.0457264,51.5622504],[-0.0457055,51.5622321],[-0.0453548,51.5619322],[-0.045104,51.5617581],[-0.0447405,51.56169],[-0.0444745,51.5617026],[-0.0443643,51.5617143],[-0.0441455,51.5617367],[-0.0437351,51.5617191],[-0.0433736,51.5616015],[-0.0427935,51.5614381],[-0.0427121,51.5614178],[-0.0425392,51.5613799],[-0.0423897,51.5613666],[-0.0421928,51.5613813],[-0.0418885,51.561414],[-0.0417141,51.5614426],[-0.0410792,51.5616136],[-0.0407414,51.5617168],[-0.0406105,51.5617434],[-0.0404768,51.5617636],[-0.0403146,51.5617798],[-0.0401916,51.5617876],[-0.0400766,51.5617785],[-0.0399106,51.5617128],[-0.0397253,51.5616261],[-0.0393752,51.5614143],[-0.0392338,51.5613139],[-0.0391091,51.5612282],[-0.038983,51.5611739],[-0.0388378,51.5611607],[-0.0387265,51.561166],[-0.0384858,51.561162],[-0.0383672,51.5611681],[-0.0381383,51.5611904],[-0.0379496,51.561216],[-0.0376834,51.5612682],[-0.0372411,51.56142],[-0.0370866,51.5614561],[-0.0369645,51.5614783],[-0.036815,51.5614983],[-0.0366919,51.5615088],[-0.0366081,51.5615119],[-0.0364166,51.5615042],[-0.0360147,51.5614543],[-0.0352634,51.5612799],[-0.035027,51.5612067],[-0.0349079,51.5611579],[-0.0347285,51.5610713],[-0.0342669,51.5608675],[-0.033878,51.5607198],[-0.0336711,51.5606669],[-0.0335164,51.56064],[-0.033308,51.5606212],[-0.0328749,51.5606292],[-0.0325698,51.5606781],[-0.032178,51.5607632],[-0.0316909,51.5609169],[-0.0311977,51.5611128],[-0.0311463,51.5611353],[-0.0310934,51.561156],[-0.0310392,51.5611758],[-0.0309836,51.5611946],[-0.030928,51.5612126],[-0.0308724,51.5612296],[-0.0308388,51.561239],[-0.0307818,51.5612551],[-0.0307235,51.5612694],[-0.0306652,51.5612828],[-0.0306055,51.5612953],[-0.0305459,51.5613069],[-0.0304863,51.5613176],[-0.0304253,51.5613273],[-0.0303643,51.5613353],[-0.030302,51.5613424],[-0.0302918,51.561344],[-0.0302309,51.5613502],[-0.0301701,51.5613554],[-0.030118,51.5613599],[-0.0301093,51.5613607],[-0.0300485,51.5613642],[-0.0297934,51.5613581],[-0.0297561,51.5613539],[-0.0297203,51.5613488],[-0.0295894,51.5613385],[-0.0293766,51.5613232],[-0.0291705,51.5612838],[-0.0285521,51.561072],[-0.0281278,51.5609084],[-0.0278912,51.5608082],[-0.0275319,51.5606762],[-0.0268527,51.5603672],[-0.0265064,51.5602031],[-0.0263719,51.5601423],[-0.0262007,51.5600648],[-0.0258909,51.5599229],[-0.0255345,51.5596921],[-0.025139,51.5593968],[-0.0249497,51.559238],[-0.0247592,51.5590721],[-0.0246563,51.5589822],[-0.0245455,51.5588778],[-0.0244472,51.5587485],[-0.0243776,51.5586565],[-0.0242782,51.5584857],[-0.0242042,51.5582975],[-0.0240716,51.5579274],[-0.0239825,51.5576193],[-0.0239687,51.5573726],[-0.0239199,51.5573682],[-0.0235535,51.5573324],[-0.0230942,51.5572788],[-0.023034,51.5572706],[-0.0225573,51.5570521],[-0.0219339,51.5567574],[-0.0207749,51.5562388],[-0.0201596,51.5559543],[-0.0191599,51.5554921],[-0.0188275,51.5553399],[-0.0184712,51.5551757],[-0.0180757,51.5540863],[-0.0179505,51.5542109],[-0.0179063,51.5541371],[-0.0178362,51.5540202],[-0.0177997,51.5539638],[-0.0176759,51.5537261],[-0.0175043,51.5533923],[-0.0173071,51.5523872],[-0.0173007,51.5523624],[-0.0171895,51.5517089],[-0.01717,51.5515926],[-0.0171679,51.5515755],[-0.017119,51.5513864],[-0.016953,51.5514056],[-0.01695,51.5514415],[-0.0169338,51.5515806],[-0.0156817,51.5517159],[-0.0143678,51.551878],[-0.0136188,51.5519859],[-0.0133502,51.5520245],[-0.0131309,51.5520603],[-0.0129201,51.5520972],[-0.0118033,51.5523373],[-0.0111019,51.5525439],[-0.0108719,51.5526237],[-0.010814,51.552629],[-0.0106985,51.5526306],[-0.0105778,51.5526214],[-0.0104562,51.5525977],[-0.010392,51.5525813],[-0.010213,51.5525172],[-0.0099469,51.552402],[-0.0097611,51.5523296],[-0.0094544,51.5522174],[-0.0092114,51.5518032],[-0.0091734,51.551683],[-0.0091469,51.5515297],[-0.0091611,51.5512709],[-0.0091514,51.5510972],[-0.0091198,51.5508952],[-0.0090207,51.5506211],[-0.0088729,51.5503056],[-0.0087354,51.5499535],[-0.0086672,51.5499298],[-0.0086587,51.549927],[-0.0085344,51.5499312],[-0.0083673,51.5499607],[-0.0079999,51.5500507],[-0.0069733,51.5502716],[-0.0062853,51.5504038],[-0.0059743,51.5504893],[-0.0056907,51.5505762],[-0.005048,51.5507937],[-0.0038048,51.5511502],[-0.0036181,51.5508737],[-0.0026057,51.5511819],[-0.0015851,51.5514766],[-0.0011002,51.5515808],[-0.0009342,51.5516157],[-0.0003338,51.5517215],[-0.0001672,51.5517386],[0.0003431,51.5517972],[0.001292,51.5518898],[0.0021171,51.5519567],[0.0025101,51.552003],[0.003208,51.5520826],[0.0032348,51.5519672],[0.0032471,51.551904],[0.0035779,51.5519479],[0.0038161,51.5519843],[0.0038284,51.5519356],[0.0038602,51.5518073],[0.0049949,51.551894],[0.0050007,51.5518939],[0.0049633,51.5521248],[0.005193,51.5521344],[0.0052487,51.5518268],[0.0052719,51.5518282],[0.0057523,51.5518631],[0.0058144,51.5516917],[0.0058218,51.5516713],[0.0058229,51.551665],[0.0058116,51.5515408],[0.0058089,51.5515105],[0.0057781,51.5512368],[0.0057589,51.5511761],[0.0057312,51.5510883],[0.005612,51.5508368],[0.0055206,51.5506612],[0.005797,51.5506492],[0.006837,51.5508788],[0.0075798,51.5510099],[0.0077088,51.5510221],[0.0081694,51.5510655],[0.0095257,51.5512392],[0.0094676,51.551407],[0.009525,51.5514663],[0.0096564,51.5516007],[0.009957,51.5517554],[0.0100034,51.5517793],[0.0101602,51.55186],[0.0102175,51.551895],[0.0103326,51.5519653],[0.0103465,51.5519738],[0.0108404,51.5522664],[0.0108007,51.5523037],[0.010704,51.5523946],[0.010691,51.5524068],[0.0106749,51.552422],[0.0105956,51.5524995],[0.0105641,51.5525267],[0.0096398,51.553435],[0.0111277,51.5543996],[0.0116295,51.5539155],[0.0116388,51.5539188],[0.0117101,51.5539432],[0.0118072,51.553977],[0.0119346,51.5540226],[0.0121104,51.5540854],[0.0139437,51.5547308],[0.0145913,51.5549562],[0.0156403,51.5539508],[0.0157173,51.553864],[0.015988,51.5535599],[0.0162717,51.5532241],[0.0167781,51.5533991],[0.0169624,51.5531844],[0.0178894,51.5535601],[0.0186009,51.5538581],[0.0193962,51.5541029],[0.0193565,51.5541836],[0.0200936,51.554412],[0.0203352,51.5544375],[0.0215296,51.5548997],[0.021288,51.555137],[0.0213347,51.5551729],[0.0204469,51.5561266],[0.0203107,51.556251],[0.0201386,51.5564078],[0.0200649,51.556474],[0.0199248,51.5566011],[0.0197826,51.5567289],[0.019477,51.5569935],[0.0192804,51.5571597],[0.019155,51.5572623],[0.018988,51.5574053],[0.0187385,51.5576185],[0.0185903,51.5577432],[0.0184167,51.5578931],[0.0183165,51.5579784],[0.0182996,51.5579895],[0.0181613,51.5580821],[0.0181441,51.5580928],[0.0181137,51.5581113],[0.018019,51.5581886],[0.0179299,51.5582614],[0.0178542,51.5583217],[0.0177517,51.5584035],[0.0176906,51.5584529],[0.0176249,51.5584972],[0.0175848,51.5585317],[0.01738,51.5586771],[0.0171133,51.558839],[0.0169884,51.5589058],[0.0168559,51.5589698],[0.016812,51.5589892],[0.0167407,51.5590179],[0.0166831,51.5590435],[0.0166193,51.5590649],[0.0164593,51.5591273],[0.016428,51.5591383],[0.0163425,51.559166],[0.0161377,51.5592387],[0.0160152,51.5592775],[0.0159621,51.5592925],[0.0158181,51.5593296],[0.0156768,51.5593608],[0.0155494,51.5593824],[0.0154007,51.5594034],[0.0153564,51.5594084],[0.0150099,51.5594237],[0.0150095,51.5594194],[0.0149206,51.5594219],[0.0147926,51.5594246],[0.0147672,51.559465],[0.0147455,51.5595227],[0.0147097,51.5596407],[0.0146749,51.5597562],[0.0146681,51.5598114],[0.0146031,51.5598061],[0.01459,51.5598836],[0.0145636,51.5600398],[0.0145608,51.5600541],[0.0145297,51.5601495],[0.0145241,51.5601677],[0.0145146,51.5601948],[0.0145119,51.560214],[0.0144673,51.56038],[0.0144261,51.5605349],[0.0144046,51.5606098],[0.0143613,51.5607669],[0.0143517,51.5607861],[0.0143814,51.5607896],[0.0143353,51.56095],[0.0143262,51.560993],[0.0143133,51.561066],[0.0142763,51.5612643],[0.0142714,51.5615379],[0.0142726,51.561595],[0.0142485,51.5615945],[0.0142543,51.5617255],[0.0142555,51.5618793],[0.0142333,51.562224],[0.0142278,51.5623234],[0.0142268,51.5623691],[0.0142232,51.5624544],[0.0142222,51.5625418],[0.0142112,51.5625425],[0.0142162,51.5625899],[0.0142218,51.56259],[0.0142202,51.5626707],[0.0142218,51.5627652],[0.0142278,51.5628928],[0.0142323,51.562978],[0.0142355,51.5630255],[0.0142369,51.5630667],[0.0142417,51.5630664],[0.014248,51.5631759],[0.014258,51.5632601],[0.0142638,51.5632876],[0.0142816,51.5635062],[0.0142929,51.5636411],[0.0142965,51.5636946],[0.0142931,51.5637613],[0.014292,51.5638405],[0.0142961,51.5640216],[0.0143003,51.564175],[0.0143155,51.5642339],[0.0143324,51.5643003],[0.0143543,51.5643881],[0.0143567,51.5643953],[0.0143605,51.5643952],[0.0143847,51.5645845],[0.0143935,51.5645841],[0.0143992,51.5646116],[0.0144137,51.5647041],[0.0144154,51.5647106],[0.0144201,51.5647118],[0.0144261,51.5647574],[0.0144396,51.5648411],[0.0144524,51.5649335],[0.0144614,51.5649816],[0.0144393,51.5649856],[0.0144548,51.5651584],[0.0144571,51.5651934],[0.0144589,51.5652008],[0.01447,51.5652019],[0.0144646,51.5652621],[0.0144516,51.5654262],[0.0144509,51.5654741],[0.0144499,51.5654872],[0.0144535,51.5654871],[0.0144462,51.5655643],[0.0144429,51.5655644],[0.0144408,51.5655898],[0.0144374,51.5656141],[0.014631,51.5656133],[0.0148616,51.5656148],[0.0150437,51.565616],[0.0152611,51.5656176],[0.0156822,51.5656226],[0.0159068,51.5656252],[0.0160674,51.5656252],[0.0163768,51.5656291],[0.0167105,51.5656323],[0.0169736,51.5656343],[0.0171561,51.5656378],[0.0172416,51.5656382],[0.0173142,51.5656402],[0.0173727,51.5656433],[0.0174433,51.5656495],[0.0175504,51.5656619],[0.0176112,51.5656738],[0.0177403,51.5656997],[0.0178157,51.5657148],[0.0178673,51.5657284],[0.0179318,51.5657483],[0.0180065,51.5657733],[0.0180893,51.5658039],[0.0181602,51.5658343],[0.0182473,51.5658719],[0.0183168,51.5659046],[0.018349,51.5659228],[0.0184104,51.5659579],[0.0184818,51.5660015],[0.0185765,51.5660687],[0.018653,51.566131],[0.0186786,51.5661568],[0.0187255,51.5662044],[0.0187646,51.566245],[0.0188216,51.5663112],[0.0188317,51.5663244],[0.0188723,51.5663875],[0.0188908,51.5664307],[0.0189148,51.566482],[0.0189265,51.5665229],[0.0189542,51.5665984],[0.018969,51.5666454],[0.0189746,51.5666904],[0.0189793,51.5667966],[0.0189803,51.5668805],[0.0189709,51.5669746],[0.0189468,51.567042],[0.018886,51.567199],[0.0188156,51.5673426],[0.0187588,51.5674744],[0.0186446,51.5677231],[0.0184928,51.5680642],[0.0183601,51.5683605],[0.0181973,51.5687293],[0.0180694,51.5690254],[0.01798,51.5692316],[0.0178654,51.5694801],[0.0177627,51.5697098],[0.0176809,51.5698871],[0.017655,51.5699439],[0.0176523,51.5699575],[0.0176522,51.5699805],[0.0176549,51.5699986],[0.0176562,51.5700126],[0.0176635,51.570027],[0.0176797,51.5700466],[0.0176924,51.5700555],[0.0177123,51.5700665],[0.0177362,51.5700753],[0.0177657,51.5700857],[0.0178276,51.5701023],[0.0178511,51.5701059],[0.0179087,51.5701129],[0.0179407,51.5701161],[0.0180541,51.5701231],[0.0181251,51.5701273],[0.0181902,51.5701325],[0.0182295,51.570136],[0.0182544,51.570137],[0.0182711,51.5701339],[0.0182881,51.5701267],[0.0183383,51.5700999],[0.018441,51.5700438],[0.0185065,51.5700077],[0.018618,51.5699549],[0.0186534,51.5699398],[0.0187041,51.5699196],[0.0187534,51.5699013],[0.0187867,51.569889],[0.0188163,51.5698789],[0.0188833,51.5698583],[0.0189467,51.5698409],[0.0189491,51.5698404],[0.0189912,51.5698328],[0.0190258,51.5698265],[0.0190687,51.5698219],[0.0191067,51.5698176],[0.0191039,51.5698533],[0.0191022,51.5698735],[0.0190643,51.5703231],[0.0190503,51.5705188],[0.0190266,51.5707371],[0.0190137,51.5709009],[0.0190012,51.5710369],[0.018986,51.5712162],[0.0189838,51.5712443],[0.0189686,51.5714924],[0.0189455,51.571746],[0.0189081,51.5721491],[0.0189036,51.5722208],[0.0189007,51.5722479],[0.018894,51.5723205],[0.0184695,51.5721608],[0.0181444,51.5720386],[0.0181219,51.5720379],[0.0180276,51.5720359],[0.0179068,51.5721601],[0.01778,51.5722919],[0.0177356,51.5723334],[0.0176624,51.5724045],[0.0175219,51.5725071],[0.0174689,51.5725375],[0.0174571,51.5725456],[0.0174395,51.5725528],[0.0173513,51.5725985],[0.0172721,51.5726374],[0.0171734,51.572678],[0.0170987,51.5727016],[0.0167305,51.5728077],[0.0166365,51.5728378],[0.0165989,51.5728478],[0.0164595,51.5728856],[0.0164538,51.5728872],[0.0163556,51.5729147],[0.0163588,51.5729268],[0.0163757,51.5729687],[0.0163869,51.5729904],[0.016414,51.5730316],[0.0164269,51.5730486],[0.0165319,51.5731826],[0.0167999,51.573523],[0.0170784,51.5738881],[0.0171863,51.5740285],[0.0172405,51.5741025],[0.0172874,51.5741842],[0.0172989,51.5742081],[0.0173175,51.5742506],[0.0173576,51.5743714],[0.0173855,51.5744847],[0.0173964,51.5745569],[0.0174042,51.5746518],[0.0174072,51.5748325],[0.0173935,51.5753687],[0.0174207,51.576183],[0.0174505,51.5769052],[0.0174786,51.5773862],[0.0174025,51.5775445],[0.0173757,51.5775928],[0.0173027,51.577759],[0.0172566,51.5778616],[0.0172027,51.5779758],[0.0170119,51.5783836],[0.0169459,51.5785183],[0.0166739,51.5791153],[0.0164281,51.5792553],[0.0164,51.5792735],[0.0163651,51.5793582],[0.0163258,51.5794534],[0.0162605,51.5796146],[0.0159744,51.5802268],[0.0157464,51.5807202],[0.0155531,51.5811484],[0.0153987,51.5814775],[0.0153242,51.5816415],[0.0153208,51.5816682],[0.0155686,51.5817554],[0.0156147,51.5817773],[0.0156768,51.5818357],[0.0155034,51.5819809],[0.0154928,51.5820031],[0.0154591,51.5820741],[0.0153849,51.5822265],[0.0153539,51.5822406],[0.0153497,51.5822459],[0.0153465,51.5822628],[0.0153343,51.5823267],[0.0153083,51.5824585],[0.0153056,51.5824733],[0.0153097,51.5824827],[0.0153219,51.5824986],[0.0153327,51.58251],[0.0153561,51.5825267],[0.0153684,51.5825325],[0.0153842,51.5825385],[0.0153807,51.5825417],[0.0153845,51.582543],[0.0153897,51.5826019],[0.0153984,51.5826779],[0.0153408,51.5827166],[0.0153582,51.5827338],[0.0153637,51.5827506],[0.0153554,51.582771],[0.0153578,51.582813],[0.0153666,51.5828243],[0.0153983,51.5828511],[0.0154023,51.5828607],[0.0153979,51.5828692],[0.0153877,51.5828809],[0.01537,51.5829111],[0.0153494,51.5829431],[0.0153542,51.5829848],[0.0153619,51.5830034],[0.015388,51.583044],[0.0154091,51.583062],[0.0154215,51.5831083],[0.0154245,51.5831418],[0.0154382,51.5831663],[0.0154599,51.583188],[0.0154683,51.5831999],[0.0154813,51.5832089],[0.0155069,51.5832205],[0.0155138,51.5833452],[0.0153966,51.5833446],[0.0149087,51.5833563],[0.0148663,51.5833574],[0.0148359,51.5833579],[0.0146149,51.5833639],[0.0142781,51.583368],[0.0141717,51.5833715],[0.0141347,51.5833759],[0.013818,51.5835247],[0.0135066,51.5836692],[0.0134761,51.5836848],[0.013449,51.5837008],[0.0133867,51.5837822],[0.0133882,51.5839876],[0.0133766,51.5840449],[0.0133006,51.5845598],[0.0132036,51.5852395],[0.0131168,51.5857985],[0.0130392,51.5863116],[0.013023,51.5863901],[0.0129776,51.5867057],[0.0129404,51.5869607],[0.0129399,51.5869656],[0.0129264,51.5870765],[0.0128805,51.5873589],[0.0128101,51.5878078],[0.0127664,51.5880966],[0.0127095,51.5884709],[0.0126619,51.5887979],[0.0126191,51.5890842],[0.0126028,51.5891884],[0.0125565,51.5895021],[0.0125318,51.5896597],[0.0125166,51.5897512],[0.0125117,51.5897863],[0.0125081,51.5897863],[0.0125008,51.5898334],[0.0125045,51.5898337],[0.0125025,51.5898486],[0.0124883,51.5899471],[0.0124746,51.5900291],[0.0125152,51.5900461],[0.0124671,51.5901994],[0.0124581,51.5902831],[0.0124497,51.5903791],[0.0124246,51.5904824],[0.012397,51.5905937],[0.0123836,51.5906803],[0.0123648,51.5907733],[0.0123841,51.5908854],[0.0123977,51.5909569],[0.0124139,51.5910541],[0.0124172,51.5910637],[0.0124532,51.5911579],[0.0124078,51.5911517],[0.0124127,51.5911636],[0.0124362,51.5912475],[0.0124334,51.59126],[0.0124254,51.5912822],[0.0124197,51.5912927],[0.0124058,51.5913098],[0.0124003,51.5913148],[0.0123956,51.591321],[0.012385,51.591332],[0.0123785,51.5913408],[0.0123408,51.5913776],[0.0122936,51.5914248],[0.0122916,51.5914322],[0.0122853,51.5914457],[0.0122817,51.5914569],[0.012282,51.5914636],[0.0122816,51.5914669],[0.0122812,51.5914724],[0.0122735,51.5914858],[0.0122737,51.5914912],[0.0122727,51.5915037],[0.0122685,51.5915264],[0.0122513,51.5915816],[0.0122443,51.5915974],[0.0122428,51.5916135],[0.0122444,51.5916677],[0.0122473,51.5917414],[0.0122505,51.5917838],[0.0122528,51.591831],[0.012252,51.5918546],[0.0122512,51.5919138],[0.0122532,51.5919414],[0.0122537,51.5919701],[0.0122566,51.5919916],[0.0122561,51.5919963],[0.0122537,51.5920002],[0.0122535,51.5920024],[0.0122471,51.5920239],[0.0122387,51.5920433],[0.0122343,51.5920504],[0.0122045,51.5921198],[0.0122031,51.5921538],[0.0120966,51.5921559],[0.012096,51.5922062],[0.0120946,51.5922546],[0.012094,51.5923048],[0.0120924,51.592381],[0.0120909,51.5924561],[0.0120865,51.5925298],[0.0120694,51.5926892],[0.0120735,51.5927544],[0.0120776,51.5927954],[0.0121144,51.5929745],[0.0121249,51.5930168],[0.012134,51.5930653],[0.0121443,51.5931275],[0.0121492,51.5931699],[0.0121629,51.5932644],[0.012177,51.5933576],[0.0121979,51.5935085],[0.0122013,51.5935277],[0.0122458,51.5938051],[0.0122771,51.5939977],[0.0123051,51.5941621],[0.0123179,51.5942359],[0.0123291,51.594302],[0.0123359,51.5943405],[0.0123369,51.5943461],[0.0123475,51.5944039],[0.0123597,51.5944653],[0.0123822,51.5945843],[0.0123988,51.5946725],[0.01242,51.5947757],[0.0124421,51.5948734],[0.0124382,51.5948739],[0.0124441,51.5949105],[0.0124536,51.5949587],[0.0124592,51.5950004],[0.0124962,51.5952227],[0.0125193,51.5953559],[0.0125205,51.5953623],[0.0125698,51.5956076],[0.0126118,51.595919],[0.0125972,51.596404],[0.0126848,51.5969168],[0.0127915,51.5976956],[0.0128569,51.5983914],[0.012905,51.5990542],[0.0129912,51.5992074],[0.0132306,51.5995927],[0.0134011,51.599891],[0.0137702,51.6003676],[0.0141436,51.6009412],[0.0148171,51.6017704],[0.0157391,51.6030576],[0.0170462,51.6048534],[0.0171867,51.6050588],[0.0174014,51.6053078],[0.0174322,51.6053531],[0.0174562,51.6053734],[0.0179885,51.6058156],[0.0179831,51.6058886],[0.0180589,51.6059691],[0.0181297,51.6060039],[0.0179873,51.6060477],[0.0182742,51.6065247],[0.0187068,51.6071612],[0.0191048,51.6077667],[0.0191188,51.607789],[0.0194464,51.6076529],[0.0195528,51.6076097],[0.0194282,51.6077962],[0.0193076,51.6080735],[0.0192545,51.6082444],[0.0194623,51.6082627],[0.0194694,51.608292],[0.0194745,51.6083081],[0.0195002,51.6083578],[0.0195458,51.6084397],[0.019581,51.6085072],[0.0196557,51.6086474],[0.0196936,51.6086973],[0.0196602,51.6087061],[0.0196357,51.6087125],[0.019623,51.6087164],[0.0196159,51.6087208],[0.0196197,51.6087259],[0.0195967,51.6087322],[0.0195953,51.6087294],[0.0195894,51.6087269],[0.0195862,51.608727],[0.0195773,51.6087257],[0.0195704,51.6087274],[0.0195275,51.6087367],[0.0195953,51.6088166],[0.0196926,51.6089299],[0.0198184,51.6090801],[0.0198274,51.6090796],[0.0198979,51.60919],[0.020058,51.6094653],[0.0201247,51.6095926],[0.020175,51.6096835],[0.0202042,51.6097384],[0.0203428,51.6097369],[0.0204033,51.6097156],[0.0204947,51.6098215],[0.0205035,51.6098407],[0.0205441,51.6098927],[0.0205638,51.6099275],[0.0206672,51.6100692],[0.0206912,51.6101207],[0.0206818,51.610126],[0.0206669,51.6101373],[0.0206591,51.6101484],[0.0206565,51.6101559],[0.0206594,51.6101661],[0.0207466,51.6103456],[0.020681,51.610446],[0.020729,51.6104928],[0.0207467,51.6104891],[0.0207508,51.6104933],[0.0208407,51.6105108],[0.0208541,51.6105344],[0.0208727,51.6105672],[0.0210927,51.6105206],[0.0211158,51.6105634],[0.0211842,51.6106926],[0.0212585,51.6108333],[0.0213983,51.6110906],[0.0213578,51.6111642],[0.0211964,51.6111877],[0.0213886,51.611608],[0.0214175,51.6118016],[0.0213632,51.6120128],[0.0213026,51.6121841],[0.0212748,51.6122399],[0.0212602,51.612266],[0.0212241,51.6123062],[0.0211155,51.6124115],[0.0210386,51.6124829],[0.0207994,51.612701],[0.0199926,51.6134336],[0.0194439,51.6139428],[0.0189085,51.6144356],[0.0183384,51.6149513],[0.0179716,51.6152841],[0.0175332,51.6156891],[0.0172203,51.6159757],[0.0168042,51.6163559],[0.0164966,51.6166424],[0.016331,51.6167955],[0.0163015,51.6168228],[0.0162742,51.6168412],[0.0162482,51.6168559],[0.016217,51.6168716],[0.0161564,51.6168935],[0.016077,51.6169272],[0.0159272,51.6169915],[0.015664,51.6170962],[0.0152868,51.6172201],[0.0150402,51.6172955],[0.0148963,51.6173435],[0.01468,51.6174064],[0.0145268,51.6174511],[0.0136612,51.6176919],[0.0132284,51.6178089],[0.0125648,51.617993],[0.0117651,51.6182128],[0.0111216,51.6183899],[0.0103117,51.6186092],[0.0103037,51.6186113],[0.0097582,51.6187642],[0.0091803,51.618926],[0.0090524,51.6189614],[0.0088242,51.6190229],[0.0086683,51.6190687],[0.0088002,51.6190972],[0.0088285,51.6191074],[0.0089457,51.619154],[0.0089789,51.6191651],[0.0090081,51.6191738],[0.0090257,51.6191772],[0.0090468,51.6191795],[0.0090781,51.6191807],[0.0091024,51.6191791],[0.009138,51.6191735],[0.0091656,51.6191664],[0.0092485,51.619148],[0.0093091,51.6191414],[0.0093552,51.6191411],[0.0093952,51.619146],[0.0094412,51.6191528],[0.0094692,51.6191592],[0.0095407,51.6191746],[0.0095863,51.6191818],[0.0096075,51.619184],[0.0096224,51.6191845],[0.0096445,51.6191852],[0.0096585,51.619184],[0.0096846,51.6191811],[0.0097041,51.6191748],[0.0097457,51.6191636],[0.0097979,51.6191494],[0.0098143,51.6191454],[0.0098231,51.6191443],[0.0098297,51.6191414],[0.009834,51.619137],[0.0098348,51.6191334],[0.0098588,51.6191052],[0.0098995,51.6190848],[0.0099245,51.6190816],[0.0099653,51.6190761],[0.010013,51.6190674],[0.0100311,51.619063],[0.0100641,51.6190562],[0.0100733,51.6190538],[0.0100816,51.6190526],[0.0100942,51.6190522],[0.0101045,51.6190548],[0.0101214,51.6190621],[0.0101362,51.6190724],[0.0101461,51.619083],[0.0101502,51.6190898],[0.010158,51.6190949],[0.0101739,51.619109],[0.0101792,51.6191157],[0.0101778,51.6191209],[0.0101725,51.6191301],[0.0101723,51.6191357],[0.0101828,51.6191676],[0.010238,51.6191467],[0.0102471,51.6191432],[0.0103275,51.6191132],[0.0103487,51.6190869],[0.0103961,51.6190601],[0.0103943,51.6190583],[0.0104634,51.6190346],[0.0104652,51.6190366],[0.0104907,51.6190264],[0.0105043,51.6190208],[0.0105739,51.6189889],[0.0105886,51.6189749],[0.010587,51.6189732],[0.0106216,51.6189604],[0.0106657,51.6189525],[0.0107015,51.6189668],[0.0107351,51.6189801],[0.010762,51.6189924],[0.01076,51.6189941],[0.0108403,51.619031],[0.0109121,51.6190404],[0.0110037,51.6190505],[0.0110628,51.6190561],[0.011096,51.6190586],[0.0111711,51.6190649],[0.0111849,51.6190657],[0.0112073,51.6190674],[0.0112164,51.6190686],[0.0112273,51.6190697],[0.0112407,51.619071],[0.0112453,51.6190717],[0.0112713,51.619075],[0.0112846,51.6190777],[0.0113838,51.6190949],[0.0114246,51.6190989],[0.0115702,51.6190954],[0.0115825,51.6190917],[0.0115934,51.6190908],[0.0116051,51.6190906],[0.0116336,51.6190944],[0.0117616,51.6190988],[0.0118191,51.6190998],[0.0118414,51.6190993],[0.0119057,51.6190955],[0.0119315,51.6190904],[0.0120621,51.6190945],[0.0120813,51.6190956],[0.0121187,51.6191008],[0.012176,51.6191053],[0.0122956,51.6190977],[0.0124205,51.6190845],[0.0126594,51.6190606],[0.0129486,51.6190155],[0.0130123,51.6190073],[0.01316,51.6189897],[0.0132262,51.6189811],[0.0135918,51.6189278],[0.0138374,51.6189036],[0.0140616,51.6188667],[0.0145119,51.6188918],[0.0146423,51.6193093],[0.0146766,51.6194072],[0.0146895,51.6194476],[0.0147108,51.6195081],[0.0147179,51.6195862],[0.0147181,51.6196585],[0.0147167,51.6196797],[0.0147017,51.6197599],[0.0146543,51.619916],[0.0146672,51.619923],[0.0143622,51.6202915],[0.0142445,51.6202753],[0.0142973,51.6203037],[0.0144137,51.6203725],[0.0144527,51.6203987],[0.0144896,51.6204015],[0.0146287,51.6204117],[0.0146816,51.6204258],[0.014703,51.6204353],[0.0147341,51.6204517],[0.0147492,51.6204625],[0.0147685,51.6204823],[0.0148183,51.6205382],[0.0148236,51.620543],[0.0148322,51.6205488],[0.0148386,51.6205524],[0.0148514,51.6205563],[0.0148723,51.6205605],[0.0148804,51.6205604],[0.0148935,51.6205622],[0.0149226,51.6205685],[0.0149445,51.6205757],[0.0149614,51.6205827],[0.0149798,51.6205943],[0.0150434,51.6206453],[0.0150647,51.6206682],[0.0151188,51.6207316],[0.0151523,51.6207566],[0.0151862,51.6207799],[0.015195,51.6207853],[0.0152054,51.6207929],[0.0152116,51.6208024],[0.015217,51.6208104],[0.0152231,51.6208206],[0.0152287,51.620835],[0.0152309,51.6208432],[0.0152316,51.62085],[0.015231,51.6208531],[0.0152315,51.6208617],[0.0152326,51.6208685],[0.0152354,51.6208737],[0.0152392,51.6208772],[0.015245,51.6208806],[0.0152495,51.6208811],[0.0152556,51.6208815],[0.0152628,51.6208809],[0.0152706,51.6208804],[0.0152784,51.6208786],[0.0152942,51.6208756],[0.0153421,51.6208647],[0.0154004,51.6208543],[0.0154159,51.6208517],[0.0154544,51.6208465],[0.0154767,51.6208437],[0.0154896,51.6208415],[0.0155126,51.6208394],[0.0155324,51.620839],[0.0155481,51.620841],[0.0155594,51.620845],[0.0155698,51.6208505],[0.0155847,51.6208613],[0.0156001,51.6208718],[0.0156211,51.6208825],[0.0156444,51.6208928],[0.0156758,51.6209027],[0.0157039,51.6209082],[0.0157329,51.6209121],[0.0157542,51.6209126],[0.0157712,51.6209147],[0.015827,51.6209272],[0.0158462,51.6209319],[0.0158625,51.6209379],[0.0158801,51.6209481],[0.0158875,51.6209554],[0.0158923,51.6209655],[0.0158941,51.6209757],[0.0158962,51.6209956],[0.0159042,51.6210102],[0.0159121,51.6210224],[0.0159327,51.6210383],[0.0159495,51.6210557],[0.0159629,51.6210726],[0.0159705,51.6210864],[0.0159775,51.6211049],[0.0159799,51.621128],[0.0159874,51.6211453],[0.0160002,51.6211633],[0.0160145,51.6211732],[0.016033,51.6211821],[0.0160497,51.621188],[0.0161206,51.6212164],[0.0161559,51.6212333],[0.0161762,51.6212446],[0.016196,51.6212581],[0.0162279,51.6212796],[0.0162504,51.6213001],[0.0162584,51.6213104],[0.0162727,51.6213302],[0.0162776,51.6213345],[0.0162817,51.621344],[0.0162819,51.6213482],[0.0162772,51.6213598],[0.0162782,51.6213703],[0.0162831,51.6213752],[0.0162875,51.6213855],[0.0162873,51.6213927],[0.016274,51.6214061],[0.0162652,51.6214113],[0.0162531,51.6214157],[0.0162063,51.6214257],[0.0161643,51.6214331],[0.0161454,51.6214348],[0.016127,51.6214371],[0.0161135,51.6214428],[0.0161033,51.6214535],[0.0160999,51.6214644],[0.0160984,51.6214842],[0.0160995,51.6214974],[0.016106,51.6215138],[0.0161157,51.6215284],[0.0161241,51.621536],[0.0161477,51.6215521],[0.0161628,51.6215589],[0.0161706,51.6215648],[0.0161883,51.6215763],[0.0161951,51.621583],[0.0162012,51.6215926],[0.0162166,51.6216172],[0.0162251,51.6216278],[0.0162294,51.6216371],[0.0162317,51.6216477],[0.0162316,51.6216563],[0.016228,51.621663],[0.0162203,51.6216746],[0.0162155,51.6216827],[0.016194,51.6217084],[0.0161879,51.6217172],[0.0161856,51.6217236],[0.0161863,51.6217432],[0.0161884,51.6217491],[0.0162031,51.6217733],[0.0162336,51.6217989],[0.0162413,51.6218029],[0.0162476,51.6218067],[0.0162547,51.6218105],[0.0162623,51.6218136],[0.016269,51.6218155],[0.0162803,51.6218184],[0.0162876,51.6218196],[0.0162986,51.6218202],[0.0163179,51.6218201],[0.0164109,51.6218266],[0.0164432,51.6218283],[0.0165076,51.6218342],[0.0165839,51.6218423],[0.0166322,51.621851],[0.0166985,51.6218653],[0.0167247,51.6218703],[0.0167445,51.6218754],[0.0167712,51.6218853],[0.0167988,51.6218947],[0.0168279,51.6219091],[0.0168651,51.6219242],[0.016894,51.6219374],[0.0169225,51.6219476],[0.016942,51.6219526],[0.016977,51.6219652],[0.0170137,51.6219786],[0.0170269,51.6219857],[0.0170398,51.6219962],[0.017052,51.6220127],[0.0170621,51.6220276],[0.0170729,51.6220515],[0.0170813,51.6220771],[0.0170858,51.6220958],[0.0170885,51.6221124],[0.0170901,51.6221511],[0.0170891,51.6221781],[0.0170871,51.6221929],[0.0170838,51.6222159],[0.0170763,51.6222411],[0.01707,51.6222542],[0.0170642,51.622264],[0.0170541,51.6222773],[0.017038,51.6223008],[0.0170297,51.6223128],[0.0170257,51.6223169],[0.0170212,51.6223292],[0.0170202,51.6223349],[0.0170212,51.6223439],[0.0170237,51.6223483],[0.0170274,51.6223519],[0.0170316,51.6223544],[0.0170389,51.6223578],[0.0170469,51.6223597],[0.0170599,51.6223621],[0.0170758,51.6223642],[0.0171194,51.6223696],[0.0171474,51.6223755],[0.0171682,51.6223818],[0.0171772,51.6223861],[0.0171844,51.6223885],[0.0172088,51.6223936],[0.0172498,51.6223999],[0.0172603,51.6223995],[0.0172779,51.6223985],[0.0173021,51.6223948],[0.0173218,51.6223917],[0.0173242,51.6223904],[0.0173406,51.6223861],[0.0173453,51.6223842],[0.0173546,51.6223805],[0.0173626,51.6223761],[0.0173724,51.6223687],[0.0173828,51.6223603],[0.0174029,51.6223417],[0.0174047,51.6223379],[0.0174136,51.6223283],[0.017426,51.6223211],[0.0174367,51.6223154],[0.0174464,51.6223137],[0.0174583,51.6223114],[0.0174745,51.6223102],[0.0174829,51.6223104],[0.017498,51.6223091],[0.0174966,51.6223077],[0.017541,51.6223069],[0.0175589,51.6223086],[0.0175845,51.6223155],[0.017594,51.6223192],[0.017608,51.6223261],[0.0176189,51.6223291],[0.0176346,51.6223313],[0.017655,51.6223329],[0.0176846,51.6223413],[0.0177096,51.6223563],[0.0177787,51.6223937],[0.0178499,51.622433],[0.0179023,51.6224596],[0.0179959,51.6225108],[0.0180578,51.6225499],[0.0180767,51.6225619],[0.0180914,51.6225709],[0.018159,51.6226027],[0.0181683,51.6226062],[0.0181847,51.6226151],[0.0181939,51.6226228],[0.0182554,51.6226757],[0.0182588,51.6226786],[0.0182743,51.6226885],[0.0182905,51.6226988],[0.0183127,51.6227101],[0.0183394,51.6227223],[0.0183755,51.622739],[0.0183897,51.6227438],[0.0183991,51.6227483],[0.0184122,51.6227587],[0.018442,51.6227847],[0.0184972,51.6228496],[0.0185823,51.6229547],[0.0186264,51.623035],[0.0186573,51.623089],[0.018673,51.6231085],[0.018691,51.6231211],[0.0187388,51.6231504],[0.018777,51.6231732],[0.0187966,51.623194],[0.0188083,51.6232105],[0.0188158,51.623227],[0.0188175,51.6232414],[0.0188188,51.6232551],[0.0188122,51.6232756],[0.0188007,51.623291],[0.0187817,51.6233028],[0.018756,51.6233198],[0.018738,51.6233434],[0.0187223,51.6233584],[0.0187093,51.6233683],[0.0186916,51.6233804],[0.0186747,51.6233862],[0.0186576,51.6233928],[0.0186406,51.6233962],[0.0186268,51.6234011],[0.0185933,51.6234093],[0.0185599,51.6234187],[0.01854,51.6234265],[0.0185169,51.6234387],[0.0185013,51.6234505],[0.018487,51.62346],[0.0184724,51.6234763],[0.0184678,51.6234851],[0.0184658,51.6234928],[0.018466,51.623504],[0.0184804,51.6235174],[0.0184914,51.6235195],[0.0185088,51.6235258],[0.0185191,51.6235294],[0.0185461,51.6235352],[0.0187126,51.6235516],[0.0188476,51.6235662],[0.0188735,51.6235726],[0.0188823,51.6235785],[0.0189456,51.6236044],[0.0190074,51.623638],[0.0190194,51.6236437],[0.0190283,51.6236492],[0.019033,51.6236545],[0.019035,51.6236576],[0.0190399,51.6236672],[0.0190409,51.6236773],[0.0190407,51.6236828],[0.019038,51.6236938],[0.0190317,51.6237284],[0.0190298,51.6237348],[0.0190236,51.6237404],[0.0190115,51.6237458],[0.019001,51.6237474],[0.0189933,51.6237473],[0.0189808,51.6237452],[0.0189347,51.6237206],[0.0189231,51.6237174],[0.0189043,51.6237139],[0.0188905,51.6237133],[0.0188754,51.6237161],[0.0188676,51.6237184],[0.0188557,51.6237244],[0.0188492,51.6237272],[0.0188364,51.623732],[0.0188194,51.6237445],[0.0187996,51.6237644],[0.0187646,51.6237992],[0.0187592,51.623808],[0.0187591,51.6238278],[0.0187646,51.6238422],[0.0187916,51.6238952],[0.0188129,51.6239287],[0.018818,51.6239357],[0.0188206,51.6239413],[0.0188212,51.6239512],[0.0188188,51.623957],[0.0188136,51.6239647],[0.0188131,51.6239684],[0.0187941,51.6239932],[0.0187755,51.6240277],[0.0187714,51.6240398],[0.0187635,51.6240495],[0.0187567,51.6240646],[0.018755,51.6240764],[0.0187553,51.6240904],[0.018758,51.6241045],[0.0187665,51.624124],[0.0187759,51.6241379],[0.018801,51.624153],[0.0188238,51.6241613],[0.0188586,51.6241795],[0.0188856,51.6242033],[0.0189086,51.6242188],[0.0189209,51.6242331],[0.0189303,51.6242407],[0.018964,51.6242676],[0.0189872,51.6243047],[0.0190014,51.6243507],[0.0190075,51.6243683],[0.01901,51.6243831],[0.0190159,51.6244308],[0.0190198,51.6244746],[0.0190278,51.6244985],[0.019029,51.6245108],[0.0190297,51.6245696],[0.0190236,51.6246471],[0.0190335,51.6247544],[0.0190344,51.6247757],[0.0190384,51.6247938],[0.0190308,51.6248097],[0.0190276,51.6248216],[0.019039,51.624836],[0.019061,51.6248447],[0.0191421,51.6248706],[0.0191969,51.6248873],[0.0192249,51.6248991],[0.0192345,51.6249058],[0.0192404,51.6249116],[0.0192615,51.6249252],[0.0192657,51.6249312],[0.0192691,51.62494],[0.019268,51.6249454],[0.0192628,51.6249584],[0.0192561,51.6249669],[0.0192473,51.6249736],[0.019233,51.62498],[0.0191836,51.6249989],[0.0191048,51.6250305],[0.0190985,51.6250342],[0.0190943,51.6250394],[0.019094,51.6250438],[0.0190987,51.6250515],[0.0191032,51.6250585],[0.01912,51.6250689],[0.019139,51.6250806],[0.0192212,51.625122],[0.0192477,51.625134],[0.0192988,51.6251603],[0.0193351,51.6251764],[0.0193617,51.6251846],[0.0193753,51.6251928],[0.019398,51.6252039],[0.0194203,51.6252205],[0.0194369,51.6252368],[0.0194535,51.6252673],[0.0194713,51.6252962],[0.019479,51.6253127],[0.0194865,51.6253337],[0.0194936,51.6253826],[0.0194943,51.6253983],[0.0194904,51.6254117],[0.019486,51.6254217],[0.0194697,51.6254386],[0.019446,51.625459],[0.0194326,51.6254815],[0.0194325,51.6254992],[0.0194303,51.6255495],[0.0194283,51.6255587],[0.0194206,51.6255692],[0.019409,51.6255817],[0.0194042,51.6255919],[0.0194045,51.6256079],[0.019408,51.6256289],[0.0194259,51.6256689],[0.0194399,51.6256932],[0.0194594,51.6257125],[0.0194697,51.6257222],[0.0195019,51.6257439],[0.0195695,51.625785],[0.0196449,51.625831],[0.0196949,51.6258601],[0.0197297,51.6258793],[0.0197631,51.6259079],[0.0197777,51.6259198],[0.0197837,51.6259256],[0.0197883,51.6259337],[0.019791,51.6259405],[0.0197911,51.6259435],[0.01979,51.6259527],[0.0197862,51.6259608],[0.0197801,51.6259737],[0.0197644,51.6259945],[0.0196848,51.6260752],[0.0197162,51.6260859],[0.0197484,51.6260961],[0.0197983,51.6261073],[0.0198368,51.6261144],[0.0198771,51.6261217],[0.0199006,51.6261282],[0.0199223,51.6261371],[0.0199782,51.626164],[0.0200209,51.6261863],[0.0200436,51.6262067],[0.0200543,51.6262259],[0.0200597,51.6262421],[0.0200603,51.6262536],[0.0200578,51.6262685],[0.0200569,51.6263259],[0.020057,51.6264199],[0.0200615,51.6264274],[0.0200657,51.6264336],[0.020084,51.6264601],[0.0201212,51.6265383],[0.0201494,51.6266112],[0.020153,51.6266272],[0.0201495,51.6266361],[0.0201427,51.6266405],[0.0200519,51.6266791],[0.020005,51.6267006],[0.0199801,51.6267138],[0.0199619,51.6267259],[0.01995,51.6267374],[0.0199371,51.6267449],[0.0199285,51.6267637],[0.0199118,51.6267899],[0.0199035,51.6268078],[0.0198988,51.6268373],[0.019903,51.6269159],[0.0199089,51.6269648],[0.0199124,51.6270045],[0.019918,51.6270193],[0.0199307,51.6270323],[0.0199493,51.6270486],[0.0199673,51.6270609],[0.0200185,51.6270923],[0.0200367,51.6270992],[0.0200613,51.6271119],[0.0200724,51.6271217],[0.0201005,51.627142],[0.0201203,51.6271566],[0.0201866,51.6272046],[0.0202,51.6272134],[0.0202208,51.6272295],[0.0202273,51.6272353],[0.020235,51.6272397],[0.0202599,51.627249],[0.0202823,51.6272555],[0.0203041,51.6272594],[0.0203193,51.6272592],[0.0203368,51.6272541],[0.0203562,51.6272463],[0.0203787,51.62724],[0.0203939,51.6272382],[0.0204143,51.6272398],[0.0204399,51.6272468],[0.0204762,51.6272636],[0.0205116,51.6272883],[0.0205537,51.6273338],[0.020562,51.6273498],[0.0205674,51.6273634],[0.0205775,51.627396],[0.0205828,51.6274161],[0.0205833,51.6274213],[0.0205839,51.6274331],[0.0205846,51.6274452],[0.0205842,51.6274541],[0.0205833,51.6274632],[0.0205796,51.6274715],[0.0205757,51.6274794],[0.020568,51.6274946],[0.0205626,51.6275027],[0.020553,51.6275176],[0.0205518,51.6275212],[0.0205514,51.6275237],[0.0205509,51.6275318],[0.0205504,51.6275341],[0.0205486,51.6275409],[0.0205442,51.6275523],[0.0205389,51.6275669],[0.0205286,51.6275867],[0.0205288,51.6275955],[0.0205267,51.6276087],[0.0205254,51.6276116],[0.0205249,51.6276142],[0.0205252,51.627621],[0.0205235,51.6276231],[0.0205232,51.6276252],[0.0205203,51.6276278],[0.0205173,51.6276292],[0.0205012,51.6276424],[0.0204854,51.6276551],[0.0204804,51.627661],[0.0204694,51.6276692],[0.0204615,51.6276732],[0.0204594,51.6276791],[0.0204603,51.6276867],[0.0204606,51.6276999],[0.0204627,51.6277123],[0.0204709,51.6277252],[0.0204946,51.6277762],[0.0205033,51.6277827],[0.0205352,51.6278335],[0.0205457,51.627853],[0.0205558,51.6278747],[0.0205667,51.6279006],[0.0205764,51.6279311],[0.0205766,51.6279346],[0.0205794,51.6279453],[0.0205834,51.6279496],[0.0205924,51.6279625],[0.0205931,51.6279791],[0.0205918,51.6279942],[0.0206133,51.6280245],[0.0206376,51.6280585],[0.0206428,51.6280678],[0.0206463,51.6280732],[0.0206479,51.6280787],[0.0206483,51.6280817],[0.0206505,51.6280922],[0.020656,51.6281199],[0.0206581,51.6281332],[0.0206613,51.6281495],[0.0206622,51.6281576],[0.0206635,51.6281625],[0.0206641,51.6281652],[0.0206644,51.6281712],[0.0206654,51.6281774],[0.0206648,51.628184],[0.0206591,51.6282027],[0.0206573,51.6282102],[0.0206531,51.6282241],[0.0206483,51.628237],[0.0206432,51.6282465],[0.020641,51.6282495],[0.020636,51.6282565],[0.0206341,51.6282586],[0.0206332,51.6282611],[0.0206331,51.6282625],[0.0206351,51.6282648],[0.0206386,51.6282659],[0.0206457,51.6282714],[0.0206601,51.6282826],[0.0206703,51.6282851],[0.0206839,51.6282888],[0.0206911,51.6282892],[0.0206992,51.6282887],[0.0207086,51.6282876],[0.0207146,51.6282874],[0.020738,51.628287],[0.0207638,51.6282857],[0.0207904,51.6282882],[0.0208038,51.6282892],[0.0208349,51.6282921],[0.0208611,51.6282967],[0.0208975,51.6283058],[0.0209143,51.6283078],[0.020922,51.6283088],[0.0209384,51.6283126],[0.0209519,51.6283153],[0.0209625,51.6283171],[0.0209744,51.6283179],[0.0209858,51.6283192],[0.0210042,51.6283185],[0.0210112,51.6283173],[0.0210384,51.6283134],[0.0210529,51.6283082],[0.0210576,51.6283079],[0.0210673,51.6283082],[0.021078,51.6283116],[0.0210841,51.6283162],[0.0210908,51.6283238],[0.0211006,51.6283361],[0.0211066,51.6283459],[0.0211095,51.6283576],[0.0211127,51.6283881],[0.0211123,51.6284119],[0.0211131,51.6284149],[0.0211131,51.6284226],[0.0211124,51.6284254],[0.0211104,51.6284282],[0.0210863,51.6284526],[0.0210462,51.6284954],[0.0210244,51.6285228],[0.0210086,51.6285419],[0.0209924,51.6285609],[0.0209823,51.6285712],[0.0209429,51.6286105],[0.0209349,51.6286187],[0.0209258,51.6286261],[0.0209163,51.6286371],[0.0209088,51.6286491],[0.0209018,51.6286641],[0.0208845,51.628721],[0.0208834,51.6287293],[0.0208802,51.6287384],[0.0208818,51.6287455],[0.0208829,51.6287591],[0.0208836,51.6287662],[0.0208896,51.6287794],[0.0208929,51.6287845],[0.0208958,51.6287907],[0.0209027,51.6288003],[0.0209203,51.6288239],[0.0209252,51.6288303],[0.0209302,51.6288366],[0.0209334,51.6288397],[0.020939,51.628846],[0.0209418,51.6288504],[0.0209453,51.6288587],[0.0209505,51.6288682],[0.0209579,51.6288864],[0.0209663,51.6289077],[0.0209697,51.6289164],[0.0209731,51.6289188],[0.0209765,51.6289205],[0.0209808,51.6289224],[0.0209863,51.6289246],[0.0209895,51.6289252],[0.0210036,51.628925],[0.0210105,51.6289244],[0.0210285,51.628921],[0.0210327,51.6289206],[0.021037,51.6289199],[0.0210439,51.6289187],[0.0210479,51.6289172],[0.0210507,51.6289167],[0.0210531,51.6289161],[0.0210561,51.6289146],[0.0210713,51.6289071],[0.0210951,51.6288954],[0.0211078,51.6288894],[0.0211145,51.6288863],[0.0211288,51.6288811],[0.0211323,51.6288793],[0.0211437,51.6288746],[0.0211844,51.6288539],[0.0212121,51.6288398],[0.0212314,51.6288297],[0.0212409,51.6288263],[0.0212676,51.62882],[0.0212743,51.6288206],[0.0212794,51.62882],[0.0212841,51.6288203],[0.0212871,51.628821],[0.0212926,51.6288227],[0.0212964,51.6288249],[0.021308,51.6288288],[0.0213168,51.6288322],[0.0213292,51.6288384],[0.0213355,51.6288423],[0.0213426,51.6288471],[0.0213478,51.6288506],[0.0213584,51.6288609],[0.0213601,51.6288636],[0.0213637,51.6288684],[0.0213671,51.6288763],[0.0213696,51.6288842],[0.0213699,51.628894],[0.02136,51.6289025],[0.0213502,51.6289098],[0.0213404,51.6289153],[0.0213319,51.6289197],[0.0213259,51.6289224],[0.0213094,51.6289311],[0.0212813,51.6289466],[0.0212724,51.6289515],[0.0212691,51.6289626],[0.0212685,51.6289658],[0.0212736,51.6289711],[0.0212792,51.6289745],[0.0212892,51.6289814],[0.0213185,51.6289967],[0.0213371,51.6290092],[0.0213458,51.6290167],[0.0213821,51.629002],[0.0214589,51.6289696],[0.0215379,51.6289338],[0.0217296,51.6288458],[0.0217835,51.6288203],[0.0217927,51.6288314],[0.0221343,51.6294298],[0.0224813,51.6297916],[0.0236906,51.6306997],[0.023725,51.6307261],[0.023864,51.6307956],[0.0239002,51.6308958],[0.0238647,51.630909],[0.0238082,51.6309369],[0.023873,51.6311273],[0.0238168,51.631166],[0.0238465,51.6312798],[0.024047,51.6318248],[0.0243033,51.6323878],[0.0244461,51.632674],[0.0245961,51.6329583],[0.0249873,51.6334695],[0.0253952,51.6340947],[0.0255466,51.6343807],[0.0257123,51.634564],[0.025643,51.6348242],[0.0254149,51.6350251],[0.0252097,51.6352464],[0.025198,51.6352482],[0.0249693,51.6354967],[0.0249379,51.6355386],[0.0247825,51.6357823],[0.0247386,51.6358667],[0.024705,51.6359582],[0.024686,51.6360502],[0.0246862,51.6362138],[0.0246931,51.6363378],[0.024762,51.6366181],[0.024781,51.6367221],[0.0248099,51.6368196],[0.0248532,51.6369151],[0.024911,51.6370103],[0.0249986,51.6371302],[0.0251328,51.637288],[0.0249796,51.6373535],[0.0248952,51.6374377],[0.0246835,51.6374512],[0.0239305,51.6375497],[0.0230564,51.6377167],[0.0230307,51.6379186],[0.0229539,51.6387247],[0.0229385,51.6395173],[0.0229809,51.6400453],[0.0228387,51.640554],[0.0227034,51.6410869],[0.0226931,51.6411141],[0.0218072,51.6409207],[0.0218058,51.6409207],[0.0200532,51.6404455],[0.0193257,51.6403357],[0.0180969,51.6402624],[0.0173943,51.6402565],[0.0167775,51.6402968],[0.0163692,51.6403479],[0.0158065,51.640433],[0.0151077,51.64058],[0.0148448,51.6406168],[0.0146029,51.6406677],[0.0144215,51.6407185],[0.0141358,51.6408242],[0.013964,51.6408307],[0.0134546,51.6408808],[0.01278,51.6410515],[0.0124444,51.6411094],[0.0121538,51.6411404],[0.0119554,51.6411509],[0.0117112,51.6411652],[0.0115667,51.6411668],[0.0114877,51.6411762],[0.0114318,51.641188],[0.0111451,51.6412747],[0.0110265,51.6413046],[0.0107342,51.6413626],[0.0100158,51.6414253],[0.0098723,51.6414484],[0.0097686,51.6414574],[0.0096633,51.6414592],[0.0089477,51.6414247],[0.0083962,51.641471],[0.0073838,51.6415864],[0.007017,51.6415935],[0.0065944,51.6416448],[0.0065265,51.6416469],[0.0063834,51.6416466],[0.0061167,51.6416602],[0.0058384,51.6416434],[0.0054534,51.6415978],[0.0050505,51.641574],[0.0042845,51.6415403],[0.0035069,51.6415401],[0.00347,51.6416532],[0.003183,51.6416023],[0.0029879,51.6416011],[0.0029475,51.6416361],[0.0027822,51.6416569],[0.0025253,51.6416649],[0.0020808,51.6416473],[0.0016298,51.6416765],[0.0014322,51.6417527],[0.0012302,51.6417607],[0.0010409,51.6417612],[0.0009082,51.6418003],[0.0007981,51.6418615],[0.0005784,51.6420236],[0.0004601,51.6421272],[0.0003492,51.6422342],[0.0001775,51.6424368],[0.0000724,51.6426464],[-0.0002795,51.643254],[-0.0002945,51.6433396],[-0.0003102,51.6433768],[-0.0003705,51.6434515],[-0.0004067,51.6434818],[-0.0004826,51.6435316],[-0.0003134,51.6436349],[-0.0005211,51.6437095],[-0.0008812,51.6437048],[-0.0011095,51.6436745],[-0.0018473,51.6434955],[-0.0021567,51.6433929],[-0.0029478,51.6431186],[-0.0036816,51.6428316],[-0.0040105,51.6427159],[-0.0040992,51.6428675],[-0.0042352,51.6430605],[-0.0043664,51.643167],[-0.0043954,51.643199],[-0.004421,51.6432399],[-0.0044508,51.6433178],[-0.0045858,51.6435367],[-0.0055194,51.6433764],[-0.0056604,51.6433563],[-0.0058028,51.6433407],[-0.0060507,51.6433224],[-0.006253,51.643324],[-0.0066833,51.6433322],[-0.0073072,51.6434427],[-0.0079312,51.6435162],[-0.0080372,51.6435387],[-0.008164,51.6435813],[-0.0082178,51.6436074],[-0.008298,51.6436591],[-0.0082848,51.6437614],[-0.0082839,51.6439448],[-0.0083067,51.6441503],[-0.0083107,51.6442897],[-0.0083002,51.6444963],[-0.0084722,51.6444966],[-0.008347,51.6446824],[-0.0082473,51.6449784],[-0.0080196,51.6451939],[-0.0079903,51.6452356],[-0.0079725,51.6452795],[-0.0079386,51.6454596],[-0.008014,51.6455202],[-0.0077481,51.6458466],[-0.0073702,51.6461603],[-0.0076265,51.646216],[-0.0080034,51.6463231],[-0.0083628,51.6463993],[-0.0086188,51.6464621],[-0.0088457,51.6464956],[-0.0090083,51.6465127],[-0.0092405,51.6465266],[-0.0102022,51.6465132],[-0.010376,51.6463224],[-0.0104027,51.6462937],[-0.0105423,51.6463209],[-0.0106476,51.646343],[-0.0107781,51.6463692],[-0.0111235,51.6464003],[-0.0115419,51.6464199],[-0.0116631,51.6463914],[-0.0120333,51.6462565],[-0.0120391,51.6462224],[-0.0121632,51.6461964],[-0.0122861,51.6462275],[-0.0127209,51.6435236],[-0.0131642,51.6405888],[-0.0131681,51.6405664],[-0.0132776,51.639847],[-0.013344,51.6396171],[-0.0135146,51.6391865],[-0.0139865,51.6381109],[-0.0145896,51.6370087],[-0.014792,51.6367406],[-0.0147938,51.6367343],[-0.0148625,51.6364504],[-0.0148482,51.6362487],[-0.0149979,51.6359311],[-0.0152665,51.6355049],[-0.0154372,51.6352686],[-0.0159773,51.6345835],[-0.0166518,51.6337622],[-0.0168354,51.6335279],[-0.017047,51.63325],[-0.0178192,51.6322766],[-0.0186933,51.6311844],[-0.0198913,51.6296894],[-0.0224285,51.6264669],[-0.0229482,51.625813],[-0.0231817,51.6255597],[-0.0233635,51.6253317],[-0.023525,51.6251725],[-0.0238179,51.6248843],[-0.0240508,51.6246427],[-0.0242823,51.6243687],[-0.0244529,51.6241333],[-0.0245911,51.6239126],[-0.024687,51.6237344],[-0.0247728,51.6235218],[-0.0249764,51.6231251],[-0.0251262,51.6227688],[-0.0252474,51.6225073],[-0.0253421,51.6223543],[-0.0255747,51.6220551],[-0.0259569,51.6217369],[-0.0260006,51.621761],[-0.0261242,51.6216444],[-0.0262752,51.6215265],[-0.026996,51.6209631],[-0.0270318,51.6209358],[-0.0273381,51.6206694],[-0.0274506,51.6205732],[-0.027811,51.6202574],[-0.0279627,51.6201241],[-0.0286713,51.6195056],[-0.0294634,51.6188292],[-0.0297936,51.6185767],[-0.0302812,51.6181779],[-0.0312294,51.6175774],[-0.0314696,51.6174016],[-0.031622,51.6172846],[-0.0317041,51.6172221],[-0.0318671,51.6170935],[-0.0320932,51.6169094],[-0.0323108,51.6167224],[-0.0324206,51.6166217],[-0.0325233,51.6165173],[-0.0326218,51.6164111],[-0.032716,51.6163029],[-0.0328102,51.6161957],[-0.0329073,51.6160885],[-0.0329331,51.6160593],[-0.0333748,51.6155991],[-0.0334126,51.615561],[-0.033999,51.6148263],[-0.0346203,51.6140858],[-0.035019,51.613651],[-0.035074,51.6135799],[-0.0351248,51.6135079],[-0.0351727,51.613435],[-0.0351944,51.6134021],[-0.0352395,51.6133282],[-0.0352817,51.6132543],[-0.0353196,51.6131794],[-0.0353435,51.6131258],[-0.0353616,51.6130758],[-0.0353768,51.6130248],[-0.035387,51.612989],[-0.0353905,51.6129746],[-0.0354057,51.6129236],[-0.0354173,51.6128897],[-0.0354551,51.6127912],[-0.0354869,51.6127164],[-0.0355267,51.6126307],[-0.0355378,51.6126066],[-0.0355525,51.6125682],[-0.0355657,51.6125298],[-0.0355775,51.6124913],[-0.0355864,51.6124519],[-0.0355953,51.6124124],[-0.0356013,51.6123739],[-0.0356019,51.6123613],[-0.0356065,51.6123218],[-0.0356096,51.6122823],[-0.0356099,51.6122427],[-0.0356101,51.6122041],[-0.0356075,51.6121645],[-0.0356034,51.6121248],[-0.0355965,51.6120851],[-0.0355866,51.6120463],[-0.0355753,51.6120074],[-0.0355741,51.6120011],[-0.035561,51.6119694],[-0.0355479,51.6119377],[-0.0355305,51.6119069],[-0.035513,51.611876],[-0.0354942,51.6118451],[-0.0354738,51.6118151],[-0.0354535,51.6117842],[-0.0354316,51.6117542],[-0.0354098,51.6117241],[-0.0353895,51.6116941],[-0.0353758,51.611675],[-0.0353119,51.6115849],[-0.035245,51.6114947],[-0.0351751,51.6114072],[-0.0351023,51.6113197],[-0.0350251,51.6112339],[-0.034945,51.6111489],[-0.0348745,51.6110776],[-0.0343815,51.6105532],[-0.0343442,51.610513],[-0.0343099,51.6104719],[-0.0342771,51.61043],[-0.0342442,51.6103872],[-0.0342158,51.6103445],[-0.0341873,51.6103017],[-0.0341618,51.6102572],[-0.0341376,51.6102137],[-0.034115,51.6101692],[-0.0340953,51.6101239],[-0.034077,51.6100795],[-0.0340602,51.6100343],[-0.0340448,51.6099882],[-0.0340324,51.6099421],[-0.0340199,51.609896],[-0.0340104,51.60985],[-0.0340037,51.6098032],[-0.0339985,51.6097572],[-0.0339962,51.6097104],[-0.0339953,51.6096636],[-0.0339988,51.6096169],[-0.0340036,51.6095711],[-0.0340055,51.6095604],[-0.034013,51.6095218],[-0.0340202,51.6094896],[-0.0340219,51.6094833],[-0.0340322,51.6094457],[-0.0340454,51.6094073],[-0.0340586,51.6093697],[-0.0340746,51.6093322],[-0.0340921,51.6092948],[-0.034111,51.6092582],[-0.0341314,51.6092208],[-0.0341532,51.6091852],[-0.0341764,51.6091487],[-0.0342011,51.6091131],[-0.0342025,51.6091123],[-0.0342302,51.6090741],[-0.0342621,51.6090377],[-0.0342954,51.6090014],[-0.0343302,51.608966],[-0.0343664,51.6089307],[-0.034404,51.6088962],[-0.034443,51.6088627],[-0.034482,51.6088283],[-0.034521,51.6087948],[-0.0345615,51.6087604],[-0.0346005,51.6087269],[-0.034611,51.6087171],[-0.0347327,51.6086086],[-0.0348586,51.608501],[-0.0349931,51.608398],[-0.0350228,51.6083787],[-0.0350837,51.6083393],[-0.035146,51.6083025],[-0.035211,51.6082668],[-0.0352775,51.6082319],[-0.035344,51.6081988],[-0.0354133,51.6081658],[-0.035484,51.6081337],[-0.0355532,51.6081016],[-0.0356239,51.6080695],[-0.0356946,51.6080384],[-0.0357653,51.6080063],[-0.0357801,51.6079993],[-0.0358316,51.6079768],[-0.0359833,51.6079092],[-0.0361893,51.6078209],[-0.0363936,51.607738],[-0.0364552,51.6077148],[-0.037945,51.6071606],[-0.0386717,51.6068858],[-0.0405684,51.6061702],[-0.0406316,51.6061452],[-0.0406948,51.6061193],[-0.0407552,51.6060915],[-0.040767,51.6060872],[-0.0408156,51.6060638],[-0.0408747,51.6060342],[-0.0409337,51.6060046],[-0.0409899,51.6059732],[-0.041027,51.6059513],[-0.0410448,51.6059408],[-0.0410803,51.6059198],[-0.0411324,51.6058856],[-0.0411844,51.6058514],[-0.0412336,51.6058154],[-0.0412799,51.6057793],[-0.0413263,51.6057414],[-0.0413712,51.6057043],[-0.0414162,51.6056454],[-0.0414959,51.6055536],[-0.0416107,51.6054095],[-0.0417506,51.6052173],[-0.0419057,51.6049911],[-0.0420501,51.6047843],[-0.0422792,51.6044835],[-0.0425298,51.6041366],[-0.0426213,51.6039742],[-0.0428491,51.6036563],[-0.0432839,51.6030469],[-0.0434238,51.6028548],[-0.0434674,51.6028004],[-0.043544,51.6027087],[-0.0437027,51.6025377],[-0.0438999,51.6023354],[-0.0441155,51.60212],[-0.0444564,51.6017758],[-0.0448078,51.6014147],[-0.0452127,51.6009981],[-0.0456217,51.600578],[-0.0460578,51.6001204],[-0.0465108,51.599679],[-0.0466724,51.5995312],[-0.04696,51.5992827],[-0.0472468,51.5990539],[-0.0476018,51.5987918],[-0.0479851,51.598512],[-0.0484962,51.5981351],[-0.0491473,51.5976566],[-0.0499643,51.5970622],[-0.050092,51.5969701],[-0.0501728,51.5969084],[-0.0502582,51.5968332],[-0.0503618,51.5967351],[-0.0504281,51.5966626],[-0.0504879,51.5965849],[-0.0506115,51.5963945],[-0.0508254,51.5960759],[-0.0508972,51.5959666],[-0.0509714,51.595834],[-0.0510362,51.595671],[-0.0510855,51.5954911],[-0.0510994,51.5953876],[-0.0511068,51.5952446],[-0.0511129,51.5951962],[-0.0511339,51.5951146],[-0.0511769,51.595019],[-0.0512263,51.5949337],[-0.0512875,51.5948598],[-0.0513467,51.5948019],[-0.0514223,51.5947426],[-0.051493,51.5946972],[-0.0515742,51.5946493],[-0.0516511,51.5946013],[-0.0517538,51.5945301],[-0.0518446,51.5944577],[-0.0519342,51.594373],[-0.0519961,51.5943141],[-0.0520957,51.5941968],[-0.0521264,51.5941427],[-0.0521861,51.594013],[-0.0522461,51.5938555],[-0.0522693,51.5937756],[-0.0522973,51.5936443],[-0.0523442,51.5933516],[-0.0523579,51.5932335],[-0.0523597,51.5931093],[-0.0523732,51.5929751],[-0.0523822,51.592926],[-0.0524124,51.592822],[-0.052455,51.5927306],[-0.0525139,51.5926009],[-0.0525272,51.592576],[-0.0527517,51.5921704],[-0.0529202,51.5918621],[-0.0530975,51.5915447],[-0.0532568,51.5912558],[-0.0533774,51.5910368],[-0.0534214,51.5909395],[-0.0534484,51.5908484],[-0.0534647,51.5907114],[-0.0535032,51.5904505],[-0.0535539,51.5901481],[-0.0535579,51.5900043],[-0.0535527,51.5898813],[-0.0535082,51.5897433],[-0.0534431,51.5895971],[-0.0533531,51.5894439],[-0.0532041,51.5892467],[-0.0531061,51.5891277],[-0.0530412,51.5890641],[-0.0530118,51.5890394],[-0.0529592,51.5889839],[-0.052884,51.588853],[-0.0527928,51.5887123],[-0.0527695,51.5886739],[-0.0527011,51.5885453],[-0.0526635,51.5885002],[-0.0526194,51.5884652],[-0.0525873,51.588444],[-0.0525667,51.5884337],[-0.0525427,51.5884114],[-0.0525071,51.5883702],[-0.0524605,51.5883153],[-0.0524011,51.5882443],[-0.0523652,51.588197],[-0.0523455,51.5881732],[-0.0522728,51.5880471],[-0.0522492,51.5879947],[-0.0521971,51.5878862],[-0.0521782,51.5878072],[-0.052178,51.5877116],[-0.0521827,51.58766],[-0.0522034,51.5875998],[-0.0522383,51.5875463],[-0.0523157,51.5874469],[-0.0523701,51.5873996],[-0.0524197,51.5873651],[-0.05251,51.5873143],[-0.0526104,51.5872631],[-0.0526285,51.5872533],[-0.0526726,51.5872253],[-0.0527082,51.5872079],[-0.0527944,51.5871688],[-0.0529552,51.5870997],[-0.0530161,51.5870647],[-0.0531138,51.5870063],[-0.0531517,51.5869823],[-0.0532033,51.5869471],[-0.0532261,51.586931],[-0.0532793,51.5868932],[-0.0533748,51.5868208],[-0.0534182,51.5867838],[-0.0534607,51.5867452],[-0.0534915,51.5867168],[-0.0535186,51.5866885],[-0.0535595,51.586646],[-0.0535991,51.5866069],[-0.0536846,51.5865253],[-0.053768,51.5864654],[-0.053867,51.5864022],[-0.053969,51.5863446],[-0.0540569,51.5862978],[-0.0541612,51.5862385],[-0.0542444,51.5861974],[-0.0543383,51.5861489],[-0.0544168,51.5861015],[-0.0545015,51.5860519],[-0.0545862,51.5859991],[-0.0546621,51.5859496],[-0.05472,51.5859071],[-0.0547903,51.5858459],[-0.0548652,51.5857789],[-0.0550233,51.5855954],[-0.0551111,51.5854704],[-0.055173,51.5853621],[-0.0552274,51.5852461],[-0.0552636,51.5851723],[-0.0552845,51.5851202],[-0.0553053,51.5850586],[-0.055327,51.5849763],[-0.0553506,51.584914],[-0.0553671,51.5848604],[-0.0553825,51.584785],[-0.0554034,51.5847209],[-0.0554216,51.5846867],[-0.0554476,51.5846503],[-0.0555187,51.584559],[-0.0556139,51.5844347],[-0.0556777,51.5843506],[-0.0557194,51.5843004],[-0.0557618,51.5842534],[-0.0557888,51.5842244],[-0.0558846,51.584136],[-0.0560312,51.5840244],[-0.056107,51.5839582],[-0.0562514,51.583819],[-0.0563097,51.5837618],[-0.056528,51.5836219],[-0.0567321,51.5835133],[-0.0569376,51.5834226],[-0.0571348,51.5833422],[-0.0572183,51.5832975],[-0.0572458,51.5832787],[-0.0573081,51.5832278],[-0.0573852,51.5831533],[-0.0574499,51.583098],[-0.0574969,51.5830468],[-0.057554,51.5829691],[-0.0576121,51.5828646],[-0.0577308,51.5826774],[-0.0577958,51.5825772],[-0.0578578,51.5825129],[-0.0579932,51.5824224],[-0.0580775,51.5823634],[-0.0582852,51.5822275],[-0.0584834,51.5821344],[-0.0586214,51.5820633],[-0.0587984,51.5819838],[-0.0589871,51.5818932],[-0.0592146,51.581791],[-0.0593007,51.5817477],[-0.0593711,51.5817112],[-0.0595979,51.5816184],[-0.0597547,51.581535],[-0.0597678,51.581528],[-0.0597989,51.5815114],[-0.0598028,51.5815093],[-0.0598618,51.5814782],[-0.0600125,51.5813907],[-0.0602117,51.5812751],[-0.0605786,51.5810819],[-0.060894,51.5809258],[-0.0610262,51.5808484],[-0.0611753,51.5807538],[-0.0613084,51.5806565],[-0.0614117,51.580571],[-0.0615278,51.580454],[-0.0617373,51.580252],[-0.061969,51.5800278],[-0.0620706,51.5799092],[-0.0621268,51.5798212],[-0.0621903,51.5796569],[-0.0622276,51.5795387],[-0.0622485,51.5794562]]]}},{"type":"Feature","properties":{"kind":"routes","class":"major","routeCount":33},"geometry":{"type":"MultiLineString","coordinates":[[[0.0081827,51.5681645],[0.0081342,51.5681813],[0.0085894,51.5687147],[0.0088819,51.5690326],[0.0091693,51.5693131],[0.0091923,51.5693061],[0.008937,51.5690388],[0.0086828,51.5687465],[0.0081827,51.5681645]],[[-0.0054257,51.556565],[-0.0054499,51.5565797],[-0.0052208,51.5567258],[-0.0051762,51.5567542],[-0.0046974,51.5570595],[-0.0039859,51.5575103],[-0.0039586,51.5575276],[-0.0039235,51.5575054],[-0.0038892,51.5574837],[-0.0046163,51.5570087],[-0.0046428,51.5570264],[-0.0048583,51.556889],[-0.0048896,51.556869],[-0.0048566,51.556849],[-0.0051942,51.5566337],[-0.0052169,51.5566475],[-0.005385,51.5565404],[-0.005408,51.5565543],[-0.0054257,51.556565]],[[0.01739928950537326,51.575142106366336],[0.0168652,51.5744248],[0.0162,51.5737004],[0.0157571,51.5733861],[0.0153558,51.5731365]],[[0.0153558,51.5731365],[0.0139859,51.5724463]],[[0.0139859,51.5724463],[0.0135474,51.5722018],[0.0123412,51.5715686],[0.0117343,51.5712374],[0.0111927,51.5709212],[0.0102819,51.5702413],[0.0099947,51.5700124],[0.0094283,51.5695525],[0.008895,51.5690637],[0.0086356,51.5688001],[0.0084455,51.5685732],[0.0081111,51.5682054],[0.0080063,51.5680645],[0.0078706,51.5678576],[0.0076138,51.5675114],[0.0072048,51.5668538],[0.0070915,51.566697],[0.0061217,51.5652947],[0.0054053,51.5644316],[0.0046792,51.5636233],[0.0036025,51.5626355]],[[0.0036025,51.5626355],[0.0032766,51.5623664],[0.0018279,51.5612236],[0.0007546,51.560553],[0.0007155,51.5605254],[0.0004099,51.5603097],[-0.0041811,51.5574081],[-0.005462,51.5565882]],[[-0.005462,51.5565882],[-0.0059544,51.5562611],[-0.0062876,51.5560365],[-0.0066075,51.5557729]],[[-0.0066075,51.5557729],[-0.0069121,51.555485],[-0.0070971,51.5553018],[-0.0072662,51.5551144],[-0.0074793,51.554832],[-0.0076185,51.5546148],[-0.0077099,51.5544413],[-0.0077835,51.5542384],[-0.007838,51.554034],[-0.0078871,51.5537788],[-0.0079072,51.5535272],[-0.0078989,51.5533281],[-0.0078761,51.5531544],[-0.0078369,51.5529757],[-0.0077861,51.5528045],[-0.0077034,51.5525943],[-0.007588,51.5523692],[-0.0074879,51.5522088],[-0.0073705,51.552047]],[[-0.0073705,51.552047],[-0.0071595,51.5517525],[-0.0069771,51.5515199],[-0.0066555,51.551206],[-0.0059811,51.5507461],[-0.005687655876648914,51.550577230180224]],[[-0.0419874,51.5866442],[-0.0419876,51.5866732],[-0.0415559,51.5866743],[-0.041556,51.5866891],[-0.0411364,51.5866901],[-0.0411363,51.5866756],[-0.0407692,51.5866765],[-0.040769,51.5866472],[-0.0419874,51.5866442]],[[-0.0238461,51.5816514],[-0.0238317,51.5816435],[-0.0236833,51.5815629],[-0.0236664,51.5815749],[-0.0236068,51.5815425],[-0.0236208,51.5815326],[-0.0236237,51.5815305],[-0.0231426,51.5812692],[-0.0229196,51.5811481],[-0.0229523,51.5811249],[-0.0240601,51.5817267],[-0.0240275,51.5817499],[-0.0239365,51.5817004],[-0.0239413,51.581697],[-0.0238509,51.581648],[-0.0238461,51.5816514]],[[-0.0073974,51.5696681],[-0.0066219,51.5694014],[-0.0066781,51.5693395],[-0.0074538,51.5696033],[-0.0074195,51.5696423],[-0.0073974,51.5696681]],[[0.0078463,51.5638742],[0.0078876,51.5639105],[0.0085922,51.5635996],[0.0085758,51.5635853],[0.0085508,51.5635634],[0.0078463,51.5638742]],[[-0.05503240157653307,51.58558244217464],[-0.0539164,51.5857094]],[[-0.0539164,51.5857094],[-0.0535771,51.5857516]],[[-0.0535771,51.5857516],[-0.0524135,51.5858891]],[[-0.0524135,51.5858891],[-0.0518501,51.585943]],[[-0.0518501,51.585943],[-0.050752,51.5860675],[-0.0486888,51.5862623],[-0.0466279,51.5864707],[-0.0456602,51.5865411]],[[-0.0456602,51.5865411],[-0.0452493,51.586566]],[[-0.0452493,51.586566],[-0.0432862,51.5866378],[-0.0408236,51.5866309],[-0.0398082,51.5866303],[-0.0385586,51.5865787],[-0.0378731,51.5865324],[-0.0371824,51.5864673],[-0.0369006,51.5864337],[-0.0363929,51.5863607],[-0.0357532,51.5862679],[-0.0352917,51.5861919],[-0.0348521,51.5861098],[-0.0342404,51.5859958],[-0.033482,51.5858304],[-0.032615,51.585605],[-0.031731,51.5853453],[-0.0308644,51.5850548],[-0.0299867,51.5847406],[-0.0293951,51.5844868],[-0.0288189,51.5842297],[-0.0280424,51.5838807],[-0.0276964,51.5837011],[-0.0274041,51.583529],[-0.0270733,51.5833485]],[[-0.0270733,51.5833485],[-0.0266722,51.5831417]],[[-0.0266722,51.5831417],[-0.0256936,51.5826096],[-0.0247009,51.582076],[-0.023484,51.5813917],[-0.0229827,51.5811264],[-0.0227339,51.5809932],[-0.0223022,51.5807378],[-0.0216503,51.5803234],[-0.0212629,51.5800503],[-0.020844,51.5797412],[-0.0204688,51.5794283],[-0.0198864,51.5788832],[-0.0170928,51.5760144]],[[-0.0170928,51.5760144],[-0.016929,51.5758487]],[[-0.016929,51.5758487],[-0.0151551,51.5739956],[-0.0147967,51.5736561],[-0.0141761,51.5731115],[-0.0131635,51.5723616],[-0.0127904,51.5721315],[-0.0120371,51.5716497],[-0.0117118,51.5714588],[-0.0111945,51.5711787],[-0.0108596,51.5710029],[-0.0096997,51.5704496],[-0.0089298,51.5701337],[-0.0084327,51.5699419],[-0.0080216,51.5697925],[-0.0074593,51.5695967],[-0.0066879,51.569329],[-0.005496,51.5689367]],[[-0.005496,51.5689367],[-0.005156,51.5688199]],[[-0.005156,51.5688199],[0.0019430000000000003,51.5663805]],[[0.001943,51.5663805],[0.0025539,51.5661419],[0.0048277,51.5651524],[0.0050998,51.5650385]],[[0.0050998,51.5650385],[0.0058588,51.5647163]],[[0.0058588,51.5647163],[0.0069383,51.5642533],[0.0077296,51.5639109],[0.0085247,51.5635606],[0.0089675,51.5633386],[0.0094547,51.5630825]],[[0.0094547,51.5630825],[0.0100919,51.5627053],[0.0106912,51.5622882],[0.0110566,51.5620241],[0.0114023,51.5617338],[0.0120401,51.561134]],[[0.0120401,51.561134],[0.0124428,51.5607224],[0.0128985,51.560282],[0.0131286,51.5600749],[0.013414,51.5598174],[0.0137536,51.5595288],[0.0140757,51.5592703],[0.014665,51.558854],[0.0148176,51.5587409]],[[0.0148176,51.5587409],[0.0164759,51.5576755],[0.0167789,51.5574564],[0.0169986,51.5572995],[0.0174216,51.5569363],[0.0176702,51.5567054],[0.0183125,51.5560988],[0.01851,51.555913],[0.0193013,51.55518],[0.0194997,51.5549932],[0.0197937,51.5547264],[0.0199763,51.5545636],[0.020134689837478608,51.55441633688268]],[[-0.042977,51.5869314],[-0.041424,51.5868698]],[[-0.05296478500679003,51.587094191375414],[-0.0514956,51.5867389],[-0.0508873,51.5866215],[-0.0500664,51.5865445],[-0.0489161,51.5865541],[-0.0463885,51.5867559],[-0.0448944,51.5868807],[-0.0446368,51.5868951],[-0.0435775,51.5869541],[-0.0426949,51.5869498],[-0.0412711,51.5869017],[-0.0406365,51.5868587],[-0.0398737,51.5867787],[-0.038833,51.5866414],[-0.0359145,51.5860858],[-0.021491,51.5832034],[-0.0208991,51.5830831]],[[-0.0208991,51.5830831],[-0.0206575,51.5830404],[-0.020556,51.5830224],[-0.0199949,51.582941]],[[-0.0429663,51.5868481],[-0.041421,51.5868009]],[[-0.0199245,51.582818],[-0.0205988,51.582949],[-0.0209383,51.5830256]],[[-0.0209383,51.5830256],[-0.0215269,51.5831369],[-0.0359616,51.585985],[-0.038892,51.5865209],[-0.039829,51.5866592],[-0.0406596,51.5867459],[-0.0412998,51.5867727],[-0.0427259,51.5868126],[-0.0429679,51.5868186],[-0.0435144,51.5868129],[-0.0448724,51.5867522],[-0.0463471,51.5866416],[-0.0489132,51.5864318],[-0.0500647,51.5864144],[-0.0509168,51.5864826],[-0.0515506,51.5866133],[-0.05314309691311164,51.58698774786505]],[[-0.0048086,51.5571292],[-0.005007,51.5570023],[-0.0051265,51.5569259],[-0.0052108,51.556872],[-0.0052544,51.5568441],[-0.0052891,51.5568219],[-0.0053335,51.5567935],[-0.0053981,51.5567522],[-0.0055607,51.5566482],[-0.0055406,51.5566361],[-0.0055221,51.5566249],[-0.0055085,51.5566167],[-0.0047564,51.5570977],[-0.0042294,51.5574351],[-0.0042815,51.5574666],[-0.0044138,51.557382],[-0.0048086,51.5571292]],[[0.0090739,51.5693796],[0.0091115,51.569363],[0.0086957,51.5689395],[0.0085155,51.5687457],[0.0080546,51.5682011],[0.0080144,51.5682143],[0.0084608,51.5687634],[0.0086944,51.5690114],[0.0087735,51.5690929],[0.0090739,51.5693796]],[[-0.005781175903371254,51.55054847660084],[-0.0060406,51.5507043],[-0.0067122,51.5511586],[-0.0070567,51.5515001],[-0.0072406,51.5517237],[-0.0074349,51.5520271]],[[-0.0074349,51.5520271],[-0.0075477,51.5521933],[-0.0076504,51.5523554],[-0.0077552,51.5525842],[-0.007838,51.5527981],[-0.007897,51.5529701],[-0.0079353,51.5531471],[-0.0079561,51.5533238],[-0.0079613,51.5535259],[-0.0079471,51.5537817],[-0.0078966,51.5540392],[-0.007838,51.5542441],[-0.0077618,51.5544469],[-0.0076792,51.5546249],[-0.0075453,51.5548455],[-0.0073211,51.5551284],[-0.0071475,51.5553175],[-0.0069606,51.5555006],[-0.0066488,51.5557879]],[[-0.0066488,51.5557879],[-0.0063261,51.5560568],[-0.0059969,51.5562856],[-0.0054953,51.5566085],[-0.0042132,51.5574277]],[[-0.0042132,51.5574277],[0.0006971,51.5605606],[0.0017582,51.5612476],[0.003901,51.562966],[0.0046343,51.5636357],[0.0053472,51.5644468],[0.0060507,51.5653181],[0.0075527,51.5675265],[0.0079447,51.5680347],[0.0083915,51.5685848],[0.0086004,51.5688114],[0.0089103,51.569121],[0.0093919,51.5695716]],[[0.0093919,51.5695716],[0.0099665,51.5701294],[0.0101362,51.5702837],[0.0111194,51.5710113]],[[0.0111194,51.5710113],[0.0115199,51.5712604],[0.0118588,51.5714543],[0.0125111,51.5717149],[0.0129906,51.571814],[0.0137235,51.5719423],[0.0153503,51.5720573],[0.0165862,51.5721964],[0.0176837376412565,51.57238377450419]],[[0.0081827,51.5681645],[0.0086828,51.5687465],[0.008937,51.5690388],[0.0091923,51.5693061],[0.009211,51.5692987],[0.0086818,51.5686867],[0.0085691,51.5685607],[0.008404,51.5683793],[0.0083419,51.5683016],[0.0082082,51.5681569],[0.0081827,51.5681645]],[[0.017811396989953716,51.5722592649584],[0.0166485,51.5720414],[0.0136589,51.571822],[0.0130047,51.5717063],[0.0127549,51.5716578],[0.012509,51.5715606],[0.0122777,51.5714566],[0.0118965,51.5712606],[0.0116625,51.5711111],[0.0113665,51.5709191]],[[0.0113665,51.5709191],[0.0108884,51.5706077],[0.0103458,51.5702235],[0.0100092,51.5699673],[0.0094784,51.5695373],[0.0090202,51.569034],[0.0085731,51.5685401]],[[0.0085731,51.5685401],[0.0083742,51.5682967],[0.0080975,51.5679997],[0.008,51.5678871],[0.0078063,51.5676866],[0.007682,51.5674959],[0.0070379,51.5665012],[0.0061687,51.5652687],[0.0054457,51.564413],[0.0047167,51.5636132],[0.0040849,51.5629882],[0.0036025,51.5626355]],[[0.0093919,51.5695716],[0.010224,51.5702578],[0.0111325,51.5709396],[0.0117126,51.5712688],[0.0122911,51.5716026],[0.0125111,51.5717149],[0.0135068,51.5722231],[0.0138932,51.5724475]],[[0.0138932,51.5724475],[0.0153361,51.57318]],[[0.0153361,51.57318],[0.0157166,51.5734084],[0.0161484,51.5737242],[0.0168249,51.5744419],[0.017397528353006952,51.57521103555603]],[[-0.05974420582809897,51.581540581721534],[-0.0596962,51.5814182]],[[-0.0596962,51.5814182],[-0.0596385,51.5812778],[-0.0595629,51.5811017],[-0.0594998,51.5809659],[-0.0594201,51.5807964],[-0.0593322,51.5806179]],[[-0.0593322,51.5806179],[-0.0592936,51.5805401]],[[-0.0592936,51.5805401],[-0.0592182,51.580397],[-0.059129,51.5802337],[-0.0590463,51.5800836],[-0.0589321,51.5798913],[-0.0588452,51.5797454],[-0.0587206,51.5795478],[-0.0586223,51.5793976],[-0.058519,51.5792482],[-0.0584068,51.5790818],[-0.0583114,51.5789488],[-0.0582128,51.5788169],[-0.0580939,51.5786608],[-0.0579578,51.5784872],[-0.0578294,51.5783262],[-0.057706,51.5781797],[-0.057581,51.5780356],[-0.05745,51.5778874],[-0.0573135,51.5777357],[-0.0571751,51.5775906],[-0.0570582,51.5774681],[-0.0569306,51.5773408],[-0.0567922,51.5772016],[-0.0566366,51.5770518],[-0.0564749,51.5768967],[-0.0562964,51.5767309],[-0.0561464,51.5765957],[-0.0560037,51.576468],[-0.0558777,51.5763585],[-0.055704,51.5762111],[-0.0555189,51.5760559],[-0.0552601,51.5758484],[-0.0550742,51.5757046],[-0.0547874,51.5754875],[-0.0545799,51.5753371],[-0.0544056,51.5752147],[-0.054193,51.575068],[-0.0540798,51.5749844],[-0.0538693,51.5748548]],[[-0.0538693,51.5748548],[-0.0537134,51.5747545]],[[-0.0537134,51.5747545],[-0.0530518,51.5743445],[-0.0528062,51.57421]],[[-0.0528062,51.57421],[-0.0525533,51.5740464],[-0.0523744,51.5739235],[-0.0522268,51.5738186],[-0.0520896,51.5737137],[-0.0519108,51.5735664],[-0.0518214,51.5734856],[-0.0517365,51.5734039],[-0.0516505,51.5733164],[-0.0515356,51.5731938],[-0.0514294,51.5730732],[-0.0513222,51.572942],[-0.0511999,51.5727861],[-0.051101,51.5726538],[-0.0509998,51.572505],[-0.0509078,51.5723641],[-0.0508174,51.5722169],[-0.0507363,51.572072],[-0.0506453,51.5718978],[-0.0505663,51.5717273],[-0.0505001,51.5715544],[-0.0504537,51.5714292],[-0.0504037,51.5712794],[-0.0503606,51.5711183],[-0.0503222,51.570954],[-0.0502823,51.5707624],[-0.0502494,51.5705688],[-0.0502391,51.570506],[-0.0502203,51.5703659],[-0.0502054,51.570226],[-0.0501967,51.5701356],[-0.0501858,51.5699431],[-0.0501816,51.569797],[-0.0501875,51.5696795],[-0.0501961,51.5695961],[-0.0502166,51.5694599],[-0.0502425,51.5693297],[-0.0502731,51.5692086],[-0.0502955,51.5691359],[-0.0503296,51.5690383],[-0.0503671,51.5689521],[-0.050429,51.5688255],[-0.0505015,51.5686733],[-0.0506069,51.5684778]],[[-0.0506069,51.5684778],[-0.0506507,51.56841]],[[-0.0506507,51.56841],[-0.0510228,51.5678573],[-0.05113074756052035,51.56770123903968]],[[-0.05116913340541303,51.567718446077336],[-0.0510614,51.5678775],[-0.0506961,51.568422]],[[-0.0506961,51.568422],[-0.0506521,51.5684898]],[[-0.0506521,51.5684898],[-0.0505311,51.5687194],[-0.0504608,51.5688581],[-0.0503913,51.5690246],[-0.0503426,51.5691547],[-0.0503147,51.5692463],[-0.0502732,51.5694153],[-0.0502447,51.5695992],[-0.050235,51.5697789],[-0.0502369,51.5699333],[-0.0502505,51.5701529],[-0.0502618,51.5702758],[-0.0502806,51.5704288],[-0.0503002,51.5705643],[-0.0503239,51.57071],[-0.0503576,51.5708838],[-0.0503953,51.571046],[-0.0504334,51.5712056],[-0.0504886,51.5713871],[-0.0505444,51.5715463],[-0.050615,51.5717175],[-0.0506903,51.5718822],[-0.0507785,51.5720564],[-0.050859,51.5722038],[-0.0509467,51.5723458],[-0.0510427,51.5724926],[-0.0511469,51.5726438],[-0.051239,51.5727678],[-0.0513596,51.5729209],[-0.0514741,51.5730601],[-0.0515856,51.5731881],[-0.0516994,51.573305],[-0.0517784,51.5733844],[-0.0518461,51.5734507],[-0.05196,51.5735522],[-0.0521247,51.5736892],[-0.0522839,51.5738109],[-0.0524252,51.5739141],[-0.0525885,51.574024],[-0.0528368,51.574186]],[[-0.0528368,51.574186],[-0.0537496,51.5747329]],[[-0.0537496,51.5747329],[-0.0539059,51.5748332]],[[-0.0539059,51.5748332],[-0.0541257,51.5749688],[-0.0542118,51.5750333],[-0.0544468,51.5751956],[-0.0546351,51.57533],[-0.0548236,51.5754658],[-0.0551105,51.5756835],[-0.0552962,51.5758251],[-0.0555565,51.5760343],[-0.0557403,51.576188],[-0.0559222,51.5763437],[-0.0560423,51.5764488],[-0.056194,51.5765831],[-0.0563409,51.576716],[-0.0565101,51.5768736],[-0.0566787,51.5770322],[-0.0568378,51.5771853],[-0.0569758,51.5773249],[-0.0570987,51.5774508],[-0.0572197,51.5775762],[-0.0573538,51.5777188],[-0.0574925,51.5778707],[-0.05763,51.5780258],[-0.0577514,51.578166],[-0.0578799,51.5783195],[-0.0580006,51.5784725],[-0.0581355,51.578644],[-0.058258,51.5788058],[-0.0583543,51.5789362],[-0.0584514,51.5790707],[-0.0585689,51.5792409],[-0.0586696,51.5793901],[-0.0587709,51.5795417],[-0.0588881,51.5797317],[-0.0589797,51.5798801],[-0.059092,51.5800741],[-0.0591772,51.5802236],[-0.0592675,51.580393],[-0.0593404,51.5805311]],[[-0.0593404,51.5805311],[-0.0593794,51.5806088]],[[-0.0593794,51.5806088],[-0.0594656,51.5807853],[-0.0595479,51.5809564],[-0.0596095,51.5810958],[-0.0596829,51.5812624],[-0.0597421,51.5814001]],[[-0.0597421,51.5814001],[-0.059787583548547976,51.581517440292416]],[[-0.0001903,51.6081872],[-0.0001883,51.6081951],[-0.000185,51.608208],[-0.0001792,51.6082306],[-0.0001203,51.6084606],[-0.0000964,51.6085538],[-0.0000786,51.6086234],[-0.000087,51.6086242],[-0.000030200000000000002,51.608846],[0.000027300000000000003,51.6090702],[0.00023320000000000003,51.6098737],[0.0001724,51.60988],[-0.00007439999999999999,51.6089172],[-0.0000911,51.608852],[-0.0002486,51.6082374],[-0.0002598,51.6081941],[-0.0001903,51.6081872]],[[-0.0008349,51.5877997],[-0.0008036,51.5877897],[-0.0009716,51.5875795],[-0.0012249,51.5873057],[-0.0015348,51.5870417],[-0.0015821,51.5870052],[-0.0019171,51.586776],[-0.0021576,51.5866339],[-0.0024216,51.5864983],[-0.0024424,51.5865178],[-0.002205,51.5866462],[-0.0019856,51.5867758],[-0.0017892,51.5869078],[-0.0016068,51.5870328],[-0.0012576,51.5873219],[-0.0010091,51.5875888],[-0.0008349,51.5877997]],[[-0.021667,51.5826694],[-0.0215034,51.5826977],[-0.0189365,51.5829711],[-0.0189365,51.5829361],[-0.0204962,51.5827696],[-0.0214819,51.5826644],[-0.021667,51.5826611],[-0.021667,51.5826694]],[[-0.0314566,51.5813554],[-0.0313546,51.5813825],[-0.0309466,51.581486],[-0.0305256,51.5815828],[-0.0303743,51.581615],[-0.0303608,51.5815897],[-0.0309627,51.5814519],[-0.0309542,51.5814395],[-0.0313812,51.5813282],[-0.0322106,51.5810866],[-0.0328401,51.5808783],[-0.032898,51.5808588],[-0.0329165,51.5808837],[-0.032818,51.580918],[-0.0328313,51.5809318],[-0.0323846,51.5810843],[-0.0318848,51.5812366],[-0.0316697,51.5812966],[-0.0314566,51.5813554]],[[0.0085516,51.6316333],[0.0100258,51.633113]],[[0.0085516,51.6316333],[0.0084901,51.6315677],[0.0084342,51.6315032],[0.0082896,51.6313208],[0.0082415,51.631264],[0.008187,51.6312034]],[[0.008187,51.6312034],[0.0081096,51.6311277],[0.0067628,51.6297737],[0.0067313,51.6297419]],[[0.0067313,51.6297419],[0.0062267,51.629254]],[[0.0062267,51.629254],[0.0049034,51.6279107]],[[0.0049034,51.6279107],[0.0047543,51.6277596]],[[0.0047543,51.6277596],[0.0044825,51.6274861],[0.0042087,51.627203],[0.0040999,51.6270854],[0.0039929,51.626959],[0.003888,51.6268214],[0.0037868,51.6266726],[0.0037019,51.6265401],[0.0036241,51.6264058],[0.0035221,51.6262101],[0.0022171,51.6235826],[0.0020335,51.6231939],[0.0018514,51.6227228],[0.0016965,51.6222397],[0.0016369,51.6219951],[0.0015827,51.6217547],[0.0015341,51.6214917],[0.0014958,51.6212338],[0.0014636,51.6209573],[0.0014469,51.6206839],[0.0014406,51.6202333]],[[0.0014406,51.6202333],[0.001442,51.6201811]],[[0.001442,51.6201811],[0.0014561,51.6198612],[0.001475,51.6195791],[0.0014999,51.6192128]],[[0.0014999,51.6192128],[0.0015141,51.6190481]],[[0.0015141,51.6190481],[0.0015754,51.6182417]],[[0.0015754,51.6182417],[0.0015808,51.6181593]],[[0.0015808,51.6181593],[0.0016438,51.6172576],[0.0016575,51.6170041],[0.0016626,51.6166946],[0.0016537,51.6164058],[0.001636,51.6161128],[0.0016025,51.6158215],[0.0015631,51.6155338],[0.0015134,51.6152525],[0.0014537,51.6149702],[0.0013432,51.6145354],[0.0001939000000000001,51.6100547],[-0.0002753,51.6082266],[-0.0004055,51.6077126],[-0.0004204,51.6076539]],[[-0.0004204,51.6076539],[-0.0004343,51.6076054],[-0.0005406,51.6072267]],[[-0.0005406,51.6072267],[-0.0007467,51.6065873],[-0.0009541,51.6060215],[-0.0016627,51.6043691]],[[-0.0016627,51.6043691],[-0.0017254,51.6042261]],[[-0.0017254,51.6042261],[-0.002566,51.6022385],[-0.0027978,51.6016761],[-0.0029953,51.6011421],[-0.0031984,51.6004792]],[[-0.0031984,51.6004792],[-0.0032696,51.6001538]],[[-0.0032696,51.6001538],[-0.0033518,51.5996903],[-0.0034227,51.5991458],[-0.0034572,51.5986008],[-0.0034584,51.5980529],[-0.003417,51.5975065],[-0.0033421,51.5969637],[-0.0032244,51.5964195],[-0.003091,51.5959553],[-0.0030079,51.5957179],[-0.0029209,51.5954843]],[[-0.0029209,51.5954843],[-0.0028694,51.5953662]],[[-0.0028694,51.5953662],[-0.0027115,51.5950086],[-0.0024542,51.5944858],[-0.0022028,51.5940779],[-0.0020357,51.593806],[-0.0017644,51.5934248],[-0.0014689,51.5929739],[-0.0013169,51.5927194],[-0.0012069,51.592493],[-0.0010972,51.5921923],[-0.00096,51.5918175],[-0.0008432,51.5914173],[-0.0007037,51.5908889],[-0.0005825,51.5904226],[-0.0004797,51.5899747],[-0.0004252,51.5896243],[-0.0004027,51.5894278],[-0.0004027,51.5891927],[-0.0004252,51.5890059],[-0.0004492,51.5887965],[-0.0004787,51.5886443],[-0.0005694,51.5883852],[-0.000672,51.5881245],[-0.0007901,51.5879199]],[[-0.0007901,51.5879199],[-0.0009331,51.587732],[-0.0011188,51.5875112],[-0.0013143,51.5873221],[-0.0014784,51.5871807],[-0.0017046,51.5869967],[-0.0018622,51.5868898],[-0.0020575,51.5867592],[-0.002306,51.5866058],[-0.0025054,51.586497]],[[-0.0025054,51.586497],[-0.0028506,51.5863328]],[[-0.0028506,51.5863328],[-0.0031116,51.5862215],[-0.0034305,51.5860971],[-0.0037999,51.5859767],[-0.0041129,51.5858932],[-0.0043877,51.5858256],[-0.0051126,51.5856867],[-0.0058362,51.5855545],[-0.0063504,51.5854525],[-0.0068328,51.5853266],[-0.0071761,51.5852194],[-0.0074023,51.5851413],[-0.0076217,51.5850508],[-0.0078997,51.5849311],[-0.0081828,51.5847948],[-0.0084407,51.5846605],[-0.0088009,51.5844836],[-0.0092163,51.5843212],[-0.0095429,51.5842109],[-0.0098042,51.584138],[-0.0102722,51.5840523],[-0.010431,51.5840292]],[[-0.010431,51.5840292],[-0.0109364,51.5839174],[-0.0113283,51.5838549]],[[-0.0113283,51.5838549],[-0.0117204,51.5837867],[-0.0118594,51.5837666],[-0.0120985,51.5837379],[-0.0128928,51.5836541],[-0.0135192,51.5835771],[-0.0144706,51.5834782],[-0.0154773,51.5833627],[-0.0164655,51.5832576],[-0.0174269,51.5831535],[-0.0181857,51.5830713],[-0.0187535,51.5830109],[-0.0189364,51.5829916]],[[-0.0189364,51.5829916],[-0.0192744,51.5829578],[-0.0202291,51.5828558],[-0.0214803,51.5827195],[-0.0223882,51.5826102],[-0.0228618,51.5825599]],[[-0.0228618,51.5825599],[-0.0233362,51.5825071],[-0.0241419,51.5824197],[-0.0249099,51.5823336]],[[-0.0249099,51.5823336],[-0.0253626,51.5822804]],[[-0.0253626,51.5822804],[-0.0262155,51.582198],[-0.0267984,51.5821335],[-0.027532,51.5820492]],[[-0.027532,51.5820492],[-0.0277129,51.5820284]],[[-0.0277129,51.5820284],[-0.0279748,51.5819944]],[[-0.0279748,51.5819944],[-0.0283011,51.5819541]],[[-0.0283011,51.5819541],[-0.0288368,51.5818931],[-0.0293209,51.5818181],[-0.0297513,51.5817484],[-0.0301634,51.5816724],[-0.0305453,51.5815933],[-0.0309925,51.5814851],[-0.0314581,51.5813695],[-0.0318802,51.5812519],[-0.0323492,51.5811041],[-0.0329264,51.580902]],[[-0.0329264,51.580902],[-0.0330926,51.5808363]],[[-0.0330926,51.5808363],[-0.0334848,51.5806972],[-0.0337578,51.5805837],[-0.0340677,51.5804484],[-0.0343876,51.5803016],[-0.0347025,51.5801445],[-0.0349739,51.5800039],[-0.0353323,51.5798166],[-0.0358482,51.5795449],[-0.0362318,51.5793336],[-0.036746,51.5790547],[-0.0373791,51.5787195],[-0.0378762,51.5784517]],[[-0.0378762,51.5784517],[-0.0380567,51.5783582]],[[-0.0380567,51.5783582],[-0.0386203,51.5780648],[-0.0395675,51.5775552],[-0.0400094,51.5773193],[-0.0404201,51.5771011]],[[-0.0404201,51.5771011],[-0.040942,51.5768196]],[[-0.040942,51.5768196],[-0.041384,51.5765861],[-0.0421792,51.5761626],[-0.0425998,51.57594],[-0.0429769,51.5757356],[-0.0432742,51.5755745],[-0.0434695,51.5754668],[-0.0436,51.5753936],[-0.0437256,51.5753214],[-0.0439626,51.575183],[-0.0441568,51.5750686],[-0.0443422,51.5749567],[-0.0445616,51.5748195],[-0.0448106,51.5746634],[-0.0450514,51.574507],[-0.0451895,51.5744156],[-0.0453112,51.5743343],[-0.0454823,51.5742161],[-0.0455949,51.5741362],[-0.0457814,51.5740042],[-0.0459163,51.5739073],[-0.0461157,51.5737594],[-0.046323,51.5736018],[-0.046443,51.573507],[-0.0465877,51.5733909],[-0.0467144,51.5732852],[-0.0468644,51.5731592],[-0.0469754,51.5730616],[-0.0471487,51.572905],[-0.0472839,51.5727812],[-0.0474362,51.5726342],[-0.0476073,51.5724615],[-0.0477337,51.5723308],[-0.0478062,51.5722524],[-0.0478607,51.5721901]],[[-0.0478607,51.5721901],[-0.048332,51.5716582]],[[-0.048332,51.5716582],[-0.0484431,51.5715375],[-0.0485243,51.5714454],[-0.0486414,51.5713047],[-0.0487106,51.5712222],[-0.0488078,51.5710996],[-0.0489057,51.5709712],[-0.0490018,51.5708403],[-0.0491092,51.5706992],[-0.0491994,51.5705781],[-0.0492445,51.5705089],[-0.0493577,51.5703424],[-0.0494839,51.5701563],[-0.0496661,51.5698845]],[[-0.0496661,51.5698845],[-0.0497621,51.5697434]],[[-0.0497621,51.5697434],[-0.0499106,51.5695229],[-0.0500324,51.5693398],[-0.050159,51.5691524],[-0.0502684,51.5689884],[-0.0504094,51.5687787],[-0.0506069,51.5684778]],[[-0.0310385,51.5815686],[-0.0312782,51.5815083],[-0.0314043,51.5814764],[-0.0319555,51.5813237],[-0.0323649,51.5812007],[-0.0323908,51.5812356],[-0.0327223,51.5811264],[-0.0326949,51.5810925],[-0.0327105,51.5810857],[-0.0327852,51.5810608],[-0.0328982,51.581023],[-0.0330045,51.5809875],[-0.0329922,51.580973],[-0.0329845,51.5809647],[-0.032894,51.5809962],[-0.0328804,51.5809809],[-0.0323957,51.5811416],[-0.0319263,51.5812865],[-0.0316721,51.581359],[-0.0314253,51.5814274],[-0.0308639,51.5815647],[-0.0304076,51.5816695],[-0.030424,51.5816949],[-0.0307413,51.5816276],[-0.0307738,51.581633],[-0.0308019,51.5816266],[-0.0308159,51.5816042],[-0.03103,51.5815559],[-0.0310385,51.5815686]],[[-0.0217415,51.58273],[-0.0189582,51.5830283],[-0.0189635,51.5830566],[-0.0217469,51.582755],[-0.0217415,51.58273]],[[-0.0009378,51.587831],[-0.0009686,51.5878417],[-0.0012736,51.5875073],[-0.0013198,51.5874558],[-0.0016787,51.5871292],[-0.0019479,51.5869358],[-0.0023534,51.5866761],[-0.0023718,51.5866659],[-0.0025679,51.5865568],[-0.0025469,51.5865411],[-0.0022508,51.586703],[-0.0019012,51.586928],[-0.0016451,51.5871114],[-0.0014559,51.5872789],[-0.0012684,51.5874617],[-0.0011002,51.5876553],[-0.0009378,51.587831]],[[0.0001258,51.6100598],[0.0000976,51.6100619],[-0.0000707,51.6094903],[-0.0000767,51.6094914],[-0.0002105,51.6089617],[-0.0002624,51.6087585],[-0.0002748,51.6087105],[-0.0003504,51.6084179],[-0.0003349,51.6084163],[-0.0002957,51.6084123],[-0.0002194,51.6087051],[-0.0001553,51.6089563],[0.0001258,51.6100598]],[[-0.0506521,51.5684898],[-0.050429,51.5688255],[-0.0503182,51.5689956],[-0.0502157,51.5691466],[-0.0500776,51.5693512],[-0.0499569,51.5695307],[-0.049808,51.5697554]],[[-0.049808,51.5697554],[-0.0497126,51.5698966]],[[-0.0497126,51.5698966],[-0.0495662,51.5701148],[-0.0494069,51.5703523],[-0.0492709,51.5705482],[-0.0491456,51.5707225],[-0.0490327,51.5708747],[-0.0489253,51.5710176],[-0.0487488,51.5712416],[-0.0486368,51.571376],[-0.0485655,51.571464],[-0.0484887,51.5715522],[-0.0483778,51.5716739]],[[-0.0483778,51.5716739],[-0.0482575,51.5718086],[-0.0479039,51.5722049]],[[-0.0479039,51.5722049],[-0.0478457,51.5722711],[-0.0477855,51.5723356],[-0.0476971,51.5724289],[-0.0475924,51.5725336],[-0.0474685,51.5726582],[-0.0473163,51.5728066],[-0.0472212,51.5728961],[-0.0470157,51.5730812],[-0.046904,51.5731797],[-0.046764,51.5732968],[-0.0466231,51.5734128],[-0.0464755,51.5735318],[-0.0463595,51.573623],[-0.0461495,51.573784],[-0.0459679,51.5739171],[-0.0458079,51.5740318],[-0.0456192,51.5741668],[-0.0454713,51.5742702],[-0.0453435,51.5743575],[-0.0452252,51.5744374],[-0.0450863,51.5745312],[-0.0448478,51.5746839],[-0.0445913,51.5748464],[-0.0443742,51.5749813],[-0.044182,51.5750962],[-0.0439949,51.5752071],[-0.0437498,51.5753475],[-0.0436296,51.575418],[-0.0435021,51.5754892],[-0.0433059,51.5755985],[-0.0430092,51.5757584],[-0.0426333,51.575961],[-0.0422056,51.5761881],[-0.0414128,51.5766107],[-0.04095,51.576858]],[[-0.04095,51.576858],[-0.0404522,51.5771244]],[[-0.0404522,51.5771244],[-0.0400485,51.5773395],[-0.0389879,51.577907],[-0.0388628,51.5779777]],[[-0.0388628,51.5779777],[-0.038091,51.5783843]],[[-0.038091,51.5783843],[-0.0379225,51.5784727]],[[-0.0379225,51.5784727],[-0.0378984,51.5784853],[-0.0374249,51.5787377]],[[-0.0374249,51.5787377],[-0.0366941,51.5791296],[-0.0361999,51.5793971],[-0.0357683,51.5796298],[-0.0350308,51.5800216],[-0.0345283,51.5802735],[-0.0342556,51.5804038],[-0.033984,51.5805265],[-0.0335954,51.5806878],[-0.0331215,51.5808675]],[[-0.0331215,51.5808675],[-0.0329508,51.5809287]],[[-0.0329508,51.5809287],[-0.0322557,51.5811764],[-0.0317331,51.5813304],[-0.0314697,51.5814023],[-0.0313468,51.5814358]],[[-0.0313468,51.5814358],[-0.0309927,51.5815215],[-0.0305218,51.5816297],[-0.029968,51.5817379],[-0.0293661,51.5818525],[-0.0287383,51.5819392],[-0.0283133,51.5819912]],[[-0.0283133,51.5819912],[-0.0279875,51.5820326]],[[-0.0279875,51.5820326],[-0.0277096,51.5820672]],[[-0.0277096,51.5820672],[-0.0275384,51.5820865]],[[-0.0275384,51.5820865],[-0.0269357,51.5821522],[-0.0262088,51.5822302],[-0.0253755,51.5823211]],[[-0.0253755,51.5823211],[-0.0249216,51.5823705]],[[-0.0249216,51.5823705],[-0.0243273,51.5824342],[-0.0236427,51.5825113],[-0.0229191,51.5825894],[-0.0222716,51.5826617]],[[-0.0222716,51.5826617],[-0.0211112,51.5827844],[-0.019972,51.582907],[-0.0189461,51.5830213]],[[-0.0189461,51.5830213],[-0.0181991,51.5831046],[-0.0174561,51.5831871],[-0.0154295,51.5834032],[-0.0121708,51.5837655],[-0.0118778,51.5838022],[-0.0117053,51.5838258],[-0.011347,51.5838865]],[[-0.011347,51.5838865],[-0.0109361,51.5839516],[-0.010447,51.5840626]],[[-0.010447,51.5840626],[-0.0099489,51.5841525],[-0.0098746,51.5841659],[-0.0095411,51.5842607],[-0.0092384,51.5843581],[-0.0089974,51.5844478],[-0.0087664,51.5845535],[-0.0085582,51.58465],[-0.0082297,51.5848184],[-0.0080585,51.5849016],[-0.0078748,51.5849948],[-0.0077298,51.5850508],[-0.0074595,51.5851706],[-0.0071977,51.5852604]],[[-0.0071977,51.5852604],[-0.0069942,51.5853265],[-0.0066946,51.5854102],[-0.0064224,51.5854754],[-0.0061559,51.585534],[-0.0057033,51.5856232],[-0.0053337,51.5856888],[-0.0049697,51.5857558],[-0.0046284,51.5858147],[-0.0043815,51.5858611],[-0.0040491,51.5859438],[-0.0038493,51.586004],[-0.0035343,51.5861089],[-0.0031989,51.5862369],[-0.0028854,51.586361]],[[-0.0028854,51.586361],[-0.0025408,51.5865214]],[[-0.0025408,51.5865214],[-0.0023458,51.586632],[-0.0020561,51.5868056],[-0.0017689,51.5869953],[-0.0015417,51.5871706],[-0.0013783,51.5873296],[-0.0011743,51.5875245],[-0.000998,51.5877283],[-0.000912,51.5878355],[-0.0008518,51.5879308]],[[-0.0008518,51.5879308],[-0.0007078,51.588179],[-0.0006264,51.5883969],[-0.0005517,51.5886398],[-0.0005023,51.5888511],[-0.0004651,51.5890812],[-0.0004512,51.5893131],[-0.0004582,51.5895074],[-0.0004779,51.5896752],[-0.0005117,51.5898381],[-0.0005426,51.5900049],[-0.000652,51.5905155],[-0.0007958,51.5910315],[-0.0008845,51.591389],[-0.0010049,51.5917932],[-0.0011304,51.5921245],[-0.0012147,51.5923622],[-0.0013216,51.5926175],[-0.0015088,51.592943],[-0.0017698,51.5933488],[-0.002124,51.5938523],[-0.0024052,51.5942835],[-0.0025461,51.5945362],[-0.0026726,51.5948045],[-0.002812,51.5951045],[-0.0029184,51.595358]],[[-0.0029184,51.595358],[-0.0029706,51.595476]],[[-0.0029706,51.595476],[-0.0030587,51.5957104],[-0.0031417,51.5959466],[-0.0032747,51.596413],[-0.0033936,51.5969617],[-0.0034682,51.597504],[-0.0035084,51.5980508],[-0.0035079,51.5986003],[-0.0034734,51.5991473],[-0.0034002,51.5996903],[-0.0033189,51.600158]],[[-0.0033189,51.600158],[-0.0032477,51.6004834]],[[-0.0032477,51.6004834],[-0.0030459,51.6011473],[-0.0028471,51.6016838],[-0.0026131,51.6022462],[-0.0017709,51.6042337]],[[-0.0017709,51.6042337],[-0.0017095,51.6043769]],[[-0.0017095,51.6043769],[-0.0010049,51.6060295],[-0.0007939,51.6065934],[-0.0005872,51.6072328]],[[-0.0005872,51.6072328],[-0.0004795,51.6076194],[-0.000466,51.607668]],[[-0.000466,51.607668],[-0.0004518,51.6077242],[-0.0003237,51.6082319],[0.0001446,51.6100584],[0.0012969,51.6145383],[0.0014026,51.614972],[0.001464,51.6152561],[0.0015164,51.6155331],[0.0015567,51.6158211],[0.001585,51.6161119],[0.0016042,51.6164076],[0.0016124,51.6166941],[0.001609,51.6169981],[0.0016004,51.6172549],[0.0015313,51.6181501]],[[0.0015313,51.6181501],[0.0015258,51.6182284]],[[0.0015258,51.6182284],[0.0014625,51.6190464]],[[0.0014625,51.6190464],[0.00145,51.6192116]],[[0.00145,51.6192116],[0.0014239,51.6195761],[0.0014051,51.6198619],[0.0013892,51.6201803]],[[0.0013892,51.6201803],[0.0013895,51.6202317]],[[0.0013895,51.6202317],[0.0013944,51.6206839],[0.0014126,51.6209606],[0.0014419,51.6212348],[0.0014829,51.621497],[0.0015304,51.6217585],[0.0015846,51.622001],[0.0016472,51.6222446],[0.0018001,51.6227322],[0.001988,51.623201],[0.0021669,51.623592],[0.0034752,51.6262193],[0.0035798,51.6264156],[0.0036592,51.6265513],[0.0037444,51.6266839],[0.0038437,51.6268314],[0.003951,51.626972],[0.004057,51.6270987],[0.0041662,51.6272204],[0.0044407,51.6275019],[0.0047125,51.6277748]],[[0.0047125,51.6277748],[0.0048644,51.6279262]],[[0.0048644,51.6279262],[0.0061979,51.6292654]],[[0.0061979,51.6292654],[0.0072106,51.630281]],[[0.0072106,51.630281],[0.0072421,51.6303133],[0.0077309,51.6308065],[0.0077929,51.6308693],[0.0078613,51.6309385],[0.0079384,51.6310149]],[[0.0079384,51.6310149],[0.0080654,51.6311426],[0.0081418,51.6312212],[0.0085516,51.6316333]],[[0.0078001,51.563829],[0.0077611,51.5637952],[0.0084621,51.5634822],[0.0084732,51.5634918],[0.0084908,51.5635071],[0.0085011,51.563516],[0.0078001,51.563829]],[[-0.0075368,51.5695091],[-0.0075148,51.5695341],[-0.0075073,51.5695426],[-0.0074963,51.5695551],[-0.006721,51.5692908],[-0.0065158,51.569221],[-0.0065561,51.5691753],[-0.0075368,51.5695091]],[[-0.0239528,51.5815734],[-0.0240432,51.5816225],[-0.0240512,51.5816168],[-0.0240991,51.5816428],[-0.0240762,51.5816591],[-0.0232831,51.5812283],[-0.0233057,51.5812123],[-0.0237727,51.581466],[-0.0239293,51.581551],[-0.0239605,51.581568],[-0.0239528,51.5815734]],[[-0.0419899,51.5865887],[-0.040768,51.5865917],[-0.0407679,51.5865654],[-0.0411366,51.5865645],[-0.0411366,51.5865533],[-0.0415568,51.5865522],[-0.0415569,51.5865616],[-0.0419897,51.5865605],[-0.0419899,51.5865887]],[[0.020074658263710354,51.55440613065721],[0.0199239,51.5545438],[0.0197481,51.5546975],[0.0194514,51.5549709],[0.0192529,51.5551577],[0.0184616,51.5558995],[0.0182641,51.5560853],[0.0176229,51.5566874],[0.0173743,51.5569184],[0.0169573,51.5572785],[0.0167376,51.5574353],[0.016429,51.5576582],[0.0147707,51.5587236]],[[0.0147707,51.5587236],[0.0146189,51.5588365],[0.0140379,51.5592516],[0.0137285,51.559499],[0.0133668,51.559803],[0.0130795,51.5600639],[0.0128467,51.5602659],[0.0123856,51.560712],[0.011995,51.5611203]],[[0.011995,51.5611203],[0.0113527,51.5617142],[0.0110051,51.5620051],[0.0108164,51.5621547],[0.0106484,51.5622686],[0.0100501,51.5626736],[0.009422,51.563055]],[[0.009422,51.563055],[0.0089353,51.5633069],[0.0084974,51.5635335],[0.0078247,51.5638332],[0.0076932,51.5638883],[0.00689,51.5642374],[0.005814,51.5646929]],[[0.005814,51.5646929],[0.0050704,51.5650112]],[[0.0050704,51.5650112],[0.0047994,51.5651237],[0.0025323,51.5661147],[0.0019295,51.56635],[-0.0051887,51.5687858]],[[-0.0051887,51.5687858],[-0.0055294,51.5689024]],[[-0.0055294,51.5689024],[-0.0067102,51.5693031],[-0.0074845,51.5695691],[-0.0080463,51.5697645],[-0.0084573,51.5699145],[-0.0089572,51.5701071],[-0.0097743,51.5704369],[-0.0108899,51.5709814],[-0.0112443,51.5711647],[-0.0117522,51.5714273],[-0.0120695,51.5716148],[-0.0128409,51.5721124],[-0.01321,51.5723384],[-0.0142072,51.5730817],[-0.0148422,51.5736323],[-0.0151998,51.5739776],[-0.0169848,51.5758307]],[[-0.0169848,51.5758307],[-0.0171411,51.5759992]],[[-0.0171411,51.5759992],[-0.0200118,51.5789384],[-0.0206279,51.5795004],[-0.0207992,51.5796522],[-0.0212367,51.5799745],[-0.0217168,51.5803035],[-0.0223208,51.5806974],[-0.0226518,51.5808938],[-0.0229716,51.581078],[-0.0238914,51.5815798],[-0.0247237,51.5820476],[-0.0257128,51.5825757],[-0.0267114,51.5831198]],[[-0.0267114,51.5831198],[-0.0271338,51.5833349]],[[-0.0271338,51.5833349],[-0.0274224,51.5835064],[-0.0277817,51.583712],[-0.0280779,51.5838576],[-0.028782,51.584186],[-0.0294972,51.5845012],[-0.0300127,51.5847131],[-0.030832,51.5850106],[-0.0317619,51.5853173],[-0.0327065,51.5855938],[-0.0336488,51.585835],[-0.0343093,51.5859782],[-0.0349059,51.586087],[-0.0353338,51.5861643],[-0.0357807,51.5862375],[-0.0365672,51.5863467],[-0.0372339,51.5864337],[-0.037943,51.5865012],[-0.0387473,51.586548],[-0.039873,51.5865975],[-0.0406614,51.586607],[-0.0419387,51.5866056],[-0.0430436,51.5866038],[-0.0452495,51.5865351]],[[-0.0452495,51.5865351],[-0.0456602,51.5865124]],[[-0.0456602,51.5865124],[-0.0466334,51.5864281],[-0.0507576,51.5860249],[-0.0518409,51.5859085]],[[-0.0518409,51.5859085],[-0.052403,51.5858498]],[[-0.052403,51.5858498],[-0.0535827,51.585709]],[[-0.0535827,51.585709],[-0.0539142,51.5856784]],[[-0.0539142,51.5856784],[-0.055054098070632426,51.58555155308851]],[[-0.0362982,51.5662747],[-0.0362843,51.5662875],[-0.0362652,51.5663046],[-0.0362556,51.5663126],[-0.0383102,51.5672541],[-0.0383403,51.567234],[-0.0363127,51.5662985],[-0.0363254,51.5662875],[-0.0362982,51.5662747]],[[-0.006141287235012434,51.55044339193378],[-0.0061587,51.5504634],[-0.0063061,51.5506323],[-0.0065719,51.550912],[-0.0067723,51.5510944],[-0.007039,51.5512898],[-0.007175,51.5513768],[-0.0073876,51.5515026],[-0.0075831,51.5516117],[-0.0080877,51.5518927],[-0.0086066,51.5521759],[-0.0088816,51.5523349],[-0.0092418,51.5525552],[-0.0097441,51.5529006],[-0.0101065,51.5531535],[-0.0104782,51.5534102],[-0.0108607,51.553674],[-0.0117352,51.5542724],[-0.0120157,51.5544662],[-0.0124479,51.5547639],[-0.012862,51.5550449],[-0.0133626,51.5553391],[-0.0138202,51.555572],[-0.014294,51.5557833],[-0.0147977,51.5559876],[-0.0148249,51.5559994],[-0.0157455,51.5563667],[-0.0160176,51.5564691],[-0.0162945,51.5565675],[-0.0168833,51.5567608],[-0.0176514,51.557002],[-0.0183925,51.5572419],[-0.0190033,51.5574375],[-0.019525,51.5576211],[-0.0198743,51.557768],[-0.0205411,51.5580812],[-0.0219492,51.5587568],[-0.0230354,51.5592741],[-0.0238318,51.5596188],[-0.0243613,51.559826],[-0.0252932,51.5601575],[-0.0261578,51.5604935],[-0.0272576,51.5609839],[-0.0279037,51.5612599],[-0.0283516,51.561454],[-0.0287267,51.5616282],[-0.0290877,51.5617979],[-0.0293645,51.5619361],[-0.0296194,51.5620812],[-0.0298934,51.5622368],[-0.0304292,51.5625721],[-0.0308505,51.5628482],[-0.0313019,51.5631498],[-0.0314716,51.5632849],[-0.03163,51.5633888],[-0.0318545,51.5635525]],[[-0.0318545,51.5635525],[-0.0320527,51.5637072],[-0.0322447,51.5638656],[-0.0324392,51.5640505],[-0.0327231,51.5643519],[-0.0328262,51.5644478],[-0.0330597,51.5646646],[-0.0332688,51.5648288],[-0.0334554,51.5649536],[-0.0337137,51.5650979],[-0.0340287,51.5652526],[-0.0346394,51.5655587]],[[-0.0346394,51.5655587],[-0.0359497,51.5661752]],[[-0.0359497,51.5661752],[-0.0362176,51.5663089]],[[-0.0362176,51.5663089],[-0.0378773,51.5670846],[-0.0391013,51.5676663],[-0.0395629,51.5678825]],[[-0.0395629,51.5678825],[-0.0405003,51.5683215],[-0.0408019,51.5684619],[-0.0414893,51.5687844],[-0.0446922,51.5702815],[-0.0473573,51.5715262],[-0.047874,51.5717687]],[[-0.047874,51.5717687],[-0.0480526,51.5718519]],[[-0.0480526,51.5718519],[-0.0487469,51.5721745],[-0.0504777,51.5729816],[-0.0507783,51.5731227],[-0.0510666,51.5732571],[-0.0513483,51.5733877],[-0.0516047,51.5735117],[-0.0518243,51.5736231],[-0.0520229,51.5737276],[-0.0521686,51.5738072],[-0.0523744,51.5739235],[-0.0528368,51.574186]],[[-0.0361631,51.5663364],[-0.0361503,51.5663465],[-0.0361258,51.5663672],[-0.0361148,51.5663778],[-0.0363581,51.5665013],[-0.036374,51.5664893],[-0.0366889,51.5666353],[-0.0368368,51.5667042],[-0.0382571,51.5673659],[-0.038263,51.567361],[-0.0382905,51.5673382],[-0.0361631,51.5663364]],[[-0.0528062,51.57421],[-0.052165,51.5738476],[-0.0518149,51.573659],[-0.0515557,51.5735285],[-0.0513177,51.5734136],[-0.0510448,51.5732849],[-0.0507459,51.5731454],[-0.0504362,51.5730016],[-0.0487165,51.5721986],[-0.0480249,51.5718756]],[[-0.0480249,51.5718756],[-0.0478459,51.5717928]],[[-0.0478459,51.5717928],[-0.0473361,51.5715544],[-0.0446709,51.5703107],[-0.0442279,51.5700982],[-0.0438516,51.5699228],[-0.0435478,51.5697803],[-0.0431256,51.569581],[-0.0426586,51.5693598],[-0.042256,51.5691738],[-0.0419289,51.569028],[-0.0415451,51.5688483],[-0.0412595,51.5687136],[-0.0408567,51.5685259],[-0.0404738,51.5683479]],[[-0.0404738,51.5683479],[-0.0399951,51.5681211]],[[-0.0399951,51.5681211],[-0.0393599,51.567824],[-0.0390742,51.5676913],[-0.037842,51.5671098],[-0.0362235,51.566346],[-0.0361787,51.5663239]],[[-0.0361787,51.5663239],[-0.0359156,51.5661894]],[[-0.0359156,51.5661894],[-0.0346134,51.565584]],[[-0.0346134,51.565584],[-0.033996,51.5652794],[-0.0336868,51.5651245],[-0.0334231,51.5649787],[-0.0332326,51.5648464],[-0.0330205,51.5646857],[-0.0328106,51.5644933],[-0.0326546,51.5643365],[-0.0323616,51.5640335],[-0.032216,51.5638917],[-0.0320554,51.563754],[-0.0318006,51.5635657]],[[-0.0318006,51.5635657],[-0.0313951,51.563277],[-0.0310535,51.5630449],[-0.0309345,51.5629696],[-0.030709,51.5628138],[-0.0304726,51.5626467],[-0.0301981,51.56247],[-0.0299181,51.5622949],[-0.0296728,51.5621531],[-0.0293861,51.5619858],[-0.0289655,51.5617765],[-0.0286845,51.5616478],[-0.0282386,51.5614477],[-0.027538,51.5611409],[-0.027234,51.5610045],[-0.0261339,51.5605249],[-0.0252637,51.5601858],[-0.0243413,51.5598527],[-0.0238069,51.5596415],[-0.0230187,51.5593013],[-0.0219251,51.5587881],[-0.0205131,51.5581048],[-0.0200803,51.5579016],[-0.0197919,51.5577682],[-0.0194944,51.5576455],[-0.0191312,51.5575142],[-0.0183667,51.557267],[-0.0176408,51.5570255],[-0.0169788,51.5568283],[-0.0162708,51.5565926],[-0.0159918,51.5564943],[-0.0157209,51.556392],[-0.0154894,51.5562952],[-0.0151868,51.5561766],[-0.0147722,51.5560122],[-0.0142675,51.555809],[-0.0137904,51.5555944],[-0.0133317,51.5553609],[-0.0128255,51.5550656],[-0.0124206,51.5547918],[-0.0119769,51.5544874],[-0.0116983,51.5542947],[-0.0112883,51.5540134],[-0.0108343,51.5537009],[-0.0104451,51.553433],[-0.0100546,51.5531729],[-0.0097107,51.552924],[-0.0092199,51.5525828],[-0.0088554,51.5523676],[-0.0085923,51.5522086],[-0.0082343,51.5520159],[-0.007809,51.5517822],[-0.0076081,51.5516699],[-0.0074139,51.55156],[-0.0071287,51.5513925],[-0.006914,51.551257],[-0.0067469,51.5511231],[-0.0065306,51.5509295],[-0.0063777,51.5507663],[-0.0062607,51.5506353],[-0.006100727113583801,51.55045454270672]],[[-0.0399951,51.5681211],[-0.0395629,51.5678825]],[[-0.0446133,51.5703542],[-0.0435695,51.5698649],[-0.0415827,51.5689376],[-0.0413997,51.5688498],[-0.041175,51.5687328],[-0.0409002,51.5685819],[-0.0406523,51.5684472],[-0.0404738,51.5683479]],[[-0.0477915,51.571827],[-0.047697,51.5717823],[-0.0469886,51.5714563],[-0.046282,51.5711303],[-0.0458463,51.5709306],[-0.0454537,51.5707471],[-0.0446133,51.5703542]],[[-0.0479768,51.571913],[-0.0477915,51.571827]],[[-0.0536319,51.5748035],[-0.0534055,51.5746594],[-0.0531155,51.5744775],[-0.052753,51.5742576]],[[-0.052753,51.5742576],[-0.0524281,51.5740673],[-0.0522199,51.5739511],[-0.0519861,51.5738251],[-0.0517226,51.5736888],[-0.0514401,51.5735493],[-0.0511776,51.5734263],[-0.0508313,51.5732634],[-0.0505397,51.5731267],[-0.0502641,51.5729974],[-0.04999,51.5728674],[-0.049722,51.5727385],[-0.0494504,51.5726075],[-0.0492058,51.5724904],[-0.0487791,51.5722888],[-0.0479768,51.571913]],[[-0.0537853,51.5749049],[-0.0536319,51.5748035]],[[-0.0591794,51.5805526],[-0.0590882,51.5803741],[-0.058978,51.5801641],[-0.058907,51.5800338],[-0.0588161,51.5798788],[-0.058706,51.5796928],[-0.0586074,51.5795338],[-0.0584953,51.5793643],[-0.0583891,51.5792071],[-0.0582749,51.5790437],[-0.0581625,51.5788933],[-0.0580043,51.5786813],[-0.0578644,51.5785046],[-0.0577124,51.5783156],[-0.057573,51.5781519],[-0.057418,51.5779735],[-0.0572586,51.5777938],[-0.0570833,51.5776062],[-0.0569261,51.5774424],[-0.0567755,51.5772893],[-0.0565696,51.5770854],[-0.0563811,51.5769075],[-0.0561826,51.5767242],[-0.056007,51.5765684],[-0.0558555,51.5764352],[-0.0556248,51.5762397],[-0.0553881,51.5760479],[-0.0551872,51.5758902],[-0.0550071,51.575753],[-0.0547979,51.5755991],[-0.0546264,51.5754751],[-0.0544277,51.5753361],[-0.0541956,51.5751789],[-0.0540074,51.5750506],[-0.0537853,51.5749049]],[[-0.0592203,51.5806386],[-0.0591794,51.5805526]],[[-0.059569,51.5814226],[-0.0594971,51.5812494],[-0.0594291,51.5810924],[-0.0593496,51.5809141],[-0.0592804,51.5807648],[-0.0592203,51.5806386]],[[-0.05963764810947974,51.58159725846728],[-0.059569,51.5814226]]]}},{"type":"Feature","properties":{"kind":"routes","class":"other","routeCount":96},"geometry":{"type":"MultiLineString","coordinates":[[[0.0191022,51.5698735],[0.0189567,51.5699023],[0.0188547,51.569935],[0.018731,51.5699891],[0.0183759,51.5701705],[0.0182975,51.5702164]],[[0.0182975,51.5702164],[0.0180577,51.5703568],[0.0180111,51.570384],[0.0180002,51.5703904]],[[0.0180002,51.5703904],[0.0178711,51.5704658],[0.0176854,51.5705643],[0.0174891,51.5706539],[0.0173477,51.5707138],[0.0171233,51.5707845],[0.0170706,51.5707968]],[[0.0170706,51.5707968],[0.0170165,51.5708095],[0.0168576,51.5708386],[0.0166794,51.570862]],[[0.0166794,51.570862],[0.0164306,51.570871],[0.0162427,51.5708723],[0.0161437,51.5708793],[0.0161065,51.5708832]],[[0.0161065,51.5708832],[0.0160416,51.5708617],[0.0159305,51.5708737],[0.0158646,51.5708917],[0.0157911,51.5709265],[0.0157438,51.5709534],[0.0156587,51.5710274]],[[0.0156587,51.5710274],[0.0155029,51.5709362],[0.0154859,51.5709275]],[[0.0154859,51.5709275],[0.0154418,51.5709052]],[[0.0154418,51.5709052],[0.0153925,51.5708824],[0.0153057,51.5708589],[0.0152345,51.570871]],[[0.0150335,51.5707838],[0.0151208,51.5708218],[0.0152345,51.570871]],[[0.0149935,51.5707664],[0.0150335,51.5707838]],[[0.0147023,51.5706243],[0.0147856,51.5706673],[0.0149935,51.5707664]],[[0.014472,51.5705054],[0.0145671,51.5705545],[0.0147023,51.5706243]],[[0.0144595,51.5704986],[0.014472,51.5705054]],[[0.014081,51.5702967],[0.0142261,51.5703762],[0.0142828,51.5704075],[0.0144595,51.5704986]],[[0.0139233,51.5702152],[0.014081,51.5702967]],[[0.013789,51.5701423],[0.0139233,51.5702152]],[[0.0134242,51.5699493],[0.013789,51.5701423]],[[0.0133811,51.569927],[0.0134242,51.5699493]],[[0.0133581,51.5699165],[0.0133811,51.569927]],[[0.0131834,51.5698519],[0.0132145,51.5698501],[0.0132461,51.569856],[0.0133112,51.5698908],[0.0133282,51.5698999],[0.0133581,51.5699165]],[[0.0131834,51.5698519],[0.0131245,51.5698749],[0.0130895,51.5698902],[0.0130221,51.5699254]],[[0.0130221,51.5699254],[0.0130123,51.569932],[0.0129705,51.5699581]],[[0.0129705,51.5699581],[0.0127342,51.5701099],[0.012676,51.5701486],[0.0124562,51.5702948],[0.0121952,51.5704875]],[[0.0121952,51.5704875],[0.0121758,51.5705011],[0.0121535,51.5705167],[0.0121085,51.5705477],[0.0120171,51.5706076]],[[0.0120171,51.5706076],[0.0119617,51.5705693],[0.0118977,51.5705384],[0.0118585,51.5705252],[0.0118525,51.5705217]],[[0.0118525,51.5705217],[0.0118274,51.5705071],[0.0116677,51.5703994],[0.0113412,51.5701791],[0.0113283,51.5701708],[0.0108859,51.5698838]],[[0.0108859,51.5698838],[0.0108638,51.5698534]],[[0.0108638,51.5698534],[0.0108017,51.5698365]],[[0.0108017,51.5698365],[0.0105696,51.5697731],[0.010555,51.5697683],[0.0104784,51.5697433],[0.0102401,51.5696653]],[[0.0102401,51.5696653],[0.0101321,51.5696299],[0.0098172,51.5694089],[0.0096621,51.5692771]],[[0.0096621,51.5692771],[0.009584,51.5692997],[0.0095367,51.5693145],[0.0094917,51.5693213],[0.0094506,51.5693159],[0.0094058,51.5693054],[0.0093423,51.5692679]],[[0.016513616092980587,51.572870925765315],[0.0165038,51.5727784]],[[0.0165038,51.5727784],[0.01655,51.5727385],[0.016615,51.5726823],[0.0167405,51.5725608]],[[0.0167405,51.5725608],[0.0171592,51.5720872]],[[0.0171592,51.5720872],[0.0172502,51.5719411],[0.0172527,51.5717874],[0.017227,51.5717481],[0.0171689,51.5716595],[0.017062,51.5715779]],[[0.017062,51.5715779],[0.0169425,51.5715283],[0.0167802,51.5714895],[0.0166564,51.5714778],[0.0165339,51.5714814]],[[0.0165339,51.5714814],[0.0164226,51.5714705],[0.0163592,51.5714562],[0.0162659,51.5714272],[0.0161664,51.5713855],[0.0160779,51.5713373],[0.015904,51.5711978],[0.0158601,51.5711615]],[[0.0158601,51.5711615],[0.0157697,51.5710977]],[[0.0157697,51.5710977],[0.0156587,51.5710274]],[[0.02005984618461613,51.62642464364102],[0.0199389,51.6264765]],[[0.0199389,51.6264765],[0.0199156,51.6264876],[0.0197748,51.6265548]],[[0.0197748,51.6265548],[0.0194947,51.6266794],[0.0182261,51.6272214],[0.0178936,51.6273639],[0.017516,51.6275088]],[[0.017516,51.6275088],[0.0174356,51.6275315],[0.0173188,51.6275463],[0.0170766,51.6275691],[0.0168871,51.6275797],[0.0162269,51.6275761],[0.0159282,51.6275906],[0.0158441,51.6275907],[0.0155376,51.6275916],[0.0143907,51.6275382],[0.013385,51.627509],[0.0124755,51.6274959],[0.0123323,51.6274926],[0.0121004,51.6274829],[0.0119095,51.6274633],[0.0107791,51.627275]],[[0.0107791,51.627275],[0.010753,51.6272725],[0.0106979,51.6272683],[0.0105863,51.6272633],[0.01049,51.6272595],[0.010229,51.6272513]],[[0.010229,51.6272513],[0.0099232,51.6272377]],[[0.0099232,51.6272377],[0.0095032,51.6272207],[0.0093747,51.6272099],[0.0087688,51.6271466],[0.0080344,51.6270718],[0.007666,51.6270351],[0.0075857,51.627022],[0.0075601,51.6270152],[0.0074909,51.6269988],[0.0074045,51.6269726]],[[0.0074045,51.6269726],[0.0073052,51.6269899],[0.0072301,51.6269956],[0.0070234,51.6270042],[0.0069105,51.6270176],[0.0067743,51.627042],[0.0066138,51.627077],[0.006425,51.6271279],[0.0062464,51.6271842],[0.0061013,51.6272345],[0.0059514,51.6272935],[0.0057382,51.6273871],[0.0049325,51.6277733],[0.0047796,51.6278467],[0.0046326,51.6279179],[0.0044163,51.6280227],[0.0042631,51.6280971],[0.0041018,51.6281618],[0.0039994,51.6281976],[0.0039564,51.6282126]],[[0.0039564,51.6282126],[0.0037613,51.6282713],[0.0035567,51.6283355],[0.003452,51.6283763],[0.0031091,51.6285335],[0.0027827,51.6286929],[0.0026849,51.6287614],[0.0026141,51.628811],[0.0025475,51.628865],[0.0024828,51.6289174],[0.0023454,51.6290459],[0.0019609,51.6294308],[0.0016053,51.6297993],[0.001263,51.6301575]],[[0.001263,51.6301575],[0.0010604,51.6303411],[0.001029,51.6303696],[0.0009696,51.6304175]],[[0.0047015,51.6316649],[0.0043854,51.6315541],[0.0040612,51.6314469],[0.0039282,51.6314125],[0.0038838,51.6314022],[0.0038406,51.6313914],[0.0037598,51.631376],[0.0036488,51.6313584],[0.0034775,51.6313339],[0.0033162,51.6313165],[0.0032196,51.6313044],[0.0031179,51.6312892],[0.0030627,51.6312814],[0.0029258,51.6312516],[0.0027473,51.6312111],[0.0026445,51.6311809],[0.0024052,51.6311016],[0.0022146,51.6310229],[0.0020335,51.6309578],[0.001994,51.6309436],[0.0018185,51.6308679],[0.0016129,51.6307845],[0.0014861,51.6307214],[0.0014293,51.6306931],[0.0011942,51.6305491],[0.0011508,51.6305237],[0.0009696,51.6304175]],[[0.0091421,51.6333024],[0.0086681,51.6331106],[0.008538,51.633058],[0.0078009,51.6327484],[0.0071045,51.6325009],[0.0066859,51.63235],[0.0062974,51.6322124],[0.006266,51.6322015],[0.0061684,51.6321697],[0.0054656,51.6319365],[0.0051393,51.631823],[0.0048098,51.6317084],[0.0047015,51.6316649]],[[0.00949,51.6334488],[0.0093543,51.6333918],[0.0092232,51.6333356],[0.0091421,51.6333024]],[[0.0098369,51.6335947],[0.00949,51.6334488]],[[0.0099394,51.6336413],[0.0098369,51.6335947]],[[0.0100524,51.6336864],[0.0099394,51.6336413]],[[0.012487408413450246,51.59516987919757],[0.0122454,51.5952007],[0.0120732,51.5952085],[0.0119819,51.5952111],[0.0118446,51.5951983],[0.0116325,51.5951315]],[[0.0116325,51.5951315],[0.0112133,51.5949669]],[[0.0112133,51.5949669],[0.0108492,51.594814]],[[0.0108492,51.594814],[0.0106908,51.5947401],[0.0106199,51.5946987],[0.0105648,51.5946504],[0.0105231,51.594597],[0.010445,51.5944718],[0.0103057,51.5942573]],[[0.0103057,51.5942573],[0.0102831,51.5942206]],[[0.0102831,51.5942206],[0.0101409,51.5941572]],[[0.0101409,51.5941572],[0.0100497,51.5941173],[0.0099573,51.5940886],[0.0098222,51.5940717]],[[0.0098222,51.5940717],[0.009677,51.5940595]],[[0.009677,51.5940595],[0.0094736,51.5940218],[0.0093289,51.5939963]],[[0.0093289,51.5939963],[0.0091934,51.5939761]],[[0.0091934,51.5939761],[0.0089442,51.5939394]],[[0.0089442,51.5939394],[0.0087998,51.5939123]],[[0.0087998,51.5939123],[0.008703,51.5938957],[0.0085836,51.5938752]],[[0.0085836,51.5938752],[0.008395,51.5938429]],[[0.008395,51.5938429],[0.0083032,51.5938272]],[[0.0083032,51.5938272],[0.008065,51.5937862]],[[0.008065,51.5937862],[0.0071051,51.5936291]],[[0.0071051,51.5936291],[0.006566,51.5935408],[0.006113,51.5934641]],[[0.006113,51.5934641],[0.0058995,51.5934209],[0.0055175,51.5933452],[0.0054175,51.5933254]],[[0.0054175,51.5933254],[0.005297,51.5933008]],[[0.005297,51.5933008],[0.0052397,51.5932881],[0.0052177,51.5932833],[0.0052002,51.5932794]],[[0.0052002,51.5932794],[0.0051305,51.5932654]],[[0.0051305,51.5932654],[0.0049193,51.5932296],[0.004855,51.5932192]],[[0.004855,51.5932192],[0.0047909,51.5932081],[0.0047226,51.5931955]],[[0.0047226,51.5931955],[0.004501,51.5931573],[0.0040236,51.5930741],[0.0038611,51.5930508]],[[0.0038611,51.5930508],[0.0036686,51.5930232]],[[0.0036686,51.5930232],[0.0029245,51.5929123]],[[0.0029245,51.5929123],[0.0026611,51.5928776]],[[0.0026611,51.5928776],[0.0026091,51.5928709],[0.0025664,51.5928654]],[[0.0025664,51.5928654],[0.0023937,51.5928455]],[[0.0023937,51.5928455],[0.0018116,51.5927761],[0.0014983,51.5927357]],[[0.0014983,51.5927357],[0.0013327,51.5927143]],[[0.0013327,51.5927143],[0.0009306,51.5926696],[0.0008991,51.5926651]],[[0.0008991,51.5926651],[0.0007448,51.592647],[0.000467,51.5926124]],[[0.000467,51.5926124],[0.0003738,51.5926027]],[[0.0003738,51.5926027],[-0.00029989999999999997,51.5925382],[-0.0003709,51.5925295],[-0.0004217,51.5925246],[-0.0007515,51.5924883]],[[-0.0007515,51.5924883],[-0.0010135,51.5924579]],[[-0.0010135,51.5924579],[-0.0010483,51.5924539],[-0.0010933,51.5924488],[-0.0011402,51.5924434]],[[-0.0011402,51.5924434],[-0.0011714,51.5924398]],[[-0.0011714,51.5924398],[-0.0014377,51.5924086]],[[-0.0014377,51.5924086],[-0.0014855,51.5924022]],[[-0.0014855,51.5924022],[-0.0016762,51.5923766]],[[-0.0016762,51.5923766],[-0.002066,51.5923245],[-0.0021405,51.5923133],[-0.0023625,51.59228],[-0.0024888,51.59226]],[[-0.0024888,51.59226],[-0.0026894,51.5922244],[-0.002861,51.5921912],[-0.0029117,51.5921802],[-0.0031333,51.592132],[-0.0032596,51.5921038]],[[-0.0032596,51.5921038],[-0.0034225,51.5920641],[-0.0036626,51.5919951],[-0.0038318,51.5919474],[-0.0039527,51.5919044]],[[-0.0039527,51.5919044],[-0.0041679,51.5918479]],[[-0.0041679,51.5918479],[-0.0042439,51.5918252],[-0.0044644,51.5917701]],[[-0.0044644,51.5917701],[-0.0045615,51.5917443],[-0.0046533,51.5917191],[-0.0046973,51.5917073],[-0.004734,51.5916972],[-0.004878,51.5916516]],[[-0.004878,51.5916516],[-0.004996,51.5916188],[-0.0050305,51.5916102],[-0.0050697,51.5916027],[-0.0051012,51.5915966],[-0.005197,51.5915808],[-0.0054088,51.591546]],[[-0.0054088,51.591546],[-0.005602,51.5915105]],[[-0.005602,51.5915105],[-0.0056285,51.5915058],[-0.0057074,51.5914919],[-0.0057618,51.5914824],[-0.0058263,51.5914728]],[[-0.0058263,51.5914728],[-0.0064531,51.5913666]],[[-0.0064531,51.5913666],[-0.0066322,51.5913351]],[[-0.0066322,51.5913351],[-0.0067844,51.5913074],[-0.0068308,51.5912974]],[[-0.0068308,51.5912974],[-0.00693,51.5912778],[-0.0070243,51.5912592],[-0.0070523,51.5912537],[-0.0070846,51.5912472]],[[-0.0070846,51.5912472],[-0.0072738,51.5912048]],[[-0.0072738,51.5912048],[-0.0073304,51.5911905]],[[-0.0073304,51.5911905],[-0.0075369,51.5911286]],[[-0.0075369,51.5911286],[-0.0075562,51.5911227],[-0.0077761,51.5910551],[-0.0081329,51.5909314],[-0.0081724,51.5909161]],[[-0.0081724,51.5909161],[-0.0082368,51.5908892]],[[-0.0082368,51.5908892],[-0.0082876,51.5908229],[-0.0083538,51.5907953]],[[-0.0083538,51.5907953],[-0.0084123,51.5907669],[-0.0084493,51.590748]],[[-0.0084493,51.590748],[-0.0085658,51.5906986],[-0.0086315,51.5906733]],[[-0.0086315,51.5906733],[-0.0087523,51.5906319]],[[-0.0087523,51.5906319],[-0.0089047,51.590582]],[[-0.0089047,51.590582],[-0.0089398,51.5905727],[-0.0089712,51.5905643]],[[-0.0089712,51.5905643],[-0.0097503,51.5904142]],[[-0.0097503,51.5904142],[-0.009902,51.5903774]],[[-0.009902,51.5903774],[-0.0102073,51.5903142],[-0.0108667,51.5901945],[-0.0110294,51.5901681],[-0.0111252,51.5901495]],[[-0.0111252,51.5901495],[-0.0113618,51.5901143],[-0.0115726,51.590083]],[[-0.0115726,51.590083],[-0.0123831,51.589994],[-0.01258,51.589977]],[[-0.01258,51.589977],[-0.0126449,51.5899717],[-0.0126991,51.5899674]],[[-0.0126991,51.5899674],[-0.012869,51.5899537]],[[-0.012869,51.5899537],[-0.0129533,51.5899496],[-0.013148,51.589939],[-0.0132099,51.5899344],[-0.013253,51.589932],[-0.0133235,51.5899284],[-0.0134905,51.5899185]],[[-0.0134905,51.5899185],[-0.0145894,51.5898488],[-0.0146266,51.5898469],[-0.0147114,51.5898675]],[[-0.0147114,51.5898675],[-0.0149643,51.5898598],[-0.0150475,51.5898564],[-0.0151311,51.5898519],[-0.0151747,51.5898514],[-0.0153144,51.5898502]],[[-0.0153144,51.5898502],[-0.0154316,51.5898567],[-0.0155488,51.589865],[-0.0157146,51.5898878]],[[-0.0157146,51.5898878],[-0.0157634,51.5898956]],[[-0.0157634,51.5898956],[-0.0162421,51.5899727],[-0.0168367,51.5900722],[-0.0169179,51.5900854],[-0.017013,51.5901031]],[[-0.017013,51.5901031],[-0.0171204,51.5901219]],[[-0.0171204,51.5901219],[-0.0171566,51.59013],[-0.0171952,51.5901377]],[[-0.0171952,51.5901377],[-0.017377,51.5901743]],[[-0.017377,51.5901743],[-0.0175493,51.5902106],[-0.0176092,51.5902233],[-0.017658,51.5902324],[-0.0178416,51.590281],[-0.0180357,51.5903244]],[[-0.0180357,51.5903244],[-0.018483,51.5904244],[-0.0188765,51.5905232],[-0.0193124,51.5906351],[-0.0194315,51.5906682],[-0.0195417,51.5906985],[-0.019603,51.5907148],[-0.0197672,51.5907534],[-0.0199524,51.590793],[-0.0202535,51.5908409],[-0.0203685,51.59085],[-0.0204774,51.5908517],[-0.0205936,51.5908492],[-0.0208598,51.5908241]],[[-0.0208598,51.5908241],[-0.0211586,51.590793],[-0.0212817,51.590775],[-0.021492,51.5907358],[-0.0216486,51.5907038],[-0.0216929,51.5906926],[-0.0218328,51.590659]],[[-0.0218328,51.590659],[-0.0218899,51.5906444],[-0.0222442,51.5905537]],[[-0.0222442,51.5905537],[-0.0224487,51.5905025],[-0.0225017,51.5904874],[-0.0226885,51.590438]],[[-0.0226885,51.590438],[-0.0230017,51.5903546],[-0.0233175,51.5902885],[-0.0233641,51.5902791],[-0.0235701,51.5902434],[-0.0241262,51.5901596]],[[-0.0241262,51.5901596],[-0.0245186,51.5901005],[-0.0247092,51.5900756],[-0.0248763,51.590054],[-0.0249311,51.5900469],[-0.0254868,51.5899747],[-0.0255206,51.5899703],[-0.0264734,51.589865]],[[-0.0264734,51.589865],[-0.0267623,51.5898312],[-0.0269572,51.5898021]],[[-0.0269572,51.5898021],[-0.0273009,51.5897465]],[[-0.0273009,51.5897465],[-0.0273637,51.5897368],[-0.0274896,51.5897185],[-0.0276981,51.5896914],[-0.0277577,51.5896841]],[[-0.0277577,51.5896841],[-0.0279149,51.5896647]],[[-0.0279149,51.5896647],[-0.0279614,51.589659],[-0.0281074,51.5896406]],[[-0.0281074,51.5896406],[-0.0282053,51.5896282],[-0.0284293,51.589603]],[[-0.0284293,51.589603],[-0.0285062,51.5895943],[-0.028593,51.589582]],[[-0.028593,51.589582],[-0.0286773,51.5895675],[-0.0287613,51.5895524]],[[-0.0287613,51.5895524],[-0.0289568,51.5895109],[-0.028984,51.5895054]],[[-0.028984,51.5895054],[-0.0290955,51.5894754]],[[-0.0290955,51.5894754],[-0.0292145,51.5894452]],[[-0.0292145,51.5894452],[-0.0292957,51.5894195],[-0.0293829,51.5893965],[-0.0294757,51.5893723],[-0.0295771,51.5893395]],[[-0.0295771,51.5893395],[-0.0298701,51.5892334],[-0.0299024,51.5892212],[-0.0300049,51.5891783],[-0.0300498,51.5891586]],[[-0.0300498,51.5891586],[-0.0300634,51.589152]],[[-0.0300634,51.589152],[-0.0300853,51.5891439]],[[-0.0300853,51.5891439],[-0.0301131,51.5891323],[-0.0301276,51.5891249]],[[-0.0301276,51.5891249],[-0.0302282,51.5890736]],[[-0.0302282,51.5890736],[-0.0303649,51.5890068],[-0.0304961,51.588944]],[[-0.0304961,51.588944],[-0.0305142,51.5889374]],[[-0.0305142,51.5889374],[-0.0306134,51.5889011]],[[-0.0306134,51.5889011],[-0.0306967,51.5888764]],[[-0.0306967,51.5888764],[-0.0307283,51.5888672],[-0.0307656,51.5888553],[-0.0307849,51.5888495]],[[-0.0307849,51.5888495],[-0.0308184,51.5888382],[-0.0328793,51.588224],[-0.0329813,51.5881895],[-0.033193,51.5881162]],[[-0.033193,51.5881162],[-0.0332484,51.5880974]],[[-0.0332484,51.5880974],[-0.0333735,51.5880529],[-0.0334522,51.5880281]],[[-0.0334522,51.5880281],[-0.0335207,51.5880096],[-0.0335869,51.5879927],[-0.0337099,51.5879664]],[[-0.0337099,51.5879664],[-0.0339794,51.5879203]],[[-0.0339794,51.5879203],[-0.0341606,51.5878933]],[[-0.0341606,51.5878933],[-0.0344693,51.587852],[-0.0347426,51.5878146],[-0.0352718,51.5877464]],[[-0.0352718,51.5877464],[-0.0358117,51.5876807],[-0.036298,51.5876301]],[[-0.036298,51.5876301],[-0.036329,51.5876286]],[[-0.036329,51.5876286],[-0.0364272,51.5876156],[-0.0365271,51.5876058]],[[-0.0365271,51.5876058],[-0.0365949,51.5876],[-0.0366733,51.5875932]],[[-0.0366733,51.5875932],[-0.0367544,51.5875878],[-0.0368347,51.5875781]],[[-0.0368347,51.5875781],[-0.0369628,51.5875698],[-0.0373777,51.5875343],[-0.0377837,51.5874967],[-0.0383646,51.5874423],[-0.0384654,51.5874306]],[[-0.0384654,51.5874306],[-0.0387528,51.5873943],[-0.0389631,51.5873692],[-0.039166,51.5873449],[-0.0392664,51.5873331]],[[-0.0392664,51.5873331],[-0.0402676,51.5872481],[-0.0403368,51.5872424],[-0.0403813,51.5872379],[-0.0405471,51.5872216]],[[-0.0405471,51.5872216],[-0.0406989,51.5872037],[-0.0407586,51.5871963],[-0.0408263,51.5871902],[-0.0410968,51.5871711],[-0.0415082,51.5871324],[-0.0415879,51.5871258],[-0.0419544,51.5870787],[-0.0421125,51.5870603],[-0.0422831,51.5870377],[-0.0428362,51.5869738],[-0.0428738,51.5869691],[-0.0429147,51.5869639],[-0.0429584,51.5869581],[-0.0431329,51.586935],[-0.0433006,51.5869154],[-0.0433405,51.5869107],[-0.0433666,51.5869077],[-0.0434407,51.5868993],[-0.0438375,51.586855],[-0.0440741,51.5868365],[-0.044278,51.5868068],[-0.0445892,51.5867682]],[[-0.0445892,51.5867682],[-0.0449811,51.5867319]],[[-0.0449811,51.5867319],[-0.0450241,51.586728],[-0.0451309,51.5867181],[-0.0451427,51.586717]],[[-0.0451427,51.586717],[-0.0451877,51.5867129],[-0.0456513,51.5866703]],[[-0.0456513,51.5866703],[-0.0457821,51.5866575]],[[-0.0457821,51.5866575],[-0.0476378,51.5864764]],[[-0.0476378,51.5864764],[-0.0500878,51.5862306],[-0.0504444,51.5861953],[-0.0505866,51.5861804],[-0.0507078,51.5861743],[-0.0509267,51.5861678],[-0.0510744,51.5861733]],[[-0.0510744,51.5861733],[-0.0511876,51.5861867],[-0.0513131,51.5862033],[-0.0514406,51.586223],[-0.0515834,51.5862502],[-0.0517174,51.5862869],[-0.0518554,51.586343]],[[-0.0518554,51.586343],[-0.0519271,51.5863753],[-0.0520338,51.586426]],[[-0.0520338,51.586426],[-0.0521795,51.586489]],[[-0.0521795,51.586489],[-0.0522677,51.5865315]],[[-0.0522677,51.5865315],[-0.0523211,51.5865543],[-0.0523737,51.5865795],[-0.0524301,51.5866048],[-0.05256,51.5866633]],[[-0.05256,51.5866633],[-0.0527181,51.5867365]],[[-0.0527181,51.5867365],[-0.0529198,51.5868244],[-0.0530642,51.5868809]],[[-0.0530642,51.5868809],[-0.053210959695785834,51.58694169117973]],[[-0.0099944,51.555333],[-0.0097966,51.555413],[-0.0096932,51.5554548]],[[-0.0096932,51.5554548],[-0.0097099,51.555483],[-0.0097111,51.5555064],[-0.0096979,51.5555341],[-0.0096795,51.5555513],[-0.0096531,51.5555667]],[[-0.0096531,51.5555667],[-0.0096008,51.5555788],[-0.0095673,51.5555797],[-0.0095252,51.555573],[-0.0094987,51.5555634],[-0.0094616,51.5555415]],[[-0.0094616,51.5555415],[-0.0094462,51.5555055],[-0.0094494,51.5554773],[-0.0094589,51.555461],[-0.0094836,51.5554392],[-0.009502,51.5554295]],[[-0.009502,51.5554295],[-0.0095228,51.555422],[-0.0095614,51.5554151],[-0.0096107,51.5554168],[-0.0096494,51.555427],[-0.0096932,51.5554548]],[[-0.0109958,51.5549262],[-0.0108586,51.5549848],[-0.0106031,51.5550883],[-0.0099944,51.555333]],[[-0.0109958,51.5549262],[-0.0109813,51.5549013],[-0.0109857,51.5548669],[-0.0110015,51.5548475],[-0.0110264,51.5548317],[-0.0110652,51.5548198],[-0.0111179,51.5548185],[-0.0111656,51.5548314],[-0.0111989,51.5548554],[-0.0112121,51.5548821],[-0.0112115,51.5548999],[-0.0112,51.5549226],[-0.0111681,51.5549466],[-0.0111268,51.5549595]],[[-0.0120049,51.5555852],[-0.0119439,51.555557],[-0.0118239,51.5555079],[-0.0117169,51.5554553],[-0.0116718,51.5554332],[-0.0115517,51.5553562],[-0.0114405,51.5552779],[-0.0112998,51.5551829],[-0.0111997,51.5550794],[-0.0111556,51.5550098],[-0.0111268,51.5549595]],[[-0.0120049,51.5555852],[-0.0120366,51.5555592],[-0.0120815,51.5555425],[-0.0121488,51.5555383],[-0.0121872,51.5555464],[-0.0121956,51.5555481],[-0.0122432,51.5555754],[-0.0122624,51.5556024],[-0.0122658,51.5556321],[-0.0122526,51.5556607]],[[-0.0141839,51.5563252],[-0.0141182,51.5563008],[-0.013669,51.5561337],[-0.0132497,51.5560073],[-0.0129554,51.5559077],[-0.0125539,51.5557611],[-0.0123869,51.5556954],[-0.0123128,51.5556762],[-0.0122526,51.5556607]],[[-0.0141839,51.5563252],[-0.0142014,51.5563067],[-0.014225,51.556291],[-0.0142477,51.5562811],[-0.0142729,51.5562738],[-0.0143149,51.5562683],[-0.0143436,51.5562688],[-0.0143716,51.5562725],[-0.0144015,51.5562806],[-0.0144281,51.5562923],[-0.0144466,51.5563045]],[[-0.0144466,51.5563045],[-0.0146331,51.5563476],[-0.0146789,51.5563795]],[[-0.0146789,51.5563795],[-0.0147638,51.5563957],[-0.0148196,51.5564087]],[[-0.0148196,51.5564087],[-0.0150164,51.5564904],[-0.0151261,51.5565493]],[[-0.0151261,51.5565493],[-0.0152507,51.5566181],[-0.0154761,51.5567734],[-0.0158706,51.5570654],[-0.0159859,51.5571606],[-0.0161012,51.5572708],[-0.016196,51.5573825],[-0.0162154,51.5574218]],[[-0.0162154,51.5574218],[-0.0162621,51.5574115],[-0.016318,51.5574074],[-0.0163821,51.5574128],[-0.0164212,51.557422],[-0.0164571,51.5574352],[-0.0165062,51.5574646],[-0.0165449,51.5575099]],[[-0.0165449,51.5575099],[-0.0165565,51.5575546],[-0.0165434,51.5576042],[-0.016518,51.5576365],[-0.0164808,51.557664]],[[-0.0164808,51.557664],[-0.0164307,51.5576863],[-0.0163797,51.5576989],[-0.0163133,51.5577039],[-0.0162701,51.5577009],[-0.0162245,51.5576921],[-0.016203,51.5576856],[-0.0161628,51.5576683],[-0.0161333,51.5576495],[-0.0161096,51.5576277],[-0.0160916,51.5576024],[-0.0160816,51.5575754]],[[-0.0160816,51.5575754],[-0.0160014,51.5575671],[-0.0156675,51.557556],[-0.0154801,51.5575278],[-0.0152975,51.5574854],[-0.015006,51.5573875],[-0.0147437,51.5572655],[-0.0146189,51.5571835]],[[-0.0146189,51.5571835],[-0.0145288,51.5571721],[-0.0144432,51.5571232],[-0.0144019,51.5570937],[-0.0143144,51.5570289],[-0.0142918,51.5570122],[-0.0142543,51.5569845]],[[-0.0142543,51.5569845],[-0.0141255,51.5570477]],[[-0.0141255,51.5570477],[-0.0141111,51.5570531],[-0.0140932,51.5570597]],[[-0.0140932,51.5570597],[-0.013954,51.5571012]],[[-0.013954,51.5571012],[-0.0137932,51.5571452],[-0.0137242,51.5571258]],[[-0.0133288,51.5572],[-0.0135119,51.5571738],[-0.0137242,51.5571258]],[[-0.0131901,51.557209],[-0.0133288,51.5572]],[[-0.0130936,51.5572136],[-0.0131901,51.557209]],[[-0.0128225,51.5572192],[-0.0130121,51.5572166],[-0.0130936,51.5572136]],[[-0.0124489,51.5571945],[-0.0125941,51.5572069],[-0.0127034,51.5572144],[-0.0128225,51.5572192]],[[-0.0120241,51.557135],[-0.0123202,51.5571805],[-0.0124489,51.5571945]],[[-0.0118253,51.5571099],[-0.0119502,51.5571259],[-0.0120241,51.557135]],[[-0.0117756,51.5571047],[-0.0118253,51.5571099]],[[-0.0113262,51.55705],[-0.0115953,51.5570839],[-0.0117756,51.5571047]],[[-0.0108993,51.5569883],[-0.0110212,51.5570032],[-0.0113262,51.55705]],[[-0.0106284,51.5569878],[-0.0107891,51.556983],[-0.0108993,51.5569883]],[[-0.0105435,51.5569999],[-0.0106284,51.5569878]],[[-0.0104735,51.5570088],[-0.0105435,51.5569999]],[[-0.0103775,51.5570311],[-0.0104735,51.5570088]],[[-0.0102765,51.5570634],[-0.0103775,51.5570311]],[[-0.0090793,51.5575552],[-0.0091931,51.5575117],[-0.0093572,51.5574445],[-0.0102337,51.5570787],[-0.0102765,51.5570634]],[[-0.0089694,51.5575924],[-0.0090089,51.5575791],[-0.0090793,51.5575552]],[[-0.0089694,51.5575924],[-0.0089446,51.5576265],[-0.0089299,51.5576331]],[[-0.0089299,51.5576331],[-0.0087015,51.5577322],[-0.0086648,51.5577482]],[[-0.0086648,51.5577482],[-0.0086319,51.5577632]],[[-0.0086319,51.5577632],[-0.0075616,51.5581949]],[[-0.0075616,51.5581949],[-0.0071037,51.5583832]],[[-0.0071037,51.5583832],[-0.0070728,51.5583959],[-0.0070228,51.5584168],[-0.0069928,51.5584288],[-0.006932,51.5584751]],[[-0.006932,51.5584751],[-0.0068676,51.5585242],[-0.0068493,51.5585319],[-0.0066018,51.5586182],[-0.0064994,51.5586611],[-0.0055353,51.5590654],[-0.0055004,51.5590816],[-0.0047137,51.55941],[-0.0042625,51.5596124],[-0.0036108,51.5599396],[-0.0035526,51.5599722]],[[-0.0035526,51.5599722],[-0.0035297,51.5599848],[-0.0026404,51.5604155],[-0.0024194,51.5605333]],[[-0.0024194,51.5605333],[-0.0023891,51.5605438]],[[-0.0023891,51.5605438],[-0.0023382,51.560548],[-0.0023128,51.5605475],[-0.0022943,51.5605459],[-0.0022557,51.5605401],[-0.0022227,51.5605329]],[[-0.0022227,51.5605329],[-0.0021246,51.5604562]],[[-0.0021246,51.5604562],[-0.0017403,51.5601308]],[[-0.0017403,51.5601308],[-0.0016867,51.5601205],[-0.0016354,51.5601206]],[[-0.0016354,51.5601206],[-0.0014976,51.5601334]],[[-0.0014976,51.5601334],[-0.0010746,51.5603696],[-0.0009514,51.5604323]],[[-0.0009514,51.5604323],[-0.0005281,51.5606011],[-0.0003927,51.5606572]],[[-0.0003927,51.5606572],[-0.0003623,51.5606674]],[[-0.0003623,51.5606674],[-0.0003115,51.5606875],[-0.000249,51.5607152],[-0.00004209999999999999,51.5608168]],[[0.0001805,51.560739],[0.0001565,51.5607426],[0.0001234,51.5607523],[0.0000926,51.5607614],[0.0000223,51.5607815],[-0.00004209999999999999,51.5608168]],[[0.0004683,51.5606898],[0.00022180000000000002,51.5607326],[0.0001936,51.5607368],[0.0001805,51.560739]],[[0.0009348,51.5606052],[0.0007521,51.5606408],[0.0004683,51.5606898]],[[0.0010902,51.5605739],[0.0010056,51.5605914],[0.0009348,51.5606052]],[[0.0012548,51.5605398],[0.0010902,51.5605739]],[[0.0020777,51.5603795],[0.0018347,51.5604335],[0.0015558,51.5604856],[0.0012548,51.5605398]],[[0.0025873,51.5602718],[0.0025057,51.5602898],[0.0021814,51.5603577],[0.0020777,51.5603795]],[[0.0025873,51.5602718],[0.0026109,51.5602975],[0.0026484,51.5603157],[0.0026943,51.5603235],[0.0027416,51.5603199],[0.0027794,51.5603072],[0.0028079,51.5602872],[0.0028234,51.5602622],[0.0028241,51.5602355],[0.0028099,51.5602102]],[[0.0046311,51.5596627],[0.0045805,51.5596898],[0.0045056,51.559721],[0.0044397,51.5597478],[0.0041922,51.5598213],[0.0037933,51.5599318],[0.0034753,51.5600191],[0.0031519,51.5601074],[0.0028673,51.560191],[0.0028099,51.5602102]],[[0.0049252,51.5594447],[0.0046769,51.5596336],[0.0046311,51.5596627]],[[0.0050584,51.55934],[0.0049252,51.5594447]],[[0.0052618,51.5591767],[0.0050584,51.55934]],[[0.006066,51.558535],[0.0059364,51.5586406],[0.0056417,51.5588805],[0.0054156,51.5590532],[0.0052618,51.5591767]],[[0.0068884,51.5581327],[0.0067818,51.5581618],[0.0067084,51.5581875],[0.0066502,51.5582062],[0.0064521,51.5582751],[0.0063147,51.5583334],[0.0062415,51.5583843],[0.006066,51.558535]],[[0.0069509,51.5582883],[0.0068884,51.5581327]],[[0.0069807,51.5583741],[0.0069657,51.5583305],[0.0069509,51.5582883]],[[0.0070581,51.558585],[0.0069807,51.5583741]],[[0.0071032,51.5587554],[0.0070581,51.558585]],[[0.0071297,51.5588474],[0.0071032,51.5587554]],[[0.0071385,51.5588737],[0.0071297,51.5588474]],[[0.0071667,51.5589707],[0.0071385,51.5588737]],[[0.0071844,51.5590316],[0.0071667,51.5589707]],[[0.0071884,51.5590454],[0.0071844,51.5590316]],[[0.0071966,51.5590737],[0.0071884,51.5590454]],[[0.0072798,51.5592938],[0.0072625,51.5592601],[0.0072439,51.5592157],[0.0071966,51.5590737]],[[0.0073786,51.5594707],[0.0073358,51.5594029],[0.0072798,51.5592938]],[[0.0074193,51.5595353],[0.0073786,51.5594707]],[[0.0076663,51.5598872],[0.0076355,51.5598424],[0.0076014,51.5597976],[0.0075132,51.5596726],[0.0074882,51.5596377],[0.007462,51.5596012],[0.0074193,51.5595353]],[[0.0076853,51.5599149],[0.0076663,51.5598872]],[[0.0077389,51.5599928],[0.0076853,51.5599149]],[[0.0079859,51.5603316],[0.0079008,51.5602151],[0.0077389,51.5599928]],[[0.0081597,51.5605748],[0.0079983,51.5603486],[0.0079859,51.5603316]],[[0.0082117,51.5606478],[0.0081597,51.5605748]],[[0.008229,51.5606722],[0.0082117,51.5606478]],[[0.0082461,51.5606964],[0.008229,51.5606722]],[[0.0083732,51.560872],[0.0083348,51.5608191],[0.0083035,51.560776],[0.0082924,51.5607597],[0.0082674,51.5607265],[0.0082461,51.5606964]],[[0.0084113,51.5609245],[0.0083732,51.560872]],[[0.0087415,51.5614185],[0.0085129,51.5610789],[0.0085012,51.5610577],[0.0084113,51.5609245]],[[0.0088414,51.5616027],[0.0088175,51.5615522],[0.0087831,51.5614795],[0.0087415,51.5614185]],[[0.0093168,51.5626426],[0.0092714,51.5625593],[0.009125,51.5622487],[0.0090276,51.5620309],[0.0089522,51.5618448],[0.0088414,51.5616027]],[[0.0093883,51.5627735],[0.0093707,51.5627414],[0.0093168,51.5626426]],[[0.0094885,51.5629562],[0.0093883,51.5627735]],[[0.0095511,51.5630682],[0.0094885,51.5629562]],[[0.0095661,51.5630954],[0.0095511,51.5630682]],[[0.0097018,51.5634171],[0.0096503,51.5632768],[0.0095984,51.5631542],[0.0095661,51.5630954]],[[0.0097312,51.5635014],[0.0097115,51.5634434],[0.0097018,51.5634171]],[[0.0097479,51.5635507],[0.0097312,51.5635014]],[[0.0097966,51.5637176],[0.00979,51.5636947],[0.0097692,51.5636135],[0.0097479,51.5635507]],[[0.0098537,51.5639146],[0.0097966,51.5637176]],[[0.0099145,51.5642636],[0.0098974,51.5641254],[0.0098577,51.5639284],[0.0098537,51.5639146]],[[0.0099263,51.5643588],[0.0099145,51.5642636]],[[0.0099266,51.5644457],[0.0099263,51.5643588]],[[0.0099507,51.5646227],[0.0099435,51.5645746],[0.0099266,51.5644457]],[[0.0100788,51.5651573],[0.0100126,51.5649268],[0.0099642,51.5647135],[0.0099507,51.5646227]],[[0.0101142,51.5652846],[0.0101061,51.5652528],[0.0100788,51.5651573]],[[0.0101558,51.5654491],[0.0101142,51.5652846]],[[0.0102237,51.5658105],[0.0102084,51.5656929],[0.0101757,51.5655215],[0.010174,51.5655142],[0.0101558,51.5654491]],[[0.0102284,51.5658709],[0.0102237,51.5658105]],[[0.0102393,51.5660122],[0.0102284,51.5658709]],[[0.010254,51.5661897],[0.010241,51.5660341],[0.0102393,51.5660122]],[[0.0102626,51.5662922],[0.010254,51.5661897]],[[0.0104774,51.5670549],[0.0104746,51.5670482],[0.0104272,51.5669095],[0.010364,51.5666997],[0.0103048,51.5665053],[0.0102666,51.5663132],[0.0102626,51.5662922]],[[0.0106137,51.5673899],[0.0105845,51.5673142],[0.0105668,51.5672747],[0.0105509,51.5672344],[0.0105343,51.5671924],[0.0104774,51.5670549]],[[0.0106274,51.5674293],[0.0106137,51.5673899]],[[0.0106859,51.5675874],[0.0106647,51.567537],[0.0106274,51.5674293]],[[0.0107468,51.5677415],[0.0107156,51.56766],[0.0106958,51.5676109],[0.0106859,51.5675874]],[[0.0108029,51.5678855],[0.0107759,51.5678174],[0.0107468,51.5677415]],[[0.0108949,51.5681207],[0.0108029,51.5678855]],[[0.0109351,51.5683131],[0.0109317,51.5682192],[0.0109315,51.5682122],[0.010927,51.5681959],[0.0109109,51.5681582],[0.0108949,51.5681207]],[[0.0109351,51.5683131],[0.0109924,51.5683978],[0.011063,51.5684804],[0.0112398,51.5686423],[0.0114113,51.5687761],[0.0116065,51.5689105],[0.0118643,51.5690408],[0.0120111,51.5691253],[0.0121158,51.569194]],[[0.0121158,51.569194],[0.0122222,51.5692753],[0.0122867,51.5693422],[0.0128927,51.5697]],[[0.0128927,51.5697],[0.0129532,51.5697323]],[[0.0129532,51.5697323],[0.0129646,51.5697383]],[[0.0129646,51.5697383],[0.0129972,51.5697569],[0.0130072,51.569761]],[[0.0130072,51.569761],[0.0130402,51.5697794],[0.0130624,51.5697908],[0.0131314,51.5698264]],[[0.0131314,51.5698264],[0.0131834,51.5698519]],[[0.0152345,51.570871],[0.0152396,51.5709187],[0.0153075,51.5709802]],[[0.0153075,51.5709802],[0.0153671,51.5710162]],[[0.0153671,51.5710162],[0.0153979,51.5710339]],[[0.0153979,51.5710339],[0.0154143,51.571043],[0.0154571,51.5710655],[0.0155662,51.5711387]],[[0.0155662,51.5711387],[0.0156486,51.5712025]],[[0.0156486,51.5712025],[0.0157028,51.5712404]],[[0.0157028,51.5712404],[0.0157864,51.5712964],[0.0159705,51.5714293],[0.0160217,51.5714801],[0.0160551,51.571525],[0.016092,51.5715842],[0.0161061,51.5716705]],[[0.0161061,51.5716705],[0.0160563,51.5717425],[0.0159752,51.5719044]],[[0.0159752,51.5719044],[0.0156321,51.5724817],[0.0155891,51.5725948],[0.0155972,51.5726662],[0.015616,51.572724]],[[0.015616,51.572724],[0.0156382,51.5727757]],[[0.0156382,51.5727757],[0.0156711,51.5728041],[0.0157389,51.5728556],[0.0158386,51.5728969],[0.0159457,51.5729237],[0.0160369,51.5729377]],[[0.0160369,51.5729377],[0.0161596,51.5729382]],[[0.0161596,51.5729382],[0.0162758,51.5729201],[0.0163554,51.5728917],[0.0165038,51.5727784]],[[0.0171592,51.5720872],[0.0173762,51.5719971],[0.0176038,51.5719464],[0.0178141,51.5719322],[0.0180711,51.5719324],[0.0182169,51.5719473]],[[0.0182169,51.5719473],[0.0183924,51.5720436],[0.0186466,51.5721403],[0.0188551,51.5722168],[0.018901998583094194,51.57223576496488]],[[0.0099619,51.6334864],[0.0099112,51.6335209],[0.0098803,51.6335516],[0.0098369,51.6335947]],[[0.0009696,51.6304175],[0.0008137,51.6305543],[0.0007236,51.6306334],[0.000515,51.6308165]],[[0.000515,51.6308165],[0.000305,51.6309944],[0.0002111,51.6310734],[0.0001135,51.6311527],[0.0000095,51.6312175],[-0.0000981,51.6312705],[-0.0001226,51.6312842],[-0.0005335,51.631468],[-0.0006044,51.6314998],[-0.0006934,51.6315317],[-0.0007528,51.6315524],[-0.0008176,51.6315716],[-0.0010135,51.6316157]],[[-0.0010135,51.6316157],[-0.0011971,51.6316413],[-0.0012435,51.6316478],[-0.0013153,51.631656],[-0.0016875,51.631699],[-0.0023913,51.6317731],[-0.0027514,51.6318152]],[[-0.0027514,51.6318152],[-0.0032802,51.631877],[-0.0035003,51.6318974]],[[-0.0035003,51.6318974],[-0.0038663,51.6319314],[-0.0043636,51.6319875],[-0.0045838,51.6320187]],[[-0.0045838,51.6320187],[-0.0046067,51.6320245],[-0.0046205,51.632028],[-0.0048998,51.6320991],[-0.0049834,51.6321203],[-0.0051257,51.6321548],[-0.005353,51.6322098],[-0.0055281,51.6322522],[-0.0060189,51.6323719],[-0.0062746,51.6324343],[-0.0063648,51.6324563],[-0.0069141,51.6326003],[-0.0070615,51.6326423],[-0.0073765,51.6327319],[-0.0075865,51.6328003],[-0.0077984,51.6328778],[-0.0080114,51.6329689],[-0.0081667,51.6330496],[-0.0081882,51.6330581],[-0.00834,51.6331527],[-0.0083444,51.6331554]],[[-0.0083444,51.6331554],[-0.0085323,51.6332931],[-0.008795,51.6335482],[-0.009157,51.6338419],[-0.0094493,51.6340758],[-0.0096454,51.634238],[-0.0100208,51.6345268],[-0.0103357,51.6347518],[-0.0104959,51.6348598]],[[-0.0104959,51.6348598],[-0.0104428,51.6349078],[-0.0103848,51.6349924],[-0.0102487,51.635218],[-0.0101584,51.6354326],[-0.0100683,51.6356654],[-0.0097303,51.6364576],[-0.0096029,51.6367389],[-0.009383,51.6372236],[-0.0092017,51.6376205],[-0.009041,51.6379843],[-0.0088558,51.6383995],[-0.0087253,51.6386919],[-0.0086941,51.6387618],[-0.008674,51.6388224],[-0.0086474,51.6389024],[-0.0085904,51.6391745],[-0.0085381,51.6395611],[-0.008508,51.6398186],[-0.0084946,51.639924],[-0.0084597,51.6403031],[-0.0084463,51.6408457],[-0.0084451,51.6408929]],[[-0.0113539,51.6407387],[-0.0112122,51.6407413],[-0.010987,51.6407709],[-0.0101683,51.6408965],[-0.0100087,51.6409128],[-0.0098256,51.6409319],[-0.009548,51.6409485],[-0.0092087,51.6409427],[-0.0086166,51.6409094],[-0.0084451,51.6408929]],[[-0.0113539,51.6407387],[-0.0113717,51.6409216],[-0.0114016,51.641052],[-0.0114486,51.6411987],[-0.0114583,51.6412211],[-0.0115291,51.6413844]],[[-0.0115291,51.6413844],[-0.011586,51.6415102],[-0.0116137,51.6415712]],[[-0.0116137,51.6415712],[-0.011697,51.6417842],[-0.0117273,51.6419825],[-0.0117274,51.6421994],[-0.011657,51.6424573],[-0.0115524,51.6426757],[-0.0113566,51.6431264],[-0.0113207,51.6432091],[-0.0111655,51.6435667],[-0.0111545,51.6436061],[-0.011131,51.6436902],[-0.0111033,51.6438193],[-0.0111118,51.6439978],[-0.0111474,51.6445153],[-0.0111617,51.6447839],[-0.0111553,51.6449558],[-0.0111346,51.6450707],[-0.0110862,51.6452157],[-0.0109566,51.6454994],[-0.0106525,51.6460806],[-0.0105714,51.6462688]],[[-0.0105714,51.6462688],[-0.0105423,51.6463209]],[[0.01401323617468207,51.600740941054624],[0.0139475,51.6006677]],[[0.0139475,51.6006677],[0.0138809,51.6005938],[0.0138362,51.6005449]],[[0.0138362,51.6005449],[0.0137704,51.6004762],[0.0137361,51.6004407],[0.0136989,51.6004016],[0.0136783,51.6003821]],[[0.0136783,51.6003821],[0.0136582,51.6003607]],[[0.0136582,51.6003607],[0.0136361,51.6003372]],[[0.0136361,51.6003372],[0.013621,51.6003222]],[[0.013621,51.6003222],[0.0135723,51.600271]],[[0.0135723,51.600271],[0.0135142,51.6002045]],[[0.0135142,51.6002045],[0.0135045,51.6001933]],[[0.0135045,51.6001933],[0.013482,51.6001676]],[[0.013482,51.6001676],[0.0134442,51.6001193]],[[0.0134442,51.6001193],[0.0134212,51.6000906],[0.0134094,51.6000759]],[[0.0134094,51.6000759],[0.0133902,51.6000517]],[[0.0133902,51.6000517],[0.0130386,51.5995933],[0.0128711,51.5993699],[0.0127882,51.5992518],[0.0127665,51.5992206],[0.012749,51.5991927],[0.0126865,51.5991032]],[[0.0126865,51.5991032],[0.0122847,51.5983766],[0.0118887,51.597585],[0.0118374,51.5974906],[0.0117071,51.5972258],[0.0116429,51.5970976]],[[0.0116429,51.5970976],[0.0116162,51.597049]],[[0.0116162,51.597049],[0.0115913,51.5969921],[0.0114996,51.5967963]],[[0.0114996,51.5967963],[0.0115456,51.5966688],[0.0117243,51.5963789],[0.0117315,51.5963672],[0.0117917,51.5962378],[0.0118639,51.596033]],[[0.0118639,51.596033],[0.0119503,51.595893]],[[0.0119503,51.595893],[0.0119783,51.5958133],[0.0120106,51.5957341],[0.0120472,51.5956558],[0.012088,51.5955782]],[[0.012088,51.5955782],[0.0120965,51.595538],[0.0120964,51.5954975],[0.0120879,51.5954573],[0.012071,51.5954182],[0.0120461,51.5953808],[0.0120136,51.5953457],[0.0119806,51.5953147],[0.011945,51.5952956]],[[0.011945,51.5952956],[0.0118436,51.5952389],[0.0117394,51.5951842],[0.0116325,51.5951315]],[[0.0102831,51.5942206],[0.0101778,51.5940324]],[[0.0101778,51.5940324],[0.0101636,51.5940082],[0.0101125,51.5939211]],[[0.0101125,51.5939211],[0.0100153,51.5938417]],[[0.0100153,51.5938417],[0.0099808,51.5937698],[0.0099494,51.5937014]],[[0.0099494,51.5937014],[0.0099326,51.5936675]],[[0.0099326,51.5936675],[0.0098933,51.5935879],[0.0098167,51.5934382],[0.0098,51.5934059]],[[0.0098,51.5934059],[0.0096762,51.5931635]],[[0.0096762,51.5931635],[0.0096534,51.5931179],[0.0096469,51.5931032]],[[0.0096469,51.5931032],[0.0095573,51.5929081],[0.0094972,51.5927908],[0.0093663,51.5925394],[0.0092651,51.5923427],[0.0090807,51.5919912],[0.0089868,51.5918171],[0.0088831,51.591597],[0.0083717,51.5906014],[0.0080293,51.5898858],[0.0077591,51.5893185],[0.0075237,51.5888566],[0.007443,51.5886777],[0.007348,51.5884699],[0.0071656,51.5880464],[0.0070605,51.5877899]],[[0.0070605,51.5877899],[0.007034,51.5877252],[0.0069782,51.5875939],[0.0069641,51.5875537]],[[0.0069641,51.5875537],[0.0069473,51.5875047],[0.0068445,51.5872341]],[[0.0068445,51.5872341],[0.0067607,51.5870133]],[[0.0067607,51.5870133],[0.0065636,51.5863739],[0.0065335,51.5862485],[0.0064871,51.5860191],[0.006482,51.5859103],[0.0064861,51.5857887]],[[0.0064861,51.5857887],[0.0064941,51.5856291],[0.0065037,51.5855441]],[[0.0065037,51.5855441],[0.0065205,51.5853406],[0.0065239,51.5852249],[0.006515,51.5851629]],[[0.006515,51.5851629],[0.0065321,51.5849779]],[[0.0065321,51.5849779],[0.0065246,51.5848849],[0.0065141,51.5847942],[0.0065006,51.5847157],[0.0064796,51.5846309],[0.0064463,51.5845292]],[[0.0064463,51.5845292],[0.0064714,51.5844658],[0.0064336,51.5843708]],[[0.0064336,51.5843708],[0.0063068,51.5841652],[0.0062349,51.5840702],[0.0061404,51.5839606],[0.006102,51.5839204],[0.0060769,51.5838981],[0.0059475,51.5837825]],[[0.0059475,51.5837825],[0.0058767,51.5837324],[0.0057439,51.5836516],[0.0054809,51.5835066],[0.0048627,51.5832039],[0.0047019,51.5831247]],[[0.0047019,51.5831247],[0.0044145,51.5829886]],[[0.0044145,51.5829886],[0.0042485,51.5829165],[0.0036835,51.582657]],[[0.0036835,51.582657],[0.0035685,51.5825953],[0.0029913,51.5823101],[0.0029183,51.5822783],[0.0027921,51.5822163]],[[0.0027921,51.5822163],[0.002666,51.5821163],[0.0023643,51.5819723],[0.0023468,51.5819632],[0.0023131,51.5819475],[0.0022993,51.5819313]],[[0.0022993,51.5819313],[0.0022533,51.5819106]],[[0.0022533,51.5819106],[0.0022054,51.5818852]],[[0.0022054,51.5818852],[0.0020547,51.5817987]],[[0.002202,51.5813615],[0.0021912,51.5815095],[0.0021614,51.5816395],[0.0021351,51.5816918],[0.0021102,51.5817356],[0.0020547,51.5817987]],[[0.0021837,51.5811336],[0.0021986,51.5812376],[0.002202,51.5813615]],[[0.0022111,51.580934],[0.0021908,51.5810228],[0.0021837,51.5811336]],[[0.0018158,51.5809319],[0.0018705,51.5809146],[0.0019209,51.5809049],[0.0019789,51.5809094],[0.0021215,51.5809257],[0.0022111,51.580934]],[[0.0016783,51.581165],[0.001727,51.5810342],[0.0017643,51.5809773],[0.0017914,51.5809508],[0.0018158,51.5809319]],[[0.0016464,51.5812606],[0.0016657,51.5812014],[0.0016783,51.581165]],[[0.0016189,51.5813545],[0.0016464,51.5812606]],[[0.0016046,51.5814199],[0.0016189,51.5813545]],[[0.0015949,51.5814586],[0.0016046,51.5814199]],[[0.0015916,51.5814744],[0.0015949,51.5814586]],[[0.0015916,51.5814744],[0.0015181,51.5815145],[0.0014528,51.5815733],[0.0014121,51.5816032],[0.001374,51.5816249],[0.0013333,51.5816444]],[[0.0013333,51.5816444],[0.0009876,51.5815777]],[[0.0009876,51.5815777],[0.0008909,51.5815612],[0.0007049,51.5815435],[0.0005147,51.5815386]],[[0.0005147,51.5815386],[0.0003571,51.5815323],[0.0002866,51.5815265],[0.0002283,51.5815215],[0.0001787,51.5815165],[0.0001417,51.5815105],[0.000040400000000000006,51.5814886],[-0.0000023000000000000017,51.5814758],[-0.0000594,51.5814535],[-0.0001472,51.5814507]],[[-0.0003548,51.5813507],[-0.0001879,51.5814303],[-0.0001472,51.5814507]],[[-0.0007655,51.5811496],[-0.0005195,51.5812664],[-0.0004469,51.5813036],[-0.0003548,51.5813507]],[[-0.0009437,51.5810564],[-0.0007655,51.5811496]],[[-0.0010011,51.5810287],[-0.0009437,51.5810564]],[[-0.0012333,51.5809166],[-0.0011996,51.5809331],[-0.0011358,51.5809638],[-0.0010011,51.5810287]],[[-0.0018847,51.5806031],[-0.0017683,51.5806579],[-0.0016368,51.5807193],[-0.0012333,51.5809166]],[[-0.0021592,51.5804673],[-0.0020688,51.5805082],[-0.0018847,51.5806031]],[[-0.0026911,51.5802347],[-0.0025388,51.580297],[-0.0024058,51.580353],[-0.0023022,51.5804014],[-0.0021592,51.5804673]],[[-0.0028431,51.5801745],[-0.0026911,51.5802347]],[[-0.0028431,51.5801745],[-0.0030451,51.5800926],[-0.0031206,51.5800655],[-0.003147,51.5800559]],[[-0.003147,51.5800559],[-0.0033047,51.5799911],[-0.0034562,51.5799288]],[[-0.0034562,51.5799288],[-0.0036018,51.5798708]],[[-0.0036018,51.5798708],[-0.0037481,51.5798089],[-0.0038225,51.5797791],[-0.0038735,51.5797592]],[[-0.0038735,51.5797592],[-0.0042017,51.5796435]],[[-0.0042017,51.5796435],[-0.004325,51.5795884],[-0.0045078,51.5795182],[-0.0045824,51.5794896]],[[-0.0045824,51.5794896],[-0.0047382,51.5794335],[-0.0051388,51.5792776],[-0.0054724,51.5791597],[-0.0055532,51.5791289],[-0.0055998,51.5791111],[-0.0058764,51.5789956]],[[-0.0058764,51.5789956],[-0.0059542,51.578966],[-0.0060636,51.5789242],[-0.0062439,51.5788391],[-0.006279,51.5788216],[-0.0063186,51.5787995]],[[-0.0063186,51.5787995],[-0.006359,51.5787767],[-0.0064466,51.5787261],[-0.006539,51.5786622]],[[-0.006539,51.5786622],[-0.0067384,51.5785124],[-0.0068075,51.5784546]],[[-0.0068075,51.5784546],[-0.0069399,51.5783381]],[[-0.0069399,51.5783381],[-0.0069813,51.5782982],[-0.007018,51.5782629],[-0.0071334,51.578163]],[[-0.0071334,51.578163],[-0.0072828,51.5780321]],[[-0.0072828,51.5780321],[-0.0073439,51.5779808],[-0.0074071,51.5779338]],[[-0.0074071,51.5779338],[-0.0074364,51.5779155],[-0.0076061,51.5778245]],[[-0.0076493,51.5775753],[-0.0076306,51.5776588],[-0.0076178,51.5777241],[-0.0076142,51.5777547],[-0.0076061,51.5778245]],[[-0.0076706,51.5774946],[-0.0076493,51.5775753]],[[-0.0077129,51.5772377],[-0.0076994,51.5773731],[-0.0076851,51.5774305],[-0.0076706,51.5774946]],[[-0.0076718,51.5765305],[-0.0076751,51.5765593],[-0.0076926,51.576846],[-0.007703,51.5770096],[-0.0077129,51.5772377]],[[-0.0075372,51.5757524],[-0.0075428,51.5757956],[-0.0076077,51.5761934],[-0.0076261,51.5763074],[-0.0076718,51.5765305]],[[-0.0091392,51.5741302],[-0.0090648,51.574191],[-0.0090175,51.5742384],[-0.0089563,51.5743216],[-0.0088724,51.5744355],[-0.0087859,51.5745528],[-0.0086712,51.5747119],[-0.0086415,51.5747532],[-0.0084485,51.5750991],[-0.0083323,51.5752076],[-0.008195,51.575287],[-0.0079731,51.5753681],[-0.0079042,51.5753991],[-0.0078232,51.5754334],[-0.007691,51.5755225],[-0.0076089,51.5756071],[-0.0075557,51.5756865],[-0.0075372,51.5757524]],[[-0.0098087,51.5738739],[-0.009695,51.5738978],[-0.0095684,51.5739313],[-0.0095389,51.5739415],[-0.0094781,51.573961],[-0.0093863,51.5739894],[-0.0092976,51.5740293],[-0.009266,51.5740485],[-0.0092103,51.5740824],[-0.0091874,51.5740963],[-0.0091392,51.5741302]],[[-0.0100198,51.5739688],[-0.0098087,51.5738739]],[[-0.0101239,51.5740144],[-0.0100642,51.5739883],[-0.0100198,51.5739688]],[[-0.0103304,51.5741082],[-0.0101239,51.5740144]],[[-0.0109867,51.5744028],[-0.0107653,51.5743027],[-0.0103304,51.5741082]],[[-0.0115918,51.5746696],[-0.0114227,51.5745973],[-0.0113401,51.5745603],[-0.011246,51.5745212],[-0.0112147,51.574507],[-0.0111733,51.5744872],[-0.0109867,51.5744028]],[[-0.0123147,51.5749962],[-0.0121335,51.5749129],[-0.0117707,51.5747461],[-0.0115918,51.5746696]],[[-0.0124314,51.5750521],[-0.0124024,51.5750366],[-0.0123147,51.5749962]],[[-0.0128151,51.5752826],[-0.0127382,51.5752284],[-0.0126606,51.5751846],[-0.0126268,51.5751662],[-0.0124314,51.5750521]],[[-0.0128656,51.575347],[-0.0128151,51.5752826]],[[-0.012998,51.5754869],[-0.0129392,51.5754513],[-0.0129112,51.5754287],[-0.01289,51.5754059],[-0.0128656,51.575347]],[[-0.0130769,51.5755372],[-0.0130615,51.5755279],[-0.012998,51.5754869]],[[-0.0134687,51.5757113],[-0.0133964,51.5756883],[-0.0133222,51.5756633],[-0.0132366,51.5756265],[-0.0131782,51.5755977],[-0.0130769,51.5755372]],[[-0.0136251,51.5757549],[-0.0134687,51.5757113]],[[-0.0155153,51.5764855],[-0.0153541,51.5764019],[-0.0153279,51.5763883],[-0.0148815,51.576178],[-0.0147698,51.5761254],[-0.0146782,51.5760817],[-0.014575,51.5760363],[-0.0144956,51.5760014],[-0.0143782,51.5759543],[-0.0143165,51.5759334],[-0.0142607,51.5759146],[-0.0141407,51.5758816],[-0.0139404,51.575832],[-0.0136251,51.5757549]],[[-0.0175724,51.5787512],[-0.0174962,51.5786607],[-0.0174093,51.5785581],[-0.0172942,51.5784465],[-0.0172499,51.5784006],[-0.0171686,51.5783164],[-0.0170776,51.5782286],[-0.0170028,51.5781563],[-0.0169347,51.5780882],[-0.0167836,51.5779371],[-0.0167339,51.5778822],[-0.0166444,51.5777835],[-0.0166092,51.5777439],[-0.0165766,51.5777116],[-0.016568,51.5777029],[-0.0163969,51.577505],[-0.0163885,51.5774943],[-0.016268,51.5773422],[-0.0157859,51.5767185],[-0.0157726,51.5767022],[-0.0156846,51.5766078],[-0.0156034,51.5765421],[-0.0155153,51.5764855]],[[-0.0178038,51.5790378],[-0.0177185,51.5789326],[-0.0176105,51.5787957],[-0.0175724,51.5787512]],[[-0.0178615,51.5791264],[-0.0178447,51.5790991],[-0.0178192,51.5790593],[-0.0178038,51.5790378]],[[-0.0179747,51.5793028],[-0.0179326,51.5792346],[-0.0178943,51.5791763],[-0.0178615,51.5791264]],[[-0.0182286,51.579793],[-0.0181593,51.5796353],[-0.0181042,51.5795313],[-0.0180497,51.5794284],[-0.0179747,51.5793028]],[[-0.0183068,51.5800181],[-0.0183054,51.5800076],[-0.0182286,51.579793]],[[-0.0183391,51.5801497],[-0.0183125,51.5800405],[-0.0183068,51.5800181]],[[-0.0183463,51.5801971],[-0.0183391,51.5801497]],[[-0.0183619,51.5803333],[-0.0183579,51.5803024],[-0.0183512,51.5802395],[-0.0183463,51.5801971]],[[-0.018371,51.5805392],[-0.0183652,51.580384],[-0.0183631,51.5803486],[-0.0183619,51.5803333]],[[-0.0183796,51.5810306],[-0.0183822,51.5809036],[-0.0183788,51.5808171],[-0.0183733,51.5806384],[-0.018371,51.5805392]],[[-0.0185323,51.5822008],[-0.0185257,51.5821728],[-0.0185098,51.5821117],[-0.0184841,51.5820464],[-0.0184317,51.5819],[-0.0183934,51.5818058],[-0.0183798,51.5817637],[-0.0183737,51.5817283],[-0.0183685,51.5816714],[-0.0183705,51.581568],[-0.0183737,51.5813442],[-0.0183741,51.5811701],[-0.0183796,51.5810306]],[[-0.0185323,51.5822008],[-0.0185771,51.5822491],[-0.018584,51.5822797],[-0.0185867,51.5823124],[-0.0185857,51.5823521]],[[-0.0185857,51.5823521],[-0.0185859,51.5823945],[-0.0185819,51.5824487],[-0.0185691,51.5825028],[-0.0185478,51.5825652],[-0.0185465,51.5825975]],[[-0.0185465,51.5825975],[-0.0185387,51.5826106],[-0.0185231,51.5826393],[-0.0184879,51.5827212]],[[-0.0184879,51.5827212],[-0.0184836,51.5827494],[-0.0184793,51.5827859],[-0.0184788,51.5828017],[-0.0184781,51.5828203],[-0.0184843,51.5828619],[-0.0185067,51.5829219]],[[-0.0185067,51.5829219],[-0.0185252,51.58297],[-0.0185765,51.5830987],[-0.0185935,51.5831414]],[[-0.0185935,51.5831414],[-0.0186058,51.5831594],[-0.0186258,51.5831927],[-0.018725,51.5832879]],[[-0.018725,51.5832879],[-0.0188678,51.583255]],[[-0.0188678,51.583255],[-0.0189133,51.5832476],[-0.0189739,51.5832408]],[[-0.0189739,51.5832408],[-0.019046,51.5832328],[-0.019124,51.5832255],[-0.0192035,51.5832249],[-0.0193621,51.5832277]],[[-0.0195064,51.5832087],[-0.0193621,51.5832277]],[[-0.0203205,51.5831091],[-0.0201643,51.5831243],[-0.0200969,51.583133],[-0.0196702,51.5831859],[-0.0195064,51.5832087]],[[-0.0203205,51.5831091],[-0.0203567,51.5832052],[-0.0203592,51.5832201],[-0.0203539,51.5832436],[-0.0203361,51.5832677],[-0.0202747,51.5832913],[-0.0202241,51.5833181],[-0.0201896,51.5833711],[-0.0201668,51.5836153]],[[0.017516,51.6275088],[0.0175366,51.6276404],[0.017517,51.627682],[0.0174173,51.6279143],[0.0171265,51.6285627],[0.0169545,51.629032],[0.016939,51.6290821],[0.0166084,51.6296421],[0.0165682,51.6297102],[0.0163009,51.6300515],[0.0162127,51.6301726],[0.0159524,51.6305247],[0.0159296,51.6305547],[0.0157988,51.6307339],[0.0156702,51.6308966]],[[0.0156702,51.6308966],[0.0152576,51.6313903],[0.0151288,51.6319337],[0.0150859,51.6325623],[0.0149915,51.6328234],[0.0147061,51.6333104],[0.0145616,51.6337569],[0.0145369,51.6338453],[0.0144854,51.6339567],[0.0144677,51.6340255],[0.0144558,51.6340715],[0.014454,51.6341037]],[[0.014454,51.6341037],[0.014033,51.6341141],[0.0134884,51.6341275],[0.0117971,51.6341491]],[[0.0117971,51.6341491],[0.011549,51.6341493]],[[0.011549,51.6341493],[0.0113833,51.6341408]],[[0.0113833,51.6341408],[0.0111883,51.6341188]],[[0.0111883,51.6341188],[0.011048,51.6340912],[0.0109382,51.6340568],[0.0107718,51.6339892],[0.0104378,51.6338525]],[[0.0104378,51.6338525],[0.0103309,51.6338077],[0.0100524,51.6336864]],[[0.0075639,51.6263025],[0.0075437,51.6263874],[0.0074636,51.6267243],[0.007431,51.6268613],[0.0074045,51.6269726]],[[0.0082747,51.6242451],[0.0077903,51.6256147],[0.0075894,51.6262121],[0.0075639,51.6263025]],[[0.002537,51.6238151],[0.0029071,51.6237507],[0.0030353,51.6237284],[0.0032413,51.6237231],[0.0035043,51.6237333],[0.0037906,51.6237444],[0.0041969,51.6237614],[0.0049327,51.6237922],[0.005073,51.6237981],[0.0056402,51.6238218],[0.0059686,51.6238355],[0.0060823,51.6238403],[0.0066745,51.6239469],[0.0068673,51.6239982],[0.0073354,51.6241227],[0.0078418,51.6241867],[0.0082747,51.6242451]],[[0.0020398,51.6239145],[0.002537,51.6238151]],[[0.0017198,51.6239894],[0.001822,51.623962],[0.0020398,51.6239145]],[[0.0001755,51.6241781],[0.0002576,51.6241585],[0.0003369,51.6241489],[0.0005409,51.6241242],[0.000705,51.6241096],[0.0008528,51.6240964],[0.0011433,51.6240689],[0.0014632,51.6240386],[0.0017198,51.6239894]],[[-0.0005407,51.6244241],[-0.0003615,51.6243496],[-0.0000693,51.6242497],[0.000152,51.6241837],[0.0001755,51.6241781]],[[-0.0024745,51.6253759],[-0.0022882,51.6253444],[-0.0021363,51.6253146],[-0.0019772,51.6252737],[-0.0018184,51.6252212],[-0.0017123,51.6251762],[-0.0016015,51.6251225],[-0.0014955,51.6250667],[-0.0012373,51.6249044],[-0.0011306,51.6248373],[-0.0010134,51.6247525],[-0.0007772,51.6245815],[-0.0006396,51.6244818],[-0.0005407,51.6244241]],[[-0.0043269,51.6255505],[-0.0041252,51.6255261],[-0.0039297,51.6254967],[-0.0037558,51.6254677],[-0.0036169,51.6254374],[-0.0034067,51.6254015],[-0.0032683,51.6253811],[-0.0031731,51.6253732],[-0.0030356,51.6253707],[-0.0026379,51.6253794],[-0.0024745,51.6253759]],[[-0.0052684,51.6256406],[-0.0048275,51.6256034],[-0.0043269,51.6255505]],[[-0.0057137,51.6240196],[-0.0056236,51.6242035],[-0.0055197,51.6244663],[-0.0054219,51.6246628],[-0.0053872,51.6247363],[-0.0053556,51.6248468],[-0.0053047,51.6249861],[-0.0052968,51.6251285],[-0.0052684,51.6256406]],[[-0.0166595,51.6231978],[-0.0160262,51.6231906],[-0.0158485,51.6231885],[-0.0146568,51.6231809],[-0.0130235,51.623169],[-0.0127566,51.6231756],[-0.0125581,51.6231939],[-0.0124106,51.6232202],[-0.0122932,51.6232468],[-0.0122629,51.6232538],[-0.0118078,51.6233579],[-0.0115549,51.6234182],[-0.0111207,51.6235143],[-0.0109637,51.6235366],[-0.0105151,51.623579],[-0.010361,51.6235934],[-0.0102032,51.6236081],[-0.0099831,51.6236287],[-0.0090001,51.6237192],[-0.0086446,51.6237528],[-0.0072522,51.6238836],[-0.0065496,51.623949],[-0.006202,51.6239822],[-0.0057885,51.6240207],[-0.0057137,51.6240196]],[[-0.0175291,51.617583],[-0.0174215,51.6182529],[-0.0174016,51.6183784],[-0.0173441,51.61871],[-0.0172902,51.6189254],[-0.0172321,51.6192675],[-0.0172009,51.6194717],[-0.0171573,51.6197113],[-0.017102,51.6199806],[-0.0170453,51.6202552],[-0.0169935,51.6205059],[-0.0169358,51.6207845],[-0.016924,51.6208418],[-0.0168933,51.6209577],[-0.0168655,51.6210586],[-0.0167858,51.6214195],[-0.0166948,51.6217836],[-0.0166444,51.6220137],[-0.0165714,51.6223726],[-0.0165692,51.6225264],[-0.0166009,51.6227102],[-0.0166304,51.6228734],[-0.0166595,51.6231978]],[[-0.0175684,51.6174233],[-0.0175291,51.617583]],[[-0.0175904,51.6173124],[-0.0175684,51.6174233]],[[-0.0174767,51.6170031],[-0.0175651,51.6171196],[-0.0175858,51.617143],[-0.0175895,51.617188],[-0.0175957,51.6172628],[-0.0175904,51.6173124]],[[-0.0174369,51.6167638],[-0.0174402,51.6167954],[-0.0174449,51.6168415],[-0.0174491,51.6168811],[-0.0174553,51.6169417],[-0.0174767,51.6170031]],[[-0.0174008,51.6160809],[-0.0174063,51.6162669],[-0.0174128,51.6163699],[-0.0174217,51.6165145],[-0.0174369,51.6167638]],[[-0.017438,51.6150387],[-0.0174354,51.6151833],[-0.0174294,51.6153277],[-0.0174208,51.6154968],[-0.0174171,51.6158148],[-0.0174008,51.6160809]],[[-0.017563,51.6094832],[-0.0176276,51.6096099],[-0.0177582,51.6098432],[-0.0178101,51.6099411],[-0.0178932,51.6100734],[-0.0179116,51.6101077],[-0.0179244,51.61015],[-0.017948,51.6102865],[-0.0179843,51.6107696],[-0.0180091,51.6109985],[-0.0180152,51.6110509],[-0.0180393,51.6111423],[-0.0180431,51.6111778],[-0.0180479,51.6112183],[-0.0180528,51.6113254],[-0.018048,51.6114018],[-0.0179855,51.6116169],[-0.0179482,51.6117405],[-0.0179424,51.6117595],[-0.0179348,51.611845],[-0.0179214,51.612102],[-0.0179281,51.6121634],[-0.0179604,51.6124588],[-0.0180079,51.61249],[-0.0180562,51.6127133],[-0.0180609,51.6127505],[-0.0180715,51.6128344],[-0.0180632,51.6129285],[-0.0180429,51.6129991],[-0.0180358,51.6130239],[-0.0179731,51.6131372],[-0.0178933,51.6132469],[-0.0178054,51.6133349],[-0.0177275,51.6134293],[-0.0176739,51.613496],[-0.0176516,51.6135271],[-0.0176291,51.6135599],[-0.0175926,51.6136506],[-0.0175692,51.6137552],[-0.0175609,51.6137915],[-0.0175491,51.6138971],[-0.0175437,51.6139449],[-0.0175072,51.6141613],[-0.0174543,51.6144918],[-0.0174491,51.6145593],[-0.0174484,51.6145682],[-0.017438,51.6150387]],[[-0.0172039,51.6087933],[-0.0174636,51.6093024],[-0.017563,51.6094832]],[[-0.0169958,51.6083217],[-0.0170864,51.6085645],[-0.0172039,51.6087933]],[[-0.0169435,51.6079073],[-0.0169566,51.6080547],[-0.0169585,51.6080754],[-0.0169605,51.6080983],[-0.0169623,51.6081099],[-0.0169958,51.6083217]],[[-0.016463,51.6048073],[-0.0164728,51.6048934],[-0.0164805,51.6049815],[-0.016513,51.6050997],[-0.0165435,51.6052107],[-0.0166556,51.6056182],[-0.0167654,51.6063777],[-0.0167735,51.6064248],[-0.0168225,51.6067496],[-0.0168687,51.6071437],[-0.0168757,51.6072214],[-0.0169035,51.6075922],[-0.016906,51.6076252],[-0.0169105,51.6076593],[-0.0169313,51.6078164],[-0.0169435,51.6079073]],[[-0.0164728,51.6044614],[-0.0164576,51.6046385],[-0.016463,51.6048073]],[[-0.0164905,51.6041082],[-0.0164788,51.6042395],[-0.0164728,51.6044614]],[[-0.0164943,51.6038323],[-0.0164956,51.6039788],[-0.0164905,51.6041082]],[[-0.0164882,51.6034182],[-0.0164897,51.6034805],[-0.0164943,51.6038323]],[[-0.0164878,51.6033898],[-0.0164882,51.6034182]],[[-0.0164849,51.6033743],[-0.0164878,51.6033898]],[[-0.0164849,51.6033743],[-0.0164694,51.6033406],[-0.01646,51.6033157],[-0.0164546,51.6033003],[-0.0164583,51.60319]],[[-0.0164583,51.60319],[-0.0164614,51.6030987]],[[-0.0164614,51.6030987],[-0.0165514,51.6030877]],[[-0.0165514,51.6030877],[-0.0166605,51.6030708],[-0.0168169,51.6030479]],[[-0.0168169,51.6030479],[-0.0168738,51.603046],[-0.0169474,51.603046],[-0.0170779,51.6030467]],[[-0.0170779,51.6030467],[-0.0175041,51.6029989]],[[-0.0175041,51.6029989],[-0.0176405,51.6029815],[-0.0176651,51.6029783],[-0.0176921,51.602976],[-0.0177168,51.6029746],[-0.017737,51.6029743],[-0.0177592,51.6029744],[-0.0179917,51.6029844]],[[-0.0179917,51.6029844],[-0.0180743,51.6029219],[-0.0181105,51.6028997],[-0.0181529,51.602883],[-0.0182056,51.6028672],[-0.0182572,51.6028578],[-0.0183512,51.6028428],[-0.018697,51.6027879],[-0.0191945,51.6026987],[-0.0192699,51.6026668],[-0.0193335,51.6026288]],[[-0.0193335,51.6026288],[-0.0193891,51.6026498]],[[-0.0193891,51.6026498],[-0.0198293,51.602881],[-0.019944,51.6029467],[-0.0201633,51.6030722]],[[-0.0201633,51.6030722],[-0.0202289,51.6031098],[-0.0205411,51.6032801],[-0.0208796,51.6034572]],[[-0.0208796,51.6034572],[-0.0207137,51.6035738]],[[-0.0207137,51.6035738],[-0.0201219,51.6032607]],[[0.0100695,51.6335373],[0.0100181,51.633568],[0.009989,51.6335951],[0.0099776,51.6336057],[0.0099394,51.6336413]],[[-0.0011532,51.6314554],[-0.0011106,51.6314934],[-0.0010868,51.6315147],[-0.0010797,51.631521],[-0.001047,51.6315573],[-0.0010135,51.6316157]],[[-0.0013459,51.631303],[-0.0011532,51.6314554]],[[-0.0041032,51.6294892],[-0.003928,51.6295979],[-0.003897,51.6296172],[-0.0035606,51.6298268],[-0.0031973,51.6300756],[-0.0031218,51.6301252],[-0.0029647,51.6302365],[-0.0027424,51.630377],[-0.0025259,51.6305126],[-0.0020501,51.6307943],[-0.0018965,51.6308949],[-0.0018559,51.6309215],[-0.0017402,51.631004],[-0.0016812,51.6310473],[-0.0015963,51.6311098],[-0.0013459,51.631303]],[[-0.0116225,51.6271453],[-0.0113741,51.6271251],[-0.0111409,51.6270999],[-0.0108518,51.6270687],[-0.0092296,51.6268934],[-0.0089452,51.6268681],[-0.0087722,51.6268606],[-0.0086039,51.6268651],[-0.0084564,51.6268817],[-0.0082216,51.6269398],[-0.0081885,51.6269474],[-0.00806,51.6269771],[-0.0079636,51.6270026],[-0.007896,51.627021],[-0.0077962,51.6270576],[-0.0076324,51.6271355],[-0.0074429,51.627245],[-0.0069429,51.6275555],[-0.0066791,51.6277369],[-0.0066068,51.6277877],[-0.0065218,51.6278546],[-0.0064757,51.627896],[-0.0063992,51.6279752],[-0.0063536,51.6280297],[-0.0062375,51.6281834],[-0.0061404,51.6283264],[-0.0059687,51.6285514],[-0.0058955,51.6286205],[-0.0058051,51.6286808],[-0.0056631,51.6287729],[-0.0055055,51.6288538],[-0.0052524,51.6289816],[-0.0049192,51.629107],[-0.0048075,51.6291549],[-0.0045973,51.6292457],[-0.0043889,51.6293456],[-0.0041032,51.6294892]],[[-0.0116225,51.6271453],[-0.0116498,51.6271176],[-0.0116804,51.6271026],[-0.0117336,51.6270922],[-0.0118061,51.6271011],[-0.0118249,51.6271085],[-0.011845,51.6271203]],[[-0.0166402,51.6234598],[-0.0165948,51.6238779],[-0.0165921,51.6239029],[-0.0165475,51.6243106],[-0.0165287,51.6244231],[-0.0164989,51.6245665],[-0.0164694,51.6246805],[-0.0164527,51.6247388],[-0.0164299,51.6247996],[-0.0164071,51.6248508],[-0.0163773,51.6249047],[-0.0163373,51.6249703],[-0.0162937,51.6250323],[-0.0162361,51.625101],[-0.0161731,51.6251601],[-0.016104,51.6252096],[-0.015992,51.6252737],[-0.0158478,51.6253316],[-0.0157399,51.6253599],[-0.0156677,51.6253741],[-0.015363,51.625434],[-0.0152461,51.6254594],[-0.0151236,51.625486],[-0.0149848,51.6255239],[-0.0148273,51.6255801],[-0.0147874,51.6256008],[-0.0146341,51.62568],[-0.0144317,51.6258035],[-0.0142653,51.6258922],[-0.0138125,51.6261336],[-0.0137691,51.6261567],[-0.0130738,51.6265084],[-0.0124177,51.6268359],[-0.0122397,51.6269277],[-0.0121057,51.6269918],[-0.011845,51.6271203]],[[-0.0166595,51.6231978],[-0.0166508,51.6233367],[-0.0166402,51.6234598]],[[-0.0164614,51.6030987],[-0.016464,51.6030207],[-0.0164776,51.6027958]],[[-0.0164776,51.6027958],[-0.0164874,51.6026823],[-0.0164915,51.602664],[-0.0164983,51.6026463],[-0.0165388,51.6025596]],[[-0.016544,51.6024773],[-0.0165388,51.6025596]],[[-0.0165599,51.6023526],[-0.016544,51.6024773]],[[-0.0165697,51.6018784],[-0.016567,51.6019142],[-0.0165649,51.6020124],[-0.0165618,51.6022194],[-0.0165599,51.6023526]],[[-0.0166012,51.6017289],[-0.0165746,51.6018476],[-0.0165697,51.6018784]],[[-0.0166072,51.6017035],[-0.0166012,51.6017289]],[[-0.0166072,51.6017035],[-0.0165943,51.6015999],[-0.0165916,51.60155],[-0.0165845,51.6015052],[-0.0165618,51.6014465],[-0.0165297,51.6013952],[-0.0164783,51.6013564],[-0.0164209,51.6013272]],[[-0.0164209,51.6013272],[-0.0163583,51.60131],[-0.0162544,51.6012564],[-0.0160702,51.6011193],[-0.0159198,51.6010073],[-0.0158977,51.6009908],[-0.0158301,51.6008877],[-0.0158073,51.6008414],[-0.0158021,51.6007961],[-0.0158051,51.6007348],[-0.0158194,51.6006965],[-0.0158445,51.600645],[-0.0158817,51.6006016],[-0.0159332,51.6005527],[-0.0159665,51.6005312]],[[-0.0159665,51.6005312],[-0.0160276,51.6004594],[-0.0160651,51.6004043],[-0.016131,51.6002342],[-0.0161402,51.6001611]],[[-0.0161402,51.6001611],[-0.0161369,51.6001474]],[[-0.0161369,51.6001474],[-0.0161276,51.6000577],[-0.0160764,51.5998701]],[[-0.0160764,51.5998701],[-0.0160503,51.5997913],[-0.0159788,51.5995904],[-0.0158929,51.5993486],[-0.0158895,51.599339],[-0.0158809,51.5993116],[-0.0158767,51.5992806],[-0.0158725,51.5992464],[-0.0158507,51.5991513],[-0.0158452,51.5991035],[-0.0158375,51.5989913],[-0.0158301,51.5989577],[-0.0158148,51.5989127],[-0.0157519,51.5987596],[-0.0156798,51.598584],[-0.0155597,51.5982916],[-0.0155228,51.5981867],[-0.0155084,51.5981459],[-0.015494,51.5981049],[-0.0154488,51.5979765],[-0.0154373,51.5979362]],[[-0.0154373,51.5979362],[-0.015389,51.5977674],[-0.0153821,51.597725],[-0.015373,51.5976696],[-0.0153652,51.5975647]],[[-0.0153652,51.5975647],[-0.0153709,51.5974554],[-0.0153852,51.5972984]],[[-0.0153852,51.5972984],[-0.0154139,51.5970913],[-0.0154183,51.5970744],[-0.0154313,51.5970247],[-0.0154358,51.5970076],[-0.0154421,51.5969832],[-0.0154837,51.5968241]],[[-0.0154837,51.5968241],[-0.0155776,51.5964511]],[[-0.0155776,51.5964511],[-0.0157678,51.5956772],[-0.0158394,51.5953723],[-0.0159111,51.5950614],[-0.0159234,51.5950138],[-0.0159341,51.5949759],[-0.0159867,51.5948007],[-0.0160278,51.5947093],[-0.0160689,51.594628],[-0.0161118,51.5945616],[-0.0161321,51.5945281]],[[-0.0161321,51.5945281],[-0.0162255,51.5943872],[-0.016251,51.5943504]],[[-0.016251,51.5943504],[-0.0162632,51.5943379],[-0.0162829,51.5943129],[-0.0163535,51.5942355],[-0.0164222,51.5941676]],[[-0.0164222,51.5941676],[-0.0164791,51.5941256],[-0.0165028,51.5941111]],[[-0.0165028,51.5941111],[-0.0165327,51.5940959]],[[-0.0165327,51.5940959],[-0.0165994,51.594062],[-0.0167497,51.5940062],[-0.0167856,51.5939966]],[[-0.0167856,51.5939966],[-0.0169627,51.5939461],[-0.0172836,51.5938637],[-0.0174422,51.5938204],[-0.0174751,51.5938114],[-0.0176254,51.5937717],[-0.0180166,51.5936738],[-0.0181253,51.593644],[-0.0182316,51.5936105]],[[-0.0182316,51.5936105],[-0.0182827,51.5935507],[-0.018293,51.5935045],[-0.0182925,51.5934747],[-0.0182867,51.5934023],[-0.0182172,51.5930016],[-0.0181864,51.5928832]],[[-0.0181864,51.5928832],[-0.0181245,51.592645],[-0.018097,51.5925434],[-0.0180722,51.5924627]],[[-0.0180722,51.5924627],[-0.0175708,51.5911716]],[[-0.0175708,51.5911716],[-0.0175373,51.5910853],[-0.0174135,51.5907664],[-0.0174085,51.5907504]],[[-0.0174085,51.5907504],[-0.0173771,51.5906508]],[[-0.0173771,51.5906508],[-0.0173535,51.5905757],[-0.0173207,51.5904716],[-0.0172937,51.5903719],[-0.0172919,51.5903206]],[[-0.0172919,51.5903206],[-0.0173059,51.5902734],[-0.0173231,51.5902434],[-0.017377,51.5901743]],[[-0.017377,51.5901743],[-0.0174221,51.5901349]],[[-0.0174221,51.5901349],[-0.017468,51.5900947],[-0.0174928,51.5900743],[-0.0175397,51.5900337],[-0.0175818,51.590004],[-0.0177018,51.5899217]],[[-0.0177018,51.5899217],[-0.0177645,51.5898848],[-0.0178285,51.5898432]],[[-0.0178285,51.5898432],[-0.0178746,51.5898133],[-0.0179023,51.5897973],[-0.0179573,51.5897656]],[[-0.0179573,51.5897656],[-0.0180843,51.5896924],[-0.0183618,51.5895608],[-0.0185983,51.5894644]],[[-0.0185983,51.5894644],[-0.0187581,51.5893992],[-0.0190971,51.589261],[-0.0191624,51.5892352]],[[-0.0191624,51.5892352],[-0.0193881,51.5891453],[-0.0195318,51.5890893]],[[-0.0195318,51.5890893],[-0.0196394,51.5890436]],[[-0.0196394,51.5890436],[-0.0197641,51.5889907],[-0.0198244,51.5889568],[-0.0199765,51.588866],[-0.0200649,51.5888046],[-0.0201455,51.5887381]],[[-0.0201455,51.5887381],[-0.0201872,51.5886933],[-0.0202891,51.5885838],[-0.0203193,51.5885506],[-0.0203592,51.5885069]],[[-0.0203592,51.5885069],[-0.020419,51.5884412],[-0.020473,51.5883875]],[[-0.020473,51.5883875],[-0.0205354,51.5883254],[-0.0206356,51.5881798]],[[-0.0206356,51.5881798],[-0.0206716,51.5881142],[-0.0206997,51.5880487]],[[-0.0206997,51.5880487],[-0.0207251,51.5879578]],[[-0.0207251,51.5879578],[-0.0207404,51.5879033],[-0.0207612,51.5878136],[-0.0207694,51.5877755],[-0.0207744,51.5877301],[-0.0207795,51.5876114],[-0.0207732,51.5875736]],[[-0.0207732,51.5875736],[-0.0207623,51.587509],[-0.0207303,51.5873755],[-0.020681,51.5872434],[-0.0205304,51.5869391]],[[-0.0205304,51.5869391],[-0.0204757,51.5868489],[-0.020417,51.5867571]],[[-0.020417,51.5867571],[-0.0203626,51.5866803],[-0.020279,51.5866064],[-0.0201561,51.5865305],[-0.0200246,51.5864608],[-0.0199263,51.586399],[-0.0198581,51.5863581]],[[-0.0198581,51.5863581],[-0.0198421,51.586339],[-0.0197911,51.5862548],[-0.0197788,51.5862266],[-0.0197621,51.5861611],[-0.0197267,51.5860505],[-0.0197087,51.5859865]],[[-0.0197087,51.5859865],[-0.0196759,51.5858779],[-0.019643,51.5857216]],[[-0.019643,51.5857216],[-0.0195897,51.5855442]],[[-0.0195897,51.5855442],[-0.0195778,51.585372],[-0.0195382,51.5851451],[-0.0195318,51.5851087],[-0.0195204,51.5850562],[-0.019496,51.5849032]],[[-0.0194385,51.5846938],[-0.0194553,51.5847412],[-0.0194676,51.5847762],[-0.0194808,51.5848231],[-0.019496,51.5849032]],[[-0.0189759,51.5836121],[-0.0192089,51.5841662],[-0.0194385,51.5846938]],[[-0.0189328,51.5835555],[-0.0189759,51.5836121]],[[-0.0189328,51.5835555],[-0.0188769,51.5835274],[-0.0188209,51.5834939],[-0.0187833,51.5834705]],[[-0.0187833,51.5834705],[-0.0187312,51.5834344],[-0.0187115,51.5834206],[-0.0186495,51.5833784]],[[-0.0186495,51.5833784],[-0.0185864,51.5833331]],[[-0.0185864,51.5833331],[-0.0185036,51.5832569],[-0.018467,51.5832092],[-0.0184469,51.5831701]],[[-0.0184469,51.5831701],[-0.0184036,51.5830589],[-0.0183909,51.5830168],[-0.0183618,51.5829373]],[[-0.0183618,51.5829373],[-0.0183522,51.5828958],[-0.0183379,51.5828512],[-0.018329,51.5827747],[-0.0183313,51.5827344],[-0.0183422,51.5826988],[-0.0183988,51.582592],[-0.0184211,51.5825512],[-0.0184759,51.5824642],[-0.0185029,51.5823864],[-0.0184968,51.5823422],[-0.0185034,51.582305],[-0.0185099,51.5822513],[-0.0185323,51.5822008]],[[-0.0098087,51.5738739],[-0.0095534,51.5737653],[-0.0095054,51.5737434],[-0.0094496,51.5737161],[-0.0091278,51.5735831]],[[-0.0091278,51.5735831],[-0.0090188,51.573532],[-0.0089161,51.5734727],[-0.0088657,51.5734271],[-0.0087577,51.5733295],[-0.0086294,51.5731712],[-0.008544,51.5730121],[-0.0084703,51.5728859],[-0.0084132,51.5727516],[-0.0083786,51.5726254],[-0.0083729,51.5725866],[-0.0083572,51.5724786],[-0.0083621,51.5723794],[-0.0083648,51.5722059],[-0.0083828,51.5718404],[-0.0083939,51.5716164],[-0.0083901,51.5714136],[-0.0083722,51.571132],[-0.0083674,51.5710759],[-0.0083268,51.5706867],[-0.0083171,51.5705943],[-0.0083078,51.5705048],[-0.0083054,51.5704814],[-0.0082927,51.5703603]],[[-0.0082927,51.5703603],[-0.0082734,51.570175]],[[-0.0082734,51.570175],[-0.0082658,51.5700848],[-0.0082532,51.5699477],[-0.0082531,51.569917]],[[-0.0082531,51.569917],[-0.0082494,51.5697949]],[[-0.0082494,51.5697949],[-0.0082504,51.5696962]],[[-0.0082504,51.5696962],[-0.0082527,51.5696744]],[[-0.0082527,51.5696744],[-0.008279,51.569396],[-0.0082862,51.5693188],[-0.008292,51.5692906],[-0.0084071,51.5687713],[-0.0084565,51.5685531],[-0.0085194,51.5683368]],[[-0.0085194,51.5683368],[-0.0086136,51.56811],[-0.0086257,51.5680808]],[[-0.0086257,51.5680808],[-0.0086906,51.5679243]],[[-0.0086906,51.5679243],[-0.0087008,51.5678999],[-0.0087208,51.5678601],[-0.0087729,51.5677671]],[[-0.0087729,51.5677671],[-0.0088274,51.5676977],[-0.0088728,51.5676511],[-0.0088948,51.5676284],[-0.0089246,51.567608],[-0.0089477,51.5675923],[-0.0092281,51.5674147],[-0.0096831,51.5670465],[-0.0101402,51.5666576],[-0.010176,51.5666135]],[[-0.010176,51.5666135],[-0.0103328,51.5664008],[-0.010408,51.566134],[-0.010426,51.5660661],[-0.0104339,51.5660409],[-0.010459,51.5659625],[-0.0104732,51.5659178]],[[-0.0104732,51.5659178],[-0.0104808,51.5658989]],[[-0.0104808,51.5658989],[-0.0105206,51.5657786]],[[-0.0105206,51.5657786],[-0.0105743,51.5656406],[-0.0106506,51.5655233]],[[-0.0106506,51.5655233],[-0.0106897,51.5654618]],[[-0.0106897,51.5654618],[-0.0107419,51.5653797]],[[-0.0107419,51.5653797],[-0.0108595,51.5651949]],[[-0.0108595,51.5651949],[-0.0108706,51.5651782],[-0.0109092,51.5651202],[-0.0110087,51.5649708],[-0.011038,51.564913],[-0.011099,51.5647733]],[[-0.011099,51.5647733],[-0.0111203,51.5647089]],[[-0.0111203,51.5647089],[-0.0111097,51.564622],[-0.0111181,51.5645298],[-0.01114,51.5644843]],[[-0.01114,51.5644843],[-0.0111029,51.5642758]],[[-0.0111029,51.5642758],[-0.0108271,51.5632263],[-0.0107691,51.5629818]],[[-0.0107691,51.5629818],[-0.0107378,51.5628691],[-0.0107114,51.5627808],[-0.0107029,51.5627452],[-0.010651,51.5625263]],[[-0.010651,51.5625263],[-0.0104689,51.5622408]],[[-0.0104689,51.5622408],[-0.0104171,51.5621448]],[[-0.0104171,51.5621448],[-0.0101773,51.5616063],[-0.0101522,51.5615301],[-0.0101246,51.5614601],[-0.0101092,51.5614211]],[[-0.0101092,51.5614211],[-0.0100938,51.5613836],[-0.0099131,51.5609242],[-0.0097561,51.5606128],[-0.0096946,51.5604908],[-0.009634,51.5603799]],[[-0.009634,51.5603799],[-0.0096041,51.5603344],[-0.0095874,51.5603063]],[[-0.0095874,51.5603063],[-0.0095281,51.5602533],[-0.0094886,51.560218],[-0.0094492,51.5601828],[-0.0093682,51.5601257],[-0.0090795,51.5599509],[-0.0088944,51.5598549],[-0.0085955,51.5597044],[-0.0085008,51.5596606],[-0.0084511,51.5596341],[-0.0084,51.5596078],[-0.0083616,51.5595873],[-0.0083412,51.5595764]],[[-0.0083412,51.5595764],[-0.0082133,51.5594975]],[[-0.0082133,51.5594975],[-0.0081598,51.5594636]],[[-0.0081598,51.5594636],[-0.0081267,51.5594418]],[[-0.0081267,51.5594418],[-0.0078796,51.5593024]],[[-0.0078796,51.5593024],[-0.0078143,51.5592629]],[[-0.0078143,51.5592629],[-0.0077624,51.5592327]],[[-0.0077624,51.5592327],[-0.0076782,51.5591749],[-0.0075519,51.5590663],[-0.007525,51.5590431]],[[-0.007525,51.5590431],[-0.0074717,51.5589987],[-0.0073754,51.5589216],[-0.0071854,51.5587323]],[[-0.0071854,51.5587323],[-0.0070856,51.5586329]],[[-0.0070856,51.5586329],[-0.0070608,51.5586036],[-0.0070499,51.5585926]],[[-0.0070499,51.5585926],[-0.0070218,51.5585665],[-0.006932,51.5584751]],[[-0.006932,51.5584751],[-0.0068665,51.5583778],[-0.0068423,51.5583463],[-0.0067515,51.5582188],[-0.0066665,51.5580736],[-0.0065807,51.5579449]],[[-0.0065807,51.5579449],[-0.0065108,51.557817],[-0.0065011,51.5577994]],[[-0.0065011,51.5577994],[-0.0064906,51.5577804],[-0.0063496,51.5575315]],[[-0.0063496,51.5575315],[-0.0062976,51.5574398],[-0.0062695,51.55739],[-0.0062542,51.5573564]],[[-0.0062542,51.5573564],[-0.0062365,51.5573186]],[[-0.0062365,51.5573186],[-0.0062342,51.5573125],[-0.0061947,51.5572025]],[[-0.0061947,51.5572025],[-0.006161,51.5571483],[-0.0059878,51.5568514]],[[-0.0059878,51.5568514],[-0.0059093,51.5567177]],[[-0.0059093,51.5567177],[-0.0058267,51.5565782],[-0.0057986,51.556532]],[[-0.0057986,51.556532],[-0.005767,51.556482],[-0.0056804,51.5563442]],[[-0.0056804,51.5563442],[-0.0056195,51.5562376]],[[-0.0056195,51.5562376],[-0.0055545,51.5561236],[-0.0055158,51.5560384],[-0.0054788,51.55596],[-0.0054424,51.5558829]],[[-0.0054424,51.5558829],[-0.0053705,51.5556788]],[[-0.0053705,51.5556788],[-0.0053518,51.5555926],[-0.0053313,51.5554543]],[[-0.0053313,51.5554543],[-0.0053268,51.5554217],[-0.0053208,51.555331]],[[-0.0053208,51.555331],[-0.0053168,51.5552715],[-0.0053153,51.5551006],[-0.0052923,51.5547829],[-0.0052876,51.5547111],[-0.0052641,51.5544159],[-0.0052456,51.5542248],[-0.0052389,51.5541447],[-0.0052305,51.5540676],[-0.0052092,51.5539452],[-0.005176,51.553757],[-0.0051169,51.553521]],[[-0.0051169,51.553521],[-0.0050972,51.5534223],[-0.0050761,51.5533078],[-0.0050437,51.5531346],[-0.0050433,51.5530727]],[[-0.0050433,51.5530727],[-0.0050428,51.5529913],[-0.0049895,51.5526822],[-0.0049747,51.5526203],[-0.0049222,51.5524721],[-0.0046508,51.5521136],[-0.004492,51.5519027]],[[-0.004492,51.5519027],[-0.004446,51.5518235],[-0.0043337,51.5516306]],[[-0.0043337,51.5516306],[-0.0043237,51.5516134],[-0.0042599,51.5514684],[-0.0041951,51.5512877],[-0.0041856,51.5512621],[-0.0041726,51.5512203]],[[-0.0041726,51.5512203],[-0.0041293,51.5510911]],[[-0.0041293,51.5510911],[-0.004132162968788407,51.5510563254035]],[[-0.0419085,51.5797053],[-0.0416585,51.5797994]],[[-0.0402277,51.5776852],[-0.0405283,51.5779021],[-0.0410387,51.5785623],[-0.0414683,51.579118],[-0.0416895,51.5794042],[-0.0418149,51.5795766],[-0.0419085,51.5797053]],[[-0.0402277,51.5776852],[-0.0399202,51.577856],[-0.039609,51.5780288],[-0.0392857,51.5782024],[-0.0389508,51.5783822],[-0.0387198,51.5785093],[-0.0384563,51.5786543],[-0.0384063,51.5786923]],[[-0.0384063,51.5786923],[-0.0383815,51.5787283],[-0.0382926,51.5787811]],[[-0.0395815,51.5804894],[-0.0393266,51.5801515],[-0.0389523,51.5796555],[-0.0385558,51.5791299],[-0.0382926,51.5787811]],[[-0.0395815,51.5804894],[-0.0393965,51.5805329],[-0.0391885,51.5805805]],[[-0.0391885,51.5805805],[-0.0387924,51.5806594],[-0.038577,51.5807063],[-0.0384487,51.5807342]],[[-0.0384487,51.5807342],[-0.0382201,51.5807839]],[[-0.0382201,51.5807839],[-0.0378673,51.5808475]],[[-0.0378673,51.5808475],[-0.0371879,51.5809785],[-0.0361689,51.5811749],[-0.0352026,51.5813612],[-0.0345767,51.5814818],[-0.0342765,51.5815349],[-0.0341992,51.581549],[-0.0341538,51.5815621]],[[-0.0341538,51.5815621],[-0.0341232,51.5815817],[-0.0340927,51.5816075],[-0.0340698,51.5816407],[-0.0340458,51.5816813]],[[-0.0340458,51.5816813],[-0.0341219,51.5817185],[-0.0341509,51.5817424],[-0.0341854,51.5817785],[-0.0342519,51.5818802],[-0.0343087,51.5819742]],[[-0.0343087,51.5819742],[-0.034369,51.5820742]],[[-0.034217,51.5821117],[-0.0342591,51.5821013],[-0.0342988,51.5820915],[-0.034369,51.5820742]],[[-0.0335111,51.5822876],[-0.0339273,51.582183],[-0.034217,51.5821117]],[[-0.0332737,51.5823499],[-0.033317,51.582339],[-0.0335111,51.5822876]],[[-0.0332211,51.5823603],[-0.0332737,51.5823499]],[[-0.0325568,51.5825158],[-0.0331239,51.5823818],[-0.0332211,51.5823603]],[[-0.0285128,51.5834087],[-0.0285436,51.5834025],[-0.0285567,51.5833997],[-0.028599,51.5833909],[-0.02868,51.5833693],[-0.0289832,51.5832795],[-0.0291056,51.5832432],[-0.02924,51.5832033],[-0.0295958,51.5830978],[-0.0298283,51.5830327],[-0.0299341,51.5830028],[-0.0300841,51.5829753],[-0.0302919,51.5829572],[-0.0304142,51.5829466],[-0.0304881,51.5829398],[-0.0305108,51.5829374],[-0.0306717,51.5829109],[-0.0310292,51.5828188],[-0.0311076,51.5827998],[-0.0311802,51.5827842],[-0.0314165,51.5827366],[-0.0317735,51.5826677],[-0.0323846,51.5825492],[-0.0325568,51.5825158]],[[-0.0284629,51.5834174],[-0.0285128,51.5834087]],[[-0.0284629,51.5834174],[-0.0284249,51.5833358]],[[-0.0284249,51.5833358],[-0.0283482,51.5831918],[-0.0282925,51.5831218],[-0.0282693,51.5830947],[-0.0282466,51.5830682],[-0.028211,51.5830269],[-0.0281665,51.5829912],[-0.028098,51.5829486]],[[-0.028098,51.5829486],[-0.0280789,51.5829334],[-0.0280098,51.5828866]],[[-0.0280098,51.5828866],[-0.0279753,51.58286]],[[-0.0279753,51.58286],[-0.027956,51.582845],[-0.0279424,51.5828322]],[[-0.0279424,51.5828322],[-0.0279225,51.5828123],[-0.0279133,51.5828014]],[[-0.0279133,51.5828014],[-0.0279059,51.5827907],[-0.0279055,51.5827815]],[[-0.0279055,51.5827815],[-0.0278997,51.5827545],[-0.027883,51.5826587],[-0.0278678,51.5825234],[-0.0278612,51.5823922],[-0.0278574,51.5823592],[-0.0278476,51.5823109]],[[-0.0278476,51.5823109],[-0.0278241,51.5822146]],[[-0.0278241,51.5822146],[-0.0276304,51.582231]],[[-0.0276304,51.582231],[-0.0275582,51.582236],[-0.0275014,51.5822423],[-0.0272859,51.5822647],[-0.0264113,51.5823622],[-0.0259676,51.5824102],[-0.0256894,51.5824382],[-0.0256696,51.5824402]],[[-0.0256696,51.5824402],[-0.0253117,51.582479]],[[-0.0253117,51.582479],[-0.0252882,51.5824816],[-0.0251557,51.5824967],[-0.0247014,51.5825525],[-0.0244099,51.582586],[-0.0242021,51.5826098],[-0.0239945,51.5826382],[-0.0239425,51.5826454],[-0.0236132,51.5826844]],[[-0.0236132,51.5826844],[-0.0233674,51.5827163],[-0.0231574,51.5827435],[-0.0230534,51.582757],[-0.0226491,51.5828082]],[[-0.0226491,51.5828082],[-0.0225142,51.5828256],[-0.0220424,51.5828817]],[[-0.0220424,51.5828817],[-0.0218765,51.5829024],[-0.0218256,51.5829066],[-0.0216237,51.5829321]],[[-0.0216237,51.5829321],[-0.0214515,51.5829531]],[[-0.0214515,51.5829531],[-0.0214187,51.5829565]],[[-0.0214187,51.5829565],[-0.0213734,51.5829615]],[[-0.0213734,51.5829615],[-0.0210921,51.5829983]],[[-0.0210921,51.5829983],[-0.0209381,51.5830185]],[[-0.0209381,51.5830185],[-0.0207385,51.5830513],[-0.0206576,51.5830608]],[[-0.0206576,51.5830608],[-0.0206433,51.5830625],[-0.0204968,51.5830852]],[[-0.0204968,51.5830852],[-0.0203205,51.5831091]],[[-0.0201668,51.5836153],[-0.0201847,51.5838594]],[[-0.0201847,51.5838594],[-0.0202008,51.5841203]],[[-0.0202008,51.5841203],[-0.0202017,51.5841883],[-0.020225,51.5842699],[-0.0202392,51.5842961],[-0.0202675,51.5843244],[-0.0202887,51.5843315],[-0.0203105,51.584337],[-0.0203351,51.5843396],[-0.0203603,51.5843386],[-0.0203688,51.5843373],[-0.020396,51.5843332],[-0.0204162,51.584329],[-0.0204686,51.5843079],[-0.0205016,51.584286],[-0.0205159,51.5842686],[-0.0205263,51.584247],[-0.0205894,51.5839556]],[[-0.0205894,51.5839556],[-0.0205852,51.583684]],[[-0.0205852,51.583684],[-0.0205907,51.5836261],[-0.0205937,51.5835934],[-0.020611,51.5834085]],[[-0.020611,51.5834085],[-0.0206161,51.5833545],[-0.0206064,51.5833074],[-0.0205601,51.5832183],[-0.0205577,51.5832138],[-0.0205424,51.5831771],[-0.0204968,51.5830852]],[[-0.0193621,51.5832277],[-0.01923,51.5832654],[-0.0191451,51.5832851],[-0.0190328,51.5832995],[-0.0190029,51.5833051]],[[-0.0190029,51.5833051],[-0.0187853,51.5833451]],[[-0.0187853,51.5833451],[-0.0188479,51.5834141],[-0.0188726,51.5834413],[-0.0188943,51.5834741],[-0.0189136,51.5835073],[-0.0189328,51.5835555]],[[-0.0182753,51.5851881],[-0.0185913,51.5851291],[-0.019136,51.5849976],[-0.0192151,51.5849785],[-0.0192902,51.5849596],[-0.019496,51.5849032]],[[-0.0153865,51.585725],[-0.0154344,51.5857177],[-0.0161393,51.5855912],[-0.0162111,51.5855775],[-0.016265,51.5855685],[-0.016619,51.5855006],[-0.0170568,51.5854177],[-0.0171728,51.5853958],[-0.0172512,51.5853731],[-0.0173515,51.5853663],[-0.0177441,51.5852928],[-0.017898,51.5852622],[-0.0180911,51.5852232],[-0.0182753,51.5851881]],[[-0.015176,51.5857517],[-0.0153114,51.5857351],[-0.0153453,51.585731],[-0.0153865,51.585725]],[[-0.0128294,51.585955],[-0.0128879,51.5859453],[-0.0130894,51.5859249],[-0.0138232,51.5858686],[-0.0140323,51.5858526],[-0.0140937,51.5858477],[-0.0141379,51.5858436],[-0.0150207,51.5857697],[-0.015176,51.5857517]],[[-0.012697,51.5859909],[-0.0127773,51.5859682],[-0.0128294,51.585955]],[[-0.0125473,51.586061],[-0.0126429,51.5860137],[-0.012697,51.5859909]],[[-0.0083581,51.5879731],[-0.0085656,51.587974],[-0.0086718,51.5879602],[-0.0088694,51.5879163],[-0.0090675,51.5878627],[-0.0094804,51.587751],[-0.0095194,51.5877404],[-0.0096254,51.5877117],[-0.0096687,51.5877],[-0.0098738,51.5876445],[-0.0101605,51.5875589],[-0.0103059,51.5875065],[-0.0103715,51.5874828],[-0.0105794,51.5873929],[-0.0106855,51.5873365],[-0.0108386,51.5872268],[-0.0110607,51.5870011],[-0.0111654,51.5868948],[-0.0113712,51.586715],[-0.0115712,51.5865823],[-0.0119327,51.5863701],[-0.0120914,51.5862769],[-0.0123434,51.5861552],[-0.0125473,51.586061]],[[-0.0083581,51.5879731],[-0.0083795,51.5877632],[-0.0083572,51.5875336],[-0.0082978,51.5873856],[-0.0082407,51.5872679],[-0.0081945,51.5871942],[-0.0081455,51.5871331],[-0.0080908,51.5870463],[-0.0080684,51.5870108],[-0.0080065,51.5869012],[-0.0079863,51.5868654],[-0.0079858,51.5868636],[-0.0079625,51.5867816],[-0.0079211,51.586621],[-0.0079177,51.5864914],[-0.0079367,51.5863982],[-0.0080074,51.5862113],[-0.0080789,51.586031],[-0.0081207,51.585829]],[[-0.0081399,51.5856089],[-0.0081345,51.5857239],[-0.0081207,51.585829]],[[-0.0078749,51.5851047],[-0.007885,51.58512],[-0.0081069,51.5854917],[-0.0081267,51.5855371],[-0.0081399,51.5856089]],[[-0.0077393,51.5849016],[-0.0078749,51.5851047]],[[-0.0074017,51.5836844],[-0.0074226,51.5837851],[-0.0074552,51.5840437],[-0.0075119,51.5843017],[-0.0075632,51.5845023],[-0.0076172,51.5846384],[-0.0076781,51.5847835],[-0.0077042,51.5848356],[-0.0077393,51.5849016]],[[-0.0071979,51.5830536],[-0.0072706,51.5831375],[-0.0073281,51.5832097],[-0.0073581,51.583273],[-0.0073724,51.5833312],[-0.0073832,51.5835251],[-0.0073937,51.5836037],[-0.0074017,51.5836844]],[[-0.0071979,51.5830536],[-0.0071121,51.582979],[-0.0070181,51.5829161],[-0.0069039,51.5828584],[-0.0067659,51.5828016],[-0.0065929,51.5827416],[-0.0064694,51.5827084],[-0.0063438,51.5826897],[-0.006241,51.5826818],[-0.0061824,51.5826815],[-0.0060076,51.5826868],[-0.0059381,51.5826889],[-0.0058647,51.5826915],[-0.0051531,51.5827167],[-0.0046764,51.5827201],[-0.0045139,51.5827008],[-0.0043864,51.5826787],[-0.0041963,51.5826242],[-0.0040016,51.5825322],[-0.0039532,51.5825093],[-0.0039036,51.5824797],[-0.0038094,51.5824236],[-0.003603,51.5822565],[-0.0035088,51.5821594],[-0.0034161,51.582019],[-0.0033607,51.5818889],[-0.0033411,51.581756],[-0.0033632,51.5815729],[-0.0033676,51.581538],[-0.0033717,51.581505],[-0.0034097,51.5813104],[-0.0033799,51.5811607]],[[-0.0033799,51.5811607],[-0.0033661,51.5809873],[-0.0033294,51.5808696],[-0.0032842,51.5807712],[-0.0032101,51.5806506],[-0.0031336,51.5805314],[-0.0030725,51.5804365],[-0.0029554,51.580311],[-0.0029298,51.580282],[-0.0028836,51.5802243],[-0.0028431,51.5801745]],[[-0.0001472,51.5814507],[-0.000108,51.5815166]],[[-0.000108,51.5815166],[-0.0000486,51.5815361],[-0.0000015000000000000026,51.5815505]],[[-0.0000015,51.5815505],[0.0001211,51.5815803],[0.0001894,51.5815946]],[[0.0001894,51.5815946],[0.0002717,51.5816041],[0.0003831,51.5816131]],[[0.0003831,51.5816131],[0.0007715,51.5816393],[0.0009347,51.5816591]],[[0.0009347,51.5816591],[0.0010585,51.5816788],[0.0011568,51.5816966],[0.0012567,51.581722],[0.001345,51.5817444]],[[0.001345,51.5817444],[0.0014189,51.5817187],[0.0014931,51.5816838]],[[0.0014931,51.5816838],[0.0015242,51.5816658],[0.0015589,51.5816409],[0.0015849,51.5816056],[0.001618,51.5815291],[0.0015916,51.5814744]],[[0.0025436,51.5805521],[0.0023545,51.5807078],[0.0022933,51.5807829],[0.0022537,51.5808426],[0.0022313,51.5808837],[0.0022111,51.580934]],[[0.0031271,51.5802287],[0.0030729,51.58026],[0.0026634,51.5804823],[0.0025436,51.5805521]],[[0.002107,51.5796197],[0.0022681,51.5797131],[0.0023821,51.5797801],[0.0025318,51.5798673],[0.0030551,51.5801791],[0.0031271,51.5802287]],[[0.002107,51.5796197],[0.0021216,51.5796045],[0.002127,51.579587],[0.0021169,51.5795618],[0.0020991,51.579548],[0.0020793,51.57954],[0.0020518,51.5795356],[0.0020246,51.579537],[0.0019987,51.5795444],[0.0019871,51.5795504],[0.0019708,51.5795649],[0.0019632,51.5795871]],[[0.0027223,51.5774569],[0.0026442,51.5775258],[0.0025601,51.577578],[0.0024873,51.5776041],[0.0023907,51.5776175],[0.002314,51.5776444],[0.0022201,51.5777088],[0.0021878,51.5777591],[0.0021651,51.5778557],[0.0018963,51.5780589],[0.0018234,51.5781118],[0.0016443,51.5782417],[0.0008932,51.5787431],[0.0006685,51.5788963],[0.00022170000000000002,51.579201],[0.000184,51.5792388],[0.0001852,51.5792736],[0.0002221,51.5793019],[0.0004911,51.5794024],[0.0005717,51.5794275],[0.0006601,51.579459],[0.0011413,51.5796219],[0.001254,51.579644],[0.0013412,51.5796499],[0.0014503,51.5796433],[0.0015575,51.5796324],[0.0017205,51.5796112],[0.001774,51.5796043],[0.0018385,51.5795959],[0.0019632,51.5795871]],[[0.0032883,51.5769477],[0.0031565,51.5770441],[0.0029574,51.5772424],[0.0028963,51.5773033],[0.0028083,51.577381],[0.002736,51.5774448],[0.0027223,51.5774569]],[[0.0033334,51.5769186],[0.0032883,51.5769477]],[[0.0037617,51.5766268],[0.003749,51.5766356],[0.0036385,51.5767125],[0.0033334,51.5769186]],[[0.0050378,51.5760448],[0.0048274,51.5761803],[0.0047158,51.5762521],[0.0044186,51.5764434],[0.0043385,51.5764758],[0.0042406,51.5764958],[0.0041293,51.5764999],[0.004095,51.5765018],[0.0040207,51.5765058],[0.0039644,51.5765099],[0.0039228,51.5765224],[0.0038811,51.5765438],[0.0037617,51.5766268]],[[0.0048447,51.575915],[0.0049416,51.5759808],[0.0050378,51.5760448]],[[0.0035823,51.5750804],[0.0037726,51.5752141],[0.004253,51.5755515],[0.0043813,51.5756303],[0.0047164,51.5758362],[0.0048447,51.575915]],[[0.0027443,51.5746213],[0.003077,51.5748038],[0.0033663,51.5749622],[0.0035823,51.5750804]],[[-0.0004553,51.5732123],[-0.0002698,51.5732987],[0.00027299999999999997,51.573531],[0.0010591,51.5738675],[0.0018292,51.5741972],[0.0019629,51.5742544],[0.0024722,51.5744724],[0.0026457,51.5745674],[0.0027443,51.5746213]],[[-0.0004553,51.5732123],[-0.00008080000000000001,51.5729414],[0.00006829999999999999,51.5728336],[0.0003051,51.5726786],[0.0005262,51.5725192]],[[0.0005262,51.5725192],[0.0007226,51.5723667],[0.0013351,51.571891],[0.0013947,51.5718363]],[[0.0013947,51.5718363],[0.0012273,51.5717346],[0.0010341,51.5716173],[0.0009868,51.5715907],[0.0009375,51.5715615],[0.0004677,51.5712922]],[[0.0004677,51.5712922],[0.0009385,51.5710458],[0.0011688,51.5709253],[0.0013401,51.5708356],[0.0013554,51.5708253],[0.001504,51.570725],[0.0020439,51.5703608]],[[0.0020439,51.5703608],[0.0024959,51.5701532],[0.0025635,51.5701221],[0.0030552,51.5699048],[0.0033908,51.5697475],[0.0039197,51.5694996],[0.0039987,51.5694626],[0.0041588,51.5693883],[0.0042947,51.5693276],[0.0045133,51.5692316],[0.0055262,51.5687727],[0.0066473,51.5682475],[0.0066923,51.5682268],[0.0067297,51.5682077],[0.0069362,51.568102]],[[0.0069362,51.568102],[0.0069772,51.5681938]],[[0.0069772,51.5681938],[0.006987,51.5682115],[0.0070096,51.5682555]],[[0.0070096,51.5682555],[0.007034,51.5682962]],[[0.007034,51.5682962],[0.0071187,51.5684238]],[[0.0071187,51.5684238],[0.0071706,51.5684083],[0.0072101,51.5683965],[0.0075059,51.5683119]],[[0.0075059,51.5683119],[0.0075517,51.5682904],[0.0075735,51.5682794],[0.0075889,51.5682613],[0.0075897,51.568245],[0.0075418,51.568164],[0.0075015,51.5681126]],[[0.0075015,51.5681126],[0.007446,51.5680719],[0.0074255,51.568057],[0.0073842,51.5680466],[0.0072446,51.5680534]],[[0.0072446,51.5680534],[0.0071561,51.5680611],[0.007098,51.5680662],[0.0070288,51.5680739],[0.0069863,51.5680832],[0.0069362,51.568102]],[[0.0071187,51.5684238],[0.0073138,51.5687096],[0.0075315,51.5689831],[0.0075515,51.5690087],[0.007606,51.5690785]],[[0.007606,51.5690785],[0.0077066,51.569184],[0.0078045,51.5692521],[0.0079786,51.5693522],[0.0081139,51.5694086],[0.0081746,51.5694259],[0.0081937,51.5694309]],[[0.0081937,51.5694309],[0.0082738,51.5694511],[0.0084519,51.5694877],[0.0086619,51.5695256],[0.0088238,51.5695768]],[[0.0088238,51.5695768],[0.0089448,51.5696284],[0.0090482,51.5696813]],[[0.0110976,51.5710878],[0.0110677,51.5710912],[0.0110129,51.5710943],[0.0109198,51.5710875],[0.0107994,51.5710638],[0.0106639,51.5710112],[0.0105073,51.5709241],[0.0101345,51.5706581],[0.009948,51.5705098],[0.0098608,51.5704405],[0.0095679,51.5701742],[0.0094111,51.5700159],[0.00927,51.5698636],[0.009151,51.5697536],[0.0090482,51.5696813]],[[0.0113356,51.5710098],[0.0113025,51.5710267],[0.0112189,51.5710633],[0.0111547,51.5710794],[0.0110976,51.5710878]],[[0.0114437,51.5709498],[0.0113356,51.5710098]],[[0.0114437,51.5709498],[0.0114716,51.5709374],[0.0115672,51.5708849]],[[0.0115672,51.5708849],[0.0117125,51.5707979]],[[0.0117125,51.5707979],[0.0117651,51.5707664],[0.0117999,51.5707447],[0.0119318,51.5706666],[0.0120171,51.5706076]],[[0.0104068,51.6334498],[0.0103628,51.6334193],[0.010323,51.6333994],[0.0102573,51.6333852],[0.0101983,51.6333802],[0.0101148,51.6334002],[0.0100353,51.633437],[0.0099619,51.6334864]],[[0.0086704,51.6201308],[0.0086149,51.6208029],[0.0085628,51.6211014],[0.0083769,51.6218283],[0.0083678,51.6218638],[0.0083573,51.6219045],[0.0083052,51.6220772],[0.008168,51.6226574],[0.0081546,51.6228067],[0.0081508,51.6228492],[0.0082026,51.6230897],[0.0082428,51.6232765],[0.008331,51.6236857],[0.0083482,51.6237657],[0.0083396,51.6240481],[0.0082747,51.6242451]],[[0.0087036,51.6198328],[0.0086704,51.6201308]],[[0.0087073,51.6195225],[0.0087174,51.6196299],[0.0087036,51.6198328]],[[0.008702,51.6192747],[0.0086957,51.6194226],[0.0087073,51.6195225]],[[0.008702,51.6192747],[0.0087426,51.6192236],[0.0087451,51.6191768],[0.0087529,51.6191475],[0.008767061604969676,51.61909003969478]],[[0.008779300127685007,51.61903609059751],[0.0087907,51.6189844]],[[0.0087907,51.6189844],[0.0088658,51.6189446]],[[0.0088658,51.6189446],[0.0089186,51.6189006],[0.0089609,51.6188601]],[[0.0089609,51.6188601],[0.0089724,51.6188008],[0.0089666,51.6187492],[0.0089214,51.6186954],[0.0088671,51.6186619],[0.0088138,51.618641],[0.0087549,51.6186247],[0.0086875,51.6186171]],[[0.0086875,51.6186171],[0.0086303,51.6186213]],[[0.0086303,51.6186213],[0.0085511,51.6186295]],[[0.0085511,51.6186295],[0.0084502,51.6186503]],[[0.0084502,51.6186503],[0.0081648,51.6187033],[0.008084,51.6187463]],[[0.0063019,51.6187861],[0.006425,51.6187829],[0.0065191,51.6187815],[0.0067627,51.6187735],[0.0073371,51.6187576],[0.0079794,51.6187474],[0.0080341,51.6187466],[0.008084,51.6187463]],[[0.0055674,51.6187944],[0.0063019,51.6187861]],[[0.0053123,51.6187997],[0.0055674,51.6187944]],[[0.0049542,51.6188088],[0.0050144,51.6188072],[0.0053123,51.6187997]],[[0.0047543,51.6188098],[0.0048916,51.6188103],[0.0049542,51.6188088]],[[0.0046566,51.6188155],[0.0047543,51.6188098]],[[0.0036037,51.6189256],[0.0038476,51.6188904],[0.0040022,51.6188718],[0.0040897,51.6188624],[0.0043733,51.6188319],[0.0046566,51.6188155]],[[0.0032399,51.6189749],[0.0036037,51.6189256]],[[0.001551,51.6191147],[0.0020755,51.6191144],[0.0023175,51.6190942],[0.0026929,51.61905],[0.0032399,51.6189749]],[[0.0013451,51.6191103],[0.001551,51.6191147]],[[0.0005296,51.6191018],[0.0013451,51.6191103]],[[0.0005296,51.6191018],[0.0003306,51.619066],[0.0002486,51.6190428],[0.0001469,51.6190117]],[[0.0001469,51.6190117],[0.0001367,51.6189801]],[[0.0001367,51.6189801],[0.0001398,51.6188872],[0.0001621,51.6188453],[0.0002833,51.6186171]],[[0.0006267,51.6180803],[0.000613,51.6181597],[0.0005928,51.6182039],[0.000522,51.6183329],[0.0004429,51.6184574],[0.0003638,51.6185371],[0.0002833,51.6186171]],[[0.0006254,51.6179681],[0.0006266,51.6179821],[0.0006316,51.6180241],[0.0006267,51.6180803]],[[0.0006027,51.6178805],[0.0006254,51.6179681]],[[0.0003757,51.6175607],[0.0004117,51.6175955],[0.0004717,51.6176628],[0.0004973,51.6176995],[0.0005228,51.6177365],[0.0006027,51.6178805]],[[-0.0002531,51.6164177],[-0.0002359,51.6165619],[-0.0001816,51.6168627],[-0.0001752,51.6168943],[0.0002046,51.6173833],[0.0003757,51.6175607]],[[-0.0002135,51.616043],[-0.0002468,51.6162722],[-0.0002531,51.6164177]],[[-0.0002026,51.6159679],[-0.0002135,51.616043]],[[-0.0001424,51.6157866],[-0.0002026,51.6159679]],[[-0.0000397,51.6155085],[-0.0000536,51.6155467],[-0.0001424,51.6157866]],[[0.0000221,51.6153386],[-0.0000397,51.6155085]],[[0.000146,51.6149984],[0.000022099999999999995,51.6153386]],[[0.0002025,51.6145209],[0.0002265,51.6145847],[0.0002399,51.6146612],[0.0002373,51.6147284],[0.0002207,51.6147898],[0.0001939,51.6148797],[0.000146,51.6149984]],[[0.0000909,51.6143201],[0.0002025,51.6145209]],[[-0.0021235,51.612961],[-0.0009865,51.6135773],[-0.0006546,51.6137572],[-0.00057,51.6138031],[-0.0002511,51.6140012],[-0.0001838,51.614043],[0.00009090000000000001,51.6143201]],[[-0.0022728,51.6128821],[-0.0021235,51.612961]],[[-0.0024838,51.6127452],[-0.002445,51.6127768],[-0.0023574,51.6128374],[-0.0022728,51.6128821]],[[-0.0025485,51.612694],[-0.0024838,51.6127452]],[[-0.0028445,51.6123001],[-0.0028187,51.6123553],[-0.002743,51.6124781],[-0.0026395,51.6126061],[-0.0025485,51.612694]],[[-0.0028939,51.6119231],[-0.002912,51.6120083],[-0.0029175,51.6120736],[-0.0029128,51.6121111],[-0.0029038,51.6121539],[-0.0028445,51.6123001]],[[-0.0027167,51.6114991],[-0.0027645,51.6116136],[-0.0028939,51.6119231]],[[-0.0025267,51.6110366],[-0.002618,51.6112899],[-0.0027167,51.6114991]],[[-0.0025267,51.6110366],[-0.0024618,51.6109872],[-0.0022624,51.6105647]],[[-0.0022624,51.6105647],[-0.0022213,51.6104775],[-0.0019595,51.6099239]],[[-0.0019595,51.6099239],[-0.0019297,51.6098734],[-0.0019201,51.6098356]],[[-0.0019201,51.6098356],[-0.0019627,51.6097909]],[[-0.0017872,51.6095076],[-0.0019627,51.6097909]],[[-0.0014043,51.6087921],[-0.0014339,51.6088523],[-0.0015481,51.609084],[-0.0015854,51.6091606],[-0.0017872,51.6095076]],[[-0.0013717,51.6087228],[-0.0014043,51.6087921]],[[-0.0007361,51.6077964],[-0.0009531,51.6080685],[-0.0011273,51.6082964],[-0.0012175,51.6084275],[-0.0012443,51.6084686],[-0.001271,51.6085089],[-0.0013717,51.6087228]],[[-0.0006362,51.6077299],[-0.0007361,51.6077964]],[[-0.0006362,51.6077299],[-0.0007409,51.6076567],[-0.0009903,51.6074877],[-0.0010704,51.6074311],[-0.0011492,51.6074245]],[[-0.0012163,51.6073464],[-0.0011492,51.6074245]],[[-0.0015089,51.6065551],[-0.0013176,51.6071006],[-0.0012828,51.607202],[-0.001265,51.6072415],[-0.0012431,51.6072923],[-0.0012163,51.6073464]],[[-0.0017934,51.6058253],[-0.0017034,51.6059944],[-0.0016518,51.6061103],[-0.0016094,51.6062123],[-0.0015823,51.6063003],[-0.0015542,51.6063977],[-0.0015089,51.6065551]],[[-0.0046723,51.6008767],[-0.0046139,51.6008782],[-0.0043683,51.6008845],[-0.0042089,51.60089],[-0.0041664,51.6008912],[-0.0040611,51.600894],[-0.0040097,51.6008954],[-0.0039271,51.6009021],[-0.0038579,51.6009149],[-0.0038174,51.600928],[-0.003781,51.6009483],[-0.0037557,51.6009676],[-0.0037341,51.601006],[-0.0034642,51.6017257],[-0.0031561,51.6025474],[-0.0028964,51.6031935],[-0.0026998,51.6036824],[-0.0026408,51.6038219],[-0.0025981,51.6039478],[-0.0024897,51.6043178],[-0.0024572,51.6044267],[-0.0024484,51.6044535],[-0.0024248,51.6045242],[-0.0024089,51.6045721],[-0.0023952,51.604606],[-0.0023488,51.6046993],[-0.0017934,51.6058253]],[[-0.0049342,51.6007314],[-0.0049068,51.6007845],[-0.0048947,51.6008],[-0.0048693,51.6008314],[-0.004842,51.6008508],[-0.0048022,51.6008628],[-0.0047337,51.6008746],[-0.0046723,51.6008767]],[[-0.0049342,51.6007314],[-0.0049046,51.6007276],[-0.0048781,51.6007187],[-0.0048569,51.6007052],[-0.0048429,51.6006886],[-0.0048374,51.6006701]],[[-0.0048374,51.6006701],[-0.00484,51.6006533],[-0.0048497,51.6006375],[-0.0048657,51.6006239],[-0.0048868,51.6006133],[-0.0049117,51.6006066],[-0.0049386,51.6006041]],[[-0.0049386,51.6006041],[-0.0049383,51.6005971]],[[-0.0049383,51.6005971],[-0.004957,51.6005344],[-0.004974,51.6004938],[-0.0049997,51.6004694],[-0.005067,51.6004332],[-0.0051243,51.6004133],[-0.0052763,51.6003751],[-0.005344,51.6003628]],[[-0.0054975,51.600345],[-0.0054314,51.6003508],[-0.005344,51.6003628]],[[-0.0073476,51.6002783],[-0.0072412,51.6003279],[-0.0071701,51.6003461],[-0.007083,51.6003501],[-0.0064912,51.6003353],[-0.0062069,51.6003304],[-0.005838,51.6003318],[-0.0056467,51.6003367],[-0.0054975,51.600345]],[[-0.0066194,51.5967526],[-0.0074449,51.6001449],[-0.0074099,51.6002206],[-0.0073476,51.6002783]],[[-0.0064845,51.5961242],[-0.0064981,51.5961713],[-0.00651,51.5962431],[-0.006528,51.5963764],[-0.0065587,51.5965132],[-0.0066194,51.5967526]],[[-0.0055967,51.5947656],[-0.0064313,51.5960301],[-0.0064845,51.5961242]],[[-0.005016,51.5920725],[-0.0050461,51.5923626],[-0.0050575,51.5924722],[-0.0050739,51.5926305],[-0.0050928,51.5930332],[-0.0051033,51.5931999],[-0.0051438,51.5935806],[-0.005195,51.5940291],[-0.005198,51.5940555],[-0.0052089,51.5941125],[-0.0052254,51.5941672],[-0.0052529,51.5942255],[-0.0055416,51.5946808],[-0.0055967,51.5947656]],[[-0.0049918,51.5919777],[-0.005016,51.5920725]],[[-0.0049321,51.5918354],[-0.0049458,51.5918626],[-0.0049514,51.5918737],[-0.0049539,51.5918801],[-0.0049918,51.5919777]],[[-0.004878,51.5916516],[-0.0048843,51.5917139],[-0.0048916,51.5917396],[-0.004902,51.5917651],[-0.0049189,51.5918094],[-0.0049321,51.5918354]],[[-0.0084493,51.590748],[-0.0084811,51.5906912],[-0.0085031,51.590661],[-0.0085658,51.5905811]],[[-0.0085658,51.5905811],[-0.0085678,51.5905662],[-0.0085725,51.5905413]],[[-0.0085725,51.5905413],[-0.0086152,51.5904677]],[[-0.0086152,51.5904677],[-0.0086126,51.5904427],[-0.0086115,51.5904253]],[[-0.0086115,51.5904253],[-0.0086223,51.5901599]],[[-0.0086223,51.5901599],[-0.0085465,51.5899662],[-0.0084854,51.5898504],[-0.0084286,51.5897425],[-0.0082238,51.5894073],[-0.008168,51.5893085],[-0.008123,51.5891836],[-0.0080988,51.5890373],[-0.0080921,51.5888226],[-0.0081021,51.5887065],[-0.0081284,51.5885771]],[[-0.0081284,51.5885771],[-0.0081961,51.58839],[-0.0082334,51.5882869],[-0.00828,51.5881711]],[[-0.00828,51.5881711],[-0.0083581,51.5879731]],[[-0.0185864,51.5833331],[-0.018725,51.5832879]],[[-0.0279816,51.5821907],[-0.0279377,51.5822013],[-0.0278241,51.5822146]],[[-0.0280753,51.5821497],[-0.0280305,51.5821714],[-0.0279816,51.5821907]],[[-0.0280843,51.5821441],[-0.0280753,51.5821497]],[[-0.0281439,51.5820881],[-0.0281144,51.5821228],[-0.0280967,51.5821357],[-0.0280843,51.5821441]],[[-0.0283062,51.5820977],[-0.0282424,51.5820939],[-0.0281439,51.5820881]],[[-0.0292323,51.5820005],[-0.0288977,51.5820461],[-0.0285852,51.5820783],[-0.0283062,51.5820977]],[[-0.031305,51.5815733],[-0.0312796,51.5815803],[-0.0299166,51.5818894],[-0.0293775,51.5819753],[-0.0292323,51.5820005]],[[-0.0313898,51.5815531],[-0.031305,51.5815733]],[[-0.0316667,51.5814867],[-0.0316314,51.5814953],[-0.0314023,51.5815501],[-0.0313898,51.5815531]],[[-0.0319029,51.5814243],[-0.0318528,51.5814376],[-0.0316667,51.5814867]],[[0.0004677,51.5712922],[-0.0002518,51.5708015],[-0.0003594,51.5707281],[-0.0004237,51.5706842],[-0.000488,51.5706403],[-0.0005801,51.5705775],[-0.0012753,51.5702352],[-0.0017372,51.5700078],[-0.0019507,51.5699108],[-0.0021379,51.5698386],[-0.0028328,51.5696221],[-0.0033526,51.5694597],[-0.0038398,51.5693128],[-0.0040569,51.5692475],[-0.0041559,51.5692171]],[[-0.0041559,51.5692171],[-0.0042367,51.5691923],[-0.0049428,51.5689753],[-0.0051325,51.568917]],[[-0.0051325,51.568917],[-0.0054605,51.5688015]],[[-0.0054605,51.5688015],[-0.0061678,51.568571]],[[-0.0061678,51.568571],[-0.0063983,51.5685078],[-0.0067993,51.5683711],[-0.0083963,51.5677516],[-0.0085438,51.5677325],[-0.0086095,51.5677304],[-0.0086397,51.5677341],[-0.0086743,51.5677384],[-0.0087729,51.5677671]],[[-0.0104862,51.5735808],[-0.0101972,51.5737131],[-0.0101681,51.5737264],[-0.0101493,51.573736],[-0.0100779,51.5737732],[-0.0099981,51.5738092],[-0.0099274,51.5738369],[-0.0098087,51.5738739]],[[-0.0108418,51.57342],[-0.0106472,51.5735068],[-0.0104862,51.5735808]],[[-0.0117114,51.5729913],[-0.0110983,51.5732985],[-0.0108418,51.57342]],[[-0.0131119,51.5738001],[-0.011808,51.5730471],[-0.0117114,51.5729913]],[[-0.0137834,51.5741878],[-0.0131119,51.5738001]],[[-0.0141012,51.5743822],[-0.0137834,51.5741878]],[[-0.0141454,51.5744038],[-0.0141012,51.5743822]],[[-0.0141454,51.5744038],[-0.0140325,51.5744845],[-0.0138397,51.574648]],[[-0.0138397,51.574648],[-0.0136107,51.5748153]],[[-0.0136107,51.5748153],[-0.0134793,51.5749113]],[[-0.0134793,51.5749113],[-0.0130743,51.5751759],[-0.0130308,51.5752025]],[[-0.0130308,51.5752025],[-0.012955,51.5752534]],[[-0.012955,51.5752534],[-0.0129467,51.5752589],[-0.0129029,51.575303],[-0.0128656,51.575347]],[[-0.0128656,51.575347],[-0.0128326,51.5754076],[-0.0127973,51.5754406],[-0.012746,51.5754727],[-0.0127011,51.5754969],[-0.0126449,51.5755329],[-0.012459,51.5756766],[-0.0121185,51.5759334],[-0.0119629,51.5760569],[-0.0117555,51.5762217],[-0.0115664,51.5763881],[-0.0114902,51.5764467],[-0.0114039,51.5765255],[-0.0113763,51.5765517],[-0.0113133,51.5766118]],[[-0.0113133,51.5766118],[-0.0112624,51.5766574],[-0.0112256,51.5766885],[-0.0111889,51.5767176]],[[-0.0111889,51.5767176],[-0.0111562,51.5767405],[-0.0111308,51.5767543],[-0.0110117,51.5768073],[-0.0109075,51.5768409]],[[-0.0109075,51.5768409],[-0.0107402,51.5768969],[-0.0102536,51.5770439]],[[-0.0102536,51.5770439],[-0.009569,51.5772506],[-0.0088191,51.5774733],[-0.0088013,51.5774789],[-0.0085086,51.5775572]],[[-0.0085086,51.5775572],[-0.0083825,51.5775913],[-0.0083498,51.5776001],[-0.0081375,51.5776572]],[[-0.0081375,51.5776572],[-0.0079073,51.5777264]],[[-0.0079073,51.5777264],[-0.0078712,51.5777373],[-0.0077901,51.5777622],[-0.0077051,51.5777845],[-0.0076061,51.5778245]],[[-0.002857,51.5865578],[-0.0030213,51.5864723],[-0.0031338,51.5864197],[-0.0032687,51.5863813],[-0.0034683,51.5863457],[-0.0037043,51.5863144],[-0.0040699,51.586266],[-0.0043249,51.5862322],[-0.0046131,51.5861953],[-0.0048949,51.5861731],[-0.0052374,51.5861315],[-0.005488,51.5860987],[-0.0056929,51.5860718],[-0.006327,51.5859888],[-0.0065429,51.5859605],[-0.0068418,51.5859213],[-0.0069523,51.5859068],[-0.0074412,51.5858414],[-0.0076533,51.5858204],[-0.0078171,51.5858178],[-0.0079706,51.5858235],[-0.0081207,51.585829]],[[-0.004269,51.5890957],[-0.0042574,51.5890002],[-0.0042505,51.5888872],[-0.0042179,51.5886345],[-0.0042017,51.5885547],[-0.0041863,51.5884787],[-0.0041561,51.5883973],[-0.0040688,51.5882232],[-0.0039587,51.5880143],[-0.0039189,51.5879421],[-0.0038786,51.5878689],[-0.0038232,51.5877599],[-0.0036486,51.5874167],[-0.0036079,51.5873379],[-0.0035941,51.5873126],[-0.0034391,51.5870239],[-0.0033731,51.5869357],[-0.0032946,51.5868554],[-0.0032126,51.5867938],[-0.003051,51.5866847],[-0.002951,51.5866172],[-0.002857,51.5865578]],[[-0.0044048,51.5902001],[-0.0043966,51.5901734],[-0.0043565,51.5900127],[-0.0042996,51.589799],[-0.0042833,51.5897078],[-0.0042826,51.5896268],[-0.004301,51.5893434],[-0.0042991,51.5893054],[-0.0042902,51.5892007],[-0.004269,51.5890957]],[[-0.0044482,51.590344],[-0.0044378,51.5903071],[-0.0044048,51.5902001]],[[-0.0044756,51.5904358],[-0.0044607,51.5903877],[-0.0044482,51.590344]],[[-0.0047574,51.5912446],[-0.0044756,51.5904358]],[[-0.004776,51.5913204],[-0.0047574,51.5912446]],[[-0.004812,51.5914476],[-0.004776,51.5913204]],[[-0.004878,51.5916516],[-0.004863,51.5915843],[-0.0048463,51.5915292],[-0.0048362,51.5915067],[-0.004812,51.5914476]],[[-0.0049386,51.6006041],[-0.0049674,51.6006065],[-0.0049939,51.6006137],[-0.0050162,51.6006253],[-0.0050323,51.6006402],[-0.005041,51.6006574],[-0.0050417,51.6006754]],[[-0.0050417,51.6006754],[-0.0050335,51.6006938],[-0.0050169,51.6007099],[-0.0049933,51.6007222],[-0.0049649,51.6007296],[-0.0049342,51.6007314]],[[-0.0011492,51.6074245],[-0.0011551,51.6074708],[-0.0010746,51.6075305],[-0.0010213,51.6075671],[-0.0008289,51.6077035],[-0.0007657,51.6077563],[-0.0007361,51.6077964]],[[-0.0019627,51.6097909],[-0.002046,51.6098135],[-0.002073,51.609843],[-0.0021094,51.6098921],[-0.0023,51.6101697]],[[-0.0023,51.6101697],[-0.0023234,51.6102062],[-0.0023969,51.6103343],[-0.0024454,51.6104396]],[[-0.0024454,51.6104396],[-0.0024553,51.6104653]],[[-0.0024553,51.6104653],[-0.0024887,51.6105748],[-0.002528,51.6107015],[-0.0025597,51.6108192],[-0.002561,51.6108855]],[[-0.002561,51.6108855],[-0.0025595,51.6109767],[-0.0025267,51.6110366]],[[0.0002833,51.6186171],[0.00003039999999999998,51.6187936],[-0.0000282,51.6188345]],[[-0.0000282,51.6188345],[-0.00010440000000000002,51.6188708]],[[-0.0001044,51.6188708],[-0.0001914,51.6188694]],[[-0.0001914,51.6188694],[-0.0003994,51.618849],[-0.0004649,51.6188418],[-0.0005488,51.6188326],[-0.0009457,51.6187503]],[[-0.0009457,51.6187503],[-0.0014892,51.6185537],[-0.0016946,51.6184831],[-0.0019722,51.618391],[-0.0020798,51.6183583],[-0.0023577,51.6182842],[-0.0025026,51.6182518],[-0.0027005,51.618218],[-0.0028804,51.6181982],[-0.0032225,51.6181679],[-0.0034822,51.6181473],[-0.0045336,51.6180592],[-0.0052367,51.6180078],[-0.005594,51.6179774]],[[-0.005594,51.6179774],[-0.0057722,51.6179622],[-0.0067792,51.6178777],[-0.0074138,51.6178206],[-0.0077501,51.6177917],[-0.0078103,51.6177866]],[[-0.0078103,51.6177866],[-0.007926,51.6177785]],[[-0.007926,51.6177785],[-0.0080516,51.6177753],[-0.0081362,51.6177774],[-0.0083963,51.6177858],[-0.0088534,51.6178101],[-0.009349,51.6178112],[-0.0097989,51.6178036],[-0.0101441,51.6177883],[-0.0102883,51.6177739],[-0.010442,51.6177539],[-0.0106457,51.6177118],[-0.0109741,51.617627],[-0.0114323,51.6174921],[-0.0118768,51.6173654],[-0.0122792,51.6172498],[-0.0125012,51.6171861],[-0.0127423,51.6171317],[-0.0130602,51.6170675],[-0.0134607,51.6170252],[-0.0138033,51.6169944],[-0.0141446,51.6169686],[-0.0147508,51.6169386],[-0.0153416,51.6169261],[-0.0157341,51.6169295],[-0.0162349,51.6169401],[-0.0163746,51.6169476],[-0.0166298,51.616959],[-0.0168602,51.616971],[-0.0171239,51.6169887],[-0.017197,51.6169936],[-0.0172659,51.6169983],[-0.0174767,51.6170031]],[[0.005536003813116316,51.550660531238215],[0.0055543,51.5506946],[0.0055846,51.5507538]],[[0.0055846,51.5507538],[0.0056074,51.5507983],[0.0056958,51.550995],[0.0057220361609887195,51.55106896522222]],[[0.0057489,51.5511447],[0.0057588,51.5511771]],[[0.0057588,51.5511771],[0.0057786896256168205,51.55124203962764],[0.0057788,51.5512424]],[[0.0057788,51.5512424],[0.0057921,51.5513253],[0.0057976,51.5513692],[0.0058074,51.5514328],[0.0058096,51.5514841]],[[0.0058096,51.5514841],[0.005812331773552998,51.55154884303321]],[[0.0058013,51.551773],[0.005809931204247365,51.551704034164125]],[[0.0057917,51.5518153],[0.0058013,51.551773]],[[0.0057803,51.5518656],[0.0057917,51.5518153]],[[0.0057685,51.5519174],[0.0057803,51.5518656]],[[0.0057495,51.5519771],[0.0057589,51.5519476],[0.0057685,51.5519174]],[[0.0056138,51.5524029],[0.0057495,51.5519771]],[[0.0056089,51.5524205],[0.0056138,51.5524029]],[[0.0056033,51.5524406],[0.0056089,51.5524205]],[[0.0055787,51.5525906],[0.0055953,51.5524797],[0.0056033,51.5524406]],[[0.0055787,51.5525906],[0.0053909,51.5525689],[0.0053219,51.5525616]],[[0.0053219,51.5525616],[0.005267,51.5525554]],[[0.005267,51.5525554],[0.0048628,51.5525106]],[[0.0048628,51.5525106],[0.0047457,51.5525002],[0.0045484,51.5524838],[0.0043311,51.5524661],[0.0039127,51.5524301],[0.0037491,51.5524155],[0.0034581,51.5523879]],[[0.0034581,51.5523879],[0.0031911,51.5523604],[0.0027743,51.5523268]],[[0.0027743,51.5523268],[0.0024955,51.552303],[0.0022045,51.552277]],[[0.0022045,51.552277],[0.0020807,51.552266],[0.0019361,51.5522499]],[[0.0019361,51.5522499],[0.0018125,51.5522376],[0.001733,51.5522285]],[[0.001733,51.5522285],[0.0006153,51.552101],[0.0005759,51.5520968],[0.0001028,51.5520393],[-0.0001181,51.5520156]],[[-0.0001181,51.5520156],[-0.0002395,51.5520026],[-0.0003813,51.5519868],[-0.0006472,51.5519523]],[[-0.0006472,51.5519523],[-0.000757,51.5519381],[-0.0009414,51.5519111],[-0.0012023,51.5518621],[-0.0013627,51.5518236]],[[-0.0013627,51.5518236],[-0.0016596,51.5517524],[-0.0021049,51.5516287]],[[-0.0021049,51.5516287],[-0.0035084,51.5512388]],[[-0.0035084,51.5512388],[-0.0038198,51.5511523],[-0.0038874,51.551139],[-0.0039486,51.5511269],[-0.0041293,51.5510911]],[[-0.010651,51.5625263],[-0.0108481,51.562699],[-0.0109506,51.5627917],[-0.0110735,51.5628895]],[[-0.0110735,51.5628895],[-0.0112895,51.5630667],[-0.0116977,51.5633903],[-0.0120753,51.5636899]],[[-0.0120753,51.5636899],[-0.0124711,51.5640171]],[[-0.0124711,51.5640171],[-0.0125097,51.5640832],[-0.0125274,51.5641332],[-0.0125136,51.564178]],[[-0.0125136,51.564178],[-0.012111,51.5643556]],[[-0.012111,51.5643556],[-0.0118199,51.5644667]],[[-0.0118199,51.5644667],[-0.0114787,51.5645787],[-0.0114122,51.5645886]],[[-0.0114122,51.5645886],[-0.0113108,51.5646215],[-0.0112367,51.5646453],[-0.0111924,51.5646651],[-0.0111203,51.5647089]],[[-0.0281248,51.5818305],[-0.0281379,51.5819148],[-0.0281561,51.5819939],[-0.0281439,51.5820881]],[[-0.0280923,51.5814745],[-0.0280818,51.5815766],[-0.028084,51.5816201],[-0.0280854,51.5816499],[-0.0280903,51.5816868],[-0.0281248,51.5818305]],[[-0.0291083,51.5807004],[-0.02891,51.5807886],[-0.0287291,51.5808831],[-0.0284598,51.581052],[-0.0283132,51.5811625],[-0.0282373,51.581225],[-0.0281942,51.581268],[-0.0281553,51.5813313],[-0.0281113,51.5814129],[-0.0281,51.5814406],[-0.0280923,51.5814745]],[[-0.0300244,51.5804433],[-0.0298363,51.5804941],[-0.0295644,51.5805675],[-0.0294522,51.5805962],[-0.029251,51.5806549],[-0.0291083,51.5807004]],[[-0.030628,51.5802358],[-0.0305466,51.5802775],[-0.0304183,51.5803281],[-0.0302998,51.580366],[-0.0300244,51.5804433]],[[-0.0308254,51.5801116],[-0.0307851,51.5801433],[-0.0306769,51.5802109],[-0.030628,51.5802358]],[[-0.0308254,51.5801116],[-0.0307995,51.5800903],[-0.030787,51.5800692],[-0.0307877,51.5800356],[-0.0308121,51.5800046],[-0.0308513,51.5799847],[-0.0308899,51.5799776]],[[-0.0308555,51.5798688],[-0.0308789,51.5799339],[-0.0308899,51.5799776]],[[-0.0308056,51.5797542],[-0.0308354,51.5798189],[-0.0308555,51.5798688]],[[-0.0307058,51.5795542],[-0.0307955,51.5797278],[-0.0308056,51.5797542]],[[-0.0303498,51.5786099],[-0.030444,51.5789189],[-0.0304764,51.5790108],[-0.0305402,51.5791781],[-0.0305968,51.5793142],[-0.0307058,51.5795542]],[[-0.0302555,51.5782706],[-0.0303498,51.5786099]],[[-0.0288011,51.5740809],[-0.0288228,51.574111],[-0.0289314,51.5742611],[-0.0290002,51.5743496],[-0.0295804,51.5751413],[-0.0296919,51.5753112],[-0.0297413,51.5754195],[-0.0297552,51.5754564],[-0.0297889,51.5755474],[-0.0298026,51.5756681],[-0.0298105,51.5757967],[-0.0298366,51.5761796],[-0.0298533,51.5763946],[-0.0298555,51.576437],[-0.0298589,51.5764833],[-0.0298819,51.5766951],[-0.029924,51.5771582],[-0.029951,51.5773127],[-0.0300112,51.5774771],[-0.03008,51.5776944],[-0.0301553,51.5779256],[-0.0301904,51.5780403],[-0.030202,51.5780782],[-0.0302555,51.5782706]],[[-0.027591,51.5724653],[-0.027648,51.5725696],[-0.027678,51.5726128],[-0.0277134,51.5726605],[-0.0277274,51.5726806],[-0.0277944,51.5727688],[-0.0280375,51.5731141],[-0.0281459,51.5732543],[-0.0282694,51.5734097],[-0.0285566,51.5737586],[-0.0287313,51.5739887],[-0.0287483,51.5740112],[-0.0288011,51.5740809]],[[-0.0260267,51.5711187],[-0.0261324,51.5712203],[-0.0262912,51.5713646],[-0.0263323,51.5714033],[-0.0263728,51.5714408],[-0.0264383,51.5715042],[-0.0265267,51.5715747],[-0.0270231,51.5719408],[-0.0272094,51.5720851],[-0.0273886,51.5722271],[-0.0274903,51.5723309],[-0.027591,51.5724653]],[[-0.0255992,51.5706323],[-0.0258433,51.5709245],[-0.0259331,51.5710244],[-0.0260267,51.5711187]],[[-0.0253627,51.5703824],[-0.0253919,51.5704099],[-0.0254085,51.5704268],[-0.0254455,51.5704652],[-0.0255992,51.5706323]],[[-0.0252842,51.5703185],[-0.0253627,51.5703824]],[[-0.0249647,51.570423],[-0.025152,51.5703622],[-0.0252842,51.5703185]],[[-0.0242856,51.5699743],[-0.0243135,51.5699983],[-0.0244033,51.5700827],[-0.024476,51.5701377],[-0.0245698,51.5701883],[-0.0247133,51.5702668],[-0.0248581,51.570345],[-0.0248989,51.5703689],[-0.0249647,51.570423]],[[-0.0242856,51.5699743],[-0.0242683,51.5699579],[-0.0242123,51.5698957]],[[-0.0242123,51.5698957],[-0.0241223,51.5697825],[-0.0241019,51.5697559]],[[-0.0241019,51.5697559],[-0.0240257,51.569646],[-0.0239542,51.5695158],[-0.0238873,51.5693787],[-0.0238364,51.5692835],[-0.0237988,51.5692149]],[[-0.0237988,51.5692149],[-0.0237284,51.5691343]],[[-0.0237284,51.5691343],[-0.0236505,51.5690599]],[[-0.0236505,51.5690599],[-0.0235686,51.5689818],[-0.0234909,51.5689139]],[[-0.0234909,51.5689139],[-0.0233616,51.5688008],[-0.0230962,51.5685541]],[[-0.0230962,51.5685541],[-0.0228802,51.5683282]],[[-0.0228802,51.5683282],[-0.0228153,51.568263]],[[-0.0228153,51.568263],[-0.0227292,51.568146],[-0.0224672,51.5678304]],[[-0.0224672,51.5678304],[-0.022155,51.5674912]],[[-0.022155,51.5674912],[-0.0215881,51.5668788]],[[-0.0215881,51.5668788],[-0.0212526,51.5665472],[-0.0210487,51.5663128],[-0.0209839,51.5662274],[-0.0208724,51.5660595],[-0.020844,51.5660106]],[[-0.020844,51.5660106],[-0.0208117,51.5659564],[-0.0207716,51.56589],[-0.0207217,51.5658003]],[[-0.0207217,51.5658003],[-0.0206714,51.5657248],[-0.0206049,51.5656375],[-0.0205892,51.565617],[-0.0205439,51.5655626],[-0.0205257,51.5655442],[-0.020207,51.5651925],[-0.0198792,51.5648456],[-0.0198332,51.5647935]],[[-0.0198332,51.5647935],[-0.0197449,51.5647086],[-0.0196573,51.5646502],[-0.0195741,51.5646074],[-0.0194146,51.5645473],[-0.019375,51.5645362]],[[-0.019375,51.5645362],[-0.0192052,51.5645011],[-0.0190583,51.5644761],[-0.018986,51.5644668],[-0.0187508,51.5644383],[-0.0185204,51.5644081],[-0.0184574,51.5644015],[-0.0184199,51.5643973],[-0.0183594,51.5643898],[-0.018105,51.5643627],[-0.0180566,51.5643561],[-0.0180113,51.564347],[-0.0179346,51.5643291],[-0.0178595,51.5643102],[-0.0178101,51.5642951],[-0.0177707,51.5642801],[-0.0177048,51.5642527],[-0.0176222,51.5642155],[-0.0175203,51.5641601],[-0.0174277,51.5641004],[-0.0173105,51.5640041],[-0.0172543,51.5639602]],[[-0.0172543,51.5639602],[-0.0172162,51.563923],[-0.0171248,51.5638264],[-0.0170753,51.5637735]],[[-0.0170753,51.5637735],[-0.0168998,51.563603],[-0.0167141,51.5634413],[-0.016642,51.5633831],[-0.0166052,51.5633565],[-0.0165783,51.5633392],[-0.016532,51.5633092],[-0.0164942,51.5632847],[-0.016445,51.5632511],[-0.0163935,51.5632111],[-0.0163513,51.563171]],[[-0.0163513,51.563171],[-0.0162455,51.5631838],[-0.0161379,51.5631973],[-0.0160901,51.5632075]],[[-0.0160901,51.5632075],[-0.0160219,51.5632213],[-0.0159177,51.5632509]],[[-0.0159177,51.5632509],[-0.0157541,51.5632973]],[[-0.0157541,51.5632973],[-0.0154112,51.5633901]],[[-0.0154112,51.5633901],[-0.0149886,51.5635019],[-0.014944,51.5635145],[-0.0147883,51.5635585]],[[-0.0147883,51.5635585],[-0.0144574,51.563653],[-0.0142067,51.5637277],[-0.0139632,51.5637932]],[[-0.0139632,51.5637932],[-0.0132829,51.5639397],[-0.0128847,51.5640465]],[[-0.0128847,51.5640465],[-0.0128463,51.5640745],[-0.012739,51.5641162],[-0.012652,51.5641446],[-0.0125927,51.5641655],[-0.0125136,51.564178]],[[-0.0114122,51.5645886],[-0.0113146,51.5645766],[-0.0112335,51.5645571],[-0.0111813,51.5645253],[-0.01114,51.5644843]],[[0.0055787,51.5525906],[0.0057458,51.5526266],[0.0058034,51.5526436],[0.0058676,51.5526618],[0.005972,51.5526894],[0.0060656,51.5527168],[0.0062628,51.5527801],[0.0064177,51.5528329],[0.0065106,51.5528645],[0.0068642,51.5529881],[0.0071371,51.5530864],[0.0074811,51.5532308],[0.0076908,51.5533351],[0.0079351,51.5535093],[0.0081151,51.5536483],[0.0083807,51.553847],[0.0084415,51.5538925],[0.008493,51.5539314],[0.0086751,51.5540689],[0.0088173,51.554171],[0.0092237,51.5544671],[0.0095565,51.5547097]],[[0.0095565,51.5547097],[0.0096349,51.5547668],[0.0097485,51.5548283],[0.0098685,51.5548851]],[[0.0098685,51.5548851],[0.0104543,51.5551296],[0.0107094,51.5552214],[0.0108897,51.55528]],[[0.0108897,51.55528],[0.0109769,51.5553084],[0.0113921,51.5554341]],[[0.0113921,51.5554341],[0.0118726,51.5555931],[0.0129229,51.5559573],[0.0138955,51.5563053]],[[0.0138955,51.5563053],[0.0140746,51.5563761],[0.0147576,51.5566301],[0.0154885,51.5568976],[0.0155735,51.5569294],[0.0158391,51.5570291],[0.0162102,51.5571683],[0.0163298,51.5572131]],[[0.0163298,51.5572131],[0.0165057,51.5572789],[0.0166695,51.5573409]],[[0.0166695,51.5573409],[0.0167525,51.5573723],[0.0169386,51.5574426],[0.0173351,51.5575924],[0.0178322,51.5577919],[0.0179187,51.5578316]],[[0.0179187,51.5578316],[0.017988,51.5578635]],[[0.017988,51.5578635],[0.0180272,51.5578865],[0.0180734,51.5579131],[0.0181294,51.5579562],[0.018225,51.5580297]],[[0.018225,51.5580297],[0.0183706,51.5578833]],[[0.0183706,51.5578833],[0.0184077,51.5578519],[0.0184429,51.5578189],[0.018632,51.5576418],[0.0188564,51.5574528],[0.0190082,51.5573271],[0.0198678,51.5565896],[0.0200759,51.5564117],[0.0203339,51.5561801],[0.0203624,51.556155],[0.0204613,51.5560752]],[[0.0204613,51.5560752],[0.020853,51.5556815],[0.021065111112232814,51.555462500047604]],[[-0.018229,51.6171772],[-0.0182417,51.6171122],[-0.0182348,51.6170719],[-0.0182323,51.6170564],[-0.0182236,51.6170044]],[[-0.0182236,51.6170044],[-0.0181133,51.6170099],[-0.0178529,51.6170203],[-0.0177816,51.6170201],[-0.0174767,51.6170031]],[[-0.0159665,51.6005312],[-0.0161621,51.6004834],[-0.0162366,51.6004704],[-0.0163295,51.6004634],[-0.0163948,51.600465]],[[-0.0163948,51.600465],[-0.0164705,51.6004713],[-0.0165409,51.6004798]],[[-0.0165409,51.6004798],[-0.0166807,51.6005183],[-0.0167446,51.6005498]],[[-0.0167446,51.6005498],[-0.0169881,51.6006133],[-0.017167,51.6006581],[-0.0172743,51.6006729],[-0.0173888,51.6006784],[-0.0176227,51.6006726]],[[-0.0227633,51.6000133],[-0.0220179,51.6002059],[-0.0217215,51.6002701],[-0.0216141,51.6002894],[-0.0211985,51.6003505],[-0.0205656,51.6004234],[-0.0198519,51.6004724],[-0.0196695,51.6004824],[-0.0194251,51.600491],[-0.0191484,51.600503],[-0.0188864,51.6005205],[-0.0185974,51.6005502],[-0.0181896,51.6006043],[-0.0176227,51.6006726]],[[-0.0232445,51.5998898],[-0.0230042,51.5999446],[-0.0227633,51.6000133]],[[-0.024924,51.5996493],[-0.0244051,51.5997044],[-0.0238014,51.5997905],[-0.0237501,51.5997978],[-0.0236928,51.5998059],[-0.0236365,51.5998165],[-0.0234453,51.5998492],[-0.0232445,51.5998898]],[[-0.0253029,51.5996172],[-0.0252177,51.599623],[-0.025148,51.5996278],[-0.024924,51.5996493]],[[-0.0255159,51.5996043],[-0.0253029,51.5996172]],[[-0.0256793,51.5995994],[-0.0255159,51.5996043]],[[-0.0267862,51.5995752],[-0.0264205,51.5995775],[-0.0258195,51.5995941],[-0.0257506,51.5995967],[-0.0256793,51.5995994]],[[-0.0271095,51.5995892],[-0.02705,51.5995863],[-0.026967,51.5995821],[-0.0267862,51.5995752]],[[-0.0318776,51.5994706],[-0.0317169,51.5994849],[-0.030747,51.5995752],[-0.0305368,51.5995948],[-0.0301403,51.5996314],[-0.0300478,51.5996363],[-0.029918,51.5996425],[-0.0298772,51.5996432],[-0.0294834,51.5996496],[-0.0288437,51.5996504],[-0.028122,51.5996375],[-0.0279162,51.5996293],[-0.0271747,51.5995925],[-0.0271095,51.5995892]],[[-0.0332019,51.5993514],[-0.0330521,51.5993679],[-0.0328658,51.5993871],[-0.0328153,51.5993923],[-0.0327574,51.5993971],[-0.0318776,51.5994706]],[[-0.0333911,51.5993374],[-0.0332019,51.5993514]],[[-0.0357415,51.5990308],[-0.0356005,51.5990785],[-0.0353794,51.5991545],[-0.0351216,51.5992243],[-0.035083,51.5992348],[-0.03504,51.5992448],[-0.0349362,51.5992601],[-0.0346787,51.5992741],[-0.0343015,51.5992935],[-0.033903,51.5993112],[-0.0333911,51.5993374]],[[-0.0382839,51.5987912],[-0.0381353,51.5988016],[-0.0378635,51.5988274],[-0.0372424,51.5988828],[-0.0368561,51.5989173],[-0.0363971,51.5989633],[-0.0363557,51.5989674],[-0.0362144,51.5989817],[-0.0360012,51.5990034],[-0.0359616,51.5990075],[-0.03589,51.5990111],[-0.0357415,51.5990308]],[[-0.0395071,51.5987959],[-0.0391092,51.59879],[-0.0386367,51.5987831],[-0.0384897,51.5987844],[-0.0383576,51.5987874],[-0.0382839,51.5987912]],[[-0.0399741,51.5988009],[-0.0397404,51.5987964],[-0.0396886,51.5987963],[-0.0395071,51.5987959]],[[-0.0410345,51.5981614],[-0.0409679,51.5983394],[-0.0408931,51.5984783],[-0.0408202,51.5985472],[-0.0407475,51.5986044],[-0.0406279,51.5986757],[-0.0405358,51.5987126],[-0.0404194,51.5987519],[-0.0403037,51.5987761],[-0.040168,51.5987976],[-0.0400694,51.5988006],[-0.0399741,51.5988009]],[[-0.0412874,51.5974852],[-0.0410345,51.5981614]],[[-0.0413837,51.5968444],[-0.0413966,51.5969092],[-0.0414055,51.5970024],[-0.0414111,51.5970483],[-0.0414113,51.5970737],[-0.041412,51.5971457],[-0.0413939,51.5972123],[-0.0412874,51.5974852]],[[-0.0413049,51.5966079],[-0.0413616,51.5967785],[-0.0413837,51.5968444]],[[-0.0411516,51.5962268],[-0.0412162,51.5963946],[-0.0413049,51.5966079]],[[-0.0407044,51.5948875],[-0.04081,51.5950106],[-0.0408899,51.595118],[-0.0409448,51.5952074],[-0.0409788,51.595294],[-0.041013,51.5954147],[-0.0410344,51.5955228],[-0.0410721,51.5957628],[-0.0411109,51.5960793],[-0.041125,51.5961502],[-0.0411332,51.5961766],[-0.0411516,51.5962268]],[[-0.0400351,51.5929311],[-0.0400464,51.5930601],[-0.0400475,51.5932189],[-0.0400287,51.593363],[-0.040007,51.5934573],[-0.0399591,51.5936399],[-0.0399519,51.5937127],[-0.0399513,51.5937719],[-0.0399594,51.5938467],[-0.0399676,51.5938682],[-0.0400055,51.5939403],[-0.0400799,51.5940402],[-0.0403247,51.5943952],[-0.0404559,51.5945602],[-0.0406097,51.5947624],[-0.0406588,51.5948282],[-0.0407044,51.5948875]],[[-0.0400279,51.5928657],[-0.0400351,51.5929311]],[[-0.0398227,51.5915996],[-0.0398088,51.5916812],[-0.0398063,51.5917507],[-0.0398068,51.5918458],[-0.03982,51.5919217],[-0.0398237,51.5919467],[-0.0398355,51.5920267],[-0.0399969,51.5927263],[-0.0400195,51.5928289],[-0.0400279,51.5928657]],[[-0.0399508,51.5913367],[-0.0398701,51.5915013],[-0.0398567,51.5915286],[-0.0398227,51.5915996]],[[-0.0401481,51.590685],[-0.0401316,51.5907753],[-0.040074,51.5909898],[-0.0400056,51.5911988],[-0.0399716,51.5912844],[-0.0399508,51.5913367]],[[-0.0401497,51.5904069],[-0.0401553,51.590531],[-0.0401481,51.590685]],[[-0.0400109,51.5898873],[-0.0400386,51.5899257],[-0.0400693,51.5899947],[-0.0401048,51.5901262],[-0.0401277,51.5902507],[-0.0401395,51.5903382],[-0.0401497,51.5904069]],[[-0.0398202,51.589653],[-0.0399269,51.589777],[-0.0399764,51.5898393],[-0.0400109,51.5898873]],[[-0.0396836,51.5895006],[-0.0397062,51.5895313],[-0.0397464,51.5895772],[-0.0397863,51.5896145],[-0.0398202,51.589653]],[[-0.0399595,51.5882418],[-0.0399453,51.588266],[-0.0398334,51.5884664],[-0.0396799,51.5887523],[-0.0395971,51.5889452],[-0.0395819,51.589007],[-0.0395783,51.5890516],[-0.0395773,51.5891024],[-0.0396281,51.5893346],[-0.0396836,51.5895006]],[[-0.0401181,51.5879869],[-0.0400494,51.5881048],[-0.0399595,51.5882418]],[[-0.0403532,51.5876747],[-0.0403183,51.5877033],[-0.0401423,51.5879572],[-0.0401181,51.5879869]],[[-0.0404503,51.5875443],[-0.0404356,51.5875653],[-0.0403668,51.587655],[-0.0403532,51.5876747]],[[-0.0405471,51.5872216],[-0.0405569,51.5873056],[-0.0405541,51.587333],[-0.0405465,51.587355],[-0.0405256,51.5873928],[-0.0404624,51.5875052],[-0.0404503,51.5875443]],[[-0.040364,51.5867518],[-0.0403815,51.5867824],[-0.0404302,51.5868565],[-0.0404537,51.5869023],[-0.0404624,51.58693],[-0.0404788,51.5869815],[-0.0404995,51.5870646],[-0.0405081,51.5871068],[-0.0405199,51.5871419],[-0.0405471,51.5872216]],[[-0.0403466,51.5866822],[-0.040364,51.5867518]],[[-0.0402768,51.5865051],[-0.0402944,51.5865372],[-0.0403077,51.586568],[-0.0403332,51.5866407],[-0.0403466,51.5866822]],[[-0.0396416,51.5860618],[-0.0396649,51.5860777],[-0.0397119,51.5861107],[-0.0397442,51.5861355],[-0.039832,51.5861921],[-0.0399376,51.5862509],[-0.0400185,51.5862999],[-0.0400752,51.5863333],[-0.0401282,51.5863645],[-0.0401745,51.5863948],[-0.0402168,51.5864282],[-0.0402569,51.5864714],[-0.0402768,51.5865051]],[[-0.0392787,51.5858468],[-0.0396416,51.5860618]],[[-0.0387261,51.5855123],[-0.0392787,51.5858468]],[[-0.0374192,51.5840598],[-0.0375167,51.5844439],[-0.0376202,51.5846666],[-0.0376797,51.584758],[-0.0377943,51.5848994],[-0.0378877,51.584991],[-0.0379909,51.5850619],[-0.038094,51.5851356],[-0.0381409,51.5851682],[-0.0381586,51.5851785],[-0.0382304,51.5852235],[-0.0385453,51.5854063],[-0.0387261,51.5855123]],[[-0.0373749,51.5838914],[-0.0373964,51.583983],[-0.0374192,51.5840598]],[[-0.0373066,51.5837355],[-0.0373605,51.5838249],[-0.0373749,51.5838914]],[[-0.0356034,51.5829577],[-0.0357335,51.5830365],[-0.0358056,51.5830727],[-0.035976,51.583135],[-0.0362346,51.5831987],[-0.0365469,51.5832801],[-0.0365861,51.5832904],[-0.0367979,51.5833506],[-0.0369129,51.5833945],[-0.0370067,51.5834432],[-0.0371073,51.583506],[-0.0371949,51.5835874],[-0.0372655,51.5836769],[-0.0373066,51.5837355]],[[-0.0352419,51.5827],[-0.0355276,51.5829057],[-0.0356034,51.5829577]],[[-0.0351411,51.5826301],[-0.0351616,51.5826449],[-0.0352007,51.582672],[-0.0352419,51.5827]],[[-0.0350817,51.5825871],[-0.0351411,51.5826301]],[[-0.0349511,51.5824987],[-0.0349684,51.5825102],[-0.0350817,51.5825871]],[[-0.034551,51.582214],[-0.0349108,51.5824714],[-0.0349511,51.5824987]],[[-0.0345086,51.5821836],[-0.034551,51.582214]],[[-0.034418,51.5821191],[-0.0345086,51.5821836]],[[-0.034369,51.5820742],[-0.034418,51.5821191]],[[-0.0339137,51.5816318],[-0.0339608,51.581646],[-0.0340458,51.5816813]],[[-0.0337814,51.5815878],[-0.0339137,51.5816318]],[[-0.0337814,51.5815878],[-0.0337134,51.5815667],[-0.0336881,51.5815574],[-0.0336736,51.5815505],[-0.0336529,51.581536]],[[-0.0336529,51.581536],[-0.033575,51.5814738],[-0.0334194,51.5813072]],[[-0.0334194,51.5813072],[-0.03315,51.5810126]],[[-0.03315,51.5810126],[-0.0329819,51.5807981]],[[-0.0329819,51.5807981],[-0.0329564,51.580759],[-0.0329363,51.5807108],[-0.0329114,51.5806323],[-0.0328533,51.5804503],[-0.0328361,51.5804028],[-0.0327773,51.5802414],[-0.0327111,51.5800756],[-0.0326577,51.5799654]],[[-0.0326577,51.5799654],[-0.0326082,51.579885],[-0.0325713,51.5798483],[-0.0325372,51.5798351],[-0.0325027,51.5798303],[-0.032374,51.5798345],[-0.0322466,51.579846],[-0.0320244,51.5798715]],[[-0.0320244,51.5798715],[-0.0318133,51.5799166],[-0.0316557,51.5799589],[-0.0315044,51.5799995]],[[-0.0315044,51.5799995],[-0.0313638,51.5800373]],[[-0.0313638,51.5800373],[-0.0313113,51.5800464]],[[-0.0313113,51.5800464],[-0.0312789,51.5800519]],[[-0.0312789,51.5800519],[-0.0312072,51.5800571],[-0.0311123,51.5800608],[-0.0310801,51.5800595]],[[-0.0310801,51.5800595],[-0.0310335,51.5800575]],[[-0.0310335,51.5800575],[-0.0310319,51.5800664],[-0.0310106,51.5800983],[-0.030976,51.5801187],[-0.0309353,51.5801291],[-0.0308866,51.5801296],[-0.0308368,51.5801165],[-0.0308254,51.5801116]],[[0.0010865,51.5898783],[0.0006911,51.5898382]],[[0.0006911,51.5898382],[0.0006225,51.5898174],[0.000427,51.589674],[0.0003723,51.5896536]],[[0.0005197,51.5888093],[0.0004849,51.5889247],[0.0004282,51.5890873],[0.0003728,51.5892809],[0.0003527,51.5894318],[0.0003723,51.5896536]],[[0.000443,51.5884846],[0.0004889,51.588638],[0.0005036,51.5887317],[0.0005197,51.5888093]],[[-0.0007233,51.5871792],[-0.0005824,51.5872667],[-0.0004159,51.5873887],[-0.00014390000000000003,51.5876017],[0.000018399999999999986,51.5877488],[0.00017960000000000003,51.5879555],[0.0002605,51.5880958],[0.0004134,51.5884108],[0.000443,51.5884846]],[[-0.0024678,51.5862891],[-0.0024226,51.586312],[-0.0016403,51.5867086],[-0.0013994,51.5868328],[-0.0007233,51.5871792]],[[-0.0024678,51.5862891],[-0.0023922,51.586234]],[[-0.0023922,51.586234],[-0.0021879,51.5860695],[-0.00207,51.58596],[-0.0019932,51.5858887],[-0.0018665,51.5857366]],[[-0.0018665,51.5857366],[-0.0018235,51.585672],[-0.0017644,51.5855641],[-0.0017349,51.5855102],[-0.001699,51.5854392],[-0.0014695,51.5849853],[-0.0013991,51.584886],[-0.0009518,51.5844012],[-0.0007834,51.5842274],[-0.0005876,51.5840586],[-0.0004501,51.5839673],[-0.0002577,51.5838708],[-0.0002057,51.5838423]],[[-0.0002057,51.5838423],[-0.0001777,51.5838178],[-0.000145,51.583789],[-0.0001181,51.5837635]],[[-0.0001181,51.5837635],[-0.0000986,51.5837267],[-0.00009,51.5836292],[-0.0001045,51.5833706],[-0.0001123,51.5832897],[-0.000123,51.5831776],[-0.0001552,51.5829795],[-0.0001978,51.5828074],[-0.0002559,51.58257],[-0.0002684,51.5824721],[-0.0002437,51.5823557],[-0.0001954,51.5822405],[-0.0000993,51.5821026],[-0.0000578,51.5820413],[-0.0000375,51.5820134]],[[-0.0000375,51.5820134],[0.000013299999999999998,51.5819323],[0.0000424,51.5818866]],[[0.0000424,51.5818866],[0.0001127,51.5818608],[0.0001578,51.5818015],[0.0001845,51.5817628],[0.0002081,51.5817291],[0.0002353,51.5816945],[0.0002662,51.5816683],[0.000304,51.5816469],[0.0003831,51.5816131]],[[0.001345,51.5817444],[0.0015024,51.5817914],[0.00174,51.581873],[0.0018496,51.581919]],[[0.0018496,51.581919],[0.0019178,51.5819468]],[[0.0019984,51.5818645],[0.0019178,51.5819468]],[[0.0020547,51.5817987],[0.0019984,51.5818645]],[[-0.0308899,51.5799776],[-0.0309134,51.5799759],[-0.030944,51.579979],[-0.0309896,51.5799943],[-0.0310175,51.5800152],[-0.0310335,51.5800575]],[[-0.0187853,51.5833451],[-0.0186495,51.5833784]],[[0.0081868,51.5782451],[0.0079838,51.5782982],[0.0079321,51.5783127],[0.0078657,51.578331],[0.0078157,51.5783447],[0.0075122,51.578436],[0.0050471,51.579387],[0.0041193,51.5797557],[0.003686,51.5799525],[0.0033715,51.5801054],[0.0033154,51.5801331],[0.0032492,51.5801655],[0.0031271,51.5802287]],[[0.0094202,51.5779067],[0.0090504,51.5780181],[0.0088097,51.5780832],[0.0084807,51.5781663],[0.0084145,51.5781835],[0.0081868,51.5782451]],[[0.0110042,51.5773187],[0.0107299,51.57746],[0.0099287,51.5777263],[0.0094202,51.5779067]],[[0.0141489,51.5747468],[0.0135344,51.5752971],[0.0135098,51.5753186],[0.0134003,51.57542],[0.013076,51.575782],[0.0129807,51.5758855],[0.0128438,51.5760124],[0.011933,51.5767256],[0.0113247,51.577138],[0.0112286,51.5771918],[0.0111461,51.5772381],[0.0110831,51.5772739],[0.0110042,51.5773187]],[[0.0147906,51.5740377],[0.0145684,51.5742977],[0.0141489,51.5747468]],[[0.0149145,51.5738926],[0.0148246,51.5739979],[0.0147906,51.5740377]],[[0.0149536,51.5738474],[0.0149354,51.5738684],[0.0149145,51.5738926]],[[0.0153387,51.5734172],[0.0151726,51.5735992],[0.0149929,51.5738022],[0.0149536,51.5738474]],[[0.0155773,51.5731538],[0.0153387,51.5734172]],[[0.0156194,51.5731037],[0.0155773,51.5731538]],[[0.0156194,51.5731037],[0.0158077,51.5730193],[0.0158842,51.5729902],[0.0160369,51.5729377]],[[0.0093423,51.5692679],[0.0091556,51.569042],[0.0090047,51.568846],[0.0087788,51.5685471]],[[0.0087788,51.5685471],[0.0087674,51.5685225],[0.0087605,51.5684982],[0.0087665,51.5684572],[0.008775,51.5684237],[0.0087931,51.5683998],[0.0088853,51.5683252]],[[0.0088853,51.5683252],[0.0090546,51.5683893]],[[0.0090546,51.5683893],[0.0091464,51.568402]],[[0.0091464,51.568402],[0.0092531,51.5684064],[0.0095943,51.5684041],[0.0106689,51.5683379]],[[0.0106689,51.5683379],[0.0107258,51.5683328],[0.0108149,51.568325],[0.010862,51.5683203]],[[0.010862,51.5683203],[0.0109351,51.5683131]],[[0.0068884,51.5581327],[0.0068428,51.5580214]],[[0.0068428,51.5580214],[0.0068369,51.5580081]],[[0.0068369,51.5580081],[0.0068247,51.5579803],[0.0068056,51.5579368],[0.0067387,51.5577886]],[[0.0067387,51.5577886],[0.0066859,51.5576802]],[[0.0066859,51.5576802],[0.0066489,51.5576261]],[[0.0066489,51.5576261],[0.0064417,51.5573229],[0.0063867,51.5572399],[0.0063049,51.5571097],[0.0061883,51.5569106],[0.0061179,51.5567723]],[[0.0061179,51.5567723],[0.0060111,51.556545],[0.0058687,51.5562243],[0.0056218,51.5556411],[0.0055393,51.5554285]],[[0.0055393,51.5554285],[0.0055077,51.5553388]],[[0.0055077,51.5553388],[0.0054753,51.5552468],[0.0054462,51.5551494],[0.0053558,51.554812],[0.005349,51.5547844],[0.00534,51.554749],[0.0052971,51.5545873]],[[0.0052971,51.5545873],[0.005295,51.5545784]],[[0.005295,51.5545784],[0.0052886,51.5545515],[0.0052556,51.55443]],[[0.0052556,51.55443],[0.0052237,51.5543129],[0.0052165,51.5542913]],[[0.0052165,51.5542913],[0.0052143,51.5542846],[0.0051648,51.5541243],[0.0051401,51.5539901],[0.0051276,51.5537885],[0.0051333,51.5536929],[0.0051441,51.5536451]],[[0.0051441,51.5536451],[0.0051468,51.5536329]],[[0.0051468,51.5536329],[0.0052208,51.5534348],[0.0053545,51.5531758],[0.0053958,51.5530869],[0.0054328,51.5530046]],[[0.0054328,51.5530046],[0.0055377,51.552764],[0.0055556,51.5527212],[0.0055652,51.5526808],[0.0055787,51.5525906]],[[-0.0362048,51.5708833],[-0.0363794,51.5708314],[-0.036967,51.5706567],[-0.0372321,51.5705779],[-0.0374137,51.5705239],[-0.0377723,51.5704173],[-0.0381188,51.5703143],[-0.0387851,51.5701163],[-0.0392523,51.5699774],[-0.0396548,51.5698634]],[[-0.0365911,51.5712717],[-0.0365027,51.5711939],[-0.0363071,51.5710428],[-0.036264,51.5710055],[-0.0362048,51.5708833]],[[-0.037802,51.5727476],[-0.0373792,51.5721979],[-0.0368667,51.5715529],[-0.0368142,51.5714868],[-0.0365911,51.5712717]],[[-0.038544,51.5731113],[-0.0384661,51.5731203],[-0.0382999,51.5731],[-0.0381522,51.5730738],[-0.0380908,51.5730487],[-0.03801,51.5729854],[-0.0379456,51.5729152],[-0.037802,51.5727476]],[[-0.038544,51.5731113],[-0.0385523,51.5731742],[-0.0385487,51.5732238],[-0.0385391,51.5732641],[-0.0385101,51.57332],[-0.0384957,51.5733457],[-0.0384703,51.573395],[-0.038429,51.573455],[-0.0383288,51.5735502]],[[-0.0377036,51.5745539],[-0.0378573,51.5742227],[-0.037977,51.5739647],[-0.038032,51.5738655],[-0.0380786,51.5737859],[-0.038116,51.5737465],[-0.0382907,51.5735816],[-0.0383288,51.5735502]],[[-0.0362424,51.5761704],[-0.0363643,51.5760924],[-0.0370594,51.5756258],[-0.0372496,51.5754745],[-0.0373266,51.5754006],[-0.037446,51.5751325],[-0.0377036,51.5745539]],[[-0.0357512,51.5764989],[-0.0362424,51.5761704]],[[-0.0356617,51.5765605],[-0.0357512,51.5764989]],[[-0.0356234,51.5765862],[-0.0356617,51.5765605]],[[-0.035481,51.5766825],[-0.0355786,51.576616],[-0.0356234,51.5765862]],[[-0.0352751,51.5768247],[-0.035481,51.5766825]],[[-0.0348087,51.5771315],[-0.0349221,51.5770752],[-0.0350726,51.5769684],[-0.0352751,51.5768247]],[[-0.0347212,51.5771785],[-0.0348087,51.5771315]],[[-0.0347212,51.5771785],[-0.0346227,51.577231]],[[-0.0346227,51.577231],[-0.034027,51.5774963],[-0.0337138,51.5776201],[-0.0328619,51.577957],[-0.0328206,51.5779709]],[[-0.0328206,51.5779709],[-0.032485,51.5780834]],[[-0.032485,51.5780834],[-0.0317943,51.5782687],[-0.031213,51.5784133],[-0.0307649,51.5785148],[-0.0304362,51.5785965],[-0.0304118,51.5786016]],[[-0.0304118,51.5786016],[-0.0303498,51.5786099]],[[0.0156486,51.5712025],[0.0157697,51.5710977]],[[0.0157697,51.5710977],[0.0159327,51.5709729],[0.0159764,51.5709555],[0.0160651,51.5709246],[0.0161065,51.5708832]],[[-0.0323342,51.5813052],[-0.0321459,51.5813572],[-0.0319749,51.5814055],[-0.0319029,51.5814243]],[[-0.0147114,51.5898675],[-0.0146416,51.5899142],[-0.0145989,51.5899168],[-0.0143877,51.5899288]],[[-0.0143877,51.5899288],[-0.0143546,51.5899311]],[[-0.0143546,51.5899311],[-0.014091,51.5899472]],[[-0.014091,51.5899472],[-0.0138945,51.5899585]],[[-0.0138945,51.5899585],[-0.0135028,51.5899728]],[[-0.0135028,51.5899728],[-0.0134175,51.5899776],[-0.0133271,51.589982],[-0.0132656,51.5899874],[-0.0132217,51.5899904],[-0.0129673,51.5900176],[-0.0128605,51.5900245]],[[-0.0128605,51.5900245],[-0.0127639,51.5900331],[-0.0126975,51.5900376],[-0.0124014,51.5900643],[-0.0115923,51.5901508]],[[-0.0115923,51.5901508],[-0.0113888,51.5901737],[-0.0111499,51.590214]],[[-0.0111499,51.590214],[-0.0110568,51.5902324],[-0.0108848,51.5902602],[-0.010842,51.5902695]],[[-0.010842,51.5902695],[-0.0107798,51.5902801]],[[-0.0107798,51.5902801],[-0.010389,51.5903608]],[[-0.010389,51.5903608],[-0.0102546,51.5903865]],[[-0.0102546,51.5903865],[-0.0099385,51.5904435]],[[-0.0099385,51.5904435],[-0.0097902,51.5904772]],[[-0.0097902,51.5904772],[-0.0093063,51.5905879],[-0.0090398,51.5906568]],[[-0.0090398,51.5906568],[-0.0089734,51.590678],[-0.0089018,51.5907009],[-0.0088176,51.5907263]],[[-0.0088176,51.5907263],[-0.0087132,51.5907615]],[[-0.0087132,51.5907615],[-0.008641,51.5907866]],[[-0.008641,51.5907866],[-0.0085879,51.5908048]],[[-0.0085879,51.5908048],[-0.0083707,51.5908837],[-0.0082368,51.5908892]],[[-0.0010409,51.5950061],[-0.0010331,51.5941979],[-0.0010012,51.5940066],[-0.0009389,51.593717],[-0.0009161,51.5935879],[-0.0008596,51.5932675],[-0.0008242,51.5929085],[-0.0007911,51.5926571],[-0.0007853,51.5926375],[-0.0007799,51.5926027],[-0.0007753,51.5925814],[-0.0007515,51.5924883]],[[-0.001089,51.5958065],[-0.0010701,51.5956042],[-0.0010409,51.5950061]],[[-0.0011646,51.5975813],[-0.0011545,51.5974427],[-0.001133,51.5971494],[-0.0011241,51.5967781],[-0.0011215,51.5965138],[-0.001089,51.5958065]],[[-0.0013912,51.5990558],[-0.001294,51.5987477],[-0.0012251,51.5984632],[-0.001206,51.5981369],[-0.0011746,51.5977313],[-0.0011646,51.5975813]],[[-0.0015137,51.599452],[-0.0014708,51.5993128],[-0.001427,51.5991921],[-0.0013912,51.5990558]],[[-0.0017354,51.5998833],[-0.001704,51.5997983],[-0.0015137,51.599452]],[[-0.0015949,51.600393],[-0.0016751,51.6002983],[-0.0017112,51.6002241],[-0.0017294,51.6001826],[-0.0017472,51.6001175],[-0.0017579,51.6000096],[-0.0017354,51.5998833]],[[-0.0015949,51.600393],[-0.001555,51.6004455],[-0.0014823,51.6004924]],[[-0.0014823,51.6004924],[-0.0015122,51.600507],[-0.001531,51.6005275],[-0.0015362,51.6005509],[-0.0015269,51.6005738],[-0.0015074,51.600591],[-0.0014797,51.6006032],[-0.001447,51.6006089],[-0.0014132,51.6006075],[-0.0013821,51.6005991]],[[-0.0013821,51.6005991],[-0.0013403,51.6006584],[-0.0012794,51.6007119],[-0.0012262,51.6007622],[-0.0011374,51.6008386],[-0.0010871,51.6008733],[-0.0009987,51.6009259],[-0.0009143,51.6009631],[-0.0006631,51.6010572],[-0.00019119999999999999,51.6012674],[0.000017300000000000014,51.6013805],[0.0001923,51.6014989],[0.000401,51.6016508],[0.0005685,51.6017807],[0.0006759,51.601864],[0.0008351,51.6019777],[0.0009699,51.6020665],[0.0011144,51.6021557],[0.0016674,51.6024689],[0.0017387,51.6025251],[0.0018179,51.602615],[0.0018717,51.602685],[0.0019364,51.602819],[0.002012,51.6029809],[0.0022245,51.6033623],[0.0024992,51.6035467],[0.002645,51.6036306],[0.0027123,51.6036956],[0.0027604,51.6037764],[0.0027704,51.6038301],[0.0027702,51.6039006],[0.0027605,51.6039494]],[[0.0027605,51.6039494],[0.0027394,51.6040086]],[[0.0027394,51.6040086],[0.0027069,51.604088],[0.0026683,51.6041821],[0.0024083,51.6047097]],[[0.0024083,51.6047097],[0.0021934,51.6052039]],[[0.0021934,51.6052039],[0.0021439,51.6053203]],[[0.0021439,51.6053203],[0.0021199,51.6053766]],[[0.0021199,51.6053766],[0.0019968,51.6056015]],[[0.0019968,51.6056015],[0.0018333,51.6059358],[0.0015843,51.6064795],[0.0014974,51.6065937],[0.0013428,51.6067968],[0.0012573,51.6068958],[0.0010219,51.6070173],[0.0006208,51.6071886],[0.0003712,51.6072769]],[[0.0003712,51.6072769],[0.0001425,51.6073471]],[[0.0001425,51.6073471],[0.000001200000000000002,51.6074049],[-0.0001241,51.6074908]],[[0.0009774,51.609567],[0.0004309,51.6089925],[0.0003291,51.6088139],[0.0001596,51.6081746],[0.0001171,51.6081182],[0.0000307,51.608064],[0.000007900000000000002,51.6080396],[-0.0000736,51.6076762],[-0.0001241,51.6074908]],[[0.0020221,51.6106958],[0.0017805,51.6104421],[0.0016112,51.6102643],[0.0009774,51.609567]],[[0.006305,51.6142935],[0.0060132,51.6139737],[0.0059971,51.6139524],[0.00598,51.6139263],[0.0059526,51.6138713],[0.0059184,51.6137936],[0.0058983,51.6137566],[0.0058838,51.6137301],[0.0058622,51.6136991],[0.0058071,51.613641],[0.0057136,51.6135356],[0.0056414,51.613475],[0.0052627,51.6131961],[0.0050874,51.6130616],[0.0049262,51.6129448],[0.0044071,51.6125706],[0.0042361,51.6124395],[0.0032108,51.6117023],[0.002599,51.6112668],[0.0025456,51.6112288],[0.0023139,51.6109996],[0.0020221,51.6106958]],[[0.0065947,51.6145549],[0.006305,51.6142935]],[[0.0088456,51.6161695],[0.008468,51.6159723],[0.008263,51.615829],[0.0077487,51.6154784],[0.0077289,51.6154616],[0.0076131,51.6153561],[0.0074817,51.6152409],[0.0072734,51.6150506],[0.0070689,51.6148637],[0.0067737,51.6146626],[0.0066768,51.6146084],[0.0065947,51.6145549]],[[0.0107616,51.6170753],[0.0106656,51.6170294],[0.0100619,51.6167412],[0.009867,51.6166544],[0.0095309,51.6164948],[0.0088456,51.6161695]],[[0.0107616,51.6170753],[0.010909,51.6169771]],[[0.010909,51.6169771],[0.0112846,51.616707],[0.0118609,51.6163036],[0.0120519,51.6161833],[0.0121107,51.6161434],[0.0121736,51.6161082],[0.0124174,51.6159845],[0.0127869,51.6158214],[0.0135997,51.6154861],[0.0137077,51.6154416],[0.0139517,51.6153418],[0.0142013,51.6152216],[0.0142643,51.6151829],[0.014292,51.615163],[0.0146267,51.614923],[0.0152876,51.6143261],[0.0168754,51.6131376],[0.0182916,51.6121036],[0.0184761,51.6119287]],[[0.0184761,51.6119287],[0.0186375,51.6117327],[0.0187477,51.6115968],[0.0187888,51.6115329]],[[0.0187888,51.6115329],[0.0188871,51.6113622],[0.0190252,51.6110759],[0.0190996,51.6108796],[0.0191256,51.6107466],[0.019191,51.6099739],[0.0192356,51.6095285],[0.0193065,51.6087623],[0.0193591,51.6083767],[0.019383640015913195,51.6082557727733]],[[0.0119503,51.595893],[0.0120357,51.595819],[0.0120734,51.5957766],[0.0121781,51.5956881],[0.0123079,51.5956181],[0.0124249,51.5955846],[0.0125469,51.5955609],[0.012560142693536053,51.59555954853396]],[[-0.0290955,51.5894754],[-0.029144,51.5895264],[-0.029154,51.5895471],[-0.0291741,51.5895931],[-0.0291821,51.5896253],[-0.0291836,51.5896596],[-0.0291589,51.5897543],[-0.0291259,51.5899338],[-0.029127,51.5902589],[-0.029127,51.5902842],[-0.0291275,51.5904293],[-0.0291281,51.5906005],[-0.0291336,51.5910141],[-0.0291377,51.5913257],[-0.029142,51.5914203]],[[-0.029142,51.5914203],[-0.0291389,51.5915172],[-0.029081,51.5918368]],[[-0.029081,51.5918368],[-0.0290421,51.5919749]],[[-0.0290421,51.5919749],[-0.0290168,51.5920648],[-0.0289902,51.5921189],[-0.0289297,51.5922211],[-0.0288372,51.5923102],[-0.0287323,51.5923896],[-0.0285983,51.5924645],[-0.0284049,51.5925275],[-0.0279433,51.5926096],[-0.027774,51.5926379],[-0.0276246,51.5926649],[-0.0272619,51.5927276],[-0.0270811,51.5927869],[-0.0269359,51.5928636],[-0.0268055,51.5930413],[-0.026728,51.5932205],[-0.0266763,51.59334],[-0.026628,51.5935014],[-0.0265903,51.5936901],[-0.0265817,51.5939053],[-0.0265911,51.5940667],[-0.0266078,51.5941504],[-0.0266258,51.5942404],[-0.0266646,51.5944337],[-0.0267166,51.5945749],[-0.0267799,51.5947116],[-0.0268521,51.5948287],[-0.0269195,51.5949466],[-0.0269941,51.5951058],[-0.0270359,51.5952702],[-0.0270702,51.5955051],[-0.0270738,51.5955301]],[[-0.0270738,51.5955301],[-0.0270956,51.5956798]],[[-0.0270956,51.5956798],[-0.0270993,51.5957021],[-0.0271021,51.5957201]],[[-0.0271021,51.5957201],[-0.0271217,51.5958919]],[[-0.0271217,51.5958919],[-0.0271273,51.5959653],[-0.0271276,51.596055],[-0.0271057,51.5961879]],[[-0.0317683,51.5983422],[-0.0316642,51.5983167],[-0.0314953,51.5982838],[-0.0310824,51.5982254],[-0.030371,51.5981219],[-0.0300787,51.5980678],[-0.0299158,51.5980287],[-0.0297641,51.5979905],[-0.029479,51.59791],[-0.0293319,51.5978656],[-0.0291805,51.5978108],[-0.0290464,51.5977535],[-0.0288766,51.5976687],[-0.0286722,51.5975581],[-0.0285177,51.5974728],[-0.028399,51.5973978],[-0.0282516,51.5972808],[-0.0280769,51.5971312],[-0.0278694,51.5969354],[-0.0276991,51.5967407],[-0.027587,51.5965883],[-0.0275075,51.5964614],[-0.0274366,51.5963396],[-0.0273974,51.5962739],[-0.0273551,51.5962405],[-0.0273012,51.5962197],[-0.0272637,51.5962095],[-0.0271057,51.5961879]],[[-0.0326215,51.5987061],[-0.0321998,51.5984964],[-0.0317683,51.5983422]],[[-0.0332019,51.5993514],[-0.0331682,51.5992653],[-0.0331373,51.5992064],[-0.0330973,51.5991278],[-0.0329443,51.5989764],[-0.0329304,51.5989627],[-0.0327793,51.5988132],[-0.0326894,51.5987413],[-0.0326215,51.5987061]],[[-0.0176227,51.6006726],[-0.0175586,51.6006893],[-0.0173838,51.6007346],[-0.0173128,51.6007655],[-0.0172639,51.6007992],[-0.0172226,51.6008447],[-0.0171446,51.6009326]],[[-0.0171446,51.6009326],[-0.0171571,51.6009729]],[[-0.0171571,51.6009729],[-0.0171611,51.6010192],[-0.0171599,51.6010602],[-0.0171494,51.6011002],[-0.0171212,51.6011634],[-0.0170308,51.601258]],[[-0.0170308,51.601258],[-0.0170044,51.6012727]],[[-0.0170044,51.6012727],[-0.0169313,51.6013264],[-0.0168833,51.6013704],[-0.0167673,51.6015026],[-0.0166072,51.6017035]],[[-0.0165388,51.6025596],[-0.0165715,51.6026507],[-0.0165748,51.6026709],[-0.0165779,51.6026894],[-0.0165765,51.6027842]],[[-0.0165765,51.6027842],[-0.0165697,51.602883]],[[-0.0165697,51.602883],[-0.0166046,51.6029374],[-0.0166332,51.602976],[-0.0166745,51.6029964],[-0.0167258,51.6030183],[-0.0168169,51.6030479]],[[-0.0201219,51.6032607],[-0.0200508,51.6032156],[-0.0200115,51.6031817]],[[-0.0200115,51.6031817],[-0.0201633,51.6030722]],[[-0.0170779,51.6030467],[-0.0169281,51.6030919],[-0.0168741,51.603108],[-0.0168278,51.6031195],[-0.0167909,51.6031331]],[[-0.0167909,51.6031331],[-0.0167376,51.6031434],[-0.0166593,51.6031588]],[[-0.0166593,51.6031588],[-0.0165428,51.6031767]],[[-0.0165428,51.6031767],[-0.0165366,51.6032246],[-0.0165283,51.6032883],[-0.0165267,51.6033009],[-0.0165214,51.603314],[-0.0165109,51.603335],[-0.0164849,51.6033743]],[[-0.0172039,51.6087933],[-0.0172733,51.6087797],[-0.017662,51.6087044],[-0.0177493,51.60869],[-0.0184247,51.6086244],[-0.0191914,51.6085371],[-0.0202912,51.6084119],[-0.0207485,51.6083598],[-0.0207962,51.6083544]],[[-0.0207962,51.6083544],[-0.0208274,51.6083748],[-0.0209426,51.6087745]],[[-0.0209426,51.6087745],[-0.0213397,51.6086945],[-0.0217126,51.6086328],[-0.0220643,51.6085884],[-0.02226,51.6085808],[-0.0222754,51.6085791],[-0.0226165,51.6085636],[-0.0228308,51.6085576],[-0.0233809,51.6085326],[-0.023928,51.608503]],[[-0.023928,51.608503],[-0.0243676,51.6084729],[-0.0245958,51.6084524],[-0.0248766,51.6084343]],[[-0.0250051,51.6094293],[-0.0249727,51.6091172],[-0.0249614,51.609008],[-0.0248766,51.6084343]],[[-0.0086152,51.5904677],[-0.0086769,51.590506],[-0.0086902,51.5905262],[-0.008697,51.5905396],[-0.0087293,51.5906025],[-0.0087523,51.5906319]],[[-0.0087523,51.5906319],[-0.0088176,51.5907263]],[[-0.0001914,51.6188694],[-0.0002668,51.6188772],[-0.0003157,51.6188958],[-0.0003937,51.6189464],[-0.0004257,51.6190027],[-0.0004238,51.6190662],[-0.0004047,51.6191105],[-0.0003763,51.6191547]],[[-0.0003763,51.6191547],[-0.0003282,51.6191881],[-0.0002519,51.6192266]],[[-0.0002519,51.6192266],[-0.0001472,51.6192417],[-0.000033199999999999994,51.6192388],[0.0000756,51.6192149]],[[0.0000756,51.6192149],[0.0001063,51.6191869]],[[0.0001063,51.6191869],[0.0002525,51.6191434],[0.0003234,51.6191327],[0.0005296,51.6191018]],[[0.008084,51.6187463],[0.008143,51.6187966],[0.0082179,51.6188268],[0.0082928,51.6188536]],[[0.0082928,51.6188536],[0.008304,51.6188966],[0.0083256,51.6189304],[0.0083523,51.6189562],[0.0083962,51.6189823],[0.0084813,51.6190234]],[[0.0084813,51.6190234],[0.0085683,51.6191126],[0.0085899,51.6191517],[0.0086076,51.6191848],[0.0086329,51.6192309],[0.008702,51.6192747]],[[0.0087073,51.6195225],[0.0086177,51.6195201],[0.0085542,51.6195346],[0.0085094,51.6195643],[0.008476,51.6195961],[0.0084341,51.6200313]],[[0.0084341,51.6200313],[0.0084968,51.6200802],[0.0085669,51.6201072],[0.0086704,51.6201308]],[[0.0104378,51.6338525],[0.0104946,51.6338015],[0.0105207,51.633778],[0.010561,51.6337348],[0.0105764,51.633699],[0.0105778,51.6336508],[0.0105456,51.6335958],[0.0104068,51.6334498]],[[0.0028099,51.5602102],[0.0027867,51.560192],[0.0027558,51.5601789],[0.00272,51.5601723],[0.0026826,51.5601727],[0.0026471,51.5601801],[0.0026129,51.5601964],[0.0025899,51.5602191],[0.002581,51.5602453],[0.0025873,51.5602718]],[[-0.0000421,51.5608168],[0.00009090000000000001,51.5609131],[0.0001703,51.5609728],[0.0001936,51.5609906]],[[0.0001936,51.5609906],[0.00025,51.5610303]],[[0.00025,51.5610303],[0.0005115,51.5612145]],[[0.0005115,51.5612145],[0.0005887,51.561273]],[[0.0005887,51.561273],[0.0006691,51.5613339],[0.0007366,51.5613838]],[[0.0007366,51.5613838],[0.000856,51.5614678],[0.0009516,51.5615374]],[[0.0009516,51.5615374],[0.000979,51.5615573],[0.001058,51.5616148]],[[0.001058,51.5616148],[0.0013993,51.561863]],[[0.0013993,51.561863],[0.0014251,51.5618818],[0.0015218,51.561952]],[[0.0015218,51.561952],[0.0017136,51.5620912],[0.0023678,51.5625712],[0.0026033,51.562744],[0.0028586,51.5629675],[0.0031024,51.5631989],[0.0032412,51.5633528],[0.0033464,51.5635176],[0.0033941,51.5636005],[0.0034156,51.5636672],[0.0034281,51.5637378],[0.0034288,51.5638212],[0.0034266,51.5638828]],[[0.0034266,51.5638828],[0.0034208,51.5640472]],[[0.0034208,51.5640472],[0.0034149,51.5641038]],[[0.0034149,51.5641038],[0.0034134,51.5641379],[0.0034095,51.5642264],[0.0034014,51.5643931],[0.0034135,51.5646576],[0.0033643,51.5647672],[0.0031766,51.5650198]],[[0.0031766,51.5650198],[0.0028852,51.5653626],[0.0027105,51.5655682]],[[0.0027105,51.5655682],[0.0026489,51.5656385],[0.0024652,51.5658503],[0.0023214,51.5660187],[0.0022927,51.5660528],[0.0022634,51.5660927]],[[0.0022634,51.5660927],[0.0022634,51.5661155],[0.0022752,51.566147],[0.0022955,51.5661729],[0.0023511,51.56622],[0.0023831,51.5662478]],[[0.0023831,51.5662478],[0.0024367,51.5662869],[0.0025143,51.5663293],[0.0025721,51.5663528]],[[0.0025721,51.5663528],[0.002698,51.5663845],[0.003002,51.5664487],[0.0032853,51.5665085],[0.0035654,51.5665676],[0.0037434,51.566604]],[[0.0037434,51.566604],[0.004146,51.5666925],[0.0051001,51.5668883],[0.0052421,51.566917]],[[0.0052421,51.566917],[0.005667,51.5670096]],[[0.005667,51.5670096],[0.0057083,51.5670173],[0.005773,51.567031],[0.0059471,51.5670699],[0.0060759,51.5671071],[0.0061439,51.5671333],[0.0062061,51.5671608],[0.0062704,51.5671938]],[[0.0062704,51.5671938],[0.0063876,51.5672626],[0.0064739,51.5673114],[0.0065448,51.567363]],[[0.0065448,51.567363],[0.0066197,51.5674307],[0.0066608,51.5674835],[0.0066996,51.5675386],[0.0068446,51.5678698]],[[0.0068446,51.5678698],[0.0068629,51.5679107]],[[0.0068629,51.5679107],[0.0068831,51.5679532],[0.0068951,51.567983],[0.0069362,51.568102]],[[0.0112133,51.5949669],[0.0109049,51.5949286],[0.0108837,51.594926],[0.0108619,51.5949254],[0.0107726,51.594925],[0.0107507,51.5949254],[0.0107267,51.5949286],[0.010663,51.5949403],[0.0106432,51.5949446],[0.0106269,51.5949486],[0.0105452,51.5949751],[0.0104553,51.5950242],[0.0104423,51.5950346],[0.010426,51.5950485],[0.0102445,51.5952398]],[[0.0102445,51.5952398],[0.0100941,51.5954835]],[[0.0100941,51.5954835],[0.0100618,51.5955597],[0.0100373,51.595637],[0.0100204,51.5957151]],[[0.0100204,51.5957151],[0.0100161,51.5957542],[0.0100202,51.5957933],[0.0100326,51.5958317],[0.0100532,51.5958687],[0.0100815,51.5959038],[0.010117,51.5959362],[0.0101592,51.5959653],[0.0102072,51.5959907]],[[0.0102072,51.5959907],[0.0102321,51.5960039],[0.0105667,51.5961801]],[[0.0105667,51.5961801],[0.0108933,51.596328]],[[0.0108933,51.596328],[0.0110807,51.5964427],[0.0112461,51.5965307],[0.0113431,51.5966133],[0.0113901,51.5966694]],[[0.0113901,51.5966694],[0.0114996,51.5967963]],[[-0.0013821,51.6005991],[-0.0013576,51.6005849],[-0.001342,51.6005665],[-0.0013372,51.600546],[-0.0013435,51.6005256],[-0.0013661,51.6005038],[-0.0014009,51.6004897],[-0.0014421,51.6004856],[-0.0014823,51.6004924]],[[-0.03530490019619311,51.61320845053576],[-0.0349611,51.6131391],[-0.0345886,51.6130483],[-0.0342584,51.6129594],[-0.0338869,51.6128311],[-0.0334186,51.6126606]],[[-0.0334186,51.6126606],[-0.032832,51.6124085],[-0.0325277,51.6122676]],[[-0.0325277,51.6122676],[-0.0321253,51.612078]],[[-0.0321253,51.612078],[-0.0318178,51.611944],[-0.0317179,51.6119202],[-0.0316869,51.6119188],[-0.0316344,51.6119189],[-0.0315312,51.611919],[-0.0313566,51.6119203]],[[-0.0313566,51.6119203],[-0.0311269,51.6121571],[-0.0307332,51.6125182]],[[-0.0307332,51.6125182],[-0.0305859,51.6126666]],[[-0.0305859,51.6126666],[-0.0303635,51.6128494]],[[-0.0303635,51.6128494],[-0.0300751,51.613103],[-0.0298202,51.6132904],[-0.0297253,51.6133656],[-0.029645,51.6134328],[-0.0294803,51.6135805],[-0.0293152,51.6137702],[-0.029245,51.613882],[-0.0291584,51.6140477],[-0.0291369,51.6140958],[-0.029049,51.6143397],[-0.0290055,51.6145098],[-0.0289421,51.6147946]],[[-0.0289421,51.6147946],[-0.0289127,51.6149538],[-0.0288989,51.6150361],[-0.0288682,51.6151322],[-0.0288199,51.6152675],[-0.0284881,51.6159356]],[[-0.0284881,51.6159356],[-0.0283471,51.6161849],[-0.0280781,51.6166002],[-0.0278179,51.6169328]],[[-0.0278179,51.6169328],[-0.0278319,51.6169873],[-0.0277306,51.6171274],[-0.0276355,51.6172205],[-0.0275589,51.6172864]],[[-0.0275589,51.6172864],[-0.0275624,51.6173301],[-0.0275293,51.6173687],[-0.0275016,51.6173825]],[[-0.0275016,51.6173825],[-0.0274657,51.6173918],[-0.0274271,51.6173943],[-0.027389,51.6173897],[-0.0273546,51.6173784]],[[-0.0273546,51.6173784],[-0.0273243,51.6173591]],[[-0.0273243,51.6173591],[-0.0272432,51.6173454],[-0.027191,51.6173232],[-0.0271641,51.6173117],[-0.0270688,51.6172723]],[[-0.0270688,51.6172723],[-0.0256672,51.6171271],[-0.024603,51.6170179],[-0.0236932,51.6169273],[-0.0233329,51.6168952],[-0.0231312,51.6168772],[-0.0226796,51.6168389],[-0.0221932,51.6167988],[-0.0219438,51.6167783],[-0.0215435,51.6167455],[-0.0213371,51.6167318],[-0.021302,51.6167335],[-0.0212169,51.6167377],[-0.0210998,51.6167529],[-0.0208579,51.6167983],[-0.0206853,51.6168286],[-0.0206011,51.6168442],[-0.0205228,51.6168572]],[[-0.0205228,51.6168572],[-0.0204103,51.6168732],[-0.0201989,51.6168951],[-0.0199033,51.6169181],[-0.0197311,51.6169277],[-0.0190847,51.6169636],[-0.0187751,51.6169761],[-0.0184244,51.6169944],[-0.0182236,51.6170044]],[[-0.0009457,51.6187503],[-0.0005734,51.6189868],[-0.0003763,51.6191547]],[[-0.0002519,51.6192266],[-0.000156,51.6193521],[-0.0001154,51.6194746]],[[0.0017198,51.6239894],[0.0016386,51.6239007],[0.0015865,51.6237916],[0.0014557,51.6233343],[0.0013737,51.622905],[0.0012935,51.6226931],[0.0012124,51.6224467],[0.0011147,51.622214],[0.0010322,51.622026],[0.0008422,51.6217222],[0.0007215,51.621536],[0.0004164,51.6212305],[-0.00004639999999999999,51.6207807],[-0.0001191,51.6207105],[-0.000194,51.6206281],[-0.0002368,51.6205629],[-0.0002745,51.6204903],[-0.0003152,51.6203807],[-0.0003245,51.6202861],[-0.0003225,51.6202005],[-0.0003041,51.620102],[-0.0002736,51.619974],[-0.00011539999999999999,51.6194746]],[[0.0019743,51.6242928],[0.0018011,51.6240678],[0.0017198,51.6239894]],[[0.0032533,51.626827],[0.0030524,51.626418],[0.0028678,51.626041],[0.0028116,51.6259262],[0.0025762,51.6254639],[0.0020695,51.6244732],[0.0019743,51.6242928]],[[0.0039564,51.6282126],[0.0039215,51.6281424],[0.0036793,51.6276518],[0.0035076,51.6273043],[0.0032533,51.626827]],[[-0.0001154,51.6194746],[-0.00004139999999999999,51.6193535],[-0.0000331,51.6193399],[0.0000376,51.6192587]],[[0.0000376,51.6192587],[0.0000756,51.6192149]],[[0.0001063,51.6191869],[0.0001391,51.6191443],[0.0001524,51.619104],[0.0001528,51.619064],[0.0001469,51.6190117]],[[0.0001367,51.6189801],[0.0000993,51.6189345],[0.000058,51.6189089],[-0.0000028000000000000003,51.6188875],[-0.0000615,51.6188764],[-0.0001044,51.6188708]],[[-0.0270688,51.6172723],[-0.0271735,51.6172575],[-0.0272144,51.6172525],[-0.027266,51.6172463],[-0.0273548,51.6172457]],[[-0.0273548,51.6172457],[-0.0274099,51.6172311]],[[-0.0274099,51.6172311],[-0.027506,51.6171545],[-0.0276182,51.6170795],[-0.0277347,51.6169678],[-0.0278179,51.6169328]],[[-0.0313566,51.6119203],[-0.031346,51.6118635]],[[-0.031346,51.6118635],[-0.0313888,51.6118044],[-0.0314308,51.6117851],[-0.0315215,51.611741],[-0.031651,51.6117403]],[[-0.0316944,51.6117147],[-0.031651,51.6117403]],[[-0.0316944,51.6117147],[-0.0318168,51.6118032],[-0.0320739,51.6119636],[-0.0325277,51.6122676]],[[-0.0161402,51.6001611],[-0.0161599,51.600211]],[[-0.0161599,51.600211],[-0.0163404,51.6002836],[-0.0164022,51.6003284],[-0.0165409,51.6004798]],[[-0.0167446,51.6005498],[-0.0167912,51.6005793],[-0.0168458,51.6006215],[-0.0169585,51.6007081],[-0.0170676,51.6008195],[-0.0171446,51.6009326]],[[-0.0171571,51.6009729],[-0.017197,51.6010048],[-0.0172777,51.601076],[-0.0173848,51.6011439],[-0.0174762,51.6012009],[-0.0175701,51.6012462],[-0.0177603,51.6013155],[-0.0180625,51.6014545],[-0.0180874,51.6014657],[-0.0184391,51.6016399],[-0.0192983,51.6021094],[-0.0194367,51.6021862],[-0.0201026,51.6025615]],[[-0.0201026,51.6025615],[-0.0204818,51.6027855],[-0.0210384,51.6031272],[-0.0212047,51.6032681]],[[-0.0212047,51.6032681],[-0.0223445,51.6039015],[-0.0235082,51.6045505],[-0.0236578,51.6046343],[-0.0243562,51.6050254],[-0.0250054,51.6053873],[-0.0254226,51.6056206],[-0.0255243,51.6056728],[-0.0258578,51.6058441],[-0.0265334,51.6061583],[-0.0279303,51.6067897],[-0.02829,51.6069554],[-0.0287494,51.6071896],[-0.0290032,51.6073361],[-0.0292663,51.6075094],[-0.0294914,51.6076835],[-0.0296922,51.6078599],[-0.029818,51.6079831],[-0.0299817,51.6081652],[-0.0301669,51.6084175],[-0.0303115,51.6086506],[-0.0303784,51.6087922],[-0.030427,51.6089033],[-0.0305178,51.6091743],[-0.0306005,51.6094073]],[[-0.0306005,51.6094073],[-0.0307759,51.610139]],[[-0.0307759,51.610139],[-0.0308383,51.6102989],[-0.03091,51.610455],[-0.0310368,51.6106802],[-0.0311829,51.6108962],[-0.0313684,51.6111138],[-0.0315428,51.6112917],[-0.0315748,51.6113243],[-0.0318995,51.611591],[-0.0322469,51.611835],[-0.0326425,51.6120541],[-0.0330439,51.6122525]],[[-0.0330439,51.6122525],[-0.0333183,51.6123247],[-0.0335012,51.6123776]],[[-0.0335012,51.6123776],[-0.0337752,51.6124598],[-0.0341523,51.6125627],[-0.0345351,51.6126584],[-0.0348999,51.6127402],[-0.0352123,51.6128007],[-0.03543645153721152,51.612839794539276]],[[-0.0321253,51.612078],[-0.0319624,51.6119642],[-0.0317832,51.6118517],[-0.031651,51.6117403]],[[-0.031651,51.6117403],[-0.0313739,51.611488],[-0.0312945,51.6113831]],[[-0.0312945,51.6113831],[-0.0310637,51.6111453],[-0.0307793,51.6107663],[-0.0306692,51.610591],[-0.0305452,51.6103727]],[[-0.0305452,51.6103727],[-0.0304631,51.6100587],[-0.0304359,51.609929],[-0.0303736,51.6095464],[-0.030286,51.609139],[-0.0302266,51.6089405],[-0.0302313,51.6088492]],[[-0.0302313,51.6088492],[-0.0302306,51.6088357],[-0.0301406,51.6086663],[-0.0300344,51.6084994],[-0.0299042,51.6083215],[-0.0297468,51.6081277],[-0.0296308,51.6080058],[-0.0292744,51.6076933],[-0.0291115,51.6075799],[-0.0289459,51.6074648],[-0.0286397,51.6072813],[-0.0283307,51.6071263],[-0.0281234,51.6070262],[-0.0272625,51.6066422],[-0.0263013,51.6061937],[-0.0257834,51.6059635],[-0.0252974,51.6057165],[-0.0247041,51.6053997],[-0.0241312,51.6050657],[-0.0234326,51.6046742],[-0.0222418,51.6040066]],[[-0.0222418,51.6040066],[-0.0219472,51.6038944],[-0.0214493,51.6036366],[-0.0207756,51.6032908],[-0.0196383,51.602669],[-0.0191574,51.6024171],[-0.0189443,51.6023192]],[[-0.0189443,51.6023192],[-0.0187489,51.6022098],[-0.0185604,51.6021066],[-0.0184512,51.6020469],[-0.0183537,51.6019876],[-0.0182395,51.6019181],[-0.0175195,51.6014112],[-0.01747,51.6013764],[-0.0174188,51.6013468],[-0.0173727,51.6013201],[-0.0172484,51.6012761],[-0.0171733,51.6012626],[-0.0170308,51.601258]],[[-0.0170044,51.6012727],[-0.0168712,51.601321],[-0.0167269,51.6013475],[-0.016684,51.6013506],[-0.0165856,51.601355],[-0.0165034,51.6013471],[-0.0164209,51.6013272]],[[0.0019984,51.5818645],[0.0018585,51.5818033],[0.0014931,51.5816838]],[[0.0014931,51.5816838],[0.0013333,51.5816444]],[[-0.0149308,51.5738393],[-0.0147947,51.5739479],[-0.014724,51.573993],[-0.0145987,51.5740837],[-0.0142894,51.5743043],[-0.0141454,51.5744038]],[[-0.0149969,51.5738011],[-0.0149308,51.5738393]],[[-0.0151734,51.5736891],[-0.0149969,51.5738011]],[[-0.0152334,51.5736438],[-0.0151734,51.5736891]],[[-0.0153049,51.5736012],[-0.0152334,51.5736438]],[[-0.0156453,51.5734071],[-0.0155754,51.5734453],[-0.0154736,51.5735005],[-0.0153463,51.5735758],[-0.0153049,51.5736012]],[[-0.0162445,51.5731616],[-0.0159659,51.5732664],[-0.015756,51.5733548],[-0.0156453,51.5734071]],[[-0.016829,51.5729525],[-0.0167768,51.5729725],[-0.0165946,51.5730391],[-0.0165478,51.5730562],[-0.0164983,51.5730721],[-0.0164253,51.5730978],[-0.0162445,51.5731616]],[[-0.0199322,51.5721273],[-0.0195881,51.5722275],[-0.0193315,51.5722974],[-0.0187879,51.5724232],[-0.0183106,51.572531],[-0.0175821,51.5726946],[-0.0174952,51.5727188],[-0.0169962,51.572888],[-0.016829,51.5729525]],[[-0.02,51.5721072],[-0.0199322,51.5721273]],[[-0.0206194,51.5719098],[-0.0204562,51.5719643],[-0.0203934,51.5719845],[-0.020349,51.5719988],[-0.0202787,51.5720216],[-0.02,51.5721072]],[[-0.0207662,51.5718587],[-0.0206194,51.5719098]],[[-0.0207662,51.5718587],[-0.0211848,51.5717199]],[[-0.0211848,51.5717199],[-0.0215698,51.5715941]],[[-0.0215698,51.5715941],[-0.0216215,51.5715772],[-0.0217013,51.5715511]],[[-0.0217013,51.5715511],[-0.0219285,51.5714769],[-0.0221604,51.5714011],[-0.0224332,51.571312]],[[-0.0224332,51.571312],[-0.0230823,51.5710851],[-0.0233496,51.570986]],[[-0.0233496,51.570986],[-0.023377,51.5709759]],[[-0.023377,51.5709759],[-0.0234782,51.5709396]],[[-0.0234782,51.5709396],[-0.0243226,51.5706504]],[[-0.0243226,51.5706504],[-0.0244567,51.5706002]],[[-0.0244567,51.5706002],[-0.0247056,51.570507],[-0.0247793,51.5704812],[-0.0249647,51.570423]],[[-0.0252842,51.5703185],[-0.0254418,51.5702592],[-0.025478,51.5702446],[-0.0255301,51.5702234],[-0.025585,51.570202],[-0.02575,51.5701316],[-0.026216,51.5699549]],[[-0.0266437,51.5697936],[-0.026216,51.5699549]],[[-0.0273946,51.5695016],[-0.0266437,51.5697936]],[[-0.027868,51.569333],[-0.0277284,51.5693786],[-0.0276638,51.5694028],[-0.0276048,51.5694235],[-0.0275423,51.5694465],[-0.0273946,51.5695016]],[[-0.0282491,51.5692036],[-0.0281012,51.5692567],[-0.027868,51.569333]],[[-0.0302539,51.5685045],[-0.0301166,51.5685494],[-0.0300372,51.5685741],[-0.0299841,51.5685903],[-0.0299105,51.5686178],[-0.029573,51.5687333],[-0.0291986,51.5688633],[-0.0287686,51.5690109],[-0.028593,51.5690813],[-0.0282491,51.5692036]],[[-0.0303961,51.5684583],[-0.0302539,51.5685045]],[[-0.0305028,51.5684231],[-0.0303961,51.5684583]],[[-0.0338735,51.5671161],[-0.0338014,51.5671474],[-0.033691,51.5671928],[-0.0336584,51.5672062],[-0.0335973,51.5672304],[-0.0335436,51.5672525],[-0.0330004,51.5674766],[-0.0327053,51.5675913],[-0.0320655,51.5678424],[-0.0319257,51.5678973],[-0.0318496,51.5679272],[-0.0317484,51.567967],[-0.0315523,51.568041],[-0.0311592,51.5681894],[-0.0305028,51.5684231]],[[-0.0350282,51.5665968],[-0.0349476,51.5666244],[-0.0348824,51.5666467],[-0.0346098,51.5667553],[-0.0344692,51.5668178],[-0.0343047,51.5669109],[-0.0341842,51.5669748],[-0.0338735,51.5671161]],[[-0.0352171,51.5665411],[-0.0350282,51.5665968]],[[-0.035732,51.5663706],[-0.0355177,51.5664476],[-0.0354354,51.5664779],[-0.0354166,51.5664848],[-0.0353367,51.5665077],[-0.0352171,51.5665411]],[[-0.0362312,51.5661655],[-0.035732,51.5663706]],[[-0.0382199,51.5653351],[-0.0375485,51.5656081],[-0.0362312,51.5661655]],[[-0.0384095,51.5652583],[-0.0382906,51.5653066],[-0.0382199,51.5653351]],[[-0.0386552,51.5651514],[-0.038597,51.5651766],[-0.0384095,51.5652583]],[[-0.0389959,51.5650094],[-0.0386552,51.5651514]],[[-0.0394907,51.564812],[-0.0393373,51.564866],[-0.0389959,51.5650094]],[[-0.0401572,51.5645387],[-0.0401202,51.5645558],[-0.039639,51.5647592],[-0.0394907,51.564812]],[[-0.0404456,51.564408],[-0.0401572,51.5645387]],[[-0.0406157,51.5643328],[-0.0405554,51.5643584],[-0.0405042,51.5643831],[-0.0404456,51.564408]],[[-0.0411972,51.5640755],[-0.0410004,51.5641595],[-0.0406157,51.5643328]],[[-0.0414813,51.5639631],[-0.0411972,51.5640755]],[[-0.0417741,51.5638373],[-0.0414813,51.5639631]],[[-0.0437604,51.5629821],[-0.0432006,51.5632244],[-0.0427362,51.5634206],[-0.0417741,51.5638373]],[[-0.0440612,51.5628511],[-0.0437604,51.5629821]],[[-0.044362,51.5627466],[-0.0443054,51.5627681],[-0.0440612,51.5628511]],[[-0.0447596,51.5625626],[-0.0444747,51.5627001],[-0.0444123,51.5627259],[-0.044362,51.5627466]],[[-0.0448788,51.5625127],[-0.0447596,51.5625626]],[[-0.0450611,51.562431],[-0.0450091,51.5624535],[-0.0448788,51.5625127]],[[-0.045424,51.5622747],[-0.045406,51.5622832],[-0.0453255,51.5623196],[-0.0450611,51.562431]],[[-0.045424,51.5622747],[-0.045482,51.562217]],[[-0.045482,51.562217],[-0.0456186044614255,51.562157791553986]],[[-0.04567904014335662,51.56220947293696],[-0.0455614,51.5622612]],[[-0.0455614,51.5622612],[-0.045424,51.5622747]],[[-0.0165697,51.602883],[-0.0165664,51.6029528]],[[-0.0165664,51.6029528],[-0.0165635,51.6029917],[-0.0165606,51.6030239],[-0.0165514,51.6030877]],[[-0.0165514,51.6030877],[-0.0165428,51.6031767]],[[-0.011845,51.6271203],[-0.0118722,51.6271528],[-0.0118762,51.6271765],[-0.0118607,51.6272117],[-0.0118173,51.627241]],[[-0.0137296,51.632412],[-0.0136411,51.632325],[-0.0135452,51.6322018],[-0.0135029,51.6321114],[-0.0134332,51.6318376],[-0.0133849,51.6316469],[-0.0133326,51.6314401],[-0.0132937,51.6312636],[-0.0132508,51.6310122],[-0.0132322,51.6308111],[-0.0132293,51.630676],[-0.0132273,51.630459],[-0.0132246,51.630243],[-0.0132112,51.6300753],[-0.0131878,51.6299774],[-0.0131491,51.629895],[-0.0131009,51.6298172],[-0.0129853,51.6296637],[-0.0128126,51.6294579],[-0.0125749,51.6292078],[-0.0124649,51.62907],[-0.0124025,51.6289693],[-0.0123569,51.6288773],[-0.012306,51.6286788],[-0.0122738,51.6283936],[-0.0122678,51.6281035],[-0.0122517,51.6280211],[-0.0122209,51.6279334],[-0.0120741,51.6277211],[-0.0119984,51.6275908],[-0.0118902,51.6274046],[-0.0118393,51.6272985],[-0.0118173,51.627241]],[[-0.0137296,51.632412],[-0.0136638,51.6325093],[-0.0136075,51.63266],[-0.0135742,51.632787],[-0.0135273,51.6330615],[-0.0133445,51.6336867]],[[-0.0133445,51.6336867],[-0.013133,51.6346992],[-0.013117,51.6347871],[-0.0130687,51.6350447],[-0.0130302,51.6352539],[-0.0130288,51.6352616],[-0.0130178,51.635315]],[[-0.0130178,51.635315],[-0.0129945,51.6354153],[-0.0129578,51.6355734]],[[-0.0129578,51.6355734],[-0.0129232,51.6356894],[-0.0128895,51.6358103],[-0.0128766,51.6358568],[-0.0128661,51.6358943],[-0.0128597,51.6359174],[-0.0128286,51.6360378]],[[-0.0128286,51.6360378],[-0.0127834,51.6361939],[-0.0127709,51.636228],[-0.0127584,51.6362622],[-0.012658,51.6365506]],[[-0.012658,51.6365506],[-0.0125863,51.6368032],[-0.0124703,51.6371088],[-0.0123011,51.6375349],[-0.0122014,51.637769],[-0.0121495,51.6378909],[-0.0121229,51.6379532],[-0.0120996,51.638011],[-0.0120714,51.6380834],[-0.0118081,51.6387613],[-0.0117535,51.6389009],[-0.0117368,51.6389535],[-0.0116871,51.6391666]],[[-0.0116871,51.6391666],[-0.0113653,51.6405791],[-0.0113539,51.6407387]],[[-0.0103998,51.6462416],[-0.0105714,51.6462688]],[[-0.0103998,51.6462416],[-0.010376,51.6463224]],[[-0.0118173,51.627241],[-0.0117612,51.6272538],[-0.0117151,51.6272522]],[[-0.0117151,51.6272522],[-0.0116798,51.6272434],[-0.0116532,51.6272307],[-0.0116333,51.627215],[-0.011619,51.6271941],[-0.0116154,51.6271639],[-0.0116225,51.6271453]],[[-0.0104959,51.6348598],[-0.0107144,51.6349849],[-0.010833,51.6350557],[-0.0110729,51.635195],[-0.0118802,51.6356758],[-0.012326,51.6358769]],[[-0.012326,51.6358769],[-0.0125081,51.6359352],[-0.0125471,51.6359477],[-0.0126056,51.6359664],[-0.0128286,51.6360378]],[[-0.0138596,51.6323583],[-0.0137296,51.632412]],[[-0.0148057,51.6316971],[-0.0144424,51.6319695],[-0.0140675,51.6322538],[-0.0138596,51.6323583]],[[-0.0148057,51.6316971],[-0.0146985,51.6316465],[-0.0146321,51.6316062],[-0.0145711,51.6315575],[-0.0145356,51.6315067],[-0.0145228,51.6314513],[-0.0145342,51.6313926],[-0.0145644,51.6313356],[-0.0147488,51.6311204],[-0.0149213,51.6309573],[-0.0150787,51.6308257],[-0.0170868,51.629369],[-0.0184267,51.6283945],[-0.0197028,51.627445],[-0.0197853,51.6273817],[-0.0198475,51.627312]],[[-0.0198475,51.627312],[-0.0199657,51.6273434],[-0.0200428,51.6273418],[-0.0201072,51.6273305],[-0.0201923,51.6273114]],[[-0.0201923,51.6273114],[-0.0202366,51.6272868],[-0.0202829,51.627241],[-0.0206322,51.6268098],[-0.0210895,51.6262108],[-0.0214034,51.6257225],[-0.0215093,51.6255268],[-0.0215127,51.6254914],[-0.0215019,51.625464],[-0.0214885,51.6254457],[-0.0214811,51.6254357],[-0.0214315,51.6254078]],[[-0.0219049,51.6253335],[-0.0218184,51.6253118],[-0.0217426,51.6252987],[-0.0217311,51.6252977],[-0.0216682,51.6252925],[-0.0215978,51.6253],[-0.0215402,51.6253237],[-0.0214885,51.625362],[-0.0214315,51.6254078]],[[-0.0219049,51.6253335],[-0.0223532,51.6247491],[-0.0226247,51.6244011],[-0.0229137,51.6240348],[-0.0231518,51.6237288],[-0.0232561,51.6235774],[-0.0233663,51.6233705],[-0.023592,51.6229489],[-0.0238957,51.6223225],[-0.0239885,51.6221337],[-0.0240731,51.6219569],[-0.0242172,51.6216943],[-0.0243218,51.6214985],[-0.0244057,51.6213493],[-0.0244759,51.6212264],[-0.0246193,51.6209792],[-0.0250628,51.6203646],[-0.0253257,51.6200157],[-0.0257397,51.619535],[-0.0258324,51.6194524],[-0.0264663,51.6188531],[-0.0268035,51.6185286],[-0.026928,51.6184112],[-0.0270092,51.6183159],[-0.027089,51.6182052],[-0.0271529,51.6180898],[-0.0271922,51.6179995],[-0.0272616,51.6177481],[-0.0273402,51.6175084],[-0.0273505,51.6174349],[-0.0273546,51.6173784]],[[-0.0274099,51.6172311],[-0.027457,51.6172312],[-0.027501,51.6172415],[-0.0275365,51.6172607],[-0.0275589,51.6172864]],[[-0.0275016,51.6173825],[-0.0275102,51.6174472],[-0.0274828,51.6175263],[-0.0274142,51.617758],[-0.0273626,51.6179462],[-0.0273104,51.6180994],[-0.027262,51.6181968],[-0.0271782,51.6183251],[-0.0270601,51.6184541],[-0.0268771,51.618639],[-0.0265997,51.6189002],[-0.0259483,51.6194974],[-0.025815,51.6196221],[-0.0254503,51.6200609],[-0.0253278,51.6202118],[-0.0251914,51.6204017],[-0.0247613,51.6210005],[-0.0246117,51.6212752],[-0.0245525,51.6213759],[-0.0243689,51.6217213],[-0.0242263,51.6219835],[-0.0241347,51.6221515],[-0.0240369,51.6223477],[-0.0237285,51.6229749],[-0.0235768,51.6232705],[-0.0235231,51.6233608],[-0.0233028,51.6237279],[-0.0232761,51.6237641],[-0.0227475,51.6244393],[-0.02202,51.6253698]],[[-0.02202,51.6253698],[-0.0219049,51.6253335]],[[0.0019178,51.5819468],[0.0021014,51.5820269],[0.002149,51.5820508],[0.0024482,51.5821884],[0.0028961,51.5824061],[0.0035681,51.582746]],[[0.0035681,51.582746],[0.0044678,51.583186],[0.0046654,51.583284]],[[0.0046654,51.583284],[0.0048617,51.5833641],[0.0052464,51.5835471],[0.0055412,51.5836945]],[[0.0055412,51.5836945],[0.0056231,51.5836984],[0.0056767,51.5837269],[0.0057321,51.5837575],[0.0057818,51.5837943],[0.0058579,51.5838249]],[[0.0059475,51.5837825],[0.0058579,51.5838249]],[[0.0059475,51.5837825],[0.0060593,51.5837311]],[[0.0060593,51.5837311],[0.0061019,51.5837071],[0.006155,51.5836764],[0.006225,51.583638]],[[0.006225,51.583638],[0.0063006,51.583605],[0.006443,51.5835637],[0.0066323,51.5835368]],[[0.0066323,51.5835368],[0.0069215,51.5835221]],[[0.0069215,51.5835221],[0.0071361,51.5835141],[0.0088836,51.583462],[0.0092507,51.5834472],[0.0100608,51.583422]],[[0.0100608,51.583422],[0.0101613,51.5834189],[0.0102927,51.5834169],[0.0103629,51.583416],[0.0104075,51.5834154],[0.0109292,51.5834037],[0.0109773,51.5834027]],[[0.0109773,51.5834027],[0.0123575,51.583368],[0.0124407,51.5833661],[0.0150337,51.5832977]],[[0.0150337,51.5832977],[0.0154172,51.5832922]],[[0.0154172,51.5832922],[0.015510804454019334,51.5832910631038]],[[0.0027921,51.5822163],[0.002608,51.582152],[0.002288,51.5820055],[0.0022333,51.5819837],[0.0021857,51.5819612]],[[0.0021857,51.5819612],[0.0019984,51.5818645]],[[-0.0065807,51.5579449],[-0.0066659,51.5578765],[-0.0066855,51.5578598],[-0.0068276,51.5577857]],[[-0.0068276,51.5577857],[-0.0077354,51.5573987]],[[-0.0077354,51.5573987],[-0.0079832,51.557289],[-0.0080962,51.5572536]],[[-0.0080962,51.5572536],[-0.0081095,51.5572525],[-0.0081424,51.5572548]],[[-0.0081424,51.5572548],[-0.0081819,51.5572651]],[[-0.0081819,51.5572651],[-0.0082122,51.5572818],[-0.0082456,51.557306],[-0.0082678,51.557324]],[[-0.0082678,51.557324],[-0.0084113,51.557469],[-0.00844,51.5574938],[-0.0084779,51.5575266],[-0.0085143,51.5575515],[-0.0085507,51.5575697],[-0.0085907,51.5575837]],[[-0.0085907,51.5575837],[-0.0086387,51.5575925],[-0.0087182,51.5575997],[-0.0087849,51.557593]],[[-0.0087849,51.557593],[-0.0089085,51.5575769],[-0.0089694,51.5575924]],[[-0.0137242,51.5571258],[-0.0137627,51.5570861],[-0.0140053,51.5570227],[-0.0140615,51.556999],[-0.014149,51.5569664],[-0.0142003,51.5569445]],[[-0.0142003,51.5569445],[-0.0142946,51.5568875]],[[-0.0142946,51.5568875],[-0.0144801,51.5567868]],[[-0.0144801,51.5567868],[-0.0146972,51.5566693],[-0.014779,51.5566551]],[[-0.014779,51.5566551],[-0.0149059,51.5565589]],[[-0.0154389,51.5561165],[-0.0149059,51.5565589]],[[-0.0155336,51.5560494],[-0.0154389,51.5561165]],[[-0.0159541,51.5556724],[-0.0158499,51.5557797],[-0.0157493,51.5558629],[-0.0156489,51.5559563],[-0.0155336,51.5560494]],[[-0.0161081,51.5555289],[-0.0160757,51.5555526],[-0.0159541,51.5556724]],[[-0.0161081,51.5555289],[-0.0161411,51.5554203],[-0.0162458,51.5553119],[-0.0163613,51.5552165],[-0.0164466,51.5551417],[-0.0165715,51.5550368],[-0.0166922,51.5549338],[-0.0167364,51.5548773],[-0.0167773,51.5548413],[-0.0168184,51.5548038],[-0.0169716,51.5546911]],[[-0.0169716,51.5546911],[-0.0171247,51.5545645],[-0.0171709,51.5545304],[-0.0172163,51.5544966],[-0.0175472,51.5542566],[-0.0176938,51.5541454],[-0.0178362,51.5540202]],[[-0.0179063,51.5541371],[-0.0177981,51.5542352]],[[-0.0177981,51.5542352],[-0.0175807,51.5544242],[-0.0174783,51.5545056]],[[-0.0174783,51.5545056],[-0.0174336,51.5545451],[-0.0173991,51.5545733]],[[-0.0173991,51.5545733],[-0.017365,51.5546006],[-0.0173213,51.5546366]],[[-0.0173213,51.5546366],[-0.0172797,51.5546714],[-0.017161,51.5547621]],[[-0.017161,51.5547621],[-0.0170716,51.554842],[-0.0169873,51.5549152],[-0.0169473,51.5549499]],[[-0.0169473,51.5549499],[-0.0168378,51.5550448],[-0.0167378,51.5551397],[-0.0164778,51.5553538],[-0.0164248,51.5553905],[-0.016289,51.5554846],[-0.0161081,51.5555289]],[[-0.014779,51.5566551],[-0.014747,51.5567036],[-0.0146861,51.5567401]],[[-0.0146861,51.5567401],[-0.0146035,51.5567722],[-0.0145696,51.5567914],[-0.0145229,51.5568179]],[[-0.0145229,51.5568179],[-0.0143388,51.5569223]],[[-0.0143388,51.5569223],[-0.0142543,51.5569845]],[[0.0156587,51.5710274],[0.0155662,51.5711387]],[[0.0156382,51.5727757],[0.0156534,51.5728442],[0.0156483,51.5729312],[0.0156194,51.5731037]],[[0.0025436,51.5805521],[0.0023925,51.5805982],[0.0022706,51.5806508],[0.0020217,51.5807796],[0.0019573,51.5808166],[0.0018947,51.5808521],[0.0018629,51.5808813],[0.0018158,51.5809319]],[[-0.0097484,51.6458375],[-0.0099157,51.646063],[-0.0099588,51.6461011],[-0.0100266,51.6461383],[-0.0100963,51.6461635],[-0.0102381,51.6462068],[-0.0103998,51.6462416]],[[-0.0097484,51.6458375],[-0.0094396,51.6459196],[-0.0092402,51.6459727],[-0.0088751,51.6460778],[-0.0088017,51.6460906],[-0.008712,51.6460968],[-0.008628,51.6460893],[-0.0085942,51.6460824],[-0.0085377,51.6460709],[-0.0084806,51.6460393],[-0.0084172,51.6459974],[-0.0083737,51.6459541],[-0.0083517,51.6459006],[-0.0083545,51.645837],[-0.0083908,51.6457614],[-0.0085793,51.6454726],[-0.008602,51.6454258],[-0.0086643,51.6452974],[-0.0087804,51.6450588],[-0.0088886,51.6447839],[-0.0089441,51.6446209],[-0.0089463,51.6445608],[-0.0089335,51.6444958],[-0.0089058,51.6444151],[-0.0088872,51.6443606],[-0.0088388,51.6442484],[-0.0088288,51.6441662],[-0.0088729,51.6436505],[-0.0088637,51.6435678],[-0.0088345,51.6434901],[-0.0087768,51.6434114],[-0.0086992,51.6433394],[-0.0086187,51.6432894],[-0.0085105,51.6432417],[-0.0083951,51.6432099],[-0.0083117,51.6431951],[-0.0082634,51.6431865],[-0.0068133,51.6429588],[-0.0067243,51.6429472],[-0.006645,51.6429305],[-0.0064969,51.6428813],[-0.0064354,51.6428486],[-0.0064054,51.6428327],[-0.0062992,51.642757],[-0.0062314,51.6426622],[-0.0061195,51.6423692],[-0.0060806,51.6423018],[-0.0060249,51.6422319]],[[-0.0060249,51.6422319],[-0.0060058,51.6421996],[-0.0060034,51.6421719],[-0.0060229,51.6421366],[-0.0060578,51.6421145],[-0.0061181,51.6420987],[-0.0069573,51.6420135],[-0.0075105,51.6419617],[-0.0083229,51.6418947],[-0.0085133,51.6418855],[-0.008937,51.6418766],[-0.0098048,51.6418662],[-0.0098575,51.6418608],[-0.0103976,51.6417517]],[[-0.0115291,51.6413844],[-0.0114189,51.6414094],[-0.0110986,51.641482],[-0.0104533,51.6416246],[-0.0104268,51.6416363],[-0.0103989,51.6416792],[-0.0103976,51.6417517]],[[0.0019632,51.5795871],[0.0019686,51.5796044],[0.0019832,51.5796196],[0.0019982,51.579628],[0.002024,51.5796355],[0.002056,51.5796368],[0.0020831,51.5796314],[0.002107,51.5796197]],[[-0.018725,51.5832879],[-0.0187853,51.5833451]],[[-0.0250381,51.6098233],[-0.0250332,51.6096457],[-0.0250051,51.6094293]],[[-0.023928,51.608503],[-0.0240032,51.6091754],[-0.0240624,51.6096897],[-0.0240692,51.6097189],[-0.0241065,51.609736],[-0.0250381,51.6098233]],[[-0.0209426,51.6087745],[-0.0203992,51.6089046],[-0.0195598,51.6090762],[-0.0187692,51.6092415],[-0.0179064,51.6094133],[-0.0176556,51.6094652],[-0.017563,51.6094832]],[[-0.0165428,51.6031767],[-0.0164583,51.60319]],[[0.0084813,51.6190234],[0.0085242,51.6190288],[0.0086285,51.6190277],[0.0087131,51.6190092],[0.0087907,51.6189844]],[[0.0089609,51.6188601],[0.0090674,51.6187955],[0.0091574,51.6187211],[0.0092622,51.618595],[0.0094631,51.6183148]],[[0.0094631,51.6183148],[0.0097419,51.6180162],[0.0098097,51.6179499],[0.0099719,51.6177888],[0.0103161,51.6174771],[0.0106946,51.6171309],[0.0107616,51.6170753]],[[0.0094631,51.6183148],[0.0092921,51.6184303],[0.0091592,51.6185013],[0.0089748,51.6185571],[0.0086875,51.6186171]],[[-0.0124711,51.5640171],[-0.0125803,51.5640615]],[[-0.0125803,51.5640615],[-0.0126505,51.5640712],[-0.0127284,51.5640666],[-0.0128011,51.564054],[-0.0128847,51.5640465]],[[-0.014455,51.6366367],[-0.014791973154391685,51.636740635559825]],[[-0.0134918,51.636264],[-0.0138732,51.6364187],[-0.0142966,51.6365845],[-0.014455,51.6366367]],[[-0.0128286,51.6360378],[-0.0130553,51.6361083],[-0.0130944,51.6361205],[-0.0131138,51.6361265],[-0.0131504,51.6361396],[-0.0133558,51.6362135],[-0.0134418,51.6362444],[-0.0134918,51.636264]],[[0.0055412,51.5836945],[0.0055842,51.5837445],[0.0056181,51.5837639],[0.0056737,51.5837983],[0.0057984,51.5838655]],[[0.0057984,51.5838655],[0.0058906,51.5839366]],[[0.0058906,51.5839366],[0.0059363,51.5839652],[0.0059941,51.5840148]],[[0.0059941,51.5840148],[0.0061259,51.584136],[0.0061936,51.5842044],[0.0062886,51.5843315],[0.0063824,51.5844886],[0.0064463,51.5845292]],[[0.0100153,51.5938417],[0.0100093,51.5939341]],[[0.0100093,51.5939341],[0.0100469,51.5939919],[0.0100698,51.5940286]],[[0.0100698,51.5940286],[0.0101409,51.5941572]],[[0.0101409,51.5941572],[0.0102241,51.5943016]],[[0.0102241,51.5943016],[0.0102704,51.5943899],[0.0103646,51.594589],[0.0104102,51.5947252],[0.0104136,51.5948131],[0.0103859,51.5949196],[0.0103815,51.5949295],[0.0102445,51.5952398]],[[-0.0159541,51.5556724],[-0.0158192,51.5555965],[-0.0157892,51.5555807],[-0.0156866,51.5555253]],[[-0.0156866,51.5555253],[-0.0156243,51.5554908],[-0.0151572,51.5552327]],[[-0.0151572,51.5552327],[-0.0150109,51.5551513]],[[-0.0150109,51.5551513],[-0.014857,51.5550601],[-0.0143801,51.5548161],[-0.0141883,51.5547316]],[[-0.0141883,51.5547316],[-0.0140555,51.5546781],[-0.0136063,51.5544615]],[[-0.0136063,51.5544615],[-0.0132187,51.5542816],[-0.0128803,51.5541299]],[[-0.0128803,51.5541299],[-0.0126356,51.5540262],[-0.0124684,51.5539571],[-0.0121309,51.5538328],[-0.011824,51.5537311],[-0.0114819,51.553627],[-0.0112154,51.5535398],[-0.0109766,51.5534491]],[[-0.0109766,51.5534491],[-0.0107428,51.5533434],[-0.0103613,51.5531569],[-0.0102213,51.5530743],[-0.0100704,51.5529743],[-0.0098697,51.552812],[-0.009732,51.5526916],[-0.0096691,51.5526248]],[[-0.0096691,51.5526248],[-0.0095141,51.5524191],[-0.0094529,51.5523185]],[[-0.0094529,51.5523185],[-0.0093801,51.5521814]],[[-0.0093801,51.5521814],[-0.0093332,51.5520895],[-0.0093237,51.5520625]],[[-0.0093237,51.5520625],[-0.009264289726871587,51.5518933519542]],[[0.018225,51.5580297],[0.0182283258341212,51.558037222254235]],[[-0.0014976,51.5601334],[-0.0015414,51.5600898],[-0.0015929,51.5600602]],[[-0.0015929,51.5600602],[-0.0016163,51.5600467],[-0.0016841,51.560009],[-0.0016976,51.5600064],[-0.0017722,51.5599915]],[[-0.0017722,51.5599915],[-0.0018139,51.559966],[-0.0022519,51.5597402],[-0.002558,51.5596055],[-0.002785,51.5594984],[-0.0029421,51.5594367],[-0.0038358,51.5590634],[-0.0049699,51.5586131],[-0.0050368,51.5585874]],[[-0.0050368,51.5585874],[-0.0050781,51.5585714],[-0.0057547,51.5583081]],[[-0.0057547,51.5583081],[-0.0059497,51.5582323],[-0.0059837,51.5582191]],[[-0.0059837,51.5582191],[-0.0060684,51.5581861],[-0.0061796,51.5581429],[-0.0063949,51.5580591]],[[-0.0063949,51.5580591],[-0.0064381,51.5580439],[-0.0064943,51.5580252],[-0.006527,51.5580042],[-0.0065807,51.5579449]],[[-0.0131901,51.557209],[-0.0133356,51.5571535],[-0.0134447,51.5571088],[-0.0135732,51.5570484],[-0.0137138,51.5569806]],[[-0.0137138,51.5569806],[-0.0137512,51.5569567],[-0.0138707,51.5568851],[-0.0139855,51.5567957],[-0.0140709,51.5567167],[-0.014129,51.5566495],[-0.0141702,51.5565854],[-0.0142044,51.5565131],[-0.0142166,51.5564329]],[[-0.0142166,51.5564329],[-0.014188,51.5564088],[-0.0141727,51.5563804],[-0.0141717,51.5563523],[-0.0141839,51.5563252]],[[-0.0122526,51.5556607],[-0.0122185,51.5556881],[-0.0121597,51.5557067],[-0.0121081,51.5557079],[-0.0120527,51.5556947]],[[-0.0120527,51.5556947],[-0.01202,51.555676],[-0.0119954,51.5556454],[-0.0119918,51.5556122],[-0.0120049,51.5555852]],[[-0.0111268,51.5549595],[-0.0110728,51.5549606],[-0.0110284,51.5549485],[-0.0109958,51.5549262]],[[-0.035371011429573385,51.61304422217709],[-0.0353488,51.6130409]],[[-0.0353488,51.6130409],[-0.0350824,51.6129918],[-0.0345339,51.6128714],[-0.0341283,51.6127627],[-0.0339407,51.6127082],[-0.033742,51.6126482],[-0.0334617,51.612551]],[[-0.0334617,51.612551],[-0.0332379,51.6124671],[-0.0329871,51.6123655],[-0.0326337,51.6121966],[-0.032352,51.6120466],[-0.0321618,51.6119292]],[[-0.0321618,51.6119292],[-0.0319395,51.6117875],[-0.0317424,51.6116485],[-0.0314304,51.6113867],[-0.0312155,51.6111713],[-0.0310218,51.6109446],[-0.0308682,51.6107249],[-0.0307353,51.6104908],[-0.0306469,51.6102699],[-0.0305655,51.6100436]],[[-0.0305655,51.6100436],[-0.0304719,51.6095146],[-0.030382,51.6091799],[-0.0303227,51.6090056],[-0.0302313,51.6088492]],[[-0.0222418,51.6040066],[-0.0218522,51.6037724],[-0.0192862,51.6023537]],[[-0.0192862,51.6023537],[-0.0182069,51.6017569]],[[-0.0182069,51.6017569],[-0.017441,51.6013389],[-0.0168788,51.6011264]],[[-0.0168788,51.6011264],[-0.0166172,51.6010311],[-0.0163407,51.6009425],[-0.0159856,51.6008353]],[[-0.0159856,51.6008353],[-0.0156215,51.6007293],[-0.0150378,51.6006136],[-0.0143445,51.6005178]],[[-0.0143445,51.6005178],[-0.0141809,51.600498],[-0.0138217,51.6004638],[-0.0135117,51.6004489],[-0.0129527,51.6004369],[-0.0107898,51.6004843]],[[-0.0107898,51.6004843],[-0.0090055,51.6005357],[-0.0074896,51.600571],[-0.0064705,51.6005802],[-0.0057351,51.6005677],[-0.0053343,51.6005503],[-0.0041074,51.6004698],[-0.0036367,51.6004272],[-0.0027134,51.6003197],[-0.0015449,51.6001192],[-0.0009898,51.6000108],[-0.000469,51.5998913],[0.0003834,51.5996675],[0.0008937,51.5995174],[0.0012584,51.5994032],[0.0020992,51.5991173],[0.002747,51.5988833],[0.0029388,51.5988234]],[[0.0029388,51.5988234],[0.0036844,51.5985374],[0.004499,51.5982062],[0.0056772,51.5977009]],[[0.0056772,51.5977009],[0.0062218,51.5974506],[0.0071169,51.5970688],[0.0083293,51.5965641]],[[0.0083293,51.5965641],[0.0086784,51.5964209],[0.0091679,51.5962341],[0.0096731,51.5960573],[0.0102503,51.5958827],[0.0107568,51.595751],[0.0110091,51.5956945],[0.011273,51.5956354],[0.0118121,51.5955308],[0.0123443,51.5954467],[0.012532867793778362,51.59542383792726]],[[0.012510340619788134,51.5953042381193],[0.0121732,51.5953508]],[[0.0121732,51.5953508],[0.011756,51.5954151],[0.0114348,51.595475]],[[0.0114348,51.595475],[0.0112061,51.5955176],[0.0109384,51.595577],[0.0106824,51.5956338],[0.0104215,51.5957017]],[[0.0104215,51.5957017],[0.0101596,51.5957699],[0.0098366,51.595863],[0.0095841,51.5959458],[0.0090657,51.5961251],[0.0085686,51.5963134],[0.0082217,51.5964582]],[[0.0082217,51.5964582],[0.0055759,51.5975777],[0.005067,51.5977958],[0.0034762,51.5984411],[0.0033786,51.5984796],[0.0027591,51.5987244],[0.0022366,51.5989204],[0.0017371,51.5991009],[0.0013858,51.5992215],[0.0011229,51.5993035],[0.0007616,51.5994187],[0.000298,51.5995587],[-0.0005669,51.5997794],[-0.0012254,51.5999298],[-0.0018871,51.6000536],[-0.0027274,51.6001966],[-0.003658,51.6003074],[-0.0041675,51.6003554],[-0.0052892,51.6004398],[-0.0059088,51.6004515],[-0.0066233,51.60046],[-0.009099,51.6004106]],[[-0.009099,51.6004106],[-0.0099701,51.6004022],[-0.0107924,51.6003845],[-0.0128371,51.6003464],[-0.0131631,51.6003499],[-0.0135038,51.6003592],[-0.013815,51.6003756],[-0.0141796,51.600408],[-0.0143767,51.6004264]],[[-0.0143767,51.6004264],[-0.0151183,51.6005452],[-0.0156379,51.6006491],[-0.0159889,51.6007381]],[[-0.0159889,51.6007381],[-0.0164261,51.6008683],[-0.0166348,51.6009372],[-0.0169043,51.6010325]],[[-0.0169043,51.6010325],[-0.0174049,51.6012219],[-0.0182749,51.6016786]],[[-0.0182749,51.6016786],[-0.0191696,51.6021663],[-0.0204519,51.6028655],[-0.020974,51.6031563],[-0.0212047,51.6032681]],[[-0.0330439,51.6122525],[-0.0332058,51.6123417],[-0.0334825,51.6124562]],[[-0.0334825,51.6124562],[-0.0337667,51.6125515],[-0.0341745,51.6126654],[-0.0345109,51.6127562],[-0.0348204,51.6128302],[-0.0351253,51.6128947],[-0.0353789,51.6129396]],[[-0.0353789,51.6129396],[-0.0353998263107072,51.612943307773286]],[[0.0161596,51.5729382],[0.0162627,51.5729761],[0.0163749,51.5730173],[0.0164269,51.5730486]],[[-0.0284918,51.5835346],[-0.0284844,51.5834848],[-0.0284629,51.5834174]],[[-0.0284967,51.5835636],[-0.0284918,51.5835346]],[[-0.0285954,51.5839953],[-0.0285696,51.5839213],[-0.0285394,51.5838035],[-0.0285216,51.5837138],[-0.0284967,51.5835636]],[[-0.0286701,51.58418],[-0.0285954,51.5839953]],[[-0.0291555,51.5855963],[-0.0291508,51.5855668],[-0.0291402,51.5854545],[-0.0291307,51.5853545],[-0.029123,51.5852738],[-0.0291258,51.5852029],[-0.0291139,51.5851248],[-0.0291001,51.5850688],[-0.0290904,51.5850215],[-0.0290214,51.5848932],[-0.028974,51.5847951],[-0.0287408,51.5843378],[-0.0286752,51.5841925],[-0.0286701,51.58418]],[[-0.029158,51.5856427],[-0.0291555,51.5855963]],[[-0.0291737,51.5857548],[-0.0291686,51.5857181],[-0.029162,51.5856714],[-0.029158,51.5856427]],[[-0.0292633,51.585994],[-0.0292051,51.5858668],[-0.0291786,51.5857895],[-0.0291737,51.5857548]],[[-0.0304558,51.5886545],[-0.0304225,51.5886003],[-0.0301897,51.5882217],[-0.0300148,51.5879159],[-0.0299932,51.5878781],[-0.0298375,51.5876077],[-0.0297717,51.587455],[-0.0297439,51.5873575],[-0.0296757,51.5870961],[-0.0296514,51.5869825],[-0.0295745,51.5866714],[-0.0295268,51.5865479],[-0.029311,51.5861112],[-0.0292633,51.585994]],[[-0.0305098,51.5887424],[-0.0304558,51.5886545]],[[-0.0306134,51.5889011],[-0.0305561,51.5888154],[-0.0305359,51.5887824],[-0.0305098,51.5887424]],[[-0.0304081,51.5892081],[-0.0303657,51.5891713],[-0.0303344,51.5891484],[-0.0302282,51.5890736]],[[-0.0316397,51.5908916],[-0.0315199,51.5908035],[-0.0314521,51.590737],[-0.0313758,51.5906558],[-0.0313094,51.5905754],[-0.0312563,51.5905018],[-0.0312279,51.590438],[-0.0312183,51.5903765],[-0.0312124,51.5903012],[-0.0312094,51.5901956],[-0.0312009,51.5901297],[-0.0311898,51.5900768],[-0.0311728,51.5900207],[-0.0311577,51.5899801],[-0.0310973,51.5898739],[-0.0310154,51.5897798],[-0.0308508,51.5896053],[-0.0307361,51.5894979],[-0.0306325,51.5893963],[-0.030578,51.5893466],[-0.0305594,51.5893296],[-0.0305413,51.5893131],[-0.0304081,51.5892081]],[[-0.0317502,51.590966],[-0.0316397,51.5908916]],[[-0.0345448,51.5936459],[-0.0345037,51.5935926],[-0.0343969,51.5934781],[-0.0340404,51.5930959],[-0.034016,51.5930697],[-0.033857,51.5929021],[-0.0334639,51.5924829],[-0.0330724,51.5921019],[-0.0328372,51.5918706],[-0.0327278,51.5917647],[-0.0324433,51.5914894],[-0.0324104,51.5914576],[-0.0323087,51.5913842],[-0.0322223,51.5913177],[-0.0318758,51.5910513],[-0.0317502,51.590966]],[[-0.0346881,51.5943567],[-0.0346711,51.5942808],[-0.0346212,51.5939713],[-0.0345887,51.5937982],[-0.0345722,51.5937107],[-0.0345448,51.5936459]],[[-0.0349661,51.5957396],[-0.0349444,51.5956338],[-0.0348274,51.5950433],[-0.0348077,51.5949414],[-0.0346881,51.5943567]],[[-0.0351957,51.5970576],[-0.0351807,51.5969996],[-0.0351239,51.5966375],[-0.0350853,51.5964188],[-0.0350509,51.5962239],[-0.0349661,51.5957396]],[[-0.0356816,51.5988848],[-0.0355778,51.5986508],[-0.0355436,51.5985308],[-0.035539,51.5984683],[-0.0355379,51.5984455],[-0.0355175,51.5980206],[-0.035507,51.5979536],[-0.0354953,51.5978931],[-0.0354698,51.5978301],[-0.0354557,51.5978013],[-0.035435,51.5977621],[-0.0354163,51.5977301],[-0.0353133,51.5974883],[-0.0352659,51.597386],[-0.0352431,51.5972792],[-0.0352132,51.5971393],[-0.0351957,51.5970576]],[[-0.0357415,51.5990308],[-0.0356898,51.5989034],[-0.0356816,51.5988848]],[[-0.038154,51.5999193],[-0.0381937,51.5998738],[-0.0382246,51.5998363],[-0.0382406,51.5998038],[-0.0382637,51.5997411],[-0.0383074,51.5989487],[-0.0383101,51.5988905],[-0.0383087,51.598875],[-0.0383048,51.5988601],[-0.0382989,51.5988449],[-0.0382839,51.5987912]],[[-0.037613,51.6000996],[-0.0378182,51.6000604],[-0.0379361,51.600032],[-0.0380032,51.6000112],[-0.038077,51.5999737],[-0.0381159,51.5999479],[-0.038154,51.5999193]],[[-0.0363831,51.6002643],[-0.0364454,51.6002341],[-0.0365191,51.6002144],[-0.036858,51.6001737],[-0.0371878,51.6001512],[-0.037613,51.6000996]],[[-0.0359616,51.6001482],[-0.0360964,51.6001842],[-0.0362804,51.6002356],[-0.0363831,51.6002643]],[[-0.0354066,51.5997533],[-0.0354242,51.5997752],[-0.0354709,51.5998335],[-0.0355735,51.5999152],[-0.0357035,51.6000155],[-0.0357568,51.6000546],[-0.035849,51.6001038],[-0.0359616,51.6001482]],[[-0.0332605,51.5998466],[-0.0338536,51.5998195],[-0.0343684,51.5998018],[-0.0348201,51.5997863],[-0.0350083,51.5997777],[-0.0351836,51.5997696],[-0.0354066,51.5997533]],[[-0.0332913,51.6003796],[-0.0332365,51.6000207],[-0.0332608,51.5999208],[-0.0332605,51.5998466]],[[-0.0334466,51.6014254],[-0.0333519,51.6007769]],[[-0.0358906,51.6020224],[-0.0356716,51.6020009],[-0.035017,51.6019547],[-0.0349119,51.6019418],[-0.0348356,51.6019181],[-0.0347668,51.6018783],[-0.0346918,51.6018144],[-0.0345915,51.6016947],[-0.0345407,51.6016408],[-0.0344884,51.6015987],[-0.034399,51.6015444],[-0.0342941,51.6014967],[-0.0341735,51.601467],[-0.0335625,51.6014696],[-0.0335303,51.6014606],[-0.0334466,51.6014254]],[[-0.0362752,51.6020502],[-0.0362072,51.6020446],[-0.0361141,51.6020303],[-0.035977,51.6020309],[-0.0358906,51.6020224]],[[-0.0373472,51.6021196],[-0.0372108,51.6021212],[-0.037062,51.602112],[-0.0369162,51.6021029],[-0.0362752,51.6020502]],[[-0.0384063,51.6011648],[-0.0384092,51.6011917],[-0.03839,51.6012716],[-0.0383788,51.6013226],[-0.0383551,51.6013896],[-0.0383254,51.6014484],[-0.0382574,51.6015267],[-0.0380498,51.6016809],[-0.0378738,51.6018049],[-0.0378084,51.6018608],[-0.0377606,51.6019022],[-0.0376247,51.6020325],[-0.0375925,51.6020523],[-0.0375395,51.6020849],[-0.037473,51.602103],[-0.0373969,51.6021151],[-0.0373472,51.6021196]],[[-0.0384063,51.6011648],[-0.0385393,51.601147],[-0.0386482,51.6011216],[-0.038721,51.6011016],[-0.0387557,51.6010876],[-0.0388159,51.6010585],[-0.0388619,51.6010341],[-0.0389189,51.6009994]],[[-0.0389189,51.6009994],[-0.039038,51.6009089]],[[-0.039038,51.6009089],[-0.0391499,51.6008108],[-0.0391968,51.6007295],[-0.0392413,51.6006446],[-0.0392585,51.6005921],[-0.0393045,51.6004036],[-0.0393528,51.6001517],[-0.03939,51.5998205],[-0.039499,51.5988856],[-0.0395005,51.5988739],[-0.0395031,51.5988401],[-0.0395071,51.5987959]],[[-0.0411853,51.5799775],[-0.0408307,51.5801195],[-0.0404857,51.5802576],[-0.0403802,51.5802887],[-0.0395815,51.5804894]],[[-0.0416585,51.5797994],[-0.0414595,51.5798743],[-0.0411853,51.5799775]],[[0.009677,51.5940595],[0.0097972,51.5941094]],[[0.0097972,51.5941094],[0.009869,51.5941304],[0.0099176,51.5941506]],[[0.0099176,51.5941506],[0.0100231,51.5941787],[0.0101181,51.594219],[0.0102241,51.5943016]],[[0.0108933,51.596328],[0.011033,51.5963633],[0.0111339,51.5963798],[0.011218,51.5963848],[0.0113159,51.596379],[0.0113948,51.5963651],[0.011495,51.5963383],[0.0115743,51.5963084],[0.0115941,51.5962973],[0.0117052,51.5962244],[0.0117801,51.596154],[0.0118639,51.596033]],[[0.0001894,51.5815946],[0.0001542,51.5816341],[0.000122,51.5816791],[0.0001107,51.5817007],[0.0000914,51.5817351],[0.000030200000000000002,51.5818403],[0.0000424,51.5818866]],[[0.001009,51.5886124],[0.0004891,51.588495],[0.000443,51.5884846]],[[0.0028564,51.5889598],[0.0026621,51.5889208],[0.0022779,51.5888668],[0.0020216,51.5888408],[0.0016,51.5887534],[0.0014225,51.5887058],[0.001009,51.5886124]],[[0.0031981,51.5891963],[0.0031304,51.5891426],[0.0029222,51.5889955],[0.0028564,51.5889598]],[[0.0031981,51.5891963],[0.0031549,51.5893773],[0.0031184,51.5895289],[0.0030995,51.5896968],[0.0030901,51.5898367],[0.003074,51.5899339]],[[0.003074,51.5899339],[0.0029782,51.590011],[0.0027515,51.5901097]],[[0.0027515,51.5901097],[0.0026211,51.5900859],[0.0024428,51.5900533],[0.0022243,51.5900224],[0.0020337,51.5899955],[0.0017336,51.58996],[0.0014305,51.5899221],[0.0010865,51.5898783]],[[0.0189368007012845,51.571839761692836],[0.0187293,51.5717861],[0.0185293,51.5717506],[0.0182671,51.5717233],[0.01805,51.5717101],[0.0177706,51.57171],[0.0174376,51.5717292]],[[0.0174376,51.5717292],[0.0171908,51.5717479],[0.0169538,51.5717886],[0.0166668,51.5718611],[0.0160757,51.5720788],[0.0157292,51.5722357],[0.0154779,51.5723275]],[[0.0154779,51.5723275],[0.0152088,51.5724251],[0.0150269,51.5724914],[0.0148382,51.5725396],[0.014651,51.5725743],[0.0144274,51.5726001]],[[0.0144274,51.5726001],[0.0141187,51.5726231]],[[0.0141187,51.5726231],[0.0139529,51.5726268],[0.0138019,51.5726238],[0.0136153,51.5726106],[0.0134012,51.5725837],[0.0131399,51.5725381],[0.0128695,51.5724719],[0.0125983,51.572377],[0.0123239,51.5722597],[0.0119529,51.5720625],[0.0116091,51.5718633],[0.0113477,51.571708],[0.0109204,51.571435]],[[0.0109204,51.571435],[0.0104671,51.5711079],[0.0100727,51.5708123]],[[0.0100727,51.5708123],[0.0096195,51.5704689],[0.009267,51.5701614],[0.0088106,51.5696933]],[[0.0088106,51.5696933],[0.0087459,51.5696268]],[[0.0087459,51.5696268],[0.0085571,51.5694332],[0.0083043,51.5691442],[0.0079959,51.568765],[0.0076835,51.5683406]],[[0.0076835,51.5683406],[0.0074085,51.5679171]],[[0.0074085,51.5679171],[0.0068359,51.5669299],[0.006546,51.566464],[0.0056955,51.5652748],[0.0052866,51.5647646],[0.0050133,51.5644372],[0.0045571,51.5639353],[0.0041893,51.5635624],[0.0038748,51.5632569],[0.0034631,51.5628789],[0.0029684,51.5624527],[0.002634,51.5621838],[0.0015237,51.5613902],[0.00023020000000000007,51.5605052],[-0.0008062,51.5598325],[-0.0018527,51.5591539],[-0.0029011,51.5584771],[-0.0043857,51.5576044],[-0.0052285,51.557075],[-0.0059075,51.5566022],[-0.0060108,51.5565303],[-0.0065782,51.5560817],[-0.0068067,51.555888],[-0.0070161,51.5557039],[-0.007334,51.5553902],[-0.0074444,51.555262],[-0.0076144,51.5550623],[-0.0077805,51.554845],[-0.0079423,51.554639],[-0.0081114,51.5544263],[-0.0082017,51.5543155],[-0.0083106,51.5541949],[-0.0084377,51.5540533],[-0.0085184,51.553972],[-0.0086133,51.5538792],[-0.0087542,51.5537551],[-0.0088596,51.5536698],[-0.0090011,51.5535582],[-0.0090974,51.5534845],[-0.0091853,51.5534246],[-0.0092857,51.553357],[-0.0093925,51.5532863]],[[-0.0093925,51.5532863],[-0.0095649,51.5531834],[-0.0097738,51.5530561],[-0.0099881,51.5529306],[-0.0103407,51.5527568]],[[-0.0103407,51.5527568],[-0.0105078,51.5526816],[-0.01064147156941478,51.55262625317679]],[[-0.016951905382278178,51.55141869892541],[-0.0169918,51.5514145],[-0.0171015,51.5513974]],[[-0.0171015,51.5513974],[-0.017121325237465488,51.551395391869214]],[[-0.01718098739297589,51.55165812993862],[-0.0171375,51.5516586]],[[-0.0171375,51.5516586],[-0.0169274,51.5516701],[-0.0162758,51.5517033],[-0.0157017,51.5517527],[-0.015479875496581804,51.55174079972753]],[[-0.014587568129824846,51.55185088651051],[-0.0138115,51.5519659],[-0.0131934,51.5520666],[-0.0126206,51.5521782],[-0.0122959,51.5522506],[-0.0120254,51.5523149],[-0.0118427,51.5523617],[-0.0117,51.5524056],[-0.0115651,51.552445],[-0.0113461,51.5525127],[-0.0111731,51.5525716],[-0.0109748,51.5526393],[-0.010707,51.552745],[-0.0104643,51.5528494]],[[-0.0104643,51.5528494],[-0.0102873,51.552932],[-0.0101324,51.5530079],[-0.0098595,51.5531706],[-0.0095071,51.5533831]],[[-0.0095071,51.5533831],[-0.0093561,51.553487],[-0.0092508,51.5535643],[-0.0091364,51.5536505],[-0.0090137,51.5537439],[-0.0089011,51.5538384],[-0.0087849,51.5539434],[-0.0086789,51.5540483],[-0.0084924,51.5542401],[-0.0083873,51.5543571],[-0.0083008,51.5544629],[-0.0082143,51.5545688],[-0.0080957,51.5547292],[-0.0079995,51.5548567],[-0.0079053,51.5549675],[-0.0077707,51.5551438],[-0.0076981,51.555234],[-0.0076296,51.5553166],[-0.0075363,51.5554231],[-0.0073982,51.5555688],[-0.0072685,51.5556929],[-0.0071534,51.5558009],[-0.0069169,51.5560077],[-0.0066602,51.5562208],[-0.006391,51.5564388],[-0.0061024,51.5566583],[-0.0057353,51.5569185],[-0.0053619,51.5571682],[-0.004504,51.5577027],[-0.0030421,51.5585643],[-0.0020013,51.5592359],[-0.0009556999999999999,51.5599145],[0.00007739999999999993,51.5605898],[0.0013922,51.5614835],[0.0024757,51.5622586],[0.0027921,51.5625115],[0.0032222,51.5628795],[0.0035897,51.5632078],[0.0039873,51.5635948],[0.0043757,51.563987],[0.0048337,51.5644881],[0.0051386,51.5648447],[0.0055308,51.565343],[0.0064053,51.5665806],[0.0066568,51.5669709],[0.0072301,51.5679604]],[[0.0072301,51.5679604],[0.0075019,51.5683869]],[[0.0075019,51.5683869],[0.0077062,51.5686636],[0.0080066,51.5690508],[0.0082282,51.5693142],[0.0082764,51.5693715],[0.008607,51.5697222],[0.0091828,51.5702759],[0.009462,51.5705165],[0.0099128,51.5708821]],[[0.0099128,51.5708821],[0.0103361,51.571171],[0.0108101,51.5715015]],[[0.0108101,51.5715015],[0.0113856,51.5718758],[0.011998,51.5722398],[0.0122063,51.5723463],[0.0124654,51.5724671],[0.0126744,51.5725413],[0.012826,51.572588],[0.0131059,51.572655],[0.0133758,51.5726985],[0.0136218,51.5727287],[0.0138232,51.5727395],[0.014001,51.572744],[0.0141991,51.5727365],[0.0143385,51.5727273]],[[0.0143385,51.5727273],[0.0146146,51.5726968]],[[0.0146146,51.5726968],[0.0147505,51.5726769],[0.0149024,51.5726478],[0.0150797,51.5725992],[0.0152968,51.5725278]],[[0.0152968,51.5725278],[0.0156053,51.5724196],[0.015844,51.5723127],[0.0161468,51.5721758],[0.01672,51.5719528],[0.0169967,51.5718904],[0.0172308,51.5718535],[0.017461,51.5718357]],[[0.017461,51.5718357],[0.0177967,51.571826],[0.0180121,51.5718279],[0.018172,51.5718357],[0.0183486,51.5718518],[0.0185178,51.5718726],[0.0186379,51.5718933],[0.0187457,51.571917],[0.0188576,51.5719426],[0.01892579860006906,51.57195834316342]]]}},{"type":"Feature","properties":{"kind":"stops"},"geometry":{"type":"MultiPoint","coordinates":[[-0.019972,51.582907],[-0.0066018,51.5586182],[-0.0059497,51.5582323],[0.0085731,51.5685401],[0.0066859,51.5576802],[0.010241,51.5660341],[0.0093423,51.5692679],[0.0180111,51.570384],[0.0075059,51.5683119],[0.0097479,51.5635507],[-0.0192052,51.5645011],[0.0071878,51.559265],[-0.0178595,51.5643102],[-0.006161,51.5571483],[-0.0115953,51.5570839],[-0.0404128,51.5865668],[-0.0396962,51.5861879],[-0.0413079,51.5870489],[-0.0421283,51.5871384],[-0.0205188,51.5836825],[-0.0202463,51.583856],[-0.0213976,51.5829022],[-0.0053902,51.5559808],[-0.0062707,51.5570848],[0.0089013,51.5685126],[0.0091252,51.5688065],[0.0092904,51.5690036],[0.0094783,51.5692215],[0.0000871,51.6082235],[0.0003285,51.6084767],[-0.0019251,51.5864895],[-0.0017652,51.5867017],[-0.0033149,51.5867728],[-0.002937,51.5867016],[0.0103639,51.6335156],[0.0104068,51.6334498],[0.0099588,51.6335152],[0.0098569,51.6334437],[0.0100543,51.6337912],[-0.0084127,51.5704362],[-0.0082117,51.5693927],[0.0092848,51.5627468],[0.0098456,51.5635395],[-0.032717,51.5802958],[-0.0333111,51.5811423],[-0.0318364,51.5813603],[-0.0324104,51.5813327],[-0.0172566,51.619818],[-0.016987,51.6202516],[-0.0120462,51.638477],[-0.0122745,51.6374555],[-0.0086123,51.6453077],[0.0053567,51.5590309],[-0.0117308,51.5739442],[-0.0074514,51.5832552],[-0.0071647,51.583136],[0.0031784,51.5631779],[-0.040151,51.5910658],[-0.0395684,51.5894178],[-0.0094919,51.6459985],[0.0056154,51.5934395],[-0.0279907,51.5731393],[0.0153789,51.5568115],[-0.0153494,51.5979199],[0.0010782,51.6070488],[-0.0075997,51.5848298],[0.014572,51.556605],[0.0132143,51.5560038],[-0.0223219,51.5675595],[-0.0331635,51.5824369],[-0.0320957,51.5825467],[-0.0356157,51.5984457],[0.001105,51.5898202],[-0.0226331,51.6168881],[-0.0232616,51.6168388],[0.0127732,51.5993767],[0.0131149,51.599528],[-0.0012871,51.5846377],[-0.0012539,51.584849],[0.008831,51.6198594],[-0.0141867,51.6260674],[-0.0147148,51.6255547],[-0.0107071,51.6236144],[-0.0107776,51.6234997],[-0.0040213,51.6296249],[-0.0038781,51.629576],[0.0000537,51.6312625],[-0.025088,51.6094287],[0.0063017,51.6188433],[0.0039968,51.6188236],[-0.0003971,51.6202847],[0.0190427,51.6104015],[0.0192819,51.6096152],[-0.0202454,51.5885281],[-0.0094414,51.5673079],[-0.0096752,51.5606263],[-0.0099197,51.560791],[-0.0019381,51.5699673],[-0.0014245,51.5700699],[0.0055984,51.6320612],[0.0007553,51.5613038],[-0.0207982,51.6003069],[0.0013832,51.5619062],[-0.0336222,51.5879301],[-0.0185728,51.6170389],[-0.0189549,51.6169245],[-0.0156437,51.6169844],[-0.0165468,51.6169118],[-0.0176857,51.6173139],[-0.0168206,51.6230031],[-0.0165436,51.6238774],[-0.0151123,51.6231395],[-0.001427,51.6316162],[0.0030127,51.628663],[0.0029529,51.6285309],[-0.0311937,51.6122522],[-0.0296492,51.6133334],[-0.0042866,51.588516],[-0.0039583,51.5881966],[-0.0121325,51.5863464],[-0.0121298,51.586183],[-0.0072285,51.5859318],[-0.0292291,51.5852704],[-0.0290851,51.5854607],[-0.0410543,51.5952606],[0.0033546,51.569717],[0.0039687,51.5695435],[0.003331,51.5749882],[0.0047944,51.575793],[-0.0051889,51.5930712],[-0.0063179,51.5914632],[-0.0084676,51.5721127],[-0.0082831,51.5725928],[-0.0134848,51.6330043],[0.0006863,51.6215972],[0.0004653,51.6211693],[-0.0053411,51.5543987],[-0.0051423,51.5540215],[0.0041589,51.5667508],[-0.0084135,51.6406004],[-0.0082719,51.6432196],[-0.0008113,51.5518927],[-0.032303,51.5912764],[-0.0323617,51.5915232],[0.0001295,51.5520925],[0.0020224,51.6245643],[0.0015398,51.6232643],[-0.0081346,51.627017],[-0.0081467,51.6268672],[-0.0038942,51.6255427],[-0.0037549,51.6254128],[-0.0068936,51.5782777],[0.0008086,51.5724028],[-0.0001581,51.5729059],[-0.0159653,51.5993005],[-0.0159249,51.5997241],[-0.018549,51.6006123],[-0.0174991,51.6014898],[-0.0181052,51.6005473],[-0.0185849,51.6016202],[-0.0517685,51.5862607],[-0.0442863,51.5867337],[-0.0074899,51.5999308],[-0.0072447,51.5996794],[-0.0326328,51.5994537],[0.0172541,51.628075],[0.0175554,51.6278246],[0.0076582,51.6154746],[-0.0009194,51.5930339],[-0.0007973,51.5933896],[0.0096477,51.5933194],[0.0098953,51.5934],[-0.0401499,51.5881071],[-0.0402336,51.5876547],[-0.0300978,51.5879003],[-0.030356,51.588617],[-0.0049547,51.5922199],[-0.0025321,51.5595411],[-0.0093448,51.5772549],[-0.0240933,51.5696047],[-0.0240812,51.5698646],[-0.0033637,51.580045],[-0.0024482,51.6128621],[-0.0017146,51.6131048],[0.0084803,51.6271868],[0.0066462,51.6270144],[0.0040939,51.5830632],[0.0045581,51.5829595],[-0.0085138,51.5680973],[-0.0026091,51.6042405],[-0.0022161,51.6047772],[0.0001347,51.5926361],[0.0013787,51.5926777],[-0.031031,51.6112312],[-0.0344672,51.6125718],[-0.0173896,51.6165154],[-0.0175102,51.6160282],[0.0144488,51.5705476],[0.0152062,51.5707575],[0.0177357,51.5704395],[0.0180411,51.5704484],[-0.0180092,51.5795542],[-0.0064972,51.617961],[-0.007336,51.6177548],[-0.0163383,51.5775214],[-0.0107294,51.562424],[-0.0107389,51.5632329],[-0.0348469,51.5823321],[-0.0057343,51.6242772],[-0.005543,51.6242806],[-0.0181242,51.6130274],[0.0023925,51.5658306],[0.0029495,51.5653714],[-0.0102536,51.6351215],[-0.0289222,51.5997014],[-0.0292981,51.5996099],[0.0031431,51.5600582],[0.0065922,51.557719],[0.0063948,51.5571107],[0.0174634,51.557704],[0.0105693,51.5675232],[0.0107832,51.5676051],[-0.0085991,51.640309],[-0.0091911,51.6339616],[-0.0091638,51.6337529],[-0.0062082,51.6426981],[-0.0116865,51.6397212],[-0.0113398,51.6410133],[0.0071984,51.5784894],[0.0090192,51.5780937],[0.0057022,51.5508249],[-0.0205406,51.5883883],[-0.0017752,51.6096393],[-0.0025853,51.6106541],[-0.0169728,51.6070515],[-0.016773,51.6073472],[-0.0311501,51.5887914],[-0.0294408,51.5892921],[-0.0364096,51.5990165],[-0.0361981,51.5989164],[-0.0008685,51.6074853],[-0.0010764,51.6076225],[0.0020867,51.6032751],[0.0026023,51.6044931],[0.0118262,51.6274975],[0.0128697,51.6274618],[0.0067513,51.552979],[0.0065146,51.5528077],[0.0037354,51.5929877],[-0.0179661,51.5853124],[-0.0187557,51.5850215],[0.0119337,51.5691761],[-0.0078297,51.5680046],[-0.0081116,51.5677824],[-0.0350016,51.5878332],[-0.0015525,51.631236],[-0.0018281,51.630862],[-0.043308,51.5632706],[-0.0435591,51.5630234],[-0.0397394,51.5647916],[-0.041056,51.5640693],[-0.0177827,51.6097431],[-0.0175874,51.6096184],[-0.0145195,51.5740799],[-0.0133728,51.5750627],[-0.02912,51.6145476],[-0.0285852,51.6155548],[0.0005119,51.618044],[0.0003793,51.6174658],[0.0000184,51.6150912],[0.0000505,51.6154603],[-0.0174682,51.6138956],[-0.01197,51.61736],[-0.0124297,51.6171419],[-0.0391077,51.5988325],[-0.0383873,51.5987324],[-0.0137527,51.574841],[-0.0138744,51.5746954],[-0.0295262,51.5688081],[-0.0290771,51.5688482],[-0.0090813,51.5735001],[-0.0051209,51.5587736],[-0.0084164,51.5776535],[-0.0075796,51.5765628],[-0.0058942,51.5581783],[-0.0066153,51.5586886],[-0.0074576,51.5590967],[-0.0077735,51.5591498],[0.007575,51.5683561],[0.0071741,51.5680008],[0.0076325,51.5681033],[0.0039013,51.5524822],[0.0056621,51.5519387],[0.0054018,51.5532173],[0.0043376,51.5524177],[0.0082495,51.5608515],[0.0080804,51.5603396],[0.0152999,51.573654],[0.0145823,51.5741573],[-0.0222601,51.5904931],[-0.0257021,51.5708765],[-0.0128165,51.6364888],[-0.0129965,51.6351571],[-0.0089516,51.6383662],[-0.0305113,51.589375],[-0.0306452,51.5792082],[-0.0303016,51.5787467],[-0.0261989,51.5700449],[-0.0261782,51.5711439],[-0.0240299,51.5706521],[-0.027039,51.6186346],[-0.026666,51.6186114],[-0.0221134,51.6086345],[-0.0215609,51.6085846],[-0.0231279,51.6000014],[-0.0229134,51.5999153],[-0.019816,51.5720978],[-0.0111529,51.6270502],[-0.0125346,51.62689],[-0.0119258,51.6275489],[-0.0177753,51.6289901],[-0.0174551,51.6290519],[-0.0014172,51.6186603],[-0.0020017,51.6183151],[-0.0093927,51.6373956],[-0.0376793,51.5845978],[-0.037393,51.5843122],[0.0103151,51.5659623],[-0.0251344,51.6201194],[-0.0328543,51.5989989],[-0.0330387,51.5989597],[-0.0134762,51.6314143],[-0.0134923,51.6322768],[-0.0259669,51.5996761],[-0.0264929,51.5995215],[-0.0052045,51.5826602],[-0.0036646,51.5824085],[-0.0130146,51.557255],[-0.0116149,51.5570339],[-0.0155035,51.563415],[-0.0156449,51.5632562],[0.0000236,51.624289],[-0.0000421,51.6241787],[-0.0239128,51.6227832],[-0.023621,51.6227934],[-0.0266965,51.593158],[-0.0087535,51.5880074],[-0.0093667,51.5877581],[-0.0341042,51.5671082],[-0.0324633,51.5676254],[0.0020239,51.574204],[0.0210421,51.5553928],[-0.0206183,51.5655239],[-0.0204711,51.5655925],[-0.0299498,51.5767506],[-0.0297425,51.5759914],[-0.0184921,51.5806349],[-0.0068042,51.5971166],[-0.0064802,51.5965519],[-0.0217849,51.5671731],[0.0054232,51.555318],[0.0052979,51.5542822],[-0.0062516,51.6324898],[-0.0054336,51.6321719],[-0.0397335,51.5916146],[-0.0306322,51.5893061],[-0.0405253,51.5780645],[-0.0417378,51.5797172],[0.0022594,51.6110578],[0.0026693,51.6112278],[-0.0209477,51.571862],[0.0145352,51.6334562],[0.0146657,51.6336147],[-0.0200677,51.6033037],[-0.0056145,51.5791905],[-0.0171447,51.572891],[-0.0162164,51.5730996],[-0.0231722,51.5827886],[-0.0243962,51.5825511],[-0.0256883,51.5824812],[0.0096389,51.5548215],[0.0100357,51.5549096],[-0.0112409,51.643805],[-0.0113837,51.6429619],[-0.0123648,51.6359537],[-0.0123726,51.6358286],[0.0195329,51.6267316],[0.0191291,51.6267544],[-0.0400553,51.5936413],[-0.0244061,51.6084391],[-0.0164631,51.6052187],[-0.0167424,51.605628],[0.0049895,51.6238439],[0.0082405,51.6236982],[0.0083408,51.6233312],[0.0049634,51.6237348],[0.0117195,51.5767863],[0.0116699,51.5769779],[-0.0158956,51.5948177],[0.0063533,51.5841108],[-0.0095646,51.6367067],[-0.0290337,51.5922076],[-0.0287281,51.5922959],[-0.0271521,51.5949732],[-0.0018208,51.5999197],[-0.0012587,51.5989009],[-0.0284253,51.581176],[-0.0299029,51.5804216],[-0.0344783,51.5934527],[-0.0345367,51.5938041],[0.0051811,51.6317804],[0.008705,51.6330829],[0.0020712,51.6309123],[0.0015982,51.6306795],[0.0027864,51.6312867],[0.0008699,51.571003],[0.0014202,51.5708716],[-0.0044001,51.5516125],[-0.0044037,51.5519281],[0.0064023,51.585972],[-0.0355723,51.5813508],[0.001983,51.605433],[0.0046882,51.6128361],[0.0058769,51.6136248],[0.0140681,51.6009599],[0.0070772,51.5880914],[0.0070113,51.5874383],[-0.0047108,51.5690886],[-0.0044492,51.5690826],[-0.0033104,51.6024118],[-0.0029719,51.6027812],[-0.0110717,51.5649935],[-0.0107984,51.5651696],[-0.0060704,51.5953183],[-0.0052915,51.5944512],[-0.0192076,51.5644547],[-0.017812,51.5643504],[-0.0042212,51.6009489],[-0.0043705,51.6008289],[-0.0011402,51.6009138],[-0.00081,51.6009304],[-0.0104733,51.5903804],[-0.0172166,51.5939405],[-0.0174126,51.5937736],[-0.0141729,51.5899801],[-0.0119281,51.5899814],[-0.0187927,51.5905657],[-0.0180857,51.5897441],[-0.0172752,51.5905879],[-0.016463,51.5899586],[-0.0184696,51.5903513],[-0.0205369,51.5833718],[-0.0204941,51.5839548],[-0.0202571,51.5841508],[-0.0202282,51.5836002],[-0.0196941,51.5854089],[-0.0194963,51.5853742],[-0.0285973,51.5836715],[-0.0282039,51.5831131],[-0.0290426,51.583335],[-0.0291719,51.5831587],[-0.0273767,51.5898196],[-0.0269998,51.5897092],[-0.0166666,51.6024103],[-0.0163996,51.6034804],[-0.0281791,51.6165911],[-0.0262027,51.6171352],[-0.0272691,51.6175704],[-0.0147839,51.6312439],[-0.0165688,51.6307479],[-0.0251614,51.6057124],[-0.0247394,51.6051545],[-0.0073256,51.5911119],[-0.0011933,51.5961463],[-0.0010588,51.5968537],[-0.0145683,51.6312549],[-0.0133871,51.6339921],[-0.0234482,51.6236616],[0.0189483,51.5572996],[0.0158806,51.6304631],[0.0158356,51.6308112],[0.0082065,51.5937437],[0.0117491,51.5975057],[0.0117341,51.597062],[0.0166191,51.627631],[0.0167874,51.6275221],[-0.02032,51.6273443],[-0.0202945,51.6271438],[0.0099825,51.5652591],[-0.0002382,51.5830466],[-0.0000369,51.583173],[-0.0034658,51.5921238],[-0.0048168,51.5911402],[-0.0036018,51.5919479],[-0.0414612,51.5968149],[-0.041206,51.5966449],[-0.0116808,51.6414441],[-0.0102843,51.6463557],[-0.0087974,51.6442638],[-0.0334306,51.6007738],[-0.0148226,51.5762276],[-0.0143611,51.5758734],[-0.0118381,51.5747001],[-0.0116393,51.5764178],[-0.0122432,51.5757615],[-0.0137268,51.5637889],[-0.0042298,51.5897954],[-0.0214804,51.5830473],[0.0083689,51.6197241],[-0.0026831,51.5604519],[-0.0376273,51.5748981],[-0.0375155,51.5747165],[0.0072181,51.5588612],[0.0103125,51.6169369],[0.0103017,51.6167937],[-0.0044628,51.5794728],[-0.008034,51.5891502],[-0.0085435,51.5897745],[-0.0371237,51.5874767],[-0.0349979,51.5770696],[-0.035772,51.5764421],[-0.0373087,51.5719661],[-0.0365179,51.5713146],[-0.0397007,51.5698925],[0.0109558,51.5834535],[0.0093649,51.5834031],[-0.0381602,51.6015181],[-0.0079505,51.5572549],[0.008725,51.5939847],[-0.0275207,51.596796],[-0.0084359,51.6418497],[0.0038833,51.5799422],[0.0035482,51.5799314],[0.002808,51.5774888],[0.0036848,51.5765904],[0.001783,51.5796605],[0.001295,51.5796165],[-0.0005035,51.5813453],[-0.0010612,51.5809164],[0.0014578,51.5812947],[0.0019813,51.5807523],[0.0075551,51.6265969],[-0.0352986,51.5971357],[-0.0351884,51.5972849],[-0.010702,51.5743508],[0.0065448,51.567363],[0.0072625,51.5592601],[-0.020611,51.5834085],[0.0128711,51.5993699],[-0.0099944,51.555333],[0.0083915,51.5685848],[-0.0042132,51.5574277],[0.0084455,51.5685732],[-0.0378773,51.5670846],[0.0001446,51.6100584],[-0.002306,51.5866058],[-0.000998,51.5877283],[-0.0323492,51.5811041],[-0.0305218,51.5816297],[-0.0214803,51.5827195],[0.0039387,51.559958],[0.0020217,51.5807796],[-0.0341251,51.5818588],[-0.023484,51.5813917],[-0.0238914,51.5815798],[-0.0034225,51.5920641],[0.0075015,51.5681126],[0.0087788,51.5685471],[-0.005462,51.5565882],[0.0120111,51.5691253],[-0.0199949,51.582941],[-0.0412711,51.5869017],[0.0068642,51.5529881],[0.0082924,51.5607597],[0.0085247,51.5635606],[0.0093707,51.5627414],[0.0101061,51.5652528],[0.0106647,51.567537],[0.0106958,51.5676109],[0.0072446,51.5680534],[0.0054156,51.5590532],[0.0037933,51.5599318],[0.0031519,51.5601074],[0.0071385,51.5588737],[0.0079983,51.5603486],[0.0063049,51.5571097],[0.0145671,51.5705545],[0.0151208,51.5708218],[-0.0100511,51.5553848],[-0.0026404,51.5604155],[0.0006691,51.5613339],[0.0031024,51.5631989],[0.0014251,51.5618818],[-0.002558,51.5596055],[-0.0079832,51.557289],[-0.0164466,51.5551417],[-0.0164631,51.5554101],[0.0203624,51.556155],[0.018632,51.5576418],[-0.0163709,51.5551087],[0.006604,51.5673427],[-0.0091302,51.5511192],[-0.0145053,51.5549718],[-0.0066879,51.569329],[-0.0074845,51.5695691],[-0.0155557,51.5538839],[-0.0160074,51.5540588],[-0.0160674,51.5537966],[-0.0201668,51.5836153],[-0.0118014,51.5738988],[-0.0117707,51.5747461],[-0.0171318,51.5782075],[0.009612,51.6328424],[0.0100258,51.633113],[0.0100625,51.6331001],[-0.0002753,51.6082266],[-0.0043683,51.6008845],[-0.0042089,51.60089],[0.0091556,51.569042],[0.0090047,51.568846],[0.0116429,51.5970976],[0.0118374,51.5974906],[0.0130386,51.5995933],[0.004146,51.5666925],[0.0024652,51.5658503],[0.0028852,51.5653626],[0.0054753,51.5552468],[0.0052237,51.5543129],[0.0053545,51.5531758],[0.0039127,51.5524301],[0.0043311,51.5524661],[0.0001028,51.5520393],[-0.000757,51.5519381],[-0.0154757,51.5972828],[-0.0178526,51.612168],[-0.0362235,51.566346],[-0.004492,51.5519027],[-0.0043337,51.5516306],[-0.0202008,51.5841203],[-0.0107653,51.5743027],[-0.0199245,51.582818],[-0.0323342,51.5813052],[-0.0201219,51.6032607],[0.0104739,51.6334048],[0.0103055,51.6335517],[0.0100695,51.6335373],[0.0099619,51.6334864],[0.0100524,51.6336864],[-0.0205852,51.583684],[-0.0214515,51.5829531],[-0.0214187,51.5829565],[-0.0201847,51.5838594],[-0.0205894,51.5839556],[0.0098751,51.5705437],[0.0102232,51.5706484],[0.0126005,51.6340925],[0.0133972,51.6341819],[0.0190082,51.5573271],[-0.034536,51.566705],[-0.0398931,51.5937477],[-0.0333519,51.6007769],[-0.039363,51.5992794],[-0.0392557,51.6001546],[-0.0384673,51.6011051],[-0.0377581,51.6018064],[-0.0363631,51.6020151],[-0.0346835,51.6016847],[-0.0342729,51.6014326],[-0.0335265,51.6013572],[-0.0334155,51.6003698],[-0.0337575,51.5998967],[-0.0345063,51.5998726],[-0.0353196,51.5998285],[-0.0357391,51.6001452],[-0.0366298,51.6002776],[-0.0381338,51.600029],[-0.0383855,51.599179],[0.0101345,51.5706581],[-0.0281936,51.5731484],[-0.0181573,51.6171665],[-0.0186263,51.582994],[-0.01834,51.5830263],[-0.021173,51.5908826],[0.0018222,51.5811621],[0.0015949,51.5814586],[0.0017182,51.5814903],[0.001764,51.5813817],[0.0016464,51.5812606],[0.0014198,51.581423],[0.0016189,51.5813545],[0.0016783,51.581165],[0.0078247,51.5638332],[-0.0419387,51.5866056],[-0.0408236,51.5866309],[-0.0130121,51.5572166],[-0.0206163,51.6036691],[-0.0429679,51.5868186],[-0.0036626,51.5919951],[0.0016046,51.5814199],[-0.0435247,51.5869912],[-0.0290673,51.5912827],[-0.0292068,51.5912987],[0.009948,51.5705098],[-0.0205257,51.5655442],[-0.0205439,51.5655626],[0.0176854,51.5705643],[-0.0054788,51.55596],[-0.0052092,51.5539452],[-0.0052641,51.5544159],[0.0064177,51.5528329],[0.0057589,51.5519476],[0.0092507,51.5834472],[0.0109292,51.5834037],[0.0039197,51.5694996],[0.0013554,51.5708253],[0.0007226,51.5723667],[0.0019629,51.5742544],[0.0047164,51.5758362],[0.002736,51.5774448],[0.0017205,51.5796112],[-0.0004469,51.5813036],[-0.0033047,51.5799911],[-0.0055532,51.5791289],[-0.0083825,51.5775913],[-0.0115664,51.5763881],[-0.0148815,51.576178],[-0.0163885,51.5774943],[-0.0181042,51.5795313],[-0.0183909,51.5830168],[-0.0231574,51.5827435],[-0.0256894,51.5824382],[-0.0282693,51.5830947],[-0.0291402,51.5854545],[-0.0304225,51.5886003],[-0.030578,51.5893466],[-0.0324433,51.5914894],[-0.0345887,51.5937982],[-0.0352431,51.5972792],[-0.0363971,51.5989633],[-0.0391092,51.59879],[-0.0362144,51.5989817],[-0.0355379,51.5984455],[-0.0352132,51.5971393],[-0.0343969,51.5934781],[-0.0322223,51.5913177],[-0.0305594,51.5893296],[-0.0300148,51.5879159],[-0.029123,51.5852738],[-0.0285216,51.5837138],[-0.0244099,51.582586],[-0.0183733,51.5806384],[-0.0170776,51.5782286],[-0.0143165,51.5759334],[-0.0076751,51.5765593],[-0.0069813,51.5782982],[-0.0045078,51.5795182],[-0.0011358,51.5809638],[0.001774,51.5796043],[0.003749,51.5766356],[0.0033663,51.5749622],[-0.0000808,51.5729414],[0.0009385,51.5710458],[0.0033908,51.5697475],[-0.0164248,51.5553905],[-0.0075519,51.5590663],[-0.0097561,51.5606128],[-0.0108271,51.5632263],[-0.0108706,51.5651782],[-0.0086136,51.56811],[-0.008279,51.569396],[-0.0083729,51.5725866],[-0.0195778,51.585372],[-0.0203193,51.5885506],[-0.0173535,51.5905757],[-0.0174422,51.5938204],[-0.0159234,51.5950138],[-0.0153821,51.597725],[-0.0158809,51.5993116],[-0.0164897,51.6034805],[-0.0165435,51.6052107],[-0.0168757,51.6072214],[-0.0176276,51.6096099],[-0.0179281,51.6121634],[-0.0175491,51.6138971],[-0.0174217,51.6165145],[-0.0170453,51.6202552],[-0.0165948,51.6238779],[-0.0147874,51.6256008],[-0.0111409,51.6270999],[-0.0081885,51.6269474],[-0.003928,51.6295979],[-0.0018965,51.6308949],[0.0020335,51.6309578],[0.0051393,51.631823],[0.0086681,51.6331106],[0.0029869,51.5891684],[0.0086308,51.6198607],[-0.0001123,51.6092371],[-0.0000133,51.6090336],[-0.001623,51.587149],[-0.0017529,51.5871914],[-0.0203526,51.5828933],[-0.0203018,51.5828161],[-0.0046695,51.557034],[-0.0236911,51.5814357],[-0.0234898,51.5814374],[0.0085629,51.5687904],[0.0086633,51.5687388],[0.0081311,51.5636556],[0.0082193,51.5637369],[0.0086968,51.5687315],[-0.0070263,51.5693652],[-0.0070379,51.5695038],[-0.004895,51.5570417],[0.0090274,51.6321899],[0.0093527,51.6324942],[0.0095989,51.63256],[-0.0413789,51.586572],[-0.0413783,51.5866671],[-0.0372027,51.5668512],[-0.0372979,51.5667644],[-0.0434382,51.5632168],[-0.0316387,51.5812369],[-0.031706,51.5813298],[-0.0422005,51.5869006],[-0.0421936,51.5868245],[-0.010691,51.5540129],[-0.0343825,51.5667712],[-0.0210373,51.5718406],[-0.0056561,51.5791678],[-0.0435158,51.5630377],[0.0126757,51.634095]]}},{"type":"Feature","properties":{"kind":"station","name":"Walthamstow Queen's Road"},"geometry":{"type":"Point","coordinates":[-0.0237594,51.5815237]}},{"type":"Feature","properties":{"kind":"station","name":"Blackhorse Road"},"geometry":{"type":"Point","coordinates":[-0.0416453,51.5867174]}},{"type":"Feature","properties":{"kind":"station","name":"Leytonstone High Road"},"geometry":{"type":"Point","coordinates":[0.0082011,51.5636822]}},{"type":"Feature","properties":{"kind":"station","name":"Leytonstone"},"geometry":{"type":"Point","coordinates":[0.0086166,51.5688027]}},{"type":"Feature","properties":{"kind":"station","name":"Leyton"},"geometry":{"type":"Point","coordinates":[-0.0051322,51.5568183]}},{"type":"Feature","properties":{"kind":"station","name":"Walthamstow Central"},"geometry":{"type":"Point","coordinates":[-0.0199941,51.582893]}},{"type":"Feature","properties":{"kind":"station","name":"Wood Street"},"geometry":{"type":"Point","coordinates":[-0.0016791,51.587041]}},{"type":"Feature","properties":{"kind":"station","name":"Leyton Midland Road"},"geometry":{"type":"Point","coordinates":[-0.0070876,51.5694523]}},{"type":"Feature","properties":{"kind":"station","name":"Chingford"},"geometry":{"type":"Point","coordinates":[0.009471,51.6325345]}},{"type":"Feature","properties":{"kind":"station","name":"Highams Park"},"geometry":{"type":"Point","coordinates":[-0.0001301,51.6088927]}},{"type":"Feature","properties":{"kind":"station","name":"St James Street"},"geometry":{"type":"Point","coordinates":[-0.0322047,51.5811716]}},{"type":"Feature","properties":{"kind":"station","name":"Lea Bridge"},"geometry":{"type":"Point","coordinates":[-0.0371218,51.5667512]}},{"type":"Feature","properties":{"kind":"station","name":"Chingford Bus Station"},"geometry":{"type":"Point","coordinates":[0.0102526,51.6335902]}}]}
