{"type":"FeatureCollection","properties":{"borough":"Wandsworth","generatedAt":"2026-09-30T18:15:21.360Z","source":"© OpenStreetMap contributors, ODbL 1.0","majorRouteCount":132,"otherRouteCount":137,"stopCount":758,"stationCount":15},"features":[{"type":"Feature","properties":{"kind":"boundary"},"geometry":{"type":"Polygon","coordinates":[[[-0.2591346,51.4549537],[-0.25908,51.4549262],[-0.2590806,51.4549255],[-0.2589544,51.4548645],[-0.258949,51.4548607],[-0.2588468,51.4548108],[-0.2586764,51.4547278],[-0.2584705,51.4546277],[-0.2581103,51.4544527],[-0.2577856,51.454295],[-0.2574786,51.4541448],[-0.2574128,51.4541123],[-0.2572551,51.4540349],[-0.2566726,51.4537488],[-0.2564725,51.4536506],[-0.2556548,51.4532508],[-0.2542923,51.4525876],[-0.2534803,51.4521901],[-0.2526324,51.4517788],[-0.2516676,51.4513058],[-0.251196,51.4510742],[-0.2506228,51.4507918],[-0.2499391,51.4504588],[-0.2489806,51.449994],[-0.2483643,51.4496932],[-0.2477631,51.4493996],[-0.2476192,51.4493295],[-0.2474033,51.4492172],[-0.2473965,51.4492139],[-0.2473499,51.4491898],[-0.2473135,51.4491961],[-0.2473007,51.4491789],[-0.247286,51.4491444],[-0.2472779,51.4491207],[-0.2472571,51.4490952],[-0.2472452,51.4490829],[-0.2470762,51.4489104],[-0.2466841,51.4485134],[-0.24601,51.447854],[-0.2455248,51.4473711],[-0.2451939,51.4470443],[-0.2451079,51.4469563],[-0.2450863,51.4469356],[-0.2450714,51.4469212],[-0.2450607,51.44691],[-0.2450339,51.4468823],[-0.2449958,51.4468433],[-0.2449675,51.4468142],[-0.2448998,51.4467443],[-0.2448182,51.4466688],[-0.2447995,51.4466494],[-0.2447681,51.4466178],[-0.244717,51.4465687],[-0.2446732,51.4465267],[-0.2446583,51.446512],[-0.244626,51.4464786],[-0.2445493,51.4463995],[-0.2445161,51.4463658],[-0.2444552,51.446303],[-0.2443708,51.4462172],[-0.2443652,51.446211],[-0.2443049,51.4461503],[-0.2442217,51.4460676],[-0.2441412,51.4459863],[-0.2440951,51.4459376],[-0.2439172,51.4457362],[-0.2437928,51.4455966],[-0.2436235,51.4453989],[-0.24353,51.4452933],[-0.2433131,51.4450472],[-0.243014,51.4447103],[-0.2429946,51.4446816],[-0.2429704,51.4446558],[-0.2429354,51.4446172],[-0.2428206,51.4444846],[-0.2427101,51.4443585],[-0.2426439,51.4442823],[-0.2425814,51.4442096],[-0.2424927,51.4441117],[-0.2424065,51.4440114],[-0.2422913,51.4438835],[-0.2422396,51.4438261],[-0.242201,51.443781],[-0.2421709,51.4437481],[-0.2420211,51.4435727],[-0.2418897,51.4434233],[-0.2417458,51.4432633],[-0.2416225,51.4431183],[-0.241728,51.4430032],[-0.2417885,51.44294],[-0.2418358,51.4428875],[-0.2418711,51.4428514],[-0.2419637,51.4427442],[-0.2424557,51.4422227],[-0.2425274,51.442143],[-0.2425457,51.4421239],[-0.2425631,51.4421051],[-0.2426047,51.4420604],[-0.24266,51.4420008],[-0.2427005,51.4419567],[-0.2427374,51.4419163],[-0.2427455,51.4419117],[-0.2427605,51.4419054],[-0.2427799,51.4418973],[-0.2428456,51.4418717],[-0.2429394,51.4418332],[-0.2430971,51.4417692],[-0.243719,51.4415152],[-0.2445016,51.4411959],[-0.2450243,51.4409829],[-0.2457623,51.440679],[-0.2463634,51.4404268],[-0.2463994,51.4404139],[-0.2464908,51.4403764],[-0.2467772,51.4402602],[-0.2471085,51.4401261],[-0.2474035,51.4400063],[-0.2476207,51.4399153],[-0.2479363,51.4397878],[-0.2490629,51.4393362],[-0.2511517,51.4384834],[-0.2520431,51.4381217],[-0.2532735,51.4376265],[-0.2538618,51.4373847],[-0.2538921,51.4373739],[-0.2539226,51.4373609],[-0.2539623,51.4373449],[-0.2540414,51.4373131],[-0.2540371,51.4373103],[-0.2540648,51.4372989],[-0.2540849,51.4372905],[-0.2540887,51.437289],[-0.2540901,51.4372885],[-0.2540349,51.4372404],[-0.2537911,51.4370048],[-0.2537381,51.43695],[-0.25361,51.4368006],[-0.2535567,51.436727],[-0.2535122,51.436649],[-0.2534736,51.4365675],[-0.2534512,51.4363612],[-0.2534491,51.4360779],[-0.2534561,51.4358937],[-0.2533996,51.4357166],[-0.2533219,51.4355644],[-0.2532569,51.43546],[-0.2531105,51.4352986],[-0.2530245,51.4352146],[-0.2529352,51.4351414],[-0.2528438,51.435086],[-0.2527265,51.4350321],[-0.2526095,51.4349684],[-0.2520999,51.4347126],[-0.2519895,51.4346633],[-0.2517859,51.4345712],[-0.2516702,51.4345119],[-0.2516152,51.4344823],[-0.2514746,51.4343957],[-0.2514117,51.434348],[-0.2512994,51.4342375],[-0.2512545,51.4341685],[-0.2512142,51.4340951],[-0.2510935,51.4337902],[-0.2510532,51.4336079],[-0.2510366,51.433533],[-0.2510266,51.4334341],[-0.2510396,51.4332031],[-0.2510366,51.4328317],[-0.2510655,51.4326379],[-0.2510841,51.4325662],[-0.2509264,51.4325939],[-0.2507927,51.4326257],[-0.2506488,51.432664],[-0.2502767,51.4327637],[-0.2496899,51.4329087],[-0.2487742,51.4331531],[-0.248236,51.43327],[-0.2474568,51.4334823],[-0.2464073,51.4337256],[-0.2459725,51.4338429],[-0.2450167,51.4340852],[-0.2441001,51.4343511],[-0.2437297,51.4344427],[-0.2432359,51.4345648],[-0.242767,51.4346737],[-0.242261,51.4348136],[-0.2417177,51.4349494],[-0.2411851,51.4350971],[-0.2407117,51.4352202],[-0.2405079,51.4352819],[-0.2398144,51.4355062],[-0.2392014,51.4356957],[-0.2384788,51.4359295],[-0.2376132,51.4361781],[-0.2368992,51.436412],[-0.2360769,51.436655],[-0.235159,51.4369155],[-0.233168,51.4375437],[-0.2322106,51.4378566],[-0.2316561,51.4380191],[-0.2313235,51.4381391],[-0.2310743,51.438183],[-0.2309073,51.438185],[-0.2304635,51.4382017],[-0.2301152,51.4382514],[-0.2292911,51.4383431],[-0.2288096,51.438406],[-0.2276385,51.4385151],[-0.2269821,51.4385951],[-0.2258674,51.4386933],[-0.2255201,51.4386835],[-0.2251307,51.4387343],[-0.2247982,51.4386645],[-0.2245958,51.4386069],[-0.2245079,51.4385819],[-0.2242769,51.4388608],[-0.2235352,51.4387768],[-0.2232397,51.4387434],[-0.2231288,51.4387309],[-0.2227436,51.4386874],[-0.221131,51.4385055],[-0.2204382,51.4384492],[-0.2197044,51.4385234],[-0.2195988,51.4385371],[-0.2191583,51.4386186],[-0.2188159,51.4386529],[-0.218598,51.4386712],[-0.2185329,51.4386783],[-0.2184665,51.4386836],[-0.2184016,51.438688],[-0.2183339,51.4386906],[-0.2182676,51.4386932],[-0.2182014,51.4386939],[-0.2181352,51.4386938],[-0.2180691,51.4386919],[-0.2180446,51.4386916],[-0.2179786,51.4386888],[-0.2179126,51.4386842],[-0.2178466,51.4386796],[-0.2177806,51.4386732],[-0.2177147,51.438665],[-0.2176503,51.4386568],[-0.217586,51.4386468],[-0.2175216,51.4386369],[-0.2174573,51.4386251],[-0.2173945,51.4386124],[-0.2173317,51.438598],[-0.2171344,51.438568],[-0.2168853,51.4384977],[-0.2165315,51.4383457],[-0.2162381,51.4381569],[-0.2161764,51.4381173],[-0.2161694,51.4381127],[-0.2161095,51.4380887],[-0.216077,51.4380465],[-0.2160337,51.4380126],[-0.2159905,51.4379778],[-0.2159501,51.4379421],[-0.215921,51.4379147],[-0.2157347,51.4377464],[-0.2157073,51.4377496],[-0.2155512,51.437767],[-0.2151083,51.4377962],[-0.2142495,51.4378308],[-0.2137811,51.4378506],[-0.213246,51.437847],[-0.2131517,51.4378293],[-0.2129691,51.4378266],[-0.2127791,51.4378291],[-0.2125459,51.4378318],[-0.2122296,51.4378629],[-0.2121196,51.4378792],[-0.2116839,51.4379454],[-0.2109971,51.4380689],[-0.210388,51.4381541],[-0.2099383,51.4382102],[-0.2091289,51.4383048],[-0.2086854,51.4383493],[-0.2083171,51.438385],[-0.2080426,51.4384132],[-0.2078765,51.4384295],[-0.2074763,51.4384729],[-0.2072891,51.4385123],[-0.2066826,51.4386433],[-0.2058898,51.4387157],[-0.2054394,51.4387915],[-0.2045579,51.4389615],[-0.2042854,51.4390122],[-0.2042558,51.4389604],[-0.2036818,51.4390677],[-0.2030004,51.4391975],[-0.2027339,51.439242],[-0.201606,51.4394585],[-0.1985174,51.4400261],[-0.1971706,51.4402815],[-0.1967057,51.4403598],[-0.196453,51.4404548],[-0.1946105,51.4408365],[-0.1945482,51.4407393],[-0.1944871,51.44075],[-0.1944583,51.440755],[-0.1934162,51.4409476],[-0.1928643,51.4410398],[-0.1925225,51.4410957],[-0.1903938,51.441401],[-0.190092,51.4414638],[-0.1900789,51.4414671],[-0.19006,51.4414719],[-0.1900112,51.4413777],[-0.1900129,51.4413115],[-0.1900349,51.4411903],[-0.1900568,51.440994],[-0.1900665,51.4408136],[-0.1900265,51.4406234],[-0.1899432,51.4404354],[-0.1897592,51.4400558],[-0.1898026,51.4400484],[-0.1898867,51.4400335],[-0.1899411,51.4398212],[-0.1899634,51.4397316],[-0.1902105,51.4394504],[-0.1902921,51.4393149],[-0.1903136,51.4392802],[-0.1904204,51.4393088],[-0.1904617,51.4393193],[-0.1904651,51.4393059],[-0.1905303,51.4391127],[-0.1906461,51.4389499],[-0.1906674,51.4389197],[-0.1905353,51.438914],[-0.1902713,51.4388569],[-0.1899351,51.4387735],[-0.1897283,51.4386165],[-0.1895479,51.438558],[-0.1892032,51.4385452],[-0.1892583,51.4381182],[-0.1893547,51.4376309],[-0.1894306,51.4373344],[-0.1896435,51.4365757],[-0.1897601,51.4361737],[-0.189887,51.4358043],[-0.1900689,51.4352783],[-0.1901581,51.4350013],[-0.1902453,51.4347883],[-0.1903331,51.4345958],[-0.1906097,51.4341058],[-0.1907199,51.4339427],[-0.1908127,51.4338668],[-0.1908971,51.433816],[-0.1909913,51.4337548],[-0.1910872,51.4336837],[-0.1911455,51.4336286],[-0.1911719,51.4335595],[-0.1911702,51.4335036],[-0.1911607,51.4334551],[-0.1911458,51.4333956],[-0.1911297,51.4333259],[-0.1911119,51.4332177],[-0.19103,51.4330464],[-0.1908449,51.4327886],[-0.190668,51.4325691],[-0.1905427,51.43239],[-0.1904731,51.4322208],[-0.1904284,51.4320855],[-0.190387,51.4319973],[-0.1903195,51.431897],[-0.1902244,51.4317799],[-0.1899579,51.4315357],[-0.1897993,51.4313516],[-0.1897329,51.4313752],[-0.1895672,51.4314346],[-0.1893179,51.4315247],[-0.1890839,51.4316082],[-0.1891934,51.4317423],[-0.189258,51.4318218],[-0.1891657,51.4318517],[-0.1889647,51.4319173],[-0.1886851,51.4320067],[-0.1884241,51.4320894],[-0.1883584,51.4321099],[-0.1883518,51.4321113],[-0.1883175,51.4320679],[-0.1882427,51.4321078],[-0.1879346,51.4321012],[-0.1878606,51.4321017],[-0.1878415,51.4321015],[-0.187716,51.4321025],[-0.1876882,51.4321027],[-0.1874224,51.4321034],[-0.1873957,51.4322868],[-0.1873657,51.4324859],[-0.1873341,51.4327086],[-0.1873134,51.4328669],[-0.187302,51.4329418],[-0.1872974,51.4329718],[-0.1872946,51.4329794],[-0.1872923,51.4329866],[-0.1872894,51.4329864],[-0.1872854,51.4329862],[-0.187265,51.4329858],[-0.1872466,51.4329853],[-0.187199,51.4329838],[-0.1871551,51.4329826],[-0.187104,51.4329811],[-0.1870665,51.43298],[-0.187025,51.4329788],[-0.1870019,51.4329781],[-0.1869366,51.4329762],[-0.1868641,51.4329741],[-0.1867832,51.4329715],[-0.1867199,51.4329694],[-0.1866654,51.4329678],[-0.1866179,51.4329667],[-0.1865547,51.4329653],[-0.1865373,51.4329649],[-0.1864937,51.4329647],[-0.1864599,51.4329646],[-0.1864173,51.4329644],[-0.1863691,51.4329764],[-0.186304,51.4329927],[-0.1863001,51.4329937],[-0.1862816,51.4329999],[-0.186238,51.4330143],[-0.1862037,51.4330258],[-0.1861845,51.4330182],[-0.186138,51.4330327],[-0.186136,51.4330491],[-0.1860598,51.4330732],[-0.1859767,51.4330995],[-0.1859352,51.4331128],[-0.1859035,51.4331228],[-0.1858765,51.433117],[-0.1858483,51.4331258],[-0.185837,51.4331293],[-0.185832,51.4331486],[-0.1857851,51.433159],[-0.1857508,51.4331666],[-0.1857363,51.4331481],[-0.1857144,51.4331197],[-0.1856857,51.4330826],[-0.1856613,51.4330511],[-0.1856272,51.4330072],[-0.1855803,51.4329452],[-0.1855705,51.4329337],[-0.1855443,51.4329023],[-0.1855076,51.4328517],[-0.1854952,51.4328327],[-0.1854647,51.4327846],[-0.1854336,51.4327351],[-0.1853931,51.4326696],[-0.1853444,51.4325943],[-0.1853324,51.4325763],[-0.1853459,51.4325641],[-0.1853154,51.4325423],[-0.1852748,51.432513],[-0.1852034,51.4324603],[-0.1851757,51.4324401],[-0.1851176,51.4324033],[-0.1850262,51.4323461],[-0.1849571,51.4323019],[-0.1849033,51.4322666],[-0.1848393,51.4322153],[-0.1848091,51.4321906],[-0.1847619,51.4321459],[-0.184732,51.4321173],[-0.1846639,51.4320525],[-0.1846287,51.4320189],[-0.1846442,51.4320121],[-0.1846255,51.4319875],[-0.1846078,51.4319648],[-0.1845986,51.4319529],[-0.1845657,51.4319109],[-0.1845541,51.431896],[-0.1845298,51.4319022],[-0.1845048,51.4318642],[-0.1844675,51.4318078],[-0.1844377,51.4317625],[-0.184416,51.4317293],[-0.1843995,51.4317044],[-0.1843902,51.4316714],[-0.1843811,51.4316399],[-0.1843622,51.4315849],[-0.1843581,51.4315319],[-0.1843557,51.4315201],[-0.1843636,51.4314996],[-0.1843757,51.4314679],[-0.1843983,51.4314095],[-0.1844172,51.4314118],[-0.1844278,51.4313868],[-0.1843929,51.4313627],[-0.1843734,51.4313491],[-0.1843282,51.4313178],[-0.1842722,51.4312838],[-0.1842558,51.4312679],[-0.1842338,51.4312527],[-0.1841746,51.4312116],[-0.1841717,51.4311746],[-0.1841717,51.4311401],[-0.1841718,51.4311194],[-0.184175,51.4310921],[-0.1841785,51.4310723],[-0.1841896,51.4310272],[-0.1842035,51.4309692],[-0.1842168,51.4309214],[-0.1842336,51.4308587],[-0.1842443,51.4308167],[-0.1842616,51.4307472],[-0.1842795,51.4306765],[-0.1843004,51.4305929],[-0.1843181,51.4305184],[-0.1843377,51.4304334],[-0.1843633,51.4303213],[-0.1843883,51.4302126],[-0.1844113,51.4301135],[-0.1844331,51.4300174],[-0.184453,51.4299303],[-0.1844719,51.4298476],[-0.1845062,51.4296923],[-0.1845236,51.429614],[-0.1845269,51.4296012],[-0.184532,51.429519],[-0.1845374,51.4294309],[-0.184542,51.429365],[-0.1845451,51.4293116],[-0.1845492,51.4292484],[-0.1845581,51.42911],[-0.1845636,51.4289712],[-0.1845677,51.4288284],[-0.1845716,51.4286952],[-0.1845753,51.4285776],[-0.1845775,51.4284386],[-0.1845792,51.4283121],[-0.1845802,51.4281963],[-0.1845791,51.4280651],[-0.1845787,51.4279342],[-0.1845796,51.4278197],[-0.1845677,51.4276946],[-0.184561,51.427631],[-0.1845345,51.4275486],[-0.1844878,51.4274028],[-0.184469,51.4273434],[-0.1844463,51.427276],[-0.1844356,51.4272776],[-0.1844307,51.4272445],[-0.1844265,51.4272264],[-0.1844198,51.4271963],[-0.1844131,51.4271708],[-0.1843943,51.4270998],[-0.1843774,51.4270358],[-0.1843652,51.4269965],[-0.1843521,51.4269537],[-0.1843371,51.426905],[-0.1843216,51.4268585],[-0.1843066,51.4268118],[-0.1842793,51.4267437],[-0.184242,51.4266602],[-0.1842064,51.4265795],[-0.1841715,51.4265041],[-0.1841475,51.4264556],[-0.1841236,51.426423],[-0.1840969,51.4263889],[-0.1840704,51.4263528],[-0.184065,51.4263463],[-0.1840362,51.4263093],[-0.1840265,51.4262995],[-0.1839819,51.4262573],[-0.1839172,51.4261929],[-0.1838401,51.4261186],[-0.1837551,51.426036],[-0.1836742,51.4259562],[-0.183656,51.4259382],[-0.1835993,51.4258821],[-0.1835286,51.4258162],[-0.1834835,51.4257667],[-0.183436,51.4257241],[-0.183388,51.4256807],[-0.1833177,51.4256167],[-0.1832144,51.4255244],[-0.1831142,51.4254622],[-0.1830264,51.4254083],[-0.1829332,51.4253507],[-0.182812,51.4252741],[-0.1826839,51.4251946],[-0.182553,51.4251124],[-0.1824123,51.4250238],[-0.1822941,51.4249504],[-0.1821803,51.4248792],[-0.1820604,51.4248024],[-0.1820166,51.4247677],[-0.1819641,51.4247317],[-0.1819609,51.4247316],[-0.1819387,51.4247306],[-0.1819351,51.4247299],[-0.1819186,51.424727],[-0.1818873,51.4247215],[-0.1818472,51.4247142],[-0.1817829,51.4247029],[-0.1817076,51.4246897],[-0.1816262,51.4246755],[-0.1815492,51.4246624],[-0.1814663,51.4246485],[-0.1813821,51.4246344],[-0.1813071,51.4246224],[-0.1812353,51.424611],[-0.1811473,51.4245971],[-0.1810823,51.4245872],[-0.1810108,51.4245762],[-0.18095,51.4245666],[-0.1808627,51.424553],[-0.1808508,51.424551],[-0.1808143,51.4245454],[-0.1807909,51.4245417],[-0.1807639,51.4245386],[-0.1807086,51.4245323],[-0.1806318,51.4245235],[-0.1805633,51.4245155],[-0.180496,51.4245077],[-0.1804218,51.424499],[-0.1803418,51.4244897],[-0.1802645,51.4244806],[-0.180198,51.4244731],[-0.1801312,51.4244657],[-0.1800531,51.4244568],[-0.1799766,51.4244479],[-0.1798841,51.4244372],[-0.179817,51.4244295],[-0.1797296,51.4244195],[-0.1796491,51.4244108],[-0.1795773,51.4244037],[-0.1794507,51.4243907],[-0.1793593,51.4243809],[-0.1792563,51.4243698],[-0.1791889,51.4243624],[-0.1791078,51.4243535],[-0.1790231,51.4243442],[-0.1789379,51.4243348],[-0.1788786,51.4243285],[-0.1787947,51.4243196],[-0.178731,51.424313],[-0.1786991,51.4243092],[-0.178646,51.4243024],[-0.1785783,51.4242938],[-0.1784875,51.4242822],[-0.1784096,51.4242723],[-0.1783281,51.4242619],[-0.1782441,51.4242505],[-0.1781611,51.4242387],[-0.1780902,51.4242292],[-0.1780348,51.424222],[-0.1779632,51.4242116],[-0.1779217,51.4242053],[-0.1778609,51.4241949],[-0.1777891,51.4241823],[-0.1777388,51.4241736],[-0.1777235,51.424171],[-0.1777135,51.424173],[-0.1776706,51.4241666],[-0.1776461,51.4241631],[-0.177597,51.4241526],[-0.1775276,51.424138],[-0.1774534,51.4241223],[-0.177384,51.4241083],[-0.1773087,51.4240935],[-0.1772378,51.4240785],[-0.1771405,51.4240579],[-0.1770443,51.4240371],[-0.1769692,51.4240207],[-0.1769036,51.4240064],[-0.1768375,51.4239914],[-0.176764,51.4239748],[-0.1766855,51.4239563],[-0.1765953,51.4239351],[-0.1765158,51.4239167],[-0.1764414,51.4238996],[-0.1763782,51.4238852],[-0.1763321,51.4238748],[-0.1763059,51.423869],[-0.1762675,51.4238605],[-0.1758284,51.4237548],[-0.1757706,51.4237389],[-0.1756833,51.4237126],[-0.1756061,51.4236886],[-0.1755094,51.4236587],[-0.1753892,51.4236222],[-0.1751684,51.4235554],[-0.1750066,51.4235071],[-0.1749943,51.4235032],[-0.1748928,51.4234731],[-0.1747104,51.4234175],[-0.1746021,51.4233826],[-0.1746386,51.423352],[-0.1745609,51.4233239],[-0.174454,51.4232878],[-0.1744472,51.4232854],[-0.1743158,51.4232409],[-0.1742087,51.4232027],[-0.1740623,51.42315],[-0.1739124,51.4230956],[-0.1737241,51.4230269],[-0.1736728,51.4230872],[-0.173614,51.4231556],[-0.1735954,51.4231773],[-0.1735636,51.4231654],[-0.1735379,51.4231558],[-0.173442,51.4231199],[-0.1733933,51.4231007],[-0.1733736,51.4230923],[-0.1733459,51.4230714],[-0.1733408,51.4230676],[-0.173321,51.4230524],[-0.1733158,51.42305],[-0.1733027,51.4230428],[-0.1732693,51.4230245],[-0.1732438,51.4230106],[-0.173203,51.4229923],[-0.1731545,51.4229708],[-0.173099,51.4229459],[-0.1730281,51.4229143],[-0.1729801,51.4228927],[-0.1729255,51.4228683],[-0.172867,51.4228421],[-0.1728125,51.4228176],[-0.1727587,51.4227932],[-0.1726955,51.4227647],[-0.1726352,51.4227377],[-0.1725656,51.4227067],[-0.1725095,51.4226822],[-0.1724149,51.4226409],[-0.1722848,51.4225841],[-0.1721445,51.4225202],[-0.1720904,51.4224924],[-0.1720737,51.4224837],[-0.1720322,51.4224598],[-0.1720071,51.4224452],[-0.171957,51.4224145],[-0.1718398,51.4223402],[-0.1717889,51.422308],[-0.1717499,51.4222833],[-0.1717012,51.4222528],[-0.1716356,51.4222121],[-0.1715927,51.4221858],[-0.1715234,51.422145],[-0.171472,51.4221142],[-0.171389,51.4220762],[-0.1713691,51.4220673],[-0.1713104,51.4220413],[-0.1712751,51.4220258],[-0.1712564,51.4220176],[-0.1711968,51.4219901],[-0.1711029,51.4219467],[-0.1710206,51.4219086],[-0.1709506,51.4218765],[-0.1709039,51.4218563],[-0.1708114,51.4218159],[-0.1707074,51.4217703],[-0.1706062,51.4217283],[-0.1704927,51.4216812],[-0.170436,51.4216578],[-0.1704115,51.4216483],[-0.1703173,51.4216115],[-0.1702063,51.4215697],[-0.1701714,51.4215565],[-0.1701053,51.421531],[-0.1700336,51.4215031],[-0.169982,51.4214848],[-0.1698812,51.4214494],[-0.1697454,51.4214021],[-0.1696178,51.4213583],[-0.169476,51.421308],[-0.1693317,51.4212549],[-0.1692849,51.4212374],[-0.1691978,51.4212082],[-0.1690902,51.4211723],[-0.1690042,51.4211441],[-0.1689417,51.4211241],[-0.1688334,51.4210901],[-0.16879,51.4210763],[-0.1687211,51.4210562],[-0.1686049,51.4210217],[-0.1684959,51.4209896],[-0.168465,51.4209806],[-0.1683968,51.420952],[-0.1682925,51.4209206],[-0.1682042,51.4208935],[-0.1680991,51.4208591],[-0.1679778,51.4208206],[-0.1679317,51.4208116],[-0.1678881,51.4208018],[-0.1678737,51.4208008],[-0.1678391,51.4207984],[-0.1677622,51.4207791],[-0.1677317,51.4207714],[-0.1677132,51.4207668],[-0.1676979,51.4207616],[-0.1676983,51.4207581],[-0.1676439,51.4207449],[-0.1675963,51.4207334],[-0.1675621,51.4207253],[-0.1675645,51.4207191],[-0.1675001,51.420705],[-0.1674194,51.4206875],[-0.1673445,51.4206689],[-0.1673259,51.4206645],[-0.1672853,51.4206562],[-0.1671665,51.4206326],[-0.1671074,51.420621],[-0.1671046,51.4206278],[-0.1670574,51.4206195],[-0.1669799,51.420606],[-0.1669448,51.4206001],[-0.1668234,51.4205837],[-0.166756,51.4205746],[-0.1667103,51.4205695],[-0.166625,51.4205593],[-0.1665138,51.420547],[-0.166414,51.4205362],[-0.1663112,51.4205254],[-0.1662176,51.4205152],[-0.1661492,51.4205079],[-0.1660505,51.4204973],[-0.1659537,51.4204853],[-0.1658381,51.420471],[-0.1656974,51.4204545],[-0.1655763,51.4204395],[-0.1654687,51.4204257],[-0.1653547,51.4204131],[-0.1652474,51.4204016],[-0.1651805,51.4203933],[-0.1650601,51.4203784],[-0.1649879,51.4203688],[-0.1649357,51.420366],[-0.1648318,51.4203559],[-0.1648378,51.420315],[-0.1648486,51.4202665],[-0.1649451,51.420274],[-0.1649836,51.4201835],[-0.164986,51.4201744],[-0.1649932,51.4201485],[-0.165005,51.4201032],[-0.1649453,51.4200952],[-0.1648332,51.4200803],[-0.1647351,51.4200672],[-0.1646288,51.4200548],[-0.1645165,51.4200415],[-0.164434,51.420032],[-0.1643753,51.4200259],[-0.1642553,51.4200134],[-0.1641242,51.4199997],[-0.1640049,51.4199871],[-0.1638672,51.4199748],[-0.1637243,51.4199621],[-0.1635719,51.4199486],[-0.1635264,51.4199445],[-0.1634916,51.4199416],[-0.1634458,51.4199386],[-0.163327,51.419931],[-0.1632101,51.419923],[-0.1630692,51.4199135],[-0.1629208,51.4199034],[-0.162812,51.4198961],[-0.1628031,51.4198954],[-0.1627725,51.4198944],[-0.1626558,51.4198896],[-0.1625172,51.4198841],[-0.1623853,51.4198788],[-0.1622542,51.4198739],[-0.1621246,51.4198702],[-0.1619893,51.4198664],[-0.1618536,51.4198625],[-0.1617274,51.4198589],[-0.1616742,51.4198573],[-0.1616211,51.4198558],[-0.161606,51.4198803],[-0.1615705,51.419938],[-0.1615488,51.4199733],[-0.1615143,51.4200296],[-0.1614755,51.4200987],[-0.1614126,51.4202182],[-0.1613395,51.4203554],[-0.1612583,51.4205095],[-0.1611816,51.4206542],[-0.1611481,51.4207162],[-0.1610833,51.4208175],[-0.1610107,51.4209303],[-0.1609343,51.421041],[-0.1608696,51.4211322],[-0.1607734,51.4212591],[-0.1606778,51.4213825],[-0.160581,51.4215086],[-0.1604631,51.4216715],[-0.1603933,51.4217788],[-0.1603614,51.4218533],[-0.160352,51.4219071],[-0.1601762,51.4218639],[-0.1601699,51.4218621],[-0.1600639,51.4218368],[-0.1600258,51.4218797],[-0.1600088,51.4218983],[-0.1600078,51.4218991],[-0.1599769,51.4219297],[-0.1599669,51.4219399],[-0.1599407,51.4219658],[-0.160005,51.4219869],[-0.1599701,51.4220462],[-0.1599781,51.4220483],[-0.1599707,51.4220615],[-0.1599698,51.422091],[-0.1599694,51.4221191],[-0.1599683,51.4221597],[-0.1599673,51.4221863],[-0.159998,51.4221952],[-0.1600768,51.422217],[-0.1600638,51.4222471],[-0.16005,51.4222769],[-0.1600201,51.4222699],[-0.160009,51.4222672],[-0.1600025,51.4222743],[-0.1599803,51.4222691],[-0.1599495,51.4222641],[-0.1599307,51.4222609],[-0.1599202,51.4222827],[-0.1599155,51.4222937],[-0.1599074,51.422309],[-0.1599074,51.4223566],[-0.1599073,51.4223933],[-0.1599081,51.4224541],[-0.1599087,51.422507],[-0.1599093,51.4225653],[-0.1599097,51.4226104],[-0.1598859,51.4226034],[-0.1598518,51.422594],[-0.1597452,51.4225646],[-0.1596995,51.4225517],[-0.1596717,51.422544],[-0.1596801,51.4225184],[-0.1596918,51.4224741],[-0.1597036,51.4224284],[-0.1596921,51.4224257],[-0.1596872,51.4224414],[-0.1596734,51.4224706],[-0.1596563,51.4225064],[-0.1596467,51.4225237],[-0.1596167,51.422559],[-0.1595999,51.4225539],[-0.15958,51.422548],[-0.1595402,51.4225325],[-0.1594727,51.4225031],[-0.1594429,51.4225018],[-0.1594285,51.422501],[-0.1594108,51.4224948],[-0.1593865,51.4224864],[-0.1593566,51.422476],[-0.1593085,51.4224592],[-0.1592648,51.4224441],[-0.1592486,51.4224384],[-0.1592611,51.4224242],[-0.159267,51.422412],[-0.1592344,51.4224032],[-0.159183,51.4223826],[-0.1591504,51.4223696],[-0.159117,51.4223562],[-0.1590692,51.422337],[-0.1590171,51.4223161],[-0.15897,51.4222973],[-0.1589238,51.4222787],[-0.1588764,51.4222596],[-0.1588082,51.4222323],[-0.158727,51.4221997],[-0.1586261,51.4221593],[-0.1585264,51.4221193],[-0.158411,51.4220728],[-0.1583666,51.4220604],[-0.1582772,51.4220181],[-0.1582453,51.4219992],[-0.1581628,51.4219662],[-0.1580796,51.4219345],[-0.1579537,51.4218888],[-0.157887,51.4218642],[-0.1577553,51.4218155],[-0.1576082,51.4217618],[-0.157491,51.4217212],[-0.1573846,51.4216846],[-0.1572674,51.4216442],[-0.1571287,51.4215964],[-0.1569734,51.421543],[-0.1568877,51.421514],[-0.1568711,51.4215088],[-0.1567941,51.4214873],[-0.1566776,51.4214547],[-0.156547,51.4214178],[-0.1564657,51.4213951],[-0.1563753,51.4213697],[-0.1563077,51.4213511],[-0.1562487,51.4213347],[-0.1561704,51.4213132],[-0.1560013,51.4212726],[-0.1559519,51.4212609],[-0.1557745,51.4212251],[-0.1556796,51.4212038],[-0.1556177,51.4211901],[-0.1555732,51.4211817],[-0.1555004,51.4211617],[-0.1554651,51.4211521],[-0.15538,51.4211266],[-0.1551864,51.4210664],[-0.154981,51.4210023],[-0.1548099,51.4209484],[-0.1546248,51.4208904],[-0.1545829,51.4208716],[-0.154513,51.4208472],[-0.1544244,51.4208173],[-0.1543518,51.4207928],[-0.1542796,51.4207663],[-0.1541946,51.4207365],[-0.1541708,51.4207283],[-0.1541164,51.4207119],[-0.1540541,51.4206934],[-0.1539451,51.4206617],[-0.1539371,51.4206592],[-0.1538843,51.4206468],[-0.153832,51.4206264],[-0.1537985,51.4206132],[-0.1537155,51.4205857],[-0.1536255,51.4205569],[-0.1534975,51.4205158],[-0.1533655,51.4204733],[-0.1533049,51.4204548],[-0.1531803,51.4204167],[-0.1530372,51.420373],[-0.1528285,51.4203097],[-0.1525592,51.420227],[-0.1522862,51.4201443],[-0.1520189,51.4200622],[-0.1517277,51.4199732],[-0.1515045,51.4199029],[-0.1514142,51.4198746],[-0.1513647,51.419864],[-0.1513607,51.4198628],[-0.1513372,51.4198592],[-0.1512827,51.4198541],[-0.1512632,51.4198528],[-0.1512303,51.4198517],[-0.1511876,51.4198535],[-0.1511505,51.4198572],[-0.151058,51.4198756],[-0.1510193,51.4198855],[-0.1509876,51.4198939],[-0.1509281,51.4199142],[-0.150805,51.4199564],[-0.1507736,51.4199665],[-0.1505577,51.4200396],[-0.1505147,51.420054],[-0.1505023,51.4200575],[-0.150478,51.4200629],[-0.1504698,51.4200652],[-0.1504082,51.4200744],[-0.1503612,51.4200769],[-0.1502896,51.4200758],[-0.150184,51.4200544],[-0.150043,51.4200258],[-0.1499355,51.4200001],[-0.1498367,51.4199768],[-0.1498112,51.4199706],[-0.1496933,51.4199499],[-0.1496541,51.4199427],[-0.1495804,51.4199263],[-0.1495457,51.4199174],[-0.1495029,51.419906],[-0.1494466,51.4198886],[-0.1493657,51.4198606],[-0.1492582,51.4198189],[-0.1491587,51.4197807],[-0.1490626,51.4197405],[-0.148973,51.4197042],[-0.1488909,51.4196704],[-0.1487317,51.4196016],[-0.1486497,51.4195654],[-0.1485808,51.4195345],[-0.1485601,51.4195258],[-0.1485566,51.419524],[-0.1484967,51.4194979],[-0.1484344,51.4194669],[-0.1483699,51.4194316],[-0.1483015,51.4193935],[-0.1482972,51.4193913],[-0.1482123,51.4193428],[-0.1481484,51.4193035],[-0.1480893,51.4192664],[-0.1480097,51.4192081],[-0.1479687,51.4191772],[-0.1479293,51.4191492],[-0.1478848,51.4191208],[-0.1478391,51.4190918],[-0.1477867,51.4190614],[-0.1477323,51.4190321],[-0.1477045,51.4190181],[-0.1476404,51.4189859],[-0.1476115,51.4189775],[-0.14759,51.4189759],[-0.1475837,51.4189759],[-0.1474552,51.4189686],[-0.1473593,51.4189683],[-0.1472843,51.4189684],[-0.1472325,51.4189698],[-0.147128,51.4189728],[-0.1471024,51.4189693],[-0.1469808,51.4189513],[-0.1469428,51.4189448],[-0.1468814,51.4189285],[-0.1468198,51.4188996],[-0.14678,51.4188812],[-0.1467198,51.4188452],[-0.1466311,51.4187975],[-0.1465614,51.4187541],[-0.1465112,51.4187275],[-0.1464663,51.4187025],[-0.1464251,51.4186772],[-0.1463911,51.4186526],[-0.1463595,51.4186294],[-0.1462957,51.4185766],[-0.1462445,51.4185417],[-0.1462272,51.4185306],[-0.1462049,51.4185075],[-0.1461927,51.4184967],[-0.1461415,51.4184626],[-0.1461025,51.4184376],[-0.1460987,51.4184346],[-0.1460241,51.4183871],[-0.1460068,51.4183759],[-0.1459829,51.4183562],[-0.1459643,51.4183362],[-0.1459576,51.418328],[-0.1459358,51.4183139],[-0.1459016,51.4182929],[-0.145843,51.4182575],[-0.1457832,51.4182284],[-0.1457785,51.4182258],[-0.1457748,51.4182243],[-0.1457177,51.4181958],[-0.145701,51.4181876],[-0.1456307,51.4181588],[-0.145572,51.4181379],[-0.1454628,51.4180972],[-0.1454023,51.4180768],[-0.1453784,51.4180677],[-0.1452954,51.4180304],[-0.1452473,51.4180089],[-0.1451952,51.4179795],[-0.145158,51.417961],[-0.1451184,51.4179428],[-0.1450987,51.4179337],[-0.1450748,51.4179231],[-0.1450578,51.4179145],[-0.1450457,51.4179095],[-0.1450377,51.4179054],[-0.145012,51.4178979],[-0.1449972,51.4178947],[-0.1449301,51.4178763],[-0.1448779,51.417862],[-0.1447887,51.4178373],[-0.1446195,51.4177909],[-0.1444803,51.417752],[-0.1444643,51.4177554],[-0.1443543,51.4177768],[-0.1442192,51.4178048],[-0.1440626,51.4178391],[-0.1440003,51.4178541],[-0.1439948,51.4178556],[-0.1439498,51.417866],[-0.1438543,51.4178904],[-0.1437138,51.4179281],[-0.1435535,51.4179709],[-0.1433898,51.4180168],[-0.1432874,51.4180465],[-0.1431912,51.4180753],[-0.1431867,51.4180765],[-0.143037,51.4181227],[-0.1430288,51.4181255],[-0.1428064,51.4181973],[-0.1426162,51.4182628],[-0.1424311,51.4183284],[-0.1423489,51.4183595],[-0.1422467,51.4183975],[-0.1421428,51.4184369],[-0.1419748,51.418503],[-0.1418654,51.4185473],[-0.1417593,51.4185916],[-0.141686,51.4186233],[-0.141682,51.4186248],[-0.1415221,51.4186944],[-0.1413668,51.4187635],[-0.1412632,51.418812],[-0.1411151,51.4188809],[-0.1409963,51.4189369],[-0.1409689,51.4189517],[-0.1407801,51.4190448],[-0.1406533,51.4191117],[-0.140527,51.4191815],[-0.1404461,51.4192283],[-0.140442,51.4192304],[-0.1403848,51.4192639],[-0.1395099,51.4198764],[-0.1390468,51.4201955],[-0.1386113,51.4205066],[-0.1385191,51.4205801],[-0.1381717,51.420847],[-0.1379839,51.4209992],[-0.1378519,51.4211063],[-0.1383021,51.422028],[-0.1385166,51.4226241],[-0.1385306,51.4226693],[-0.1388251,51.4236334],[-0.1388665,51.4238185],[-0.1389222,51.4245729],[-0.1389329,51.4247682],[-0.1389264,51.4252825],[-0.1388719,51.4260928],[-0.1387645,51.4268249],[-0.1385414,51.4279967],[-0.1384894,51.4283196],[-0.1384372,51.428754],[-0.1384111,51.4290782],[-0.1383942,51.4295644],[-0.1383646,51.429974],[-0.1383857,51.4303395],[-0.1383838,51.4304074],[-0.1383825,51.4304554],[-0.1383824,51.4304572],[-0.138387,51.4304843],[-0.138388,51.4304905],[-0.1383985,51.4305555],[-0.1377119,51.430496],[-0.1372232,51.4304487],[-0.1367077,51.4303901],[-0.135931,51.4303175],[-0.1354956,51.4302701],[-0.1353794,51.4302602],[-0.1353321,51.4302568],[-0.1352642,51.4303348],[-0.135365,51.4306503],[-0.135594,51.4312078],[-0.1358697,51.431964],[-0.1361503,51.4328471],[-0.1364556,51.4338285],[-0.1365226,51.433915],[-0.1366862,51.4339248],[-0.1369319,51.4339323],[-0.137599,51.4338026],[-0.1378576,51.4337761],[-0.1380525,51.4339246],[-0.1385699,51.4343548],[-0.1392101,51.4349304],[-0.1396112,51.4353057],[-0.1396898,51.4354813],[-0.139749,51.4356634],[-0.1397912,51.4358737],[-0.1398687,51.4362591],[-0.1399632,51.4368473],[-0.1399381,51.4369465],[-0.1397113,51.437288],[-0.139605,51.4373891],[-0.1393297,51.4375788],[-0.1391773,51.4376634],[-0.1390816,51.4377089],[-0.1389787,51.4377503],[-0.1388231,51.4378084],[-0.1386994,51.4378527],[-0.1386663,51.4378584],[-0.1385016,51.4379079],[-0.1384859,51.4379226],[-0.1383698,51.4379948],[-0.1381448,51.4381523],[-0.1380288,51.438231],[-0.1379239,51.4383131],[-0.137777,51.4384423],[-0.1376593,51.4385857],[-0.1375021,51.438813],[-0.1374364,51.4389681],[-0.1374497,51.4390261],[-0.1373879,51.4390817],[-0.1374082,51.4391073],[-0.1374156,51.4391332],[-0.1373509,51.4394014],[-0.1373287,51.4394964],[-0.1373016,51.4395963],[-0.1373034,51.4396908],[-0.1372331,51.4397266],[-0.1372243,51.4397773],[-0.1372932,51.4397861],[-0.1372876,51.4398636],[-0.137476,51.4400101],[-0.1374879,51.4400363],[-0.1375183,51.4401007],[-0.1374987,51.4401456],[-0.1374772,51.4401917],[-0.1374332,51.4402117],[-0.1373719,51.4403402],[-0.1370486,51.4402587],[-0.137047,51.4402613],[-0.1370114,51.4402527],[-0.1369299,51.4403898],[-0.1368075,51.4405956],[-0.1366884,51.4407304],[-0.1364242,51.441139],[-0.1361466,51.4414888],[-0.1361042,51.4415422],[-0.1359419,51.4417833],[-0.1359126,51.4419347],[-0.1359053,51.442006],[-0.1359801,51.4420114],[-0.1360233,51.4420103],[-0.1363955,51.4419155],[-0.1364169,51.4418853],[-0.1367511,51.4418043],[-0.1373515,51.4417248],[-0.1373703,51.4417224],[-0.1378851,51.4416955],[-0.1390424,51.4416996],[-0.1399868,51.441719],[-0.1408081,51.4417383],[-0.1416155,51.4417511],[-0.1423587,51.4417701],[-0.1427687,51.441773],[-0.1430546,51.4417831],[-0.1432718,51.4417955],[-0.1436211,51.4418392],[-0.1436727,51.4419574],[-0.1438236,51.4423004],[-0.1439793,51.4426064],[-0.1440035,51.442654],[-0.1441483,51.4429106],[-0.1443378,51.4432465],[-0.1444671,51.4434644],[-0.1445942,51.4437029],[-0.1447343,51.4438922],[-0.1447497,51.4439131],[-0.1448549,51.4440865],[-0.145018,51.4442992],[-0.1451461,51.4444661],[-0.1451758,51.4445175],[-0.1452207,51.4445951],[-0.145407,51.4449172],[-0.1454869,51.4450336],[-0.1455726,51.4452986],[-0.1456035,51.4453942],[-0.145688,51.4458308],[-0.1456923,51.4458504],[-0.1456965,51.4458696],[-0.1456786,51.4458846],[-0.1455911,51.445958],[-0.1455892,51.4459596],[-0.1455474,51.4459954],[-0.1455841,51.446035],[-0.1455662,51.4463144],[-0.1455345,51.4464523],[-0.1454404,51.4468619],[-0.1453636,51.44709],[-0.1452834,51.4473279],[-0.1451837,51.447633],[-0.1451749,51.4476598],[-0.1449973,51.4480916],[-0.1449371,51.4482379],[-0.1447952,51.4485423],[-0.1446476,51.4487045],[-0.144631,51.4487139],[-0.1440687,51.4490317],[-0.1440038,51.449071],[-0.1437949,51.4491975],[-0.1436296,51.4492976],[-0.1436173,51.4493051],[-0.1433602,51.4495052],[-0.1430736,51.4497929],[-0.1430551,51.4498126],[-0.1429533,51.4499205],[-0.1428209,51.4500614],[-0.1426651,51.4502432],[-0.1425837,51.4503382],[-0.1424437,51.4505608],[-0.1423726,51.450753],[-0.1423484,51.4508688],[-0.1423427,51.4508963],[-0.1423279,51.4509672],[-0.1423226,51.4509914],[-0.1423803,51.4509987],[-0.1424174,51.4510033],[-0.1427893,51.4510502],[-0.1429385,51.451069],[-0.1431474,51.4510953],[-0.1436123,51.4511665],[-0.1437452,51.4512076],[-0.1437686,51.4512148],[-0.1446215,51.4514792],[-0.1465698,51.4520235],[-0.1472364,51.4522033],[-0.1473599,51.4522366],[-0.14773,51.4523395],[-0.1474732,51.4527947],[-0.147378,51.4529634],[-0.1476311,51.4529701],[-0.1476511,51.4529722],[-0.1477807,51.453861],[-0.147958,51.4547423],[-0.1480017,51.4548734],[-0.1479699,51.4549458],[-0.1479769,51.4551284],[-0.1480801,51.4559574],[-0.1481539,51.4564109],[-0.1483334,51.4572032],[-0.1483408,51.4573059],[-0.1483657,51.4573656],[-0.1486646,51.4579117],[-0.1489644,51.4584371],[-0.1492172,51.4588763],[-0.1492991,51.4590943],[-0.1493905,51.459362],[-0.1496713,51.4612449],[-0.1496864,51.4612836],[-0.1496935,51.4613019],[-0.1497026,51.4613246],[-0.1497853,51.4614877],[-0.1499305,51.4617068],[-0.1500548,51.4618706],[-0.1503848,51.4622553],[-0.1504624,51.4623644],[-0.1505357,51.4624744],[-0.1506606,51.4626985],[-0.1507318,51.4628597],[-0.1507931,51.4630513],[-0.1509673,51.4638364],[-0.1509826,51.4639562],[-0.1509918,51.4642261],[-0.1512323,51.4658572],[-0.1506963,51.4659312],[-0.1504704,51.4659778],[-0.1505657,51.4663264],[-0.1506415,51.4672655],[-0.1506432,51.4674004],[-0.1506187,51.4676149],[-0.1503453,51.4676826],[-0.1501922,51.4677382],[-0.1494291,51.4680152],[-0.1472984,51.4688637],[-0.1461145,51.4693342],[-0.1433131,51.4704391],[-0.1432527,51.470463],[-0.1432407,51.4704677],[-0.1432251,51.4704734],[-0.1431004,51.4705194],[-0.1430913,51.4705096],[-0.142888,51.470291],[-0.1426876,51.4700755],[-0.1426792,51.4700665],[-0.1426769,51.470064],[-0.1426152,51.4700961],[-0.141584,51.4706321],[-0.1415767,51.4706359],[-0.1414957,51.4706783],[-0.1417844,51.4709086],[-0.1409813,51.4712889],[-0.1408966,51.4713292],[-0.1406012,51.4714697],[-0.1405158,51.4715103],[-0.1404667,51.4715336],[-0.1404412,51.4715457],[-0.1403987,51.4715659],[-0.1403426,51.4715926],[-0.1398669,51.4713233],[-0.1398246,51.4713381],[-0.1398169,51.4713408],[-0.1397701,51.4713571],[-0.1397526,51.4713633],[-0.1397413,51.4713672],[-0.1397254,51.4713728],[-0.1396847,51.471387],[-0.1396429,51.4714016],[-0.13961,51.4714132],[-0.1395603,51.4714306],[-0.1393162,51.471516],[-0.139456,51.4716558],[-0.1395786,51.4717216],[-0.1395997,51.4717328],[-0.1395518,51.4717638],[-0.1395021,51.471796],[-0.139449,51.4717924],[-0.1392704,51.4718633],[-0.1392095,51.4718749],[-0.1391597,51.4718589],[-0.1390663,51.4718907],[-0.1387466,51.4719971],[-0.1387269,51.471915],[-0.1386991,51.4718844],[-0.1386787,51.471862],[-0.138516,51.4718963],[-0.1383492,51.471962],[-0.1380429,51.4721298],[-0.137849,51.4722931],[-0.1374926,51.4725959],[-0.1370715,51.4729582],[-0.136918,51.4730903],[-0.1367847,51.4730085],[-0.136661,51.4729325],[-0.1365096,51.4728347],[-0.1364926,51.4728237],[-0.1364352,51.4727926],[-0.1363883,51.4727672],[-0.1363744,51.4727571],[-0.1363589,51.4727478],[-0.1363434,51.4727395],[-0.1363279,51.4727311],[-0.136311,51.4727228],[-0.136294,51.4727153],[-0.1362756,51.4727078],[-0.1362586,51.4727004],[-0.1360801,51.4726993],[-0.1359099,51.4727056],[-0.1357872,51.4727144],[-0.1357044,51.4727311],[-0.1355966,51.4727627],[-0.1353488,51.472872],[-0.1352389,51.472953],[-0.1350717,51.4730987],[-0.1347988,51.4733291],[-0.1347476,51.4733139],[-0.134722,51.4733054],[-0.1345578,51.4734485],[-0.1344863,51.4736461],[-0.1344942,51.4737703],[-0.134502,51.4737911],[-0.1345373,51.4738807],[-0.1344792,51.4738915],[-0.1344492,51.4739224],[-0.1344618,51.4739658],[-0.1345339,51.4739975],[-0.1347065,51.474074],[-0.1352306,51.4742874],[-0.1348728,51.4746558],[-0.1348578,51.4746708],[-0.1349529,51.4747047],[-0.1347248,51.4749418],[-0.1347108,51.4749563],[-0.1345279,51.4748877],[-0.1345203,51.4748957],[-0.134244,51.4751736],[-0.1341117,51.4752768],[-0.1340572,51.475552],[-0.1339803,51.4756371],[-0.1339113,51.4756693],[-0.1338875,51.4756804],[-0.1338834,51.4756823],[-0.1338834,51.4758585],[-0.1338337,51.4759486],[-0.133646,51.4762423],[-0.1333193,51.4766967],[-0.1330948,51.4770105],[-0.1326322,51.4776524],[-0.1325268,51.4777983],[-0.1322751,51.4781467],[-0.1321072,51.4783779],[-0.1320614,51.478441],[-0.1319926,51.4784327],[-0.1319896,51.4784362],[-0.1319882,51.4784362],[-0.1319695,51.4784692],[-0.1318771,51.478617],[-0.1318296,51.4787232],[-0.1317362,51.4789277],[-0.1316117,51.4791559],[-0.1315444,51.479252],[-0.1314123,51.479418],[-0.1313449,51.4794826],[-0.1311685,51.4796039],[-0.1309851,51.4797592],[-0.1308537,51.4799433],[-0.1307549,51.480075],[-0.1307108,51.4801408],[-0.1307194,51.4801903],[-0.1306598,51.4802022],[-0.1305996,51.4801879],[-0.1305833,51.480215],[-0.1305679,51.4802409],[-0.1304414,51.4804466],[-0.1303706,51.4805578],[-0.1303528,51.4805693],[-0.1303483,51.4805746],[-0.1303114,51.4805965],[-0.13022,51.4806481],[-0.130189,51.4806665],[-0.129965,51.481145],[-0.1299475,51.4811824],[-0.129459,51.4813652],[-0.1291681,51.4814703],[-0.1286355,51.4816408],[-0.1279899,51.4818616],[-0.1279829,51.4818639],[-0.1274965,51.4820227],[-0.1274201,51.4823484],[-0.1274057,51.4824098],[-0.1272799,51.4828808],[-0.1271611,51.4833546],[-0.127049,51.483628],[-0.1268735,51.4838698],[-0.1263637,51.4844659],[-0.1265319,51.4845091],[-0.1270524,51.4846019],[-0.1277272,51.4847224],[-0.1280359,51.4847462],[-0.1281717,51.4847358],[-0.1283683,51.4849646],[-0.1284556,51.4850488],[-0.1284618,51.4850548],[-0.1285859,51.4851749],[-0.1287105,51.4852827],[-0.1290797,51.4856019],[-0.1292363,51.4857159],[-0.1294112,51.4858419],[-0.1294913,51.4858926],[-0.1296343,51.4858159],[-0.1297085,51.4857754],[-0.129746,51.4857615],[-0.1297995,51.4857484],[-0.1298419,51.4857395],[-0.1298741,51.4857323],[-0.130031,51.4856891],[-0.1302038,51.4856391],[-0.130367,51.4855876],[-0.1305336,51.4855394],[-0.1307242,51.4854651],[-0.1309401,51.4853801],[-0.1311579,51.4852897],[-0.1312821,51.4852397],[-0.131631,51.4851027],[-0.1317476,51.4850648],[-0.1318586,51.4850356],[-0.1319979,51.4849936],[-0.1320236,51.4849872],[-0.1320825,51.4849646],[-0.1321195,51.4849471],[-0.1321608,51.4849296],[-0.1322374,51.4848987],[-0.1323361,51.4848609],[-0.1324361,51.4848235],[-0.1325599,51.484788],[-0.1327067,51.4847429],[-0.132862,51.4846846],[-0.1328858,51.4846791],[-0.1329106,51.4846755],[-0.1329586,51.4846717],[-0.1330245,51.4846672],[-0.1330619,51.4846582],[-0.1334777,51.4845664],[-0.1336673,51.4845175],[-0.1340261,51.4844425],[-0.1341436,51.4844256],[-0.1343844,51.4843797],[-0.1345481,51.4843591],[-0.1348369,51.4843073],[-0.1349828,51.4842883],[-0.1351198,51.4842622],[-0.1354967,51.4841855],[-0.1357127,51.4841373],[-0.1359971,51.484081],[-0.1361942,51.4840505],[-0.1363709,51.4840146],[-0.1367143,51.4839681],[-0.1369897,51.4839313],[-0.1373747,51.4838808],[-0.1375612,51.4838605],[-0.1377659,51.4838425],[-0.1379622,51.4838322],[-0.1381098,51.4838253],[-0.1383457,51.483817],[-0.1385918,51.4838089],[-0.1389046,51.4838061],[-0.1391455,51.4838078],[-0.1396493,51.4838224],[-0.1400152,51.4838338],[-0.1403897,51.4838565],[-0.1405872,51.4838738],[-0.1408171,51.4839022],[-0.1410626,51.4839372],[-0.141228,51.483966],[-0.1415086,51.4840177],[-0.1418474,51.4840838],[-0.1419879,51.4841082],[-0.1422342,51.4841524],[-0.1423659,51.4841757],[-0.1426124,51.4842113],[-0.1429878,51.4842681],[-0.1430691,51.484279],[-0.1435231,51.4843409],[-0.1436774,51.4843534],[-0.1440844,51.4843865],[-0.144202,51.4844008],[-0.1443096,51.4844148],[-0.1446819,51.4844794],[-0.144886,51.4845147],[-0.1449914,51.48453],[-0.1451482,51.4845434],[-0.145304,51.4845561],[-0.1455251,51.4845717],[-0.145963,51.4845989],[-0.1462449,51.4846153],[-0.1464479,51.484624],[-0.1469834,51.484625],[-0.1477579,51.4846099],[-0.1487728,51.4845889],[-0.1488462,51.4845864],[-0.1494168,51.4845674],[-0.1496653,51.4845561],[-0.1498308,51.484545],[-0.1500215,51.4845317],[-0.1502771,51.4845084],[-0.150465,51.4844841],[-0.1506769,51.4844575],[-0.1507676,51.4844449],[-0.1508732,51.4844282],[-0.1511457,51.4843829],[-0.1516333,51.4843005],[-0.1518929,51.4842595],[-0.1527783,51.4841437],[-0.1528194,51.4841375],[-0.1533032,51.4840557],[-0.1533587,51.4840431],[-0.1537703,51.48395],[-0.1539969,51.4839105],[-0.1541266,51.4838914],[-0.1544649,51.4838517],[-0.1545593,51.4838416],[-0.1546974,51.4838321],[-0.1549466,51.4838191],[-0.1555314,51.4837476],[-0.1575623,51.4834696],[-0.1580094,51.4833949],[-0.1581368,51.4833805],[-0.1583112,51.4833655],[-0.1584698,51.483365],[-0.158615,51.483364],[-0.1586304,51.4833645],[-0.1587815,51.483351],[-0.1589246,51.4833046],[-0.158996,51.4832813],[-0.1592926,51.4832506],[-0.1598608,51.4831672],[-0.1600191,51.4831279],[-0.1601806,51.4831025],[-0.1606039,51.483064],[-0.1609659,51.4830573],[-0.16111,51.4830293],[-0.1612052,51.4830129],[-0.1616012,51.4829687],[-0.1617563,51.4829697],[-0.1621561,51.4829335],[-0.1624188,51.4829225],[-0.1627842,51.4828971],[-0.1631654,51.4828495],[-0.1632823,51.4828498],[-0.1633222,51.4828489],[-0.1634808,51.4828349],[-0.1635756,51.4828039],[-0.1636687,51.4827732],[-0.1638822,51.4827212],[-0.1639179,51.4827118],[-0.1640549,51.4826745],[-0.1641179,51.4826639],[-0.164244,51.4826427],[-0.1645465,51.4826412],[-0.1646935,51.4826328],[-0.164828,51.4826208],[-0.164929,51.4826099],[-0.1650737,51.4825918],[-0.1651464,51.4825839],[-0.1651911,51.4825772],[-0.1652423,51.4825656],[-0.1654597,51.482539],[-0.1657775,51.4824954],[-0.1663488,51.4824138],[-0.1665269,51.4823919],[-0.1667348,51.4823665],[-0.1667718,51.4823625],[-0.1668563,51.4823534],[-0.166961,51.4823386],[-0.1671088,51.4823132],[-0.1673063,51.4822708],[-0.1674005,51.4822502],[-0.1675029,51.4822368],[-0.1676294,51.4822237],[-0.167811,51.4822098],[-0.1679162,51.4821973],[-0.1680057,51.4821898],[-0.16805,51.4821791],[-0.1681159,51.482158],[-0.1681636,51.482134],[-0.1682969,51.4820893],[-0.1683616,51.4820761],[-0.1684272,51.4820658],[-0.168469,51.4820631],[-0.1685167,51.4820619],[-0.1685877,51.482061],[-0.1686239,51.4820598],[-0.1686902,51.4820547],[-0.1687614,51.4820405],[-0.1687962,51.4820354],[-0.1688648,51.4820304],[-0.1690423,51.4820114],[-0.1691286,51.4819987],[-0.1692667,51.4819753],[-0.1692976,51.4819716],[-0.1693716,51.4819587],[-0.1694157,51.4819483],[-0.1694694,51.4819339],[-0.1695785,51.4819031],[-0.1697548,51.4818525],[-0.1697653,51.4818492],[-0.1699312,51.4818021],[-0.1699845,51.4817874],[-0.1700493,51.4817711],[-0.170105,51.4817581],[-0.1701324,51.4817522],[-0.170144,51.4817496],[-0.1701928,51.4817441],[-0.1702155,51.4817417],[-0.1702635,51.4817392],[-0.1703006,51.4817379],[-0.1703638,51.4817383],[-0.1704665,51.4817407],[-0.1705242,51.4817407],[-0.1705537,51.4817384],[-0.1706758,51.4817271],[-0.1707174,51.4817205],[-0.1707489,51.4817146],[-0.1707734,51.4817102],[-0.1708109,51.4817033],[-0.1708424,51.4816954],[-0.1709009,51.4816788],[-0.170951,51.4816686],[-0.1710063,51.4816579],[-0.1710876,51.4816394],[-0.1711452,51.4816261],[-0.1711655,51.4816201],[-0.1711959,51.4816113],[-0.1712441,51.4815931],[-0.1713212,51.4815658],[-0.1713351,51.4815621],[-0.1713504,51.4815586],[-0.1713631,51.4815563],[-0.1714448,51.4815446],[-0.1715393,51.4815286],[-0.1715967,51.4815188],[-0.1717019,51.4814927],[-0.1718712,51.4814479],[-0.17212,51.4813861],[-0.172184,51.4813707],[-0.1722786,51.4813377],[-0.1723432,51.4813088],[-0.1723906,51.4812778],[-0.1724373,51.4812424],[-0.1724625,51.4812178],[-0.1724939,51.4811881],[-0.1726339,51.4811493],[-0.1727751,51.4811129],[-0.172897,51.4810776],[-0.1729684,51.481056],[-0.1730428,51.481032],[-0.1731521,51.4809959],[-0.173257,51.4809604],[-0.1733576,51.4809244],[-0.1736081,51.4808306],[-0.1739408,51.4806842],[-0.1742431,51.4805415],[-0.1745406,51.4803852],[-0.1746905,51.4803061],[-0.1750956,51.480071],[-0.175232,51.4799843],[-0.1753837,51.4798794],[-0.1756287,51.4796722],[-0.1757794,51.4795317],[-0.1758411,51.4794742],[-0.1760096,51.4793129],[-0.1760993,51.4792254],[-0.1761554,51.4791702],[-0.1762594,51.4790614],[-0.176432,51.4788792],[-0.1764912,51.4788139],[-0.1767105,51.4786],[-0.1770616,51.4782732],[-0.1771108,51.4782147],[-0.1772429,51.4780349],[-0.177321,51.4779357],[-0.1773838,51.4778609],[-0.1774282,51.4778144],[-0.1774705,51.4777816],[-0.177532,51.4777397],[-0.1777103,51.4776215],[-0.1777446,51.4775991],[-0.1777605,51.4775851],[-0.1777675,51.4775753],[-0.1777721,51.4775622],[-0.177774,51.4775395],[-0.1777288,51.4774231],[-0.1776804,51.4773369],[-0.1776505,51.4772546],[-0.1776314,51.4771572],[-0.1776273,51.4770789],[-0.1776366,51.47699],[-0.1776345,51.4768614],[-0.1776454,51.4768049],[-0.1776681,51.4767405],[-0.1777358,51.4766328],[-0.1780026,51.4763708],[-0.1780321,51.4763164],[-0.178078,51.476211],[-0.1781076,51.4761206],[-0.1781211,51.4760336],[-0.1781249,51.4760121],[-0.1781369,51.475854],[-0.1781701,51.4757439],[-0.1783564,51.4754042],[-0.1784817,51.4750419],[-0.1786557,51.4746157],[-0.1787211,51.4744557],[-0.1787757,51.4740258],[-0.1788774,51.4737118],[-0.1790174,51.4734154],[-0.1791616,51.4732297],[-0.1792188,51.4731658],[-0.1792734,51.4731325],[-0.179438,51.4729786],[-0.1795243,51.472872],[-0.1796256,51.4727153],[-0.1802404,51.4715208],[-0.1802878,51.4714523],[-0.1803215,51.4713647],[-0.1803828,51.4710536],[-0.1809825,51.4700584],[-0.1815313,51.4691839],[-0.1816297,51.4690509],[-0.1817017,51.4689536],[-0.1820208,51.4685692],[-0.1828944,51.4675279],[-0.1829781,51.4674492],[-0.1834043,51.4671221],[-0.1835555,51.4670139],[-0.1838914,51.4667844],[-0.1842358,51.4665586],[-0.1850475,51.4660595],[-0.1855228,51.4658375],[-0.1862821,51.4655318],[-0.1863625,51.4654998],[-0.1873913,51.4651147],[-0.187832,51.4649659],[-0.1886936,51.4646942],[-0.1890534,51.4645891],[-0.1901697,51.4643186],[-0.1904075,51.4642764],[-0.1905087,51.4642654],[-0.1907222,51.4642552],[-0.1912574,51.4641906],[-0.1915112,51.4641792],[-0.1918448,51.4641529],[-0.19319,51.4639947],[-0.1932376,51.4639918],[-0.1948549,51.4639034],[-0.1951891,51.4638978],[-0.1966833,51.4640116],[-0.1974779,51.4640868],[-0.1981626,51.4641009],[-0.1984096,51.4640813],[-0.198867,51.4640173],[-0.1997093,51.4640887],[-0.2010225,51.4641538],[-0.2019612,51.4642644],[-0.2019626,51.4642644],[-0.2025588,51.4643329],[-0.2032178,51.4644168],[-0.2038691,51.4645104],[-0.2041939,51.464563],[-0.2048329,51.464678],[-0.2053312,51.4647818],[-0.2056037,51.4648454],[-0.2061541,51.4649824],[-0.2069444,51.4652031],[-0.2095975,51.465899],[-0.2116395,51.4664465],[-0.2126872,51.4667907],[-0.2130203,51.466908],[-0.2133759,51.4670341],[-0.2143892,51.4674111],[-0.2153695,51.4678208],[-0.2157889,51.4680322],[-0.215992,51.4681396],[-0.2163865,51.4683614],[-0.2170747,51.4687684],[-0.2178054,51.4692292],[-0.2181633,51.4694657],[-0.2184622,51.4696663],[-0.2185155,51.4697031],[-0.2188251,51.4699245],[-0.218947,51.4700109],[-0.2205621,51.471351],[-0.2217611,51.4723318],[-0.2217661,51.4723297],[-0.2219025,51.4722686],[-0.2219401,51.4722529],[-0.2222878,51.4721026],[-0.2224721,51.4720254],[-0.2225368,51.4719875],[-0.2226783,51.4718753],[-0.2227147,51.4718524],[-0.2227526,51.4718336],[-0.2229355,51.4717402],[-0.2229585,51.4717287],[-0.2229907,51.4717142],[-0.2230012,51.4717105],[-0.2230907,51.4716805],[-0.2231974,51.4716443],[-0.2232717,51.4716192],[-0.2233209,51.4715849],[-0.223364,51.4715549],[-0.2234054,51.4715288],[-0.2234274,51.4715095],[-0.2234497,51.471491],[-0.2234661,51.4714785],[-0.2234831,51.4714621],[-0.2235044,51.4714397],[-0.2235416,51.4713996],[-0.2235485,51.4713922],[-0.2235569,51.4713788],[-0.2235583,51.4713689],[-0.223557,51.4713553],[-0.223554,51.4713475],[-0.2235467,51.4713412],[-0.2235215,51.471326],[-0.2234584,51.4712933],[-0.2234494,51.4712835],[-0.223434,51.4712688],[-0.2234182,51.4712467],[-0.2234092,51.4712322],[-0.2234014,51.4712178],[-0.2233831,51.471155],[-0.2233703,51.4710993],[-0.22336,51.4710505],[-0.2233561,51.4710103],[-0.2233542,51.4709627],[-0.2233551,51.4709512],[-0.2233591,51.4709336],[-0.2233659,51.4709201],[-0.2234051,51.4708624],[-0.2234257,51.4708247],[-0.2234287,51.4708192],[-0.223434,51.4708152],[-0.2234408,51.4708044],[-0.2234492,51.4707975],[-0.2234936,51.4707755],[-0.2235272,51.470763],[-0.2235441,51.4707586],[-0.223595,51.4707491],[-0.2236411,51.4707416],[-0.2236839,51.4707399],[-0.2237284,51.4707395],[-0.2237787,51.4707393],[-0.2238021,51.4707406],[-0.2238534,51.4707488],[-0.2239294,51.4707611],[-0.2240888,51.4707919],[-0.2242536,51.470823],[-0.2243511,51.4708373],[-0.2244879,51.470858],[-0.2247412,51.4709],[-0.2248861,51.4709248],[-0.2250256,51.4709524],[-0.2252262,51.4709977],[-0.2255854,51.471088],[-0.2256304,51.4711025],[-0.2256653,51.47112],[-0.2257356,51.4711607],[-0.2257799,51.4711767],[-0.2257964,51.4711821],[-0.225836,51.4711935],[-0.2258722,51.4711987],[-0.2259161,51.4712034],[-0.226029,51.4712147],[-0.22608,51.471217],[-0.2261871,51.471225],[-0.2262241,51.4712296],[-0.2262329,51.4712308],[-0.2262997,51.4712442],[-0.2263615,51.4712593],[-0.2264651,51.4712865],[-0.2266159,51.4713277],[-0.226674,51.4713418],[-0.2266892,51.4713447],[-0.2267221,51.4713508],[-0.2268407,51.4713729],[-0.2269433,51.4713926],[-0.2269772,51.471401],[-0.2270575,51.4714264],[-0.2271242,51.4714464],[-0.2273516,51.4715252],[-0.2274745,51.4715689],[-0.2276085,51.4716175],[-0.2277341,51.4716708],[-0.2277802,51.4716868],[-0.2278364,51.4717118],[-0.2279169,51.4717398],[-0.2280009,51.471778],[-0.2280345,51.4717982],[-0.2280679,51.4718122],[-0.2281207,51.4718382],[-0.2282384,51.4718707],[-0.228366,51.4719044],[-0.2284734,51.4719323],[-0.2285734,51.4719651],[-0.2285829,51.4719694],[-0.2285916,51.471974],[-0.2286104,51.4719882],[-0.2286785,51.4720423],[-0.2287398,51.4720879],[-0.2287669,51.4721061],[-0.2287809,51.472114],[-0.2287983,51.4721192],[-0.2288175,51.4721229],[-0.2288283,51.4721245],[-0.2288765,51.4721253],[-0.2289154,51.4721248],[-0.2289251,51.4721246],[-0.228986,51.4721213],[-0.2290376,51.4721174],[-0.2290832,51.4721136],[-0.2291346,51.4721071],[-0.2292346,51.4721024],[-0.22928,51.4721049],[-0.2293533,51.4721106],[-0.2293957,51.4721144],[-0.2295324,51.4721414],[-0.2295852,51.4721546],[-0.2296779,51.4721799],[-0.2297154,51.4721912],[-0.2297518,51.4722102],[-0.2297972,51.47224],[-0.2298938,51.4723087],[-0.2299332,51.4723299],[-0.2299992,51.4723621],[-0.2300272,51.4723751],[-0.2300836,51.4723961],[-0.2301524,51.4724177],[-0.2302107,51.4724378],[-0.2303049,51.4724676],[-0.2303259,51.4724747],[-0.2303451,51.4724826],[-0.2304076,51.4725261],[-0.2305605,51.4726388],[-0.2305995,51.4726673],[-0.2306231,51.4726817],[-0.2306314,51.4726866],[-0.2306445,51.4726929],[-0.2306546,51.4726984],[-0.2306661,51.4727042],[-0.2306831,51.4727109],[-0.2306938,51.472717],[-0.2307221,51.4727278],[-0.2307735,51.4727425],[-0.230858,51.4727643],[-0.2309087,51.4727756],[-0.2309617,51.472788],[-0.2309808,51.4727917],[-0.2309982,51.4727959],[-0.231025,51.4728003],[-0.2310663,51.4728071],[-0.2311334,51.4728147],[-0.2312172,51.4728235],[-0.2313247,51.4728256],[-0.2315581,51.472805],[-0.2316032,51.4728032],[-0.2316126,51.4728028],[-0.2316217,51.4728032],[-0.2316436,51.4728048],[-0.2316678,51.4728052],[-0.2317173,51.4728071],[-0.2318269,51.4728133],[-0.2318537,51.4728137],[-0.2318765,51.4728126],[-0.2318974,51.4728102],[-0.2319275,51.4728077],[-0.2319679,51.4728024],[-0.2320143,51.4727944],[-0.232092,51.4727772],[-0.2321653,51.4727581],[-0.2322737,51.4727239],[-0.2324002,51.4726836],[-0.2324646,51.4726654],[-0.2325386,51.4726251],[-0.2327169,51.4725305],[-0.2327567,51.4725103],[-0.2327473,51.4724265],[-0.2327483,51.4724157],[-0.2327446,51.4724045],[-0.232745,51.4723951],[-0.2327493,51.4723837],[-0.2327747,51.4723628],[-0.2328697,51.4722889],[-0.2329651,51.4722124],[-0.2329879,51.472187],[-0.233046,51.4721109],[-0.2330593,51.4720842],[-0.2330668,51.4720652],[-0.2330707,51.472051],[-0.2330712,51.4720377],[-0.2330704,51.4720301],[-0.2330725,51.4719757],[-0.2330697,51.4719318],[-0.2330665,51.4719122],[-0.233052,51.4718709],[-0.2330378,51.471832],[-0.2330017,51.4717416],[-0.2329896,51.4717145],[-0.2329818,51.471681],[-0.2329805,51.4716764],[-0.232975,51.4716512],[-0.232974,51.4716071],[-0.2329693,51.4715379],[-0.2329628,51.471389],[-0.2329414,51.4712015],[-0.2329248,51.4710337],[-0.232911,51.4708625],[-0.2329308,51.4705966],[-0.2329344,51.4705512],[-0.2329472,51.4704909],[-0.2329626,51.4704536],[-0.2329957,51.4703414],[-0.2330081,51.4702899],[-0.2330113,51.4702317],[-0.233017,51.4701948],[-0.2330091,51.4700629],[-0.2330064,51.4699786],[-0.2330292,51.4697042],[-0.233031,51.4696449],[-0.2330448,51.4695739],[-0.2330943,51.4693607],[-0.2331331,51.4691924],[-0.2331451,51.4691586],[-0.2331707,51.4690823],[-0.2331902,51.4690442],[-0.2332067,51.4690204],[-0.2332535,51.4689054],[-0.233308,51.4687617],[-0.2333403,51.468633],[-0.2334048,51.4684434],[-0.2334676,51.4681917],[-0.2334833,51.4681311],[-0.2334946,51.4680795],[-0.2335055,51.4680142],[-0.2335067,51.4679982],[-0.2335046,51.4679644],[-0.2334972,51.4679127],[-0.2334879,51.4678335],[-0.2334762,51.4677763],[-0.2334709,51.4677581],[-0.2334662,51.4677302],[-0.2334597,51.4677065],[-0.2334494,51.4676767],[-0.2334351,51.4676506],[-0.2334191,51.4676091],[-0.2333772,51.4675235],[-0.2333697,51.4675044],[-0.2333481,51.4675081],[-0.2333147,51.4675043],[-0.233282,51.4674417],[-0.2332676,51.4674082],[-0.2332054,51.467281],[-0.2330883,51.4670321],[-0.2330168,51.4668841],[-0.232969,51.4667868],[-0.2329386,51.4667196],[-0.232904,51.4666461],[-0.2328975,51.466634],[-0.2329014,51.4666221],[-0.2329071,51.4666119],[-0.2329286,51.4665953],[-0.23296,51.4665735],[-0.233009,51.4665448],[-0.2330649,51.4665123],[-0.2331585,51.4664552],[-0.233227,51.4664158],[-0.233283,51.4663811],[-0.2333949,51.4663139],[-0.2334337,51.4662903],[-0.2334874,51.466257],[-0.2335112,51.4662439],[-0.2335302,51.4662302],[-0.2335472,51.4662162],[-0.2335637,51.466205],[-0.2335748,51.4661915],[-0.2335898,51.4661785],[-0.2336046,51.466155],[-0.2336359,51.4661102],[-0.2336394,51.4661022],[-0.2336504,51.4660889],[-0.2336515,51.466086],[-0.2336542,51.4660809],[-0.2336553,51.466069],[-0.2336532,51.466066],[-0.2336515,51.4660606],[-0.2336511,51.4660421],[-0.2336551,51.4660204],[-0.2336572,51.4659969],[-0.233661,51.4659742],[-0.2336643,51.4659644],[-0.233666,51.4659539],[-0.2336653,51.4659401],[-0.2336623,51.4659082],[-0.2336573,51.4658332],[-0.2336521,51.4657392],[-0.2336513,51.46573],[-0.2336504,51.4656881],[-0.2336486,51.4656603],[-0.2336409,51.4655656],[-0.2336399,51.4655468],[-0.2336381,51.465538],[-0.2336387,51.4655241],[-0.2336325,51.4655062],[-0.2336225,51.4654639],[-0.2336135,51.465433],[-0.233605,51.4653941],[-0.2335917,51.4653487],[-0.2335818,51.4653181],[-0.2335745,51.465292],[-0.233567,51.4652749],[-0.2335626,51.4652626],[-0.2335569,51.4652406],[-0.2335523,51.4652219],[-0.2335511,51.465207],[-0.233544,51.4651667],[-0.2335426,51.465148],[-0.23354,51.4651344],[-0.2335259,51.4650781],[-0.2335236,51.4650629],[-0.233509,51.4649692],[-0.2334728,51.4647602],[-0.2334499,51.4646149],[-0.2334404,51.4645626],[-0.2334144,51.4644523],[-0.2334002,51.4643745],[-0.2333869,51.4643217],[-0.2333789,51.4642901],[-0.2333534,51.4641693],[-0.2333288,51.4640254],[-0.2333176,51.4639918],[-0.2333136,51.4639715],[-0.2333721,51.4639874],[-0.2334942,51.4640181],[-0.2336392,51.4640561],[-0.2337492,51.4640837],[-0.2339511,51.4641309],[-0.2340534,51.4641527],[-0.2342032,51.4641835],[-0.2343719,51.4642182],[-0.234426,51.4642279],[-0.234463,51.464235],[-0.2345115,51.4642441],[-0.2345758,51.4642555],[-0.2347025,51.4642781],[-0.2347376,51.4642843],[-0.2348523,51.4643],[-0.2350976,51.4643384],[-0.2352247,51.4643535],[-0.2353079,51.4643656],[-0.2354094,51.4643811],[-0.2355697,51.4644026],[-0.2356683,51.4644135],[-0.2357562,51.464426],[-0.2358768,51.4644386],[-0.236193,51.4644789],[-0.2362477,51.4644847],[-0.236614,51.464535],[-0.237125,51.464598],[-0.2374803,51.4646356],[-0.2383339,51.4647282],[-0.2391592,51.4648123],[-0.2395186,51.4648508],[-0.2401124,51.4649167],[-0.2408447,51.4649975],[-0.2413852,51.4650518],[-0.2422077,51.4651292],[-0.2426766,51.4651655],[-0.2433788,51.4652172],[-0.2439478,51.4652498],[-0.2440935,51.4652558],[-0.2442693,51.4652611],[-0.24438,51.4652606],[-0.244517,51.4652567],[-0.2446212,51.4652541],[-0.2447648,51.4652506],[-0.2449295,51.4652487],[-0.2451317,51.4652479],[-0.2454215,51.4652365],[-0.2456914,51.4652214],[-0.2459561,51.4652042],[-0.2463032,51.4651864],[-0.2465762,51.4651684],[-0.2468734,51.465145],[-0.2472631,51.4651203],[-0.2474691,51.4651092],[-0.2476483,51.4650967],[-0.2477714,51.4650909],[-0.2481988,51.465077],[-0.2484688,51.4650674],[-0.2485903,51.4650581],[-0.2486834,51.4650553],[-0.248771,51.4650545],[-0.2489382,51.4650559],[-0.2490536,51.4650573],[-0.2493578,51.4650675],[-0.2494485,51.4650721],[-0.2495514,51.4650805],[-0.2500071,51.4651221],[-0.2503123,51.4651503],[-0.2511929,51.4652254],[-0.2512659,51.4652269],[-0.2512853,51.4652286],[-0.2513802,51.4652272],[-0.2517406,51.4652253],[-0.25187,51.4652239],[-0.252161,51.4652224],[-0.2522825,51.4652218],[-0.2523129,51.4652201],[-0.2524113,51.4652194],[-0.2525685,51.465218],[-0.2526268,51.4652179],[-0.2527528,51.4652181],[-0.2527665,51.465218],[-0.2528963,51.4652183],[-0.2529128,51.46522],[-0.252974,51.4652239],[-0.2529855,51.4652155],[-0.2530374,51.465182],[-0.2532323,51.4650719],[-0.2533269,51.4650186],[-0.2534664,51.4649422],[-0.253519,51.4649118],[-0.2535541,51.4648941],[-0.2539319,51.4646515],[-0.2554661,51.4635169],[-0.2555409,51.4634556],[-0.2556795,51.4633322],[-0.2558537,51.4631811],[-0.2559705,51.4630733],[-0.2560429,51.4630031],[-0.2561103,51.4629379],[-0.2562111,51.462834],[-0.2562921,51.4627429],[-0.2563783,51.4626362],[-0.2563982,51.4626138],[-0.2565297,51.4624301],[-0.2566501,51.4622711],[-0.2567191,51.4621808],[-0.2568578,51.4620041],[-0.2568617,51.4619982],[-0.2569481,51.461887],[-0.2570524,51.4617334],[-0.2571468,51.4615938],[-0.2572284,51.4614727],[-0.2572792,51.4613979],[-0.2573833,51.4612416],[-0.2574812,51.4610879],[-0.2575192,51.4610323],[-0.2575345,51.4610083],[-0.257774,51.4606706],[-0.2579127,51.4604777],[-0.2579395,51.4604377],[-0.2579577,51.4604121],[-0.2579815,51.4603787],[-0.2579996,51.4603436],[-0.2579987,51.4603011],[-0.2579869,51.460282],[-0.2579586,51.4602568],[-0.2578363,51.4602106],[-0.2576462,51.4601452],[-0.2575215,51.4601036],[-0.2573802,51.4600497],[-0.2572807,51.460011],[-0.2571747,51.4599694],[-0.2570824,51.4599338],[-0.2570637,51.4599266],[-0.2569477,51.459907],[-0.2568958,51.4598973],[-0.2568654,51.4598899],[-0.2568232,51.4598561],[-0.2568234,51.4598223],[-0.2568447,51.4597583],[-0.2569744,51.4595849],[-0.2570199,51.4595468],[-0.2570493,51.4594985],[-0.2570589,51.4594832],[-0.2571432,51.4593272],[-0.2571707,51.4591283],[-0.2571844,51.4590873],[-0.2572261,51.4590312],[-0.257239,51.4589994],[-0.2572691,51.4589399],[-0.2572863,51.458914],[-0.257374,51.458759],[-0.2575873,51.4585061],[-0.2577614,51.4582961],[-0.2578799,51.4581442],[-0.2580621,51.4578353],[-0.258179,51.4576618],[-0.2582568,51.457515],[-0.258297,51.457414],[-0.2583409,51.4573334],[-0.2583549,51.4573032],[-0.2584392,51.4571446],[-0.2584901,51.4570435],[-0.258534,51.456944],[-0.2585693,51.4568645],[-0.2586769,51.4566176],[-0.2587387,51.4564893],[-0.2587815,51.4563728],[-0.258842,51.4562397],[-0.2589214,51.4560847],[-0.25896,51.455993],[-0.2589658,51.4559534],[-0.2589877,51.4558557],[-0.2589987,51.4557821],[-0.2590148,51.4556959],[-0.2590299,51.4556062],[-0.2590331,51.4555744],[-0.2590424,51.455516],[-0.2590532,51.4554282],[-0.2590802,51.4552644],[-0.2591027,51.4551294],[-0.2591001,51.455082],[-0.2591018,51.455067],[-0.2591051,51.4550258],[-0.2591113,51.4550032],[-0.2591203,51.4549813],[-0.2591346,51.4549537]]]}},{"type":"Feature","properties":{"kind":"routes","class":"major","routeCount":132},"geometry":{"type":"MultiLineString","coordinates":[[[-0.1710709,51.4633614],[-0.170967,51.4634793],[-0.1707504,51.4637044],[-0.170576,51.4638593],[-0.1705536,51.4638803],[-0.1704401,51.4639895],[-0.1702522,51.4641461],[-0.1700987,51.4642679],[-0.1698987,51.4644039],[-0.1697714,51.4645107],[-0.1694636,51.4647133],[-0.1692975,51.4648113],[-0.168849,51.4650956],[-0.1688224,51.465079],[-0.1690243,51.4649557],[-0.1692051,51.4648377],[-0.1694212,51.4646919],[-0.1696646,51.4645222],[-0.1698915,51.4643564],[-0.1701248,51.4641765],[-0.1702412,51.4640835],[-0.170369,51.4639814],[-0.1703828,51.4639693],[-0.1705043,51.4638624],[-0.1705289,51.4638409],[-0.1706946,51.4636952],[-0.1708785,51.4635182],[-0.1710405,51.4633504],[-0.1710709,51.4633614]],[[-0.13791129989179002,51.421058105087795],[-0.1379759,51.4211697],[-0.138215,51.4216734],[-0.1383878,51.4221537],[-0.138591,51.4227438],[-0.1387999,51.4233719],[-0.1389177,51.4239111],[-0.138963,51.424247],[-0.1389743,51.4246715],[-0.1389737,51.4248002],[-0.1389724,51.4251038],[-0.1389413,51.4256429],[-0.1389102,51.4260081],[-0.1388827,51.4263892],[-0.1388359,51.4267258],[-0.1387236,51.4273168],[-0.1386408,51.4276999],[-0.1385748,51.428043],[-0.1385034,51.4285181],[-0.1384504,51.4290376],[-0.138431,51.4293944],[-0.1384196,51.4299047],[-0.1384641,51.4303959],[-0.1384669,51.4304211]],[[-0.1384669,51.4304211],[-0.1384726,51.430471]],[[-0.1384726,51.430471],[-0.1384851,51.4305818]],[[-0.1384851,51.4305818],[-0.1385154,51.4308501],[-0.1385704,51.4312991],[-0.1386138,51.4317834],[-0.1387313,51.4322281],[-0.1388952,51.4326681],[-0.1390257,51.433064],[-0.1392209,51.4334643],[-0.1394054,51.4338763],[-0.139661,51.434436],[-0.1398675,51.4349503],[-0.1401302,51.4355147],[-0.1403817,51.4360722],[-0.1406209,51.4365953],[-0.1407701,51.43694],[-0.140983,51.4374087],[-0.1411973,51.4378843],[-0.141435,51.4383695],[-0.1415829,51.4386641],[-0.141793,51.4389847],[-0.1420584,51.4392837],[-0.1423529,51.4396162],[-0.1426556,51.4399075],[-0.1426912,51.4399414]],[[-0.1426912,51.4399414],[-0.1428502,51.4400781]],[[-0.1428502,51.4400781],[-0.1429468,51.4401553],[-0.1430556,51.4402352],[-0.1433159,51.4404225],[-0.1435542,51.4405734],[-0.1438391,51.440743],[-0.1440942,51.4408859],[-0.1443196,51.4410013],[-0.1446252,51.4411466],[-0.1450254,51.4413129],[-0.1453155,51.4414323]],[[-0.1453155,51.4414323],[-0.1456483,51.4415494],[-0.1459216,51.441639],[-0.1463123,51.4417683],[-0.1467699,51.4418847],[-0.1471907,51.4419732],[-0.1475805,51.4420426],[-0.1480351,51.4421338],[-0.1486917,51.4422541],[-0.1489145,51.4422937],[-0.1492977,51.4423639]],[[-0.1492977,51.4423639],[-0.1495505,51.4424024]],[[-0.1495505,51.4424024],[-0.1499088,51.4424684],[-0.1508626,51.4426173],[-0.1515085,51.4427291],[-0.1520641,51.4428517],[-0.1524667,51.4429529],[-0.1529651,51.4430609]],[[-0.1529651,51.4430609],[-0.1533321,51.4431359]],[[-0.1533321,51.4431359],[-0.1537808,51.4432212],[-0.1549894,51.443455]],[[-0.1549894,51.443455],[-0.1553127,51.4435169]],[[-0.1553127,51.4435169],[-0.158582,51.444144],[-0.1593041,51.444294],[-0.1598639,51.4444394],[-0.1602288,51.4445456]],[[-0.1602288,51.4445456],[-0.1604618,51.4446134],[-0.1609321,51.4447709],[-0.1612408,51.4448774],[-0.1616291,51.445031],[-0.1619711,51.4451772],[-0.1622937,51.4453249],[-0.1627525,51.4455603],[-0.1632614,51.4458474],[-0.1636365,51.4460839],[-0.1640101,51.4463468],[-0.1642989,51.4465739],[-0.1646515,51.4468754],[-0.1649471,51.4471547],[-0.1650891,51.4472991],[-0.1653452,51.447577],[-0.1655146,51.4477671],[-0.1657747,51.4480697],[-0.1660367,51.448383],[-0.1663256,51.4487243],[-0.1667105,51.4491782],[-0.1671506,51.4496992],[-0.1676314,51.4502664],[-0.168029,51.4507336],[-0.1683931,51.4511618],[-0.1688673,51.4517215],[-0.1693921,51.4523405],[-0.1697361,51.4527426],[-0.170014,51.4530669],[-0.1702615,51.4533618],[-0.170457,51.4535887],[-0.1707259,51.4539047],[-0.1709672,51.4541973],[-0.1712499,51.4545423],[-0.1715192,51.4548952],[-0.1716268,51.4550525],[-0.1718559,51.4554004],[-0.1719921,51.4556397],[-0.1721039,51.4558413],[-0.1723004,51.4562512],[-0.1724553,51.45663],[-0.1725301,51.4568404],[-0.1725932,51.4570445],[-0.1726735,51.4573347],[-0.1727827,51.4578894],[-0.1728218,51.4582306],[-0.1728427,51.458585],[-0.1728432,51.4589365],[-0.1728263,51.4592373],[-0.1728104,51.4593926],[-0.172766,51.4597485],[-0.1726991,51.4600918]],[[-0.1726991,51.4600918],[-0.1726611,51.4602435],[-0.172619,51.4604],[-0.1725814,51.4605235],[-0.1725504,51.4606138],[-0.1725127,51.4607283],[-0.1724209,51.4609621],[-0.1723301,51.4611738],[-0.1723217,51.4611958],[-0.1722708,51.4613181],[-0.1722382,51.4613959],[-0.1720113,51.4618689],[-0.1718375,51.462202],[-0.1716774,51.462496]],[[-0.1716774,51.462496],[-0.1715092,51.4627345]],[[-0.1715092,51.4627345],[-0.1714712,51.4627923],[-0.1713926,51.4629144],[-0.1713107,51.4630199],[-0.1712686,51.4630689],[-0.1711543,51.4632044],[-0.1710525,51.4633154],[-0.1709323,51.463444],[-0.1707915,51.463583],[-0.170523,51.4638263],[-0.1701418,51.4641418],[-0.1698867,51.4643417],[-0.1696934,51.4644846],[-0.1694077,51.464683],[-0.1691157,51.4648781],[-0.1688559,51.4650429],[-0.1686735,51.4651536]],[[-0.1686735,51.4651536],[-0.1686335,51.465177],[-0.1686181,51.465186]],[[-0.1686181,51.465186],[-0.1684544,51.4652842]],[[-0.1684544,51.4652842],[-0.1682994,51.4653686],[-0.1681765,51.4654334],[-0.1680067,51.4655217],[-0.1678509,51.4655978],[-0.1675709,51.4657248],[-0.1671703,51.4659097],[-0.1668725,51.4660336],[-0.1665502,51.4661758],[-0.1663266,51.4662711],[-0.1659262,51.4664418],[-0.1653257,51.4667049],[-0.1648652,51.4669148],[-0.1645234,51.4670765],[-0.1641589,51.4672462],[-0.1639033,51.4673584],[-0.1638572,51.4673792],[-0.163413,51.4675757],[-0.1628438,51.4678235],[-0.1624735,51.4679834],[-0.1620185,51.4681893],[-0.161135,51.4685748],[-0.1604308,51.4688835],[-0.1598416,51.4691408]],[[-0.1598416,51.4691408],[-0.159591,51.4692502],[-0.1590226,51.469494],[-0.1590143,51.4694974],[-0.1585101,51.4697021],[-0.1581018,51.4698722],[-0.157842,51.4699818],[-0.1576978,51.4700383],[-0.1574925,51.4701083],[-0.1573295,51.4701605],[-0.1571004,51.4702297],[-0.1568336,51.4702981],[-0.1565844,51.4703584],[-0.1564174,51.4703925]],[[-0.1564174,51.4703925],[-0.1561676,51.4704472],[-0.1558469,51.4705029],[-0.155231,51.4705816],[-0.1545457,51.4706673],[-0.1543047,51.4706962],[-0.1540532,51.4707305],[-0.1537065,51.470795],[-0.1533408,51.4708753],[-0.1530617,51.4709372],[-0.1526701,51.4710417],[-0.1521722,51.471201],[-0.1517325,51.4713628],[-0.15142,51.4715044],[-0.1512252,51.4715962],[-0.1509776,51.4717218],[-0.1507327,51.4718558],[-0.1504932,51.4720025],[-0.1502862,51.4721407],[-0.149906,51.4724146],[-0.1498425,51.4724702],[-0.1495665,51.4727306],[-0.149327,51.4729977],[-0.1491809,51.4731696],[-0.1488129,51.4737284],[-0.1486789,51.4739896],[-0.1484868,51.4743916],[-0.1484408,51.4744759],[-0.1482864,51.4748357],[-0.1480824,51.4751694],[-0.1479712,51.4754559],[-0.1479075,51.4756515]],[[-0.1479075,51.4756515],[-0.1478716,51.4757458],[-0.1478448,51.4758519],[-0.1478018,51.4760624],[-0.1477656,51.4762579],[-0.1477509,51.4764625],[-0.1477415,51.4766563],[-0.1477482,51.4768935],[-0.1477804,51.4773939],[-0.1477898,51.4779744],[-0.1477858,51.4781445]],[[-0.1477858,51.4781445],[-0.1477519,51.4784653],[-0.147712,51.4788355],[-0.1476878,51.4791212],[-0.1476771,51.4793216],[-0.1476677,51.4796114],[-0.1476624,51.4800023],[-0.1476442,51.480688]],[[-0.1476442,51.480688],[-0.1476464,51.4823986],[-0.1476342,51.4827493],[-0.1476339,51.4827946],[-0.1476315,51.4831627],[-0.1476303,51.4832188],[-0.1476253,51.4833655]],[[-0.1476253,51.4833655],[-0.1476221,51.4834792],[-0.1476051684495925,51.48461287772293]],[[-0.1710009,51.4632436],[-0.1710303,51.463254],[-0.1708698,51.4634209],[-0.1707379,51.4635526],[-0.170468,51.4637981],[-0.1701637,51.4640512],[-0.1697614,51.4643604],[-0.1694741,51.4645705],[-0.1691431,51.4647946],[-0.168779,51.4650256],[-0.1687469,51.465007],[-0.1691276,51.4647656],[-0.169532,51.4644589],[-0.1699022,51.4641274],[-0.1703828,51.4637521],[-0.1703866,51.4637492],[-0.1705578,51.4636121],[-0.1707444,51.4634738],[-0.1708772,51.4633594],[-0.1710009,51.4632436]],[[-0.14752203025948527,51.48461449862244],[-0.1475392,51.4833654]],[[-0.1475392,51.4833654],[-0.1475483,51.482913],[-0.1475524,51.4828213],[-0.1475644,51.4825497],[-0.1475709,51.4823027],[-0.1475725,51.4822415],[-0.1475698,51.4818824],[-0.1475752,51.481464],[-0.1475738,51.4810823],[-0.1475731,51.4806943]],[[-0.1475731,51.4806943],[-0.1475832,51.4803239],[-0.1475913,51.4800149],[-0.1475876,51.4797125]],[[-0.1475876,51.4797125],[-0.147593,51.4795902],[-0.1476166,51.4792338]],[[-0.1476166,51.4792338],[-0.147646,51.4789368],[-0.1477245,51.4781444]],[[-0.1477245,51.4781444],[-0.147743,51.4779581],[-0.1477354,51.4775602],[-0.1477067,51.477291],[-0.1476577,51.4768309],[-0.147661,51.476404],[-0.1477781,51.4757583],[-0.1478672,51.4754452],[-0.1479774,51.4751538],[-0.1481865,51.4748164],[-0.1483666,51.4744442],[-0.148706,51.4737167],[-0.148896,51.473395],[-0.1491346,51.4730859],[-0.1494236,51.4727724],[-0.1497764,51.472458],[-0.1502219,51.4721288],[-0.1504485,51.4719761],[-0.1506921,51.4718296],[-0.1509268,51.4716988],[-0.1511703,51.4715732],[-0.151685,51.4713333],[-0.1521403,51.4711577],[-0.1525791,51.471018],[-0.153042,51.4709059],[-0.1533228,51.4708436],[-0.1536898,51.470763],[-0.1540397,51.470698],[-0.1542938,51.4706633],[-0.1545353,51.4706343],[-0.1552203,51.4705487],[-0.155835,51.4704701],[-0.1561607,51.47041],[-0.1563986,51.4703588]],[[-0.1563986,51.4703588],[-0.1565662,51.4703232],[-0.15681,51.4702613],[-0.1570497,51.4701988],[-0.1572445,51.4701399],[-0.1574689,51.4700723],[-0.1576732,51.4700009],[-0.157894,51.4699178],[-0.1581361,51.4698177],[-0.1584204,51.4697042],[-0.159082,51.4694263],[-0.1596084,51.4692034],[-0.159813,51.4691168]],[[-0.159813,51.4691168],[-0.1605789,51.4687816],[-0.1618178,51.4682409],[-0.1624481,51.467959],[-0.1627743,51.4678241],[-0.1630926,51.4676783],[-0.1634443,51.4675251],[-0.1638925,51.4673267],[-0.1643284,51.4671314],[-0.1649025,51.4668599],[-0.1657293,51.4664894],[-0.1664414,51.4661831],[-0.1667034,51.4660694],[-0.1669773,51.4659506],[-0.16707,51.4659093],[-0.1675337,51.4657028],[-0.1678066,51.4655787],[-0.1678826,51.4655431],[-0.1680775,51.4654456],[-0.1682739,51.4653423],[-0.1684319,51.4652565]],[[-0.1684319,51.4652565],[-0.1685973,51.46516]],[[-0.1685973,51.46516],[-0.1686023,51.4651569],[-0.1687756,51.4650497]],[[-0.1687756,51.4650497],[-0.1691354,51.4648228],[-0.1694121,51.4646339],[-0.1696434,51.4644712],[-0.1698205,51.4643401],[-0.1700829,51.4641388],[-0.1703507,51.4639222],[-0.1705156,51.4637836],[-0.1706894,51.4636236],[-0.170851,51.4634678],[-0.1709916,51.4633209],[-0.1711322,51.4631713],[-0.1711438,51.4631572],[-0.1712232,51.4630606],[-0.1713129,51.4629537],[-0.1714225,51.4627972],[-0.1714437,51.4627618]],[[-0.1714437,51.4627618],[-0.1715879,51.4625318]],[[-0.1715879,51.4625318],[-0.1716693,51.4623855],[-0.1717866,51.4621779],[-0.1720722,51.4616317],[-0.1722161,51.4613303],[-0.1722287,51.4612992],[-0.1722808,51.4611738],[-0.172339,51.4610393],[-0.1724054,51.4608759],[-0.1724563,51.46074],[-0.1725028,51.4606014],[-0.1725548,51.4604442],[-0.1726157,51.4602407],[-0.1726557,51.4600849]],[[-0.1726557,51.4600849],[-0.1727184,51.4597672],[-0.1727598,51.4594135],[-0.1727784,51.4592579],[-0.1727958,51.458939],[-0.1727959,51.4585739],[-0.1727722,51.4582325],[-0.1727348,51.457907],[-0.1726229,51.4573473],[-0.1725455,51.4570532],[-0.1724253,51.4566954],[-0.1722542,51.4562631],[-0.1720723,51.4558803],[-0.1719554,51.455676],[-0.1718152,51.4554244],[-0.1716307,51.455137],[-0.1715095,51.4549531],[-0.1713876,51.4547927],[-0.1709242,51.4542097],[-0.1706975,51.4539444],[-0.1704682,51.4536677],[-0.170232,51.4533879],[-0.1699768,51.4530923],[-0.1697081,51.4527803],[-0.1694557,51.4524759],[-0.1690455,51.4519978],[-0.1688253,51.4517371],[-0.168578,51.4514454],[-0.1683236,51.4511439],[-0.1680183,51.4507875],[-0.1677207,51.450434],[-0.167318,51.4499659],[-0.1670248,51.4496117],[-0.1668373,51.4493888],[-0.1667032,51.4492334],[-0.1664457,51.4489371],[-0.166209,51.4486639],[-0.1657682,51.4481368],[-0.1655842,51.4479178],[-0.1653608,51.4476722],[-0.1651215,51.4474122],[-0.1649046,51.4471925],[-0.1644837,51.4467881],[-0.1641598,51.4465122],[-0.1638008,51.4462312],[-0.1635218,51.4460473],[-0.1632533,51.4458793],[-0.1628999,51.4456732],[-0.1624447,51.4454402],[-0.161986,51.4452257],[-0.1615991,51.4450569],[-0.1612423,51.4449169],[-0.1609876,51.4448224],[-0.1606616,51.4447133],[-0.160213,51.444572]],[[-0.160213,51.444572],[-0.1598152,51.444455],[-0.1594897,51.4443735],[-0.1590516,51.4442698],[-0.1585922,51.4441814],[-0.1552331,51.4435317]],[[-0.1552331,51.4435317],[-0.1549216,51.4434748]],[[-0.1549216,51.4434748],[-0.1541701,51.4433312],[-0.153589,51.443226],[-0.1533075,51.4431712]],[[-0.1533075,51.4431712],[-0.1529357,51.4430973]],[[-0.1529357,51.4430973],[-0.1520756,51.4429339],[-0.151319,51.442789],[-0.1503803,51.4426151],[-0.1495842,51.4424642]],[[-0.1495842,51.4424642],[-0.1493226,51.4424127]],[[-0.1493226,51.4424127],[-0.1490854,51.4423696],[-0.1483566,51.4422323],[-0.1483264,51.4422278],[-0.147389,51.4420418],[-0.1470342,51.44197],[-0.1465808,51.4418724],[-0.1461004,51.4417278],[-0.1458285,51.4416471],[-0.1455099,51.4415389],[-0.1451654,51.4414122]],[[-0.1451654,51.4414122],[-0.144896,51.4413056],[-0.1446033,51.4411797],[-0.1442757,51.4410231],[-0.1439701,51.4408625],[-0.1435958,51.4406477],[-0.1431866,51.4403781],[-0.1428833,51.4401516],[-0.1428465,51.4401233]],[[-0.1428465,51.4401233],[-0.1426862,51.4399901]],[[-0.1426862,51.4399901],[-0.1426639,51.4399712],[-0.1423763,51.439705],[-0.1421579,51.439481],[-0.1419617,51.4392561],[-0.141764,51.4390045],[-0.1416424,51.4388149],[-0.1414875,51.438578],[-0.1413728,51.4383496],[-0.1412028,51.438005],[-0.1410563,51.4376827],[-0.1409098,51.4373579],[-0.1407342,51.4369779],[-0.1405725,51.4366073],[-0.1403472,51.4361257],[-0.1400113,51.43537],[-0.1396295,51.4344768],[-0.1393283,51.4338152],[-0.138969,51.4330545],[-0.1388496,51.4326666],[-0.1386539,51.4321367],[-0.1385336,51.4316197],[-0.1384705,51.4311069],[-0.1384265,51.4306424],[-0.1384188,51.4305792]],[[-0.1384188,51.4305792],[-0.1384049,51.4304644]],[[-0.1384049,51.4304644],[-0.1383985,51.4304121]],[[-0.1383985,51.4304121],[-0.1383836,51.430289],[-0.1383679309291508,51.42992790714256]],[[-0.13869606808395896,51.42718432859353],[-0.1387366,51.4270085],[-0.138786,51.4267133],[-0.1388318,51.426385],[-0.1388351160623893,51.42634354041643]],[[-0.13891657744626842,51.424496748213016],[-0.1389154,51.4244557],[-0.138894,51.4241076],[-0.13888182122281612,51.42402601042177]],[[-0.1421907,51.4799662],[-0.1439795,51.4790682]],[[-0.1305566725959249,51.48025915673532],[-0.1321309,51.4805616],[-0.1327529,51.4806916],[-0.1334825,51.4808434],[-0.1345389,51.4810239],[-0.1357736,51.4811482],[-0.1367445,51.4811794],[-0.1377171,51.4811588],[-0.138629,51.4810986],[-0.1390352,51.4810589],[-0.1394619,51.4809903],[-0.1397937,51.4809166],[-0.140371,51.4807353],[-0.1411037,51.4804531],[-0.1412414,51.4803933],[-0.1415276,51.480252]],[[-0.1415276,51.480252],[-0.1421134,51.4799719],[-0.1438791,51.4790947]],[[-0.1720244,51.4645694],[-0.1716909,51.4646463],[-0.1714964,51.4646896],[-0.170751,51.4648703],[-0.1704781,51.4649414],[-0.1702012,51.4650137],[-0.1698915,51.4651073],[-0.1696849,51.4651803],[-0.1694784,51.4652512],[-0.169222,51.4653466],[-0.1691955,51.4653215],[-0.1693394,51.4652615],[-0.169553,51.465176],[-0.1697201,51.4651139],[-0.1698463,51.4650705],[-0.1700566,51.4650057],[-0.1702879,51.4649408],[-0.1704523,51.4648993],[-0.170727,51.4648299],[-0.1707794,51.4648167],[-0.1712985,51.464696],[-0.1714793,51.4646563],[-0.1715596,51.4646387],[-0.1716751,51.4646133],[-0.1717191,51.4646036],[-0.172008,51.4645416],[-0.1720244,51.4645694]],[[-0.1720244,51.4645694],[-0.1720401,51.464596],[-0.1716307,51.4646976],[-0.1708204,51.4649015],[-0.1703411,51.465025],[-0.1701144,51.4650895],[-0.1699072,51.4651484],[-0.1697113,51.4652118],[-0.1695021,51.4652856],[-0.1692486,51.465378],[-0.169222,51.4653466],[-0.1694784,51.4652512],[-0.1696849,51.4651803],[-0.1698915,51.4651073],[-0.1702012,51.4650137],[-0.1704781,51.4649414],[-0.170751,51.4648703],[-0.1714964,51.4646896],[-0.1715092,51.464687],[-0.1716909,51.4646463],[-0.1720244,51.4645694]],[[-0.1274474758607519,51.48223169426902],[-0.1275687,51.4821979]],[[-0.1275687,51.4821979],[-0.12797,51.4820758],[-0.1283578,51.4819591],[-0.12867,51.4818571],[-0.1289567,51.4817638],[-0.1292967,51.4816434],[-0.1295785,51.4815435],[-0.1304083,51.4812198],[-0.1311891,51.4808937],[-0.1314767,51.4807747],[-0.1319687,51.4805841],[-0.1326576,51.4803404]],[[-0.1326576,51.4803404],[-0.1329973,51.4802117],[-0.1337564,51.4799174],[-0.1341773,51.479762]],[[-0.1341773,51.479762],[-0.1346188,51.4796131],[-0.1352656,51.4794118],[-0.1358586,51.4792472],[-0.1364346,51.4790821],[-0.1366143,51.4790338],[-0.1368912,51.4789525],[-0.1373184,51.4788241],[-0.1377231,51.4786992],[-0.1380436,51.4785983],[-0.1383331,51.4785004],[-0.1386333,51.4783922],[-0.1389663,51.4782649],[-0.1392922,51.4781261],[-0.1395413,51.4780149]],[[-0.1395413,51.4780149],[-0.1397026,51.4779496]],[[-0.1397026,51.4779496],[-0.1400054,51.4778178],[-0.1402703,51.4777035],[-0.1409951,51.4773877]],[[-0.1409951,51.4773877],[-0.1414015,51.4772093],[-0.1422773,51.4768251]],[[-0.1422773,51.4768251],[-0.1429447,51.4765386]],[[-0.1429447,51.4765386],[-0.1445852,51.4758127],[-0.1449963,51.4756346],[-0.1461733,51.4751165],[-0.1463315,51.4750439]],[[-0.1463315,51.4750439],[-0.1465731,51.4749391]],[[-0.1465731,51.4749391],[-0.147194,51.4746839],[-0.1475246,51.4745582],[-0.1476196,51.4745221],[-0.1482485,51.4742874],[-0.1486252,51.4741286],[-0.1488318,51.4740415],[-0.1488944,51.474016],[-0.1499243,51.4735764],[-0.1504289,51.4733496],[-0.151954,51.4726836],[-0.1544562,51.4716003],[-0.1552512,51.4712632]],[[-0.1552512,51.4712632],[-0.1557802,51.4710373],[-0.1561097,51.4709049],[-0.1565183,51.4707372],[-0.1569658,51.4705489],[-0.1573791,51.47039],[-0.1574767,51.4703538],[-0.1577735,51.4702437],[-0.1580392,51.4701488],[-0.1582138,51.4700868],[-0.1586462,51.4699332],[-0.158893,51.4698442],[-0.1591324,51.4697538],[-0.1595989,51.4695722],[-0.1599117,51.4694542],[-0.160284,51.4693131],[-0.16071,51.4691455],[-0.1611014,51.4689946],[-0.1614344,51.4688647],[-0.1616934,51.4687606],[-0.1620028,51.4686286],[-0.1624099,51.468447],[-0.1626453,51.4683408],[-0.1628262,51.4682531],[-0.1632807,51.4680255],[-0.1637357,51.4677918],[-0.1638562,51.4677314],[-0.164057,51.4676301],[-0.164342,51.4674903],[-0.1647505,51.4672938],[-0.1650476,51.4671666],[-0.1652766,51.4670686],[-0.165784,51.4668471],[-0.1661484,51.4666842],[-0.1666236,51.4664797],[-0.167132,51.4662612],[-0.1675625,51.4660743]],[[-0.1675625,51.4660743],[-0.167753,51.4659915],[-0.1679323,51.4659158],[-0.1681617,51.4658106],[-0.1683092,51.4657429],[-0.168463,51.465669],[-0.1686763,51.4655567]],[[-0.1686763,51.4655567],[-0.1688437,51.4654685]],[[-0.1688437,51.4654685],[-0.1688833,51.4654497],[-0.169015,51.4653884],[-0.1692239,51.4652934]],[[-0.1692239,51.4652934],[-0.1692442,51.4652842],[-0.1693405,51.4652442],[-0.1695497,51.4651622],[-0.169771,51.4650801],[-0.1699791,51.4650139],[-0.1702747,51.4649277],[-0.1706366,51.4648367],[-0.1710506,51.464736],[-0.1713638,51.4646636],[-0.1717302,51.4645885],[-0.1722792,51.4644719]],[[-0.1722792,51.4644719],[-0.1725891,51.4644051],[-0.1732333,51.4642665],[-0.1737351,51.4641574],[-0.1738963,51.4641224],[-0.1743255,51.4640285]],[[-0.1743255,51.4640285],[-0.174825,51.4639127],[-0.1749833,51.4638748],[-0.1752456,51.4638072],[-0.1754913,51.4637424],[-0.1756607,51.4636996],[-0.1758577,51.4636452],[-0.17613,51.4635652],[-0.1763372,51.4634992]],[[-0.1763372,51.4634992],[-0.1764904,51.4634503]],[[-0.1764904,51.4634503],[-0.1769932,51.4632902],[-0.1774905,51.4631307],[-0.1777375,51.4630507],[-0.178095,51.4629402],[-0.1785212,51.4628119],[-0.1790873,51.4626525],[-0.1793895,51.4625758],[-0.1798451,51.4624692],[-0.1801946,51.4623931],[-0.1805867,51.4623173]],[[-0.1805867,51.4623173],[-0.1807374,51.4622886]],[[-0.1807374,51.4622886],[-0.1810234,51.4622373],[-0.1816466,51.462115],[-0.182054,51.4620405],[-0.182531,51.4619483],[-0.1831729,51.4618278],[-0.1840511,51.4616589],[-0.1843894,51.4615937]],[[-0.1843894,51.4615937],[-0.1849179,51.4614922]],[[-0.1849179,51.4614922],[-0.1855486,51.4613805]],[[-0.1855486,51.4613805],[-0.1857646,51.4613403]],[[-0.1857646,51.4613403],[-0.1873687,51.4610388]],[[-0.1873687,51.4610388],[-0.1876963,51.4609801]],[[-0.1876963,51.4609801],[-0.1879775,51.4609321],[-0.1882221,51.4608921]],[[-0.1882221,51.4608921],[-0.1889626,51.4607955],[-0.1894626,51.4607425],[-0.1897139,51.4607203],[-0.1900805,51.4606911],[-0.1905817,51.4606601]],[[-0.1905817,51.4606601],[-0.1909946,51.4606397]],[[-0.1909946,51.4606397],[-0.1910878,51.4606364],[-0.1912444,51.4606308]],[[-0.1912444,51.4606308],[-0.1916632,51.46062],[-0.1952521,51.4605623]],[[-0.1952521,51.4605623],[-0.1963981,51.4605402],[-0.1970014,51.4605115]],[[-0.1970014,51.4605115],[-0.1975445,51.4604739],[-0.1977256,51.4604614]],[[-0.1977256,51.4604614],[-0.1982103,51.4604224],[-0.1986653,51.4603817],[-0.1991043,51.4603436]],[[-0.1991043,51.4603436],[-0.1993051,51.460326]],[[-0.1993051,51.460326],[-0.1995976,51.4603008],[-0.1997719,51.460288]],[[-0.1997719,51.460288],[-0.2001097,51.4602634]],[[-0.2001097,51.4602634],[-0.2006137,51.4602271],[-0.2031939,51.4600828],[-0.2046402,51.4600056],[-0.205172,51.4599801],[-0.2056113,51.4599694],[-0.2060636,51.4599578],[-0.2066256,51.4599569],[-0.2071441,51.4599583],[-0.2076224,51.4599616],[-0.208924,51.4600044],[-0.2097379,51.4600518],[-0.2105594,51.4601282],[-0.2116962,51.4602498],[-0.2128573,51.4604118],[-0.2150262,51.4607978],[-0.2163249,51.4610521]],[[-0.2163249,51.4610521],[-0.2170766,51.4611905],[-0.2173001,51.4612316]],[[-0.2173001,51.4612316],[-0.2181423,51.4614179],[-0.2188381,51.4616],[-0.2199278,51.4619305],[-0.2213817,51.462451],[-0.2226891,51.4629531],[-0.2231921,51.4631139],[-0.2235908,51.4632364],[-0.2249548,51.4635678],[-0.22639,51.4638664],[-0.2278759,51.4641634],[-0.2307067,51.4647162],[-0.2335509,51.4652818],[-0.23357195173860354,51.46528618996401]],[[-0.12747464013904905,51.482115890532874],[-0.1276024,51.4820802]],[[-0.1276024,51.4820802],[-0.1279527,51.4819781],[-0.1283088,51.4818697],[-0.1286295,51.4817608],[-0.1289406,51.4816556],[-0.129252,51.4815435],[-0.1295869,51.4814192],[-0.1301139,51.481212],[-0.1305254,51.4810476],[-0.1311203,51.4808028],[-0.1313954,51.4806912],[-0.1319254,51.480487],[-0.132582,51.4802486],[-0.1329252,51.480124],[-0.1334455,51.479939],[-0.1339531,51.4797618],[-0.1342295,51.4796673],[-0.1345888,51.4795482],[-0.1349666,51.4794278],[-0.1354358,51.4792946],[-0.1359465,51.479151],[-0.1363955,51.4790262],[-0.1368424,51.4788977]],[[-0.1368424,51.4788977],[-0.1369765,51.4788568]],[[-0.1369765,51.4788568],[-0.1373079,51.4787594],[-0.1374567,51.4787145],[-0.1378183,51.478597],[-0.1382861,51.4784424],[-0.1388987,51.4782122],[-0.1391906,51.478092],[-0.1394827,51.4779679]],[[-0.1394827,51.4779679],[-0.1396436,51.4779023]],[[-0.1396436,51.4779023],[-0.1397663,51.4778466],[-0.1404757,51.477538],[-0.140756,51.4774178],[-0.1409658,51.4773264]],[[-0.1409658,51.4773264],[-0.1422263,51.4767661]],[[-0.1422263,51.4767661],[-0.1429161,51.4764651]],[[-0.1429161,51.4764651],[-0.1437393,51.4761125],[-0.1440968,51.4759538],[-0.1442106,51.4759062],[-0.1443863,51.4758285],[-0.1445511,51.4757555],[-0.1451041,51.4755137],[-0.1455648,51.4753161],[-0.1459191,51.4751568],[-0.1463146,51.4749831]],[[-0.1463146,51.4749831],[-0.1465507,51.4748824]],[[-0.1465507,51.4748824],[-0.1468573,51.47475],[-0.1470298,51.4746761],[-0.1476203,51.4744307],[-0.1483034,51.4741551],[-0.1491935,51.4737704],[-0.1497827,51.4735202],[-0.1504604,51.473232],[-0.150536,51.4732009],[-0.1509153,51.4730385],[-0.1518726,51.4726285],[-0.1544423,51.471536],[-0.1551874,51.4712183]],[[-0.1551874,51.4712183],[-0.1556562,51.4710153],[-0.1565171,51.4706637],[-0.157091,51.4704246],[-0.1573895,51.4703022],[-0.1576059,51.4702135],[-0.1579802,51.4700561],[-0.158214,51.4699546],[-0.1587378,51.4697301],[-0.1591313,51.469559],[-0.1596852,51.4693215],[-0.1603075,51.4690505],[-0.1612931,51.4686223],[-0.161792,51.4684051],[-0.1625597,51.4680645],[-0.1629016,51.4679199],[-0.1632024,51.467785],[-0.1636055,51.4676082],[-0.1640385,51.4674215],[-0.1645175,51.4672146],[-0.1654305,51.4668173],[-0.1662426,51.4664621],[-0.1665334,51.4663371],[-0.1671429,51.4660752],[-0.1673749,51.4659707],[-0.1677483,51.4658024],[-0.1681099,51.4656314],[-0.168225,51.4655752]],[[-0.168225,51.4655752],[-0.168515,51.4654335],[-0.1685578,51.4654111]],[[-0.1685578,51.4654111],[-0.1686737,51.4653535],[-0.1687283,51.4653239]],[[-0.1687283,51.4653239],[-0.1690031,51.4651873],[-0.1692965,51.4650411]],[[-0.1692965,51.4650411],[-0.1696186,51.464875],[-0.1698809,51.4647357],[-0.1700436,51.4646508],[-0.1701631,51.4645812],[-0.1703845,51.4644371],[-0.1705793,51.4643074],[-0.1707133,51.4642033],[-0.1708892,51.4640516],[-0.1709731,51.4639732],[-0.1711217,51.4638344],[-0.1712941,51.4636402],[-0.171415,51.4634937],[-0.171529,51.4633261]],[[-0.171529,51.4633261],[-0.1716353,51.4631524],[-0.1717205,51.4629917],[-0.1717825,51.4628434],[-0.1718401,51.4626965],[-0.1718501,51.4626715]],[[-0.1718501,51.4626715],[-0.1719627,51.4623745]],[[-0.1719627,51.4623745],[-0.1720105,51.4622724],[-0.1721223,51.4620021],[-0.1722385,51.4617435],[-0.1723132,51.4615956]],[[-0.1723132,51.4615956],[-0.1724184,51.4613877],[-0.1724818,51.4612718],[-0.1726111,51.4609791],[-0.1726566,51.4608748],[-0.172765,51.4606401],[-0.173021,51.4600538],[-0.1732098,51.4596242],[-0.173296,51.4594319],[-0.1734019,51.4591919],[-0.1734825,51.4590244],[-0.1738968,51.4581606],[-0.1741631,51.4576538]],[[-0.1741631,51.4576538],[-0.174453,51.4571318],[-0.1747668,51.4566095],[-0.1754082,51.4556079],[-0.1757516,51.4551147],[-0.1761419,51.4545871],[-0.1767351,51.4538473],[-0.1779739,51.4523664],[-0.1781823,51.4521473],[-0.1785756,51.4517469],[-0.1808738,51.4494757],[-0.1835266,51.4467592],[-0.186045,51.4441957],[-0.1877614,51.4424231],[-0.1879837,51.4421936]],[[-0.1879837,51.4421936],[-0.1881523,51.4420225]],[[-0.1881523,51.4420225],[-0.1892778,51.4409294],[-0.1898046,51.4403839]],[[-0.1898046,51.4403839],[-0.18987625049799303,51.44029728026651]],[[-0.1398245953771296,51.471338101621],[-0.1398772,51.4713893],[-0.1401319,51.4716409]],[[-0.1401319,51.4716409],[-0.1402821,51.4717753],[-0.1404808,51.4719273],[-0.1406691,51.4720511],[-0.1411059,51.4722709],[-0.1416134,51.4725178]],[[-0.1416134,51.4725178],[-0.1417388,51.4725789]],[[-0.1417388,51.4725789],[-0.1420021,51.472707],[-0.1427795,51.4730964]],[[-0.1427795,51.4730964],[-0.1431036,51.4732426],[-0.1433854,51.4733695],[-0.1437824,51.4734975],[-0.1441894,51.4735943],[-0.1444247,51.4736463],[-0.1447066,51.4736966],[-0.1449988,51.4737133],[-0.1453569,51.4737402],[-0.1457209,51.473749],[-0.1460784,51.4737476]],[[-0.1460784,51.4737476],[-0.1467168,51.4737243],[-0.147166,51.4736994],[-0.14762,51.4736412]],[[-0.14762,51.4736412],[-0.147851,51.4735946]],[[-0.147851,51.4735946],[-0.1483724,51.4734804]],[[-0.1483724,51.4734804],[-0.1491894,51.4732751],[-0.1494526,51.4732009]],[[-0.1494526,51.4732009],[-0.1497039,51.4731116],[-0.1499115,51.4730253],[-0.1500787,51.4729466],[-0.1503296,51.4728086],[-0.1506129,51.4726332],[-0.1509598,51.472386],[-0.1510711,51.472303],[-0.1515135,51.471971],[-0.1517897,51.4717868],[-0.1520199,51.4716464],[-0.1525979,51.4713097],[-0.1533399,51.4708884]],[[-0.1533399,51.4708884],[-0.1539723,51.4705611]],[[-0.1539723,51.4705611],[-0.1545638,51.4702945],[-0.1549305,51.4701485],[-0.1552612,51.4700272],[-0.1556559,51.4698977],[-0.1558838,51.4698332],[-0.1561475,51.4697641],[-0.1563513,51.4697186],[-0.1565805,51.4696734],[-0.1567898,51.4696369],[-0.1570487,51.4696037],[-0.1572741,51.4695838],[-0.1575355,51.4695656],[-0.1578895,51.4695513],[-0.1582047,51.469545],[-0.1583326,51.4695489],[-0.1584313,51.4695524],[-0.1585292,51.4695601]],[[-0.1585292,51.4695601],[-0.1592684,51.469591],[-0.1599026,51.4695967]],[[-0.1599026,51.4695967],[-0.1599416,51.469595],[-0.1600285,51.4695892],[-0.1601933,51.4695753],[-0.1603548,51.4695557],[-0.1605734,51.4695201],[-0.1607965,51.4694761],[-0.161041,51.469423],[-0.1612618,51.4693678],[-0.1614356,51.4693203],[-0.1616027,51.4692659],[-0.1618169,51.4691911],[-0.1620142,51.4691143],[-0.1621867,51.4690483],[-0.16238,51.4689603],[-0.1625496,51.4688722],[-0.1626979,51.4687906],[-0.1628585,51.4686811],[-0.1630386,51.4685601],[-0.1632026,51.4684343]],[[-0.1632026,51.4684343],[-0.1633491,51.46832]],[[-0.1633491,51.46832],[-0.1635052,51.468196]],[[-0.1635052,51.468196],[-0.1636747,51.4680587]],[[-0.1636747,51.4680587],[-0.163797,51.4679665],[-0.163942,51.4678693],[-0.1640549,51.4678024],[-0.1640642,51.4677972],[-0.1643084,51.4676611],[-0.1644943,51.4675666],[-0.164843,51.4674066],[-0.1653145,51.4672025],[-0.1656322,51.4670632],[-0.1660636,51.4668743]],[[-0.1660636,51.4668743],[-0.1662399,51.4667971],[-0.1665296,51.4666734]],[[-0.1665296,51.4666734],[-0.166697,51.4665992],[-0.1668553,51.4665316],[-0.1669074,51.4665089],[-0.1671121,51.4664199],[-0.1672773,51.4663476],[-0.167484,51.4662572],[-0.1676205,51.466198]],[[-0.1676205,51.466198],[-0.1677209,51.4661544],[-0.16794,51.466062],[-0.168022,51.4660269]],[[-0.1687981,51.4657062],[-0.1686695,51.4657531],[-0.1685211,51.4658117],[-0.1683418,51.4658896],[-0.168022,51.4660269]],[[-0.1689797,51.4656388],[-0.1689434,51.465653],[-0.1687981,51.4657062]],[[-0.1719674,51.4648003],[-0.1718684,51.4648297],[-0.1716359,51.4648939],[-0.1714743,51.4649359],[-0.171326,51.4649711],[-0.1709131,51.4650759],[-0.1705025,51.4651835],[-0.1701294,51.4652835],[-0.169876,51.4653552],[-0.169648,51.465429],[-0.1694819,51.4654793],[-0.1691875,51.4655669],[-0.1689797,51.4656388]],[[-0.1459452,51.4839196],[-0.1459738,51.483839],[-0.1457432,51.4838014],[-0.1458234,51.483493],[-0.1457947,51.4834889],[-0.1457575,51.4834849],[-0.1456801,51.4837938],[-0.1455715,51.483788],[-0.1455313,51.4838816],[-0.1459452,51.4839196]],[[-0.12946044246457164,51.485873068451355],[-0.12967271033990324,51.48579493478752]],[[-0.12979840280477223,51.485748668659014],[-0.1326555,51.484697],[-0.1346941,51.4842563],[-0.1368459,51.483908],[-0.13720821376351378,51.483902637805045]],[[-0.1421623476980565,51.484139505677035],[-0.1439144,51.4838768],[-0.1459452,51.4839196]],[[-0.2154677,51.4673217],[-0.2158247,51.4670378],[-0.2158099,51.4670298],[-0.2157925,51.4670218],[-0.215437,51.467301],[-0.2153004,51.4672336],[-0.2152574,51.4672674],[-0.2154066,51.4673411],[-0.2155474,51.4674104],[-0.2155861,51.4673799],[-0.2154677,51.4673217]],[[-0.199042,51.463195],[-0.1990267,51.4633531],[-0.1974523,51.4632879],[-0.197452,51.4633056],[-0.199034,51.4633772],[-0.1990264,51.4635753],[-0.1988123,51.463563],[-0.198807,51.4636055],[-0.1990419,51.4636202],[-0.1992535,51.4636336],[-0.1992577,51.4635894],[-0.1990566,51.4635796],[-0.1990695,51.4634122],[-0.1994442,51.4634342],[-0.1994472,51.4634126],[-0.199069,51.4633898],[-0.1991341,51.4627112],[-0.1991134,51.4627103],[-0.1990956,51.4627094],[-0.1990442,51.463173],[-0.1972443,51.4630913],[-0.1972457,51.4631145],[-0.199042,51.463195]],[[-0.1824834,51.4670365],[-0.1824661,51.4670545],[-0.1823424,51.4671583]],[[-0.14282807778720796,51.48424393318677],[-0.1459452,51.4839196],[-0.14560296172724999,51.484576536353]],[[-0.1623178246172783,51.48292672812794],[-0.1626843,51.4828721],[-0.1632637,51.4828042],[-0.1636252536831071,51.48278752655133]],[[-0.17166147213349106,51.481502730107565],[-0.17242475657030498,51.48125190829574]],[[-0.17614817562332896,51.47917730847758],[-0.1768893,51.4783736],[-0.1775759,51.4773897],[-0.1776483500269853,51.47724363626327]],[[-0.17966879803337354,51.47263137018402],[-0.1797142,51.4722337],[-0.1798923,51.4716506],[-0.1809979,51.4697707],[-0.181471,51.4690938],[-0.1817918,51.4686348],[-0.1821193,51.4682053],[-0.1823104,51.4676563],[-0.182291,51.4672709],[-0.1824661,51.4670545],[-0.1830652,51.4669423],[-0.183601,51.4668048],[-0.1847535,51.4661037],[-0.186395,51.4654073],[-0.1886696,51.4646914],[-0.18882639764657114,51.46465540891424]],[[-0.19052991370344202,51.464264386511594],[-0.1906758,51.4642309],[-0.1933795,51.4638696],[-0.1950307,51.4637784],[-0.1967049,51.4637513],[-0.1972938,51.4637519],[-0.1978395,51.4637525],[-0.1982783,51.4637289],[-0.1986552,51.4637121],[-0.1990419,51.4636202],[-0.1995286,51.4637282],[-0.2001387,51.4637573],[-0.2009176,51.4639619],[-0.2018338,51.4641159],[-0.203411,51.4643181],[-0.2064794,51.4650066],[-0.2091933,51.4656887],[-0.2110821,51.466203],[-0.2121834,51.4665597],[-0.2129704,51.466865],[-0.213539,51.4670445],[-0.2138287,51.467125],[-0.2141291,51.4671721],[-0.2149016,51.4672256],[-0.2152229,51.4672717],[-0.2154066,51.4673411]],[[-0.16499963156354833,51.42012380933655],[-0.1649669,51.4201193],[-0.1645617,51.4200694],[-0.1639501,51.4200021],[-0.1633663,51.4199531],[-0.1625364,51.4199077]],[[-0.1625364,51.4199077],[-0.1617707,51.4198807],[-0.16160848899589816,51.41987626156295]],[[-0.14451215821022212,51.41776090290501],[-0.1441299,51.4178398],[-0.1437537,51.4179303],[-0.1434186,51.4180214],[-0.1430914,51.418117],[-0.1428273,51.4182033],[-0.1425264,51.4183067],[-0.1421063,51.4184651],[-0.1418058,51.4185854],[-0.14149,51.418722],[-0.1412299,51.4188414],[-0.1408331,51.4190325],[-0.1405602,51.4191754],[-0.140365,51.4192892]],[[-0.140365,51.4192892],[-0.140219819659975,51.41937939943795]],[[-0.14011558196764345,51.41945237416255],[-0.1400212,51.4195238],[-0.13993052989588456,51.41958192541864]],[[-0.13940625264416465,51.41994781842204],[-0.1393641,51.4199792]],[[-0.1393641,51.4199792],[-0.1391492,51.4201308],[-0.138963,51.4202619]],[[-0.138963,51.4202619],[-0.1388388004619587,51.42034408474463]],[[-0.1386113,51.4205066],[-0.1385892,51.4205222]],[[-0.14045482419095692,51.41922325312563],[-0.140365,51.4192892]],[[-0.16163791936037528,51.41985627512317],[-0.1617732,51.4198637],[-0.16190959493985788,51.41986410928714]],[[-0.2108862,51.459119],[-0.210941,51.4591302],[-0.2109112,51.4592076],[-0.210939,51.4592131],[-0.2110656,51.4589498],[-0.2111497,51.4588083],[-0.2112236,51.4586968],[-0.2112971,51.458595],[-0.2114207,51.4584386],[-0.211594,51.4582274],[-0.2115523,51.4582135],[-0.2115053,51.4582664],[-0.211432,51.4583493],[-0.2113644,51.4584261],[-0.2113425,51.4584595],[-0.2112387,51.4585782],[-0.211063,51.4587802],[-0.2111043,51.4587934],[-0.2110901,51.458819],[-0.2110297,51.4589274],[-0.2109969,51.4589191],[-0.2108862,51.459119]],[[-0.20960355202796607,51.46590062266666],[-0.2101431,51.4648542],[-0.210267,51.4645691],[-0.2103189,51.4643861]],[[-0.2103189,51.4643861],[-0.2103416,51.4642852]],[[-0.2103416,51.4642852],[-0.2103643,51.46412]],[[-0.2103643,51.46412],[-0.2103706,51.4640388],[-0.2103697,51.4638592],[-0.2103506,51.4636746],[-0.210249,51.4632179],[-0.2102222,51.4631359],[-0.2101863,51.4630171],[-0.2101718,51.4629473],[-0.2101364,51.4627778],[-0.2101177,51.4625534],[-0.2101263,51.4622639],[-0.2101681,51.4620508],[-0.2101959,51.4619291],[-0.2102799,51.4617161],[-0.210464,51.4613078],[-0.2105933,51.4610093],[-0.2106646,51.4607892],[-0.2106763,51.4607426],[-0.2107014,51.4606296],[-0.2107328,51.4604103],[-0.2107358,51.4603854],[-0.21075,51.4600475],[-0.2107622,51.4599277],[-0.2107878,51.4597483],[-0.2108353,51.4595676],[-0.2108718,51.4594547],[-0.2109166,51.4593384]],[[-0.2109166,51.4593384],[-0.2109913,51.4591384],[-0.2110862,51.4589513],[-0.2112416,51.4587025],[-0.2114363,51.4584442],[-0.211615,51.4582294],[-0.2117569,51.458059],[-0.2117601,51.4580551],[-0.2117627,51.458052]],[[-0.2117627,51.458052],[-0.212003,51.4577634]],[[-0.212003,51.4577634],[-0.2122133,51.4574989]],[[-0.2122133,51.4574989],[-0.2122738,51.4574245],[-0.212352,51.4573101],[-0.2124171,51.4572005],[-0.2125343,51.4569844],[-0.2125795,51.4568693],[-0.2126247,51.4567299],[-0.212652,51.4565575],[-0.2126662,51.4563836],[-0.2126604,51.4562199],[-0.2126389,51.4560563],[-0.2126034,51.4559159],[-0.2125548,51.4557754],[-0.2125073,51.4556659],[-0.2124494,51.4555451],[-0.2123693,51.4554184],[-0.2122814,51.4552949],[-0.2121813,51.4551698],[-0.2120657,51.4550415],[-0.2117938,51.4547938]],[[-0.2117938,51.4547938],[-0.2098921,51.4530535],[-0.2098015,51.4529554],[-0.2095395,51.4526338]],[[-0.2095395,51.4526338],[-0.2094248,51.4524837]],[[-0.2094248,51.4524837],[-0.2093398,51.4523754]],[[-0.2093398,51.4523754],[-0.2085316,51.4513752],[-0.2083519,51.4511428],[-0.2081802,51.450913],[-0.2079951,51.4506338],[-0.2078919,51.4504592],[-0.2077967,51.4502828],[-0.2076505,51.449951]],[[-0.2076505,51.449951],[-0.207585,51.4498171]],[[-0.207585,51.4498171],[-0.2074896,51.4495963],[-0.2072141,51.4488303],[-0.2069652,51.4480309],[-0.2068506,51.447549],[-0.2067607,51.4470927],[-0.2066607,51.4465293],[-0.2065975,51.4462089],[-0.2065732,51.4460551],[-0.2065445,51.4458739],[-0.2065043,51.4455328],[-0.2064699,51.4451878],[-0.2064626,51.4451034]],[[-0.2064626,51.4451034],[-0.2064057,51.4446206]],[[-0.2064057,51.4446206],[-0.2063757,51.4442522],[-0.2063732,51.443898],[-0.2063383,51.4434408],[-0.2062815,51.4429899],[-0.2061353,51.4422827],[-0.2059109,51.4415707],[-0.2055838,51.4407717],[-0.205235,51.440099],[-0.204872,51.4395258],[-0.2044798,51.43899]],[[-0.2044798,51.43899],[-0.20447024643632034,51.43897780838781]],[[-0.2117451,51.4582795],[-0.2116728,51.4582592],[-0.2114931,51.458463],[-0.2113744,51.4586181],[-0.2113006,51.4587191],[-0.2112322,51.4588229],[-0.2112296,51.4588268],[-0.2111479,51.4589672],[-0.2110927,51.4590783],[-0.2110484,51.4591798],[-0.2109962,51.4593002],[-0.2110447,51.4593092],[-0.2111091,51.4591899],[-0.2112042,51.4589987],[-0.211234,51.4590064],[-0.2112598,51.4589681],[-0.2113348,51.4588393],[-0.2114044,51.4587316],[-0.2114637,51.4586493],[-0.211501,51.4585954],[-0.2115816,51.4584895],[-0.2117451,51.4582795]],[[-0.20453062376369047,51.4389665748814],[-0.2045392,51.4389778]],[[-0.2045392,51.4389778],[-0.2049263,51.4395103],[-0.2052885,51.440083],[-0.2056413,51.4407578],[-0.2059762,51.4415601],[-0.2061923,51.4422809],[-0.2063365,51.4429857],[-0.2064878,51.4437883],[-0.2065733,51.4445239]],[[-0.2065733,51.4445239],[-0.206624,51.4448964]],[[-0.206624,51.4448964],[-0.2066938,51.4455213],[-0.2067317,51.4458629],[-0.206749,51.4460526],[-0.2067627,51.4461979],[-0.2067654,51.4465222],[-0.2067836,51.4468072],[-0.2068237,51.4470868],[-0.2069069,51.4475448],[-0.2070229,51.4480175],[-0.2072677,51.4488052],[-0.2075432,51.4495763],[-0.20764,51.4498116]],[[-0.20764,51.4498116],[-0.2077081,51.4499427]],[[-0.2077081,51.4499427],[-0.2078422,51.4502527],[-0.2079589,51.450465],[-0.2080582,51.4506397],[-0.2082137,51.4508771],[-0.2083948,51.4511244],[-0.2085705,51.4513451],[-0.2088548,51.4517028],[-0.2091994,51.4521307],[-0.209384,51.4523698]],[[-0.209384,51.4523698],[-0.2094315,51.4524265],[-0.2094734,51.4524765]],[[-0.2094734,51.4524765],[-0.209586,51.4526214]],[[-0.209586,51.4526214],[-0.2098594,51.452955],[-0.2099377,51.4530383],[-0.2118355,51.4547746]],[[-0.2118355,51.4547746],[-0.2120969,51.4550156],[-0.2122204,51.4551472],[-0.2123308,51.4552787],[-0.2124186,51.4554065],[-0.2125011,51.4555343],[-0.2125599,51.4556552],[-0.2126109,51.4557761],[-0.2126568,51.4559127],[-0.2126923,51.4560493],[-0.2127122,51.4562155],[-0.2127191,51.4563817],[-0.2127058,51.4565575],[-0.2126769,51.4567333],[-0.2126347,51.4568749],[-0.2125846,51.4569955],[-0.2124679,51.4572161],[-0.2123806,51.4573563],[-0.2122466,51.4575338]],[[-0.2122466,51.4575338],[-0.2120444,51.4577773]],[[-0.2120444,51.4577773],[-0.2118064,51.4580602]],[[-0.2118064,51.4580602],[-0.2117872,51.458083],[-0.2117558,51.4581203],[-0.2116541,51.4582412],[-0.2114774,51.4584573],[-0.2112836,51.4587143],[-0.2111269,51.4589624],[-0.2110364,51.4591459],[-0.2109571,51.4593468]],[[-0.2109571,51.4593468],[-0.210915,51.4594728],[-0.2108654,51.4596371],[-0.2108322,51.4597843],[-0.2107956,51.4600511],[-0.2107834,51.4603781],[-0.2107786,51.4604119],[-0.2107454,51.460631],[-0.2107186,51.4607491],[-0.2107091,51.4607907],[-0.2106289,51.4610351],[-0.2105163,51.4613013],[-0.2103574,51.4616612],[-0.2102843,51.4618341],[-0.2102454,51.4619386],[-0.2102076,51.4620581],[-0.2101693,51.4622955],[-0.2101628,51.4624594],[-0.2101649,51.4625669],[-0.2101774,51.4627246],[-0.2101955,51.4628821],[-0.2102143,51.4629554],[-0.2102461,51.4630793],[-0.2102689,51.4631429],[-0.2103138,51.4632945],[-0.2103636,51.4634882],[-0.2104027,51.4636819],[-0.2104148,51.463891],[-0.2104117,51.4640662],[-0.2104092,51.4641356]],[[-0.2104092,51.4641356],[-0.2103914,51.4642999]],[[-0.2103914,51.4642999],[-0.210365,51.464425]],[[-0.210365,51.464425],[-0.2103484,51.4644874],[-0.2103126,51.4645969],[-0.2101953,51.4648705],[-0.2100354,51.4651787],[-0.2096532814457115,51.46591395609281]],[[-0.1687916,51.4273117],[-0.168412,51.4276778],[-0.1683411,51.4277459],[-0.1682998,51.4277856],[-0.1679152,51.4281632]],[[-0.1598902,51.4355715],[-0.1595651,51.4357158],[-0.159478,51.4357557],[-0.1593399,51.4358175],[-0.1592122,51.4358865],[-0.1590482,51.4359831]],[[-0.1525719,51.443822],[-0.1528059,51.443544],[-0.1532478,51.4430192]],[[-0.1476207,51.4527823],[-0.1475575,51.4528747],[-0.14748829831192525,51.452966319789375]],[[-0.17333216172081453,51.42306096859376],[-0.1728216,51.4234032],[-0.1711637,51.4247402],[-0.1707886,51.4250591],[-0.1705752,51.4252681],[-0.1700334,51.4258992],[-0.1696404,51.4264384],[-0.1693501,51.4267952],[-0.1689021,51.4272305],[-0.1687207,51.4274094],[-0.1683348,51.4278007],[-0.168116,51.4280174],[-0.1678506,51.4282803],[-0.1667103,51.429309],[-0.1648741,51.4311089],[-0.1641133,51.4319057],[-0.1639997,51.4320921],[-0.1638259,51.4325588],[-0.163668,51.4328858],[-0.1634983,51.4331298],[-0.1628331,51.4338029],[-0.1622379,51.4342828],[-0.1615896,51.4347251],[-0.1612817,51.434908],[-0.1605412,51.4352905],[-0.1597279,51.4356533],[-0.1593455,51.4358287],[-0.159069,51.4359799],[-0.1583958,51.4364074],[-0.1572948,51.4373159],[-0.1567395,51.4378887],[-0.1560187,51.4392919],[-0.1552579,51.4405025],[-0.153208,51.4430921],[-0.1530038,51.443328],[-0.1528869,51.4434642],[-0.1525898,51.4438246],[-0.1520684,51.4443835],[-0.1513567,51.4451882],[-0.1504217,51.4457539],[-0.1500619,51.4459856],[-0.1496692,51.4463177],[-0.1492888,51.4469089],[-0.1488235,51.4476052],[-0.1481223,51.4487849],[-0.1480183,51.4502397],[-0.1479424,51.4508135],[-0.1479005,51.4511304],[-0.1478846,51.4521304],[-0.1477741,51.452523],[-0.1476376,51.4527761],[-0.147504966247787,51.45296676101881]],[[-0.1440385,51.4791138],[-0.1422498,51.4800118]],[[-0.1423914,51.4799625],[-0.1423141,51.4799973],[-0.1422006,51.4800561],[-0.1416081,51.4803279]],[[-0.1416081,51.4803279],[-0.1412106,51.4805255],[-0.1411132,51.4805693],[-0.1404689,51.4808318],[-0.1399662,51.4810029],[-0.1395649,51.4811213],[-0.139204,51.4812078],[-0.1387474,51.4812888],[-0.1382726,51.4813553],[-0.1378615,51.4813905],[-0.1372368,51.4814306],[-0.1367359,51.4814388],[-0.135727,51.4813991],[-0.1350637,51.4813231],[-0.1338417,51.4811018],[-0.1328324,51.4808966],[-0.1311348,51.4805644],[-0.130543,51.4804457],[-0.13045292354371185,51.480427861715874]],[[-0.1475728,51.4527737],[-0.1475047,51.4528612],[-0.14743442765433026,51.45296489373877]],[[-0.1524798,51.4437881],[-0.1527118,51.4435126],[-0.1531557,51.4429854]],[[-0.1598535,51.4355251],[-0.1597383,51.4355789],[-0.1594378,51.4357218],[-0.1593061,51.4357865],[-0.1591682,51.4358668],[-0.1590129,51.4359578]],[[-0.1678357,51.428141],[-0.1680488,51.4278932],[-0.1681829,51.4277701],[-0.1682602,51.4277103],[-0.1683339,51.4276428],[-0.1686608,51.4273464],[-0.1687451,51.4272884]],[[-0.14742509877529553,51.452964646787024],[-0.147572,51.4527513],[-0.1477012,51.4525117],[-0.14778,51.4522647],[-0.147823,51.4521274],[-0.1478246,51.451129],[-0.1478667,51.4508106],[-0.1479426,51.4502369],[-0.1480051,51.4490408],[-0.1480163,51.4489571],[-0.1480253,51.4488776],[-0.1480397,51.4488249],[-0.1480523,51.4487692],[-0.1487346,51.4475908],[-0.1492133,51.4468922],[-0.1496033,51.4462982],[-0.1500049,51.4459604],[-0.1503941,51.4457207],[-0.1512747,51.445168],[-0.1519954,51.4443705],[-0.152462,51.4437904],[-0.15275,51.443447],[-0.1528186,51.4433718],[-0.15296,51.443199],[-0.1531195,51.4430038],[-0.1533013,51.4427826],[-0.155187,51.4404878],[-0.1559461,51.43928],[-0.1566684,51.4378739],[-0.1572287,51.4372959],[-0.1583335,51.4363843],[-0.1589128,51.4360081],[-0.1590407,51.4359333],[-0.1592987,51.4357824],[-0.1598208,51.4355269],[-0.1604979,51.4352418],[-0.1612097,51.4348656],[-0.1615151,51.4346777],[-0.1621663,51.4342415],[-0.1627351,51.4337909],[-0.1634107,51.4331139],[-0.1635821,51.4328656],[-0.1637225,51.4325488],[-0.1639167,51.4320762],[-0.1640189,51.4318777],[-0.1647738,51.4310947],[-0.1666569,51.4292455],[-0.167733,51.428231],[-0.167951,51.4279696],[-0.1681201,51.4278007],[-0.1682369,51.4276917],[-0.1686018,51.427371],[-0.1686453,51.4273327],[-0.1688352,51.4272054],[-0.169267,51.4267819],[-0.1695516,51.4264251],[-0.1699563,51.4258837],[-0.1705558,51.4251757],[-0.1706979,51.4250323],[-0.17327899115442172,51.42302980982413]],[[-0.169055,51.4646261],[-0.1689122,51.4647406],[-0.1687949,51.464824],[-0.168682,51.4649095],[-0.1687119,51.4649233],[-0.16892,51.4647682],[-0.1690517,51.4646661],[-0.1691934,51.4645537],[-0.1693251,51.4644427],[-0.1694258,51.4643482],[-0.1694944,51.46428],[-0.1695465,51.4642282],[-0.1697277,51.4640535],[-0.1697811,51.464002],[-0.169904,51.4638938],[-0.1700335,51.4637972],[-0.1700776,51.4637697],[-0.1701508,51.4637241],[-0.1702042,51.4636906],[-0.1702387,51.463669],[-0.1702958,51.4636331],[-0.1703152,51.4636205],[-0.1704386,51.4635407],[-0.1705748,51.4634455],[-0.1705562,51.4634322],[-0.1703629,51.4635528],[-0.1702003,51.4636389],[-0.1701581,51.4636615],[-0.1700144,51.4637459],[-0.1698425,51.4638707],[-0.169725,51.4639672],[-0.1697185,51.4639726],[-0.1696556,51.464035],[-0.1694925,51.4642162],[-0.16929,51.4644338],[-0.169174,51.4645372],[-0.169055,51.4646261]],[[-0.1526441,51.4431232],[-0.1518661,51.4430283],[-0.1511683,51.4429023],[-0.1508614,51.4428321],[-0.1497698,51.4425818],[-0.1497718,51.4425641],[-0.1509027,51.4427964],[-0.1515877,51.4429367],[-0.1517027,51.4429592],[-0.1519925,51.4430111],[-0.1526534,51.4431084],[-0.1526441,51.4431232]],[[-0.14739530243788695,51.48461696936499],[-0.1474103,51.4833655]],[[-0.1474103,51.4833655],[-0.147419,51.4830261]],[[-0.147419,51.4830261],[-0.147437,51.4828211],[-0.1474484,51.4826513],[-0.1474585,51.482457],[-0.1474585,51.482244],[-0.1474685,51.4820162],[-0.1474732,51.4819066],[-0.1474773,51.4815249],[-0.1474652,51.4812142],[-0.1474799,51.4808977],[-0.1474775,51.4806943]],[[-0.1474775,51.4806943],[-0.1474893,51.4800867],[-0.1475104,51.4789774],[-0.1475121,51.478889],[-0.1475294,51.4786202],[-0.1475468,51.478146]],[[-0.1475468,51.478146],[-0.1475483,51.4781038],[-0.147555,51.4777873],[-0.1475618,51.4775233],[-0.1475483,51.4773379],[-0.1475282,51.4771558],[-0.1475202,51.4768543],[-0.1475282,51.4766221],[-0.1475725,51.4763305],[-0.1475966,51.4761543],[-0.1476141,51.476029],[-0.1476798,51.4757483],[-0.1477067,51.4756438]],[[-0.1477067,51.4756438],[-0.1477706,51.4754385],[-0.1478941,51.4751354],[-0.1480948,51.4747956],[-0.1482487,51.4744803],[-0.1485244,51.4738588],[-0.148614,51.4736892],[-0.1488254,51.4733374],[-0.1490402,51.4730614],[-0.1491637,51.4729223],[-0.1493345,51.4727454],[-0.149693,51.472423],[-0.1501107,51.4721091],[-0.150361,51.4719405],[-0.1506046,51.4717941],[-0.1508515,51.4716529],[-0.1510967,51.4715255],[-0.151621,51.4712842],[-0.1520725,51.4711157],[-0.1523025,51.4710304],[-0.1525748,51.4709471],[-0.1529655,51.4708291],[-0.1533967,51.4707291],[-0.1537654,51.470649],[-0.1540901,51.4705984],[-0.154496,51.4705479],[-0.154841,51.4705026],[-0.1552271,51.4704608],[-0.1555689,51.4704314],[-0.1561467,51.4703433],[-0.1562261,51.470326],[-0.1563577,51.4702974]],[[-0.1563577,51.4702974],[-0.1565195,51.4702643],[-0.1566682,51.4702312],[-0.1568407,51.4701892],[-0.1570745,51.470126],[-0.1573071,51.4700546],[-0.1575409,51.4699796],[-0.1577428,51.4699053],[-0.15794,51.4698303],[-0.1582332,51.4697119],[-0.1587019,51.4695143],[-0.1593006,51.4692621],[-0.1596785,51.4690952],[-0.1597566,51.4690613]],[[-0.1597566,51.4690613],[-0.1601079,51.4689087],[-0.1604521,51.4687592],[-0.1608367,51.4685874],[-0.1613491,51.468366],[-0.1617517,51.4681928],[-0.1623883,51.4679108],[-0.1625,51.4678638],[-0.1631857,51.4675635],[-0.1635824,51.4673902],[-0.163918,51.4672407],[-0.1643343,51.4670509],[-0.1648623,51.4668019],[-0.1652443,51.4666304],[-0.1656401,51.466454],[-0.1661926,51.4662099],[-0.1666736,51.4659963],[-0.1671683,51.465784],[-0.1674955,51.4656314],[-0.1677198,51.4655293],[-0.167802,51.4654898],[-0.1679163,51.4654327],[-0.1680603,51.4653581],[-0.1682218,51.4652656],[-0.1682364,51.4652572],[-0.1683686,51.4651788]],[[-0.1683686,51.4651788],[-0.1685269,51.4650717]],[[-0.1685269,51.4650717],[-0.1685764,51.4650359]],[[-0.1685764,51.4650359],[-0.1687502,51.4649159],[-0.1689428,51.4647732],[-0.1691298,51.4646277],[-0.1692715,51.4645139],[-0.1693888,51.4644091],[-0.1694674,51.4643332],[-0.1696124,51.4641864],[-0.1697121,51.4640898],[-0.1698194,51.4639926],[-0.1699212,51.4639071],[-0.1700496,51.4638105],[-0.1701681,51.4637312],[-0.1703142,51.4636471],[-0.170447,51.4635574],[-0.17055,51.4634885],[-0.1706518,51.4634147],[-0.170737,51.4633492],[-0.1708234,51.4632775],[-0.1709042,51.4632071],[-0.1709742,51.4631387],[-0.1710292,51.4630851],[-0.1711159,51.4629951],[-0.1712388,51.462851]],[[-0.1712388,51.462851],[-0.1712573,51.4628275]],[[-0.1712573,51.4628275],[-0.1714349,51.462591]],[[-0.1714349,51.462591],[-0.1714623,51.462553],[-0.1715586,51.462402],[-0.1717257,51.462122],[-0.1718907,51.4618145],[-0.1720324,51.4615207],[-0.1721483,51.4612601],[-0.1722083,51.4611411],[-0.1722582,51.4610145],[-0.1723722,51.4607069],[-0.1724618,51.4604235],[-0.1725127,51.460238],[-0.1725455,51.4600817]],[[-0.1725455,51.4600817],[-0.1725894,51.4597742],[-0.1726264,51.4594582],[-0.1726482,51.4592931],[-0.1726661,51.4589645],[-0.1726721,51.4588427],[-0.1726667,51.4585613],[-0.1726576,51.4582294],[-0.1726238,51.457924],[-0.1725571,51.4575404],[-0.172513,51.4573346],[-0.1724355,51.4570636],[-0.1723271,51.4567471],[-0.1721984,51.4564135],[-0.1720251,51.4560289],[-0.1718271,51.455647],[-0.1717226,51.4554706],[-0.1716112,51.4552816],[-0.1713288,51.4548672],[-0.1711945,51.4546809],[-0.1710603,51.4545071],[-0.1708058,51.454193],[-0.1706067,51.4539575],[-0.1704027,51.4537187],[-0.1701512,51.4534269],[-0.1699297,51.4531675],[-0.1696899,51.4528843],[-0.1694664,51.4526227],[-0.169349,51.452477],[-0.1691629,51.4522603],[-0.1690115,51.4520822],[-0.168762,51.4517937],[-0.1683973,51.4513654]],[[-0.1683973,51.4513654],[-0.1683313,51.4512863],[-0.16801,51.450905],[-0.1676285,51.45046],[-0.1673582,51.4501457],[-0.1670372,51.4497613],[-0.1665512,51.4491902],[-0.1661838,51.4487614],[-0.1659421,51.4484739],[-0.1657155,51.4482041],[-0.1655044,51.4479592],[-0.1653603,51.4478138],[-0.1651729,51.4476107],[-0.164965,51.4474023],[-0.164812,51.4472597],[-0.1647244,51.4471876],[-0.1645018,51.4469755],[-0.1643664,51.4468605],[-0.1640926,51.4466503],[-0.1638429,51.44647],[-0.1633296,51.4461245]],[[-0.1633296,51.4461245],[-0.1628398,51.4458116],[-0.162333,51.4455091]],[[-0.162333,51.4455091],[-0.1619746,51.4453198],[-0.1614979,51.4451065],[-0.1609617,51.4448952],[-0.1601598,51.4446322]],[[-0.1601598,51.4446322],[-0.1598284,51.4445367],[-0.1594608,51.4444417],[-0.1585651,51.4442436],[-0.1551063,51.4435796]],[[-0.1551063,51.4435796],[-0.1547756,51.4435184]],[[-0.1547756,51.4435184],[-0.1544742,51.4434576],[-0.1532663,51.4432301]],[[-0.1532663,51.4432301],[-0.1528775,51.443169]],[[-0.1528775,51.443169],[-0.1522002,51.443085],[-0.1516354,51.4430056],[-0.1511528,51.4429146],[-0.1505661,51.4427776],[-0.1501658,51.4426861],[-0.1499482,51.4426386],[-0.1496521,51.4425705]],[[-0.1496521,51.4425705],[-0.1493712,51.4425077]],[[-0.1493712,51.4425077],[-0.1480457,51.4422381],[-0.1472673,51.4420965],[-0.1468645,51.4420121],[-0.1464571,51.4419066]],[[-0.1464571,51.4419066],[-0.1460192,51.4417785],[-0.1455266,51.4416148],[-0.1452137,51.4415049],[-0.144923,51.4413979],[-0.1444863,51.4412072],[-0.1441944,51.4410704],[-0.1439644,51.4409438],[-0.1436913,51.4407932],[-0.1434402,51.4406411],[-0.1431717,51.4404446],[-0.1429919,51.440315],[-0.1428404,51.4401974]],[[-0.1428404,51.4401974],[-0.1427608,51.4401353],[-0.1426788,51.4400613]],[[-0.1426788,51.4400613],[-0.1422774,51.4397103],[-0.1418956,51.4392838],[-0.1416108,51.4388748],[-0.1414181,51.4386099],[-0.1413002,51.4383618],[-0.1411449,51.4380474],[-0.1410247,51.4377846],[-0.1408904,51.437503],[-0.1406417,51.4369528],[-0.1405028,51.4366173],[-0.1403569,51.4363094]],[[-0.1403569,51.4363094],[-0.1399763,51.4354979],[-0.1397393,51.4349411],[-0.1395408,51.4344695],[-0.1392188,51.4337571],[-0.1389979,51.4332737],[-0.1388228,51.432858],[-0.1387446,51.4326091],[-0.1386056,51.4322219],[-0.1385274,51.4318922],[-0.1384398,51.4314969],[-0.1383823,51.431099],[-0.1383324,51.4307619],[-0.1383051,51.4305641]],[[-0.1383051,51.4305641],[-0.13830378713598923,51.430547292287486]],[[-0.1380794121562573,51.42157208843719],[-0.1381201,51.4213907]],[[-0.1381201,51.4213907],[-0.1381748,51.4212285],[-0.1382398,51.4210659],[-0.1383006,51.4209383],[-0.1383719,51.4208024],[-0.1384945,51.420639],[-0.138584574295717,51.4205279051981],[-0.1385892,51.4205222]],[[-0.1692975,51.4648113],[-0.1694636,51.4647133],[-0.1697714,51.4645107],[-0.1698987,51.4644039],[-0.1700987,51.4642679],[-0.1702522,51.4641461],[-0.1704401,51.4639895],[-0.1705536,51.4638803],[-0.170576,51.4638593],[-0.1707504,51.4637044],[-0.170967,51.4634793],[-0.1710709,51.4633614],[-0.1711055,51.4633738],[-0.1710045,51.4634875],[-0.1708707,51.4636342],[-0.1707924,51.4637171],[-0.1706759,51.4638257],[-0.1706239,51.4638758],[-0.1705996,51.4638993],[-0.1705733,51.4639246],[-0.1704851,51.4640053],[-0.1703487,51.4641301],[-0.170207,51.4642476],[-0.1700817,51.4643471],[-0.1699103,51.4644734],[-0.1697679,51.4645763],[-0.1696575,51.4646504],[-0.1695174,51.4647426],[-0.1693515,51.4648464],[-0.1692975,51.4648113]],[[-0.1877481,51.4420439],[-0.187797,51.4420991],[-0.1868741,51.4430245],[-0.1862147,51.4437152],[-0.1861739,51.4436952],[-0.1868251,51.4429995],[-0.1873997,51.4423915],[-0.1875015,51.4422902],[-0.1877481,51.4420439]],[[-0.12749457207201542,51.482030918928594],[-0.1276273,51.4819932]],[[-0.1276273,51.4819932],[-0.1279114,51.4819085],[-0.128263,51.4818021],[-0.1285602,51.4817079],[-0.1289095,51.4815898],[-0.1293588,51.4814233],[-0.129802,51.4812531],[-0.1301563,51.4811134],[-0.130607,51.4809274],[-0.1310631,51.4807397],[-0.1313294,51.4806325],[-0.131892,51.4804164],[-0.1325259,51.4801841],[-0.1329587,51.4800305],[-0.1332443,51.4799317],[-0.1336195,51.4797962],[-0.1341926,51.4795972],[-0.1345428,51.4794795],[-0.1349607,51.4793504],[-0.1355513,51.479184],[-0.1360504,51.4790473],[-0.1363621,51.4789618],[-0.1368028,51.4788384]],[[-0.1368028,51.4788384],[-0.1369365,51.4787991]],[[-0.1369365,51.4787991],[-0.1372199,51.4787167],[-0.137547,51.4786178],[-0.1382354,51.4783859],[-0.1388487,51.4781545],[-0.1391584,51.4780272],[-0.1394215,51.4779188]],[[-0.1394215,51.4779188],[-0.1395741,51.4778465]],[[-0.1395741,51.4778465],[-0.1404279,51.4774746],[-0.1405647,51.4774135],[-0.140891,51.4772696]],[[-0.140891,51.4772696],[-0.1421606,51.4766862]],[[-0.1421606,51.4766862],[-0.1429027,51.4763684]],[[-0.1429027,51.4763684],[-0.1442692,51.4757853],[-0.1448053,51.4755531],[-0.1454169,51.4752863],[-0.1458559,51.4750954],[-0.1462936,51.4749119]],[[-0.1462936,51.4749119],[-0.1465504,51.4747992]],[[-0.1465504,51.4747992],[-0.1468865,51.4746492],[-0.1473102,51.474464],[-0.1478556,51.4742224],[-0.1483635,51.4740063],[-0.1488891,51.4737649],[-0.1493917,51.4735577],[-0.150119,51.4732557],[-0.150446,51.4731201],[-0.1510657,51.4728678],[-0.1512783,51.4727786],[-0.1519129,51.4725099],[-0.1522548,51.4723745],[-0.1544238,51.4714708],[-0.1551284,51.4711661]],[[-0.1551284,51.4711661],[-0.1554756,51.4710145],[-0.1560896,51.47076],[-0.1565313,51.4705835],[-0.1568229,51.4704592],[-0.1571949,51.4703091],[-0.1575055,51.4701848],[-0.1578125,51.4700561],[-0.1582648,51.469856],[-0.158601,51.4697147],[-0.1595092,51.4693236],[-0.1606136,51.4688402],[-0.1615173,51.4684477],[-0.1625,51.4680133],[-0.1627605,51.4679028],[-0.163124,51.4677436],[-0.1634727,51.467591],[-0.1638455,51.4674274],[-0.1639249,51.4673961],[-0.1643726,51.4672002],[-0.1649339,51.4669549],[-0.1652914,51.4667999],[-0.1657038,51.4666211],[-0.1663641,51.4663336],[-0.1664753,51.4662858],[-0.1669577,51.4660785],[-0.1673653,51.4658991],[-0.1677591,51.4657178],[-0.1680827,51.4655688],[-0.1681602,51.465529]],[[-0.1681602,51.465529],[-0.1683927,51.4654095],[-0.1685069,51.4653486]],[[-0.1685069,51.4653486],[-0.1686756,51.465258]],[[-0.1686756,51.465258],[-0.1688584,51.4651553]],[[-0.1688584,51.4651553],[-0.1690335,51.4650564],[-0.1692485,51.4649299],[-0.1693125,51.4648923],[-0.169494,51.4647764],[-0.1696833,51.4646544],[-0.169867,51.4645282],[-0.170053,51.464391],[-0.1702168,51.4642634],[-0.170395,51.4641158],[-0.1705942,51.4639372],[-0.1708134,51.4637234],[-0.1709108,51.46362],[-0.1710314,51.4634876],[-0.1711698,51.4633304],[-0.1712716,51.4632028],[-0.1713856,51.4630566],[-0.1714941,51.4629049],[-0.1716092,51.462727],[-0.1716361,51.4626817]],[[-0.1716361,51.4626817],[-0.1717752,51.4624555]],[[-0.1717752,51.4624555],[-0.1718417,51.4623346],[-0.1719313,51.4621663],[-0.1720321,51.4619677],[-0.1721383,51.4617477],[-0.1722228,51.4615759]],[[-0.1722228,51.4615759],[-0.1723368,51.4613488],[-0.1723923,51.4612279],[-0.1725122,51.4609626],[-0.1726387,51.4606868],[-0.1727569,51.4604058],[-0.1729178,51.4599752],[-0.1731647,51.4594316],[-0.1732468,51.4592504],[-0.1733274,51.4590481],[-0.1735131,51.4586778],[-0.1737851,51.4581471],[-0.1740527,51.4576354]],[[-0.1740527,51.4576354],[-0.174356,51.4571063],[-0.1746737,51.456582],[-0.1753063,51.4555795],[-0.1756389,51.455094],[-0.1760411,51.4545304],[-0.1766171,51.4538139],[-0.1778742,51.4523064],[-0.1780623,51.4521046],[-0.1785079,51.4516516],[-0.1807814,51.4494492],[-0.1834365,51.4467307],[-0.1858804,51.4441441],[-0.1872953,51.4426202],[-0.1876857,51.4422221],[-0.1878415,51.4420662]],[[-0.1878415,51.4420662],[-0.1879767,51.4419194]],[[-0.1879767,51.4419194],[-0.1891655,51.4408748],[-0.1897494,51.4402951]],[[-0.1897494,51.4402951],[-0.18983132037278377,51.44020458746472]],[[-0.1878197,51.4423469],[-0.1877293,51.4423125],[-0.1877141,51.4423084],[-0.1861568,51.443891],[-0.1862491,51.4439258],[-0.1878197,51.4423469]],[[-0.1694491,51.4649153],[-0.1697439,51.4647438],[-0.1699102,51.4646502],[-0.170094,51.4645316],[-0.17034,51.464352],[-0.170432,51.4642803],[-0.170566,51.464179],[-0.1707042,51.4640562],[-0.1708204,51.4639543],[-0.1710284,51.4637303],[-0.1711963,51.4635649],[-0.1712761,51.4634684],[-0.1713349,51.4634852],[-0.1713849,51.4634154],[-0.1714367,51.4634318],[-0.1713514,51.4635484],[-0.1712786,51.463641],[-0.1711847,51.4637439],[-0.1711562,51.4637744],[-0.171111,51.4638227],[-0.1710994,51.4638351],[-0.170976,51.4639443],[-0.1709244,51.4639921],[-0.1709175,51.4639985],[-0.1708884,51.4640254],[-0.1708184,51.4640902],[-0.1706498,51.4642335],[-0.1706315,51.4642491],[-0.1706243,51.4642554],[-0.170514,51.4643359],[-0.170419,51.4644],[-0.1703817,51.4644251],[-0.1702478,51.4645104],[-0.1701273,51.4645865],[-0.1700036,51.4646587],[-0.1698769,51.4647265],[-0.169772,51.4647811],[-0.1696334,51.4648532],[-0.1695145,51.4649132],[-0.169444,51.4649478],[-0.1694189,51.4649311],[-0.1694491,51.4649153]],[[-0.1694491,51.4649153],[-0.1694158,51.4648967],[-0.1697266,51.4646884],[-0.1699089,51.4645641],[-0.1700545,51.4644558],[-0.1702484,51.464305],[-0.1703668,51.4642115],[-0.1704191,51.4641632],[-0.1707633,51.4638454],[-0.1710548,51.4635498],[-0.1712058,51.4633782],[-0.1712549,51.4633922],[-0.1712127,51.4634513],[-0.1712738,51.4634682],[-0.1712761,51.4634684],[-0.1711963,51.4635649],[-0.1710284,51.4637303],[-0.1709813,51.463781],[-0.1708204,51.4639543],[-0.1707042,51.4640562],[-0.170566,51.464179],[-0.170432,51.4642803],[-0.17034,51.464352],[-0.170094,51.4645316],[-0.1699102,51.4646502],[-0.1697439,51.4647438],[-0.1694491,51.4649153]],[[-0.1898528028466962,51.440248906742426],[-0.1897752,51.4403395]],[[-0.1897752,51.4403395],[-0.1891994,51.4408993],[-0.1880259,51.4419483]],[[-0.1880259,51.4419483],[-0.1878793,51.4420956]],[[-0.1878793,51.4420956],[-0.1876423,51.4423218],[-0.1873358,51.4426307],[-0.1866871,51.443353],[-0.186236,51.4438299],[-0.1859218,51.4441621],[-0.1834796,51.4467429],[-0.1808248,51.4494624]],[[-0.1808248,51.4494624],[-0.1786026,51.4516605],[-0.17814,51.4521283],[-0.1779483,51.4523326],[-0.1766761,51.453834],[-0.176096,51.4545574],[-0.1756997,51.4551093],[-0.1753572,51.4555962],[-0.1747095,51.4566133],[-0.1743997,51.4571239],[-0.1741146,51.4576458]],[[-0.1741146,51.4576458],[-0.1738494,51.4581518],[-0.173435,51.4590146],[-0.1733421,51.4592155],[-0.1732448,51.4594351],[-0.1731852,51.4595642],[-0.1729732,51.4600476],[-0.1727199,51.4606199],[-0.1726394,51.4607988],[-0.1725579,51.4609735],[-0.1724365,51.4612502],[-0.1723774,51.461369],[-0.1722638,51.4615876]],[[-0.1722638,51.4615876],[-0.1721826,51.4617532],[-0.1719335,51.4622553],[-0.1718371,51.462428]],[[-0.1718371,51.462428],[-0.1717147,51.4626489]],[[-0.1717147,51.4626489],[-0.1716878,51.4626973],[-0.1715229,51.4629394],[-0.1713967,51.4631097],[-0.1712882,51.4632476],[-0.1712085,51.4633455],[-0.1710923,51.4634848],[-0.1709905,51.4635938],[-0.1708787,51.4637131],[-0.1707005,51.4638889],[-0.1705012,51.4640738],[-0.1703109,51.4642351],[-0.1702846,51.4642557],[-0.1701083,51.4643944],[-0.1699157,51.4645392],[-0.1697386,51.464664],[-0.1695803,51.4647689],[-0.1695078,51.464815],[-0.1694154,51.4648737],[-0.1692832,51.4649517],[-0.169163,51.4650226],[-0.1690564,51.4650835]],[[-0.1690564,51.4650835],[-0.1687812,51.4652405],[-0.1686981,51.4652862]],[[-0.1686981,51.4652862],[-0.1685773,51.4653508],[-0.1685283,51.465375]],[[-0.1685283,51.465375],[-0.1683285,51.4654853],[-0.1681876,51.4655548]],[[-0.1681876,51.4655548],[-0.168106,51.465595],[-0.1679344,51.4656773],[-0.1677463,51.4657634],[-0.1674907,51.4658805]],[[-0.1674907,51.4658805],[-0.1671498,51.4660337],[-0.1669293,51.4661301],[-0.1666413,51.4662534],[-0.1663102,51.4663962],[-0.1658596,51.4665915],[-0.1655011,51.466749],[-0.1651288,51.4669082],[-0.1647889,51.4670559],[-0.1641668,51.4673293],[-0.1637084,51.4675252],[-0.1635801,51.4675814],[-0.1631416,51.4677747],[-0.1628595,51.4678992],[-0.1625264,51.4680395],[-0.1617674,51.4683765],[-0.1607549,51.4688158],[-0.1598971,51.4691923],[-0.1593601,51.4694249],[-0.1586716,51.4697203],[-0.1583156,51.46987],[-0.1579176,51.4700473],[-0.1575279,51.470212],[-0.1571737,51.4703547],[-0.15683,51.4704945],[-0.1564663,51.4706475],[-0.1559916,51.4708409],[-0.1555795,51.4710116],[-0.1551591,51.471194]],[[-0.1551591,51.471194],[-0.1544392,51.4715025],[-0.1530797,51.4720665],[-0.1524167,51.472343],[-0.1515679,51.4726877],[-0.1514722,51.4727273],[-0.1509979,51.4729206],[-0.15048,51.4731311],[-0.1498022,51.4734144],[-0.1492713,51.4736459],[-0.1487918,51.4738454],[-0.148275,51.4740824],[-0.147592,51.4743844],[-0.1469635,51.4746607],[-0.1465507,51.4748325]],[[-0.1465507,51.4748325],[-0.1463043,51.4749398]],[[-0.1463043,51.4749398],[-0.1458806,51.4751175]],[[-0.1458806,51.4751175],[-0.1455401,51.47527],[-0.1449778,51.4755099],[-0.1445326,51.4757047],[-0.144169,51.4758659],[-0.1429077,51.476409]],[[-0.1429077,51.476409],[-0.1421872,51.4767179]],[[-0.1421872,51.4767179],[-0.1409221,51.4772968]],[[-0.1409221,51.4772968],[-0.1405792,51.477447],[-0.1404467,51.4775042],[-0.139607,51.4778729]],[[-0.139607,51.4778729],[-0.1394547,51.4779404]],[[-0.1394547,51.4779404],[-0.13918,51.4780572],[-0.1388828,51.4781814],[-0.1382679,51.478414],[-0.137873,51.4785473],[-0.1372375,51.4787441],[-0.1369586,51.4788268]],[[-0.1369586,51.4788268],[-0.1368273,51.4788647]],[[-0.1368273,51.4788647],[-0.1363686,51.4789941],[-0.1353496,51.4792721],[-0.1348715,51.4794128],[-0.1345662,51.479508],[-0.1342042,51.4796297],[-0.1335245,51.4798672],[-0.132984,51.4800596],[-0.1325481,51.480214],[-0.1319173,51.4804426],[-0.1313582,51.4806566],[-0.1310985,51.4807625],[-0.1305712,51.4809801],[-0.1303568,51.4810688],[-0.1301312,51.4811614],[-0.1297061,51.4813271],[-0.1293282,51.4814698],[-0.1289247,51.481617],[-0.1285895,51.4817317],[-0.128284,51.4818303],[-0.1279296,51.4819392],[-0.127616,51.4820326]],[[-0.127616,51.4820326],[-0.12748548849770938,51.48206964301435]],[[-0.18989648534112114,51.44033902562766],[-0.1898268,51.4404205]],[[-0.1898268,51.4404205],[-0.1893248,51.4409384],[-0.1881878,51.4420527]],[[-0.1881878,51.4420527],[-0.1880147,51.4422274]],[[-0.1880147,51.4422274],[-0.1860894,51.4442046],[-0.1835711,51.4467765],[-0.1809246,51.449493]],[[-0.1809246,51.449493],[-0.1786005,51.451806],[-0.1782588,51.4521701],[-0.1779213,51.4525347],[-0.1767995,51.4538674],[-0.1761986,51.4545995],[-0.175794,51.4551367],[-0.1754504,51.4556241],[-0.174827,51.4565955],[-0.1745111,51.4571499],[-0.1742311,51.4576688]],[[-0.1742311,51.4576688],[-0.1739366,51.4582604],[-0.1736584,51.45886],[-0.1736073,51.4589773],[-0.173522,51.4591514],[-0.1732428,51.459766],[-0.1730975,51.460078],[-0.1728851,51.4605248],[-0.1726985,51.4609109]],[[-0.1726985,51.4609109],[-0.1726387,51.4610325],[-0.172517,51.4612876],[-0.1724603,51.4614061],[-0.1723573,51.4616079]],[[-0.1723573,51.4616079],[-0.172285,51.4617524],[-0.1722142,51.4619028]],[[-0.1722142,51.4619028],[-0.1721024,51.4621345],[-0.1720315,51.462309],[-0.1720178,51.4623519]],[[-0.1720178,51.4623519],[-0.171902,51.462678]],[[-0.171902,51.462678],[-0.1718733,51.46276],[-0.1718135,51.4629062],[-0.1717404,51.4630669],[-0.171663,51.4632117],[-0.1715921,51.4633248],[-0.1715113,51.4634448],[-0.1714194,51.4635647],[-0.1712944,51.463713],[-0.1711626,51.4638558],[-0.1709634,51.4640495],[-0.1707099,51.464264],[-0.1706899,51.464279],[-0.1705815,51.4643605],[-0.1704387,51.4644578],[-0.1702961,51.4645471],[-0.1702561,51.4645722],[-0.1700469,51.4646943],[-0.1699119,51.4647674],[-0.1697425,51.4648611]],[[-0.1697425,51.4648611],[-0.1696772,51.4648908],[-0.1694902,51.4649832],[-0.1691337,51.4651604],[-0.1687513,51.4653528]],[[-0.1687513,51.4653528],[-0.1685817,51.4654404]],[[-0.1685817,51.4654404],[-0.1683645,51.4655476],[-0.1682482,51.4656059],[-0.168132,51.4656611],[-0.167715,51.4658586],[-0.1673731,51.4660111]],[[-0.1673731,51.4660111],[-0.1669806,51.4661814],[-0.1667795,51.4662687],[-0.1665757,51.4663558],[-0.1662576,51.4664919],[-0.1656794,51.4667459],[-0.1656546,51.4667567],[-0.1650387,51.4670248],[-0.1641904,51.4673928],[-0.1636271,51.4676369],[-0.1632082,51.4678198],[-0.1625911,51.4680883],[-0.1615869,51.4685329],[-0.1608087,51.4688675],[-0.1599409,51.4692488],[-0.1593488,51.4695017],[-0.1588039,51.4697385],[-0.1585635,51.4698406],[-0.1583365,51.4699391],[-0.1580298,51.4700723],[-0.1578522,51.4701487],[-0.1575633,51.4702731],[-0.1571182,51.4704518],[-0.1565584,51.470685],[-0.1560648,51.4708873],[-0.1555263,51.471105],[-0.1552229,51.4712404]],[[-0.1552229,51.4712404],[-0.1544454,51.4715735],[-0.1518974,51.4726572],[-0.1509206,51.473076],[-0.1498368,51.4735336],[-0.149781,51.473558],[-0.1491899,51.473809],[-0.1488077,51.4739732],[-0.1482857,51.474197],[-0.1476203,51.4744681],[-0.1471392,51.4746694],[-0.1465607,51.4749129]],[[-0.1465607,51.4749129],[-0.1463254,51.4750163]],[[-0.1463254,51.4750163],[-0.1459607,51.4751817],[-0.1453799,51.4754379],[-0.1449347,51.4756289],[-0.144337,51.4758889],[-0.1440614,51.4760078],[-0.1437924,51.4761258],[-0.1429356,51.4765049]],[[-0.1429356,51.4765049],[-0.1425395,51.4766757],[-0.1422574,51.4768014]],[[-0.1422574,51.4768014],[-0.1409944,51.4773499]],[[-0.1409944,51.4773499],[-0.1407459,51.4774596],[-0.1405032,51.4775628],[-0.1397932,51.4778707],[-0.1396717,51.4779248]],[[-0.1396717,51.4779248],[-0.1395125,51.4779918]],[[-0.1395125,51.4779918],[-0.1392332,51.4781093],[-0.1389351,51.4782322],[-0.1385909,51.4783643],[-0.1383325,51.4784596],[-0.1380407,51.4785602],[-0.1377046,51.4786681],[-0.1373117,51.4787907],[-0.1369971,51.4788852]],[[-0.1369971,51.4788852],[-0.1368631,51.4789246]],[[-0.1368631,51.4789246],[-0.1364111,51.4790557],[-0.135698,51.4792521],[-0.1351066,51.4794234],[-0.1348135,51.4795113],[-0.134601,51.4795821],[-0.134145,51.4797312],[-0.1336216,51.4799144],[-0.1332038,51.480061],[-0.1328175,51.4801991],[-0.1326029,51.4802761],[-0.1319357,51.4805183],[-0.1314183,51.4807142],[-0.1311313,51.4808337],[-0.1304935,51.4810945],[-0.130215,51.4812044],[-0.1298798,51.481339],[-0.1295039,51.4814833],[-0.1291886,51.4815997],[-0.1286487,51.4817921],[-0.1283251,51.4818979],[-0.1279478,51.4820164],[-0.1275915,51.4821183]],[[-0.1275915,51.4821183],[-0.12746561635155929,51.48215435974211]],[[-0.1707446,51.464305],[-0.1709114,51.4641895],[-0.1711112,51.4640215],[-0.1713013,51.4638413],[-0.1713828,51.4637679],[-0.1714947,51.4636368],[-0.1716126,51.4634719],[-0.1717053,51.4633385],[-0.171763,51.4632344],[-0.1718287,51.4631125],[-0.1718629,51.4630285],[-0.1719045,51.462919],[-0.171933,51.4628165],[-0.171871,51.462811],[-0.1718264,51.4629222],[-0.1717654,51.4630558],[-0.1717137,51.4631577],[-0.1716401,51.4632845],[-0.171576,51.4633796],[-0.1715282,51.4634493],[-0.1714429,51.4635649],[-0.1713623,51.4636634],[-0.1712778,51.463757],[-0.1712296,51.4638083],[-0.1711696,51.4638722],[-0.1710528,51.4639891],[-0.1710469,51.463995],[-0.1709874,51.4640506],[-0.1709013,51.4641252],[-0.1708081,51.4642007],[-0.1707001,51.4642895],[-0.1707134,51.4642967],[-0.1707218,51.4642913],[-0.1707446,51.464305]],[[-0.1722964,51.4646255],[-0.1717647,51.4647669],[-0.1715452,51.4648215],[-0.1708397,51.4650005],[-0.1705408,51.4650842],[-0.1700215,51.4652241],[-0.1698284,51.4652829],[-0.1696758,51.465336],[-0.1695374,51.465383],[-0.1692774,51.4654665],[-0.1692563,51.4654415],[-0.1695087,51.4653518],[-0.1697411,51.4652704],[-0.1698751,51.4652222],[-0.1699548,51.4651967],[-0.1703621,51.4650856],[-0.1705136,51.4650463],[-0.1707927,51.4649739],[-0.17082,51.464967],[-0.1715216,51.4647898],[-0.1716376,51.4647605],[-0.171745,51.4647327],[-0.1718331,51.4647098],[-0.172277,51.4646002],[-0.1722964,51.4646255]],[[-0.1722964,51.4646255],[-0.1723135,51.4646478],[-0.1717034,51.4648275],[-0.1700079,51.4652698],[-0.169843,51.4653187],[-0.1697002,51.4653649],[-0.169543,51.4654118],[-0.1692929,51.4654849],[-0.1692774,51.4654665],[-0.1695374,51.465383],[-0.1696758,51.465336],[-0.1698284,51.4652829],[-0.1700215,51.4652241],[-0.1705408,51.4650842],[-0.1708397,51.4650005],[-0.1715452,51.4648215],[-0.1717647,51.4647669],[-0.1722964,51.4646255]],[[-0.23360659971377987,51.46540142104306],[-0.2335178,51.4653832],[-0.2282667,51.464355],[-0.2278127,51.4642657],[-0.2264444,51.463995],[-0.2249309,51.4636703],[-0.2243254,51.463524],[-0.2235718,51.4633292],[-0.2229842,51.4631592],[-0.2225679,51.4630284],[-0.2220175,51.4628401],[-0.2211792,51.4625232],[-0.2196413,51.4619536],[-0.2192478,51.4618272],[-0.2187738,51.4616944],[-0.2180869,51.461525],[-0.2176685,51.4614356],[-0.2172423,51.461356]],[[-0.2162675,51.4611964],[-0.2158874,51.4611387],[-0.2153219,51.4610307],[-0.2146179,51.4608825],[-0.2141704,51.4607902],[-0.2137381,51.4607095],[-0.2128292,51.4605662],[-0.2109186,51.460307],[-0.2106248,51.4602744],[-0.2101929,51.4602327],[-0.2097483,51.4601977],[-0.2092211,51.4601617],[-0.2089361,51.4601477],[-0.2076391,51.4600894],[-0.2066886,51.4600606],[-0.2061791,51.4600573],[-0.2056588,51.4600674],[-0.2051512,51.4600797],[-0.2046308,51.4601042],[-0.2033434,51.4601726],[-0.2023417,51.4602282],[-0.2006307,51.4603205],[-0.200316,51.4603418]],[[-0.2172423,51.461356],[-0.2162675,51.4611964]],[[-0.200316,51.4603418],[-0.1999758,51.4603649]],[[-0.1999758,51.4603649],[-0.1995836,51.4603962],[-0.1993264,51.4604189]],[[-0.1993264,51.4604189],[-0.1991261,51.4604366]],[[-0.1991261,51.4604366],[-0.1987002,51.4604741],[-0.1973901,51.4605862],[-0.1963844,51.4606393],[-0.195236,51.4606659]],[[-0.195236,51.4606659],[-0.1939235,51.4606874],[-0.1935166,51.4606916],[-0.1915397,51.4607214],[-0.1912841,51.4607249]],[[-0.1912841,51.4607249],[-0.1909651,51.4607424]],[[-0.1909651,51.4607424],[-0.1905606,51.4607641]],[[-0.1905606,51.4607641],[-0.1901853,51.4607971],[-0.1897751,51.460831],[-0.1888224,51.4609617],[-0.1878283,51.4611257],[-0.1875339,51.4611757],[-0.1874868,51.4611837]],[[-0.1874868,51.4611837],[-0.1871694,51.4612368]],[[-0.1871694,51.4612368],[-0.1858283,51.4614385]],[[-0.1858283,51.4614385],[-0.1856088,51.4614768]],[[-0.1856088,51.4614768],[-0.1849933,51.4615846]],[[-0.1849933,51.4615846],[-0.1844488,51.4616875]],[[-0.1844488,51.4616875],[-0.1841099,51.4617521],[-0.1835054,51.461866],[-0.1831372,51.461936],[-0.182654,51.4620243],[-0.1820807,51.4621348],[-0.1814357,51.462255],[-0.1811262,51.4623131],[-0.1807989,51.4623768]],[[-0.1807989,51.4623768],[-0.1806675,51.4624018]],[[-0.1806675,51.4624018],[-0.1803748,51.4624587],[-0.1801162,51.4625126],[-0.1798791,51.4625626],[-0.1795046,51.4626537],[-0.1792514,51.4627176],[-0.1789661,51.4627937],[-0.1787227,51.462862],[-0.1784339,51.4629481],[-0.1779221,51.4631064],[-0.1775325,51.4632269],[-0.1770744,51.4633791],[-0.1765605,51.4635386]],[[-0.1765605,51.4635386],[-0.1764067,51.4635864]],[[-0.1764067,51.4635864],[-0.1762174,51.4636452],[-0.175933,51.4637293],[-0.175778,51.4637727],[-0.1755301,51.4638369],[-0.1753065,51.4638955],[-0.1751128,51.4639431],[-0.1748726,51.4640017],[-0.1746709,51.4640486],[-0.1740812,51.4641858],[-0.1737292,51.4642679],[-0.1735344,51.4643182],[-0.1732355,51.4643996],[-0.1729964,51.4644651],[-0.1723412,51.4646554]],[[-0.1723412,51.4646554],[-0.171997,51.4647553],[-0.1718476,51.464798],[-0.1715067,51.4648918],[-0.1710905,51.4649966],[-0.1705625,51.4651338],[-0.1699803,51.4652924]],[[-0.1699803,51.4652924],[-0.1697822,51.4653531],[-0.1696172,51.4654055],[-0.1694866,51.4654442],[-0.169304,51.4654986]],[[-0.169304,51.4654986],[-0.1689596,51.4656137]],[[-0.1689596,51.4656137],[-0.1687732,51.4656756]],[[-0.1687732,51.4656756],[-0.1686208,51.4657359],[-0.1684554,51.4658061],[-0.1682201,51.4659062],[-0.1679383,51.4660263],[-0.1678028,51.4660841],[-0.1676179,51.466162],[-0.1673844,51.4662634],[-0.167268,51.4663132],[-0.1669981,51.4664289],[-0.1667302,51.4665454]],[[-0.1667302,51.4665454],[-0.1664889,51.466653],[-0.1661613,51.4667943],[-0.1660854,51.4668279],[-0.1658277,51.4669418],[-0.1655565,51.4670611],[-0.1651857,51.4672183],[-0.1647474,51.4674107],[-0.1644895,51.4675334],[-0.1642825,51.4676369],[-0.1640512,51.467761],[-0.1637368,51.4679292],[-0.1634316,51.4680957],[-0.1630574,51.4682855],[-0.1629486,51.4683379],[-0.1627619,51.4684295],[-0.1625096,51.4685441],[-0.1622293,51.4686691],[-0.1618649,51.4688235],[-0.1614512,51.4689939],[-0.1611047,51.4691259],[-0.1605957,51.4693201],[-0.1602357,51.469457],[-0.1595944,51.4696917],[-0.159313,51.4697992],[-0.1592213,51.4698335],[-0.1588743,51.4699632],[-0.1584516,51.4701095],[-0.1582178,51.4701904],[-0.1579993,51.4702677],[-0.1578223,51.470335],[-0.1576568,51.4703979],[-0.1573689,51.4705079],[-0.1572046,51.4705707],[-0.1567854,51.470737],[-0.1561819,51.4709856],[-0.1556541,51.4712011],[-0.1553577,51.4713277]],[[-0.1553577,51.4713277],[-0.1545486,51.4716714],[-0.1520655,51.4727509],[-0.1502641,51.4735313],[-0.1501509,51.4735804],[-0.1494352,51.4738905],[-0.1488884,51.4741253],[-0.1481512,51.4744494],[-0.1474486,51.4747558],[-0.1466726,51.4750878]],[[-0.1466726,51.4750878],[-0.1464307,51.475194]],[[-0.1464307,51.475194],[-0.1456306,51.475545],[-0.1449608,51.4758392],[-0.144283,51.4761355],[-0.1435559,51.4764406]],[[-0.1435559,51.4764406],[-0.1428889,51.4767429]],[[-0.1428889,51.4767429],[-0.1423894,51.4769595]],[[-0.1423894,51.4769595],[-0.1418053,51.4772195],[-0.1413426,51.4774199],[-0.1408381,51.477639],[-0.1404212,51.4778182],[-0.1400337,51.4779877],[-0.139851,51.4780687]],[[-0.139851,51.4780687],[-0.1396917,51.4781356]],[[-0.1396917,51.4781356],[-0.1394426,51.4782472],[-0.1390918,51.4784009],[-0.1386624,51.4785803],[-0.1383905,51.4786861],[-0.1381615,51.4787727],[-0.1378944,51.478861],[-0.1376418,51.4789333],[-0.1373205,51.4790309],[-0.1371121,51.4790883],[-0.1368685,51.4791506],[-0.1363231,51.4792827],[-0.1357963,51.4794054],[-0.1354219,51.4794984],[-0.1352463,51.4795435],[-0.1350252,51.4796115],[-0.13469,51.4797092],[-0.1344196,51.4797949],[-0.1339628,51.4799496],[-0.1329571,51.4803091],[-0.1326475,51.4804175],[-0.1320217,51.4806449],[-0.1315371,51.4808291],[-0.1312317,51.4809546],[-0.1303113,51.4813444],[-0.1299435,51.4814853],[-0.1296077,51.4816082],[-0.1291186,51.4817809],[-0.1287114,51.4819184],[-0.1283999,51.4820209]],[[-0.1283999,51.4820209],[-0.1280025,51.4821455],[-0.1275464,51.4822759]],[[-0.1275464,51.4822759],[-0.12742936530398877,51.48230890118443]],[[-0.23360054582498005,51.46537889552286],[-0.2282546,51.4643167],[-0.2278157,51.4642311],[-0.2264344,51.4639548],[-0.2249233,51.4636318],[-0.2235785,51.4632982],[-0.222603,51.4630064],[-0.2219221,51.4627688],[-0.2212128,51.4625],[-0.2196148,51.4619049],[-0.219205,51.4617809],[-0.21879,51.4616649],[-0.2181002,51.4614929],[-0.2172639,51.4613268]],[[-0.2172639,51.4613268],[-0.2162775,51.4611742]],[[-0.2162775,51.4611742],[-0.2154901,51.4610352],[-0.2147159,51.4608722],[-0.2141934,51.4607597],[-0.2137542,51.4606749],[-0.2128427,51.4605122],[-0.2117295,51.4603489],[-0.2105754,51.4602168],[-0.2097415,51.460144],[-0.2091746,51.4601068],[-0.2088824,51.4600893],[-0.2085807,51.4600729],[-0.2081703,51.4600578],[-0.2077117,51.4600444],[-0.2066665,51.4600264],[-0.2061608,51.4600254],[-0.2056486,51.4600337],[-0.2051325,51.4600476],[-0.2046121,51.4600721],[-0.2036959,51.4601224],[-0.2032183,51.4601474],[-0.2006232,51.4602921],[-0.2002484,51.4603161]],[[-0.2002484,51.4603161],[-0.1999054,51.4603384]],[[-0.1999054,51.4603384],[-0.1998458,51.4603422],[-0.1993193,51.4603877]],[[-0.1993193,51.4603877],[-0.1991186,51.4604049]],[[-0.1991186,51.4604049],[-0.1986932,51.4604418],[-0.1973937,51.460554],[-0.196387,51.4606043],[-0.1953669,51.460634],[-0.1952434,51.4606359]],[[-0.1952434,51.4606359],[-0.1940354,51.460649],[-0.1939205,51.4606503],[-0.1935188,51.4606565],[-0.1915906,51.4606852],[-0.1912718,51.4606958]],[[-0.1912718,51.4606958],[-0.1909737,51.460708]],[[-0.1909737,51.460708],[-0.1905672,51.4607317]],[[-0.1905672,51.4607317],[-0.189798,51.4608024],[-0.1888212,51.4609377],[-0.187927,51.4610818],[-0.1875186,51.461152]],[[-0.1875186,51.461152],[-0.1871992,51.4612023]],[[-0.1871992,51.4612023],[-0.1870499,51.4612276],[-0.1858082,51.461407]],[[-0.1858082,51.461407],[-0.1855901,51.461446]],[[-0.1855901,51.461446],[-0.1849697,51.4615561]],[[-0.1849697,51.4615561],[-0.1844289,51.4616588]],[[-0.1844289,51.4616588],[-0.184101,51.4617206],[-0.183558,51.4618239],[-0.183098,51.4619111],[-0.1824579,51.4620294],[-0.1818266,51.4621483],[-0.1810984,51.4622872],[-0.1807761,51.4623442]],[[-0.1807761,51.4623442],[-0.180639,51.4623728]],[[-0.180639,51.4623728],[-0.180397,51.462418],[-0.1800341,51.4624919],[-0.1798273,51.4625386],[-0.1795242,51.4626113],[-0.1792193,51.462688],[-0.1788858,51.4627763],[-0.1784543,51.4629024],[-0.1779105,51.4630701],[-0.1775601,51.4631796],[-0.1770488,51.4633498],[-0.1765372,51.4635093]],[[-0.1765372,51.4635093],[-0.1763835,51.4635572]],[[-0.1763835,51.4635572],[-0.1761876,51.4636183],[-0.1759042,51.4637017],[-0.1757205,51.4637541],[-0.1755467,51.4637989]],[[-0.1755467,51.4637989],[-0.1753153,51.4638575],[-0.1748471,51.4639755],[-0.1746413,51.4640231],[-0.1744885,51.4640568],[-0.1738978,51.4641967],[-0.1737856,51.4642217],[-0.1733374,51.4643299],[-0.1729632,51.4644168],[-0.1726267,51.4644968]],[[-0.1726267,51.4644968],[-0.1722028,51.4646022],[-0.1714823,51.4647829],[-0.1703876,51.4650636],[-0.1699747,51.4651774],[-0.1698286,51.4652242],[-0.1695995,51.4653042],[-0.1692407,51.4654358]],[[-0.1692407,51.4654358],[-0.1689167,51.46556]],[[-0.1689167,51.46556],[-0.1687417,51.465637]],[[-0.1687417,51.465637],[-0.1685853,51.4657041],[-0.168377,51.4657955],[-0.1681968,51.4658745],[-0.1680485,51.4659407],[-0.167722,51.466082],[-0.1675414,51.4661597],[-0.1671962,51.4663082],[-0.1667822,51.4664861],[-0.1661609,51.4667556],[-0.165655,51.466979],[-0.16522,51.4671666],[-0.1647109,51.4673879],[-0.1644342,51.4675224],[-0.1640645,51.4677134],[-0.1637722,51.4678665],[-0.1633189,51.4681054],[-0.1629075,51.4683099],[-0.1627305,51.4683953],[-0.1625276,51.4684861],[-0.1622977,51.4685888],[-0.1619389,51.4687452],[-0.1616923,51.4688493],[-0.1614119,51.4689646],[-0.1610744,51.4690917],[-0.1606641,51.4692481],[-0.1603064,51.4693836],[-0.1599252,51.4695226],[-0.1594598,51.469698],[-0.1592726,51.469772],[-0.1590562,51.4698535],[-0.1583616,51.4701055],[-0.1583099,51.4701242],[-0.1578174,51.4703015],[-0.157403,51.4704572],[-0.1571869,51.4705384],[-0.1570247,51.4706047],[-0.1565303,51.4708069],[-0.1560709,51.4709959],[-0.155314,51.47131]],[[-0.155314,51.47131],[-0.1545224,51.4716464],[-0.1520354,51.4727266],[-0.1516896,51.472877],[-0.1510622,51.4731499],[-0.1504304,51.473421]],[[-0.1504304,51.473421],[-0.1497307,51.4737141],[-0.1492024,51.4739274],[-0.1487893,51.4740973]],[[-0.1487893,51.4740973],[-0.1482237,51.4743469],[-0.1481446,51.4743807],[-0.1480432,51.4744241],[-0.1475548,51.4746302],[-0.1472929,51.4747393],[-0.1466365,51.4750303]],[[-0.1466365,51.4750303],[-0.1463844,51.4751436]],[[-0.1463844,51.4751436],[-0.145896,51.4753509],[-0.1454837,51.4755279],[-0.1450775,51.4757046]],[[-0.1450775,51.4757046],[-0.144585,51.475934],[-0.1440751,51.4761835],[-0.1435559,51.4764406]],[[-0.2163644,51.4610074],[-0.2163722,51.4609866],[-0.2158391,51.4608722],[-0.2154373,51.4608161],[-0.2147973,51.4606952],[-0.2137889,51.460513],[-0.2137767,51.4605488],[-0.2148964,51.460762],[-0.2161825,51.4610135],[-0.2163499,51.4610462],[-0.2163644,51.4610074]],[[-0.1869427,51.4612285],[-0.1869356,51.4612005],[-0.1863992,51.4612962],[-0.1863806,51.4612691],[-0.1873145,51.4610903],[-0.1872149,51.4611848],[-0.1869427,51.4612285]],[[-0.1463724,51.4751266],[-0.146073,51.4752582],[-0.1460507,51.4752676],[-0.1456519,51.4754356],[-0.1452303,51.4756159],[-0.1451856,51.4755643],[-0.1455995,51.4753893],[-0.1459959,51.4752112],[-0.1461813,51.4751279],[-0.1463355,51.4750611],[-0.1463511,51.4750888],[-0.1463724,51.4751266]],[[-0.1466256,51.4750152],[-0.1463724,51.4751266],[-0.1463511,51.4750888],[-0.1463355,51.4750611],[-0.1465811,51.4749526],[-0.1466256,51.4750152]],[[-0.1465811,51.4749526],[-0.1466566,51.4749192],[-0.1466708,51.474912],[-0.1470701,51.4747448],[-0.1476258,51.4745353],[-0.1476379,51.474549],[-0.1480489,51.474377],[-0.1480653,51.4743915],[-0.1476576,51.4745664],[-0.1467385,51.4749658],[-0.1467173,51.4749749],[-0.1466256,51.4750152],[-0.1465811,51.4749526]],[[-0.1875389,51.4611339],[-0.1878047,51.4610921],[-0.1887474,51.4609328],[-0.1892739,51.4608558],[-0.1895368,51.4608196],[-0.1898143,51.4607864],[-0.1898094,51.4607623],[-0.189269,51.4608237],[-0.1892629,51.4608091],[-0.188811,51.4608553],[-0.1887198,51.4608675],[-0.1882428,51.4609324],[-0.187769,51.4610096],[-0.1876476,51.4610286],[-0.1875389,51.4611339]],[[-0.1872149,51.4611848],[-0.1875389,51.4611339],[-0.1876476,51.4610286],[-0.1873145,51.4610903],[-0.1872149,51.4611848]],[[-0.1743255,51.4640285],[-0.1746457,51.4639644],[-0.1748184,51.463932],[-0.1749335,51.4639106],[-0.1751649,51.4638605]],[[-0.1751649,51.4638605],[-0.1754083,51.4637976],[-0.1756474,51.4637369],[-0.1759142,51.4636638],[-0.1761577,51.4635914],[-0.1763604,51.4635282]],[[-0.1763604,51.4635282],[-0.1765142,51.4634803]],[[-0.1765142,51.4634803],[-0.1770215,51.4633223],[-0.1774413,51.4631839],[-0.177773,51.4630784],[-0.1782607,51.4629284],[-0.1787082,51.462794],[-0.1789204,51.4627345],[-0.179195,51.4626607],[-0.1794473,51.4625973],[-0.1797968,51.462514],[-0.1800598,51.4624557],[-0.1803085,51.4624046],[-0.180612,51.462347]],[[-0.180612,51.462347],[-0.1807574,51.4623173]],[[-0.1807574,51.4623173],[-0.1808372,51.4623027],[-0.1810511,51.4622637],[-0.1814995,51.46218],[-0.1820299,51.4620794],[-0.1825515,51.4619767],[-0.1832406,51.4618467],[-0.1844067,51.461623]],[[-0.1844067,51.461623],[-0.1849436,51.4615225]],[[-0.1849436,51.4615225],[-0.1855684,51.4614099]],[[-0.1855684,51.4614099],[-0.1857834,51.4613697]],[[-0.1857834,51.4613697],[-0.1873316,51.4610736]],[[-0.1873316,51.4610736],[-0.1876654,51.4610121]],[[-0.1876654,51.4610121],[-0.1879923,51.460961],[-0.1883302,51.4609097],[-0.1887138,51.4608561],[-0.1892098,51.4608009],[-0.1896938,51.4607531],[-0.1901481,51.4607195],[-0.1904645,51.460702],[-0.1905744,51.4606959]],[[-0.1905744,51.4606959],[-0.1908844,51.4606798],[-0.1909838,51.4606746]],[[-0.1909838,51.4606746],[-0.1912614,51.4606644]],[[-0.1912614,51.4606644],[-0.1916818,51.4606539],[-0.1946484,51.4606113],[-0.1952386,51.4606028]],[[-0.1952386,51.4606028],[-0.1958935,51.4605898],[-0.1961503,51.4605839]],[[-0.1961503,51.4605839],[-0.1963872,51.4605731],[-0.1971823,51.460537],[-0.1976426,51.4605036],[-0.19868,51.4604119],[-0.1991115,51.4603745]],[[-0.1991115,51.4603745],[-0.1993122,51.4603569]],[[-0.1993122,51.4603569],[-0.1996652,51.4603264],[-0.1998392,51.4603134]],[[-0.1998392,51.4603134],[-0.2001753,51.4602883]],[[-0.2001753,51.4602883],[-0.2006178,51.4602559],[-0.203267,51.4601121],[-0.2046248,51.4600403],[-0.2051741,51.4600155],[-0.2054568,51.4600068],[-0.2059177,51.4599923],[-0.2066409,51.4599892],[-0.2072432,51.4599961],[-0.2078556,51.4600113],[-0.2084844,51.4600366],[-0.2089389,51.4600578],[-0.2097473,51.4601049],[-0.2105534,51.4601741],[-0.2110634,51.4602279],[-0.2117567,51.4603104],[-0.2128501,51.4604737],[-0.2138217,51.4606236],[-0.214661,51.4607658],[-0.2155004,51.4609212],[-0.2163149,51.4610797]],[[-0.2163149,51.4610797],[-0.2172834,51.4612722]],[[-0.2172834,51.4612722],[-0.2181156,51.461456],[-0.2188135,51.4616311],[-0.2194482,51.461813],[-0.2199239,51.4619656],[-0.2212406,51.4624606],[-0.221966,51.4627387],[-0.2224712,51.4629228],[-0.2229192,51.4630663],[-0.223578,51.4632624],[-0.2249475,51.463598],[-0.2264527,51.4639125],[-0.2278715,51.4642014],[-0.23358878383877027,51.46533968641074]],[[-0.171368,51.4650104],[-0.1714079,51.4650839],[-0.1708423,51.465229],[-0.1699999,51.4654414],[-0.1699889,51.4654234],[-0.1692384,51.4656172],[-0.1692273,51.4656048],[-0.1695019,51.4655221],[-0.169793,51.4654338],[-0.1699734,51.4653772],[-0.1700675,51.4653504],[-0.1703575,51.465269],[-0.1706123,51.4652038],[-0.170968,51.4651128],[-0.1711697,51.4650611],[-0.171368,51.4650104]],[[-0.1714079,51.4650839],[-0.171368,51.4650104],[-0.1713503,51.4649821],[-0.1716071,51.4649166],[-0.1716519,51.4649041],[-0.1717178,51.4648856],[-0.1718256,51.4648551],[-0.1719104,51.4648311],[-0.1723233,51.4647111],[-0.1725037,51.4646601],[-0.1729077,51.4645442],[-0.1729298,51.4645732],[-0.1726255,51.4646601],[-0.1723609,51.4647346],[-0.1719967,51.4648408],[-0.1720392,51.4648978],[-0.1718982,51.4649435],[-0.1716935,51.4650076],[-0.1715142,51.4650566],[-0.1714079,51.4650839]],[[-0.1713109,51.4650101],[-0.1712526,51.4650231],[-0.170622,51.4651835],[-0.1703453,51.4652545],[-0.1700409,51.4653419],[-0.169845,51.4654014],[-0.1696809,51.4654538],[-0.1693148,51.4655627],[-0.1692934,51.4655697],[-0.1690007,51.4656652]],[[-0.1690007,51.4656652],[-0.1688103,51.4657351]],[[-0.1688103,51.4657351],[-0.1684879,51.4658612]],[[-0.1684879,51.4658612],[-0.16826,51.4659581],[-0.1678061,51.4661562],[-0.1676441,51.4662259]],[[-0.1676441,51.4662259],[-0.1673421,51.4663558],[-0.16696,51.4665232],[-0.1668665,51.4665642],[-0.1665697,51.466695]],[[-0.1665697,51.466695],[-0.1664889,51.4667357],[-0.1663727,51.4667978],[-0.1662698,51.466855],[-0.1661635,51.4669191],[-0.1660573,51.4669885],[-0.1658952,51.4671105],[-0.1657622,51.4672255],[-0.1656614,51.4673352],[-0.1655833,51.4674284],[-0.165529,51.4675013],[-0.1654622,51.4676048],[-0.1654246,51.4676714],[-0.1653754,51.4677744],[-0.1653395,51.4678654],[-0.1653248,51.4679086],[-0.165304,51.4679783],[-0.1653023,51.4679852],[-0.1652823,51.4680677],[-0.1652681,51.4681634],[-0.1652547,51.4682753],[-0.1652516,51.4683881]],[[-0.1652516,51.4683881],[-0.1652539,51.4684776],[-0.1652622,51.4685692],[-0.1652889,51.4687169],[-0.1653132,51.4688136],[-0.1653355,51.468904],[-0.1653621,51.4689769],[-0.1654059,51.469073],[-0.1654578,51.4691717],[-0.1655336,51.469287],[-0.165592,51.4693775],[-0.1656664,51.4694794],[-0.1657415,51.469572],[-0.1658509,51.4696917],[-0.1659678,51.4698092],[-0.1660981,51.4699252],[-0.1662208,51.4700173],[-0.1663586,51.4701244],[-0.1663857,51.4701432]],[[-0.1663857,51.4701432],[-0.1664897,51.4702154],[-0.1666283,51.4702981],[-0.1667719,51.4703746],[-0.1669264,51.4704531],[-0.1670667,51.4705182],[-0.1671994,51.4705749],[-0.1673597,51.4706341],[-0.1675017,51.4706836],[-0.1676319,51.4707226],[-0.1677981,51.4707657],[-0.1679314,51.4707988],[-0.1680825,51.4708319],[-0.1683317,51.4708812],[-0.1685147,51.4709157],[-0.1687022,51.470949]],[[-0.1687022,51.470949],[-0.1689269,51.470979],[-0.1692299,51.4710194]],[[-0.1692299,51.4710194],[-0.1695675,51.4710644]],[[-0.1695675,51.4710644],[-0.1697378,51.4710862],[-0.1703303,51.4711645],[-0.170945,51.471258]],[[-0.170945,51.471258],[-0.1711318,51.4712838]],[[-0.1711318,51.4712838],[-0.1717534,51.4713699],[-0.1732779,51.4715767],[-0.1733629,51.4715882]],[[-0.1733629,51.4715882],[-0.1736072,51.4716172]],[[-0.1736072,51.4716172],[-0.1739475,51.4716663],[-0.1744129,51.4717354],[-0.1748114,51.4717971],[-0.1751964,51.4718675],[-0.1755594,51.4719266],[-0.1759337,51.4720164],[-0.1764235,51.4721419],[-0.1766785,51.472217],[-0.1768095,51.4722558]],[[-0.1768095,51.4722558],[-0.1771246,51.47235]],[[-0.1771246,51.47235],[-0.1773769,51.4724334]],[[-0.1773769,51.4724334],[-0.1775113,51.472479]],[[-0.1775113,51.472479],[-0.1775849,51.4725037]],[[-0.1775849,51.4725037],[-0.17928478096703496,51.473121858864964]],[[-0.1775645,51.4725396],[-0.17924487197798955,51.473149898958475]],[[-0.1774905,51.4725149],[-0.1775645,51.4725396]],[[-0.1773586,51.4724679],[-0.1774905,51.4725149]],[[-0.1771165,51.4723842],[-0.1773586,51.4724679]],[[-0.1767895,51.4722904],[-0.1771165,51.4723842]],[[-0.1736175,51.471662],[-0.1739261,51.471704],[-0.1744008,51.4717715],[-0.174798,51.4718387],[-0.1751858,51.4719047],[-0.1755388,51.471973],[-0.1759183,51.472061],[-0.1763981,51.4721783],[-0.1766529,51.4722486],[-0.1767895,51.4722904]],[[-0.1733558,51.4716317],[-0.1736175,51.471662]],[[-0.1711129,51.4713235],[-0.1717287,51.4714127],[-0.1723622,51.471498],[-0.1733558,51.4716317]],[[-0.1709349,51.4712992],[-0.1711129,51.4713235]],[[-0.1709349,51.4712992],[-0.1701484,51.4711851],[-0.16968,51.471125],[-0.1694643,51.4710961]],[[-0.1694643,51.4710961],[-0.1691417,51.4710543]],[[-0.1691417,51.4710543],[-0.1689068,51.4710239],[-0.1685881,51.4709807]],[[-0.1685881,51.4709807],[-0.1683648,51.4709385],[-0.1681309,51.4708907],[-0.1679299,51.4708482],[-0.1677756,51.4708094],[-0.1676152,51.4707637],[-0.1674274,51.4707018],[-0.1672687,51.4706435],[-0.1670992,51.4705743],[-0.1669748,51.4705161],[-0.1667811,51.4704204],[-0.1665857,51.4703153],[-0.1664763,51.4702492],[-0.166351,51.470165]],[[-0.166351,51.470165],[-0.1663277,51.4701494],[-0.1662091,51.4700625],[-0.1660797,51.4699595],[-0.165972,51.4698669],[-0.1658567,51.4697577],[-0.1657766,51.4696708],[-0.1656831,51.4695653],[-0.1656012,51.4694659],[-0.1655002,51.4693218],[-0.1654184,51.4691783],[-0.1653674,51.4690852],[-0.1653157,51.468977],[-0.1652898,51.4689036],[-0.1652647,51.468822],[-0.1652363,51.4687153],[-0.1652188,51.4686264],[-0.1652071,51.4685302],[-0.1652016,51.4683893]],[[-0.1652016,51.4683893],[-0.1652063,51.4682867],[-0.1652171,51.468166],[-0.1652347,51.4680662],[-0.1652523,51.4679796],[-0.1652539,51.467972],[-0.1652877,51.4678638],[-0.1653253,51.4677655],[-0.1653871,51.4676469],[-0.165401,51.4676237],[-0.1654689,51.4675101],[-0.1655557,51.4673931],[-0.1656206,51.467319],[-0.1657262,51.467208],[-0.1658021,51.4671407],[-0.1658663,51.4670858],[-0.1659837,51.4669959],[-0.1660628,51.4669383],[-0.1661336,51.4668915],[-0.1661772,51.4668634],[-0.1662054,51.4668452],[-0.1663096,51.4667881],[-0.1664225,51.4667281],[-0.1665296,51.4666734]],[[-0.168022,51.4660269],[-0.1682455,51.4659503],[-0.1684879,51.4658612]],[[-0.1660636,51.4668743],[-0.1659554,51.4669309],[-0.1658204,51.4670019],[-0.1656616,51.4670897]],[[-0.1656616,51.4670897],[-0.165589,51.4671219],[-0.1653589,51.46722],[-0.1650274,51.4673637],[-0.1649441,51.4673998],[-0.1644961,51.4676125],[-0.1642815,51.4677239],[-0.1640866,51.4678321],[-0.1638269,51.4679948],[-0.1636784,51.4681096]],[[-0.1636784,51.4681096],[-0.1635095,51.4682312]],[[-0.1635095,51.4682312],[-0.1633667,51.4683584]],[[-0.1633667,51.4683584],[-0.1632307,51.4684668]],[[-0.1632307,51.4684668],[-0.1630861,51.4685747],[-0.1628912,51.4687057],[-0.1626753,51.468852],[-0.1625133,51.4689371],[-0.1623538,51.4690166],[-0.1622026,51.4690814],[-0.162049,51.4691352],[-0.1619077,51.4691911],[-0.1617384,51.4692526],[-0.1615455,51.4693175],[-0.1613897,51.4693671],[-0.1611979,51.4694174],[-0.160995,51.4694663],[-0.160819,51.4695033],[-0.1605667,51.4695522],[-0.160394,51.4695809],[-0.1602303,51.4696018],[-0.1600565,51.4696179],[-0.1599332,51.469627],[-0.1598113,51.4696307]],[[-0.1598113,51.4696307],[-0.1591899,51.4696162],[-0.1584735,51.4695838]],[[-0.1584735,51.4695838],[-0.1583299,51.4695757],[-0.1581859,51.4695752],[-0.1578989,51.469581],[-0.1575355,51.4695963],[-0.1572741,51.4696132],[-0.1570554,51.4696336],[-0.1568043,51.4696683],[-0.1565898,51.4697021],[-0.156367,51.4697473],[-0.1561632,51.4697934],[-0.1559141,51.4698597],[-0.1556565,51.4699332],[-0.1552808,51.4700558],[-0.1549463,51.4701764],[-0.154594,51.4703182],[-0.1540794,51.4705452]],[[-0.1540794,51.4705452],[-0.1534597,51.4708583]],[[-0.1534597,51.4708583],[-0.1530627,51.4710897],[-0.1526315,51.4713347],[-0.1520561,51.4716646],[-0.151821,51.4718068],[-0.151552,51.4719923],[-0.1511328,51.4723371]],[[-0.1511328,51.4723371],[-0.1510027,51.4724302]],[[-0.1510027,51.4724302],[-0.1506814,51.4726544],[-0.1503692,51.4728498],[-0.1500019,51.4730246],[-0.1497321,51.4731376],[-0.1494767,51.4732278]],[[-0.1494767,51.4732278],[-0.1492044,51.4733053],[-0.1483878,51.4735141]],[[-0.1483878,51.4735141],[-0.1478681,51.4736275]],[[-0.1478681,51.4736275],[-0.147628,51.4736762]],[[-0.147628,51.4736762],[-0.1471687,51.4737321],[-0.1467154,51.4737584],[-0.1460757,51.4737772]],[[-0.1460757,51.4737772],[-0.145719,51.4737779],[-0.1453462,51.4737696],[-0.1449867,51.4737429],[-0.1446964,51.4737266],[-0.1444109,51.4736792],[-0.1442109,51.473638],[-0.1437643,51.4735239],[-0.1433592,51.4733942],[-0.1430757,51.473271],[-0.142753,51.4731225]],[[-0.142753,51.4731225],[-0.1423535,51.4729134],[-0.141701,51.4726055]],[[-0.141701,51.4726055],[-0.1415741,51.4725456]],[[-0.1415741,51.4725456],[-0.1411385,51.472337],[-0.1406349,51.4720789],[-0.1404404,51.471949],[-0.1403775,51.4718986],[-0.1402459,51.4717931],[-0.1400331,51.4716365]],[[-0.1400331,51.4716365],[-0.1399024,51.4714962],[-0.13977004179117353,51.47135712062256]],[[-0.13968470661205418,51.471386997693095],[-0.1397761,51.4714788],[-0.1400351,51.4717478],[-0.1401968,51.4719352],[-0.140352,51.4721101],[-0.140539,51.4723513],[-0.1407586,51.4726821],[-0.1409192,51.4729797]],[[-0.1409192,51.4729797],[-0.1410626,51.4732959],[-0.1411922,51.4736179],[-0.141259,51.4737532],[-0.1413334,51.4739139],[-0.1414443,51.4740914],[-0.1415515,51.4742515]],[[-0.1415515,51.4742515],[-0.1417455,51.4744868],[-0.141915,51.4746744],[-0.1419696,51.4747348],[-0.1421434,51.4749037],[-0.1422896,51.4750352],[-0.1426395,51.4753411],[-0.1429497,51.4755916],[-0.1434531,51.476017],[-0.1437384,51.4762609],[-0.1439412,51.4764459],[-0.1441212,51.4766296],[-0.1443108,51.4768462],[-0.144754,51.4773988],[-0.1449143,51.4776306],[-0.1450558,51.4778845],[-0.1451296,51.4780263],[-0.1452017,51.4781719],[-0.1453613,51.478566],[-0.1454821,51.4790232],[-0.1455244,51.4792334]],[[-0.1455244,51.4792334],[-0.1455665,51.4794429],[-0.1456339,51.4796919],[-0.1457398,51.4799736],[-0.1458168,51.4801266],[-0.1458881,51.4802619],[-0.1460289,51.4804961],[-0.1461687,51.4807004],[-0.1462874,51.4808557],[-0.1465174,51.4811733],[-0.1467301,51.481488],[-0.1469104,51.4818113]],[[-0.1469104,51.4818113],[-0.147064,51.4821862],[-0.1471328,51.4824243],[-0.1471903,51.4828654],[-0.1471935,51.4829881]],[[-0.1471935,51.4829881],[-0.147197,51.4831218],[-0.1471877,51.4833657]],[[-0.1471877,51.4833657],[-0.1471747457121474,51.48462126943802]],[[-0.14711314757360838,51.48462247038301],[-0.1471234,51.4833658]],[[-0.1471234,51.4833658],[-0.1471226,51.4831178]],[[-0.1471226,51.4831178],[-0.1471232,51.4829706],[-0.1471299,51.4828053],[-0.1471018,51.4825722],[-0.1470441,51.4823217],[-0.1469744,51.4820954],[-0.1468979,51.4819183],[-0.1468472,51.4818139]],[[-0.1468472,51.4818139],[-0.1468013,51.4817195],[-0.1466981,51.4815149],[-0.1465814,51.4813412],[-0.1464513,51.4811591],[-0.1462548,51.480887],[-0.1460389,51.480583],[-0.1459028,51.4803807],[-0.1458049,51.4801978],[-0.1457338,51.4800558],[-0.1456735,51.4799205],[-0.1456104,51.4797576],[-0.1455555,51.4795947],[-0.1454965,51.47936],[-0.1454658,51.4792117]],[[-0.1454658,51.4792117],[-0.1454595,51.4791815],[-0.145426,51.478976],[-0.1453549,51.4787029],[-0.1452691,51.4784448],[-0.1451572,51.4781815],[-0.1449707,51.4778157],[-0.1448098,51.4775542],[-0.1446355,51.4773062],[-0.144422,51.477045],[-0.144263,51.4768587],[-0.144084,51.4766535],[-0.1438904,51.4764638],[-0.1436984,51.4762874],[-0.1434241,51.4760411],[-0.1430767,51.4757486],[-0.1427727,51.4755008],[-0.1424238,51.4752003],[-0.1420996,51.4749208],[-0.1419255,51.4747483],[-0.1417374,51.4745486],[-0.1415066,51.4742629]],[[-0.1415066,51.4742629],[-0.1414003,51.4741019],[-0.141291,51.4739207],[-0.1412081,51.4737508],[-0.1411412,51.4736196],[-0.1410169,51.4733043],[-0.1408758,51.4729843]],[[-0.1408758,51.4729843],[-0.1407904,51.4728305],[-0.1407141,51.472696],[-0.140498,51.4723637],[-0.1403119,51.4721244],[-0.1399968,51.4717705],[-0.1397419,51.4715009],[-0.13964287011666843,51.471401610536375]],[[-0.1624709,51.4455218],[-0.1625089,51.4454867],[-0.1628828,51.4456876],[-0.1632011,51.4458691],[-0.1634506,51.4460274],[-0.1637351,51.4462159],[-0.1640229,51.4464256],[-0.1642859,51.4466415],[-0.164225,51.4466697],[-0.1638965,51.4464361],[-0.1632497,51.4460147],[-0.1628806,51.445772],[-0.1624709,51.4455218]],[[-0.1710009,51.4632436],[-0.1708772,51.4633594],[-0.1707444,51.4634738],[-0.1705578,51.4636121],[-0.1703828,51.4637521],[-0.1699022,51.4641274],[-0.169532,51.4644589],[-0.1691276,51.4647656],[-0.1690734,51.4647401],[-0.1692593,51.4645953],[-0.1694442,51.4644381],[-0.1696014,51.4642884],[-0.1697641,51.4641229],[-0.1698168,51.4640751],[-0.1698925,51.4640064],[-0.1699899,51.4639257],[-0.1701183,51.4638305],[-0.1703033,51.4637085],[-0.1703253,51.463694],[-0.1705544,51.4635478],[-0.1707304,51.4634223],[-0.1708876,51.4632968],[-0.1709639,51.4632306],[-0.1710009,51.4632436]],[[-0.1476612,51.4785657],[-0.1476075,51.478564],[-0.1476317,51.4779593],[-0.1476343,51.4774966],[-0.1476048,51.4771474],[-0.1476478,51.4771758],[-0.1476853,51.4776052],[-0.1477041,51.4778607],[-0.147688,51.4781381],[-0.1476612,51.4785657]],[[-0.13836266919326734,51.430552394941735],[-0.1383649,51.4305717]],[[-0.1383649,51.4305717],[-0.1384006,51.4308793],[-0.1384403,51.4312481],[-0.1385076,51.4316527],[-0.1386033,51.4320581],[-0.1387364,51.4324752],[-0.1389372,51.4330669],[-0.1390948,51.4333967],[-0.1393085,51.4338705],[-0.1395782,51.4344673],[-0.1397568,51.4349091],[-0.1401491,51.4357679],[-0.1404631,51.4364484],[-0.1408274,51.4372592],[-0.1411788,51.4380321],[-0.1414567,51.4385983],[-0.1416353,51.4388625],[-0.1418127,51.439123],[-0.1420206,51.4393704],[-0.1422494,51.439615],[-0.1424374,51.4398042],[-0.1426335,51.439981],[-0.1426823,51.4400275]],[[-0.1426823,51.4400275],[-0.1428437,51.4401574]],[[-0.1428437,51.4401574],[-0.1429884,51.4402714],[-0.1431869,51.4404104],[-0.1434111,51.4405719],[-0.1436062,51.4406981],[-0.1439002,51.4408652],[-0.1441708,51.4410089],[-0.144457,51.4411494],[-0.1447018,51.4412583],[-0.1449971,51.4413794],[-0.1452885,51.441494],[-0.145633,51.4416119],[-0.1459969,51.4417306],[-0.1464442,51.4418695]],[[-0.1464442,51.4418695],[-0.1467856,51.4419493],[-0.1470821,51.4420212],[-0.1473075,51.4420672],[-0.147841,51.4421624],[-0.1484677,51.4422882],[-0.1485155,51.4422965],[-0.1493409,51.4424485]],[[-0.1493409,51.4424485],[-0.1496032,51.442499]],[[-0.1496032,51.442499],[-0.1499446,51.4425699],[-0.150527,51.442666],[-0.15116,51.4427904],[-0.1517368,51.4428954],[-0.1521796,51.4429829],[-0.1529135,51.4431246]],[[-0.1529135,51.4431246],[-0.15329,51.4431961]],[[-0.15329,51.4431961],[-0.1539999,51.4433356],[-0.1545897,51.4434443],[-0.1548534,51.4434975]],[[-0.1548534,51.4434975],[-0.155169,51.4435557]],[[-0.155169,51.4435557],[-0.1584164,51.4441773],[-0.1592285,51.4443459],[-0.159725,51.4444693],[-0.1601291,51.4445831],[-0.1601898,51.4446018]],[[-0.1601898,51.4446018],[-0.1606499,51.4447503],[-0.1610105,51.4448732],[-0.1615284,51.4450789],[-0.1619135,51.4452504],[-0.1622994,51.4454481],[-0.1625878,51.4456043],[-0.1630286,51.4458814],[-0.1638706,51.446442],[-0.1642096,51.4466827],[-0.1645054,51.4469138],[-0.1648556,51.4472187],[-0.1650707,51.4474237],[-0.1652868,51.447649],[-0.1660002,51.4484793],[-0.1663016,51.4488334],[-0.166603,51.4491872],[-0.1672712,51.449975],[-0.1677865,51.4505828],[-0.1681439,51.4510001],[-0.1684386,51.4513479],[-0.168714,51.4516725],[-0.1692684,51.4523242],[-0.1697203,51.452859],[-0.1699492,51.4531234],[-0.170183,51.4534008],[-0.1704549,51.4537227],[-0.1706582,51.4539631],[-0.1708999,51.4542508],[-0.1711363,51.4545423],[-0.1713709,51.4548522],[-0.1715688,51.45514],[-0.1717629,51.4554544],[-0.1718907,51.4556714],[-0.1720397,51.4559549],[-0.1722173,51.4563393],[-0.1723621,51.4567075],[-0.1724798,51.457057],[-0.1725607,51.4573514],[-0.1726245,51.4576354],[-0.1726732,51.4579178],[-0.172706,51.4582266],[-0.1727192,51.4585652],[-0.1727172,51.458851],[-0.1727152,51.4589668],[-0.1726995,51.4592866],[-0.1726831,51.45944],[-0.1726434,51.4597751],[-0.1725946,51.4600842]],[[-0.1725946,51.4600842],[-0.1725681,51.4601897],[-0.1725238,51.4603711],[-0.1724729,51.46054],[-0.1724164,51.4607131],[-0.1723412,51.4609193],[-0.1722526,51.4611386],[-0.1722443,51.4611552],[-0.1721881,51.4612794],[-0.1721386,51.461391],[-0.1719228,51.4618441],[-0.1717401,51.4621827],[-0.1715874,51.4624351],[-0.1715221,51.4625337],[-0.1715039,51.4625636]],[[-0.1715039,51.4625636],[-0.1713283,51.4628047]],[[-0.1713283,51.4628047],[-0.1713096,51.462831],[-0.1712343,51.4629247],[-0.1712101,51.4629504]],[[-0.1712101,51.4629504],[-0.1710915,51.4630827],[-0.1709985,51.4631751],[-0.1709119,51.4632589],[-0.1708068,51.4633437],[-0.1706983,51.4634264],[-0.1706513,51.4634603],[-0.1705566,51.4635285],[-0.1704791,51.4635774],[-0.1703142,51.4636843],[-0.1702661,51.4637151],[-0.1701415,51.4637947],[-0.1700098,51.4638891],[-0.1698958,51.4639795],[-0.1697973,51.4640664],[-0.16968,51.4641788],[-0.1695527,51.4643091],[-0.1694309,51.4644263],[-0.1693213,51.4645229],[-0.1692084,51.464616],[-0.1690623,51.4647311],[-0.1689328,51.464829],[-0.1687524,51.4649614],[-0.168645,51.4650359],[-0.1686041,51.4650669]],[[-0.1686041,51.4650669],[-0.1685515,51.4651026]],[[-0.1685515,51.4651026],[-0.1685263,51.4651197],[-0.1683937,51.4652096]],[[-0.1683937,51.4652096],[-0.1683147,51.4652562],[-0.1681722,51.4653386],[-0.1680306,51.4654156],[-0.1678422,51.4655075],[-0.1677425,51.4655561],[-0.1675617,51.4656394],[-0.167325,51.4657486],[-0.1670478,51.4658718],[-0.1665002,51.4661111],[-0.1659213,51.4663668],[-0.1654569,51.4665724],[-0.1650455,51.4667549],[-0.1643842,51.4670649],[-0.1639101,51.4672834],[-0.1635971,51.4674213],[-0.1631455,51.4676197],[-0.1626841,51.4678247],[-0.1624226,51.4679376],[-0.1619703,51.4681362],[-0.161015,51.4685504],[-0.1599801,51.469003],[-0.1599719,51.4690066],[-0.159779,51.4690907]],[[-0.159779,51.4690907],[-0.1594374,51.4692398],[-0.1588802,51.4694765],[-0.1583588,51.4696945],[-0.1581006,51.4697979],[-0.1578491,51.4698987],[-0.1576011,51.4699928],[-0.1574169,51.4700576],[-0.1572362,51.470112],[-0.1570237,51.4701738],[-0.156797,51.4702326],[-0.156549,51.4702893],[-0.1563789,51.4703299]],[[-0.1563789,51.4703299],[-0.156155,51.4703756],[-0.1555924,51.4704565],[-0.1553401,51.4704849],[-0.1545157,51.4705684],[-0.1539698,51.4706492],[-0.1534381,51.4707622],[-0.1530214,51.470854],[-0.1525965,51.4709703],[-0.1521095,51.471133],[-0.1516454,51.4713142],[-0.1511367,51.4715468],[-0.1508783,51.4716833],[-0.1506442,51.4718131],[-0.1504102,51.4719589],[-0.1501693,51.4721148],[-0.1497377,51.4724401],[-0.1493806,51.4727561],[-0.1490843,51.4730747],[-0.1488773,51.4733427],[-0.1488218,51.473421],[-0.1485796,51.4738576],[-0.1482901,51.474482],[-0.1481451,51.4748078],[-0.1479377,51.4751475],[-0.1478161,51.4754469],[-0.147733,51.4757374],[-0.1476889,51.4759136],[-0.1476449,51.4761593],[-0.1476003,51.4764456],[-0.1475832,51.4766922],[-0.1475712,51.4769929],[-0.1475789,51.477225],[-0.1476074,51.4774974],[-0.1476111,51.4777295],[-0.1476007,51.4781005],[-0.147599,51.4781444]],[[-0.147599,51.4781444],[-0.1475886,51.4784204],[-0.1475662,51.4788467]],[[-0.1475662,51.4788467],[-0.1475618,51.4791278],[-0.1475497,51.4794085],[-0.1475486,51.479493],[-0.1475475,51.4795774],[-0.1475457,51.4797167],[-0.1475392,51.4801291],[-0.147535,51.4803459],[-0.1475273,51.4806943]],[[-0.1475273,51.4806943],[-0.1475235,51.4810116],[-0.1475262,51.4812756],[-0.1475234,51.4816098],[-0.1475216,51.4818478],[-0.1475225,51.4819318],[-0.1475239,51.4820586],[-0.1475157,51.4823895],[-0.1475153,51.4824881],[-0.1475152,51.4825302],[-0.1474859,51.4830903]],[[-0.1474859,51.4830903],[-0.1474798,51.4833659]],[[-0.1474798,51.4833659],[-0.1474787,51.4845486],[-0.1474767881163031,51.48461538068359]],[[-0.1474976,51.4786893],[-0.147511,51.4782567],[-0.1475217,51.4776853],[-0.1475056,51.4774097],[-0.1474278,51.477413],[-0.1474528,51.4776227],[-0.1474546,51.4780529],[-0.1474681,51.4786893],[-0.1474976,51.4786893]],[[-0.1627932,51.4458487],[-0.1628301,51.4458249],[-0.1636044,51.4463243],[-0.1640132,51.4465908],[-0.1643981,51.4468996],[-0.1643552,51.4469116],[-0.1640843,51.4467118],[-0.163823,51.4465317],[-0.1636362,51.446403],[-0.1633858,51.4462415],[-0.1632046,51.4461247],[-0.1630775,51.4460428],[-0.1627932,51.4458487]],[[-0.14040658099283773,51.47156215421047],[-0.1405042,51.4716163],[-0.1407615,51.4717446],[-0.1412495,51.4719691],[-0.1416106,51.4721132],[-0.1420635,51.4723023],[-0.142547,51.4725385]],[[-0.142547,51.4725385],[-0.1426442,51.4725889]],[[-0.1426442,51.4725889],[-0.1428383,51.4726941]],[[-0.1428383,51.4726941],[-0.1430465,51.472813],[-0.1432244,51.4729264],[-0.1434774,51.4730871]],[[-0.1434774,51.4730871],[-0.1438215,51.4733425],[-0.1439634,51.4734547]],[[-0.1439634,51.4734547],[-0.1442321,51.4736874]],[[-0.1442321,51.4736874],[-0.1445102,51.4739484],[-0.1446862,51.4741142]],[[-0.1446862,51.4741142],[-0.1450335,51.4744408]],[[-0.1450335,51.4744408],[-0.1453535,51.4747417]],[[-0.1453535,51.4747417],[-0.1457108,51.4750755],[-0.1462784,51.4756204]],[[-0.1462784,51.4756204],[-0.1465516,51.4759117],[-0.1467192,51.476117]],[[-0.1467192,51.476117],[-0.1467936,51.4762152],[-0.1469264,51.4764138]],[[-0.1469264,51.4764138],[-0.1470617,51.4766267],[-0.147248,51.4770078],[-0.147364,51.4773418],[-0.1474116,51.4776222],[-0.1474264,51.4781446]],[[-0.1469264,51.4764138],[-0.1466582,51.4761106]],[[-0.1462384,51.4756294],[-0.1465005,51.4759204],[-0.1466582,51.4761106]],[[-0.1453234,51.4747662],[-0.1456662,51.4750855],[-0.1462384,51.4756294]],[[-0.1450134,51.4744703],[-0.1453234,51.4747662]],[[-0.1446536,51.4741319],[-0.1450134,51.4744703]],[[-0.1441817,51.4736978],[-0.1444711,51.4739635],[-0.1446536,51.4741319]],[[-0.1439036,51.4734596],[-0.1441817,51.4736978]],[[-0.1434395,51.4731114],[-0.1437864,51.4733644],[-0.1439036,51.4734596]],[[-0.1428081,51.4727194],[-0.1430245,51.4728428],[-0.1431961,51.4729494],[-0.1434395,51.4731114]],[[-0.1426135,51.4726115],[-0.1428081,51.4727194]],[[-0.1425205,51.4725614],[-0.1426135,51.4726115]],[[-0.14036858828506424,51.471580231244005],[-0.1404724,51.4716386],[-0.1407355,51.4717711],[-0.1412449,51.4720067],[-0.1419735,51.4723003],[-0.1425205,51.4725614]],[[-0.1459452,51.4839196],[-0.1439879,51.483984],[-0.14248328858620388,51.48419265348345]],[[-0.13503645837074285,51.484278077492874],[-0.1347388,51.4843207],[-0.13464708843216502,51.48434134514963]],[[-0.1307124538611573,51.48546967889882],[-0.1305907,51.4855114],[-0.13048850803629392,51.48555244581423]],[[-0.1722142,51.4619028],[-0.1721655,51.4620421],[-0.1721079,51.4622621],[-0.1720927,51.4623212]],[[-0.1720927,51.4623212],[-0.172058,51.4625059],[-0.1720324,51.4626382]],[[-0.1720324,51.4626382],[-0.1719928,51.4628407],[-0.1719552,51.4629993],[-0.1719209,51.4631041],[-0.1718733,51.463213],[-0.1718234,51.4633192],[-0.1717504,51.4634448],[-0.1716851,51.4635489],[-0.1715755,51.4636861],[-0.1714095,51.4638606],[-0.1712999,51.4639661],[-0.1711682,51.4640792],[-0.1710486,51.4641716],[-0.1708881,51.4642812],[-0.1708074,51.4643325],[-0.1707697,51.4643564],[-0.1706524,51.464426],[-0.1704753,51.4645171],[-0.1704196,51.4645448],[-0.1703487,51.4645801],[-0.1702982,51.4646053],[-0.1700502,51.4647212],[-0.1697425,51.4648611]],[[-0.1707446,51.464305],[-0.1707652,51.4643174],[-0.1707553,51.4643238],[-0.1707737,51.4643348],[-0.1708833,51.4642651],[-0.1709874,51.4641949],[-0.1710664,51.4641369],[-0.1711627,51.4640662],[-0.1712958,51.4639521],[-0.1713897,51.4638585],[-0.1714586,51.4637897],[-0.1715767,51.4636546],[-0.1716644,51.4635405],[-0.1717325,51.4634362],[-0.1717857,51.4633435],[-0.1718374,51.4632396],[-0.1718945,51.4631104],[-0.1719235,51.4630305],[-0.171954,51.4629227],[-0.1719767,51.4628203],[-0.171933,51.4628165],[-0.1719045,51.462919],[-0.1718629,51.4630285],[-0.1718287,51.4631125],[-0.171763,51.4632344],[-0.1717053,51.4633385],[-0.1716126,51.4634719],[-0.1714947,51.4636368],[-0.1713828,51.4637679],[-0.1713013,51.4638413],[-0.1711112,51.4640215],[-0.1709114,51.4641895],[-0.1707446,51.464305]],[[-0.1497718,51.4425641],[-0.1497733,51.4425465],[-0.1500738,51.4426005],[-0.1502714,51.4426385],[-0.1509046,51.4427594],[-0.1521106,51.4429861],[-0.1526647,51.4430892],[-0.1526534,51.4431084],[-0.1519925,51.4430111],[-0.1517027,51.4429592],[-0.1515877,51.4429367],[-0.1509027,51.4427964],[-0.1497718,51.4425641]],[[-0.1376568,51.4401834],[-0.1374962361023111,51.44015088305505]],[[-0.1432577,51.4412345],[-0.142331,51.4410722],[-0.1409065,51.4407976],[-0.1400465,51.4406299],[-0.1393298,51.4404954],[-0.1383511,51.4403146],[-0.1376568,51.4401834]],[[-0.1432577,51.4412345],[-0.1434592,51.441272]],[[-0.1434592,51.441272],[-0.1445774,51.4414903],[-0.1451892,51.4416148],[-0.1458534,51.4417458]],[[-0.1458534,51.4417458],[-0.1460192,51.4417785],[-0.1464442,51.4418695]],[[-0.1464571,51.4419066],[-0.1459982,51.4418112]],[[-0.1459982,51.4418112],[-0.1453503,51.4416803],[-0.1449195,51.4415966],[-0.143467,51.4413049]],[[-0.143467,51.4413049],[-0.1432682,51.4412675]],[[-0.1432682,51.4412675],[-0.1423452,51.4411064],[-0.1408906,51.4408241],[-0.1400341,51.4406586],[-0.1383411,51.4403434],[-0.1376441,51.4402115]],[[-0.1376441,51.4402115],[-0.13748245252692412,51.44018043760506]],[[-0.138963,51.4202619],[-0.1387733,51.420412]],[[-0.1387733,51.420412],[-0.1386735,51.4204905],[-0.1386434,51.4205205]],[[-0.1386434,51.4205205],[-0.1385444,51.4206484],[-0.1384073,51.4208467],[-0.1383122,51.4210244],[-0.1382361,51.421227],[-0.1381903,51.421432]],[[-0.1381903,51.421432],[-0.1381365066872868,51.42168897877315]],[[-0.1697836,51.4636593],[-0.1698142,51.4636764],[-0.169838,51.4636889],[-0.1696388,51.4638353],[-0.1695049,51.4639666],[-0.1694632,51.4640075],[-0.1694092,51.4640686],[-0.1693582,51.4641403],[-0.1691742,51.464363],[-0.1690932,51.4644503],[-0.1689075,51.4646015],[-0.1688745,51.4645833],[-0.1690485,51.4644499],[-0.1691319,51.4643504],[-0.1692522,51.4641914],[-0.1693032,51.464124],[-0.1693373,51.4640754],[-0.1693668,51.464036],[-0.1694046,51.4639855],[-0.1696065,51.4637907],[-0.1697386,51.4636927],[-0.1697836,51.4636593]],[[-0.1685881,51.4709807],[-0.1682443,51.4709341],[-0.1678029,51.4708771],[-0.167418,51.4708271],[-0.1670578,51.4707771]],[[-0.1670578,51.4707771],[-0.1668027,51.4707351],[-0.1666776,51.4707123],[-0.1665477,51.4706851],[-0.1663445,51.4706404],[-0.1662149,51.470606],[-0.1660059,51.4705449],[-0.1658264,51.4704853],[-0.1656469,51.4704243],[-0.1655335,51.4703816]],[[-0.1655335,51.4703816],[-0.1654225,51.4703314]],[[-0.1654225,51.4703314],[-0.1653871,51.4703154],[-0.1652348,51.4702419],[-0.1650529,51.4701455],[-0.16491,51.4700661],[-0.1647967,51.4699954],[-0.1646597,51.4699035],[-0.1645463,51.4698277],[-0.1644377,51.4697402],[-0.1643326,51.4696453],[-0.1641874,51.4695033],[-0.1641,51.4694121],[-0.164049,51.4693526],[-0.1639925,51.4692806],[-0.1639243,51.4691867],[-0.1638675,51.4691037],[-0.1638009,51.4689902],[-0.163747,51.4688816],[-0.1637088,51.4687815],[-0.1636716,51.468682],[-0.1636393,51.4685819],[-0.1636187,51.4684928],[-0.163603,51.4683824],[-0.1635932,51.4682896],[-0.1635844,51.4682176],[-0.1635677,51.4680432]],[[-0.1635677,51.4680432],[-0.1635642,51.4680138],[-0.1635974,51.4677618],[-0.1636584,51.4675184],[-0.1637489,51.4672865]],[[-0.1637489,51.4672865],[-0.1637539,51.4672736],[-0.1637841,51.4672068],[-0.1638429,51.4670939],[-0.1639212,51.4669627],[-0.1640016,51.4668522],[-0.1641201,51.4667082],[-0.1642729,51.4665538],[-0.1644336,51.466411],[-0.1645687,51.4663128],[-0.164747,51.4661944],[-0.164942,51.466076],[-0.1650968,51.4659899],[-0.1652417,51.4659216],[-0.1653946,51.4658508],[-0.1655787,51.4657757],[-0.1657776,51.4657086],[-0.1663301,51.4655389],[-0.1668738,51.4653778],[-0.1671643,51.4652917],[-0.1674047,51.4652204],[-0.1677868,51.4651032],[-0.167863,51.4650796],[-0.1681149,51.4650016]],[[-0.1681149,51.4650016],[-0.1682237,51.4649684]],[[-0.1682237,51.4649684],[-0.1684152,51.4649027]],[[-0.1684152,51.4649027],[-0.1684735,51.4648774],[-0.1685709,51.4648346],[-0.1686771,51.4647773],[-0.1687635,51.4647256],[-0.1688609,51.4646663],[-0.1689494,51.464607]],[[-0.1689494,51.464607],[-0.1690214,51.4645518],[-0.1690944,51.4644898],[-0.1691542,51.4644353],[-0.1692206,51.464367],[-0.1692859,51.4642932],[-0.1693733,51.4641857],[-0.1694475,51.4640974],[-0.169535,51.4640036],[-0.169608,51.4639291],[-0.1696899,51.463856],[-0.1697619,51.4637967],[-0.1697827,51.4637821]],[[-0.1697827,51.4637821],[-0.1698393,51.4637423],[-0.1699257,51.463685],[-0.1700242,51.463625],[-0.1701559,51.4635554],[-0.1703496,51.4634623],[-0.1704216,51.4634262],[-0.1704936,51.4633901]],[[-0.1704936,51.4633901],[-0.17053,51.4633719],[-0.1706695,51.4632947],[-0.1708156,51.463203],[-0.1709385,51.4631161],[-0.1710436,51.463034],[-0.17113,51.462954],[-0.1712388,51.462851]],[[-0.1681149,51.4650016],[-0.1680017,51.4650478],[-0.1679061,51.4650841],[-0.1678798,51.4650952],[-0.16778,51.4651376],[-0.1676886,51.4651738],[-0.1675898,51.46521]],[[-0.1675898,51.46521],[-0.1674899,51.4652405],[-0.1672303,51.4653198],[-0.167191,51.4653311],[-0.1667915,51.4654462],[-0.1664238,51.4655593],[-0.1659745,51.4656976],[-0.1656826,51.4657916],[-0.1655131,51.465855],[-0.1653319,51.4659313],[-0.1651526,51.4660143],[-0.1649704,51.4661132],[-0.1647696,51.4662352],[-0.1646079,51.4663408],[-0.1644943,51.4664269],[-0.1643591,51.4665422],[-0.1642337,51.4666637],[-0.1641083,51.4668046],[-0.1639957,51.466948],[-0.1638978,51.4670983],[-0.1638437,51.4672036],[-0.1638184,51.4672556]],[[-0.1638184,51.4672556],[-0.1637194,51.4675236],[-0.1636584,51.4677601],[-0.1636307,51.4679672],[-0.1636324,51.46801]],[[-0.1636324,51.46801],[-0.1636363,51.4681767],[-0.1636442,51.4682463],[-0.1636481,51.4683024],[-0.1636637,51.4683946],[-0.1636902,51.4685227],[-0.1637108,51.4686045],[-0.163747,51.4687064],[-0.1637813,51.4687973],[-0.1638313,51.4689005],[-0.1638734,51.4689865],[-0.1639263,51.4690762],[-0.1639792,51.4691586],[-0.1640578,51.4692646],[-0.1641162,51.4693371],[-0.1641921,51.469429],[-0.1643113,51.4695511],[-0.1644342,51.4696637],[-0.1645345,51.4697512],[-0.1646432,51.4698351],[-0.164766,51.4699182],[-0.1649053,51.4700079],[-0.165034,51.4700852],[-0.1651663,51.4701565],[-0.1653352,51.4702426],[-0.1654585,51.4702995]],[[-0.1654585,51.4702995],[-0.1655615,51.4703413]],[[-0.1655615,51.4703413],[-0.1656363,51.4703699],[-0.1658406,51.4704427],[-0.1660826,51.4705243],[-0.1662716,51.4705795],[-0.1664811,51.4706292],[-0.1666629,51.4706682],[-0.1669267,51.4707123]],[[-0.1669267,51.4707123],[-0.1672692,51.4707601],[-0.1675231,51.4707962],[-0.1677864,51.47083],[-0.1679299,51.4708482],[-0.1682372,51.4708871],[-0.1687022,51.470949]],[[-0.1705562,51.4634322],[-0.1705371,51.4634186],[-0.1702442,51.4635697],[-0.1700911,51.463651],[-0.1699502,51.4637325],[-0.1698188,51.4638262],[-0.1697103,51.4639158],[-0.1696317,51.4639889],[-0.1695553,51.4640682],[-0.1694015,51.4642468],[-0.1692742,51.4644013],[-0.1692078,51.4644661],[-0.1691358,51.4645323],[-0.169034,51.4646137],[-0.169055,51.4646261],[-0.169174,51.4645372],[-0.16929,51.4644338],[-0.1694925,51.4642162],[-0.1696556,51.464035],[-0.169725,51.4639672],[-0.1698425,51.4638707],[-0.1700144,51.4637459],[-0.1701581,51.4636615],[-0.1703629,51.4635528],[-0.1705562,51.4634322]],[[-0.1712101,51.4629504],[-0.171089,51.463054],[-0.1709742,51.4631387],[-0.1708388,51.4632299],[-0.170747,51.4632864],[-0.170633,51.4633533],[-0.1705433,51.463403]],[[-0.1705433,51.463403],[-0.1704038,51.4634733],[-0.1700972,51.4636243],[-0.1699766,51.4636961],[-0.1698781,51.4637609],[-0.1697873,51.4638312],[-0.1696966,51.4639098],[-0.1696335,51.4639691],[-0.1695449,51.4640615],[-0.1694564,51.4641636],[-0.1693457,51.4642981],[-0.1692616,51.4643919],[-0.1691808,51.4644732],[-0.1690845,51.4645574],[-0.1689804,51.4646367]],[[-0.1689804,51.4646367],[-0.168852,51.4647242],[-0.1687214,51.4648028],[-0.1686052,51.4648656],[-0.1685058,51.4649103],[-0.1684375,51.4649408]],[[-0.1684375,51.4649408],[-0.1682463,51.4650077]],[[-0.1682463,51.4650077],[-0.1680111,51.4650812],[-0.1678938,51.4651171],[-0.1675898,51.46521]]]}},{"type":"Feature","properties":{"kind":"routes","class":"other","routeCount":137},"geometry":{"type":"MultiLineString","coordinates":[[[-0.2133638,51.4665367],[-0.213244,51.4666511],[-0.21297850200595878,51.46689328098258]],[[-0.2134941,51.4664353],[-0.2134813,51.4664455],[-0.2133638,51.4665367]],[[-0.2134941,51.4664353],[-0.2134945,51.4663176],[-0.2135343,51.4662846],[-0.2137012,51.4662604]],[[-0.2138071,51.4661593],[-0.2137458,51.4662179],[-0.2137012,51.4662604]],[[-0.2138071,51.4661593],[-0.2138126,51.4660863],[-0.2138869,51.4660255]],[[-0.2138869,51.4660255],[-0.2138998,51.466015]],[[-0.2138998,51.466015],[-0.2139202,51.4659981],[-0.213957,51.4659678],[-0.2139706,51.4659545]],[[-0.2139706,51.4659545],[-0.2140087,51.4659172],[-0.2140496,51.4658826]],[[-0.2140496,51.4658826],[-0.2141153,51.4658041]],[[-0.2141153,51.4658041],[-0.2141384,51.4657765],[-0.2141561,51.4657557]],[[-0.2141561,51.4657557],[-0.2141637,51.4657467],[-0.2141941,51.4657024],[-0.2142196,51.4656781],[-0.2142763,51.4656456]],[[-0.2142825,51.4656219],[-0.2142778,51.46564],[-0.2142763,51.4656456]],[[-0.2143187,51.4655204],[-0.2142965,51.4655844],[-0.2142825,51.4656219]],[[-0.2143493,51.4654415],[-0.2143187,51.4655204]],[[-0.2144131,51.465326],[-0.2143493,51.4654415]],[[-0.2144317,51.465292],[-0.2144207,51.4653116],[-0.2144131,51.465326]],[[-0.2145023,51.4651999],[-0.214454,51.4652538],[-0.2144317,51.465292]],[[-0.2145232,51.4651638],[-0.2145023,51.4651999]],[[-0.2146218,51.4650196],[-0.2145232,51.4651638]],[[-0.2146218,51.4650196],[-0.2145779,51.4649564],[-0.2145931,51.4649226],[-0.2146174,51.4648685],[-0.2146016,51.4648266],[-0.2145628,51.4647952],[-0.2145002,51.4647521]],[[-0.2145002,51.4647521],[-0.2143995,51.4646828]],[[-0.2143995,51.4646828],[-0.2142471,51.4646453]],[[-0.2142471,51.4646453],[-0.2142192,51.4646386]],[[-0.2142192,51.4646386],[-0.2141671,51.4646261]],[[-0.2141671,51.4646261],[-0.2139656,51.464576],[-0.2137371,51.464521]],[[-0.2137371,51.464521],[-0.2135966,51.4644871],[-0.2134431,51.4644396],[-0.2133674,51.4644144]],[[-0.2133674,51.4644144],[-0.2132627,51.464372]],[[-0.2132627,51.464372],[-0.2131351,51.4643219]],[[-0.2131351,51.4643219],[-0.2130389,51.4642841],[-0.2127991,51.4641612],[-0.2124362,51.4639833]],[[-0.2124362,51.4639833],[-0.2118545,51.4636818]],[[-0.2118545,51.4636818],[-0.2113503,51.4634299],[-0.2111123,51.4633084],[-0.211001,51.4632577],[-0.2109454,51.4632301],[-0.2108685,51.4632014],[-0.2106851,51.4631374],[-0.2105837,51.4631066],[-0.2104303,51.463069],[-0.2100939,51.4630131],[-0.2099457,51.4629885],[-0.209755,51.4629595],[-0.2094789,51.4629117],[-0.20926,51.4628393],[-0.2092247,51.4628267],[-0.2091315,51.4627882],[-0.2090537,51.4627562]],[[-0.2090537,51.4627562],[-0.2089629,51.4627111],[-0.2089393,51.4627008],[-0.2087851,51.4626333],[-0.2085916,51.4625748],[-0.2083793,51.4625138],[-0.208037,51.4624124],[-0.2074334,51.4622234]],[[-0.2074334,51.4622234],[-0.207278,51.4621784],[-0.2072138,51.4621599],[-0.2071404,51.4621427],[-0.2069686,51.4620993],[-0.2057825,51.4618898],[-0.2053904,51.4618136],[-0.2052025,51.4617714],[-0.2050589,51.4617332],[-0.2050014,51.4617187],[-0.2045084,51.4615826],[-0.2042828,51.4615209],[-0.2035942,51.4613394],[-0.2031137,51.4612231],[-0.2029867,51.4611974],[-0.2028216,51.4611646],[-0.2026016,51.4611202],[-0.2025342,51.4611065],[-0.2024795,51.4610975]],[[-0.2024795,51.4610975],[-0.2024182,51.4610854],[-0.2023039,51.4610654]],[[-0.2023039,51.4610654],[-0.2022201,51.4610474]],[[-0.2022201,51.4610474],[-0.2019442,51.4609885],[-0.2016926,51.4609205],[-0.2014473,51.4608537],[-0.2011045,51.4607386],[-0.200681,51.4605899]],[[-0.200681,51.4605899],[-0.2004175,51.4604796],[-0.1994496,51.4600849],[-0.1992762,51.4600103]],[[-0.1992762,51.4600103],[-0.199199,51.4599638],[-0.1990789,51.4598754],[-0.1990377,51.4598325]],[[-0.1990377,51.4598325],[-0.1989494,51.4597456],[-0.1988979,51.459696],[-0.1988284,51.4596356],[-0.1987416,51.4595458],[-0.1986686,51.4594678],[-0.1986332,51.4594268]],[[-0.1986332,51.4594268],[-0.1986028,51.4593859],[-0.1985272,51.459283],[-0.1984354,51.4591385],[-0.1983853,51.4590624],[-0.1983485,51.4590084],[-0.1983141,51.4589561],[-0.1982833,51.4588835]],[[-0.1982833,51.4588835],[-0.1982755,51.4588199],[-0.1982785,51.4587375],[-0.1982742,51.458552],[-0.1982673,51.4583638],[-0.1982568,51.4583051],[-0.1982376,51.4582448],[-0.1982139,51.4581732],[-0.1981746,51.4580892],[-0.1981613,51.4580592]],[[-0.1981613,51.4580592],[-0.1980625,51.457989],[-0.1980271,51.4579444],[-0.1979905,51.4579204],[-0.1979631,51.4579073],[-0.1979045,51.4578898],[-0.1978257,51.4578739]],[[-0.1978257,51.4578739],[-0.197758,51.4579069],[-0.1977122,51.457928],[-0.1976359,51.4579523]],[[-0.1976359,51.4579523],[-0.1971368,51.4580961],[-0.1970173,51.4581294]],[[-0.1970173,51.4581294],[-0.1969643,51.4581453],[-0.1968663,51.4581757],[-0.1965439,51.4582759],[-0.196206,51.4583662],[-0.1960901,51.458391],[-0.1958465,51.4584431]],[[-0.1958465,51.4584431],[-0.1952295,51.4585727],[-0.195152,51.4585879],[-0.1950692,51.458604]],[[-0.1950692,51.458604],[-0.1948849,51.4586378]],[[-0.1948849,51.4586378],[-0.1945427,51.4587025]],[[-0.1945427,51.4587025],[-0.1943645,51.4587336],[-0.1943099,51.4587446],[-0.1937975,51.458835]],[[-0.1937975,51.458835],[-0.1935243,51.4588852]],[[-0.1935243,51.4588852],[-0.1933118,51.4589215],[-0.1931134,51.4589419],[-0.1929056,51.4589492],[-0.1926896,51.4589448],[-0.1925215,51.4589303],[-0.1923846,51.4589108],[-0.192234,51.4588857],[-0.1920858,51.4588609]],[[-0.1920858,51.4588609],[-0.1920303,51.4588134],[-0.1919966,51.4587845],[-0.1919652,51.4587433],[-0.1919402,51.4586978],[-0.1919299,51.4586629]],[[-0.1919299,51.4586629],[-0.1919972,51.45855],[-0.1920214,51.4585104],[-0.1920342,51.4584905]],[[-0.1920342,51.4584905],[-0.1920604,51.4584147]],[[-0.1920604,51.4584147],[-0.192081,51.4582223],[-0.1920895,51.4581682],[-0.1921064,51.4579637]],[[-0.1921064,51.4579637],[-0.1921249,51.4578321],[-0.1921699,51.4575862],[-0.1922294,51.4574718],[-0.1922883,51.4573677],[-0.1924014,51.4571943],[-0.1924504,51.4571211],[-0.1925575,51.4569665],[-0.1925891,51.4569203]],[[-0.1925891,51.4569203],[-0.192621,51.4568793],[-0.1926434,51.4568505],[-0.1927221,51.4567652]],[[-0.1928036,51.4566671],[-0.192769,51.4567106],[-0.1927221,51.4567652]],[[-0.1928095,51.4566444],[-0.1928036,51.4566671]],[[-0.1928036,51.456575],[-0.192809,51.4566048],[-0.1928095,51.4566444]],[[-0.192708,51.4563097],[-0.192739,51.4563884],[-0.19275,51.4564166],[-0.1927966,51.4565365],[-0.1928036,51.456575]],[[-0.1926634,51.4556157],[-0.1926404,51.4557675],[-0.192636,51.4558052],[-0.1926341,51.4558441],[-0.1926271,51.4559112],[-0.1926236,51.4559621],[-0.1926209,51.4560021],[-0.1926372,51.4560899],[-0.1926759,51.4562099],[-0.1926975,51.4562775],[-0.192708,51.4563097]],[[-0.192698,51.4553882],[-0.1926881,51.4554631],[-0.1926758,51.4555359],[-0.1926694,51.4555779],[-0.1926634,51.4556157]],[[-0.1927,51.4548549],[-0.192708,51.4548935],[-0.1927167,51.4549615],[-0.1927226,51.4550296],[-0.1927232,51.4551428],[-0.1927142,51.4552417],[-0.1927104,51.4552856],[-0.192698,51.4553882]],[[-0.1926517,51.4546546],[-0.1926538,51.4546607],[-0.1926651,51.4547096],[-0.1927,51.4548549]],[[-0.1925915,51.4544742],[-0.1926159,51.4545444],[-0.1926384,51.4546154],[-0.1926517,51.4546546]],[[-0.1924049,51.4541817],[-0.1924436,51.4542346],[-0.1924732,51.4542776],[-0.1925062,51.4543301],[-0.1925915,51.4544742]],[[-0.1920345,51.4538257],[-0.1920662,51.4538492],[-0.1921027,51.4538779],[-0.1922243,51.4539878],[-0.1922758,51.4540382],[-0.1923294,51.454094],[-0.1923833,51.4541585],[-0.1924049,51.4541817]],[[-0.1919111,51.4537366],[-0.191975,51.4537848],[-0.1920345,51.4538257]],[[-0.1917988,51.4536588],[-0.1919111,51.4537366]],[[-0.1917029,51.4535832],[-0.191742,51.4536154],[-0.1917988,51.4536588]],[[-0.1915418,51.4533901],[-0.1915759,51.4534424],[-0.1916313,51.4535158],[-0.1917029,51.4535832]],[[-0.1914334,51.4532305],[-0.1915085,51.4533344],[-0.1915184,51.4533504],[-0.1915321,51.4533742],[-0.1915418,51.4533901]],[[-0.1913397,51.4530879],[-0.1914334,51.4532305]],[[-0.1913025,51.453],[-0.1913165,51.4530408],[-0.1913397,51.4530879]],[[-0.1909015,51.4522628],[-0.1910111,51.4523829],[-0.1910814,51.4524574],[-0.1911295,51.4525078],[-0.1911627,51.4525501],[-0.1912036,51.45263],[-0.1912163,51.4526705],[-0.1912428,51.452752],[-0.1912614,51.4528308],[-0.1912781,51.4529034],[-0.1913025,51.453]],[[-0.1896111,51.4488194],[-0.1896341,51.4489094],[-0.1896415,51.4489483],[-0.1896469,51.4489848],[-0.1896818,51.449337],[-0.1897029,51.449433],[-0.1897025,51.4495137],[-0.1897024,51.449553],[-0.1897077,51.4495965],[-0.1897369,51.4497532],[-0.1898266,51.450077],[-0.1899189,51.450437],[-0.1899472,51.4505522],[-0.1899533,51.4505763],[-0.1899844,51.4506868],[-0.1900083,51.4507887],[-0.1900346,51.4509108],[-0.1900447,51.4509842],[-0.1900602,51.4510486],[-0.1900741,51.4510769],[-0.1901151,51.4511508],[-0.1901412,51.4511989],[-0.1901727,51.4512494],[-0.1902538,51.4514017],[-0.1903802,51.4515986],[-0.1905019,51.4517744],[-0.1905422,51.4518242],[-0.1909015,51.4522628]],[[-0.1893398,51.4464022],[-0.1893342,51.4466083],[-0.1893336,51.4466311],[-0.1893366,51.4470081],[-0.1893483,51.4472569],[-0.1893646,51.4476028],[-0.189417,51.4478855],[-0.1894553,51.4480941],[-0.1895359,51.4485078],[-0.1895667,51.4486595],[-0.1895785,51.4487081],[-0.1895889,51.4487471],[-0.1896111,51.4488194]],[[-0.1893825,51.4458017],[-0.1893753,51.445862],[-0.1893504,51.4460082],[-0.1893398,51.4464022]],[[-0.1894316,51.4454005],[-0.1894096,51.4455615],[-0.1893825,51.4458017]],[[-0.1894441,51.4450921],[-0.1894316,51.4454005]],[[-0.1900584,51.4439022],[-0.1902145,51.4440592],[-0.1902984,51.4441506],[-0.1903433,51.4442052],[-0.1903691,51.4442417],[-0.1903896,51.4442886],[-0.1903929,51.4443301],[-0.1903889,51.4443761],[-0.1903832,51.4443897],[-0.1903745,51.4444104],[-0.1903441,51.4444515],[-0.1902494,51.4445109],[-0.1901523,51.4445495],[-0.1899821,51.4446098],[-0.1898292,51.4446664],[-0.1896718,51.4447467],[-0.189563,51.4448156],[-0.1895262,51.4448573],[-0.189496,51.444898],[-0.1894625,51.4449637],[-0.1894441,51.4450921]],[[-0.1897969,51.443654],[-0.1898116,51.4436683],[-0.1900584,51.4439022]],[[-0.1894609,51.4433323],[-0.1896893,51.4435497],[-0.1897969,51.443654]],[[-0.1890357,51.4429701],[-0.1890773,51.4430044],[-0.1892318,51.4431335],[-0.1894609,51.4433323]],[[-0.1888475,51.4428096],[-0.189002,51.4429408],[-0.1890357,51.4429701]],[[-0.1885129,51.4425204],[-0.1886847,51.4426785],[-0.1887259,51.442714],[-0.1887544,51.4427389],[-0.1888475,51.4428096]],[[-0.1877885,51.4419088],[-0.1878733,51.4419872],[-0.1881241,51.4421961],[-0.1882234,51.4422797],[-0.1885129,51.4425204]],[[-0.1876474,51.4417844],[-0.1876815,51.4418148],[-0.1877238,51.4418522],[-0.1877885,51.4419088]],[[-0.1875679,51.4417143],[-0.1876474,51.4417844]],[[-0.1873214,51.4414454],[-0.1874458,51.441589],[-0.187474,51.4416208],[-0.1874984,51.4416476],[-0.1875679,51.4417143]],[[-0.1868249,51.4398564],[-0.1868273,51.4399338],[-0.1868447,51.4404343],[-0.1868606,51.4406725],[-0.1868747,51.4407837],[-0.1869012,51.4408711],[-0.1869273,51.4409216],[-0.1869845,51.4410228],[-0.1870447,51.4411038],[-0.1873214,51.4414454]],[[-0.1867541,51.4373262],[-0.1867394,51.4376362],[-0.186734,51.4380408],[-0.1867528,51.438412],[-0.1867715,51.4385876],[-0.1867974,51.4391856],[-0.186805,51.4392788],[-0.1868155,51.439441],[-0.1868176,51.4394841],[-0.1868185,51.4395298],[-0.1868249,51.4398564]],[[-0.1861088,51.435479],[-0.1862087,51.4355941],[-0.1862346,51.4356307],[-0.1862675,51.4356749],[-0.1864577,51.4359307],[-0.1865763,51.4361349],[-0.1866345,51.4362884],[-0.1867036,51.4365424],[-0.1867286,51.4366531],[-0.1867481,51.4368013],[-0.1867581,51.4369122],[-0.1867541,51.4373262]],[[-0.1861088,51.435479],[-0.1860231,51.4353792],[-0.1859931,51.435341],[-0.1859642,51.4353044],[-0.1858336,51.4351393],[-0.1857544,51.4350296],[-0.1855565,51.4347603],[-0.1855377,51.4347352],[-0.1854653,51.4346382],[-0.1854063,51.4345245],[-0.1853561,51.4343612],[-0.1852764,51.4341252],[-0.1852056,51.4338665],[-0.1851819,51.4338081],[-0.185171,51.4337813],[-0.1851116,51.4336917]],[[-0.1851116,51.4336917],[-0.1850115,51.4336341],[-0.1849268,51.4335909],[-0.1848676,51.4335567],[-0.1847479,51.4334955],[-0.1846324,51.4334398],[-0.1845361,51.4333935],[-0.1844414,51.4333547],[-0.1841713,51.4332409],[-0.1840555,51.4332083],[-0.1840245,51.4332002],[-0.1839618,51.4331815],[-0.1837209,51.4331128],[-0.1834119,51.4330276],[-0.1832852,51.4329993],[-0.1831872,51.4329832],[-0.183093,51.4329715],[-0.1829429,51.4329534],[-0.1828019,51.4329404],[-0.1826644,51.432933],[-0.1825316,51.4329399],[-0.1824263,51.4329522],[-0.1823381,51.432966],[-0.1822129,51.432993],[-0.1815024,51.4331683],[-0.1814252,51.433186],[-0.1813658,51.4331953],[-0.1812852,51.433198]],[[-0.1807294,51.4329484],[-0.1808022,51.433012],[-0.1808351,51.4330398],[-0.1809048,51.4330853],[-0.1809574,51.4331222],[-0.1810261,51.433157],[-0.1811115,51.4331864],[-0.1811975,51.4331977],[-0.1812852,51.433198]],[[-0.1798542,51.432623],[-0.1800645,51.4327257],[-0.1802136,51.4327992],[-0.1803927,51.432876],[-0.1804903,51.4329117],[-0.1805853,51.4329382],[-0.1807294,51.4329484]],[[-0.1766112,51.4317586],[-0.1767375,51.4318112],[-0.1768642,51.4318588],[-0.1771257,51.4319465],[-0.1772728,51.4319923],[-0.1773848,51.4320271],[-0.1776815,51.4320933],[-0.1782674,51.4322172],[-0.1790803,51.4324],[-0.1793727,51.4324675],[-0.1796381,51.4325443],[-0.1798542,51.432623]],[[-0.1763365,51.4316435],[-0.1764806,51.4317075],[-0.1766112,51.4317586]],[[-0.1758153,51.4312747],[-0.1761152,51.4315153],[-0.1763365,51.4316435]],[[-0.1742403,51.4301293],[-0.1746136,51.4303665],[-0.1748949,51.4305656],[-0.1751531,51.4307533],[-0.1752418,51.4308198],[-0.1754601,51.4309918],[-0.1756614,51.4311505],[-0.1758153,51.4312747]],[[-0.173947,51.4299877],[-0.1740687,51.4300403],[-0.1742403,51.4301293]],[[-0.1728026,51.4296975],[-0.173,51.4297498],[-0.173947,51.4299877]],[[-0.1713842,51.4293937],[-0.1715608,51.4294366],[-0.1716845,51.429447],[-0.1717941,51.4294458],[-0.1718788,51.4294351],[-0.1719685,51.4294366],[-0.1720059,51.4294393],[-0.1720505,51.429449],[-0.1725963,51.429637],[-0.1728026,51.4296975]],[[-0.1708111,51.4291835],[-0.1713842,51.4293937]],[[-0.1687388,51.4283522],[-0.1688854,51.4284141],[-0.1690318,51.4284768],[-0.1697454,51.4287596],[-0.1708111,51.4291835]],[[-0.1683015,51.4281774],[-0.1686446,51.4283134],[-0.1686748,51.4283251],[-0.1687388,51.4283522]],[[-0.1682387,51.4281533],[-0.1682532,51.4281585],[-0.1683015,51.4281774]],[[-0.1682387,51.4281533],[-0.1681698,51.4281554],[-0.1681301,51.4281467],[-0.1680091,51.4280989]],[[-0.1680091,51.4280989],[-0.1679108,51.42805]],[[-0.1679108,51.42805],[-0.1678189,51.4279974],[-0.1675174,51.4277763],[-0.1673618,51.4276781],[-0.1673238,51.4276043]],[[-0.1669543,51.4273324],[-0.1671655,51.4275022],[-0.1673238,51.4276043]],[[-0.1667699,51.4271621],[-0.1668072,51.4271966],[-0.1668925,51.4272753],[-0.1669543,51.4273324]],[[-0.1664779,51.4268845],[-0.1665436,51.4269449],[-0.166726,51.4271216],[-0.1667699,51.4271621]],[[-0.1661781,51.4266028],[-0.1662572,51.4266732],[-0.1664284,51.426839],[-0.1664779,51.4268845]],[[-0.1643725,51.4253683],[-0.1645267,51.4254542],[-0.1647143,51.4255319],[-0.1649993,51.4256376],[-0.1651093,51.4256866],[-0.1651938,51.4257343],[-0.165287,51.4257863],[-0.1653925,51.4258628],[-0.1654365,51.4258947],[-0.1654765,51.4259319],[-0.1656527,51.4260954],[-0.16583,51.4262676],[-0.1661087,51.4265366],[-0.1661781,51.4266028]],[[-0.1641741,51.4252431],[-0.1643725,51.4253683]],[[-0.163727,51.4248666],[-0.1639059,51.4250347],[-0.1639676,51.4250957],[-0.1641741,51.4252431]],[[-0.1635308,51.4246868],[-0.163727,51.4248666]],[[-0.1634136,51.4245741],[-0.1635308,51.4246868]],[[-0.1632541,51.4244001],[-0.1634136,51.4245741]],[[-0.1626275,51.4238706],[-0.162703,51.4239109],[-0.1627666,51.4239445],[-0.162863,51.4240027],[-0.1629779,51.4240901],[-0.1630542,51.4241612],[-0.1631093,51.4242273],[-0.1632541,51.4244001]],[[-0.1620871,51.4236546],[-0.1621124,51.4236641],[-0.1623808,51.4237651],[-0.1625829,51.4238469],[-0.1626275,51.4238706]],[[-0.1612311,51.4233506],[-0.1613443,51.4233916],[-0.1615288,51.4234569],[-0.1620871,51.4236546]],[[-0.1610586,51.4232832],[-0.1612311,51.4233506]],[[-0.1604647,51.4229663],[-0.1605126,51.4230144],[-0.1605924,51.423081],[-0.1606253,51.4231015],[-0.1606638,51.4231195],[-0.1607815,51.4231749],[-0.1610586,51.4232832]],[[-0.1604014,51.4228088],[-0.1604106,51.4228585],[-0.1604407,51.4229285],[-0.1604647,51.4229663]],[[-0.1603756,51.4225336],[-0.1603872,51.4226913],[-0.1603954,51.4227606],[-0.1604014,51.4228088]],[[-0.1603516,51.4222285],[-0.1603756,51.4225336]],[[-0.16032971536299986,51.42190162391172],[-0.1603423,51.4220742],[-0.1603516,51.4222285]],[[-0.1387602,51.4305249],[-0.138388,51.4304905]],[[-0.1392012,51.4305531],[-0.1387602,51.4305249]],[[-0.1396379,51.430581],[-0.1392012,51.4305531]],[[-0.1398836,51.4305959],[-0.1397118,51.4305854],[-0.1396879,51.4305842],[-0.1396379,51.430581]],[[-0.1398908,51.4305964],[-0.1398836,51.4305959]],[[-0.1398908,51.4305964],[-0.1399386,51.4305857],[-0.1400139,51.4305857]],[[-0.1400139,51.4305857],[-0.1400522,51.4305921],[-0.140153,51.430623]],[[-0.1403346,51.4306447],[-0.1401708,51.4306247],[-0.1401574,51.4306234],[-0.140153,51.430623]],[[-0.140575,51.4306662],[-0.1403346,51.4306447]],[[-0.1449963,51.4310632],[-0.1447614,51.4310407],[-0.140575,51.4306662]],[[-0.1463541,51.4311974],[-0.1463009,51.4311896],[-0.1461887,51.431178],[-0.1457166,51.4311292],[-0.1449963,51.4310632]],[[-0.1464444,51.4312115],[-0.1463541,51.4311974]],[[-0.1474132,51.4313718],[-0.1466673,51.4312498],[-0.1465083,51.4312214],[-0.1464444,51.4312115]],[[-0.1486899,51.4316012],[-0.1480483,51.4314835],[-0.1474132,51.4313718]],[[-0.1490217,51.4316591],[-0.1486899,51.4316012]],[[-0.1499139,51.4318542],[-0.1492974,51.4317083],[-0.149272,51.431702],[-0.1492298,51.4316948],[-0.1490217,51.4316591]],[[-0.151455,51.4322414],[-0.151057,51.4321405],[-0.1509977,51.4321256],[-0.1509124,51.4321053],[-0.1505161,51.4320109],[-0.1499139,51.4318542]],[[-0.1515791,51.4322729],[-0.151455,51.4322414]],[[-0.1520529,51.4323917],[-0.1515791,51.4322729]],[[-0.1529147,51.4326086],[-0.1524838,51.4324997],[-0.1520529,51.4323917]],[[-0.1532755,51.4327018],[-0.1531766,51.4326732],[-0.1529147,51.4326086]],[[-0.1535654,51.4327856],[-0.1535014,51.4327671],[-0.1532755,51.4327018]],[[-0.1536829,51.432828],[-0.1536264,51.4328076],[-0.1535654,51.4327856]],[[-0.1537536,51.4328576],[-0.1536829,51.432828]],[[-0.1555653,51.4340722],[-0.1554248,51.433971],[-0.1549383,51.4336101],[-0.1542999,51.4331533],[-0.1541219,51.4330239],[-0.1540269,51.4329762],[-0.153928,51.4329347],[-0.1537536,51.4328576]],[[-0.1556233,51.434122],[-0.1555653,51.4340722]],[[-0.1558415,51.4342938],[-0.1556233,51.434122]],[[-0.1590864,51.4354736],[-0.1588832,51.4354271],[-0.1587337,51.4354041],[-0.1583904,51.4353661],[-0.1582558,51.4353483],[-0.1580693,51.4353236],[-0.1578651,51.4352825],[-0.1576418,51.435225],[-0.1575222,51.4351887],[-0.1573754,51.4351321],[-0.1573388,51.4351147],[-0.1567278,51.4348166],[-0.156408,51.4346481],[-0.1561002,51.4344617],[-0.1558415,51.4342938]],[[-0.1593074,51.4355479],[-0.1592093,51.4355124],[-0.1590864,51.4354736]],[[-0.1594326,51.4355958],[-0.1593677,51.4355713],[-0.1593074,51.4355479]],[[-0.1596174,51.4356592],[-0.1594326,51.4355958]],[[-0.1596174,51.4356592],[-0.1594346,51.4357386]],[[-0.1594346,51.4357386],[-0.1593954,51.4357564],[-0.1593151,51.4357978],[-0.1592593,51.4358378],[-0.1589252,51.4360576],[-0.1588596,51.4361009]],[[-0.1588596,51.4361009],[-0.1584937,51.4363539],[-0.158342,51.4364712],[-0.1581958,51.4365866],[-0.158019,51.4367239],[-0.1578447,51.4368677],[-0.1577458,51.4369478]],[[-0.1577458,51.4369478],[-0.1576146,51.4370575]],[[-0.1576146,51.4370575],[-0.157512,51.4371443],[-0.1574104,51.4372291],[-0.1572611,51.4373524],[-0.1572213,51.4373866],[-0.1571807,51.4374187],[-0.157034,51.4375427]],[[-0.157034,51.4375427],[-0.1569652,51.4376179],[-0.1569015,51.4376945],[-0.1568352,51.4377833],[-0.1567411,51.4379216],[-0.1566837,51.438036],[-0.1566531,51.4381007],[-0.1566353,51.4381348],[-0.1565915,51.4382343]],[[-0.1565915,51.4382343],[-0.1565393,51.4383413],[-0.1565215,51.4383777],[-0.1564994,51.4384368],[-0.1564866,51.4384763]],[[-0.1564866,51.4384763],[-0.1564743,51.4384963]],[[-0.1564743,51.4384963],[-0.1564581,51.438552],[-0.1564296,51.4386148],[-0.1563674,51.4386898]],[[-0.1563674,51.4386898],[-0.1563589,51.438704]],[[-0.1563589,51.438704],[-0.15634,51.4387479],[-0.156303,51.4388406],[-0.1562526,51.4389344],[-0.156182,51.4390548],[-0.1560993,51.43921]],[[-0.1560993,51.43921],[-0.1559621,51.4394444]],[[-0.1559621,51.4394444],[-0.1558691,51.4395875]],[[-0.1558691,51.4395875],[-0.1558258,51.4396615],[-0.1557559,51.4397721],[-0.1557062,51.4398607],[-0.1556442,51.4399544],[-0.1555922,51.4400353]],[[-0.1555922,51.4400353],[-0.1555694,51.4400741],[-0.1554113,51.4403403],[-0.1553887,51.4403796],[-0.1553523,51.4404375],[-0.1553239,51.4404825],[-0.1552144,51.4406367],[-0.1552057,51.4406488],[-0.1551248,51.4407656],[-0.1550702,51.4408397],[-0.1550578,51.4408571]],[[-0.1550578,51.4408571],[-0.1548962,51.4410466],[-0.1548706,51.4410842]],[[-0.1548706,51.4410842],[-0.1548412,51.4411222],[-0.1547829,51.4412058]],[[-0.1547829,51.4412058],[-0.1547563,51.4412365],[-0.1546985,51.4413055]],[[-0.1546985,51.4413055],[-0.1546347,51.4413602]],[[-0.1546347,51.4413602],[-0.1545376,51.4414883],[-0.1545173,51.4415101],[-0.1544923,51.4415424]],[[-0.1544923,51.4415424],[-0.1542648,51.4418018]],[[-0.1542648,51.4418018],[-0.1542395,51.4418283]],[[-0.1542395,51.4418283],[-0.1541644,51.4419055]],[[-0.1541644,51.4419055],[-0.1541207,51.4419583]],[[-0.1541207,51.4419583],[-0.1540976,51.4419853],[-0.1540868,51.4419978]],[[-0.1540868,51.4419978],[-0.1540793,51.4420522]],[[-0.1540793,51.4420522],[-0.154063,51.4420901],[-0.1540429,51.4421293]],[[-0.1540429,51.4421293],[-0.1539833,51.4421742],[-0.1539444,51.4421846]],[[-0.1539444,51.4421846],[-0.1539102,51.4422029]],[[-0.1539102,51.4422029],[-0.1538378,51.442283],[-0.1537796,51.4423393]],[[-0.1537796,51.4423393],[-0.1536395,51.4424806]],[[-0.1536395,51.4424806],[-0.1534681,51.4426692]],[[-0.1534681,51.4426692],[-0.1533309,51.4428224]],[[-0.1533309,51.4428224],[-0.1531844,51.4429986]],[[-0.1531844,51.4429986],[-0.153148,51.4430478],[-0.1531332,51.4430679],[-0.1529745,51.4432634]],[[-0.1529745,51.4432634],[-0.1529321,51.4433136],[-0.1529109,51.4433392],[-0.1528829,51.4433768]],[[-0.1528829,51.4433768],[-0.1528261,51.4434533]],[[-0.1528261,51.4434533],[-0.1527608,51.4435393],[-0.1527345,51.4435725]],[[-0.1527345,51.4435725],[-0.1526969,51.4436117]],[[-0.1526969,51.4436117],[-0.1526848,51.4436243]],[[-0.1526848,51.4436243],[-0.1524765,51.4438601]],[[-0.1524765,51.4438601],[-0.1521472,51.444233],[-0.1521171,51.4442673],[-0.1520917,51.4442992],[-0.1519715,51.444439]],[[-0.1519715,51.444439],[-0.1517694,51.444674]],[[-0.1517694,51.444674],[-0.1517644,51.4446798],[-0.1517311,51.4447167],[-0.1515188,51.4449454],[-0.1514817,51.4449864],[-0.1514237,51.4450531],[-0.1513715,51.4451072],[-0.1513283,51.4451477]],[[-0.1513283,51.4451477],[-0.151231,51.4452382],[-0.1512047,51.44526],[-0.1511595,51.4452973],[-0.1510105,51.4453988],[-0.150226,51.4458513]],[[-0.150226,51.4458513],[-0.1501783,51.4458801],[-0.1500507,51.445955]],[[-0.1500507,51.445955],[-0.1499675,51.4460161],[-0.1499362,51.4460408]],[[-0.1499362,51.4460408],[-0.1498598,51.4461011],[-0.1497918,51.4461682],[-0.1497551,51.4462052]],[[-0.1497551,51.4462052],[-0.1496718,51.4462977]],[[-0.1496718,51.4462977],[-0.1495631,51.4464336],[-0.1495414,51.4464648]],[[-0.1495414,51.4464648],[-0.1494322,51.446622]],[[-0.1494322,51.446622],[-0.1494193,51.4466405]],[[-0.1494193,51.4466405],[-0.1493645,51.4467251]],[[-0.1493645,51.4467251],[-0.1492367,51.4469202],[-0.1492177,51.4469581],[-0.1491959,51.4469932],[-0.1491801,51.4470203],[-0.1490888,51.4471604]],[[-0.1490888,51.4471604],[-0.1490366,51.4472444]],[[-0.1490366,51.4472444],[-0.1489138,51.4474267]],[[-0.1489138,51.4474267],[-0.1488552,51.4475267],[-0.1487907,51.4476306],[-0.1487065,51.4477599],[-0.1485903,51.4478823]],[[-0.1485903,51.4478823],[-0.1484883,51.4480482],[-0.1484628,51.4480854],[-0.1484422,51.4481213],[-0.1484178,51.4481566]],[[-0.1484178,51.4481566],[-0.148308,51.448369]],[[-0.148308,51.448369],[-0.1482311,51.4484936],[-0.1481581,51.4486192]],[[-0.1481581,51.4486192],[-0.1481433,51.4486456]],[[-0.1481433,51.4486456],[-0.1480852,51.4487782],[-0.1480766,51.4488201],[-0.1480673,51.4488677]],[[-0.1480673,51.4488677],[-0.1480541,51.4489405]],[[-0.1480541,51.4489405],[-0.1480376,51.4490307],[-0.148019,51.4491475]],[[-0.148019,51.4491475],[-0.1479974,51.4492832],[-0.1479663,51.4494905]],[[-0.1479663,51.4494905],[-0.1479117,51.4499103],[-0.1478805,51.4501212],[-0.1478405,51.4503328],[-0.1477993,51.4505271],[-0.1477626,51.4507112],[-0.1477553,51.4507509]],[[-0.1477553,51.4507509],[-0.1477431,51.4508423],[-0.1477332,51.450954],[-0.1477325,51.4509792],[-0.1477318,51.4510233],[-0.1477314,51.4510537],[-0.1477299,51.4511458]],[[-0.1477299,51.4511458],[-0.1477335,51.4512329],[-0.1477372,51.4512835],[-0.1477378,51.4513118],[-0.1477413,51.4513581],[-0.1477422,51.4513914],[-0.1477609,51.4516432],[-0.1477607,51.4517826],[-0.1477586,51.4519636],[-0.147744,51.4520753],[-0.1477283,51.4521706],[-0.14767598052610975,51.45232448080556]],[[-0.14743379543379012,51.452864527209236],[-0.1474116,51.4529396]],[[-0.1474116,51.4529396],[-0.1473995908318587,51.45296397154711]],[[-0.2538928320822269,51.43710311041252],[-0.2536791,51.4371863],[-0.2528518,51.4374744],[-0.2522861,51.4376859],[-0.2513517,51.4380362],[-0.250426,51.4383513],[-0.2502801,51.4384042]],[[-0.2502801,51.4384042],[-0.249498,51.438756],[-0.2493451,51.4388354],[-0.2492281,51.4389081],[-0.2491145,51.4389947],[-0.2488444,51.4392258],[-0.248776,51.4392872],[-0.2486825,51.4393465],[-0.2485821,51.4393734],[-0.2485271,51.4393848],[-0.2484408,51.4393906],[-0.2483657,51.439393]],[[-0.2483657,51.439393],[-0.2483605,51.4393357],[-0.2483292,51.4392835],[-0.2482885,51.4392475]],[[-0.2482885,51.4392475],[-0.2480071,51.439001]],[[-0.2480071,51.439001],[-0.2478191,51.4388256],[-0.2477802,51.4387756]],[[-0.2477802,51.4387756],[-0.2477441,51.4387293],[-0.2477098,51.4386494],[-0.2477054,51.4386145]],[[-0.2477054,51.4386145],[-0.2476942,51.4385263]],[[-0.2476942,51.4385263],[-0.2476399,51.4385141],[-0.2475956,51.4384909],[-0.2475595,51.4384437],[-0.2475587,51.4384076],[-0.2475777,51.4383736],[-0.2476142,51.4383457],[-0.2476886,51.4383227],[-0.2477464,51.4383215],[-0.2478013,51.4383327],[-0.2478468,51.4383549]],[[-0.2478468,51.4383549],[-0.2478775,51.4383858],[-0.2478892,51.4384211],[-0.2478869,51.4384418],[-0.2478674,51.4384757]],[[-0.2478674,51.4384757],[-0.2478172,51.4385097],[-0.2477646,51.4385246],[-0.2476942,51.4385263]],[[-0.2483657,51.439393],[-0.2483605,51.439427],[-0.248341,51.4394546],[-0.2483161,51.4394756],[-0.2482673,51.439507],[-0.2480057,51.4396043]],[[-0.2480057,51.4396043],[-0.2478411,51.4396561]],[[-0.2478411,51.4396561],[-0.2476338,51.4396904],[-0.2474829,51.4397056],[-0.2474195,51.4397101]],[[-0.2474195,51.4397101],[-0.2473178,51.4397174],[-0.2472019,51.4397405],[-0.2469024,51.439804],[-0.2465475,51.4398996]],[[-0.2465475,51.4398996],[-0.245913,51.4401708],[-0.2452615,51.440448],[-0.243916,51.4410161]],[[-0.243916,51.4410161],[-0.2435621,51.4411751],[-0.2431414,51.4413609]],[[-0.2431414,51.4413609],[-0.2426845,51.4415627],[-0.2417578,51.4419735],[-0.2390759,51.4431534]],[[-0.2390759,51.4431534],[-0.2386707,51.4433182]],[[-0.2386707,51.4433182],[-0.2386469,51.4434042]],[[-0.2386469,51.4434042],[-0.2386035,51.4435856],[-0.2385677,51.4436608],[-0.2385374,51.4436973],[-0.2385142,51.4437515],[-0.2385083,51.4437986],[-0.2385237,51.4438456],[-0.2385691,51.4438678],[-0.2386181,51.4438724],[-0.2387102,51.4438591],[-0.2388413,51.4438082],[-0.2400989,51.4432232],[-0.2401707,51.4432028],[-0.2402147,51.4432054],[-0.240262,51.4432244],[-0.2403109,51.4432708],[-0.2403319,51.4432908],[-0.2404042,51.443358]],[[-0.2404042,51.443358],[-0.240622,51.4435793],[-0.2408489,51.4438091]],[[-0.2408489,51.4438091],[-0.2409607,51.4439169],[-0.2410546,51.4440138],[-0.241487,51.4444604],[-0.2415713,51.4445474],[-0.2415992,51.4445768],[-0.2417951,51.4447829],[-0.2419079,51.4448991],[-0.2422992,51.4453023],[-0.2424171,51.4454239],[-0.2424944,51.4454961],[-0.2425737,51.4455975],[-0.2425777,51.4456583],[-0.2425432,51.4457128],[-0.2424436,51.4457951],[-0.2422714,51.4458892],[-0.2421468,51.4459573],[-0.2417503,51.4461793],[-0.2412666,51.4464501],[-0.2410979,51.4465477],[-0.2408824,51.4466617],[-0.2407802,51.4467182],[-0.2406249,51.446804],[-0.2405267,51.4468606],[-0.240485,51.4468857],[-0.240299,51.4469974],[-0.240063,51.4471303],[-0.2399271,51.447215],[-0.2397122,51.4473563],[-0.2396234,51.4474147],[-0.2395903,51.4474415],[-0.2393444,51.4476556],[-0.2392465,51.4477502],[-0.2391701,51.4478335],[-0.2390964,51.4478909]],[[-0.2390964,51.4478909],[-0.2390455,51.4479704],[-0.2387197,51.4483235],[-0.2384084,51.4486905],[-0.2382228,51.4489014],[-0.2381679,51.4489638]],[[-0.2381679,51.4489638],[-0.2382206,51.4489862],[-0.2385493,51.4491257],[-0.2388987,51.4492638],[-0.2389469,51.4492829],[-0.2391013,51.449343],[-0.2393104,51.4494141],[-0.239397,51.4494436],[-0.2394368,51.4494575],[-0.2396779,51.4495414]],[[-0.2396779,51.4495414],[-0.2401763,51.4496934]],[[-0.2401763,51.4496934],[-0.2399948,51.4497082],[-0.2396708,51.4497513],[-0.2395494,51.4497555],[-0.2393405,51.44975]],[[-0.2393405,51.44975],[-0.239114,51.4497663],[-0.2388747,51.4498],[-0.2383531,51.4499104],[-0.2381254,51.4499719],[-0.2378985,51.4500244],[-0.2378726,51.4500311]],[[-0.2378726,51.4500311],[-0.2375721,51.4501085],[-0.2371452,51.4502105],[-0.2366746,51.4503251],[-0.236489,51.4503696],[-0.2364072,51.4503937],[-0.2363625,51.4504203],[-0.2363249,51.4504541]],[[-0.2363249,51.4504541],[-0.2363711,51.4505398],[-0.2363937,51.450584],[-0.2364537,51.4506758],[-0.2365293,51.4508093],[-0.2367073,51.4511016],[-0.2367151,51.4511329],[-0.2367156,51.4511517],[-0.236695,51.4511834]],[[-0.236695,51.4511834],[-0.2366175,51.4512074],[-0.2364616,51.45125],[-0.2363218,51.4512766]],[[-0.2363218,51.4512766],[-0.236172,51.4513041],[-0.2358802,51.4513577]],[[-0.2358802,51.4513577],[-0.2354648,51.4514498],[-0.2351603,51.4515157],[-0.2348689,51.4515816],[-0.2345895,51.4516427],[-0.234281,51.4517018],[-0.2341109,51.4517376],[-0.2336713,51.4518277],[-0.233238,51.4518985],[-0.2330547,51.4519239],[-0.2329236,51.4519428],[-0.2328653,51.4519458],[-0.2327504,51.4519518]],[[-0.2327504,51.4519518],[-0.2326446,51.4519922],[-0.2326027,51.452],[-0.2321765,51.452072],[-0.2317832,51.4521336],[-0.2312067,51.4522226],[-0.2311997,51.4522237],[-0.231107,51.452238],[-0.2304863,51.4523338],[-0.2302624,51.4523695],[-0.2300294,51.4524093],[-0.230019,51.4524111],[-0.2298448,51.4524409],[-0.2291335,51.4525407],[-0.2284876,51.4526459],[-0.2283052,51.4526748],[-0.2279626,51.4527304],[-0.2279144,51.4527382],[-0.2278841,51.4527438],[-0.2277868,51.4527619]],[[-0.2277868,51.4527619],[-0.2275096,51.452807],[-0.227369,51.4528297],[-0.227362,51.4528308],[-0.2260508,51.453042],[-0.2256263,51.4531019],[-0.2252983,51.453148],[-0.2249507,51.453177],[-0.2243297,51.4532174],[-0.2242237,51.4532176],[-0.2240753,51.453222],[-0.2238034,51.4532312],[-0.2235592,51.4532271],[-0.2234257,51.4532188],[-0.223325,51.4532126],[-0.2231031,51.4531905],[-0.2228217,51.4531629],[-0.2224979,51.4531476],[-0.2222584,51.4531427],[-0.2221791,51.4531409],[-0.2220736,51.4531383]],[[-0.2220736,51.4531383],[-0.2219504,51.4531682],[-0.2219097,51.4531797],[-0.2218789,51.4531885],[-0.221773,51.4532261],[-0.2215854,51.4532907]],[[-0.2210977,51.4534576],[-0.2211971,51.4534244],[-0.22134,51.4533766],[-0.2215854,51.4532907]],[[-0.2210977,51.4534576],[-0.2210215,51.4534827]],[[-0.2210215,51.4534827],[-0.2209165,51.4535573],[-0.2207819,51.4536047],[-0.2207121,51.4536288],[-0.220617,51.4536676],[-0.2205238,51.4537097],[-0.2203504,51.4538135]],[[-0.2196998,51.4550631],[-0.2197299,51.4549959],[-0.2198238,51.4547887],[-0.2199743,51.4544668],[-0.2200412,51.4543289],[-0.2200698,51.454268],[-0.2201404,51.4541331],[-0.2202102,51.4540191],[-0.2202506,51.4539577],[-0.2203504,51.4538135]],[[-0.2194018,51.4556843],[-0.2194542,51.4555741],[-0.2195014,51.45547],[-0.2195259,51.4554192],[-0.2196516,51.4551603],[-0.2196938,51.4550744],[-0.2196998,51.4550631]],[[-0.2193663,51.455759],[-0.2194018,51.4556843]],[[-0.219328,51.4558416],[-0.2193663,51.455759]],[[-0.2192483,51.456015],[-0.2193064,51.4558881],[-0.219328,51.4558416]],[[-0.2191143,51.4563126],[-0.2191478,51.4562371],[-0.2191901,51.456142],[-0.2192483,51.456015]],[[-0.2190834,51.4563823],[-0.2191143,51.4563126]],[[-0.2190515,51.4564485],[-0.2190834,51.4563823]],[[-0.2190153,51.4565236],[-0.2190515,51.4564485]],[[-0.218977,51.4566167],[-0.2190153,51.4565236]],[[-0.2189334,51.4567085],[-0.218977,51.4566167]],[[-0.2188975,51.4567858],[-0.2189334,51.4567085]],[[-0.2187768,51.4570076],[-0.2188544,51.4568756],[-0.218877,51.4568301],[-0.2188975,51.4567858]],[[-0.2187014,51.4571216],[-0.2187096,51.4571097],[-0.2187768,51.4570076]],[[-0.2186031,51.4572852],[-0.2186831,51.457153],[-0.2187014,51.4571216]],[[-0.2179813,51.4584206],[-0.2181602,51.4580931],[-0.2182856,51.4578636],[-0.218299,51.457839],[-0.2184952,51.4574864],[-0.2186031,51.4572852]],[[-0.217587,51.4592508],[-0.2176051,51.4591825],[-0.2176494,51.4590553],[-0.2177582,51.4588487],[-0.2177672,51.4588315],[-0.2178964,51.4585847],[-0.2179813,51.4584206]],[[-0.217587,51.4592508],[-0.2176104,51.4592948],[-0.2175788,51.4594257],[-0.2175477,51.4595469],[-0.2175042,51.4597399],[-0.2174499,51.4597722]],[[-0.2174499,51.4597722],[-0.2174197,51.4598976],[-0.2173873,51.4600175]],[[-0.2173873,51.4600175],[-0.2173322,51.460221],[-0.2172149,51.460587]],[[-0.2172149,51.460587],[-0.2172074,51.4606173],[-0.2171934,51.4606567],[-0.2171793,51.4606961],[-0.217142,51.4608029]],[[-0.217142,51.4608029],[-0.2171177,51.4608592],[-0.2170817,51.4609423],[-0.2170659,51.4609779],[-0.217047,51.4610205],[-0.2170359,51.4610475]],[[-0.2170359,51.4610475],[-0.2169432,51.4612302],[-0.2169228,51.4612709]],[[-0.2169228,51.4612709],[-0.216773,51.4615798]],[[-0.216773,51.4615798],[-0.2167696,51.4616111],[-0.2167226,51.4616853]],[[-0.2167226,51.4616853],[-0.2166869,51.4617575],[-0.2166692,51.4617915],[-0.216473,51.4621798],[-0.2164578,51.4622101],[-0.216408,51.4623089],[-0.216377,51.4623653],[-0.2163594,51.4623968],[-0.2163416,51.4624286],[-0.2162516,51.4626077],[-0.2160903,51.4628784]],[[-0.2160903,51.4628784],[-0.215935,51.4631338],[-0.215873,51.4632373]],[[-0.215873,51.4632373],[-0.2158563,51.4632652],[-0.2158324,51.4633043],[-0.2158087,51.4633449],[-0.2156091,51.4636871],[-0.215572,51.4637494],[-0.2154887,51.4638892],[-0.2154738,51.4639147],[-0.2154476,51.4639597],[-0.2153916,51.4640471]],[[-0.2153916,51.4640471],[-0.2153647,51.46409],[-0.2152972,51.4641761],[-0.2152567,51.4642423],[-0.2151713,51.4643654],[-0.215122,51.4644352]],[[-0.215122,51.4644352],[-0.2150594,51.4645131]],[[-0.2150594,51.4645131],[-0.2149123,51.4646584],[-0.2148763,51.4647004],[-0.2148407,51.4647409],[-0.2148236,51.4647628]],[[-0.2148236,51.4647628],[-0.2148093,51.4647802]],[[-0.2148093,51.4647802],[-0.2147859,51.4648095]],[[-0.2147859,51.4648095],[-0.2146929,51.4649341],[-0.2146641,51.4649696]],[[-0.2146641,51.4649696],[-0.2146218,51.4650196]],[[-0.2142763,51.4656456],[-0.2142928,51.4656812],[-0.2142948,51.4657023]],[[-0.2142948,51.4657023],[-0.2142665,51.465808]],[[-0.2142665,51.465808],[-0.2142629,51.4658218],[-0.2142602,51.4658326]],[[-0.2142602,51.4658326],[-0.2142293,51.4658877],[-0.2141958,51.4659322]],[[-0.2141958,51.4659322],[-0.2141556,51.4659672],[-0.2140755,51.4660254]],[[-0.2140755,51.4660254],[-0.2140232,51.4660589],[-0.2140148,51.4660641]],[[-0.2140148,51.4660641],[-0.2139215,51.4661303],[-0.2138071,51.4661593]],[[-0.2137012,51.4662604],[-0.2136322,51.4663377],[-0.2135813,51.4663786],[-0.2135379,51.4664127],[-0.2134941,51.4664353]],[[-0.1733082648766823,51.423045858558176],[-0.1732628,51.4230784],[-0.1731795,51.4231371],[-0.1730061,51.4232623],[-0.1728353,51.423387]],[[-0.1728353,51.423387],[-0.1727981,51.4234137]],[[-0.1727981,51.4234137],[-0.1727719,51.4234338],[-0.1727565,51.4234452]],[[-0.1727565,51.4234452],[-0.1727338,51.423462],[-0.1727213,51.4234713]],[[-0.1727213,51.4234713],[-0.1726342,51.4235364]],[[-0.1726342,51.4235364],[-0.1725467,51.4236032]],[[-0.1725467,51.4236032],[-0.1725264,51.4236187],[-0.1725016,51.423636]],[[-0.1725016,51.423636],[-0.1724867,51.4236463],[-0.1724413,51.42368],[-0.1724192,51.4236982]],[[-0.1724192,51.4236982],[-0.1722716,51.4238123]],[[-0.1722716,51.4238123],[-0.1722108,51.4238597],[-0.1721478,51.4239097]],[[-0.1721478,51.4239097],[-0.1718527,51.4241439]],[[-0.1718527,51.4241439],[-0.1718283,51.4241633]],[[-0.1718283,51.4241633],[-0.1717227,51.4242452]],[[-0.1717227,51.4242452],[-0.171706,51.4242582],[-0.1716932,51.4242688]],[[-0.1716932,51.4242688],[-0.1715706,51.4243705]],[[-0.1715706,51.4243705],[-0.1715358,51.4244185],[-0.1713663,51.4245457],[-0.171274,51.4245937]],[[-0.171274,51.4245937],[-0.171229,51.4246268]],[[-0.171229,51.4246268],[-0.1711761,51.4246708]],[[-0.1711761,51.4246708],[-0.1711488,51.4246935],[-0.1709055,51.4248995],[-0.1706997,51.4250842]],[[-0.1706997,51.4250842],[-0.1706484,51.4251302]],[[-0.1706484,51.4251302],[-0.1706283,51.4251507]],[[-0.1706283,51.4251507],[-0.1705844,51.4251956],[-0.170519,51.4252698]],[[-0.170519,51.4252698],[-0.1704001,51.4254048]],[[-0.1704001,51.4254048],[-0.1703783,51.4254303],[-0.1703579,51.4254541]],[[-0.1703579,51.4254541],[-0.1702757,51.4255531],[-0.1702494,51.4255817]],[[-0.1702494,51.4255817],[-0.1702275,51.4256055],[-0.1701983,51.4256403]],[[-0.1701983,51.4256403],[-0.1700687,51.4257999]],[[-0.1700687,51.4257999],[-0.1699836,51.4259048],[-0.1698784,51.4260381]],[[-0.1698784,51.4260381],[-0.1698399,51.4260868]],[[-0.1698399,51.4260868],[-0.1697516,51.4262154]],[[-0.1697516,51.4262154],[-0.1697208,51.4262603]],[[-0.1697208,51.4262603],[-0.1696745,51.4263269]],[[-0.1696745,51.4263269],[-0.1696592,51.4263489]],[[-0.1696592,51.4263489],[-0.169595,51.4264434]],[[-0.169595,51.4264434],[-0.1695653,51.4264887]],[[-0.1695653,51.4264887],[-0.1695439,51.4265173],[-0.1695239,51.4265439]],[[-0.1695239,51.4265439],[-0.169415,51.4266714]],[[-0.169415,51.4266714],[-0.1693566,51.4267398],[-0.1690989,51.4270049]],[[-0.1690989,51.4270049],[-0.1690503,51.4270548],[-0.1689083,51.4271828]],[[-0.1689083,51.4271828],[-0.1688419,51.4272411],[-0.1687109,51.4273498]],[[-0.217142,51.4608029],[-0.2169674,51.4607445],[-0.2169202,51.4607381],[-0.2168488,51.4607196],[-0.2166389,51.4606826]],[[-0.2166389,51.4606826],[-0.2160723,51.4605926]],[[-0.2160723,51.4605926],[-0.2160086,51.4605794],[-0.2157423,51.460524],[-0.2153296,51.4604314],[-0.2152798,51.4604206],[-0.2146732,51.4602894],[-0.2143992,51.4602286],[-0.2139033,51.4601262],[-0.2137121,51.460083]],[[-0.2137121,51.460083],[-0.213568,51.4600505],[-0.2131938,51.4599801],[-0.2130829,51.4599588],[-0.2128996,51.4599235]],[[-0.2128996,51.4599235],[-0.2119919,51.459756],[-0.2118339,51.4597176]],[[-0.2118339,51.4597176],[-0.211823,51.4597147],[-0.2116135,51.4596534],[-0.2115501,51.4596326]],[[-0.2115501,51.4596326],[-0.2114908,51.4596127],[-0.211399,51.4595804],[-0.2110945,51.4594733],[-0.2110195,51.4594498]],[[-0.2110195,51.4594498],[-0.2108232,51.4593883]],[[-0.2108232,51.4593883],[-0.2107585,51.4593662],[-0.2106706,51.4593365]],[[-0.2106706,51.4593365],[-0.2105245,51.4592917]],[[-0.2105245,51.4592917],[-0.2103313,51.4592299]],[[-0.2103313,51.4592299],[-0.210209,51.459191],[-0.2101869,51.459184]],[[-0.2101869,51.459184],[-0.2100489,51.4591402],[-0.2098676,51.4590845],[-0.2097433,51.4590458]],[[-0.2097433,51.4590458],[-0.209679,51.4590258]],[[-0.209679,51.4590258],[-0.2096163,51.4590054]],[[-0.2096163,51.4590054],[-0.2094082,51.4589377]],[[-0.2094082,51.4589377],[-0.2092742,51.4588856],[-0.2090261,51.4587842]],[[-0.2090261,51.4587842],[-0.2089733,51.4587615]],[[-0.2089733,51.4587615],[-0.2087856,51.4586809],[-0.2087069,51.4586463]],[[-0.2087069,51.4586463],[-0.2085963,51.4585976],[-0.208289,51.4584589],[-0.2081378,51.4583907],[-0.2080097,51.458333],[-0.2079312,51.4582977],[-0.2076975,51.458192],[-0.2076095,51.4581523],[-0.2074661,51.4580873],[-0.2072165,51.457974],[-0.2066863,51.4577297]],[[-0.2066863,51.4577297],[-0.2065182,51.457641],[-0.206372,51.4575482],[-0.2061186,51.457363],[-0.2060333,51.4572922],[-0.2059606,51.4572384],[-0.2058059,51.4571138],[-0.2057054,51.4570374],[-0.2056698,51.4570103],[-0.2055632,51.4569509],[-0.2052865,51.4568522],[-0.2052145,51.4568339],[-0.2051702,51.4568247],[-0.2050804,51.4568122],[-0.2049117,51.4567966],[-0.2046926,51.4567829],[-0.2046693,51.4567816],[-0.2042931,51.4567587],[-0.2039417,51.4567445]],[[-0.2039417,51.4567445],[-0.203713,51.4567341]],[[-0.203713,51.4567341],[-0.2036351,51.4567309],[-0.2035575,51.4567231],[-0.2034088,51.4567026],[-0.2032669,51.4566923],[-0.2031875,51.4566835]],[[-0.2031875,51.4566835],[-0.2031203,51.4566785],[-0.2030696,51.4566748],[-0.2029736,51.4566689],[-0.2028402,51.4566558]],[[-0.2028402,51.4566558],[-0.2027324,51.4566496]],[[-0.2027324,51.4566496],[-0.2026177,51.4566498],[-0.2024307,51.4566613]],[[-0.2024307,51.4566613],[-0.2023028,51.4566681],[-0.2017571,51.4567129]],[[-0.2017571,51.4567129],[-0.201509,51.4567339]],[[-0.201509,51.4567339],[-0.201138,51.4567669],[-0.2007898,51.4568004],[-0.2004847,51.4568321],[-0.2004232,51.4568374],[-0.2003829,51.4568408],[-0.2003154,51.4568459],[-0.2002428,51.4568525],[-0.2000151,51.4568694],[-0.1997711,51.4568836],[-0.1996833,51.4568895],[-0.19872,51.4569618]],[[-0.19872,51.4569618],[-0.1985677,51.4569731],[-0.1983689,51.4569878]],[[-0.1983689,51.4569878],[-0.1982949,51.4570271],[-0.1981893,51.4570464],[-0.1979264,51.4570944],[-0.1978339,51.4571186],[-0.1978038,51.4571343],[-0.197768,51.4571776],[-0.1977405,51.4572394]],[[-0.1977405,51.4572394],[-0.1978187,51.4574424],[-0.197888,51.4575997]],[[-0.197888,51.4575997],[-0.1979117,51.4577477],[-0.1979028,51.4577949],[-0.1978854,51.4578208],[-0.1978545,51.4578467],[-0.1978257,51.4578739]],[[-0.1920858,51.4588609],[-0.1919471,51.4588553],[-0.191879,51.4588542],[-0.1918125,51.4588632],[-0.1916433,51.4588916]],[[-0.1916433,51.4588916],[-0.1915432,51.4589273],[-0.1912515,51.4590386],[-0.1910417,51.4591187]],[[-0.1910417,51.4591187],[-0.1908999,51.4591616]],[[-0.1908999,51.4591616],[-0.1907465,51.4591712],[-0.1906788,51.4591676],[-0.1906249,51.4591575],[-0.190543,51.4591265]],[[-0.190543,51.4591265],[-0.1905239,51.4590416],[-0.1905,51.4589548],[-0.1904462,51.4587661],[-0.1903953,51.458585]],[[-0.1903953,51.458585],[-0.1903897,51.4585697],[-0.1903839,51.4585547]],[[-0.1903839,51.4585547],[-0.1903293,51.4583984],[-0.190278,51.4582675],[-0.1902303,51.4581624],[-0.1901904,51.4580653],[-0.1901415,51.4579562],[-0.1901187,51.4579125],[-0.1901082,51.4578884]],[[-0.1901082,51.4578884],[-0.1900201,51.4576917],[-0.1900091,51.45766],[-0.1899857,51.4576073],[-0.1898785,51.4573575],[-0.1898596,51.4573161]],[[-0.1898596,51.4573161],[-0.1898381,51.4572689],[-0.1897993,51.4571799],[-0.1897696,51.4571026],[-0.1897602,51.4570755]],[[-0.1897602,51.4570755],[-0.1896975,51.4570201],[-0.1896795,51.4569812],[-0.1896769,51.4569755]],[[-0.1896769,51.4569755],[-0.1896322,51.4569387],[-0.1895985,51.4569223],[-0.1895207,51.4569056],[-0.1892882,51.4569152]],[[-0.1892882,51.4569152],[-0.1888376,51.4570104],[-0.188455,51.4570876],[-0.1883222,51.4571152],[-0.188233,51.4571337],[-0.1878294,51.4572092],[-0.1872976,51.4572955]],[[-0.1872976,51.4572955],[-0.1872293,51.4573061],[-0.1870478,51.4573424],[-0.1869896,51.4573541],[-0.1869604,51.4573599]],[[-0.1869604,51.4573599],[-0.1867561,51.4574008],[-0.1863298,51.4574872],[-0.1862315,51.4575067],[-0.1859567,51.4575602],[-0.1858769,51.4575709],[-0.1856481,51.4576034]],[[-0.1856481,51.4576034],[-0.1855818,51.4576133],[-0.1853525,51.4576455],[-0.185269,51.4576555]],[[-0.185269,51.4576555],[-0.1849915,51.4577414],[-0.1849229,51.4577697],[-0.184863,51.4577957],[-0.1847066,51.4578636],[-0.1844555,51.4579741]],[[-0.1844555,51.4579741],[-0.1839241,51.4582208],[-0.1838308,51.4582749],[-0.1834003,51.4584599]],[[-0.1834003,51.4584599],[-0.1833658,51.4584758],[-0.1833143,51.4584997]],[[-0.1833143,51.4584997],[-0.1830474,51.4586158],[-0.1828417,51.4586973],[-0.1827447,51.4587331],[-0.182642,51.4587727]],[[-0.182642,51.4587727],[-0.1825443,51.458815]],[[-0.1825443,51.458815],[-0.1824969,51.4588319]],[[-0.1824969,51.4588319],[-0.1822336,51.4589466]],[[-0.1822336,51.4589466],[-0.1822078,51.4589568],[-0.1818925,51.4590738],[-0.1814597,51.4592169]],[[-0.1814597,51.4592169],[-0.1811917,51.4592921],[-0.1810454,51.4593297],[-0.1809452,51.4593554]],[[-0.1809452,51.4593554],[-0.1806232,51.4594399],[-0.1803737,51.4594965]],[[-0.1803737,51.4594965],[-0.1803341,51.4595155],[-0.1803004,51.4595316],[-0.1802005,51.459563],[-0.180117,51.4595801],[-0.179923,51.4596235],[-0.1797529,51.4596616],[-0.179634,51.4596742]],[[-0.179634,51.4596742],[-0.1791605,51.4597928],[-0.1789665,51.4598395],[-0.1787906,51.4598812],[-0.1786583,51.4599133],[-0.1783395,51.4599906],[-0.1778391,51.4601106],[-0.1774278,51.4602094],[-0.1771954,51.4602628],[-0.1770202,51.4603031],[-0.1768175,51.4603481],[-0.1762881,51.4604813],[-0.1761263,51.4605173],[-0.1754914,51.4606649],[-0.1753577,51.4607054],[-0.1752325,51.4607467],[-0.1750964,51.4608028],[-0.1750057,51.4608417],[-0.1749573,51.4608664]],[[-0.1749573,51.4608664],[-0.1747841,51.4609627],[-0.1746419,51.4610446]],[[-0.1746419,51.4610446],[-0.174427,51.4611673],[-0.1739875,51.4614077],[-0.1738759,51.461469],[-0.1737647,51.4615347]],[[-0.1737647,51.4615347],[-0.1736375,51.4615897],[-0.1735465,51.4616488],[-0.1734991,51.4616754],[-0.1734456,51.4617038],[-0.1733479,51.4617606]],[[-0.1733479,51.4617606],[-0.1731864,51.4618552],[-0.1731427,51.4618815],[-0.1730915,51.4619096]],[[-0.1730915,51.4619096],[-0.1726165,51.4621511],[-0.1723307,51.462292],[-0.1723246,51.462295],[-0.1722523,51.4623307]],[[-0.1722523,51.4623307],[-0.1719536,51.4624654],[-0.1716339,51.4626015],[-0.1713927,51.462688],[-0.1712008,51.4627422]],[[-0.1712008,51.4627422],[-0.1710512,51.4627841]],[[-0.1710512,51.4627841],[-0.1709187,51.4628191],[-0.1707829,51.4628536],[-0.170714,51.4628714],[-0.1706372,51.4628915],[-0.1706067,51.4629005]],[[-0.1706067,51.4629005],[-0.1702882,51.4629931],[-0.1699187,51.4631015],[-0.1696948,51.4631653]],[[-0.1696948,51.4631653],[-0.1695564,51.4632092]],[[-0.1695564,51.4632092],[-0.1691959,51.4633094]],[[-0.1691959,51.4633094],[-0.1690753,51.4633438],[-0.1690119,51.4633606],[-0.1689521,51.4633769]],[[-0.1689521,51.4633769],[-0.1688208,51.4634138],[-0.1684733,51.4635126],[-0.168369,51.4635436]],[[-0.168369,51.4635436],[-0.1683164,51.4635578]],[[-0.1683164,51.4635578],[-0.1682479,51.4635762]],[[-0.1682479,51.4635762],[-0.1682083,51.4636276],[-0.1681471,51.4636453],[-0.168095,51.4636615]],[[-0.168095,51.4636615],[-0.168018,51.4636843],[-0.1678271,51.4637406]],[[-0.1678097,51.4636615],[-0.1678271,51.4637406]],[[-0.1678097,51.4636615],[-0.1677884,51.4635505],[-0.1677747,51.4634884],[-0.1677643,51.4634513],[-0.1676573,51.4628842],[-0.1676209,51.4626641],[-0.16762,51.4625462]],[[-0.16762,51.4625462],[-0.1676196,51.4625016],[-0.1676172,51.4624279],[-0.1676162,51.4623628],[-0.1676201,51.4622266],[-0.1676202,51.4622213],[-0.1676127,51.4620238],[-0.1675802,51.4618917]],[[-0.1675802,51.4618917],[-0.1675219,51.4617409]],[[-0.1675219,51.4617409],[-0.1674478,51.46156]],[[-0.1674478,51.46156],[-0.1673988,51.4614641],[-0.1673557,51.4613865]],[[-0.1673557,51.4613865],[-0.1671941,51.4610951],[-0.1671731,51.4610568],[-0.1671032,51.4609238],[-0.167076,51.4608775],[-0.167046,51.4608263]],[[-0.167046,51.4608263],[-0.1668467,51.4608212],[-0.166772,51.4608189]],[[-0.166772,51.4608189],[-0.1666956,51.4608172],[-0.1664982,51.460815],[-0.166395,51.460816],[-0.1663025,51.4608197],[-0.1662178,51.460824],[-0.1660324,51.4608346]],[[-0.1660324,51.4608346],[-0.1658315,51.460845]],[[-0.1658315,51.460845],[-0.1653199,51.4608786],[-0.1648262,51.4609094],[-0.1642779,51.4609336],[-0.1641391,51.4609419],[-0.163432,51.4609842],[-0.163203,51.4609978],[-0.1629595,51.4610143],[-0.1626499,51.4610349],[-0.1624752,51.4610452],[-0.1622554,51.4610583]],[[-0.1622554,51.4610583],[-0.1621834,51.461091],[-0.1620782,51.4610979],[-0.1619588,51.4611056],[-0.1619072,51.461109],[-0.1618834,51.4611105]],[[-0.1618834,51.4611105],[-0.1618613,51.4611118]],[[-0.1618613,51.4611118],[-0.1616895,51.4611231]],[[-0.1616895,51.4611231],[-0.1616591,51.461125],[-0.1615865,51.4611014]],[[-0.1615865,51.4611014],[-0.1614157,51.461114],[-0.1612765,51.4611252]],[[-0.1612765,51.4611252],[-0.1610988,51.4611364],[-0.1606031,51.4611655],[-0.1603949,51.461179]],[[-0.1603949,51.461179],[-0.1602504,51.4611801],[-0.1601714,51.4611879],[-0.1601101,51.4611939],[-0.1600444,51.4612004],[-0.159947,51.4612207]],[[-0.159947,51.4612207],[-0.159707,51.4612456],[-0.1594839,51.4612669],[-0.1594044,51.4612734],[-0.1590017,51.4613046],[-0.1586709,51.4613154],[-0.1585796,51.4613167],[-0.158191,51.4613137],[-0.1579531,51.4613123]],[[-0.1579531,51.4613123],[-0.1574676,51.4613094],[-0.1571354,51.4613015],[-0.1568806,51.461298]],[[-0.1568806,51.461298],[-0.1567761,51.4613281],[-0.1566457,51.4613273]],[[-0.1566457,51.4613273],[-0.1565681,51.461338],[-0.1564461,51.4613378]],[[-0.1564461,51.4613378],[-0.1564232,51.461337],[-0.156364,51.4613356],[-0.1562293,51.4613341],[-0.15613,51.4613011]],[[-0.15613,51.4613011],[-0.1560635,51.4613015],[-0.1557428,51.4612985],[-0.1554643,51.4612937]],[[-0.1554643,51.4612937],[-0.1545779,51.4612777],[-0.1542476,51.4612768],[-0.1540144,51.4612695],[-0.1538789,51.4612621],[-0.1537578,51.4612564],[-0.1533374,51.4612473],[-0.1525515,51.4612313],[-0.1522504,51.4612247],[-0.1521672,51.4612232],[-0.1521026,51.4612229],[-0.1519365,51.4612233],[-0.1517727,51.4612256],[-0.1514802,51.4612406],[-0.1513095,51.4612389],[-0.1510485,51.4612443],[-0.1509203,51.4612532],[-0.1507462,51.4612647],[-0.1504861,51.4612603],[-0.1498462,51.461277]],[[-0.1498462,51.461277],[-0.149757,51.4612793],[-0.1496864,51.4612836]],[[-0.15613,51.4613011],[-0.1562988,51.4612932],[-0.1563614,51.461289],[-0.1565284,51.4612758]],[[-0.1565284,51.4612758],[-0.1565971,51.4612725],[-0.1567887,51.461272],[-0.1568806,51.461298]],[[-0.1615865,51.4611014],[-0.1617019,51.461063],[-0.1617658,51.4610591]],[[-0.1617658,51.4610591],[-0.1618487,51.461054],[-0.1620172,51.4610441]],[[-0.1620172,51.4610441],[-0.1621671,51.4610344],[-0.1622554,51.4610583]],[[-0.1678271,51.4637406],[-0.1678344,51.4638173],[-0.1678313,51.4638742],[-0.1678786,51.4639819],[-0.1678675,51.464029]],[[-0.1678675,51.464029],[-0.167919,51.464142],[-0.1679658,51.464259]],[[-0.2244294,51.4388712],[-0.2244635,51.4387457],[-0.2244963,51.4386353],[-0.2245048,51.4386017],[-0.22450906023323605,51.4385822299867]],[[-0.224057,51.4401933],[-0.2240707,51.4401447],[-0.2244294,51.4388712]],[[-0.2240072,51.4403332],[-0.2240401,51.4402408],[-0.224057,51.4401933]],[[-0.2225913,51.4452073],[-0.2226536,51.445012],[-0.2228513,51.4443345],[-0.2229464,51.4440345],[-0.2230899,51.4435346],[-0.2232663,51.4429205],[-0.2234552,51.4422794],[-0.2235621,51.4419165],[-0.2236592,51.4415868],[-0.2240072,51.4403332]],[[-0.2221056,51.4470012],[-0.2221199,51.4468791],[-0.222147,51.4467432],[-0.2222329,51.446434],[-0.2222824,51.4462559],[-0.2223408,51.4460575],[-0.2223603,51.445994],[-0.2225226,51.4454404],[-0.2225913,51.4452073]],[[-0.2221056,51.4470012],[-0.2221726,51.4470614],[-0.2221851,51.4471065],[-0.2221993,51.4471594],[-0.2222101,51.4471873],[-0.2222343,51.4472404],[-0.222257,51.4472811]],[[-0.222257,51.4472811],[-0.2222959,51.4473508],[-0.2223408,51.4474228],[-0.2223642,51.4474541],[-0.2224394,51.4475787],[-0.22254,51.4476666],[-0.2225935,51.447698],[-0.2226458,51.4477217],[-0.2227174,51.4477489],[-0.2228318,51.4478091]],[[-0.2228318,51.4478091],[-0.2229286,51.4478234],[-0.222981,51.4478363],[-0.2230489,51.4478531],[-0.2231675,51.4478829],[-0.2233049,51.4479236]],[[-0.2233049,51.4479236],[-0.2233403,51.4479401],[-0.22345,51.4480107],[-0.2235013,51.4481121],[-0.223496,51.4482037]],[[-0.223496,51.4482037],[-0.2234583,51.4482891],[-0.2234411,51.4483184],[-0.2233403,51.4484827],[-0.2232465,51.4486603]],[[-0.2232465,51.4486603],[-0.2232394,51.4487419],[-0.2232146,51.4488136],[-0.2231537,51.4489997]],[[-0.2231537,51.4489997],[-0.2230846,51.4491307],[-0.2230391,51.449216]],[[-0.2230391,51.449216],[-0.2229876,51.4493069],[-0.2225444,51.4501415],[-0.2221261,51.4510448],[-0.2219683,51.4513536],[-0.2219455,51.4513981],[-0.221672,51.4519206],[-0.2215239,51.4522074],[-0.2214183,51.4524114],[-0.2214003,51.4524498],[-0.2213797,51.452491],[-0.2213248,51.4525925],[-0.2212982,51.4526418],[-0.2212539,51.4527148],[-0.221137,51.4527829]],[[-0.2208847,51.4531122],[-0.221044,51.4529075],[-0.2211189,51.4528116],[-0.221137,51.4527829]],[[-0.2206773,51.4533852],[-0.2206972,51.4533597],[-0.220717,51.4533343],[-0.2208847,51.4531122]],[[-0.2205997,51.4534725],[-0.2206773,51.4533852]],[[-0.2205997,51.4534725],[-0.2205654,51.4535155]],[[-0.2205654,51.4535155],[-0.220527,51.4535656],[-0.2205099,51.4535899],[-0.2204808,51.4536311]],[[-0.2204808,51.4536311],[-0.2204612,51.453663]],[[-0.2204612,51.453663],[-0.2204208,51.4537182]],[[-0.2203504,51.4538135],[-0.2204208,51.4537182]],[[-0.2442732,51.4652526],[-0.2441979,51.4652517],[-0.2441493,51.4652509],[-0.2441342,51.465251],[-0.2440789,51.4652501],[-0.2440134,51.4652506],[-0.24398689062652745,51.46525140977186]],[[-0.2450483,51.4652383],[-0.2449968,51.4652397],[-0.2446373,51.4652498],[-0.2442732,51.4652526]],[[-0.2471845,51.4651142],[-0.2467144,51.4651506],[-0.2460744,51.4651919],[-0.2450483,51.4652383]],[[-0.2485205,51.4650499],[-0.2482819,51.46506],[-0.2482199,51.4650626],[-0.2482086,51.4650631],[-0.2481501,51.4650658],[-0.2471845,51.4651142]],[[-0.2491963149406437,51.46506208531359],[-0.2490559,51.4650537],[-0.2488289,51.4650491],[-0.2487602,51.4650483],[-0.2486922,51.4650474],[-0.2485205,51.4650499]],[[-0.2513795,51.4652225],[-0.2510849992545401,51.46521619792643]],[[-0.2513795,51.4652225],[-0.2516444190080473,51.4652258070585]],[[-0.2528474840693474,51.46521818717427],[-0.252949,51.4652172],[-0.25298242357979983,51.46521774712432]],[[-0.1468966,51.476949],[-0.1466547,51.4770596]],[[-0.1466547,51.4770596],[-0.1466188,51.477076],[-0.1464726,51.4771435],[-0.146324,51.4772255],[-0.1460602,51.4773921],[-0.1460316,51.4774101],[-0.1458452,51.477542],[-0.1457922,51.4775805]],[[-0.1457922,51.4775805],[-0.1456632,51.4776639]],[[-0.1456632,51.4776639],[-0.1455915,51.4777164],[-0.1455449,51.4777517],[-0.1455355,51.4777581],[-0.1454958,51.4777883],[-0.1453921,51.4778692]],[[-0.1453921,51.4778692],[-0.145275,51.4779817]],[[-0.145275,51.4779817],[-0.1452524,51.4779988],[-0.1452441,51.4780041],[-0.1451427,51.478069]],[[-0.1451427,51.478069],[-0.14503,51.478141]],[[-0.14503,51.478141],[-0.1449557,51.4781911],[-0.1448597,51.4782557],[-0.1448099,51.4782868]],[[-0.1448099,51.4782868],[-0.1446489,51.4783873],[-0.1445277,51.4784634]],[[-0.1445277,51.4784634],[-0.1443894,51.4785453]],[[-0.1443894,51.4785453],[-0.1443614,51.4785602],[-0.1439107,51.478802]],[[-0.1439107,51.478802],[-0.1438905,51.4788132],[-0.1438444,51.4788376],[-0.1437374,51.4788929]],[[-0.1437374,51.4788929],[-0.143314,51.4790924],[-0.1432662,51.4791132],[-0.1432184,51.479134]],[[-0.1432184,51.479134],[-0.1429392,51.4792596],[-0.1428177,51.4793007]],[[-0.1428177,51.4793007],[-0.1427792,51.4793595],[-0.1427053,51.479393],[-0.1426534,51.4794206],[-0.1426056,51.4794386]],[[-0.1426056,51.4794386],[-0.1425674,51.4794524],[-0.1424609,51.4794827]],[[-0.1424609,51.4794827],[-0.1422764,51.4795271],[-0.1419945,51.4795945],[-0.1419052,51.4796175],[-0.1418205,51.4796392],[-0.1417649,51.4796553],[-0.1416152,51.479685],[-0.1415323,51.4796831]],[[-0.1413087,51.4797502],[-0.1415323,51.4796831]],[[-0.1410904,51.4798158],[-0.1413087,51.4797502]],[[-0.1409054,51.4798655],[-0.141076,51.4798201],[-0.1410904,51.4798158]],[[-0.1406205,51.4799143],[-0.1409054,51.4798655]],[[-0.140498,51.4799391],[-0.1405242,51.4799317],[-0.1406205,51.4799143]],[[-0.140498,51.4799391],[-0.1404496,51.4799757],[-0.1401922,51.4800454]],[[-0.1401922,51.4800454],[-0.1401013,51.4800717],[-0.1400104,51.4800993],[-0.1399395,51.4801224]],[[-0.1399395,51.4801224],[-0.1398557,51.4801496],[-0.1397991,51.4801771]],[[-0.1397991,51.4801771],[-0.1397131,51.4802347]],[[-0.1397131,51.4802347],[-0.1396144,51.4802938],[-0.1395285,51.4803449]],[[-0.1395285,51.4803449],[-0.1392928,51.4804923]],[[-0.1392928,51.4804923],[-0.1391228,51.4805986]],[[-0.1391228,51.4805986],[-0.1390806,51.480625],[-0.1389773,51.4806437]],[[-0.1386715,51.4808546],[-0.1388951,51.4806912],[-0.1389773,51.4806437]],[[-0.1386715,51.4808546],[-0.1386752,51.4809009]],[[-0.1386752,51.4809009],[-0.1386031,51.4809562],[-0.1385378,51.4810019]],[[-0.1385378,51.4810019],[-0.1385184,51.4810156],[-0.1384709,51.4810462]],[[-0.1384709,51.4810462],[-0.1383082,51.4811539]],[[-0.1383082,51.4811539],[-0.1382601,51.4811852]],[[-0.1382601,51.4811852],[-0.1381256,51.4812797]],[[-0.1381256,51.4812797],[-0.1380009,51.4813577]],[[-0.1380009,51.4813577],[-0.1379536,51.4813847],[-0.137891,51.4814088],[-0.137797,51.4814233]],[[-0.137797,51.4814233],[-0.1376101,51.481532],[-0.1370246,51.4818316]],[[-0.1370246,51.4818316],[-0.13686,51.4819102]],[[-0.13686,51.4819102],[-0.136696,51.4819887],[-0.1365876,51.4820376]],[[-0.1365876,51.4820376],[-0.1365629,51.4820911],[-0.1365106,51.4821127],[-0.1364211,51.4821492]],[[-0.1364211,51.4821492],[-0.1363516,51.4821798],[-0.1363007,51.4821999]],[[-0.1363007,51.4821999],[-0.1362574,51.4822174],[-0.1362109,51.4822361]],[[-0.1362109,51.4822361],[-0.1361519,51.4822569],[-0.1360696,51.4822643]],[[-0.1360108,51.4822861],[-0.1360696,51.4822643]],[[-0.1346734,51.4827399],[-0.1349255,51.482673],[-0.1349961,51.482653],[-0.1351333,51.4826143],[-0.1352123,51.4825902],[-0.135281,51.4825683],[-0.1353434,51.4825459],[-0.1354081,51.4825227],[-0.1354316,51.4825143],[-0.1360108,51.4822861]],[[-0.1346318,51.4827515],[-0.1346734,51.4827399]],[[-0.1346318,51.4827515],[-0.1345733,51.4828059],[-0.1344098,51.4828591]],[[-0.1344098,51.4828591],[-0.1343412,51.4828774]],[[-0.1343412,51.4828774],[-0.1341483,51.4829298]],[[-0.1341483,51.4829298],[-0.1340987,51.4829427]],[[-0.1340987,51.4829427],[-0.1326548,51.4832973]],[[-0.1326548,51.4832973],[-0.1325538,51.4833238],[-0.1324832,51.483341]],[[-0.1324832,51.483341],[-0.1324045,51.4833614],[-0.1321286,51.4834321]],[[-0.1321286,51.4834321],[-0.1320024,51.483466],[-0.1318268,51.4835363],[-0.1315672,51.4836515],[-0.1314629,51.4836978]],[[-0.1314629,51.4836978],[-0.1310258,51.4838917],[-0.1302925,51.4841526],[-0.1296701,51.4843608],[-0.1295274,51.484408]],[[-0.1295274,51.484408],[-0.1292631,51.4844983],[-0.1291243,51.4845464],[-0.1289603,51.4845973],[-0.1287941,51.4846416]],[[-0.1287941,51.4846416],[-0.128747,51.4846715],[-0.1286652,51.4846974],[-0.1285667,51.4847237],[-0.1285062,51.4847359],[-0.1284453,51.4847481],[-0.12820172819524517,51.484770746343195]],[[-0.1689193,51.4657574],[-0.1690258,51.4658774]],[[-0.1683725,51.465041],[-0.1685976,51.4653361],[-0.1687659,51.4655429],[-0.1689193,51.4657574]],[[-0.1683488,51.4650075],[-0.1683725,51.465041]],[[-0.1682808,51.4649165],[-0.1683488,51.4650075]],[[-0.1680094,51.4645194],[-0.1680643,51.4645858],[-0.1680704,51.4646243],[-0.1681551,51.4647321],[-0.1682165,51.4648247],[-0.1682808,51.4649165]],[[-0.1679658,51.464259],[-0.1679787,51.4642988],[-0.1680004,51.464369],[-0.1680228,51.464446],[-0.1680267,51.4644712],[-0.1680094,51.4645194]],[[-0.1678675,51.464029],[-0.1677937,51.4639936],[-0.1677737,51.4639643],[-0.1677563,51.4639276],[-0.1677378,51.4638889],[-0.1676678,51.4637855]],[[-0.1676678,51.4637855],[-0.1676394,51.4637118]],[[-0.1676394,51.4637118],[-0.1677419,51.4636815],[-0.1678097,51.4636615]],[[-0.1678097,51.4636615],[-0.1679691,51.4636168],[-0.1680451,51.4635955]],[[-0.1680451,51.4635955],[-0.1681533,51.4635676],[-0.1682479,51.4635762]],[[-0.1733479,51.4617606],[-0.1734682,51.4618092],[-0.1735034,51.4618221],[-0.1735489,51.4618374],[-0.1736414,51.4618695]],[[-0.1736414,51.4618695],[-0.1737177,51.4618953],[-0.1739841,51.4619845],[-0.174169,51.4620398],[-0.1744203,51.4621159],[-0.1744224,51.4621165],[-0.1747197,51.462195],[-0.1749991,51.4622873],[-0.1750349,51.4623048],[-0.1751506,51.4623614],[-0.1752666,51.4624268],[-0.1753559,51.4624806],[-0.1754359,51.4625349]],[[-0.1754359,51.4625349],[-0.1754824,51.4625711],[-0.1758432,51.4628847],[-0.1759925,51.4630187],[-0.1761327,51.4631512],[-0.1761737,51.4631967],[-0.1762214,51.4632503],[-0.176253,51.4632869],[-0.1764115,51.4634718],[-0.1765294,51.4636459],[-0.1766508,51.4638676]],[[-0.1766508,51.4638676],[-0.1768509,51.4642227],[-0.1768694,51.4642567]],[[-0.1768694,51.4642567],[-0.1768872,51.4642917],[-0.177057,51.4646275],[-0.1771947,51.464885],[-0.177289,51.4650606],[-0.1773447,51.4651528]],[[-0.1773447,51.4651528],[-0.1776287,51.4656615],[-0.177783,51.4659251]],[[-0.177783,51.4659251],[-0.1779086,51.466153],[-0.1779935,51.4663042],[-0.1780302,51.4663734],[-0.1780499,51.4664168],[-0.178074,51.4664865]],[[-0.178074,51.4664865],[-0.1782303,51.466595],[-0.1782812,51.4666221],[-0.1783352,51.4666425],[-0.1783989,51.4666565],[-0.1784923,51.466662],[-0.1785045,51.46666],[-0.1785831,51.4666474],[-0.1786992,51.4665952]],[[-0.1791996,51.4661418],[-0.1788293,51.4664792],[-0.1786992,51.4665952]],[[-0.1824823,51.4640075],[-0.1821259,51.4641721],[-0.1819596,51.4642601],[-0.1816834,51.4644024],[-0.1814454,51.4645372],[-0.1812469,51.4646662],[-0.1809524,51.4648585],[-0.1809084,51.4648877],[-0.1808671,51.4649151],[-0.1806633,51.4650387],[-0.1806399,51.4650547],[-0.1805568,51.4651121],[-0.1801297,51.4653972],[-0.1799595,51.4655294],[-0.1795558,51.4658172],[-0.1793043,51.4660464],[-0.1791996,51.4661418]],[[-0.1828665,51.4638451],[-0.1827844,51.4638776],[-0.1826056,51.4639517],[-0.1825718,51.4639662],[-0.1824823,51.4640075]],[[-0.1830198,51.4637812],[-0.1828665,51.4638451]],[[-0.1830198,51.4637812],[-0.1830989,51.4637429]],[[-0.1830989,51.4637429],[-0.183153,51.4637143],[-0.1832089,51.4636831]],[[-0.1832089,51.4636831],[-0.1832599,51.4636499],[-0.1833216,51.4636033]],[[-0.1833216,51.4636033],[-0.1833993,51.463536]],[[-0.1833993,51.463536],[-0.1835062,51.4634464]],[[-0.1835062,51.4634464],[-0.1835477,51.4634156]],[[-0.1835477,51.4634156],[-0.1835992,51.463383],[-0.1836639,51.4633458],[-0.1838843,51.4632282],[-0.1840136,51.4631554],[-0.1841072,51.4630956]],[[-0.1841072,51.4630956],[-0.1841891,51.4630396],[-0.1844226,51.4628722],[-0.1844826,51.462826]],[[-0.1844826,51.462826],[-0.184523,51.4627896]],[[-0.184523,51.4627896],[-0.1845538,51.4627464],[-0.1845887,51.4626936],[-0.1846612,51.4625847]],[[-0.1846612,51.4625847],[-0.1846607,51.4625488],[-0.1847446,51.4620624]],[[-0.1847446,51.4620624],[-0.1847698,51.462006],[-0.1847894,51.4619708],[-0.184818,51.4619365],[-0.184865,51.4619033],[-0.1849083,51.4618831],[-0.1849774,51.4618623],[-0.1850611,51.4618477],[-0.1851581,51.4618405],[-0.1852478,51.4618411],[-0.1853682,51.461847]],[[-0.1853682,51.461847],[-0.1858318,51.4618768]],[[-0.1858318,51.4618768],[-0.1859063,51.4618891],[-0.1859707,51.4619088],[-0.1860278,51.4619356],[-0.1860838,51.4619701],[-0.1861324,51.4620091],[-0.1861734,51.4620509],[-0.1862081,51.4620935],[-0.186232,51.4621359],[-0.1862436,51.4621791],[-0.1862472,51.4622164],[-0.1862452,51.4622572]],[[-0.1862452,51.4622572],[-0.186178,51.4626247]],[[-0.186178,51.4626247],[-0.1861941,51.4628063],[-0.1861917,51.4629464],[-0.1861943,51.46298]],[[-0.1861943,51.46298],[-0.1862015,51.463021],[-0.1862823,51.4632786]],[[-0.1862823,51.4632786],[-0.1863489,51.463374]],[[-0.1863489,51.463374],[-0.1864122,51.4634659],[-0.1864781,51.4635503],[-0.1864944,51.4635728]],[[-0.1864944,51.4635728],[-0.1865711,51.4636637]],[[-0.1865711,51.4636637],[-0.186605,51.4637039]],[[-0.186605,51.4637039],[-0.1867099,51.4638228]],[[-0.1867099,51.4638228],[-0.1867903,51.463904],[-0.1868111,51.4639272],[-0.1868993,51.4640207]],[[-0.1868993,51.4640207],[-0.1877678,51.4649217],[-0.18781547060947168,51.46497148106039]],[[-0.1497979762924213,51.484547201469205],[-0.1495747,51.4834146]],[[-0.1495747,51.4834146],[-0.1495506,51.4832648]],[[-0.1495506,51.4832648],[-0.149545,51.4832382]],[[-0.149545,51.4832382],[-0.1495297,51.4831682]],[[-0.1495297,51.4831682],[-0.1495233,51.4831382]],[[-0.1495233,51.4831382],[-0.1495099,51.4830716],[-0.1495,51.4830258]],[[-0.1495,51.4830258],[-0.1494914,51.4829885]],[[-0.1494914,51.4829885],[-0.1494864,51.4829676],[-0.1494727,51.482908],[-0.1494626,51.4828634]],[[-0.1494626,51.4828634],[-0.1494553,51.4828315]],[[-0.1494553,51.4828315],[-0.149449,51.4828042],[-0.1494396,51.4827591]],[[-0.1494396,51.4827591],[-0.1493835,51.4823906],[-0.1492669,51.4818201]],[[-0.1492669,51.4818201],[-0.1492621,51.4817966]],[[-0.1492621,51.4817966],[-0.1492584,51.4817786]],[[-0.1492584,51.4817786],[-0.1492506,51.4817403],[-0.1492449,51.4817122],[-0.1492419,51.4816943]],[[-0.1492419,51.4816943],[-0.1492115,51.4815491]],[[-0.1492115,51.4815491],[-0.1492008,51.4814967]],[[-0.1492008,51.4814967],[-0.1491964,51.481475]],[[-0.1491964,51.481475],[-0.1491907,51.481447],[-0.1491838,51.4814121],[-0.1491803,51.4813949]],[[-0.1491803,51.4813949],[-0.1491169,51.4810857]],[[-0.1491169,51.4810857],[-0.1490872,51.4809407]],[[-0.1490872,51.4809407],[-0.1490512,51.4807647],[-0.1490108,51.4805509]],[[-0.1490108,51.4805509],[-0.1490062,51.4805282],[-0.1490012,51.4805036],[-0.1489989,51.4804925]],[[-0.1489989,51.4804925],[-0.1488827,51.4798627],[-0.1488652,51.4797591]],[[-0.1488652,51.4797591],[-0.1488309,51.4795561],[-0.1487732,51.4792143],[-0.1486711,51.4786528]],[[-0.1486711,51.4786528],[-0.1486583,51.4785825]],[[-0.1486583,51.4785825],[-0.1486156,51.4783478]],[[-0.1486156,51.4783478],[-0.1486137,51.4783371]],[[-0.1486137,51.4783371],[-0.1486087,51.4783097]],[[-0.1486087,51.4783097],[-0.1486072,51.4783012]],[[-0.1486072,51.4783012],[-0.1486053,51.4782908]],[[-0.1486053,51.4782908],[-0.148582,51.4782748]],[[-0.148582,51.4782748],[-0.1485558,51.4782568],[-0.1485063,51.4782227]],[[-0.1485063,51.4782227],[-0.148378,51.4781483]],[[-0.148378,51.4781483],[-0.1483469,51.4781393],[-0.1482952,51.4781217],[-0.1482566,51.4781039],[-0.1482218,51.4780834],[-0.1481912,51.4780604],[-0.1481604,51.4780298]],[[-0.1481604,51.4780298],[-0.1481016,51.4780113],[-0.1480757,51.4779869],[-0.1480412,51.4779547],[-0.1479889,51.4779411],[-0.1478759,51.4779132]],[[-0.1478759,51.4779132],[-0.14727,51.4779148]],[[-0.14727,51.4779148],[-0.1472407,51.4779155],[-0.1463343,51.4779382]],[[-0.1463343,51.4779382],[-0.1461407,51.4779417]],[[-0.1461407,51.4779417],[-0.1460501,51.477943],[-0.145919,51.477947],[-0.1458145,51.477946]],[[-0.1458145,51.477946],[-0.1457691,51.4779541],[-0.1457036,51.4779657],[-0.1456456,51.4779685]],[[-0.1456456,51.4779685],[-0.1455771,51.4779759],[-0.1455115,51.4779894],[-0.1454281,51.4780044],[-0.1453496,51.4780036],[-0.145275,51.4779817]],[[-0.2175072,51.4609793],[-0.2174021,51.4609438],[-0.2173394,51.4609192],[-0.217282,51.4608864],[-0.2172329,51.4608544],[-0.217142,51.4608029]],[[-0.2189593,51.4612646],[-0.218935,51.4612597],[-0.2187275,51.4612157],[-0.2181646,51.4611069],[-0.2175072,51.4609793]],[[-0.2205227,51.4616495],[-0.2204514,51.4616263],[-0.2199997,51.4614893],[-0.2196111,51.4613951],[-0.2192628,51.4613262],[-0.2189593,51.4612646]],[[-0.2218805,51.462206],[-0.2217737,51.4621533],[-0.2216376,51.4620863],[-0.2215904,51.4620614],[-0.2215364,51.4620351],[-0.2214471,51.4619952],[-0.2213382,51.4619465],[-0.2211033,51.461855],[-0.2210064,51.4618176],[-0.2207647,51.4617284],[-0.2205227,51.4616495]],[[-0.2221717,51.4623386],[-0.2218805,51.462206]],[[-0.2223321,51.4623947],[-0.2221717,51.4623386]],[[-0.2224435,51.4624337],[-0.2223321,51.4623947]],[[-0.2287468,51.4632189],[-0.2287007,51.4632122],[-0.2286547,51.4632056],[-0.22859,51.4631962],[-0.2283979,51.4631685],[-0.2282286,51.4631438],[-0.2277106,51.4630697],[-0.2275949,51.4630514],[-0.2273071,51.4630107],[-0.2272115,51.4629958],[-0.2269768,51.4629643],[-0.2269629,51.4629627],[-0.2269005,51.4629557],[-0.2268344,51.4629483],[-0.2267868,51.462943],[-0.226562,51.4629158],[-0.2261658,51.4628766],[-0.2259372,51.4628539],[-0.2256454,51.462825],[-0.2255593,51.4628165],[-0.2250685,51.4627839],[-0.2243631,51.4627263],[-0.2239621,51.4626854],[-0.2237818,51.462666],[-0.223488,51.4626318],[-0.2232412,51.4625968],[-0.2229817,51.4625575],[-0.2227134,51.4625087],[-0.2224435,51.4624337]],[[-0.2316954,51.4636445],[-0.2314735,51.4636109],[-0.2310037,51.4635463],[-0.2308075,51.4635172],[-0.2303888,51.4634581],[-0.2302329,51.4634367],[-0.2298997,51.4633855],[-0.2297122,51.4633584],[-0.2296354,51.4633463],[-0.229409,51.4633138],[-0.2287468,51.4632189]],[[-0.2321855,51.4637219],[-0.2319549,51.4636857],[-0.2319307,51.4636825],[-0.23181,51.4636618],[-0.2316954,51.4636445]],[[-0.2329783,51.4638742],[-0.2328176,51.4638317],[-0.2326424,51.4637965],[-0.2322065,51.4637252],[-0.2321855,51.4637219]],[[-0.2335104,51.4640213],[-0.2332772,51.4639572],[-0.2329783,51.4638742]],[[-0.2336813,51.4640656],[-0.2335104,51.4640213]],[[-0.2340539,51.4641534],[-0.23401626181764576,51.46414478590054],[-0.2339084,51.4641201],[-0.23384578636589967,51.464106279873555],[-0.2338418,51.4641054],[-0.2337807,51.4640914],[-0.23376766736778762,51.464088017284595],[-0.2336813,51.4640656]],[[-0.2345618,51.4642532],[-0.23454218165749957,51.46424953967178],[-0.23434935388294023,51.46421356247622]],[[-0.23681076216740807,51.464559258349404],[-0.2367891,51.4645564],[-0.2367295,51.4645483],[-0.2365009,51.4645152],[-0.2363723,51.4644984],[-0.2363543,51.4644961],[-0.2361784287583787,51.46447704288097]],[[-0.2347682,51.4642903],[-0.2345618,51.4642532]],[[-0.23850665460459533,51.46474580409821],[-0.2385222,51.4646057],[-0.2385187,51.4645357],[-0.2385171,51.4645267],[-0.2384887,51.4643643],[-0.2384877,51.4643584],[-0.2384142,51.4638236],[-0.2383107,51.4630904],[-0.2382542,51.4626906],[-0.2382488,51.4626165],[-0.2382344,51.4625502],[-0.2381841,51.462195],[-0.2381494,51.4619603],[-0.2380984,51.4615571],[-0.238066,51.4613678],[-0.2380397,51.4611904],[-0.2380274,51.4611141],[-0.2379778,51.4607233],[-0.2379495,51.4605221],[-0.2378856,51.4601299],[-0.2378376,51.4597748],[-0.2378039,51.4595171],[-0.2377959,51.4594607],[-0.2377479,51.4591338],[-0.2377422,51.4590775],[-0.2377342,51.4590217],[-0.2377088,51.4588478],[-0.2376649,51.4585406],[-0.2376531,51.4584697],[-0.2376347,51.4583375],[-0.2375586,51.4578263],[-0.2375482,51.457772],[-0.2375105,51.4575222],[-0.2374379,51.4571545],[-0.2373801,51.4568632],[-0.237288,51.4563881],[-0.2372368,51.4560942],[-0.2372052,51.4559093],[-0.237201,51.455885],[-0.2371731,51.455722],[-0.2371616,51.4556587],[-0.2371536,51.4556151]],[[-0.2371536,51.4556151],[-0.2371412,51.4555558],[-0.2371155,51.4554322],[-0.2370249,51.4549321],[-0.2369898,51.4547417],[-0.2369546,51.4545512],[-0.236898,51.454243],[-0.2368527,51.4539551],[-0.2368409,51.4537799],[-0.2368372,51.4537259],[-0.236851,51.4535599],[-0.2368622,51.4534824],[-0.2368697,51.4534177],[-0.2368795,51.4533323],[-0.2368845,51.4532201],[-0.2368822,51.4530682],[-0.2368656,51.4528997],[-0.2368205,51.4526503],[-0.2367828,51.4524484],[-0.2367463,51.4522833],[-0.2367007,51.4521413],[-0.2366388,51.4519246],[-0.2365985,51.4518315],[-0.2365449,51.4516982],[-0.2364532,51.4515089],[-0.2363405,51.4513045],[-0.2363218,51.4512766]],[[-0.2358802,51.4513577],[-0.23592,51.4513047],[-0.236085,51.4510666],[-0.2361609,51.4509078],[-0.2362181,51.4507698],[-0.2362632,51.4506114],[-0.236288,51.4505214],[-0.2363249,51.4504541]],[[-0.2393405,51.44975],[-0.2394818,51.4497177],[-0.2395674,51.4496764],[-0.2396779,51.4495414]],[[-0.2403181,51.4497255],[-0.2401763,51.4496934]],[[-0.2405612,51.4497842],[-0.2404342,51.4497518],[-0.2403181,51.4497255]],[[-0.2409531,51.449898],[-0.2408186,51.4498528],[-0.2406833,51.4498153],[-0.2405612,51.4497842]],[[-0.2409531,51.449898],[-0.2410223,51.4498466],[-0.2410701,51.4498065],[-0.2411031,51.4497783],[-0.2411361,51.4497501]],[[-0.2411361,51.4497501],[-0.2412206,51.4496658],[-0.2412725,51.4496278],[-0.2413672,51.4495943],[-0.2414183,51.4495829]],[[-0.2414183,51.4495829],[-0.241468,51.4495717],[-0.2415387,51.4495639],[-0.2416118,51.4495635],[-0.2418201,51.4495992],[-0.2418652,51.4496069],[-0.2419897,51.4496282],[-0.2424417,51.4497093],[-0.2428216,51.4497748],[-0.2428626,51.4497819],[-0.243099,51.4498234],[-0.2435457,51.4498956],[-0.243688,51.4499195],[-0.2445921,51.4500803],[-0.2447206,51.4501033],[-0.2447496,51.4501086],[-0.2451601,51.4501795],[-0.2453213,51.4502079],[-0.2454649,51.4502457],[-0.2456422,51.4503149],[-0.2456581,51.4503242],[-0.2457825,51.4503916],[-0.2458019,51.4504047],[-0.2458456,51.4504341],[-0.2459123,51.4504821],[-0.2459996,51.4505528],[-0.2460478,51.4505782],[-0.2460892,51.4506059],[-0.2461789,51.4506624],[-0.2461971,51.4506727],[-0.2462567,51.4507061],[-0.2464279,51.4508022],[-0.2464809,51.4508281],[-0.2464926,51.4508338],[-0.2466488,51.4509041],[-0.2467567,51.4509504],[-0.2468047,51.4509726],[-0.2468618,51.450999],[-0.2471152,51.4511159],[-0.2472149,51.4511619],[-0.2473913,51.4512548],[-0.2475156,51.4513388],[-0.2476033,51.4514203],[-0.2477393,51.4515782],[-0.2477749,51.4516213],[-0.2478114,51.4516724],[-0.2479008,51.4518141],[-0.2480101,51.4519274],[-0.2480895,51.4520186],[-0.2481437,51.4520915],[-0.2481708,51.4521312],[-0.2481887,51.4521573],[-0.2482309,51.4522063],[-0.2482484,51.4522272]],[[-0.2482484,51.4522272],[-0.2482648,51.4522446],[-0.2483192,51.4523121],[-0.2484003,51.4523763],[-0.2484308,51.4524005],[-0.2484459,51.4524105],[-0.2485756,51.4524965],[-0.2487767,51.4526096]],[[-0.2487767,51.4526096],[-0.2488484,51.4525541],[-0.2488992,51.4525156]],[[-0.2488992,51.4525156],[-0.2489694,51.4525311],[-0.2490481,51.4525599]],[[-0.2282366,51.4683879],[-0.2282385,51.4683482],[-0.2282389,51.4682703],[-0.2282422,51.4681616]],[[-0.2219052,51.4678611],[-0.222103,51.4679106],[-0.2222272,51.4679402],[-0.2222815,51.4679532],[-0.2223312,51.4679655],[-0.2226282,51.468036],[-0.2227325,51.4680609],[-0.223168,51.4681667],[-0.2232914,51.4681976],[-0.2234315,51.4682331],[-0.22362,51.4682816],[-0.2238782,51.4683387],[-0.2241654,51.4683891],[-0.2242186,51.4683977],[-0.2242723,51.468406],[-0.224495,51.468436],[-0.2248035,51.4684593],[-0.2249553,51.4684651],[-0.2251108,51.468463],[-0.2254246,51.4684595],[-0.2257965,51.4684498],[-0.2262607,51.4684269],[-0.2263198,51.468424],[-0.2263782,51.4684206],[-0.2266708,51.4684038],[-0.2268705,51.4683962],[-0.2269837,51.4683918],[-0.2273616,51.4683887],[-0.2275795,51.4683868],[-0.2279476,51.4683877],[-0.2281394,51.4683878],[-0.2282366,51.4683879]],[[-0.2213738,51.4677315],[-0.2219052,51.4678611]],[[-0.2197821,51.4673948],[-0.2200282,51.4674445],[-0.2203373,51.4675047],[-0.2204188,51.4675209],[-0.2205603,51.4675499],[-0.2206276,51.4675637],[-0.2206931,51.4675764],[-0.2208327,51.4676075],[-0.2210032,51.4676425],[-0.2211973,51.4676891],[-0.2213738,51.4677315]],[[-0.2196443,51.4673721],[-0.2197821,51.4673948]],[[-0.2152921,51.4664751],[-0.2153844,51.4665103],[-0.2160298,51.4667812],[-0.2160893,51.4668074],[-0.2163943,51.4669336],[-0.2166784,51.467052],[-0.2167929,51.467091],[-0.2169033,51.467114],[-0.2169824,51.4671257],[-0.2170382,51.4671294],[-0.2170857,51.4671332],[-0.2174089,51.4671445],[-0.2179496,51.4671597],[-0.2181601,51.4671686],[-0.2187351,51.4672163],[-0.2190007,51.4672484],[-0.2194336,51.4673293],[-0.2196443,51.4673721]],[[-0.214419,51.4661239],[-0.2145975,51.4662108],[-0.2146646,51.4662422],[-0.2149738,51.4663629],[-0.2152921,51.4664751]],[[-0.214419,51.4661239],[-0.2143018,51.4660964],[-0.2142911,51.4660919],[-0.2142441,51.4660675],[-0.2142127,51.4660531],[-0.2142012,51.4660491],[-0.2141503,51.4660357],[-0.2141054,51.466026],[-0.2140755,51.4660254]],[[-0.17255740092590247,51.48117050117196],[-0.1716236,51.4801389]],[[-0.1714505,51.4799606],[-0.1714625,51.4799756],[-0.1714869,51.4800059],[-0.1715331,51.480051],[-0.1716236,51.4801389]],[[-0.171379,51.4798717],[-0.1714019,51.4799002],[-0.1714505,51.4799606]],[[-0.17136,51.4798285],[-0.171379,51.4798717]],[[-0.1707912,51.4792441],[-0.170991,51.4794547],[-0.1710757,51.4795393],[-0.1711124,51.479573],[-0.1712168,51.4796687],[-0.1712963,51.479753],[-0.17136,51.4798285]],[[-0.1705578,51.4789951],[-0.1706323,51.4790751],[-0.1706662,51.4791123],[-0.170715,51.4791638],[-0.1707912,51.4792441]],[[-0.1705578,51.4789951],[-0.1704961,51.4789328],[-0.1704588,51.4788941],[-0.1704304,51.4788647],[-0.1704055,51.4788387],[-0.1703118,51.4787404]],[[-0.1703118,51.4787404],[-0.1702485,51.4786719]],[[-0.1702485,51.4786719],[-0.1701126,51.4785241]],[[-0.2223403,51.452941],[-0.2223097,51.4529591]],[[-0.2273173,51.4490004],[-0.2272591,51.4491143],[-0.2269571,51.4496028],[-0.2268459,51.4497684],[-0.2267511,51.4499086],[-0.2266158,51.4500801],[-0.226518,51.4501796],[-0.2263834,51.4503001],[-0.2261614,51.4504513],[-0.2260538,51.4505231],[-0.2256823,51.450773],[-0.2254807,51.4509079],[-0.2251142,51.4511502],[-0.2246938,51.4514021],[-0.2243785,51.4515908],[-0.2239217,51.4519054],[-0.2234632,51.4522064],[-0.2228438,51.4526113],[-0.2224805,51.4528544],[-0.2223403,51.452941]],[[-0.2281612,51.4491618],[-0.2281047,51.4491418],[-0.2280111,51.4491153],[-0.227978,51.4491046],[-0.2277918,51.4490706],[-0.2273838,51.449011],[-0.2273173,51.4490004]],[[-0.2327504,51.4519518],[-0.2326684,51.4518522],[-0.2325617,51.4517802],[-0.2322854,51.4515907],[-0.2319534,51.4513983],[-0.2315596,51.4511718],[-0.2309888,51.4508611],[-0.2309295,51.4508308],[-0.2308315,51.4507791],[-0.2307636,51.4507476],[-0.2301781,51.4504717],[-0.2301612,51.4504638],[-0.2299486,51.4503506],[-0.2298726,51.4503024],[-0.2297946,51.450242],[-0.2296383,51.4501233],[-0.229458,51.450004],[-0.2293453,51.4499199],[-0.2291155,51.4497506],[-0.2287919,51.4495209],[-0.2282512,51.4492055],[-0.2281612,51.4491618]],[[-0.2270417,51.4562405],[-0.2270387,51.4561938],[-0.227022,51.4559353],[-0.2270051,51.4555934],[-0.2270204,51.4555423],[-0.2270648,51.4554644],[-0.2272058,51.4553887],[-0.2273794,51.4553317],[-0.2274739,51.4552883],[-0.227546,51.4552267],[-0.2275773,51.4551763],[-0.2275868,51.4550987],[-0.2275862,51.4549509],[-0.2275946,51.4548589],[-0.2276078,51.4547579],[-0.2276739,51.4546263],[-0.2277071,51.4545558],[-0.2277402,51.4544698],[-0.2277395,51.4544035],[-0.2277138,51.4542807],[-0.227688,51.4542244],[-0.2276717,51.4541772],[-0.2276427,51.4540845],[-0.2276636,51.4539766],[-0.227726,51.4538994],[-0.2277668,51.4538633],[-0.2278206,51.4538188],[-0.2279646,51.4537258],[-0.2280455,51.4536451],[-0.2280758,51.4536084],[-0.2280918,51.4535692],[-0.228091,51.4535154],[-0.2280757,51.4534605],[-0.228012,51.4533599],[-0.2279023,51.4532245],[-0.2278196,51.4529977],[-0.2277856,51.4528562],[-0.2277868,51.4527619]],[[-0.2270417,51.4562405],[-0.226658,51.4562599],[-0.2261264,51.45625],[-0.2260841,51.4562489],[-0.2259716,51.4562459]],[[-0.2259716,51.4562459],[-0.2259736,51.4563051],[-0.2260139,51.4566869],[-0.2260857,51.4574418],[-0.226095,51.4575022]],[[-0.226095,51.4575022],[-0.2259935,51.4575086],[-0.2259036,51.4575143],[-0.2258519,51.4575175],[-0.2249618,51.4575719],[-0.2248407,51.4575793],[-0.2246627,51.4575925],[-0.2244955,51.4576023],[-0.2243242,51.4576104],[-0.2243134,51.457611],[-0.22407,51.4576133],[-0.2239357,51.4576094],[-0.2234594,51.457598],[-0.2233068,51.4575932],[-0.2230883,51.4575864],[-0.2230072,51.4575806],[-0.2229351,51.4575759],[-0.2228056,51.457566]],[[-0.2228056,51.457566],[-0.2226835,51.4575525],[-0.2223187,51.4575039],[-0.221824,51.4574313],[-0.2215368,51.4573901],[-0.2214508,51.4573778],[-0.2211693,51.4573418],[-0.2210029,51.4573191],[-0.2207185,51.4572853],[-0.2202681,51.4572235],[-0.2200388,51.457191],[-0.2190723,51.4570605],[-0.2189985,51.4570509],[-0.2189421,51.4570419],[-0.2188716,51.4570298],[-0.2187768,51.4570076]],[[-0.2140496,51.4658826],[-0.2141958,51.4659322]],[[-0.2141958,51.4659322],[-0.2142639,51.4659368],[-0.2143347,51.4659583],[-0.2143931,51.4660025],[-0.2144435,51.4660529],[-0.214419,51.4661239]],[[-0.2282366,51.4683879],[-0.2283626,51.4683911],[-0.2284165,51.4683913],[-0.2285742,51.4683919],[-0.228834,51.4683937],[-0.2289884,51.4683959],[-0.229047,51.468396],[-0.2290974,51.4684021],[-0.2292018,51.4684124]],[[-0.2292018,51.4684124],[-0.2292974,51.4684319],[-0.2293124,51.4684349],[-0.2293455,51.4684381],[-0.2293794,51.4684414],[-0.2294943,51.468457],[-0.2295134,51.4684588],[-0.2296714,51.4684795],[-0.2303703,51.4685789],[-0.2310344,51.4686886],[-0.2319884,51.468852]],[[-0.233166,51.4690551],[-0.2329151,51.469012],[-0.2328592,51.4690024],[-0.2322559,51.4688987],[-0.2319884,51.468852]],[[-0.23318311647269208,51.46905804012258],[-0.233166,51.4690551]],[[-0.24383475608031713,51.46524332331849],[-0.2438951,51.4651449]],[[-0.2438951,51.4651449],[-0.2439005,51.4651092],[-0.2439002,51.46506]],[[-0.2439002,51.46506],[-0.243889,51.4647033]],[[-0.243889,51.4647033],[-0.2437992,51.4634994],[-0.2437912,51.4633818],[-0.2437559,51.4630429],[-0.2436746,51.4622792],[-0.2436482,51.4616624],[-0.2436366,51.4611558],[-0.2436238,51.4610254],[-0.2436053,51.460925],[-0.2435771,51.4607696],[-0.2435384,51.460648],[-0.2434266,51.4603807],[-0.243266,51.4599805],[-0.2431766,51.4596728],[-0.2431278,51.4594005],[-0.2431015,51.4592178],[-0.2430912,51.4591459],[-0.2430463,51.4589207],[-0.2429995,51.4586856],[-0.2429723,51.4585352],[-0.2428814,51.4580332],[-0.2428582,51.4579334],[-0.2428105,51.4576838],[-0.2427905,51.4575024],[-0.2427845,51.4574143],[-0.2427704,51.4572077],[-0.2427689,51.4570903],[-0.2427674,51.4569677],[-0.242772,51.456794],[-0.2427889,51.4566154],[-0.2428008,51.456548],[-0.2428398,51.4563265],[-0.2429097,51.45604],[-0.2429245,51.4559958],[-0.2429423,51.4559466],[-0.2430385,51.455681],[-0.2431762,51.455382],[-0.2431971,51.4553288],[-0.2432151,51.455283],[-0.2432761,51.4551278],[-0.2432975,51.4550637],[-0.2433486,51.4549173],[-0.2433647,51.4548711],[-0.2434138,51.4547304],[-0.2435142,51.4543064],[-0.2435226,51.4542754],[-0.2435297,51.4542393],[-0.2435683,51.4540829],[-0.2435988,51.4539442],[-0.2436069,51.45391],[-0.243659,51.4537007],[-0.2437489,51.4533582],[-0.2438848,51.4527566],[-0.2439332,51.4525468],[-0.2439357,51.4525122],[-0.2439392,51.4524648],[-0.2439486,51.4523346],[-0.2439378,51.4522252],[-0.2439163,51.4521129],[-0.2438932,51.4520274],[-0.2438608,51.4519449],[-0.2438005,51.4518302],[-0.2437715,51.4517749],[-0.2436513,51.4516204],[-0.2435142,51.451486],[-0.2433632,51.4513593],[-0.242993,51.4511134],[-0.2426253,51.4508946],[-0.2421955,51.4506412],[-0.2418474,51.4504098],[-0.2417251,51.4503223],[-0.2416178,51.4502456],[-0.2415069,51.4501717],[-0.2413559,51.4500757],[-0.241184,51.449984],[-0.241142,51.4499666],[-0.2409531,51.449898]],[[-0.2390964,51.4478909],[-0.2390459,51.4478678],[-0.2389338,51.4477937],[-0.2389033,51.4477618],[-0.2388077,51.447662],[-0.2387305,51.4475632],[-0.2386647,51.4474561],[-0.2386146,51.4473744],[-0.2385414,51.4472059],[-0.238518,51.4471321],[-0.2384947,51.4470589],[-0.2384825,51.4469662],[-0.2384967,51.4467384],[-0.2385052,51.4467115],[-0.2385085,51.446701],[-0.2385623,51.4465301],[-0.2385806,51.4464983],[-0.2386295,51.446429],[-0.2387645,51.4462376],[-0.2388553,51.4461158],[-0.2389808,51.4459475],[-0.2391235,51.4457844],[-0.2392317,51.4456668],[-0.2394051,51.4454783],[-0.2394699,51.445408],[-0.2396549,51.4451801],[-0.239774,51.4450334],[-0.2398572,51.4449346]],[[-0.2398572,51.4449346],[-0.2399983,51.4447701]],[[-0.2399983,51.4447701],[-0.2400401,51.4447151],[-0.2402954,51.4444182],[-0.2403467,51.444355],[-0.2404386,51.4442379],[-0.2405249,51.4441279],[-0.2405653,51.4440808],[-0.2406887,51.4439185],[-0.2408489,51.4438091]],[[-0.2380444,51.4489046],[-0.2381679,51.4489638]],[[-0.2379958,51.4488799],[-0.2380444,51.4489046]],[[-0.2379958,51.4488799],[-0.2379497,51.4488701],[-0.2379035,51.4488603],[-0.2378574,51.4488506],[-0.2378112,51.4488408],[-0.2377654,51.4488165],[-0.2376208,51.4487396],[-0.2374172,51.4486263],[-0.2372234,51.4485149],[-0.2370111,51.4483688],[-0.2368708,51.4482591],[-0.2367604,51.448161],[-0.236614,51.4480143],[-0.2364297,51.447814],[-0.236319,51.4476853],[-0.2359835,51.4472885],[-0.2355207,51.4467298],[-0.2353865,51.4465657],[-0.2353404,51.4465093],[-0.2352063,51.4463225],[-0.2350667,51.4460669],[-0.234843,51.4455737],[-0.2347142,51.4453084]],[[-0.2347142,51.4453084],[-0.2344528,51.4446978]],[[-0.2344528,51.4446978],[-0.2344099,51.4446223],[-0.2343805,51.4445715],[-0.2343649,51.4445373],[-0.2343264,51.4444581]],[[-0.2343264,51.4444581],[-0.2342843,51.4443515]],[[-0.2342843,51.4443515],[-0.2344023,51.4443314]],[[-0.2344023,51.4443314],[-0.2351313,51.4441971],[-0.235639,51.4440991],[-0.2361412,51.44399],[-0.2369791,51.4437761],[-0.2375504,51.4436126],[-0.2381161,51.4434247],[-0.2384642,51.4432986],[-0.2387918,51.4431702],[-0.2393826,51.4429064]],[[-0.2393826,51.4429064],[-0.2401061,51.4425889]],[[-0.2401061,51.4425889],[-0.2408086,51.4422884],[-0.2418199,51.4418597],[-0.2428077,51.4414242],[-0.2436165,51.4410648]],[[-0.2436165,51.4410648],[-0.2443599,51.4407489],[-0.2448664,51.4405311],[-0.2451891,51.4403941],[-0.2454166,51.4402975],[-0.2472573,51.4395068]],[[-0.2472573,51.4395068],[-0.2473854,51.4394107],[-0.2478242,51.4391919]],[[-0.2478242,51.4391919],[-0.2479186,51.4391408],[-0.2479997,51.4390969],[-0.2480285,51.4390813],[-0.2480845,51.4390376],[-0.2481277,51.4389896],[-0.248154,51.43893]],[[-0.248154,51.43893],[-0.2481584,51.4389159],[-0.2481589,51.4388478],[-0.2481707,51.4387747]],[[-0.2478674,51.4384757],[-0.2479406,51.4384984],[-0.2479786,51.4385208],[-0.2480302,51.4385632],[-0.2480694,51.4386146],[-0.2481707,51.4387747]],[[-0.2481707,51.4387747],[-0.2482476,51.4388247],[-0.2483204,51.4388916],[-0.2483496,51.4389073],[-0.2484083,51.4389265],[-0.2484628,51.4389285],[-0.2487674,51.4388864]],[[-0.2487674,51.4388864],[-0.2488156,51.4388672],[-0.2496033,51.4385717]],[[-0.2496033,51.4385717],[-0.2501097,51.4383895],[-0.2512773,51.4379831],[-0.2520284,51.4377031],[-0.2527605,51.4374291],[-0.2536036,51.4371441],[-0.25383831581376964,51.437050427751124]],[[-0.2174499,51.4597722],[-0.2174217,51.4597354],[-0.2174659,51.4595423],[-0.2174976,51.4594192],[-0.2175396,51.4592872],[-0.217587,51.4592508]],[[-0.221137,51.4527829],[-0.2211553,51.4526727],[-0.2212085,51.4525678],[-0.2212271,51.4525261],[-0.2212794,51.4524074],[-0.2213505,51.4522322],[-0.2214141,51.4520853]],[[-0.2214141,51.4520853],[-0.2215158,51.4518681],[-0.2217229,51.4514589]],[[-0.2217229,51.4514589],[-0.2217923,51.4513156]],[[-0.2217923,51.4513156],[-0.2220897,51.4507424],[-0.2223674,51.4501958],[-0.2226785,51.4495999]],[[-0.2226785,51.4495999],[-0.2229295,51.4491031]],[[-0.2229295,51.4491031],[-0.2229424,51.4490485],[-0.2229307,51.4489961],[-0.2229015,51.4489525],[-0.2228501,51.4488972],[-0.2227786,51.4488498]],[[-0.2227786,51.4488498],[-0.2226943,51.4488345]],[[-0.2226943,51.4488345],[-0.2224625,51.4487705]],[[-0.2224625,51.4487705],[-0.2223945,51.4487472],[-0.2223446,51.4487262],[-0.2222987,51.4487006],[-0.2222407,51.4486541],[-0.2221963,51.4486032],[-0.22218,51.4485668],[-0.2221695,51.4485166],[-0.2221659,51.4484774]],[[-0.2221659,51.4484774],[-0.2222137,51.4483274]],[[-0.2222137,51.4483274],[-0.2222756,51.4482281]],[[-0.2222756,51.4482281],[-0.2223358,51.4480164],[-0.2223694,51.4479392],[-0.2224119,51.4478598],[-0.2224384,51.4478057],[-0.2224437,51.4477572],[-0.2224317,51.4476929],[-0.222407,51.447643],[-0.2223252,51.4475371],[-0.2222589,51.4474545],[-0.2222177,51.4474093]],[[-0.2222177,51.4474093],[-0.2221449,51.4473931],[-0.2220842,51.4473869],[-0.2220431,51.4473863],[-0.2220229,51.4473866],[-0.2219776,51.4473874]],[[-0.2219776,51.4473874],[-0.2219595,51.4474021],[-0.2219408,51.4474226],[-0.221929,51.4474418],[-0.2219153,51.447479],[-0.2218293,51.4477448],[-0.2217156,51.4480963]],[[-0.2217156,51.4480963],[-0.2215944,51.4485669],[-0.2215697,51.448609],[-0.2215376,51.4486417],[-0.2214947,51.448671],[-0.2214224,51.4487158],[-0.2212143,51.448824],[-0.2210325,51.4489205],[-0.2209367,51.4489626],[-0.2208511,51.4489863],[-0.2207808,51.4489926],[-0.2207021,51.4489864]],[[-0.2207021,51.4489864],[-0.2205747,51.4489621],[-0.2201908,51.448848],[-0.2198602,51.4487385],[-0.2193978,51.4485813],[-0.2193319,51.4485572],[-0.2191877,51.4485013],[-0.218974,51.448407],[-0.2187941,51.4483161],[-0.2185763,51.4481869],[-0.2184503,51.4480882],[-0.2183942,51.4480442]],[[-0.2183942,51.4480442],[-0.2179232,51.447717],[-0.2177528,51.4475775],[-0.2177279,51.4475569],[-0.2174452,51.4473257],[-0.2172699,51.4472039],[-0.2171876,51.4471488],[-0.2170968,51.447087],[-0.2164465,51.4466415],[-0.2162975,51.4465316],[-0.2162438,51.446486],[-0.2160231,51.4463086],[-0.2159479,51.4462335],[-0.2156856,51.4459717]],[[-0.2156856,51.4459717],[-0.2155989,51.4458766],[-0.2154527,51.445659],[-0.2153181,51.4454432],[-0.2152617,51.4453487],[-0.2151568,51.4451665],[-0.2150167,51.4449654],[-0.2150095,51.4449563],[-0.2149002,51.4448188],[-0.2145049,51.4442808]],[[-0.2173312,51.443511],[-0.2172121,51.4435268],[-0.2167879,51.4436206],[-0.2161745,51.4437523],[-0.2157462,51.4438768],[-0.2156523,51.4439022],[-0.215429,51.4439666],[-0.2152755,51.4440109],[-0.2149952,51.4441003],[-0.214609,51.4442316],[-0.2145049,51.4442808]],[[-0.2173312,51.443511],[-0.2172897,51.4434421],[-0.2171959,51.4430394],[-0.2171597,51.4428842],[-0.21702,51.4425348],[-0.2169915,51.4424742],[-0.216961,51.4424093],[-0.2168521,51.4421555],[-0.2168207,51.4420592],[-0.2167951,51.4419464],[-0.2167902,51.4419055],[-0.2167862,51.4418726],[-0.2167873,51.4417561],[-0.2168259,51.4414456],[-0.2168452,51.441293],[-0.2168661,51.4410105],[-0.2168688,51.4409642],[-0.2168732,51.4408147],[-0.2168628,51.4407289],[-0.21684,51.4406665],[-0.2167653,51.4405495],[-0.2166787,51.4404749],[-0.2164423,51.4403151],[-0.2163202,51.4402583],[-0.216257,51.4402303],[-0.2161869,51.4401993],[-0.2161479,51.4401821],[-0.2156872,51.4399793],[-0.2153283,51.4398212],[-0.2149454,51.4396334],[-0.2147123,51.4395054],[-0.2144527,51.4393627],[-0.2141281,51.4391487],[-0.2139151,51.4389902],[-0.2137662,51.4388605],[-0.2136839,51.4387786],[-0.213547,51.4386284],[-0.2134183,51.4384559],[-0.2133242,51.4383057],[-0.2132276,51.4381125],[-0.2131807,51.4380629],[-0.2131324,51.4380306],[-0.2130683,51.4379991],[-0.2130042,51.4379677]],[[-0.2130042,51.4379677],[-0.2128666,51.4380796],[-0.2128553,51.4380899],[-0.2127006,51.4382367],[-0.2119307,51.4390118],[-0.2117747,51.439179],[-0.2117638,51.4391889],[-0.2117006,51.4392531],[-0.2115895,51.4393655],[-0.2115773,51.4393742],[-0.2114344,51.439515],[-0.2111981,51.4397733],[-0.2110598,51.4399551],[-0.2109215,51.4401369],[-0.2107405,51.4403792],[-0.2106486,51.4405022]],[[-0.2106486,51.4405022],[-0.210607,51.4405569]],[[-0.210607,51.4405569],[-0.2104993,51.440698],[-0.2099062,51.4414766],[-0.2098912,51.4414962],[-0.2098766,51.4415152],[-0.2098228,51.4415855],[-0.2097761,51.4416472],[-0.2096775,51.4417686],[-0.2094798,51.4420126],[-0.2093931,51.4421118],[-0.2091064,51.442404],[-0.2089934,51.4425132],[-0.2088053,51.4426951],[-0.2082474,51.4432227],[-0.2082078,51.4432587],[-0.2080645,51.4433933],[-0.2079308,51.4435211],[-0.2078324,51.4436154],[-0.207813,51.4436334],[-0.2077926,51.4436524],[-0.2076171,51.4438139],[-0.2074703,51.4439474],[-0.2072124,51.4441865],[-0.2068493,51.4445232],[-0.2067616,51.444604],[-0.2067287,51.4446364],[-0.2066941,51.4446663],[-0.2066204,51.4447223],[-0.2065188,51.4447891]],[[-0.2065188,51.4447891],[-0.2064196,51.4448473],[-0.2063847,51.4448729],[-0.2063299,51.4449287],[-0.2063054,51.4449595],[-0.2062821,51.4449891],[-0.2061042,51.4452474],[-0.2058752,51.4455734],[-0.2058017,51.4456744],[-0.2057509,51.4457391],[-0.2053835,51.4462131],[-0.2053327,51.4462784],[-0.2047785,51.4470076],[-0.2046272,51.4472045],[-0.2045696,51.4472805],[-0.2044989,51.4473697]],[[-0.2044989,51.4473697],[-0.2043843,51.4475118],[-0.204327,51.4475823],[-0.2039901,51.4480161],[-0.2038721,51.448167],[-0.2036564,51.4484389],[-0.2034611,51.4487026],[-0.2032381,51.4489885],[-0.2030746,51.4491992],[-0.2029205,51.4493968],[-0.2027668,51.4495987],[-0.2026097,51.4498243],[-0.2025627,51.4498992],[-0.2024871,51.4499679]],[[-0.2024871,51.4499679],[-0.2023755,51.4499612],[-0.2023349,51.4499588],[-0.2018193,51.4499286],[-0.201666,51.4499184],[-0.2014954,51.4499051],[-0.2010951,51.4498819],[-0.2007308,51.4498663],[-0.2005449,51.4498617],[-0.2002318,51.4498541],[-0.200046,51.4498528],[-0.1999413,51.4498528],[-0.199822,51.4498239]],[[-0.199459,51.4501779],[-0.1995781,51.4500842],[-0.1996452,51.4500175],[-0.1997712,51.4498953],[-0.199822,51.4498239]],[[-0.1979464,51.4519155],[-0.1979922,51.4517707],[-0.1980596,51.4515884],[-0.1981133,51.451465],[-0.1981832,51.4513459],[-0.1983629,51.451136],[-0.1988307,51.450718],[-0.199459,51.4501779]],[[-0.1979464,51.4519155],[-0.1979607,51.4519718],[-0.1979365,51.4520154],[-0.1978971,51.4520604],[-0.1978449,51.4520897]],[[-0.1974136,51.4527652],[-0.1974884,51.4526423],[-0.1975401,51.4525586],[-0.1977389,51.4522502],[-0.1978449,51.4520897]],[[-0.1963769,51.4555645],[-0.1966408,51.4553941],[-0.1967429,51.4553137],[-0.1969157,51.4551653],[-0.1969738,51.4551064],[-0.1970792,51.4549995],[-0.197231,51.4548118],[-0.197322,51.4546517],[-0.1973454,51.4545455],[-0.1973477,51.454515],[-0.19735,51.4544844],[-0.197343,51.4544233],[-0.1973244,51.4543272],[-0.197287,51.4542283],[-0.1972169,51.4540377],[-0.1971656,51.4538383],[-0.1971599,51.453748],[-0.1971562,51.4536885],[-0.1971559,51.4536083],[-0.1971625,51.4534752],[-0.1971936,51.4532636],[-0.1972546,51.4530919],[-0.1972953,51.4529914],[-0.1973386,51.4528968],[-0.1974136,51.4527652]],[[-0.1962061,51.4556548],[-0.1962435,51.455636],[-0.1963769,51.4555645]],[[-0.1947678,51.456518],[-0.194904,51.4563652],[-0.195115,51.4561208],[-0.1951676,51.4560918],[-0.1952635,51.4560414],[-0.1953246,51.4560174],[-0.1956712,51.4558979],[-0.1959039,51.4558037],[-0.1959701,51.4557764],[-0.1962061,51.4556548]],[[-0.1943883,51.4569461],[-0.1945143,51.456802],[-0.1945379,51.4567755],[-0.1947678,51.456518]],[[-0.1943883,51.4569461],[-0.1943493,51.457039],[-0.1943486,51.4570609],[-0.1943564,51.4571017],[-0.1944042,51.4571485]],[[-0.1944042,51.4571485],[-0.1947402,51.4572164]],[[-0.1947402,51.4572164],[-0.1948044,51.4572576],[-0.1948465,51.4572965],[-0.1948539,51.4573385],[-0.1948577,51.4574006],[-0.1948874,51.4575098],[-0.1949634,51.4577351],[-0.1949739,51.4577925],[-0.1949679,51.4578625],[-0.194957,51.4579534]],[[-0.194957,51.4579534],[-0.1949464,51.4580413],[-0.1949453,51.4580782],[-0.1949396,51.4582217]],[[-0.1949396,51.4582217],[-0.1949247,51.4584965],[-0.1949196,51.458535],[-0.1949082,51.4585942],[-0.1948849,51.4586378]],[[-0.1701126,51.4785241],[-0.1700536,51.4784601],[-0.1700161,51.4784215]],[[-0.1700161,51.4784215],[-0.1699994,51.4784043]],[[-0.1699994,51.4784043],[-0.1699688,51.4783695],[-0.1699338,51.478333],[-0.1698555,51.4782662]],[[-0.1698555,51.4782662],[-0.1697806,51.4782023],[-0.1697286,51.4781551]],[[-0.1697286,51.4781551],[-0.1696735,51.4781116],[-0.1696718,51.4781103]],[[-0.1696718,51.4781103],[-0.1695811,51.4780186]],[[-0.1695811,51.4780186],[-0.1694912,51.4779231],[-0.1692669,51.4776844],[-0.1689591,51.477354],[-0.1687529,51.4771311]],[[-0.1687529,51.4771311],[-0.1686994,51.4770751],[-0.1686675,51.4770386],[-0.168646,51.4770151]],[[-0.168646,51.4770151],[-0.1683045,51.4766433],[-0.1681398,51.4764572]],[[-0.1681398,51.4764572],[-0.1680543,51.4763633],[-0.1680142,51.4763179],[-0.1679815,51.476283],[-0.1679484,51.4762477],[-0.1677883,51.4760795]],[[-0.1677883,51.4760795],[-0.167732,51.476018],[-0.1675727,51.4758425]],[[-0.1675727,51.4758425],[-0.1674797,51.4757469],[-0.1674009,51.4756631]],[[-0.1674009,51.4756631],[-0.1672293,51.4754844],[-0.1671663,51.4754177],[-0.1670832,51.4753292],[-0.1669777,51.4752174],[-0.166843,51.4750638]],[[-0.166843,51.4750638],[-0.1667891,51.4750113],[-0.1667384,51.4749626],[-0.1667116,51.4749358],[-0.1666635,51.4748848]],[[-0.1666635,51.4748848],[-0.1665886,51.474875],[-0.1665656,51.4748697],[-0.1665527,51.4748676],[-0.1665224,51.4748626],[-0.166468,51.4748555],[-0.1664447,51.4748536],[-0.1664074,51.4748506],[-0.1663203,51.4748353]],[[-0.1663203,51.4748353],[-0.1662035,51.4748274],[-0.1653072,51.4748233],[-0.1644007,51.4748332]],[[-0.1644007,51.4748332],[-0.1639263,51.4748384]],[[-0.1639263,51.4748384],[-0.1637936,51.4747965],[-0.163739,51.4747948]],[[-0.163739,51.4747948],[-0.1635175,51.4747931]],[[-0.1635175,51.4747931],[-0.1634174,51.4746861]],[[-0.1634174,51.4746861],[-0.1633223,51.4745069],[-0.1631386,51.4740438],[-0.1628344,51.4733092],[-0.1627882,51.4732017],[-0.1627597,51.4731393]],[[-0.1627597,51.4731393],[-0.1627717,51.473067],[-0.1627129,51.4729315]],[[-0.1627129,51.4729315],[-0.1626936,51.4728872],[-0.1626856,51.4728687],[-0.1626534,51.4727986]],[[-0.1646733,51.4723378],[-0.1637068,51.4725492],[-0.1628549,51.4727444],[-0.1627879,51.4727611],[-0.1626534,51.4727986]],[[-0.1648957,51.47229],[-0.1647917,51.4723119],[-0.1646733,51.4723378]],[[-0.1651143,51.4722441],[-0.1648957,51.47229]],[[-0.1651838,51.4722284],[-0.1651143,51.4722441]],[[-0.1653556,51.4721823],[-0.1652224,51.4722185],[-0.1651838,51.4722284]],[[-0.1655773,51.4721204],[-0.1655148,51.4721361],[-0.1654647,51.472148],[-0.1653556,51.4721823]],[[-0.1657068,51.4720869],[-0.1655773,51.4721204]],[[-0.1666818,51.4718306],[-0.1660679,51.4719972],[-0.1657068,51.4720869]],[[-0.1668043,51.4718005],[-0.1666818,51.4718306]],[[-0.1673752,51.4716562],[-0.1670676,51.4717356],[-0.167021,51.4717476],[-0.1669685,51.4717604],[-0.1668043,51.4718005]],[[-0.1687577,51.4712923],[-0.1684317,51.4713832],[-0.168073,51.4714758],[-0.1673752,51.4716562]],[[-0.1694348,51.4710161],[-0.1690015,51.471202],[-0.1689475,51.4712252],[-0.1688833,51.4712478],[-0.1687577,51.4712923]],[[-0.1699829,51.4707765],[-0.1694348,51.4710161]],[[-0.1710381,51.4702234],[-0.1709421,51.4702754],[-0.1704235,51.4705709],[-0.1702584,51.4706562],[-0.1699829,51.4707765]],[[-0.1710381,51.4702234],[-0.171123,51.4701575],[-0.1713398,51.4701078],[-0.1714216,51.4700936],[-0.1714916,51.4700814],[-0.171641,51.4700548]],[[-0.1714687,51.4697455],[-0.1715632,51.4699066],[-0.1715885,51.4699533],[-0.1716039,51.4699815],[-0.171641,51.4700548]],[[-0.1713917,51.4696129],[-0.1714687,51.4697455]],[[-0.1713254,51.4694994],[-0.1713917,51.4696129]],[[-0.1711495,51.4691988],[-0.1713254,51.4694994]],[[-0.170581,51.4677957],[-0.1706247,51.4679787],[-0.1706549,51.4680933],[-0.1707038,51.4682313],[-0.1707832,51.468418],[-0.1708615,51.4685956],[-0.1709167,51.4687257],[-0.1709434,51.4687841],[-0.1710351,51.46899],[-0.1710913,51.4690965],[-0.1711495,51.4691988]],[[-0.16927,51.4661248],[-0.1694785,51.4663139],[-0.1695142,51.4663534],[-0.169528,51.4663686],[-0.1695967,51.4664611],[-0.1696162,51.4664951],[-0.1696385,51.466532],[-0.1697176,51.4666689],[-0.1697408,51.4667109],[-0.1697658,51.4667577],[-0.1697944,51.4667933],[-0.1698289,51.4668263],[-0.1698583,51.4668523],[-0.169909,51.4668871],[-0.1699913,51.4669257],[-0.1700998,51.4669685],[-0.1702337,51.4670371],[-0.1702977,51.4670755],[-0.1703524,51.467123],[-0.1703873,51.4671583],[-0.1704155,51.4671997],[-0.1704482,51.4672633],[-0.1704658,51.46733],[-0.1704869,51.4674264],[-0.170502,51.4675073],[-0.170564,51.4677274],[-0.170581,51.4677957]],[[-0.1690258,51.4658774],[-0.1690986,51.4659666],[-0.1691591,51.4660147],[-0.16927,51.4661248]],[[-0.167046,51.4608263],[-0.1669658,51.4607336],[-0.1669473,51.4606972],[-0.1669322,51.4606619]],[[-0.1669322,51.4606619],[-0.1669284,51.4606523],[-0.166807,51.4603916],[-0.1667886,51.4603428],[-0.1665891,51.4599245],[-0.1665582,51.4598509],[-0.1665103,51.4597414],[-0.1663554,51.4592546],[-0.1662996,51.4591857]],[[-0.1662996,51.4591857],[-0.1661145,51.4586403],[-0.1659342,51.4581169],[-0.1658914,51.4579977],[-0.1657591,51.4576075],[-0.1655854,51.4570977],[-0.1654416,51.4566765],[-0.1654132,51.4565895],[-0.1653204,51.4563386],[-0.1651707,51.4560942],[-0.1650294,51.45588],[-0.1648936,51.4556643],[-0.1648485,51.4556104],[-0.1647737,51.4555176],[-0.1646356,51.455289],[-0.1646314,51.4552263],[-0.1645991,51.4551331],[-0.1645582,51.4550576],[-0.1645035,51.4549463],[-0.1644648,51.4548743],[-0.1642576,51.454561],[-0.164161,51.4544031]],[[-0.164161,51.4544031],[-0.1639589,51.4540455],[-0.1639007,51.4539391]],[[-0.1639007,51.4539391],[-0.1638013,51.4536911]],[[-0.1638013,51.4536911],[-0.1637828,51.4536571],[-0.1637442,51.4535866],[-0.1637047,51.4535143]],[[-0.1638031,51.4534951],[-0.1637047,51.4535143]],[[-0.1639171,51.4534728],[-0.1638612,51.4534837],[-0.1638031,51.4534951]],[[-0.164205,51.4534165],[-0.1639171,51.4534728]],[[-0.1667895,51.4529111],[-0.1666396,51.4529404],[-0.1665857,51.4529509],[-0.1664033,51.4529866],[-0.164205,51.4534165]],[[-0.1667895,51.4529111],[-0.1667496,51.4528536],[-0.1667128,51.4528006],[-0.1666553,51.4527107],[-0.1664502,51.4523993],[-0.16611,51.4518911],[-0.1660667,51.4518252],[-0.1660183,51.4517609],[-0.165656,51.4512769],[-0.1656319,51.4512458],[-0.1655981,51.4511989],[-0.165573,51.4511658]],[[-0.165573,51.4511658],[-0.1655636,51.4511521],[-0.1654734,51.4510206]],[[-0.1654734,51.4510206],[-0.1652676,51.4507361],[-0.1648535,51.4501832]],[[-0.1648535,51.4501832],[-0.1644642,51.4496484],[-0.1643815,51.449533],[-0.1640806,51.4491054],[-0.1639752,51.4489554],[-0.1637001,51.4485826],[-0.1636392,51.448523],[-0.1635855,51.4484726],[-0.1635498,51.4484461],[-0.1634248,51.4483532]],[[-0.1644355,51.4473701],[-0.1643599,51.4474443],[-0.1640775,51.4477278],[-0.163942,51.4478724],[-0.1637932,51.4480292],[-0.1636085,51.4482228],[-0.1635775,51.4482565],[-0.1635404,51.44828],[-0.1634248,51.4483532]],[[-0.1649039,51.4469106],[-0.1644355,51.4473701]],[[-0.1652846,51.4465213],[-0.1651853,51.4466212],[-0.1651259,51.4466831],[-0.1649719,51.4468435],[-0.1649465,51.4468685],[-0.1649039,51.4469106]],[[-0.1652846,51.4465213],[-0.1653579,51.4464434],[-0.165385,51.4464165],[-0.1658142,51.4460085],[-0.1661461,51.4456878]],[[-0.1661461,51.4456878],[-0.1667744,51.4450809],[-0.1674122,51.444452],[-0.1678641,51.4439622],[-0.1678945,51.44393],[-0.1679176,51.4439066],[-0.1679833,51.4438423]],[[-0.1679833,51.4438423],[-0.167926,51.4437738],[-0.1678801,51.4437212],[-0.1678479,51.4436845],[-0.1677766,51.4436118],[-0.1677443,51.4435791],[-0.1672005,51.4429919],[-0.1670249,51.4428103],[-0.1670095,51.4427932],[-0.1669,51.442693],[-0.1663923,51.4421628],[-0.1662932,51.44206]],[[-0.1662932,51.44206],[-0.1660837,51.44184],[-0.1659483,51.4417005],[-0.1659138,51.4416663],[-0.1658774,51.441628],[-0.165738,51.4414702],[-0.1655024,51.4412267],[-0.1652052,51.4409158],[-0.16511,51.4408162],[-0.1650948,51.4408003],[-0.1647095,51.4404009],[-0.1642455,51.4399268],[-0.1640818,51.439744]],[[-0.1640818,51.439744],[-0.1640177,51.4397141],[-0.1639749,51.439676],[-0.16394,51.4396486],[-0.1639125,51.4396274],[-0.1638615,51.4395829]],[[-0.1638615,51.4395829],[-0.1638235,51.439549]],[[-0.1638235,51.439549],[-0.1637824,51.4395103]],[[-0.1637824,51.4395103],[-0.1637611,51.4394869]],[[-0.1637611,51.4394869],[-0.163713,51.4394312],[-0.1636997,51.4394095],[-0.1636733,51.4393581]],[[-0.1636733,51.4393581],[-0.1636498,51.439313]],[[-0.1633135,51.4389461],[-0.1635015,51.4391508],[-0.1636145,51.4392691],[-0.1636498,51.439313]],[[-0.1616981,51.437112],[-0.1618486,51.4372853],[-0.1618744,51.437316],[-0.161896,51.4373423],[-0.1619242,51.4373766],[-0.1620119,51.4374831],[-0.1621657,51.4376714],[-0.1622825,51.4378122],[-0.1623427,51.4378849],[-0.1624639,51.4380214],[-0.1627697,51.438355],[-0.1630473,51.4386537],[-0.163237,51.4388709],[-0.1633135,51.4389461]],[[-0.1598096,51.4357288],[-0.1598959,51.4357668],[-0.1599487,51.4357955],[-0.1600658,51.4358583],[-0.1600997,51.4358788],[-0.1601429,51.4359049],[-0.1603302,51.4360181],[-0.1605622,51.4361575],[-0.1607158,51.4362586],[-0.1608516,51.4363552],[-0.1609614,51.4364384],[-0.1611035,51.4365538],[-0.1612724,51.4367013],[-0.1614613,51.4368676],[-0.1615984,51.437007],[-0.1616981,51.437112]],[[-0.1596174,51.4356592],[-0.159742,51.4357023],[-0.1598096,51.4357288]],[[-0.140153,51.430623],[-0.140082,51.4306305],[-0.1400378,51.4306302],[-0.140003,51.4306274],[-0.1399509,51.4306181],[-0.1398908,51.4305964]],[[-0.1418113,51.4762342],[-0.1412063,51.4757156],[-0.1411521,51.4756653],[-0.1407676,51.4753115],[-0.1407073,51.4752613],[-0.1402049,51.4748159],[-0.1401955,51.4748079],[-0.1397076,51.4743926],[-0.1396437,51.4743405],[-0.1394851,51.4742458],[-0.1394166,51.4742113],[-0.1388258,51.4739312],[-0.1384359,51.4737153],[-0.1375748,51.4733362],[-0.1372553,51.4731902],[-0.1371651,51.473149],[-0.1370945,51.4731166],[-0.13696946389220999,51.473046010878434]],[[-0.1751383,51.4275622],[-0.1750114,51.4276128],[-0.1746711,51.4277496],[-0.1745483,51.4277977],[-0.1742328,51.4279971],[-0.1742074,51.4280157]],[[-0.1742074,51.4280157],[-0.1741491,51.4280577]],[[-0.1741491,51.4280577],[-0.17385,51.4283052],[-0.1737266,51.4283828]],[[-0.1737266,51.4283828],[-0.1736578,51.4283968],[-0.1736019,51.4283927],[-0.1733932,51.4283199]],[[-0.1733932,51.4283199],[-0.1731218,51.4282317],[-0.1729167,51.4281389],[-0.1724778,51.427927],[-0.1717846,51.4275554]],[[-0.1717846,51.4275554],[-0.1716173,51.4274653],[-0.1715592,51.4274311],[-0.1715323,51.4274023],[-0.1715045,51.4273657],[-0.1714818,51.4273302],[-0.1714773,51.4272908],[-0.1714804,51.4272629],[-0.1714887,51.4272369],[-0.1715089,51.427211],[-0.1715313,51.4271882],[-0.1715667,51.4271598]],[[-0.1715667,51.4271598],[-0.1717362,51.4270412],[-0.1717903,51.4270025],[-0.1718293,51.4269746],[-0.1721114,51.4267729],[-0.1721624,51.4267363],[-0.1723082,51.4266368],[-0.1724976,51.4265115],[-0.1725838,51.4264657],[-0.1726911,51.4264275],[-0.1728285,51.4263562],[-0.1729725,51.4262491],[-0.1730799,51.4261913],[-0.1731617,51.4261473],[-0.1736894,51.4258818],[-0.1737965,51.4258263],[-0.1742338,51.4255749]],[[-0.1742338,51.4255749],[-0.1742801,51.425549]],[[-0.1742801,51.425549],[-0.1743502,51.4255081]],[[-0.1743502,51.4255081],[-0.1743828,51.4254895]],[[-0.1743828,51.4254895],[-0.1746119,51.4253359],[-0.1747696,51.4252284],[-0.174809,51.4252016],[-0.1749328,51.4251116],[-0.1750301,51.4250286],[-0.175079,51.4249837],[-0.1751135,51.4249505],[-0.175258,51.424778],[-0.1753563,51.4246559]],[[-0.1753563,51.4246559],[-0.1755434,51.4246765],[-0.1756395,51.4246892],[-0.1757138,51.4247008],[-0.1757733,51.4247224],[-0.1757828,51.4247273],[-0.1762169,51.424954],[-0.1762509,51.4249698],[-0.1764275,51.4250519],[-0.1765429,51.4251055],[-0.1766412,51.4251517],[-0.1770457,51.4253432],[-0.1770779,51.4253598],[-0.1771009,51.4253699],[-0.1772712,51.425445],[-0.1776726,51.4256224],[-0.177866,51.4257073],[-0.1779091,51.4257479],[-0.1779101,51.4258063]],[[-0.1779101,51.4258063],[-0.1779051,51.4259458],[-0.1779176,51.4261441],[-0.1779255,51.4262339],[-0.1779403,51.4264042],[-0.1779507,51.4265223],[-0.1779394,51.4265757],[-0.1778814,51.4267182],[-0.177855,51.4267582],[-0.1777951,51.4268387],[-0.1777189,51.4269127],[-0.177513,51.4271107],[-0.1772898,51.4272177],[-0.1769636,51.4273087],[-0.1768371,51.4273186],[-0.1767673,51.4273122],[-0.1766289,51.4272713],[-0.1764487,51.4272231],[-0.1762002,51.4271411],[-0.1761347,51.4271407],[-0.1758822,51.4272606],[-0.1755099,51.4274836],[-0.1754226,51.4275453]],[[-0.1754226,51.4275453],[-0.1757002,51.4277509],[-0.1757318,51.4277778],[-0.175794,51.4278224],[-0.1758476,51.4278608]],[[-0.176493,51.4283413],[-0.1764293,51.4282914],[-0.17641,51.4282771],[-0.1758476,51.4278608]],[[-0.176493,51.4283413],[-0.1764189,51.4283838],[-0.1763999,51.4283954],[-0.1759785,51.4286584],[-0.174796,51.4293828],[-0.1741428,51.4298231],[-0.1740487,51.4299016],[-0.1740358,51.4299152]],[[-0.1740358,51.4299152],[-0.17401,51.4299459],[-0.173947,51.4299877]],[[-0.1679108,51.42805],[-0.1679629,51.4279795]],[[-0.1679629,51.4279795],[-0.1679852,51.4279468]],[[-0.1679852,51.4279468],[-0.1680375,51.4278825]],[[-0.1680375,51.4278825],[-0.1680583,51.4278569],[-0.1680789,51.4278393]],[[-0.1680789,51.4278393],[-0.168144,51.4277923]],[[-0.168144,51.4277923],[-0.1682537,51.4277743]],[[-0.1683076,51.4277189],[-0.1682537,51.4277743]],[[-0.1683753,51.4276536],[-0.1683216,51.4277045],[-0.1683076,51.4277189]],[[-0.1684755,51.4275586],[-0.1683753,51.4276536]],[[-0.1687109,51.4273498],[-0.1686788,51.4273772],[-0.1684755,51.4275586]],[[-0.1754205,51.4244461],[-0.1753811,51.4244352],[-0.1752003,51.4243752],[-0.1750904,51.4243479],[-0.1748191,51.4242788],[-0.1744961,51.4241841],[-0.1739919,51.4240405],[-0.1734694,51.423858],[-0.1733215,51.4237936],[-0.173144,51.4237283],[-0.1728605,51.4236307],[-0.1728291,51.4236168],[-0.1727773,51.423595],[-0.1726342,51.4235364]],[[-0.1762384,51.4246388],[-0.17585,51.4245563],[-0.1756677,51.4245126],[-0.1755476,51.4244797],[-0.1754205,51.4244461]],[[-0.1771987,51.4249302],[-0.1768503,51.4248099],[-0.1767257,51.4247727],[-0.1765386,51.4247157],[-0.1764328,51.4246885],[-0.1762384,51.4246388]],[[-0.1785127,51.4256548],[-0.178345,51.4255364],[-0.1779352,51.4253075],[-0.1775802,51.4251184],[-0.1774205,51.4250305],[-0.1771987,51.4249302]],[[-0.1795385,51.4271037],[-0.1795125,51.4270375],[-0.1793518,51.4266257],[-0.1793166,51.4265284],[-0.1792912,51.426468],[-0.1792438,51.4263866],[-0.1791694,51.4262722],[-0.179087,51.4261612],[-0.178984,51.4260458],[-0.1788497,51.4259138],[-0.1786367,51.4257412],[-0.1785127,51.4256548]],[[-0.1815935,51.4301038],[-0.1815299,51.4300362],[-0.1811168,51.4295856],[-0.1809126,51.4293301],[-0.1807133,51.4290619],[-0.1805391,51.4288329],[-0.1803091,51.4285249],[-0.1802424,51.4284366],[-0.1800996,51.4282395],[-0.1800577,51.4281717],[-0.1800266,51.428118],[-0.1799683,51.428012],[-0.1798252,51.4277406],[-0.1796448,51.4273632],[-0.179609,51.4272752],[-0.1795385,51.4271037]],[[-0.1835525,51.4315958],[-0.1834319,51.4315488],[-0.1834189,51.4315455],[-0.1833995,51.431541],[-0.183378,51.4315369],[-0.1831566,51.4314955],[-0.1829837,51.43144],[-0.1829284,51.4314133],[-0.1827787,51.4313239],[-0.1826754,51.4312346],[-0.1825746,51.4311367],[-0.1825173,51.431081],[-0.1824456,51.4310098],[-0.1823883,51.4309566],[-0.182324,51.4308891],[-0.1821579,51.430715],[-0.182013,51.4305667],[-0.1816996,51.4302245],[-0.181627,51.4301426],[-0.1815935,51.4301038]],[[-0.1842441,51.4313113],[-0.1841314,51.4313218],[-0.1839966,51.4313579],[-0.1838725,51.4314069],[-0.1837394,51.4314793],[-0.1836667,51.431524],[-0.1836487,51.4315353],[-0.1835525,51.4315958]],[[-0.1842441,51.4313113],[-0.18425371579982064,51.43126646000715]],[[-0.21310001901377162,51.437828535823314],[-0.2130935,51.4378567],[-0.2130862,51.4378718]],[[-0.2130862,51.4378718],[-0.2130814,51.4378818],[-0.213066,51.4379003],[-0.2130042,51.4379677]],[[-0.2068757,51.4447928],[-0.2068514,51.4447915],[-0.2067666,51.4447869],[-0.2065188,51.4447891]],[[-0.2070652,51.444793],[-0.2068757,51.4447928]],[[-0.2075162,51.4447718],[-0.2074372,51.4447778],[-0.2072067,51.4447903],[-0.2070652,51.444793]],[[-0.2145049,51.4442808],[-0.2143863,51.4443494],[-0.2141275,51.4444773],[-0.2138968,51.4445726],[-0.2136546,51.444648],[-0.2134135,51.4446906],[-0.2132169,51.4447157],[-0.2130211,51.4447326],[-0.2128329,51.4447443],[-0.2126168,51.4447411],[-0.2123141,51.4447056],[-0.2122121,51.4446935],[-0.2119956,51.4446677],[-0.2117848,51.444649],[-0.211293,51.4446054],[-0.2109333,51.4445861],[-0.2102352,51.4445684],[-0.2098639,51.4445749],[-0.2097753,51.4445773],[-0.2092387,51.444617],[-0.2088498,51.4446523],[-0.2079536,51.4447335],[-0.2078022,51.4447463],[-0.2075162,51.4447718]],[[-0.2156856,51.4459717],[-0.2156371,51.4459875],[-0.2152811,51.4461034],[-0.2149275,51.446216],[-0.21468,51.4462952],[-0.21438,51.4463902],[-0.2142522,51.4464309],[-0.2138251,51.4465677],[-0.2137946,51.4465783],[-0.2134278,51.4467054],[-0.2133718,51.4467248]],[[-0.2133718,51.4467248],[-0.2133927,51.4467431],[-0.2134572,51.4467995],[-0.2135588,51.4468679],[-0.2138576,51.4470516],[-0.2139604,51.4471075],[-0.2141836,51.4472289],[-0.2143516,51.4473202],[-0.2145111,51.4474057],[-0.2146049,51.4474603],[-0.2146922,51.4475223],[-0.2148435,51.4476331],[-0.2149793,51.4477458],[-0.2150956,51.4478574],[-0.2152541,51.4480335],[-0.2154137,51.4482868]],[[-0.2154137,51.4482868],[-0.2155552,51.4485219]],[[-0.2155552,51.4485219],[-0.2156984,51.4487594],[-0.2157446,51.4488403],[-0.2158087,51.4489677],[-0.2158503,51.4490595],[-0.2159286,51.4493097],[-0.2159428,51.4493587],[-0.2159595,51.4494106],[-0.2160086,51.4495635],[-0.2160729,51.4497633],[-0.2160914,51.4498208],[-0.2161629,51.450124],[-0.216192,51.450236],[-0.2162066,51.4502923]],[[-0.2162066,51.4502923],[-0.2162685,51.4506771],[-0.2163251,51.4508863],[-0.2164003,51.4509991],[-0.2164958,51.4511283],[-0.2165562,51.4511876],[-0.2165729,51.451204]],[[-0.2165729,51.451204],[-0.2167005,51.451238],[-0.216745,51.4512499],[-0.2167924,51.451252],[-0.2168879,51.4512517]],[[-0.2168879,51.4512517],[-0.2174449,51.4509303]],[[-0.2174449,51.4509303],[-0.2182619,51.4505241],[-0.2184227,51.450441],[-0.2187278,51.4502795],[-0.2195251,51.4498889],[-0.2204085,51.449454],[-0.2206138,51.4493414]],[[-0.2206138,51.4493414],[-0.2207679,51.4491936],[-0.2209528,51.4490908],[-0.2211997,51.4489582],[-0.2216641,51.4487165],[-0.2218792,51.4486042],[-0.2219958,51.4485344],[-0.2221022,51.4484542],[-0.2222137,51.4483274]],[[-0.2222756,51.4482281],[-0.222449,51.4479722],[-0.2225198,51.4478939],[-0.2225995,51.4478421],[-0.2226986,51.4478134],[-0.2227623,51.4478046],[-0.2228318,51.4478091]],[[-0.2205997,51.4534725],[-0.2207266,51.4535145],[-0.2207645,51.453525],[-0.2208128,51.4535278],[-0.2208545,51.453528],[-0.2209137,51.453518],[-0.2209534,51.453507],[-0.2210215,51.4534827]],[[-0.214419,51.4661239],[-0.2143628,51.466075],[-0.2143326,51.4660581],[-0.2142858,51.4660291],[-0.2142643,51.4660172],[-0.2142369,51.4660007],[-0.2142218,51.4659887],[-0.2141958,51.4659322]],[[-0.1992762,51.4600103],[-0.1992481,51.460034],[-0.1992239,51.4600563],[-0.1992083,51.4600686],[-0.1991837,51.4601126],[-0.1991929,51.4601707],[-0.1992147,51.460269],[-0.199285,51.4605992]],[[-0.199285,51.4605992],[-0.1992061,51.4606073],[-0.19859,51.4606701],[-0.1980972,51.4607319],[-0.1978346,51.4607679],[-0.1975558,51.4608159]],[[-0.1975558,51.4608159],[-0.1973102,51.4608636],[-0.1967215,51.4609855],[-0.1965799,51.4610189],[-0.1965332,51.4610669],[-0.1965356,51.4611396],[-0.1965776,51.4611935],[-0.1967223,51.4613524]],[[-0.1967223,51.4613524],[-0.196751,51.4613817],[-0.1967886,51.4614209],[-0.1970123,51.4617952]],[[-0.1970123,51.4617952],[-0.196874,51.4618271],[-0.1967415,51.461853],[-0.1965638,51.4618755],[-0.1958507,51.4619297],[-0.1958284,51.4619315],[-0.1955919,51.4619507],[-0.195436,51.4619626],[-0.1953439,51.4619444],[-0.1953032,51.4619172],[-0.1952856,51.4618803],[-0.1952342,51.4616237]],[[-0.1952342,51.4616237],[-0.1952117,51.4615176]],[[-0.1967223,51.4613524],[-0.1966447,51.4613928],[-0.1965488,51.4614086],[-0.1959119,51.4614603],[-0.1957805,51.4614691],[-0.195274,51.4615123],[-0.1952117,51.4615176]],[[-0.2226943,51.4488345],[-0.2225174,51.4488323],[-0.2224368,51.4488186],[-0.2223306,51.4488026],[-0.2222162,51.4488011],[-0.2220889,51.4488222],[-0.2219862,51.4488579],[-0.2218928,51.4488993],[-0.2217184,51.4489862],[-0.2215161,51.4490828],[-0.2213317,51.4491782],[-0.2211496,51.4492656],[-0.2210036,51.4493356],[-0.2208064,51.4494259],[-0.2206031,51.4494835]],[[-0.2206031,51.4494835],[-0.2205373,51.4495156],[-0.2197032,51.4499228],[-0.2195388,51.4500031],[-0.2189348,51.4502984],[-0.2185373,51.450502],[-0.2184208,51.4505665],[-0.2183648,51.4505957],[-0.2180152,51.4507779],[-0.2177,51.4509423],[-0.217404,51.4510992]],[[-0.217404,51.4510992],[-0.2170967,51.4512614],[-0.2167563,51.4514368]],[[-0.2167563,51.4514368],[-0.2166149,51.4514722]],[[-0.2166149,51.4514722],[-0.2162189,51.4516571],[-0.2160828,51.4517187]],[[-0.2160828,51.4517187],[-0.2160202,51.451745],[-0.215734,51.4518839],[-0.2156824,51.4519095],[-0.2152733,51.4520918],[-0.2140955,51.4526284],[-0.214015,51.4526633],[-0.2136115,51.4528361],[-0.2133376,51.4529573],[-0.213079,51.453064],[-0.2128802,51.4531477],[-0.2128066,51.4531792],[-0.2123787,51.4533661],[-0.2120671,51.4535092]],[[-0.2120671,51.4535092],[-0.2119218,51.4535737]],[[-0.2119218,51.4535737],[-0.2111229,51.4539142],[-0.2109678,51.4539792],[-0.2107851,51.4540506],[-0.2103116,51.4542311],[-0.2099351,51.4543782],[-0.2099165,51.4543835],[-0.209874,51.4543995],[-0.2095482,51.4545223],[-0.2093016,51.4546138],[-0.2091726,51.4546616],[-0.2087122,51.4548196],[-0.2086019,51.4548575],[-0.208302,51.4549652],[-0.207983,51.4550648],[-0.2079112,51.4550821],[-0.2078375,51.455102],[-0.2076916,51.4551451]],[[-0.2076916,51.4551451],[-0.2075989,51.4551729],[-0.2075372,51.4551912],[-0.2075002,51.455202],[-0.2074178,51.4552259],[-0.2070534,51.4553317],[-0.2066729,51.4554431],[-0.206239,51.455557]],[[-0.206239,51.455557],[-0.2058481,51.4556721],[-0.2049865,51.4559147],[-0.2041924,51.4561584],[-0.2037426,51.4563016]],[[-0.2037426,51.4563016],[-0.2034261,51.4564081]],[[-0.2034261,51.4564081],[-0.2031681,51.4564958]],[[-0.2031681,51.4564958],[-0.2030968,51.4565425],[-0.2030465,51.4565667],[-0.2029997,51.456597],[-0.2029195,51.4566303],[-0.2028402,51.4566558]],[[-0.16927,51.4661248],[-0.16935,51.466092],[-0.1693763,51.4660813],[-0.1694571,51.4660489]],[[-0.1694571,51.4660489],[-0.1696499,51.4659665],[-0.1697594,51.4659071],[-0.1698535,51.4658429],[-0.1699001,51.4658069],[-0.1700079,51.465709],[-0.1701163,51.46562],[-0.1701723,51.4655873],[-0.170254,51.4655444],[-0.170454,51.4654896]],[[-0.170454,51.4654896],[-0.1705683,51.465462],[-0.1709064,51.4653786],[-0.1711073,51.4653295],[-0.1713697,51.465265],[-0.1715214,51.465228]],[[-0.1715214,51.465228],[-0.171769,51.4651706],[-0.1721861,51.4651054],[-0.1723455,51.4650787]],[[-0.1723455,51.4650787],[-0.1730055,51.4648615],[-0.1734011,51.4647485]],[[-0.1734011,51.4647485],[-0.1736581,51.4646656],[-0.1738481,51.4646055],[-0.174046,51.4645429],[-0.174255,51.4644768],[-0.1746486,51.4643523],[-0.1748399,51.4642918],[-0.1749261,51.4642619],[-0.1750599,51.4642155],[-0.1755352,51.4640506],[-0.1756662,51.4640113],[-0.1757764,51.4640024],[-0.1760015,51.4640224],[-0.1760685,51.464028],[-0.1761318,51.4640257],[-0.1762251,51.4640071],[-0.1765685,51.4638945],[-0.1766028,51.4638833],[-0.1766508,51.4638676]],[[-0.178074,51.4664865],[-0.1780855,51.4665238],[-0.1781116,51.4665818]],[[-0.1781116,51.4665818],[-0.1781936,51.4666413],[-0.1782415,51.4666783],[-0.1783186,51.4667184],[-0.1784094,51.4667559],[-0.1784983,51.466788]],[[-0.1784983,51.466788],[-0.1784427,51.466856]],[[-0.1784427,51.466856],[-0.1784011,51.4669088]],[[-0.1784011,51.4669088],[-0.178386,51.4669329],[-0.1783566,51.4669808]],[[-0.1783566,51.4669808],[-0.1783191,51.4670391],[-0.1781924,51.467226],[-0.1781764,51.4672519],[-0.1781367,51.4673321]],[[-0.1781367,51.4673321],[-0.1781055,51.4674154],[-0.1780746,51.4675399],[-0.1780279,51.4677306]],[[-0.1780279,51.4677306],[-0.1780615,51.4677981],[-0.1780329,51.4679582],[-0.1780074,51.4680655],[-0.1779418,51.4682104]],[[-0.1779418,51.4682104],[-0.1778726,51.4683196]],[[-0.1778726,51.4683196],[-0.1778227,51.4683789],[-0.1777532,51.4684547]],[[-0.1777532,51.4684547],[-0.177713,51.4684986]],[[-0.177713,51.4684986],[-0.1774961,51.4686718],[-0.1773043,51.468821],[-0.1771861,51.4688971]],[[-0.1771861,51.4688971],[-0.1771291,51.4689338]],[[-0.1771291,51.4689338],[-0.1769447,51.4690625]],[[-0.1769447,51.4690625],[-0.1768763,51.4691122]],[[-0.1768763,51.4691122],[-0.1768513,51.4691292]],[[-0.1768513,51.4691292],[-0.1767969,51.4691691]],[[-0.1767969,51.4691691],[-0.1769122,51.469254],[-0.1769272,51.4692681],[-0.1769631,51.4692968],[-0.1769605,51.4693469]],[[-0.1769605,51.4693469],[-0.1770692,51.469446],[-0.177143,51.4695341],[-0.1772009,51.4696168],[-0.1772486,51.469716],[-0.1772635,51.4697557],[-0.1773062,51.4698692],[-0.1773415,51.4699999]],[[-0.1773415,51.4699999],[-0.1773486,51.4700396],[-0.1773681,51.4701983],[-0.1773955,51.4703752]],[[-0.1773955,51.4703752],[-0.1774102,51.4705251],[-0.177416,51.4705793],[-0.1774253,51.4706659]],[[-0.1774253,51.4706659],[-0.1774531,51.4708675],[-0.1774577,51.4709538],[-0.1774464,51.4710431],[-0.177382,51.4712954],[-0.1773305,51.4714588],[-0.177284,51.4715934],[-0.1772228,51.4717544],[-0.1771654,51.4719051],[-0.1771534,51.4719381]],[[-0.1771534,51.4719381],[-0.1771282,51.471993]],[[-0.1771282,51.471993],[-0.1771204,51.4721082],[-0.177097,51.4721952],[-0.1770729,51.4722981],[-0.1770216,51.4724005]],[[-0.1770216,51.4724005],[-0.1769995,51.4724436],[-0.1769439,51.47257],[-0.1768593,51.4727439],[-0.1768368,51.472778],[-0.1767892,51.472837]],[[-0.1767833,51.4729464],[-0.1767842,51.4728923],[-0.1767892,51.472837]],[[-0.1759231,51.4746894],[-0.1760674,51.4745892],[-0.1762235,51.4744809],[-0.1762419,51.4744681],[-0.1764558,51.4743203],[-0.1765402,51.4742614],[-0.1765734,51.4742393],[-0.17673,51.4741347],[-0.176814,51.4740756],[-0.1768806,51.4740254],[-0.176911,51.4739682],[-0.1769449,51.4738948],[-0.1769524,51.4738691],[-0.1770254,51.4736199],[-0.1770821,51.4734252],[-0.1770977,51.4733506],[-0.1770938,51.4733124],[-0.1770752,51.4732777],[-0.1770644,51.4732604],[-0.1770475,51.4732378],[-0.1770159,51.4732091],[-0.1769389,51.4731577],[-0.176878,51.473114],[-0.1768454,51.4730844],[-0.1768064,51.4730274],[-0.176794,51.4729942],[-0.1767833,51.4729464]],[[-0.1757105,51.4748118],[-0.1757765,51.4747756],[-0.1759231,51.4746894]],[[-0.175031,51.4752407],[-0.1750727,51.475177],[-0.1750916,51.4751477],[-0.1751247,51.4750967],[-0.1751617,51.4750576],[-0.1752106,51.4750261],[-0.1752628,51.4750043],[-0.175388,51.4749558],[-0.1756198,51.4748604],[-0.1757105,51.4748118]],[[-0.175031,51.4752407],[-0.1748816,51.4752808],[-0.1747172,51.4753206],[-0.1745392,51.4753619],[-0.1744783,51.4753729],[-0.174037,51.4754608],[-0.1739382,51.4754803],[-0.173633,51.4755358],[-0.1735729,51.4755464],[-0.1735054,51.4755615]],[[-0.1735054,51.4755615],[-0.1733351,51.475612],[-0.1730197,51.4757097],[-0.172828,51.4757691],[-0.1722508,51.4759393],[-0.1720277,51.4760179],[-0.1717229,51.476112],[-0.1716041,51.4761528],[-0.1715201,51.4762154],[-0.171298,51.4765062],[-0.1712169,51.4766002],[-0.1708883,51.4770066],[-0.1707605,51.4771646],[-0.1705824,51.4773794],[-0.1703316,51.4777],[-0.1702087,51.4778577]],[[-0.1702087,51.4778577],[-0.1701548,51.477927],[-0.1701137,51.4779808]],[[-0.1701137,51.4779808],[-0.1700202,51.4780996],[-0.1700047,51.4781213]],[[-0.1700047,51.4781213],[-0.1699916,51.4781376]],[[-0.1699916,51.4781376],[-0.1699717,51.4781622]],[[-0.1699717,51.4781622],[-0.1699398,51.4782015],[-0.1698555,51.4782662]],[[-0.17136,51.4798285],[-0.1714399,51.4798405]],[[-0.1714399,51.4798405],[-0.1714808,51.4798873],[-0.1714745,51.4799023],[-0.171467,51.4799204],[-0.1714505,51.4799606]],[[-0.1481604,51.4780298],[-0.1481353,51.4779932],[-0.1481199,51.4779546],[-0.1481147,51.4779149],[-0.1481198,51.4778752],[-0.1481351,51.4778366]],[[-0.1481351,51.4778366],[-0.1481507,51.4778119],[-0.1481705,51.4777884],[-0.1481939,51.4777667],[-0.1482208,51.4777467],[-0.1482509,51.4777285],[-0.148284,51.4777125]],[[-0.148284,51.4777125],[-0.1483489,51.4776337],[-0.1483819,51.4776059],[-0.1484001,51.4775816],[-0.1484117,51.4775616],[-0.1484559,51.4775142]],[[-0.1484559,51.4775142],[-0.1484546,51.4775067]],[[-0.1484546,51.4775067],[-0.1484463,51.4774653]],[[-0.1484463,51.4774653],[-0.1483916,51.4772343]],[[-0.1483916,51.4772343],[-0.1483818,51.4771895],[-0.1483712,51.4771411]],[[-0.1483712,51.4771411],[-0.148367,51.4771221]],[[-0.148367,51.4771221],[-0.1483194,51.4768788]],[[-0.1483194,51.4768788],[-0.1483153,51.4768468]],[[-0.1483153,51.4768468],[-0.1482859,51.4766731],[-0.1482763,51.4765972]],[[-0.1482763,51.4765972],[-0.1482699,51.4765652]],[[-0.1482699,51.4765652],[-0.1482614,51.4765231],[-0.1482541,51.4764964],[-0.1482319,51.4763931]],[[-0.1482037,51.4762114],[-0.1482234,51.4762513],[-0.1482319,51.4763931]],[[-0.1481405,51.4760968],[-0.1481695,51.4761512],[-0.1482037,51.4762114]],[[-0.1479996,51.4759854],[-0.1480723,51.4760345],[-0.1481405,51.4760968]],[[-0.1478782,51.4759196],[-0.1479411,51.4759505],[-0.1479996,51.4759854]],[[-0.1476892,51.4758346],[-0.1478499,51.4759087],[-0.1478782,51.4759196]],[[-0.1476138,51.4758018],[-0.1476513,51.4758175],[-0.1476892,51.4758346]],[[-0.1473191,51.4756659],[-0.1476138,51.4758018]],[[-0.1470752,51.475546],[-0.1472237,51.4756203],[-0.1473191,51.4756659]],[[-0.1469962,51.4755058],[-0.1470357,51.4755254],[-0.1470752,51.475546]],[[-0.146957,51.4754851],[-0.1469866,51.4755007],[-0.1469962,51.4755058]],[[-0.1468405,51.4754083],[-0.146957,51.4754851]],[[-0.1467596,51.4753487],[-0.1468405,51.4754083]],[[-0.1465743,51.4751874],[-0.1467596,51.4753487]],[[-0.1463895,51.4748251],[-0.1463983,51.4749176],[-0.1464274,51.474983],[-0.1464629,51.4750442],[-0.1465268,51.4751328],[-0.1465743,51.4751874]],[[-0.1464822,51.4746136],[-0.1464127,51.474727],[-0.1463953,51.4747766],[-0.1463895,51.4748251]],[[-0.1465957,51.4745086],[-0.1465525,51.4745453],[-0.1464822,51.4746136]],[[-0.1469891,51.4742702],[-0.1468566,51.474337],[-0.1467228,51.4744119],[-0.1465957,51.4745086]],[[-0.1471135,51.4742272],[-0.1470492,51.4742485],[-0.1469891,51.4742702]],[[-0.1472054,51.4741988],[-0.1471135,51.4742272]],[[-0.1474601,51.4741202],[-0.1472054,51.4741988]],[[-0.1479926,51.4737692],[-0.1479273,51.4738548],[-0.1478879,51.4738995],[-0.1478487,51.4739353],[-0.1478128,51.4739642],[-0.1477742,51.4739878],[-0.1477167,51.4740228],[-0.1476531,51.4740538],[-0.1475785,51.4740832],[-0.1474601,51.4741202]],[[-0.1480474,51.4736644],[-0.1479926,51.4737692]],[[-0.1487409,51.4720414],[-0.1487025,51.4721275],[-0.148696,51.4721438],[-0.1486764,51.4721926],[-0.1483164,51.4730462],[-0.1482805,51.4731354],[-0.1481178,51.4735139],[-0.1480474,51.4736644]],[[-0.149894,51.4692211],[-0.1494758,51.4702598],[-0.1494323,51.4703665],[-0.1494089,51.4704211],[-0.1493881,51.4704714],[-0.1493744,51.4705029],[-0.1493208,51.470644],[-0.1492646,51.4707765],[-0.149217,51.4708895],[-0.1488033,51.4718836],[-0.1487836,51.4719333],[-0.1487682,51.4719721],[-0.1487409,51.4720414]],[[-0.1500296,51.4689262],[-0.1498974,51.4692129],[-0.149894,51.4692211]],[[-0.1505177,51.4677669],[-0.1504525,51.4679541],[-0.1500296,51.4689262]],[[-0.1505605,51.4676439],[-0.1505177,51.4677669]],[[-0.15056560997047921,51.46762804628749],[-0.1505605,51.4676439]],[[-0.1271006576965921,51.48350201236175],[-0.1271515,51.4835591],[-0.1271306,51.4836328],[-0.1270263,51.4837602]],[[-0.1270263,51.4837602],[-0.1267663,51.4841146]],[[-0.1267663,51.4841146],[-0.1266049,51.4842603]],[[-0.1266049,51.4842603],[-0.1265622,51.4842973],[-0.12653,51.4843246],[-0.1264413,51.4844017]],[[-0.1264413,51.4844017],[-0.1263941,51.4844428]],[[-0.1263941,51.4844428],[-0.1263683163028551,51.484460502239834]],[[-0.1862823,51.4632786],[-0.1860836,51.4631039],[-0.1860193,51.4630473],[-0.1859916,51.4630156],[-0.1859532,51.462973]],[[-0.1859532,51.462973],[-0.1859038,51.4629312],[-0.1858517,51.4629011],[-0.1857862,51.4628785],[-0.1857247,51.4628617]],[[-0.1857247,51.4628617],[-0.1853126,51.4628355],[-0.1851958,51.4628276]],[[-0.1851958,51.4628276],[-0.1850928,51.4628047],[-0.1850167,51.4627922],[-0.1849381,51.4627742],[-0.1848778,51.4627521],[-0.1848257,51.4627261],[-0.1847768,51.4626953],[-0.1847312,51.4626594],[-0.1846985,51.4626253],[-0.1846612,51.4625847]],[[-0.1858318,51.4618768],[-0.1860575,51.4618645],[-0.1861702,51.4618705],[-0.1862216,51.4618742]],[[-0.1862216,51.4618742],[-0.1864357,51.4618796],[-0.186549,51.4618771],[-0.1867058,51.4618696],[-0.186883,51.461852],[-0.1871685,51.4618194],[-0.1872855,51.4618056]],[[-0.1872855,51.4618056],[-0.1874283,51.4617908],[-0.1874813,51.4617862],[-0.1875784,51.4617757],[-0.1876484,51.4617676]],[[-0.1876484,51.4617676],[-0.1878481,51.4617451],[-0.1879112,51.4617388],[-0.1879494,51.4617347],[-0.1881269,51.4617628]],[[-0.1883897,51.4617358],[-0.1881269,51.4617628]],[[-0.1886392,51.4617102],[-0.1883897,51.4617358]],[[-0.1899984,51.4614865],[-0.1898394,51.4615376],[-0.1895675,51.4615972],[-0.1891189,51.4616625],[-0.1887462,51.4617022],[-0.1886392,51.4617102]],[[-0.1899984,51.4614865],[-0.1900273,51.4614347],[-0.1900417,51.4614252],[-0.1900804,51.4614077],[-0.1901272,51.461384],[-0.1902235,51.4613356],[-0.1902643,51.461313],[-0.1903875,51.4612896]],[[-0.1908032,51.4607053],[-0.1907561,51.4608247],[-0.1906986,51.4609602],[-0.1905809,51.4611223],[-0.1904977,51.4611943],[-0.1903875,51.4612896]],[[-0.1908887,51.4599799],[-0.1908774,51.4601033],[-0.1908626,51.4602671],[-0.1908196,51.4605782],[-0.1908032,51.4607053]],[[-0.1908174,51.4596532],[-0.1908433,51.4597242],[-0.1908745,51.4598452],[-0.1908887,51.4599799]],[[-0.1907649,51.4595303],[-0.1908174,51.4596532]],[[-0.1907649,51.4595303],[-0.1906757,51.4594748]],[[-0.1906757,51.4594748],[-0.190637,51.4594068],[-0.1906126,51.4593551],[-0.1905867,51.4592918]],[[-0.1905867,51.4592918],[-0.1905457,51.4591814],[-0.190543,51.4591265]],[[-0.1897602,51.4570755],[-0.1897917,51.4570089],[-0.1897828,51.4569686],[-0.1897855,51.4569307]],[[-0.1897855,51.4569307],[-0.1898056,51.456888],[-0.1898313,51.4568683],[-0.1899108,51.45684],[-0.1900881,51.4568134],[-0.1902404,51.4567918],[-0.1903156,51.4567575]],[[-0.1903156,51.4567575],[-0.1906804,51.4567301],[-0.1909173,51.456722],[-0.1911534,51.4567222],[-0.1912017,51.4567222],[-0.1914574,51.4567263]],[[-0.1914574,51.4567263],[-0.1919043,51.4567267]],[[-0.1919043,51.4567267],[-0.1924736,51.4567422],[-0.1925367,51.4567447],[-0.1927221,51.4567652]],[[-0.1924049,51.4541817],[-0.192509,51.4541439],[-0.1926007,51.4541179],[-0.1927382,51.4540961],[-0.1928106,51.454087],[-0.1930716,51.4540529]],[[-0.1544883,51.4699813],[-0.1544613,51.4699683],[-0.1544406,51.4699286],[-0.1543867,51.4698252],[-0.1543105,51.4696651]],[[-0.1544883,51.4699813],[-0.1545203,51.4699568],[-0.1545682,51.4699336],[-0.1550289,51.4697499]],[[-0.1550289,51.4697499],[-0.1556631,51.4695662],[-0.1559618,51.4694893],[-0.1562512,51.4694362]],[[-0.1562512,51.4694362],[-0.15645,51.469397],[-0.1567814,51.4693474],[-0.1571675,51.4693001],[-0.1575496,51.4692681],[-0.1579122,51.4692495],[-0.1582296,51.4692362],[-0.1582943,51.469231],[-0.158352,51.4692211],[-0.1584137,51.4692056],[-0.158559,51.4691439]],[[-0.158559,51.4691439],[-0.1585315,51.4691105],[-0.1585225,51.4690762],[-0.1585116,51.4690042],[-0.1584756,51.468794],[-0.1584008,51.4683615]],[[-0.1584008,51.4683615],[-0.158327,51.4679253],[-0.1582633,51.467543],[-0.1582589,51.4675167],[-0.1582533,51.4674832]],[[-0.1603408,51.4673442],[-0.1602479,51.4673509],[-0.1582533,51.4674832]],[[-0.1619295,51.4672353],[-0.1604326,51.4673379],[-0.1603408,51.4673442]],[[-0.1626977,51.4671307],[-0.1625931,51.4671542],[-0.1625774,51.4671569],[-0.1625386,51.4671627],[-0.1624315,51.467181],[-0.1623207,51.4672003],[-0.1621921,51.4672146],[-0.1620669,51.4672267],[-0.1619295,51.4672353]],[[-0.1626977,51.4671307],[-0.1625965,51.4669162],[-0.1625094,51.4667313],[-0.1624666,51.4666351],[-0.162421,51.466531],[-0.1624031,51.4664741],[-0.1623642,51.4662544],[-0.162356,51.4662152],[-0.1623475,51.4661825],[-0.162236,51.465784],[-0.1621969,51.4655323],[-0.1621386,51.4652846],[-0.1620727,51.4650695],[-0.1620216,51.4648358],[-0.1619863,51.4646869]],[[-0.1619863,51.4646869],[-0.161959,51.4646163],[-0.1619463,51.4645714],[-0.1618558,51.4644843]],[[-0.1620989,51.4644536],[-0.1620737,51.464456],[-0.1620313,51.4644609],[-0.161959,51.4644726],[-0.1618558,51.4644843]],[[-0.1621632,51.4644536],[-0.1620989,51.4644536]],[[-0.1623048,51.4644337],[-0.1621632,51.4644536]],[[-0.1624385,51.4644149],[-0.1623048,51.4644337]],[[-0.1627176,51.4643823],[-0.1625512,51.4644015],[-0.1624385,51.4644149]],[[-0.1632274,51.4643196],[-0.1629932,51.464347],[-0.1627176,51.4643823]],[[-0.1651484,51.4640206],[-0.1650579,51.4640359],[-0.1649099,51.4640632],[-0.164764,51.4640897],[-0.1645405,51.4641339],[-0.1643715,51.4641633],[-0.1641455,51.4642005],[-0.1640818,51.4642097],[-0.1640206,51.4642183],[-0.1635792,51.4642771],[-0.1634913,51.4642889],[-0.1633437,51.464306],[-0.1632274,51.4643196]],[[-0.1652429,51.4640054],[-0.1651484,51.4640206]],[[-0.1652429,51.4640054],[-0.1653498,51.4639468],[-0.1654665,51.4639348],[-0.165594,51.4639212],[-0.1656444,51.4639171],[-0.1657655,51.4639102],[-0.1658279,51.4639355]],[[-0.1667512,51.4638952],[-0.1662019,51.4639183],[-0.1659499,51.4639308],[-0.1658279,51.4639355]],[[-0.1669859,51.463882],[-0.1668951,51.4638879],[-0.1667512,51.4638952]],[[-0.1672029,51.4638565],[-0.1670876,51.4638733],[-0.1669859,51.463882]],[[-0.1673126,51.4638412],[-0.1672029,51.4638565]],[[-0.1673126,51.4638412],[-0.1673361,51.4637976]],[[-0.1673361,51.4637976],[-0.1674151,51.4637742],[-0.1674903,51.4637546],[-0.1675713,51.4637322],[-0.1676394,51.4637118]],[[-0.1637047,51.4535143],[-0.163576,51.45354],[-0.1635064,51.4535539],[-0.1634538,51.4535644]],[[-0.1634538,51.4535644],[-0.1634023,51.4535747]],[[-0.1634023,51.4535747],[-0.1633263,51.4535898]],[[-0.1633263,51.4535898],[-0.1629508,51.4536789],[-0.1628906,51.4536921],[-0.1625687,51.4537654],[-0.1625106,51.4537828],[-0.1621518,51.4538867],[-0.1620583,51.4539132],[-0.1616745,51.4540216],[-0.1613455,51.4541162],[-0.1613111,51.454126],[-0.160995,51.4542196],[-0.1608513,51.4542598],[-0.1602028,51.454449],[-0.1600565,51.4544909],[-0.1599102,51.4545356],[-0.1595724,51.4546503],[-0.1590909,51.4548198],[-0.1587322,51.4549429],[-0.1582858,51.4551021],[-0.1580465,51.455184],[-0.15785,51.4552563],[-0.1570656,51.4555425],[-0.1559584,51.4559616],[-0.1550169,51.456317],[-0.1549735,51.4563321],[-0.1549581,51.4563375],[-0.1548863,51.4563536],[-0.1548084,51.4563624],[-0.1547858,51.4563646],[-0.1547636,51.4563668],[-0.1547216,51.4563802],[-0.1546915,51.456393],[-0.1545572,51.4564506],[-0.1538812,51.4567195],[-0.1538149,51.4567558],[-0.1537967,51.4567663],[-0.1537557,51.4567899],[-0.1537199,51.4568157]],[[-0.1537199,51.4568157],[-0.1536266,51.4567693],[-0.153567,51.4567423],[-0.1535214,51.4567212],[-0.1513289,51.4557205],[-0.1511892,51.4556621],[-0.1510304,51.4555855],[-0.1509758,51.4555569],[-0.1509233,51.4555312],[-0.1491932,51.45475]],[[-0.1491932,51.45475],[-0.1491819,51.4547459],[-0.1491236,51.4547245],[-0.149062,51.4546972],[-0.1490473,51.4546915],[-0.14784208962693912,51.4541661476493]],[[-0.1474116,51.4529396],[-0.1475778,51.4529564],[-0.1476834,51.4529592],[-0.1477528,51.4529641],[-0.1478235,51.4529665],[-0.1479623,51.4529669],[-0.1480656,51.452978]],[[-0.1510734,51.45286],[-0.1509265,51.4528673],[-0.1507844,51.4528734],[-0.1506335,51.4528812],[-0.1500865,51.4529144],[-0.1494761,51.4529306],[-0.1493627,51.4529347],[-0.1481216,51.452979],[-0.1480656,51.452978]],[[-0.1515942,51.4528076],[-0.1515217,51.4528179],[-0.1513635,51.4528396],[-0.1510734,51.45286]],[[-0.1634248,51.4483532],[-0.1632963,51.4484055],[-0.1632552,51.4484223],[-0.1631853,51.4484505],[-0.1624294,51.4487702],[-0.1624261,51.4487716],[-0.1623468,51.4488009],[-0.1622572,51.4488388],[-0.1622477,51.4488424],[-0.1615867,51.4490919],[-0.1612474,51.44922],[-0.1610603,51.4492948],[-0.1608876,51.4493627],[-0.1606877,51.4494368],[-0.1600159,51.4496864],[-0.1599119,51.4497249],[-0.1597836,51.4497713],[-0.1595653,51.449844],[-0.1593449,51.4498966],[-0.159115,51.4499421],[-0.15887,51.4499827],[-0.1586617,51.450025],[-0.1585434,51.4500522],[-0.1582354,51.4501232],[-0.1581625,51.4501409],[-0.1578716,51.4502212],[-0.1575076,51.4503216],[-0.1570149,51.450464],[-0.1564968,51.4506067],[-0.1561111,51.4507148],[-0.1559156,51.4507723],[-0.1555874,51.4508675],[-0.155442,51.450899],[-0.1550055,51.4509933],[-0.1545226,51.4510777],[-0.1543914,51.4511099],[-0.1543333,51.4511245],[-0.1541254,51.4511884],[-0.1540275,51.4512293],[-0.1539564,51.4512695],[-0.1538491,51.4513497],[-0.1537619,51.4514358],[-0.1535973,51.4516397],[-0.1535479,51.4516888],[-0.1535168,51.4517198],[-0.1533215,51.4519302],[-0.1532784,51.4519748],[-0.153231,51.4520254],[-0.1532119,51.4520422],[-0.1531879,51.4520632],[-0.1531078,51.4521328],[-0.1530829,51.4521544],[-0.1530136,51.4522057],[-0.1528299,51.4523059],[-0.1525619,51.4524678],[-0.1524368,51.4525302],[-0.1522882,51.4526118],[-0.1520027,51.4527186],[-0.151896,51.4527491],[-0.1518033,51.4527669],[-0.1517016,51.4527883],[-0.1515942,51.4528076]],[[-0.1680963,51.4437437],[-0.1680482,51.4437734],[-0.1680365,51.4437838],[-0.1679833,51.4438423]],[[-0.1686357,51.4435158],[-0.1681471,51.4437225],[-0.1680963,51.4437437]],[[-0.1704245,51.4423215],[-0.1703906,51.4423537],[-0.1703614,51.4423814],[-0.1701474,51.4425734],[-0.1699786,51.4427183],[-0.1698711,51.4428098],[-0.1697164,51.4429255],[-0.1695331,51.4430853],[-0.1694583,51.4431434],[-0.1693928,51.443183],[-0.1692722,51.4432409],[-0.1687563,51.4434648],[-0.1686357,51.4435158]],[[-0.1705513,51.4422218],[-0.1704603,51.4422934],[-0.1704245,51.4423215]],[[-0.1706157,51.4421787],[-0.1705513,51.4422218]],[[-0.1706455,51.4421626],[-0.1706157,51.4421787]],[[-0.1708199,51.4420564],[-0.1707032,51.4421224],[-0.1706455,51.4421626]],[[-0.1709324,51.4419987],[-0.1708199,51.4420564]],[[-0.1710854,51.4419486],[-0.1710556,51.4419595],[-0.1709964,51.4419812],[-0.1709324,51.4419987]],[[-0.1713287,51.4418408],[-0.1711818,51.4419052],[-0.1711226,51.4419321],[-0.1710854,51.4419486]],[[-0.1715101,51.4417727],[-0.1713287,51.4418408]],[[-0.1715565,51.4417559],[-0.1715101,51.4417727]],[[-0.1718718,51.4416477],[-0.1715565,51.4417559]],[[-0.1719529,51.4416217],[-0.1718718,51.4416477]],[[-0.1736928,51.4410427],[-0.17331,51.4411713],[-0.172486,51.4414402],[-0.1719529,51.4416217]],[[-0.1737905,51.4410106],[-0.1736928,51.4410427]],[[-0.1738725,51.4409815],[-0.1738357,51.4409945],[-0.1737905,51.4410106]],[[-0.1744089,51.4408014],[-0.1740935,51.4409075],[-0.1739728,51.4409481],[-0.1738725,51.4409815]],[[-0.1746297,51.4407291],[-0.1745393,51.4407576],[-0.1744089,51.4408014]],[[-0.174682,51.4407126],[-0.1746297,51.4407291]],[[-0.1748633,51.4406554],[-0.174682,51.4407126]],[[-0.1757825,51.4403633],[-0.1757286,51.4403812],[-0.1749972,51.4406131],[-0.1748633,51.4406554]],[[-0.1760381,51.4402783],[-0.1757825,51.4403633]],[[-0.1763358,51.4401631],[-0.1760381,51.4402783]],[[-0.1763358,51.4401631],[-0.1762853,51.4401158],[-0.1762449,51.4400797],[-0.1761659,51.4400115],[-0.1760111,51.4398903],[-0.1758407,51.4397673],[-0.1756528,51.4396516],[-0.1755478,51.4395912],[-0.1752675,51.439461],[-0.1749453,51.4393516],[-0.1748279,51.4393054],[-0.1747964,51.4392962],[-0.1747482,51.4392822],[-0.1745867,51.4392353],[-0.1745567,51.4392266],[-0.1744781,51.4392101],[-0.1743028,51.4391762],[-0.1742081,51.4391578],[-0.1737737,51.4391094]],[[-0.1737737,51.4391094],[-0.1732627,51.439357]],[[-0.1732627,51.439357],[-0.1728293,51.439567]],[[-0.172159,51.439044],[-0.1721972,51.4390739],[-0.1726077,51.4393957],[-0.1728293,51.439567]],[[-0.1724143,51.4389161],[-0.172159,51.439044]],[[-0.1737737,51.4391094],[-0.1734766,51.4390369],[-0.1734053,51.4390125],[-0.1733336,51.4389804],[-0.1732042,51.4388938],[-0.1730861,51.4387866],[-0.1729222,51.4386891],[-0.1728844,51.4386805],[-0.1724143,51.4389161]],[[-0.1763843,51.440146],[-0.1763358,51.4401631]],[[-0.1765876,51.4400735],[-0.1764682,51.4401149],[-0.1763843,51.440146]],[[-0.1767807,51.4399879],[-0.1765876,51.4400735]],[[-0.1770688,51.4398852],[-0.1769273,51.4399306],[-0.1768205,51.4399702],[-0.1767807,51.4399879]],[[-0.1771282,51.4398629],[-0.1771073,51.4398713],[-0.1770688,51.4398852]],[[-0.1771843,51.4398439],[-0.1771282,51.4398629]],[[-0.1771843,51.4398439],[-0.1771944,51.4397853]],[[-0.1771944,51.4397853],[-0.1775269,51.4396553],[-0.1776745,51.4396582]],[[-0.1778325,51.4395762],[-0.1777665,51.4396092],[-0.1776745,51.4396582]],[[-0.1779303,51.4395339],[-0.177894,51.4395473],[-0.1778325,51.4395762]],[[-0.1781438,51.4394555],[-0.1781141,51.4394662],[-0.1779303,51.4395339]],[[-0.1782174,51.4394286],[-0.1781438,51.4394555]],[[-0.1782907,51.4394017],[-0.1782174,51.4394286]],[[-0.1784096,51.439367],[-0.1782907,51.4394017]],[[-0.1784631,51.4393402],[-0.1784409,51.4393513],[-0.1784096,51.439367]],[[-0.1796603,51.4386421],[-0.1793664,51.4387916],[-0.1792718,51.4388419],[-0.1792246,51.4388668],[-0.179107,51.4389367],[-0.1789517,51.4390461],[-0.178683,51.4392248],[-0.1786043,51.4392702],[-0.1784631,51.4393402]],[[-0.1797757,51.4385859],[-0.1796603,51.4386421]],[[-0.1798388,51.4385557],[-0.1797757,51.4385859]],[[-0.1798675,51.4385419],[-0.1798388,51.4385557]],[[-0.1799041,51.4385234],[-0.1798675,51.4385419]],[[-0.180147,51.4384043],[-0.1800513,51.4384489],[-0.1799041,51.4385234]],[[-0.1802881,51.4383385],[-0.180147,51.4384043]],[[-0.1802995,51.4383331],[-0.1802881,51.4383385]],[[-0.1805495,51.4382166],[-0.1802995,51.4383331]],[[-0.1809027,51.4380504],[-0.1808312,51.4380855],[-0.1807417,51.438127],[-0.1805495,51.4382166]],[[-0.181568,51.4376573],[-0.1815147,51.4376985],[-0.1813857,51.4377783],[-0.1809289,51.4380356],[-0.1809027,51.4380504]],[[-0.181568,51.4376573],[-0.1815074,51.4376122],[-0.1814813,51.4375953],[-0.1811745,51.4373822],[-0.180918,51.4371956],[-0.1806977,51.4370441]],[[-0.1806977,51.4370441],[-0.1804671,51.4368856],[-0.1802928,51.4367648]],[[-0.1802928,51.4367648],[-0.1799399,51.4365201],[-0.1798681,51.436447],[-0.1798361,51.4363724],[-0.1798498,51.4363276],[-0.1799265,51.4362435],[-0.1800026,51.4361493]],[[-0.1800026,51.4361493],[-0.1795477,51.4359942]],[[-0.1795477,51.4359942],[-0.1795276,51.4360159],[-0.1793665,51.4361893],[-0.1793098,51.4362233],[-0.1792441,51.4362388],[-0.1791363,51.4362325],[-0.1790662,51.4362287],[-0.1790397,51.4362273],[-0.1781938,51.436182],[-0.177999,51.4361747],[-0.1779123,51.436154],[-0.1778606,51.4361161],[-0.1778559,51.4361046],[-0.1777565,51.4358645]],[[-0.1777565,51.4358645],[-0.1777238,51.4357786],[-0.1777069,51.4357356],[-0.1777035,51.4356712],[-0.1775812,51.4353773],[-0.1775284,51.43524],[-0.1773184,51.4347183],[-0.1772719,51.4346626],[-0.1772549,51.4346244]],[[-0.1772549,51.4346244],[-0.1772178,51.4346313],[-0.1757398,51.4349077],[-0.1756875,51.4349183],[-0.1756304,51.4349448],[-0.1756009,51.4349801],[-0.1756011,51.4350296],[-0.1756247,51.4350912],[-0.175667,51.4351658],[-0.1757081,51.4352304],[-0.1758228,51.4353606],[-0.1759264,51.4354532],[-0.1760219,51.4355234],[-0.1760814,51.4355604]],[[-0.1760814,51.4355604],[-0.1761857,51.4356394],[-0.1762705,51.435721],[-0.1763414,51.4358027],[-0.1764621,51.4359798],[-0.1765405,51.4360569],[-0.1766246,51.4361164],[-0.1766701,51.4361438],[-0.1767226,51.4361684],[-0.1767539,51.4361758],[-0.1767999,51.4361785],[-0.1768395,51.4361738],[-0.1768743,51.4361675],[-0.176909,51.4361536],[-0.1772636,51.4359411],[-0.1777565,51.4358645]],[[-0.1800026,51.4361493],[-0.1802611,51.4358725]],[[-0.1802611,51.4358725],[-0.1804045,51.4357189],[-0.1804863,51.4356313]],[[-0.1804863,51.4356313],[-0.1810933,51.434942],[-0.1812191,51.4347957],[-0.1812585,51.4347498]],[[-0.1812585,51.4347498],[-0.1812992,51.4346877],[-0.1813114,51.4346277],[-0.1813032,51.4345597],[-0.1812788,51.4344944],[-0.1811945,51.4343804],[-0.1810344,51.4342218],[-0.180902,51.4340896],[-0.1808529,51.4340217],[-0.1808398,51.4339907],[-0.1808357,51.4339261],[-0.1808581,51.4338564],[-0.1810877,51.4335879],[-0.1811877,51.4334705],[-0.1812279,51.4334078],[-0.1812575,51.4333375],[-0.1812747,51.4332849],[-0.1812785,51.4332536],[-0.1812852,51.433198]],[[-0.1754226,51.4275453],[-0.1753309,51.4275231],[-0.1752893,51.427524],[-0.175221,51.4275304],[-0.1751383,51.4275622]],[[-0.1753563,51.4246559],[-0.1753164,51.4246341],[-0.1753427,51.4245841],[-0.1754205,51.4244461]],[[-0.1682537,51.4277743],[-0.1682551,51.4278467],[-0.1682266,51.4278789]],[[-0.1682266,51.4278789],[-0.1681861,51.4279232],[-0.1681435,51.4279594]],[[-0.1681435,51.4279594],[-0.1681294,51.4279742]],[[-0.1681294,51.4279742],[-0.1680659,51.4280399]],[[-0.1680659,51.4280399],[-0.1680091,51.4280989]],[[-0.1635308,51.4246868],[-0.1634348,51.4247219],[-0.1633105,51.4247488],[-0.1628997,51.4248135],[-0.1627598,51.4248343],[-0.1615734,51.425025],[-0.1611115,51.4250879],[-0.1606629,51.4251885],[-0.1602685,51.4252911],[-0.1600749,51.4253415],[-0.1595711,51.4254759],[-0.1593899,51.4255253],[-0.1592151,51.4255729],[-0.1588518,51.4256754],[-0.1587111,51.4257087],[-0.1585664,51.4257429],[-0.1581172,51.4258549],[-0.157942,51.4259002],[-0.1576847,51.4259667],[-0.1574214,51.4260331],[-0.1571752,51.4261061],[-0.156804,51.4262162],[-0.1564863,51.4263225],[-0.1562767,51.4263926],[-0.1559474,51.4265059],[-0.1557129,51.4265799],[-0.1553425,51.4266968],[-0.1552076,51.4267407],[-0.1546742,51.4269261],[-0.1544167,51.4270101],[-0.1540346,51.427134],[-0.153935,51.4271638],[-0.153607,51.4272699],[-0.153481,51.4273141]],[[-0.153481,51.4273141],[-0.153141,51.4274118]],[[-0.153141,51.4274118],[-0.1530316,51.4274401],[-0.1529192,51.4274629],[-0.1528119,51.427478]],[[-0.1528119,51.427478],[-0.1527386,51.4274853],[-0.1525629,51.4275261]],[[-0.1525629,51.4275261],[-0.1525178,51.4275606],[-0.1524596,51.4275838],[-0.1523792,51.4275966],[-0.152311,51.4275996],[-0.1522695,51.4275916],[-0.1522234,51.4275754],[-0.1521921,51.4275558],[-0.1521673,51.4275349],[-0.1521273,51.4274781],[-0.1521261,51.4274366],[-0.1521335,51.4274035]],[[-0.1521335,51.4274035],[-0.1520748,51.4273761],[-0.1519928,51.4273379]],[[-0.1519928,51.4273379],[-0.1519127,51.4273431],[-0.1517157,51.4273704],[-0.1516142,51.4273844],[-0.1503966,51.4275527],[-0.1500308,51.4276211]],[[-0.1500308,51.4276211],[-0.1500317,51.42765],[-0.1500166,51.4276774],[-0.1499875,51.4276999],[-0.1499477,51.4277149],[-0.1499084,51.4277207],[-0.1498701,51.4277221],[-0.1498284,51.4277141],[-0.1497976,51.4277012]],[[-0.1497976,51.4277012],[-0.1497812,51.4276788],[-0.1497685,51.4276535]],[[-0.1497685,51.4276535],[-0.1491381,51.4277453],[-0.1487734,51.4278098]],[[-0.1487734,51.4278098],[-0.1487058,51.4276978],[-0.1486317,51.4276289],[-0.1485071,51.4276185],[-0.1480179,51.4277468],[-0.1474856,51.4278607],[-0.147418,51.4278731],[-0.1473437,51.4278852],[-0.1471973,51.4279054],[-0.1469899,51.4279327],[-0.1464586,51.428014],[-0.1459743,51.4280958],[-0.1456931,51.4281441],[-0.145456,51.4281902],[-0.1451947,51.428248],[-0.1449402,51.4283121],[-0.1448787,51.4283268]],[[-0.1449744,51.4284522],[-0.1449501,51.4284181],[-0.1448787,51.4283268]],[[-0.1449744,51.4284522],[-0.1448234,51.428502]],[[-0.1448234,51.428502],[-0.1445136,51.4285829],[-0.1443422,51.4286238],[-0.1441418,51.4286553],[-0.1437465,51.4287004],[-0.1434858,51.4287245],[-0.1430066,51.4287534],[-0.1425374,51.4287642],[-0.1424167,51.4287675],[-0.1415062,51.4287657],[-0.1410824,51.4287657],[-0.1401003,51.4287635],[-0.140049,51.4287634]],[[-0.140049,51.4287634],[-0.1399834,51.4294898],[-0.1399791,51.4295431],[-0.1399325,51.4301167],[-0.1399196,51.4303579],[-0.1399088,51.4304873],[-0.1399008,51.4305219],[-0.1398836,51.4305959]],[[-0.1680091,51.4280989],[-0.1679685,51.4281386]],[[-0.1679685,51.4281386],[-0.1679371,51.4281714]],[[-0.1679371,51.4281714],[-0.1679252,51.428184],[-0.1679069,51.428202]],[[-0.1679069,51.428202],[-0.1678374,51.4282636]],[[-0.1678374,51.4282636],[-0.1677796,51.4283207],[-0.1677068,51.4283461]],[[-0.1677068,51.4283461],[-0.1676694,51.4283874],[-0.1676138,51.4284441],[-0.1675301,51.42853],[-0.1672984,51.4287481],[-0.1672661,51.4287767],[-0.1672259,51.428812],[-0.1671928,51.4288412],[-0.1670282,51.4289852],[-0.1669026,51.4291042],[-0.1668388,51.4291672],[-0.1667234,51.4292664]],[[-0.1667234,51.4292664],[-0.1663263,51.4296187]],[[-0.1663263,51.4296187],[-0.1662332,51.4297104]],[[-0.1662332,51.4297104],[-0.1661282,51.4298106],[-0.1660841,51.4298525],[-0.1660493,51.429888],[-0.1659033,51.4300366]],[[-0.1659033,51.4300366],[-0.1654661,51.4304766],[-0.1651187,51.4308299],[-0.1650388,51.4309034],[-0.1649623,51.4309821],[-0.1649282,51.4310173],[-0.1649001,51.4310467],[-0.1648052,51.4311461],[-0.1645353,51.4314181],[-0.1643911,51.4315676],[-0.164256,51.4316997],[-0.1641675,51.4317975],[-0.1640799,51.4319011],[-0.1640314,51.4319665],[-0.1640036,51.4320117],[-0.1639865,51.432047],[-0.1639179,51.4321935],[-0.1638849,51.4322668],[-0.1638009,51.4325]],[[-0.1638009,51.4325],[-0.1637241,51.4327053]],[[-0.1637241,51.4327053],[-0.1636607,51.4328298],[-0.1636011,51.432935],[-0.1635269,51.4330321],[-0.1634616,51.4331191],[-0.1634138,51.4331796]],[[-0.1634138,51.4331796],[-0.1633061,51.4333024],[-0.1631624,51.4334452],[-0.1630539,51.4335548],[-0.1628907,51.4337078],[-0.1627467,51.4338351],[-0.1626192,51.4339456],[-0.1624552,51.4340751],[-0.1623568,51.4341559]],[[-0.1623568,51.4341559],[-0.1623163,51.4341895],[-0.1622674,51.4342238],[-0.1622242,51.4342535],[-0.1621124,51.4343325],[-0.1620082,51.4344179],[-0.1619639,51.4344508],[-0.1617326,51.434603]],[[-0.1617326,51.434603],[-0.1614144,51.4347925],[-0.1611764,51.434928]],[[-0.1611764,51.434928],[-0.1610901,51.4349746]],[[-0.1610901,51.4349746],[-0.1608421,51.4351047],[-0.160613,51.4352261]],[[-0.160613,51.4352261],[-0.1604803,51.4352873]],[[-0.1604803,51.4352873],[-0.1601615,51.4354264],[-0.1599167,51.4355331],[-0.1598536,51.4355607],[-0.1598104,51.4355795]],[[-0.1598104,51.4355795],[-0.1597683,51.4355984]],[[-0.1597683,51.4355984],[-0.1596174,51.4356592]],[[-0.1636498,51.439313],[-0.1637242,51.4393344],[-0.1637512,51.4393506],[-0.1637613,51.439358],[-0.1637992,51.4393952],[-0.1638332,51.4394301],[-0.1638639,51.4394654],[-0.1639034,51.4395072],[-0.1639441,51.439552]],[[-0.1639441,51.439552],[-0.1639814,51.4395923],[-0.1640071,51.4396176],[-0.1640407,51.4396538],[-0.1640777,51.4396956],[-0.1640818,51.439744]],[[-0.1679833,51.4438423],[-0.1680803,51.4439404],[-0.1681346,51.4439926],[-0.1681671,51.4440286],[-0.1697678,51.4456936],[-0.17001,51.4459449],[-0.1705437,51.4465018],[-0.1707468,51.4467171],[-0.1707932,51.4467621],[-0.1708392,51.4468089],[-0.1712083,51.4471932],[-0.1715348,51.4475315],[-0.1718163,51.4478244],[-0.1719866,51.4479998],[-0.172514,51.448551],[-0.1726272,51.4486662],[-0.1726471,51.4486881],[-0.1726716,51.4487133],[-0.1726964,51.4487378],[-0.172825,51.4488745],[-0.1728677,51.4489198],[-0.17325,51.4493189],[-0.1733004,51.4493711],[-0.1733219,51.4493937],[-0.1737392,51.4498321],[-0.1741011,51.4502357],[-0.1741552,51.4502746],[-0.1742124,51.4503141],[-0.1742537,51.4503496]],[[-0.1742537,51.4503496],[-0.1743439,51.4503773],[-0.1745791,51.4505183],[-0.1747483,51.4506268],[-0.1749242,51.4508048],[-0.1754916,51.4513771],[-0.1760528,51.4519599],[-0.1768592,51.4527863],[-0.1770559,51.4529957]],[[-0.1770559,51.4529957],[-0.1774254,51.4533976]],[[-0.1774254,51.4533976],[-0.177685,51.4536535],[-0.1777248,51.4536894],[-0.1778554,51.4538058],[-0.1780102,51.4539508],[-0.1780403,51.4539781],[-0.1787159,51.4546388]],[[-0.1787159,51.4546388],[-0.1789061,51.454742],[-0.1791058,51.4549431],[-0.1791808,51.4550975]],[[-0.1791808,51.4550975],[-0.1799642,51.4558818]],[[-0.1799642,51.4558818],[-0.180135,51.4559591],[-0.1804747,51.4563196],[-0.1815505,51.4575377]],[[-0.1815505,51.4575377],[-0.1817355,51.4577894],[-0.1818873,51.4579577],[-0.1819212,51.4579979],[-0.18197,51.4580785]],[[-0.18197,51.4580785],[-0.182031,51.4581459],[-0.182213,51.4583411]],[[-0.182213,51.4583411],[-0.1824653,51.4586129]],[[-0.1824653,51.4586129],[-0.1824888,51.4586626],[-0.1824975,51.4586897],[-0.1825,51.4586996],[-0.1825056,51.4587406],[-0.1825051,51.4587767]],[[-0.1825051,51.4587767],[-0.1824969,51.4588319]],[[-0.1803737,51.4594965],[-0.1802274,51.4595041],[-0.1800645,51.4595313],[-0.1799684,51.459517],[-0.1798841,51.4594842],[-0.1797998,51.4594403]],[[-0.1797998,51.4594403],[-0.1797583,51.4593789],[-0.1797168,51.459303],[-0.1795033,51.4588278],[-0.1794589,51.4586205],[-0.179432,51.4584841]],[[-0.179432,51.4584841],[-0.1793935,51.4584273],[-0.179377,51.4583783],[-0.1793682,51.4583635],[-0.1793567,51.458352],[-0.1793221,51.4583372],[-0.1792918,51.4583248],[-0.1792129,51.4583102],[-0.179077,51.4583127],[-0.1789487,51.4582932]],[[-0.1789487,51.4582932],[-0.178802,51.4582989],[-0.1787593,51.4583029]],[[-0.1787593,51.4583029],[-0.1784577,51.4583309],[-0.1782219,51.4583544],[-0.1780267,51.4583638],[-0.177173,51.458407],[-0.1758297,51.4584757],[-0.1752567,51.458507]],[[-0.1752567,51.458507],[-0.1750737,51.4585412],[-0.1749124,51.4585887],[-0.1745739,51.4586999]],[[-0.1745739,51.4586999],[-0.1742354,51.458811]],[[-0.1742354,51.458811],[-0.17417,51.4588349],[-0.1741033,51.458856]],[[-0.1741033,51.458856],[-0.1739259,51.4589245]],[[-0.1739259,51.4589245],[-0.1737418,51.4589926]],[[-0.1737418,51.4589926],[-0.1737108,51.4590049],[-0.1736924,51.4590116]],[[-0.1736924,51.4590116],[-0.1736406,51.4590319]],[[-0.1736406,51.4590319],[-0.1736032,51.4590447],[-0.1731964,51.459187]],[[-0.1731964,51.459187],[-0.1731579,51.4592023],[-0.1729192,51.4592876]],[[-0.1729192,51.4592876],[-0.1724473,51.4594526]],[[-0.1724473,51.4594526],[-0.1724048,51.4594663],[-0.172359,51.4594826],[-0.1721058,51.4595707],[-0.1715156,51.4597816],[-0.1714297,51.4598124],[-0.1713833,51.4598289],[-0.1712141,51.4598938]],[[-0.1705676,51.4601308],[-0.1709604,51.4599839],[-0.1710243,51.4599617],[-0.1710816,51.4599421],[-0.1712141,51.4598938]],[[-0.1692611,51.4605232],[-0.1695116,51.4604587],[-0.1696524,51.4604185],[-0.1699599,51.4603258],[-0.1701697,51.4602591],[-0.1705676,51.4601308]],[[-0.1692611,51.4605232],[-0.1691458,51.4605466],[-0.169008,51.4605723],[-0.1688334,51.4605945],[-0.1685069,51.4606421],[-0.1684385,51.4606521],[-0.1682793,51.4606755],[-0.1681201,51.4606989],[-0.1678764,51.460735],[-0.1677752,51.460752]],[[-0.1677752,51.460752],[-0.167598,51.4607818]],[[-0.167598,51.4607818],[-0.167356,51.4608195],[-0.1672814,51.4608287]],[[-0.1672814,51.4608287],[-0.1672074,51.4608343],[-0.167046,51.4608263]],[[-0.1678271,51.4637406],[-0.1677475,51.4637631],[-0.1676678,51.4637855]],[[-0.1676678,51.4637855],[-0.1676105,51.4638022],[-0.1675274,51.4638253],[-0.1675012,51.4638314],[-0.1673768,51.4638541],[-0.1673126,51.4638412]],[[-0.1658279,51.4639355],[-0.1657785,51.4639673],[-0.1656323,51.4639839],[-0.165607,51.4639868],[-0.1653744,51.4640041],[-0.1652429,51.4640054]],[[-0.1655184,51.4644381],[-0.1654003,51.4642907],[-0.1652955,51.4641641],[-0.1652388,51.4641044],[-0.1651976,51.4640633],[-0.1651484,51.4640206]],[[-0.1508389,51.466278],[-0.1507485,51.4662823],[-0.1506805,51.4662863],[-0.15055652238545572,51.46629282899863]],[[-0.1511694,51.4662626],[-0.1508389,51.466278]],[[-0.1529181,51.4661235],[-0.152834,51.4661368],[-0.1527149,51.4661524],[-0.1522969,51.4661918],[-0.1516634,51.4662372],[-0.1512959,51.466257],[-0.1511694,51.4662626]],[[-0.15297,51.4661122],[-0.1529181,51.4661235]],[[-0.1535262,51.4659937],[-0.1533813,51.4660258],[-0.1533173,51.4660399],[-0.15325,51.4660538],[-0.1530236,51.4661011],[-0.15297,51.4661122]],[[-0.1571104,51.4653155],[-0.1567313,51.4653789],[-0.1564593,51.4654281],[-0.1561144,51.4654974],[-0.1557761,51.465569],[-0.1553343,51.4656543],[-0.1549287,51.4657262],[-0.1547634,51.4657541],[-0.1545362,51.465788],[-0.1541884,51.4658511],[-0.1541178,51.4658659],[-0.1535262,51.4659937]],[[-0.1578362,51.4651851],[-0.1576657,51.4652184],[-0.1574549,51.4652581],[-0.1572332,51.4652953],[-0.1571708,51.465305],[-0.1571104,51.4653155]],[[-0.1579962,51.4651538],[-0.1578362,51.4651851]],[[-0.1607412,51.4646665],[-0.160543,51.4646983],[-0.1604819,51.4647086],[-0.1604197,51.4647192],[-0.1603294,51.4647339],[-0.1601554,51.4647592],[-0.1600372,51.4647747],[-0.1600172,51.4647777],[-0.1598455,51.4648036],[-0.1596943,51.4648296],[-0.1591488,51.464933],[-0.1589647,51.464968],[-0.1588132,51.4649966],[-0.1585788,51.4650421],[-0.1584906,51.4650595],[-0.1582356,51.4651078],[-0.1579962,51.4651538]],[[-0.1608844,51.4646378],[-0.1607412,51.4646665]],[[-0.1610631,51.4646031],[-0.1610319,51.4646073],[-0.1609722,51.4646202],[-0.1608844,51.4646378]],[[-0.1616354,51.4645092],[-0.1615068,51.4645421],[-0.1610631,51.4646031]],[[-0.1618558,51.4644843],[-0.1616354,51.4645092]],[[-0.179634,51.4596742],[-0.1797228,51.4596263],[-0.1797773,51.4595913],[-0.1797963,51.4595619],[-0.1798145,51.4595041],[-0.1797998,51.4594403]],[[-0.179432,51.4584841],[-0.1794578,51.4584184],[-0.1794483,51.4583664],[-0.179456,51.4583501],[-0.1794845,51.4583293],[-0.1795433,51.4583002],[-0.1796415,51.4582811],[-0.179721,51.4582544]],[[-0.179721,51.4582544],[-0.1797758,51.4582496],[-0.1798021,51.4582473]],[[-0.1798021,51.4582473],[-0.1800572,51.4582317]],[[-0.1800572,51.4582317],[-0.1801711,51.4582238],[-0.1804009,51.4582078]],[[-0.1804009,51.4582078],[-0.1805788,51.458195]],[[-0.1805788,51.458195],[-0.1808323,51.458172]],[[-0.1808323,51.458172],[-0.1809997,51.4581647]],[[-0.1809997,51.4581647],[-0.1812599,51.4581422],[-0.1814432,51.4581264],[-0.1815232,51.4581204],[-0.1815673,51.4581171]],[[-0.1815673,51.4581171],[-0.1817639,51.4581004]],[[-0.1817639,51.4581004],[-0.1819105,51.4580865]],[[-0.1819105,51.4580865],[-0.18197,51.4580785]],[[-0.18197,51.4580785],[-0.1820769,51.4580682],[-0.182173,51.4580593],[-0.1824179,51.4580398],[-0.1826085,51.4580224]],[[-0.1826085,51.4580224],[-0.182664,51.4580174]],[[-0.182664,51.4580174],[-0.1827689,51.4580071]],[[-0.1827689,51.4580071],[-0.1828871,51.4579955],[-0.1829522,51.457989],[-0.1830542,51.4579732],[-0.1831631,51.4579565]],[[-0.1831631,51.4579565],[-0.1832586,51.4579409],[-0.1841025,51.4578031]],[[-0.1841025,51.4578031],[-0.1841601,51.457794]],[[-0.1841601,51.457794],[-0.1842125,51.4577604],[-0.1843349,51.4577446],[-0.1843807,51.4577257],[-0.1844359,51.4577191],[-0.1845796,51.4577011],[-0.1846436,51.4576936],[-0.1849066,51.4576627],[-0.185269,51.4576555]],[[-0.1892882,51.4569152],[-0.189468,51.4568468],[-0.1894912,51.4568409],[-0.1895394,51.4568327],[-0.1896545,51.4568121]],[[-0.1896545,51.4568121],[-0.1899121,51.4567794]],[[-0.1899121,51.4567794],[-0.1901623,51.4567527],[-0.1903156,51.4567575]],[[-0.1927221,51.4567652],[-0.1929503,51.4568087]],[[-0.1929503,51.4568087],[-0.1935997,51.4569645]],[[-0.1935997,51.4569645],[-0.1936776,51.4569832],[-0.1938616,51.4570237]],[[-0.1938616,51.4570237],[-0.1940792,51.4570341],[-0.194183,51.4570445],[-0.1942167,51.4570384],[-0.1942733,51.4570171],[-0.1943883,51.4569461]],[[-0.1978449,51.4520897],[-0.1978406,51.452028],[-0.1978799,51.4519516],[-0.1979464,51.4519155]],[[-0.199822,51.4498239],[-0.1998705,51.4497407],[-0.1998605,51.4497041],[-0.1998481,51.4496747],[-0.1998404,51.4496546],[-0.1998117,51.4495876],[-0.1997176,51.4493734],[-0.1995883,51.4490772],[-0.1994502,51.4487727],[-0.1993451,51.4485257],[-0.1992161,51.4482286],[-0.1991919,51.4481726],[-0.1991525,51.4480961]],[[-0.1991525,51.4480961],[-0.1991065,51.4479941],[-0.1990771,51.4479283]],[[-0.1990771,51.4479283],[-0.1989605,51.4476429],[-0.1989187,51.4475406],[-0.1988529,51.4473705]],[[-0.1988529,51.4473705],[-0.1987814,51.447197],[-0.1987273,51.4470551]],[[-0.1987273,51.4470551],[-0.1987042,51.4469946],[-0.1986139,51.4467733],[-0.1985369,51.446547],[-0.198485,51.4464085],[-0.1984654,51.4463507]],[[-0.1984654,51.4463507],[-0.1984562,51.4463259]],[[-0.1984562,51.4463259],[-0.19844,51.4462771],[-0.1984097,51.4461955]],[[-0.1984097,51.4461955],[-0.1983717,51.4460853],[-0.1983709,51.4460816]],[[-0.1983709,51.4460816],[-0.1983616,51.4460374],[-0.1983499,51.4459913],[-0.1983301,51.4459104],[-0.1983038,51.4458047]],[[-0.1983038,51.4458047],[-0.1982949,51.4457714]],[[-0.1982949,51.4457714],[-0.1981094,51.4449982],[-0.1980336,51.4446667],[-0.1980072,51.4445513],[-0.1979649,51.4444244],[-0.1979083,51.4442879],[-0.1978775,51.4442151],[-0.1978627,51.4441775],[-0.197838,51.4441064],[-0.197793,51.4439834],[-0.1977729,51.4439235]],[[-0.1977729,51.4439235],[-0.1977564,51.4438617],[-0.197636,51.4435589],[-0.1975572,51.4432307],[-0.1975037,51.4428675],[-0.1974668,51.4425729],[-0.1974589,51.4424938],[-0.1974525,51.4424298],[-0.1974176,51.4422784],[-0.1973899,51.442147],[-0.1973822,51.4421203],[-0.197277,51.4418516],[-0.1971498,51.441555]],[[-0.1971498,51.441555],[-0.1970132,51.4412265],[-0.1969553,51.4410942],[-0.1968829,51.4409206],[-0.196862,51.4408739],[-0.1967506,51.4405955],[-0.1967354,51.440549],[-0.1967261,51.4405096],[-0.1967202,51.4404845],[-0.1967139,51.4404444],[-0.196727,51.4403888]],[[-0.196727,51.4403888],[-0.1967281,51.4403853],[-0.1967402769345915,51.44035397643799]],[[-0.1484293,51.4763001],[-0.1482319,51.4763931]],[[-0.1486227,51.4762196],[-0.1485582,51.4762464],[-0.1484717,51.4762824],[-0.1484293,51.4763001]],[[-0.149147,51.4760111],[-0.1489252,51.4760997],[-0.1487289,51.4761785],[-0.1487076,51.4761866],[-0.1486227,51.4762196]],[[-0.151484,51.4752594],[-0.1514158,51.4752828],[-0.1513524,51.475302],[-0.1511279,51.4753757],[-0.1507822,51.4754905],[-0.1504936,51.4755791],[-0.1496725,51.475831],[-0.1495937,51.4758552],[-0.1493925,51.4759253],[-0.1493372,51.4759446],[-0.149147,51.4760111]],[[-0.151484,51.4752594],[-0.1514824,51.475227],[-0.1514922,51.4752172],[-0.1515416,51.4751998]],[[-0.1515416,51.4751998],[-0.1516856,51.4751524],[-0.1517532,51.4751302],[-0.1518965,51.4750911],[-0.1519082,51.4750904],[-0.151919,51.4750922],[-0.1519755,51.4751076]],[[-0.1535566,51.474785],[-0.1534634,51.4748009],[-0.1533225,51.4748281],[-0.1530473,51.4748812],[-0.1529392,51.4749016],[-0.1525199,51.4749805],[-0.1520882,51.4750813],[-0.1519755,51.4751076]],[[-0.1582997,51.4740315],[-0.1582402,51.4740409],[-0.1580529,51.4740707],[-0.157997,51.4740796],[-0.1577446,51.4741241],[-0.1574765,51.4741645],[-0.1572054,51.4742006],[-0.156944,51.4742354],[-0.156303,51.4743174],[-0.1561124,51.474345],[-0.1560521,51.4743536],[-0.1559924,51.474363],[-0.155802,51.4743908],[-0.1557458,51.4743983],[-0.1554619,51.4744399],[-0.1548608,51.4745455],[-0.1544005,51.4746315],[-0.1541017,51.4746888],[-0.1540529,51.4746982],[-0.1540015,51.4747071],[-0.1535566,51.474785]],[[-0.1594455,51.473818],[-0.1585938,51.4739727],[-0.1582997,51.4740315]],[[-0.1601077,51.4736743],[-0.1598712,51.4737263],[-0.1598092,51.4737377],[-0.1597445,51.4737487],[-0.1594455,51.473818]],[[-0.1610688,51.4733519],[-0.1607744,51.4734534],[-0.1606166,51.4735095],[-0.1602957,51.4736217],[-0.1601077,51.4736743]],[[-0.1614978,51.4732042],[-0.1610688,51.4733519]],[[-0.1620168,51.4730016],[-0.1614978,51.4732042]],[[-0.1625598,51.4728248],[-0.1624705,51.47285],[-0.1624286,51.4728618],[-0.1623676,51.4728835],[-0.1620168,51.4730016]],[[-0.1626534,51.4727986],[-0.1625598,51.4728248]],[[-0.171641,51.4700548],[-0.1717631,51.4700382],[-0.1720113,51.4700042]],[[-0.1720113,51.4700042],[-0.1721848,51.4700246]],[[-0.1725918,51.469972],[-0.1721848,51.4700246]],[[-0.1728997,51.4699463],[-0.1725918,51.469972]],[[-0.1733338,51.469923],[-0.1728997,51.4699463]],[[-0.1741562,51.469919],[-0.1739278,51.4699187],[-0.1736757,51.4699184],[-0.1733338,51.469923]],[[-0.1741562,51.469919],[-0.174249,51.4698795],[-0.1745818,51.4698759],[-0.1748832,51.4698484],[-0.1751002,51.4698084],[-0.175173,51.4697932],[-0.1752867,51.4697704]],[[-0.1752867,51.4697704],[-0.1754903,51.4697256],[-0.1758241,51.469612],[-0.1760993,51.4694779],[-0.1764179,51.4692984],[-0.1764891,51.4692515],[-0.1765104,51.4692376],[-0.1765746,51.4692023],[-0.1766215,51.4691736]],[[-0.1766215,51.4691736],[-0.1767106,51.4691192]],[[-0.1767106,51.4691192],[-0.1767724,51.4690835]],[[-0.1767724,51.4690835],[-0.176809,51.4690589]],[[-0.176809,51.4690589],[-0.1768718,51.4690175]],[[-0.1768718,51.4690175],[-0.1770364,51.4689042]],[[-0.1770364,51.4689042],[-0.1770946,51.4688622]],[[-0.1770946,51.4688622],[-0.1772136,51.4687807],[-0.1774006,51.468633],[-0.1774584,51.468576],[-0.1775534,51.4684771],[-0.1776697,51.4683362],[-0.1777215,51.4682596],[-0.1777814,51.4681711]],[[-0.1777814,51.4681711],[-0.177889,51.4679397],[-0.1779739,51.4677802],[-0.1780279,51.4677306]],[[-0.1785355,51.4667472],[-0.1784983,51.466788]],[[-0.1785744,51.4667103],[-0.1785355,51.4667472]],[[-0.1786756,51.4666171],[-0.178631,51.4666564],[-0.1785925,51.466693],[-0.1785744,51.4667103]],[[-0.1786992,51.4665952],[-0.1786756,51.4666171]],[[-0.1395006,51.425548],[-0.139179,51.4256966],[-0.13888881957413507,51.425841241634465]],[[-0.1401741,51.4252067],[-0.1401278,51.4252332],[-0.1399319,51.4253452],[-0.1398033,51.4254051],[-0.1397573,51.4254265],[-0.1397091,51.4254497],[-0.1395006,51.425548]],[[-0.1403034,51.4251316],[-0.1402185,51.4251815],[-0.1401741,51.4252067]],[[-0.1418228,51.4241947],[-0.1417933,51.424226],[-0.1417609,51.4242587],[-0.1417177,51.4242905],[-0.1416815,51.4243143],[-0.1414759,51.4244364],[-0.1412214,51.4245881],[-0.1410472,51.4246919],[-0.1407943,51.4248475],[-0.1405383,51.4249938],[-0.1403034,51.4251316]],[[-0.1418598,51.4241488],[-0.1418228,51.4241947]],[[-0.1437907,51.4224839],[-0.1436147,51.4226263],[-0.1433658,51.4228169],[-0.1431133,51.4230081],[-0.1428671,51.4231952],[-0.1426668,51.4233535],[-0.1425201,51.4234663],[-0.1424106,51.423546],[-0.1423085,51.4236278],[-0.1422382,51.423689],[-0.1421637,51.4237616],[-0.14212,51.4238045],[-0.1420806,51.4238448],[-0.1420455,51.4238817],[-0.1420189,51.4239093],[-0.1419915,51.4239459],[-0.1419615,51.4239882],[-0.1419527,51.4240007],[-0.141937,51.4240264],[-0.1418598,51.4241488]],[[-0.1439802,51.4223162],[-0.1438841,51.4224057],[-0.1437907,51.4224839]],[[-0.1470553,51.4194746],[-0.1469624,51.4195272],[-0.1469173,51.4195571],[-0.1468786,51.4195828],[-0.1468257,51.4196161],[-0.1466565,51.4197353],[-0.1466292,51.4197619],[-0.1465503,51.4198327],[-0.1464629,51.4199176],[-0.1463265,51.4200545],[-0.1462216,51.4201909],[-0.1460877,51.4203241],[-0.146034,51.4203903],[-0.1457696,51.4206678],[-0.1456814,51.4207579],[-0.1455779,51.4208564],[-0.1455013,51.4209326],[-0.1454269,51.4210047],[-0.1452328,51.4211794],[-0.1450377,51.4213579],[-0.1447819,51.4216086],[-0.144503,51.421863],[-0.1444162,51.4219423],[-0.1441769,51.4221528],[-0.1439802,51.4223162]],[[-0.1554683,51.421703],[-0.1547072,51.4214814],[-0.1541354,51.4213207],[-0.1541131,51.421314],[-0.1540856,51.4213063],[-0.1533506,51.4211004],[-0.1528495,51.4209562],[-0.1527104,51.4209178],[-0.1526779,51.4209085],[-0.1521311,51.420751],[-0.1520154,51.4207147],[-0.1519289,51.4206928],[-0.1517468,51.4206433],[-0.1515019,51.4205779],[-0.1514242,51.4205586],[-0.1513454,51.4205425],[-0.1512442,51.4205265],[-0.1511254,51.4205202],[-0.1510524,51.4205201],[-0.1508716,51.4205217],[-0.1503556,51.4205286],[-0.1501883,51.4205301],[-0.149895,51.4205311],[-0.1497987,51.4205273],[-0.149739,51.4205225],[-0.1496481,51.4205076],[-0.1495606,51.420486],[-0.1494772,51.4204588],[-0.1494425,51.4204456],[-0.1493044,51.420393],[-0.1485909,51.4201059],[-0.1478757,51.4198162],[-0.1474924,51.4196663],[-0.1473464,51.4196046],[-0.1471792,51.4195364],[-0.147161,51.4195286],[-0.1470553,51.4194746]],[[-0.1558465,51.4217971],[-0.1557553,51.4217709],[-0.1557139,51.4217599],[-0.1556767,51.4217489],[-0.1554683,51.421703]],[[-0.1591982,51.4227467],[-0.1587655,51.4226264],[-0.1585917,51.4225785],[-0.1580189,51.4224198],[-0.1579166,51.4223898],[-0.1578985,51.4223849],[-0.1578723,51.4223777],[-0.1575843,51.422297],[-0.1573187,51.4222242],[-0.1570613,51.4221462],[-0.1570352,51.4221389],[-0.1569949,51.4221277],[-0.156447,51.4219724],[-0.1558465,51.4217971]],[[-0.1592962,51.4227739],[-0.1591982,51.4227467]],[[-0.1593297,51.4227832],[-0.1592962,51.4227739]],[[-0.1593774,51.422798],[-0.1593297,51.4227832]],[[-0.1595334,51.4228452],[-0.1594355,51.422816],[-0.1593774,51.422798]],[[-0.1596517,51.4228762],[-0.1595334,51.4228452]],[[-0.1597895,51.4229112],[-0.1597548,51.4229024],[-0.1596517,51.4228762]],[[-0.1604647,51.4229663],[-0.160306,51.4229959],[-0.1602524,51.4230035],[-0.1601805,51.4230012],[-0.1601109,51.4229893],[-0.1599191,51.4229441],[-0.1597895,51.4229112]],[[-0.1476585,51.4190493],[-0.1475495,51.419118],[-0.1472234,51.4193257],[-0.1471503,51.4193729],[-0.1470553,51.4194746]],[[-0.14770779691896102,51.4190197603189],[-0.1476585,51.4190493]],[[-0.1673238,51.4276043],[-0.167461,51.427628],[-0.1676568,51.4277442],[-0.1677613,51.4278208],[-0.1678101,51.4278593],[-0.1678444,51.427884]],[[-0.1678444,51.427884],[-0.1679629,51.4279795]],[[-0.171641,51.4700548],[-0.1716684,51.4701244]],[[-0.1716684,51.4701244],[-0.171515,51.4701486],[-0.1714762,51.4701555]],[[-0.1714762,51.4701555],[-0.1713302,51.4701784]],[[-0.1713302,51.4701784],[-0.1711735,51.4702028],[-0.1710381,51.4702234]],[[-0.1657068,51.4720869],[-0.165612,51.4721514],[-0.165595,51.4721716],[-0.1655849,51.4721919],[-0.1655724,51.4722161],[-0.1655638,51.4722373],[-0.1655469,51.4722881],[-0.1655146,51.4724383]],[[-0.1656391,51.4726891],[-0.1656159,51.4726274],[-0.1655969,51.4725815],[-0.1655495,51.472496],[-0.1655146,51.4724383]],[[-0.1656391,51.4726891],[-0.165733,51.4727559],[-0.1658011,51.4729707],[-0.1658144,51.4730271],[-0.16582,51.4730748],[-0.1658432,51.4732372],[-0.1658548,51.4733641]],[[-0.1658548,51.4733641],[-0.1658136,51.4734656],[-0.1658414,51.4736072],[-0.165898,51.4738567],[-0.1659328,51.4739733],[-0.16601,51.4740706],[-0.166121,51.4742061],[-0.1661911,51.4742953],[-0.1663668,51.4745051]],[[-0.1663668,51.4745051],[-0.1664686,51.4746378],[-0.1664948,51.474672],[-0.166511,51.4746931],[-0.1665342,51.4747225]],[[-0.1665342,51.4747225],[-0.1665903,51.474756],[-0.166601,51.4747683],[-0.1666049,51.4747729],[-0.1666648,51.4748422]],[[-0.1666648,51.4748422],[-0.1666635,51.4748848]],[[-0.1679629,51.4279795],[-0.1680659,51.4280399]],[[-0.1680659,51.4280399],[-0.1681767,51.428098],[-0.1682124,51.4281159],[-0.1682387,51.4281533]],[[-0.1774192,51.4278508],[-0.17694,51.4280929],[-0.1765851,51.4282878],[-0.176568,51.4282972],[-0.176493,51.4283413]],[[-0.1795385,51.4271037],[-0.1794242,51.4271333],[-0.1792664,51.4271715],[-0.1783606,51.4274794],[-0.1780785,51.4275773],[-0.1777366,51.4277032],[-0.1774192,51.4278508]],[[-0.1484559,51.4775142],[-0.148518,51.4775524],[-0.1485435,51.4775766]],[[-0.1485435,51.4775766],[-0.1486004,51.4776744]],[[-0.1486004,51.4776744],[-0.14864,51.4776815]],[[-0.14864,51.4776815],[-0.1486791,51.4776914],[-0.1487162,51.4777038]],[[-0.1487162,51.4777038],[-0.1487685,51.4777273],[-0.1488139,51.4777558],[-0.1488512,51.4777886],[-0.1488796,51.4778246],[-0.1488982,51.4778631],[-0.1489065,51.4779029]],[[-0.1489065,51.4779029],[-0.1489038,51.4779456],[-0.1488894,51.4779874],[-0.1488636,51.478027]],[[-0.1488636,51.478027],[-0.1488383,51.4780536],[-0.1488078,51.478078],[-0.1487727,51.4780998]],[[-0.1487727,51.4780998],[-0.1487208,51.4781637],[-0.1486868,51.4782056]],[[-0.1486868,51.4782056],[-0.1486397,51.4782648]],[[-0.1486397,51.4782648],[-0.1486053,51.4782908]],[[-0.2210977,51.4534576],[-0.2210303,51.4533702],[-0.2210124,51.4533452],[-0.2210464,51.4532952],[-0.2211896,51.4531179]],[[-0.2485205,51.4650499],[-0.2485262,51.4649405],[-0.2485239,51.4648973],[-0.2485258,51.4648848],[-0.2485378,51.464859],[-0.2485474,51.4648383],[-0.2485637,51.4648104],[-0.2486165,51.4647197],[-0.248752,51.4645105],[-0.2488599,51.4643473]],[[-0.2488599,51.4643473],[-0.2489363,51.4643681],[-0.2489713,51.4643776],[-0.2491894,51.4644216],[-0.2494523,51.4644725],[-0.2495964,51.4645225],[-0.2496894,51.4645567],[-0.2500559,51.4646701],[-0.2500916,51.4646793],[-0.250406,51.4647597],[-0.2505726,51.4648024],[-0.2507303,51.4648507],[-0.251046,51.4649474],[-0.2512203,51.4650008],[-0.251493,51.4650259],[-0.2523245,51.4650317],[-0.2528242,51.4650329],[-0.2529301,51.4650212],[-0.2530855,51.4649863],[-0.2532101,51.464933],[-0.2535738,51.464689],[-0.2536864,51.4646284],[-0.253875,51.4645069],[-0.2539672,51.4643995],[-0.2540137,51.4642763],[-0.2540073,51.4641596],[-0.2539673,51.4640622],[-0.2539101,51.4640052],[-0.2538288,51.4639598],[-0.2536501,51.4639064],[-0.2535654,51.4638811],[-0.253057,51.4637785],[-0.2528555,51.4637676],[-0.2526305,51.4637593],[-0.2524262,51.4637537],[-0.2522472,51.4637521],[-0.252023,51.4637531],[-0.2518524,51.463751],[-0.2516256,51.4637483],[-0.2515258,51.4637471],[-0.2511911,51.463743],[-0.2511068,51.463742],[-0.2510251,51.463741],[-0.250757,51.4637948],[-0.2505507,51.4638657],[-0.2504135,51.4639128],[-0.2500946,51.4640126],[-0.2497203,51.464076],[-0.2495188,51.4640918],[-0.2493971,51.4640733],[-0.249178,51.4640222],[-0.2491628,51.4640183],[-0.249084,51.4639982]],[[-0.2488599,51.4643473],[-0.249084,51.4639982]],[[-0.2472573,51.4395068],[-0.2477601,51.4392947]],[[-0.2477601,51.4392947],[-0.2480546,51.4391689],[-0.2483087,51.4390623]],[[-0.2483087,51.4390623],[-0.2484603,51.4390025],[-0.2487674,51.4388864]],[[-0.12638434854244024,51.48444175602952],[-0.1263941,51.4844428]],[[-0.1263941,51.4844428],[-0.1266518,51.4844713]],[[-0.1266518,51.4844713],[-0.1268785,51.4845034]],[[-0.1268785,51.4845034],[-0.1273181,51.4845954],[-0.1274311,51.4846177],[-0.1274418,51.4846196],[-0.1276526,51.4846565],[-0.1277066,51.4846673]],[[-0.1277066,51.4846673],[-0.1278312,51.4846778],[-0.1279646,51.4846859],[-0.1281118,51.4846968],[-0.1281126,51.4846968],[-0.128309,51.4846713]],[[-0.128309,51.4846713],[-0.1283878,51.484651],[-0.1285987,51.4845975]],[[-0.1285987,51.4845975],[-0.1287374,51.4845655],[-0.1288983,51.4845317],[-0.1290595,51.4844979]],[[-0.1290595,51.4844979],[-0.1291061,51.4844881],[-0.1292934,51.4844314]],[[-0.1292934,51.4844314],[-0.1294734,51.4843625]],[[-0.1294734,51.4843625],[-0.1297483,51.4842579],[-0.1300679,51.4841716]],[[-0.1300679,51.4841716],[-0.1303103,51.4840915]],[[-0.1303103,51.4840915],[-0.1305034,51.4840255],[-0.130628,51.4839857]],[[-0.130628,51.4839857],[-0.130909,51.4838791]],[[-0.130909,51.4838791],[-0.131296,51.4837054]],[[-0.131296,51.4837054],[-0.131522,51.483615]],[[-0.131522,51.483615],[-0.1317603,51.4834897]],[[-0.1317603,51.4834897],[-0.1318638,51.4834445]],[[-0.1318638,51.4834445],[-0.1320325,51.4833929],[-0.1320674,51.483384]],[[-0.1320674,51.483384],[-0.1320899,51.4833795]],[[-0.1320899,51.4833795],[-0.1322118,51.4833476]],[[-0.1322118,51.4833476],[-0.1323525,51.4833119],[-0.1324852,51.4832793],[-0.1330807,51.4831309],[-0.133312,51.4830703],[-0.1335305,51.4830084],[-0.1339579,51.4828961],[-0.1340038,51.4828838],[-0.1340519,51.4828716]],[[-0.1340519,51.4828716],[-0.1342702,51.4828131],[-0.1344057,51.4827814],[-0.1345213,51.4827468],[-0.1346318,51.4827515]],[[-0.1360696,51.4822643],[-0.1360945,51.4822204],[-0.1361283,51.4822002],[-0.1362,51.4821659]],[[-0.1362,51.4821659],[-0.1362238,51.4821559]],[[-0.1362238,51.4821559],[-0.1363508,51.4820992]],[[-0.1363508,51.4820992],[-0.1364455,51.4820621],[-0.1365146,51.4820369]],[[-0.1365146,51.4820369],[-0.1365876,51.4820376]],[[-0.137797,51.4814233],[-0.1378219,51.4813784],[-0.1378546,51.4813431]],[[-0.1378546,51.4813431],[-0.1378992,51.4813075],[-0.1379402,51.4812822],[-0.1380295,51.4812272]],[[-0.1380295,51.4812272],[-0.1381537,51.4811541]],[[-0.1381537,51.4811541],[-0.1382254,51.4811101]],[[-0.1382254,51.4811101],[-0.1383934,51.4809902]],[[-0.1383934,51.4809902],[-0.1384738,51.4809326],[-0.1385007,51.4809132]],[[-0.1385007,51.4809132],[-0.1385833,51.4808598],[-0.1385911,51.4808572],[-0.1386,51.4808562],[-0.1386253,51.4808548],[-0.1386476,51.4808538],[-0.1386596,51.4808538],[-0.1386715,51.4808546]],[[-0.1389773,51.4806437],[-0.1389722,51.4805812],[-0.1390491,51.4805271]],[[-0.1390491,51.4805271],[-0.1393544,51.4803163],[-0.139416,51.480265]],[[-0.139416,51.480265],[-0.1394501,51.4802429],[-0.1394949,51.4802209]],[[-0.1394949,51.4802209],[-0.1395652,51.4801826]],[[-0.1395652,51.4801826],[-0.139679,51.4801206]],[[-0.139679,51.4801206],[-0.139714,51.4801053],[-0.1397896,51.4800727]],[[-0.1397896,51.4800727],[-0.1398039,51.4800678],[-0.13986,51.4800497]],[[-0.13986,51.4800497],[-0.1399479,51.4800213],[-0.140124,51.4799747],[-0.1403903,51.479912],[-0.140498,51.4799391]],[[-0.1415323,51.4796831],[-0.1415791,51.4796369],[-0.1417249,51.4795943]],[[-0.1417249,51.4795943],[-0.1419187,51.4795357]],[[-0.1419187,51.4795357],[-0.1419881,51.4795168],[-0.1420445,51.4795008]],[[-0.1420445,51.4795008],[-0.1422208,51.47945]],[[-0.1422208,51.47945],[-0.1423654,51.4794012],[-0.1424474,51.4793757]],[[-0.1424474,51.4793757],[-0.142617,51.4793268]],[[-0.142617,51.4793268],[-0.1426817,51.4793115],[-0.1427227,51.4793005]],[[-0.1427227,51.4793005],[-0.1428177,51.4793007]],[[-0.1453921,51.4778692],[-0.1454777,51.4778877],[-0.1455364,51.4778969]],[[-0.1455364,51.4778969],[-0.1455637,51.4779008]],[[-0.1455637,51.4779008],[-0.1456953,51.4779186],[-0.1457549,51.4779247],[-0.1458145,51.477946]],[[-0.1497685,51.4276535],[-0.1497674,51.4276245],[-0.1497823,51.4275971],[-0.1498113,51.4275745],[-0.1498755,51.4275561]],[[-0.1498755,51.4275561],[-0.1499093,51.427554],[-0.1499543,51.427561],[-0.1499927,51.4275773],[-0.1500199,51.4276008],[-0.1500308,51.4276211]],[[-0.1519928,51.4273379],[-0.1521164,51.427336],[-0.1522065,51.4273346]],[[-0.1522065,51.4273346],[-0.152278,51.4273084]],[[-0.152278,51.4273084],[-0.1523423,51.4272996],[-0.1523906,51.4273025],[-0.1524249,51.4273045],[-0.1524794,51.4273169],[-0.1525212,51.4273349],[-0.1525458,51.4273567],[-0.1525766,51.4273834],[-0.152598,51.4274089]],[[-0.152598,51.4274089],[-0.1527363,51.4274499],[-0.1528119,51.427478]],[[-0.1785127,51.4256548],[-0.1784342,51.4257011],[-0.17839,51.4257235],[-0.178357,51.4257351],[-0.1783196,51.425743],[-0.1780265,51.4257896],[-0.1779592,51.4257974],[-0.1779101,51.4258063]],[[-0.1782907,51.4394017],[-0.1782697,51.4394397],[-0.1782623,51.4394563]],[[-0.1782623,51.4394563],[-0.1779657,51.4395782],[-0.1778325,51.4395762]],[[-0.1776745,51.4396582],[-0.177592,51.4396953],[-0.1775675,51.4397047]],[[-0.1775675,51.4397047],[-0.1773564,51.4397857]],[[-0.1773564,51.4397857],[-0.1772692,51.4398185],[-0.1771843,51.4398439]],[[-0.1480656,51.452978],[-0.1478908,51.453014],[-0.1476583720195936,51.45302207168993]],[[-0.1582533,51.4674832],[-0.158155,51.4674907],[-0.1574944,51.4675395],[-0.1565565,51.4676114],[-0.1544512,51.4677693],[-0.1543624,51.4677775],[-0.1542903,51.4677866],[-0.1541373,51.4678144],[-0.1541187,51.4678178],[-0.154055,51.4678307]],[[-0.1542673,51.4682564],[-0.154055,51.4678307]],[[-0.1550289,51.4697499],[-0.1550088,51.469724],[-0.1550004,51.4697075],[-0.154956,51.4696193],[-0.1544793,51.468673],[-0.1542673,51.4682564]],[[-0.1543105,51.4696651],[-0.1542852,51.4696141],[-0.1542262,51.4694932],[-0.1540816,51.4692359]],[[-0.1508443,51.4429439],[-0.150114,51.4428105]],[[-0.150114,51.4428105],[-0.1499453,51.442813],[-0.1498538,51.442827],[-0.1498426,51.4428288],[-0.1496731,51.4428648]],[[-0.1496731,51.4428648],[-0.1497217,51.4429435],[-0.1497347,51.4429634]],[[-0.1497347,51.4429634],[-0.149754,51.4429921]],[[-0.149754,51.4429921],[-0.1497844,51.4430379],[-0.1499059,51.4432228]],[[-0.1499059,51.4432228],[-0.1499418,51.4432774]],[[-0.1499418,51.4432774],[-0.1501747,51.4436659],[-0.1502472,51.4437783],[-0.1504229,51.4440382],[-0.1504845,51.4441328],[-0.150545,51.4442301],[-0.1505598,51.444257],[-0.1506092,51.4443469],[-0.1507199,51.4445168],[-0.150887,51.4447486],[-0.1511417,51.4450268],[-0.1511921,51.4450677],[-0.1512284,51.4450959],[-0.1512602,51.4451138],[-0.1513283,51.4451477]],[[-0.1456804,51.4458779],[-0.14568563360569367,51.44587870591702],[-0.1457343,51.4458862],[-0.1458557,51.4459092],[-0.146103,51.4459549],[-0.1492496,51.446697],[-0.1492931,51.4467072],[-0.1493645,51.4467251]],[[-0.14560627127718073,51.44594527346577],[-0.1455988,51.4459769],[-0.1455868,51.4460243],[-0.1455841,51.446035]],[[-0.1528261,51.4434533],[-0.1527708,51.4434322],[-0.1526543,51.4433899],[-0.1526149,51.4433767]],[[-0.1526149,51.4433767],[-0.1525514,51.4433583],[-0.1522789,51.443281],[-0.1522504,51.4432729]],[[-0.1522504,51.4432729],[-0.1518124,51.4431503],[-0.1516018,51.4431],[-0.1515457,51.4430873]],[[-0.1515457,51.4430873],[-0.1513696,51.4430494],[-0.1508443,51.4429439]],[[-0.2386707,51.4433182],[-0.2380919,51.4435458],[-0.2376807,51.4436852],[-0.2372677,51.4438129],[-0.2361583,51.4441154],[-0.2358332,51.4441964]],[[-0.2358332,51.4441964],[-0.2353696,51.4442864],[-0.2349175,51.4443681]],[[-0.2349175,51.4443681],[-0.2346869,51.4444694],[-0.2346436,51.4445134]],[[-0.2346436,51.4445134],[-0.2346163,51.444576],[-0.2346052,51.4446397],[-0.2346011,51.4447795]],[[-0.2346011,51.4447795],[-0.2347372,51.4450453],[-0.2348921,51.4454057],[-0.2351044,51.4458781],[-0.2352105,51.4460768],[-0.2352876,51.4462107],[-0.2353696,51.4463439],[-0.2354545,51.4464764],[-0.2355956,51.4466604],[-0.2358347,51.4469445],[-0.2361444,51.4473145],[-0.2364689,51.4476983],[-0.2366054,51.4478517],[-0.2367138,51.4479792],[-0.2368646,51.4481144],[-0.2370174,51.4482454],[-0.237177,51.448364],[-0.2373241,51.4484669],[-0.2374489,51.4485434],[-0.2377447,51.4487054],[-0.2378672,51.4487656],[-0.2379371,51.4488026]],[[-0.2379371,51.4488026],[-0.2379518,51.4488219],[-0.2379665,51.4488413],[-0.2379811,51.4488606],[-0.2379958,51.4488799]],[[-0.2223097,51.4529591],[-0.2222852,51.4529741],[-0.2221426,51.4530514],[-0.2220736,51.4531383]],[[-0.2211896,51.4531179],[-0.2212475,51.4530678]],[[-0.2212475,51.4530678],[-0.2213459,51.4531009],[-0.2214824,51.4531914],[-0.2215202,51.4532207],[-0.2215332,51.4532308],[-0.2215854,51.4532907]],[[-0.1919299,51.4586629],[-0.1918388,51.4587454],[-0.1917728,51.4588021],[-0.1916433,51.4588916]],[[-0.1908999,51.4591616],[-0.1908019,51.4592049],[-0.1907488,51.4592302]],[[-0.1907488,51.4592302],[-0.1906921,51.4592504],[-0.1906872,51.4592521]],[[-0.1906872,51.4592521],[-0.1905867,51.4592918]],[[-0.1905867,51.4592918],[-0.1904843,51.4593206]],[[-0.1904843,51.4593206],[-0.1903433,51.4593721],[-0.1902731,51.4593818]],[[-0.1902355,51.4593944],[-0.1902731,51.4593818]],[[-0.1900455,51.4594708],[-0.1902355,51.4593944]],[[-0.1898058,51.4595648],[-0.1898751,51.4595407],[-0.1899843,51.4594966],[-0.1900455,51.4594708]],[[-0.1898058,51.4595648],[-0.1898268,51.4595857],[-0.1899165,51.4596898],[-0.1900115,51.4598124],[-0.1902217,51.4601075],[-0.1902837,51.4601904],[-0.1903099,51.4602356],[-0.1903232,51.4602655],[-0.1903288,51.4602945],[-0.190324,51.460329]],[[-0.190324,51.460329],[-0.1903108,51.4603509],[-0.1902832,51.4603674],[-0.1902553,51.4603746],[-0.1902159,51.4603829],[-0.1901094,51.4603916],[-0.1899619,51.4603997],[-0.1895977,51.460426],[-0.188835,51.4604817],[-0.1882357,51.4605254],[-0.1881556,51.4605165],[-0.1880779,51.4604992]],[[-0.1880779,51.4604992],[-0.1879502,51.4606223],[-0.1878421,51.4607265],[-0.1877699,51.4607911],[-0.1877364,51.4608233],[-0.1876651,51.4608955]],[[-0.1876651,51.4608955],[-0.1876445,51.460917]],[[-0.1876445,51.460917],[-0.1874314,51.4610852],[-0.1873592,51.4611528]],[[-0.1873592,51.4611528],[-0.1872887,51.4612188],[-0.1872452,51.4612734]],[[-0.1872452,51.4612734],[-0.1872271,51.4613027]],[[-0.1872271,51.4613027],[-0.1871896,51.4613566],[-0.1871817,51.4613917],[-0.1871839,51.4614134],[-0.1871949,51.4614411],[-0.1872139,51.4614669],[-0.1872457,51.4614937],[-0.1874067,51.4615997]],[[-0.1874067,51.4615997],[-0.1874588,51.4616364],[-0.1875093,51.4616663],[-0.1875228,51.4616774]],[[-0.1875228,51.4616774],[-0.1875415,51.4616909],[-0.1875766,51.4617164]],[[-0.1875766,51.4617164],[-0.1876484,51.4617676]],[[-0.1876484,51.4617676],[-0.1877055,51.4618106],[-0.1877571,51.4618537]],[[-0.1877571,51.4618537],[-0.1876054,51.4618744],[-0.1875002,51.4618894]],[[-0.1875002,51.4618894],[-0.1871684,51.4619279]],[[-0.1871684,51.4619279],[-0.1867353,51.4619736],[-0.1867023,51.4619771],[-0.1866049,51.4619953],[-0.1865287,51.4620168],[-0.1864803,51.462036],[-0.1864171,51.462067]],[[-0.1864171,51.462067],[-0.1863735,51.4620978],[-0.1863231,51.4621378],[-0.1862844,51.4621803],[-0.1862615,51.4622153],[-0.1862452,51.4622572]],[[-0.1938616,51.4570237],[-0.1942172,51.4571076],[-0.1942465,51.457114],[-0.1944042,51.4571485]],[[-0.1947402,51.4572164],[-0.194927,51.457258],[-0.1951427,51.4573061]],[[-0.1951427,51.4573061],[-0.1953622,51.4573443],[-0.1954307,51.457352],[-0.1956029,51.4573637]],[[-0.1956029,51.4573637],[-0.1957129,51.4573673],[-0.1958855,51.457363],[-0.1960558,51.4573528],[-0.1962771,51.4573186],[-0.1963443,51.4573064],[-0.1970191,51.4571782]],[[-0.1970191,51.4571782],[-0.1970527,51.4571726],[-0.1973715,51.4571205]],[[-0.1973715,51.4571205],[-0.197471,51.4571294],[-0.1975815,51.4571476],[-0.1976355,51.457172],[-0.1977405,51.4572394]],[[-0.197888,51.4575997],[-0.1979595,51.4576767],[-0.197967,51.4576876],[-0.1980145,51.4577567],[-0.1980837,51.4578721],[-0.1981455,51.4579692],[-0.1981613,51.4580592]],[[-0.2143995,51.4646828],[-0.2145045,51.4646918]],[[-0.2145045,51.4646918],[-0.2145792,51.4647123]],[[-0.2145792,51.4647123],[-0.2146464,51.4647385],[-0.2146965,51.464757],[-0.2147859,51.4648095]],[[-0.186178,51.4626247],[-0.1861605,51.4626734],[-0.1861338,51.4627166],[-0.1860936,51.4627548],[-0.1860437,51.4627887],[-0.1859797,51.4628182],[-0.1859124,51.4628409],[-0.1858507,51.4628514],[-0.1857768,51.4628589],[-0.1857247,51.4628617]],[[-0.1851958,51.4628276],[-0.1850992,51.4628377],[-0.1850147,51.462846],[-0.1849208,51.4628527],[-0.1848323,51.4628661],[-0.1847547,51.4628795],[-0.1847009,51.4628953],[-0.1846375,51.4629203],[-0.1845702,51.4629511],[-0.1844751,51.4630069]],[[-0.1844751,51.4630069],[-0.1842021,51.4631753],[-0.1839184,51.463347]],[[-0.1839184,51.463347],[-0.1836818,51.463485]],[[-0.1836818,51.463485],[-0.1836307,51.4635156],[-0.1835797,51.4635454],[-0.183451,51.4636161]],[[-0.183451,51.4636161],[-0.1833526,51.4636644]],[[-0.1833526,51.4636644],[-0.1832378,51.46371],[-0.1831265,51.4637493]],[[-0.1831265,51.4637493],[-0.1830198,51.4637812]],[[-0.1767969,51.4691691],[-0.176706,51.4692322]],[[-0.176706,51.4692322],[-0.176629,51.469287],[-0.1765486,51.4693336],[-0.1764541,51.4693866],[-0.1761799,51.4695297],[-0.1758924,51.4696621],[-0.1757636,51.469714],[-0.1756153,51.4697686],[-0.1753914,51.4698408],[-0.1753263,51.4698551],[-0.1750823,51.4699063],[-0.174889,51.4699315],[-0.1746418,51.4699537],[-0.1745106,51.4699602],[-0.1742509,51.4699624],[-0.1741562,51.469919]],[[-0.1721848,51.4700246],[-0.1720585,51.4700672],[-0.1719396,51.4700845]],[[-0.1719396,51.4700845],[-0.171866,51.4700958],[-0.1717903,51.4701045],[-0.1716684,51.4701244]],[[-0.1519755,51.4751076],[-0.1519521,51.4751472],[-0.1519465,51.4751517],[-0.1519398,51.475155],[-0.151923,51.4751598],[-0.1518867,51.475169],[-0.1518159,51.4751892],[-0.1515833,51.4752557]],[[-0.1515833,51.4752557],[-0.1515481,51.4752628],[-0.1515285,51.4752632],[-0.151484,51.4752594]],[[-0.1539102,51.4422029],[-0.1539132,51.442184],[-0.1539096,51.4421644]],[[-0.1539096,51.4421644],[-0.1539193,51.4421181],[-0.153951,51.4420794]],[[-0.153951,51.4420794],[-0.154005,51.4420423]],[[-0.154005,51.4420423],[-0.1540868,51.4419978]],[[-0.1563674,51.4386898],[-0.1563317,51.4386002],[-0.156357,51.4385378],[-0.1564743,51.4384963]],[[-0.1677068,51.4283461],[-0.1677031,51.4282969],[-0.1677625,51.4282379]],[[-0.1677625,51.4282379],[-0.1678161,51.4281741]],[[-0.1678161,51.4281741],[-0.1678331,51.4281517],[-0.1679108,51.42805]],[[-0.2282422,51.4681616],[-0.228239,51.4680628],[-0.2282393,51.4679575],[-0.2282392,51.4678841]],[[-0.1816412,51.4376073],[-0.181568,51.4376573]],[[-0.1818928,51.4374814],[-0.1816803,51.4375852],[-0.1816412,51.4376073]],[[-0.1856334,51.4356917],[-0.1855904,51.4357089],[-0.1855354,51.4357308],[-0.1849058,51.4360301],[-0.1843307,51.4363005],[-0.183835,51.4365484],[-0.1838062,51.4365646],[-0.183719,51.4366044],[-0.1836124,51.4366475],[-0.1835871,51.4366594],[-0.182933,51.4369725],[-0.1828757,51.4369985],[-0.1827312,51.4370718],[-0.1826162,51.4371279],[-0.1818928,51.4374814]],[[-0.185878,51.4355847],[-0.1857634,51.4356398],[-0.1856334,51.4356917]],[[-0.1859725,51.4355409],[-0.1859226,51.4355636],[-0.185878,51.4355847]],[[-0.1861088,51.435479],[-0.1859725,51.4355409]],[[-0.1825059,51.4322338],[-0.18181,51.4324734],[-0.1809774,51.4327661],[-0.1808949,51.4328027],[-0.1808212,51.432847],[-0.1807915,51.432872],[-0.1807294,51.4329484]],[[-0.1835525,51.4315958],[-0.1835284,51.4316728],[-0.1834856,51.4317232],[-0.1834799,51.4317293],[-0.1834604,51.4317473],[-0.1833802,51.4318028],[-0.183264,51.4318892],[-0.1831171,51.4319868],[-0.1830467,51.4320286],[-0.1829678,51.4320703],[-0.1825059,51.4322338]],[[-0.1844499,51.431938],[-0.1844052,51.431878],[-0.1843154,51.4317606],[-0.1842826,51.4317178],[-0.1842772,51.4317107],[-0.1842674,51.431676],[-0.1842568,51.4316384],[-0.184244,51.4315751],[-0.1842581,51.4314305],[-0.1842695,51.4313774],[-0.1842441,51.4313113]],[[-0.1851116,51.4336917],[-0.1852857,51.4336687],[-0.1853204,51.4336625],[-0.1854891,51.4336197],[-0.1855707,51.4335861],[-0.185627,51.4335562],[-0.1856978,51.4334748],[-0.1857223,51.4333887],[-0.1857212,51.4333629],[-0.1857186,51.4333009],[-0.1856801,51.4332067],[-0.1855237,51.4329801],[-0.1853141,51.4326763],[-0.1852665,51.4326076],[-0.1851992,51.4325424],[-0.1848404,51.4322953],[-0.1847998,51.4322613],[-0.1845242,51.4320306],[-0.1845058,51.432011],[-0.1844499,51.431938]],[[-0.1657784,51.464712],[-0.1656852,51.4646489],[-0.1655184,51.4644381]],[[-0.1680094,51.4645194],[-0.1678715,51.4645331],[-0.1676391,51.4645537],[-0.167271,51.4645834],[-0.1671834,51.464588],[-0.1665243,51.4646037],[-0.1662591,51.4646153],[-0.1661589,51.464622],[-0.1660714,51.4646308],[-0.1659477,51.4646531],[-0.1657784,51.464712]],[[-0.1789487,51.4582932],[-0.1790938,51.4582568],[-0.1792439,51.458249],[-0.1793894,51.4582385],[-0.179604,51.4582284],[-0.1796782,51.4582433],[-0.179721,51.4582544]],[[-0.1798021,51.4582473],[-0.1798402,51.4581941],[-0.1798858,51.4581805],[-0.1799383,51.4581625],[-0.1802248,51.4581445],[-0.1803893,51.4581498],[-0.1804567,51.4581562],[-0.1805788,51.458195]],[[-0.1808323,51.458172],[-0.1810057,51.4581053],[-0.1810687,51.4580677],[-0.1811213,51.4580299],[-0.1811384,51.4580127],[-0.1811698,51.4579773],[-0.1811891,51.4579361],[-0.1812033,51.457893],[-0.1812094,51.4578493],[-0.181209,51.4577975],[-0.1811945,51.4577508],[-0.1811707,51.4577062],[-0.1810263,51.45752],[-0.1807829,51.4572361],[-0.180045,51.4564013],[-0.1798253,51.4561388],[-0.1797174,51.4559381]],[[-0.1797174,51.4559381],[-0.1789985,51.4551712]],[[-0.1789985,51.4551712],[-0.1788304,51.4550975],[-0.1785774,51.4548594],[-0.1784858,51.4546772]],[[-0.1784858,51.4546772],[-0.1778539,51.4540646],[-0.1776976,51.4539214],[-0.1774964,51.4537375]],[[-0.1774964,51.4537375],[-0.1774837,51.4537259],[-0.1772782,51.4535066]],[[-0.1772782,51.4535066],[-0.1769152,51.4531144]],[[-0.1769152,51.4531144],[-0.1764986,51.4526928],[-0.1760123,51.4521747]],[[-0.1760123,51.4521747],[-0.175866,51.4520309],[-0.1757257,51.4518881]],[[-0.1757257,51.4518881],[-0.1746387,51.4507818]],[[-0.1746387,51.4507818],[-0.1745648,51.4507066],[-0.1743863,51.4505426],[-0.1743106,51.4504708]],[[-0.1743106,51.4504708],[-0.1742628,51.4504254],[-0.1742537,51.4503496]],[[-0.1928036,51.4566671],[-0.1928809,51.4567077],[-0.1929093,51.456758],[-0.1929503,51.4568087]],[[-0.172159,51.439044],[-0.1716405,51.4386444],[-0.1711957,51.4383016],[-0.1708058,51.4380011],[-0.1707747,51.4379772],[-0.1707426,51.4379524],[-0.1702908,51.4376043],[-0.1698184,51.4372463],[-0.1693153,51.4368637],[-0.1692178,51.4367972],[-0.1685446,51.4362627],[-0.168439,51.4361991],[-0.1683341,51.4361646],[-0.1683071,51.4361599],[-0.1682422,51.4361485],[-0.1681499,51.4361436],[-0.1680692,51.4361462],[-0.1679319,51.4361551],[-0.1678694,51.4361552],[-0.1678435,51.4361521],[-0.1678108,51.4361482],[-0.1677544,51.436135],[-0.1677132,51.4361253],[-0.1676266,51.4360908],[-0.1675085,51.4360086]],[[-0.1647012,51.4358226],[-0.1647427,51.4358004],[-0.1647619,51.43579],[-0.1649939,51.4356655],[-0.1652399,51.4355387],[-0.165401,51.4354857],[-0.1655832,51.4354504],[-0.1657593,51.4354272],[-0.1659396,51.4354176],[-0.1660978,51.4354191],[-0.1664088,51.4354556],[-0.1665803,51.4354967],[-0.1667589,51.4355621],[-0.1671337,51.4357467],[-0.1672314,51.4358101],[-0.1675085,51.4360086]],[[-0.1647261,51.4358394],[-0.1647012,51.4358226]],[[-0.1616981,51.437112],[-0.1617525,51.4370931],[-0.1617938,51.4370788],[-0.1620173,51.4369973],[-0.1625594,51.4367998],[-0.1626021,51.4367846],[-0.1632238,51.4365643],[-0.1632674,51.4365465],[-0.1633425,51.4365159],[-0.1634123,51.4364858],[-0.1635007,51.4364475],[-0.1637157,51.4363394],[-0.1639653,51.436235],[-0.1640353,51.4362057],[-0.1640987,51.4361715],[-0.1644034,51.4360073],[-0.164638,51.4358852],[-0.1646816,51.4358625],[-0.1647261,51.4358394]],[[-0.149631,51.4428065],[-0.1496731,51.4428648]],[[-0.1495679,51.442702],[-0.14959,51.4427387],[-0.149631,51.4428065]],[[-0.1492295,51.442079],[-0.1493003,51.4422156],[-0.1493656,51.4423432],[-0.1494629,51.4425274],[-0.1495362,51.4426522],[-0.1495555,51.4426829],[-0.1495679,51.442702]],[[-0.1492295,51.442079],[-0.1490775,51.4418058],[-0.1490218,51.4417017],[-0.1490007,51.4416605],[-0.1489868,51.4416334],[-0.1489736,51.4416078],[-0.1488947,51.4414538],[-0.1488608,51.4413879],[-0.1487851,51.4412229],[-0.1486327,51.4409039],[-0.1484342,51.4404732],[-0.1483649,51.4403173],[-0.1483543,51.4402935],[-0.1483412,51.4402647],[-0.1483205,51.4402194],[-0.1481729,51.4398813],[-0.1480892,51.439689],[-0.1480452,51.439602],[-0.1479952,51.4394954],[-0.1478235,51.439129],[-0.1477014,51.4388407],[-0.147661,51.4387636],[-0.1476444,51.4387323],[-0.1476302,51.4387071],[-0.1475611,51.4385845],[-0.1474776,51.4384671],[-0.1473703,51.4383207],[-0.1473354,51.4382739]],[[-0.1473354,51.4382739],[-0.1472414,51.438163],[-0.1472212,51.4381418]],[[-0.1472212,51.4381418],[-0.147077,51.4379902],[-0.1468901,51.4378174],[-0.1467453,51.4376937]],[[-0.1467453,51.4376937],[-0.1464501,51.4374427],[-0.1463028,51.4373175],[-0.1460436,51.4370982],[-0.1460024,51.4370634],[-0.1456805,51.4368226],[-0.1455061,51.4366993],[-0.1453209,51.4365794],[-0.1449544,51.4363604],[-0.1445913,51.4361612],[-0.1441143,51.4359074],[-0.1440275,51.4358612],[-0.1439582,51.4358268],[-0.1439347,51.4358151],[-0.1431485,51.4354432],[-0.1423062,51.4350419],[-0.1418643,51.4348769],[-0.1409825,51.434645],[-0.1404044,51.4344921],[-0.1400564,51.4344057],[-0.1398929,51.4343631],[-0.1398272,51.4343457],[-0.1396485,51.4342982]],[[-0.1396485,51.4342982],[-0.1393791,51.4342253]],[[-0.1393791,51.4342253],[-0.1392054,51.4341759],[-0.1389798,51.434114],[-0.1386991,51.4340369],[-0.1384435,51.433959],[-0.1382474,51.4339017],[-0.1379924,51.4338422],[-0.1379314704688469,51.433832384066825]],[[-0.1666648,51.4748422],[-0.1667284,51.4748262],[-0.166775,51.4748209],[-0.1668207,51.4748199],[-0.166928,51.4748289],[-0.1672646,51.4748473],[-0.1676401,51.4748634],[-0.1676607,51.4748643]],[[-0.1676607,51.4748643],[-0.1679225,51.4748763],[-0.1684954,51.4748958],[-0.1688205,51.4749095],[-0.1690217,51.4749281],[-0.1691428,51.4749437],[-0.1693138,51.4749621],[-0.1699651,51.4750852],[-0.1710171,51.475279],[-0.1711226,51.4752983],[-0.1711751,51.4752911]],[[-0.1711751,51.4752911],[-0.1715476,51.4752032],[-0.1720309,51.4750871],[-0.172455,51.4749852],[-0.1727594,51.4749222]],[[-0.1727594,51.4749222],[-0.1728349,51.4749048],[-0.1730417,51.4748578],[-0.1730998,51.4748413],[-0.1731448,51.4748443],[-0.1731896,51.4748619]],[[-0.1731896,51.4748619],[-0.1733119,51.4750515]],[[-0.1733119,51.4750515],[-0.173342,51.4751008],[-0.1733814,51.4751682],[-0.1734302,51.4752947],[-0.1734451,51.475402],[-0.1734634,51.4755006],[-0.1734703,51.4755182],[-0.1734787,51.47553],[-0.1735054,51.4755615]],[[-0.1698555,51.4782662],[-0.1697731,51.47831],[-0.1697257,51.4783223]],[[-0.1697257,51.4783223],[-0.169651,51.4783418],[-0.1695966,51.4783564]],[[-0.1695966,51.4783564],[-0.1694253,51.4783987],[-0.1691902,51.4784641]],[[-0.1691902,51.4784641],[-0.1689932,51.4785115],[-0.168654,51.4785969],[-0.1683773,51.4786625]],[[-0.1683773,51.4786625],[-0.1684093,51.4786961],[-0.1684306,51.4787206],[-0.168546,51.4788567],[-0.1688901,51.4792511]],[[-0.1688901,51.4792511],[-0.1689395,51.4792336],[-0.1694324,51.4790677],[-0.1699477,51.4788825],[-0.1702147,51.4787797],[-0.1702599,51.4787623],[-0.1703118,51.4787404]],[[-0.2219776,51.4473874],[-0.221985,51.4473497],[-0.2220017,51.4473335],[-0.2220153,51.4473213],[-0.2220723,51.4472869],[-0.2220985,51.4472792]],[[-0.2220985,51.4472792],[-0.222257,51.4472811]],[[-0.13519840337111547,51.47432055046976],[-0.1353223,51.4743668],[-0.1355246,51.474452],[-0.1355701,51.4744702],[-0.1361605,51.4747104],[-0.1362864,51.4747734],[-0.1363443,51.4748061],[-0.1364141,51.474856],[-0.1364679,51.4748982],[-0.1364857,51.4749179],[-0.1365123,51.4749586],[-0.1365247,51.4750018],[-0.1365291,51.4750279],[-0.1365424,51.4752333],[-0.1365508,51.47541],[-0.1365693,51.4755181],[-0.1365792,51.4755651],[-0.1365952,51.4756097],[-0.136626,51.4756608],[-0.1366824,51.4757181],[-0.136811,51.4758206],[-0.1370947,51.4760511],[-0.137706,51.4765004],[-0.1377363,51.4765287]],[[-0.1377363,51.4765287],[-0.1377608,51.4765472],[-0.1378685,51.4766288],[-0.1379133,51.4766628]],[[-0.1379133,51.4766628],[-0.1379527,51.4766892],[-0.1383752,51.4770005]],[[-0.1383752,51.4770005],[-0.1383997,51.4770239],[-0.1384411,51.4770579]],[[-0.1384411,51.4770579],[-0.1385743,51.4771614],[-0.1386363,51.4772095]],[[-0.1386363,51.4772095],[-0.1392098,51.4776403],[-0.139449,51.4778299]],[[-0.139449,51.4778299],[-0.1398122,51.4781096]],[[-0.1398122,51.4781096],[-0.1398577,51.4781453],[-0.1399017,51.4781753],[-0.1399432,51.4781947],[-0.1399876,51.4782066],[-0.1400348,51.4782104]],[[-0.1425585,51.477214],[-0.142525,51.4772221],[-0.1421477,51.4773738],[-0.1415524,51.4776261],[-0.1413139,51.4777224],[-0.1412465,51.4777496],[-0.1406563,51.4779829],[-0.1404928,51.4780445],[-0.1400837,51.4782044],[-0.1400627,51.4782088],[-0.1400348,51.4782104]],[[-0.1425585,51.477214],[-0.1424951,51.476949],[-0.1422104,51.4765887],[-0.1420047,51.4764046],[-0.1418113,51.4762342]],[[-0.1482319,51.4763931],[-0.1480152,51.4764703],[-0.1479747,51.476486],[-0.1478893,51.4765203],[-0.147454,51.476703],[-0.1473607,51.4767421],[-0.1472779,51.476777],[-0.1470716,51.4768717],[-0.1468966,51.476949]],[[-0.2175072,51.4609793],[-0.2174238,51.4609835],[-0.2173568,51.4609869],[-0.2172934,51.4609894],[-0.2172467,51.4609912]],[[-0.2172467,51.4609912],[-0.2171445,51.461016],[-0.2170359,51.4610475]],[[-0.24106454393639948,51.46501958607909],[-0.240286,51.4649324],[-0.23995308926985218,51.46489901967478]],[[-0.2222177,51.4474093],[-0.2222004,51.4473902],[-0.2221336,51.4473224],[-0.2220985,51.4472792],[-0.2220626,51.447204],[-0.2220506,51.447173],[-0.2220453,51.4471447],[-0.2220406,51.4471104],[-0.2220395,51.4471027],[-0.2220379,51.4470618],[-0.2221056,51.4470012]],[[-0.18429594133082963,51.43129821437943],[-0.1842441,51.4313113]],[[-0.1973715,51.4571205],[-0.1975499,51.4570778],[-0.1976104,51.4570698],[-0.1976487,51.457064],[-0.1982094,51.4569799]],[[-0.1982094,51.4569799],[-0.1982899,51.4569699],[-0.1983689,51.4569878]],[[-0.2166389,51.4606826],[-0.2168747,51.460664],[-0.2169483,51.4606549],[-0.2170036,51.4606481],[-0.2171007,51.4606258],[-0.2172149,51.460587]],[[-0.1784427,51.466856],[-0.178335,51.4668205],[-0.1782924,51.4668048],[-0.178206,51.466759],[-0.1781733,51.4667263],[-0.1781336,51.4666662],[-0.1781116,51.4665818]],[[-0.2024307,51.4566613],[-0.2025539,51.4566092],[-0.2026268,51.4565999],[-0.2028295,51.4565699],[-0.2028699,51.4565622],[-0.2029729,51.4565377],[-0.2030725,51.4565093],[-0.2031681,51.4564958]],[[-0.2166149,51.4514722],[-0.2166842,51.4513756]],[[-0.2166842,51.4513756],[-0.2168193,51.4512973]],[[-0.2168193,51.4512973],[-0.2168879,51.4512517]],[[-0.1705578,51.4789951],[-0.1706913,51.4789423],[-0.1707387,51.4789203],[-0.1708592,51.4788643],[-0.1716266,51.4785179],[-0.1719061,51.4783985],[-0.1730815,51.477877],[-0.1731583,51.4778432],[-0.1733826,51.477749],[-0.1736991,51.4776141],[-0.1738088,51.4775529],[-0.1739764,51.4774012],[-0.1741423,51.4772334],[-0.1743928,51.4769736],[-0.1745306,51.4768307],[-0.1748063,51.4765307],[-0.1748332,51.4765057]],[[-0.1748332,51.4765057],[-0.174958,51.4764098],[-0.1753358,51.4761529],[-0.1753429,51.4761459],[-0.1754081,51.4760742]],[[-0.1754081,51.4760742],[-0.1754474,51.4760209],[-0.1754701,51.4759511],[-0.1754753,51.4759064],[-0.1754884,51.4758378],[-0.1754891,51.4757898],[-0.1754714,51.4757558],[-0.1754352,51.4757083],[-0.175342,51.47562],[-0.1752532,51.4755265],[-0.1752163,51.4754926],[-0.1751676,51.4754301],[-0.1751252,51.4753712],[-0.1750876,51.4753226],[-0.1750685,51.4752949],[-0.175031,51.4752407]],[[-0.1767892,51.472837],[-0.1767892,51.4727718],[-0.1767892,51.4727002],[-0.1768355,51.4725493],[-0.1768639,51.4724722],[-0.1769,51.472374],[-0.1769531,51.4722654],[-0.17699,51.4722076],[-0.1770517,51.4721038],[-0.1770948,51.4720413],[-0.1771282,51.471993]],[[-0.1769605,51.4693469],[-0.1768678,51.4693454],[-0.1768191,51.4693137],[-0.1767842,51.4692927],[-0.176706,51.4692322],[-0.1766215,51.4691736]],[[-0.1739803,51.4587181],[-0.1739755,51.4587262],[-0.1739486,51.4587721],[-0.1739356,51.4587962],[-0.1739195,51.458834],[-0.1739106,51.4588757],[-0.1739129,51.4589026],[-0.1739259,51.4589245]],[[-0.175915,51.4555881],[-0.1757636,51.4557745],[-0.1754659,51.4561777],[-0.1751548,51.4566479],[-0.1749147,51.457041],[-0.1747935,51.4572646],[-0.1747731,51.4573011],[-0.1746632,51.4574926],[-0.174628,51.4575522],[-0.1745804,51.4576406],[-0.174512,51.4577645],[-0.1739803,51.4587181]],[[-0.176734,51.4547714],[-0.1765505,51.4549499],[-0.175915,51.4555881]],[[-0.1776976,51.4539214],[-0.1776355,51.4539683],[-0.1776063,51.4539918],[-0.1775681,51.4540177],[-0.1774764,51.4540799],[-0.1773801,51.4541518],[-0.1772401,51.4542778],[-0.1769944,51.4545267],[-0.1768615,51.4546516],[-0.176734,51.4547714]],[[-0.1791017,51.4527959],[-0.179032,51.4528673],[-0.1789896,51.4529107],[-0.178813,51.4530965],[-0.1784461,51.4534388],[-0.1783577,51.4535068],[-0.1782781,51.4535571],[-0.1780102,51.453705],[-0.1779739,51.4537234],[-0.1778554,51.4538058],[-0.1776976,51.4539214]],[[-0.1888475,51.4428096],[-0.1887595,51.4428167],[-0.1887068,51.4428392],[-0.1886519,51.4428608],[-0.1886037,51.4428829],[-0.1883995,51.4429714],[-0.1882793,51.4430239],[-0.1880971,51.4431097],[-0.1878955,51.4432233],[-0.1876193,51.4434674],[-0.1875531,51.4435429],[-0.1873726,51.4437539],[-0.1872373,51.4439119],[-0.1871324,51.4440341],[-0.1868341,51.4443791],[-0.1866132,51.4446395],[-0.1864765,51.4447932],[-0.1859132,51.445433],[-0.1857682,51.4456001],[-0.1856177,51.4457621],[-0.185119,51.4463261],[-0.1849105,51.4465593],[-0.1847773,51.4467085],[-0.1844627,51.4470591],[-0.1843951,51.4471374],[-0.184284,51.4472618],[-0.1837745,51.447839],[-0.1836179,51.4480075],[-0.1831003,51.4485838],[-0.1827308,51.4490082],[-0.1827002,51.4490434],[-0.1825999,51.4491601],[-0.1822316,51.4495619],[-0.1821189,51.4496935],[-0.1820782,51.4497488],[-0.1820202,51.4498021],[-0.18187,51.4499557],[-0.1816983,51.4501336],[-0.181115,51.4507347],[-0.1808403,51.4510179],[-0.1805294,51.4513436],[-0.1804623,51.4514093],[-0.1801405,51.4517352],[-0.1798073,51.4520786],[-0.179188,51.4527082],[-0.1791595,51.4527372],[-0.1791017,51.4527959]],[[-0.1478759,51.4779132],[-0.1479183,51.4778977]],[[-0.1479183,51.4778977],[-0.1479846,51.4778732]],[[-0.1479846,51.4778732],[-0.1480822,51.4778448],[-0.1481351,51.4778366]],[[-0.148284,51.4777125],[-0.1483413,51.4776917],[-0.1484034,51.4776772],[-0.1484685,51.4776694],[-0.1485348,51.4776684],[-0.1486004,51.4776744]],[[-0.2554315,51.4542603],[-0.2553703,51.4542203],[-0.2553579,51.4542085],[-0.2552676,51.4541306],[-0.2551685,51.4540546],[-0.2550781,51.4539977],[-0.254902,51.4539197],[-0.254745,51.453859],[-0.2542262,51.4536701],[-0.2533783,51.4533632],[-0.2532,51.4533101]],[[-0.2554315,51.4542603],[-0.255513,51.4542405],[-0.2555835,51.4542294],[-0.2563207,51.4541275],[-0.2563879,51.4541188],[-0.2570226,51.4540359]],[[-0.2570857,51.4540195],[-0.2570226,51.4540359]],[[-0.2571322,51.4539934],[-0.2570857,51.4540195]],[[-0.25714352367797794,51.45398009830776],[-0.2571322,51.4539934]]]}},{"type":"Feature","properties":{"kind":"stops"},"geometry":{"type":"MultiPoint","coordinates":[[-0.1633296,51.4461245],[-0.147248,51.4770078],[-0.1750904,51.4243479],[-0.1476577,51.4768309],[-0.2104164,51.4591403],[-0.1515974,51.4430399],[-0.1534048,51.4428736],[-0.1522485,51.4439934],[-0.1508584,51.4429952],[-0.2111753,51.4595669],[-0.2100016,51.459051],[-0.159909,51.4358767],[-0.160305,51.4354449],[-0.1587971,51.4353655],[-0.1584497,51.4354364],[-0.1591729,51.4358076],[-0.1666517,51.4271414],[-0.1663707,51.4268818],[-0.1668167,51.4271111],[-0.1669323,51.4271912],[-0.1688305,51.4284691],[-0.1691364,51.4284457],[-0.1666368,51.4274125],[-0.1665434,51.4268475],[-0.2061382,51.4453479],[-0.2069633,51.4443124],[-0.2074366,51.4440961],[-0.2115146,51.4446476],[-0.2112976,51.444556],[-0.1469692,51.4769797],[-0.1475549,51.4766124],[-0.1482427,51.4768966],[-0.1484199,51.4769543],[-0.1609478,51.4211185],[-0.1660947,51.4458404],[-0.1654401,51.4462626],[-0.1875294,51.4610994],[-0.1687737,51.4633543],[-0.1884222,51.4430236],[-0.1881358,51.4430165],[-0.1896071,51.443386],[-0.1891509,51.4431654],[-0.2234058,51.4427393],[-0.2234122,51.4421227],[-0.1480639,51.4493375],[-0.1479344,51.4491999],[-0.1405552,51.4250434],[-0.1403,51.4250363],[-0.1400392,51.4295694],[-0.1399099,51.4292392],[-0.1816075,51.457495],[-0.2169761,51.4614227],[-0.2167513,51.4613257],[-0.2168455,51.4610885],[-0.2158087,51.4605789],[-0.2163307,51.4605742],[-0.2172523,51.4601969],[-0.217474,51.4600156],[-0.1470117,51.4743631],[-0.1473323,51.4741078],[-0.1854818,51.4577032],[-0.1604691,51.4224805],[-0.1627592,51.4240356],[-0.1617177,51.4236195],[-0.1964956,51.4583557],[-0.1960084,51.4584779],[-0.1747161,51.4700333],[-0.1738897,51.469822],[-0.1487157,51.4409156],[-0.1485119,51.4408498],[-0.1490413,51.4473414],[-0.1771502,51.4249733],[-0.165252,51.4508236],[-0.1629706,51.4485845],[-0.1626808,51.4485725],[-0.1718798,51.4597287],[-0.1705163,51.4600827],[-0.1714691,51.4798207],[-0.1710494,51.4796326],[-0.1588749,51.4739698],[-0.1612774,51.4732092],[-0.1446732,51.4784693],[-0.1446248,51.4783214],[-0.1463236,51.4778729],[-0.1726804,51.4700388],[-0.1714095,51.4694839],[-0.1705268,51.4704365],[-0.1765093,51.4743731],[-0.1762243,51.4743924],[-0.1564823,51.4743306],[-0.1552505,51.4744232],[-0.1684937,51.4767536],[-0.2176375,51.4510561],[-0.217665,51.4507396],[-0.1539007,51.4512191],[-0.1865949,51.4635636],[-0.1862955,51.4634397],[-0.1833838,51.4483717],[-0.1835293,51.4479739],[-0.1656998,51.4413298],[-0.1660131,51.4418864],[-0.1980966,51.44456],[-0.1976335,51.4437899],[-0.1972452,51.4549209],[-0.1970885,51.4534164],[-0.2148781,51.4446572],[-0.1692448,51.4711624],[-0.1657412,51.4260754],[-0.1804817,51.4652408],[-0.181107,51.4646618],[-0.1496878,51.4832801],[-0.1492912,51.4823623],[-0.2163849,51.4466933],[-0.1858322,51.4350026],[-0.18627,51.4357987],[-0.1802654,51.438426],[-0.1804084,51.4382151],[-0.2191959,51.4613632],[-0.1479003,51.4506498],[-0.2041493,51.4479437],[-0.1500424,51.4613239],[-0.1655296,51.4302891],[-0.1449169,51.4215624],[-0.1446122,51.4216484],[-0.1641576,51.4541818],[-0.1642887,51.4546347],[-0.1680668,51.4642282],[-0.16785,51.4641598],[-0.167832,51.4632594],[-0.1676146,51.4630699],[-0.1675838,51.4617165],[-0.1678151,51.4608014],[-0.1672002,51.4612417],[-0.1660942,51.4607714],[-0.1748051,51.4505678],[-0.1737426,51.4499507],[-0.1275838,51.4820687],[-0.1768577,51.4280757],[-0.2373058,51.4560276],[-0.2371293,51.4558145],[-0.2393011,51.4647849],[-0.2338896,51.4518339],[-0.2347043,51.4515621],[-0.1542853,51.4416307],[-0.1549986,51.4410541],[-0.187282,51.4412756],[-0.1870646,51.4412297],[-0.136359,51.4747478],[-0.2077989,51.4624032],[-0.208551,51.4625042],[-0.2430907,51.4587004],[-0.2429848,51.459006],[-0.239255,51.4455283],[-0.1328372,51.4832873],[-0.1336821,51.4829293],[-0.2378563,51.459299],[-0.2376304,51.4588942],[-0.1378714,51.4814964],[-0.1368687,51.4818312],[-0.1582096,51.4225382],[-0.1589837,51.4226312],[-0.2232501,51.4682369],[-0.2226289,51.4679771],[-0.2295139,51.452534],[-0.2288259,51.4525333],[-0.24371,51.461134],[-0.2435844,51.4619232],[-0.1732357,51.4298724],[-0.1745057,51.4301714],[-0.1705838,51.4681296],[-0.2015042,51.4609342],[-0.2029313,51.4611285],[-0.1801317,51.432695],[-0.1743614,51.4295479],[-0.2033291,51.4487126],[-0.1467042,51.4375627],[-0.1464086,51.4375034],[-0.1536128,51.4613073],[-0.1543001,51.4612248],[-0.150329,51.4320235],[-0.1521692,51.4323602],[-0.2381951,51.4617154],[-0.2379133,51.4609049],[-0.1615263,51.4368431],[-0.166407,51.4522064],[-0.155259,51.4216953],[-0.1550579,51.4215121],[-0.1477487,51.4190615],[-0.1462577,51.4200124],[-0.1632778,51.438796],[-0.1627112,51.4384128],[-0.162837,51.4610623],[-0.1630689,51.4609368],[-0.1983582,51.458714],[-0.1982515,51.4590372],[-0.1638435,51.4489294],[-0.1642662,51.4492413],[-0.1733379,51.4756716],[-0.2019322,51.449983],[-0.2010892,51.449831],[-0.224658,51.4532413],[-0.2263251,51.4529314],[-0.1796907,51.4522925],[-0.1792606,51.4525599],[-0.242258,51.4451514],[-0.1778375,51.4661946],[-0.2192087,51.4484401],[-0.2178465,51.4477533],[-0.1645383,51.431512],[-0.1894764,51.4456606],[-0.1892747,51.4459811],[-0.1878744,51.4571432],[-0.1835357,51.4578024],[-0.1799852,51.4327687],[-0.18314,51.4329322],[-0.2412774,51.4465246],[-0.1705386,51.4672834],[-0.185324,51.4462082],[-0.1853512,51.445946],[-0.2226884,51.4445936],[-0.1679577,51.4714425],[-0.1869374,51.4397686],[-0.1866993,51.4389235],[-0.1798549,51.4276174],[-0.1792457,51.426664],[-0.1519742,51.4445425],[-0.1445783,51.4360823],[-0.1446256,51.4362534],[-0.2479535,51.4388365],[-0.2480272,51.4387119],[-0.2477033,51.4388309],[-0.2169212,51.4413164],[-0.2172154,51.4428184],[-0.2171793,51.4433771],[-0.2530626,51.4648245],[-0.1635386,51.4328882],[-0.2127292,51.4532909],[-0.2191464,51.4559993],[-0.1631171,51.4642734],[-0.1643261,51.4642178],[-0.1975425,51.4425834],[-0.2161729,51.4498098],[-0.1778852,51.4684648],[-0.1775231,51.4707319],[-0.177275,51.4701552],[-0.2367633,51.4481983],[-0.2063514,51.4576148],[-0.2073539,51.4579921],[-0.1921882,51.4538292],[-0.1918967,51.4538401],[-0.1785813,51.4583675],[-0.180283,51.4581227],[-0.1715077,51.441846],[-0.1717612,51.4416247],[-0.2491229,51.4525105],[-0.1730799,51.4233646],[-0.1517132,51.4206983],[-0.1525344,51.4208101],[-0.2399427,51.4447307],[-0.2397839,51.4448995],[-0.1992708,51.4569772],[-0.1999162,51.456826],[-0.1695639,51.4662901],[-0.1689665,51.4658962],[-0.1545072,51.4334002],[-0.1552056,51.4337319],[-0.1712834,51.4786039],[-0.2466103,51.4509375],[-0.2465538,51.4507871],[-0.1699121,51.4258662],[-0.1702076,51.4257662],[-0.1780375,51.439569],[-0.1774872,51.4396632],[-0.14954,51.4463492],[-0.2156457,51.4398873],[-0.1616114,51.4645741],[-0.1595588,51.4648061],[-0.1442563,51.4286762],[-0.1442669,51.4285709],[-0.249427,51.4650221],[-0.2498036,51.4645227],[-0.1969622,51.4413319],[-0.1843933,51.4632173],[-0.2390471,51.4480851],[-0.238458,51.4472137],[-0.1675404,51.4759364],[-0.1694713,51.4777983],[-0.1702979,51.4778828],[-0.2135935,51.4664839],[-0.2142738,51.4653291],[-0.2133215,51.4667143],[-0.2136886,51.4644486],[-0.2132,51.4644236],[-0.2172099,51.4623931],[-0.228317,51.4681847],[-0.228175,51.4679039],[-0.2366351,51.4517024],[-0.2364055,51.4515421],[-0.2211763,51.4535192],[-0.2202946,51.4540299],[-0.2215123,51.4517062],[-0.222257,51.4529227],[-0.2211151,51.4530954],[-0.2213051,51.4533139],[-0.2160882,51.4627621],[-0.2152135,51.464434],[-0.2278221,51.4631477],[-0.2292964,51.4632515],[-0.2228664,51.4625927],[-0.2233145,51.4625577],[-0.2207733,51.4616395],[-0.2406262,51.4422975],[-0.2438862,51.453148],[-0.2437407,51.4530248],[-0.2243411,51.4394601],[-0.2242573,51.4392034],[-0.1519309,51.4662588],[-0.1513918,51.4662955],[-0.1491118,51.4760914],[-0.1553894,51.4509577],[-0.1566723,51.4504982],[-0.1923576,51.4573758],[-0.1923712,51.4570959],[-0.179217,51.4662232],[-0.179154,51.4660832],[-0.174239,51.4613346],[-0.1726549,51.4620443],[-0.1493953,51.4706931],[-0.1496375,51.4697215],[-0.1663691,51.4743818],[-0.2407303,51.4435723],[-0.2481638,51.4522529],[-0.2423536,51.4506548],[-0.2397646,51.4497931],[-0.2398977,51.4497729],[-0.2392262,51.4497087],[-0.2388615,51.4493165],[-0.242388,51.44976],[-0.2420487,51.4495795],[-0.2446834,51.465203],[-0.250622,51.4381211],[-0.2137421,51.4527142],[-0.1583241,51.4501611],[-0.1604146,51.4494881],[-0.2191191,51.4673208],[-0.2185733,51.4671617],[-0.1656064,51.4573199],[-0.1418662,51.4774531],[-0.1665437,51.4295136],[-0.243976,51.4646859],[-0.2437638,51.4640697],[-0.1715641,51.4474576],[-0.1713527,51.4474541],[-0.1484883,51.47283],[-0.1484227,51.4725718],[-0.1585771,51.4613707],[-0.2054271,51.4618768],[-0.2061947,51.4619077],[-0.1411527,51.4798498],[-0.1410728,51.4797263],[-0.1819703,51.4303528],[-0.1822581,51.430949],[-0.2167287,51.4415569],[-0.2132222,51.4382553],[-0.1869508,51.4619981],[-0.1867839,51.4618063],[-0.1490144,51.4799624],[-0.1487478,51.4794828],[-0.147394,51.4196874],[-0.1483093,51.4199287],[-0.2091746,51.442448],[-0.2094295,51.4419434],[-0.1988674,51.4471855],[-0.1986368,51.4470484],[-0.1817193,51.4502358],[-0.1816619,51.4500614],[-0.2151941,51.4478467],[-0.1485537,51.4529021],[-0.1484153,51.4530019],[-0.1476073,51.4526357],[-0.1764042,51.4317388],[-0.1771084,51.4318789],[-0.2237945,51.4576485],[-0.1763449,51.4348252],[-0.1761936,51.4246757],[-0.1750308,51.4242831],[-0.1770502,51.425269],[-0.1750439,51.4276362],[-0.1740771,51.425653],[-0.1716173,51.4274653],[-0.1751861,51.4275978],[-0.1727062,51.4263419],[-0.1381467,51.4767536],[-0.1751807,51.4622981],[-0.1740064,51.4620471],[-0.2150418,51.4451552],[-0.2144806,51.4464291],[-0.2278163,51.4684358],[-0.2271905,51.4683479],[-0.1742398,51.4583526],[-0.1741588,51.4582146],[-0.1747131,51.4587117],[-0.1754941,51.4584405],[-0.2033018,51.4567547],[-0.2033195,51.4565064],[-0.2046942,51.4559412],[-0.2033017,51.4566342],[-0.1844209,51.4334103],[-0.1745854,51.476655],[-0.167615,51.4433293],[-0.1684005,51.4443874],[-0.1677213,51.4440079],[-0.1686929,51.4435693],[-0.1897359,51.4491326],[-0.1893877,51.4482305],[-0.1909218,51.4521644],[-0.1902451,51.4515424],[-0.1992228,51.4504751],[-0.1993392,51.4501895],[-0.227812,51.449012],[-0.2272702,51.4492521],[-0.2111276,51.4397402],[-0.1866642,51.4361331],[-0.1866724,51.4372098],[-0.1775424,51.4653516],[-0.1425107,51.4235554],[-0.1420892,51.4237173],[-0.1521531,51.4527131],[-0.2224632,51.4459592],[-0.222237,51.4461154],[-0.2215366,51.4487149],[-0.1745771,51.4408319],[-0.1748155,51.4406288],[-0.1563278,51.4655062],[-0.1551274,51.4656168],[-0.1900505,51.4595305],[-0.1643218,51.4254184],[-0.1632841,51.4243142],[-0.1458246,51.4311924],[-0.1470611,51.4312616],[-0.1407792,51.430731],[-0.141146,51.4306571],[-0.1375614,51.4337892],[-0.2349027,51.4457865],[-0.1925642,51.4557689],[-0.1927689,51.4562641],[-0.1936134,51.4569132],[-0.1928551,51.4565355],[-0.194697,51.456716],[-0.1956033,51.4573151],[-0.1965181,51.4572121],[-0.1950454,51.4579547],[-0.1950254,51.4581953],[-0.1506616,51.4668606],[-0.1290666,51.4846298],[-0.1297687,51.4841872],[-0.1899393,51.4577111],[-0.1898982,51.4576187],[-0.177105,51.4645476],[-0.1770203,51.4647329],[-0.2383812,51.4641798],[-0.1641969,51.4399904],[-0.1565209,51.4386501],[-0.1559924,51.4392712],[-0.1543921,51.4696639],[-0.2110445,51.4401025],[-0.1839196,51.4313097],[-0.2159732,51.4461474],[-0.1762358,51.4553504],[-0.1762983,51.4550592],[-0.2217694,51.4482353],[-0.2216726,51.4479535],[-0.2345489,51.4641797],[-0.2430876,51.455798],[-0.2430146,51.4555543],[-0.1710845,51.4652794],[-0.1709596,51.4654217],[-0.169669,51.4631183],[-0.1909077,51.4566514],[-0.1780962,51.4672446],[-0.1930598,51.4539918],[-0.1791606,51.4597255],[-0.1578819,51.4675492],[-0.1582169,51.4675839],[-0.1586456,51.4674044],[-0.1605437,51.4672985],[-0.1561838,51.4559236],[-0.1542144,51.4566646],[-0.1563084,51.4557451],[-0.1542005,51.4565359],[-0.1598089,51.4546285],[-0.1580831,51.4552232],[-0.1592485,51.4547136],[-0.1578161,51.4551924],[-0.1615679,51.4672845],[-0.1622834,51.4671436],[-0.1706474,51.4607607],[-0.1716803,51.4607284],[-0.1656279,51.4644007],[-0.1506112,51.4754821],[-0.2151642,51.4663629],[-0.2148304,51.4663749],[-0.1647664,51.4723691],[-0.1658381,51.4728291],[-0.1641169,51.4724028],[-0.1415746,51.4761314],[-0.1402768,51.4749775],[-0.1380563,51.4736392],[-0.1594777,51.4255597],[-0.1618626,51.4249115],[-0.1596145,51.4254006],[-0.1538573,51.4272424],[-0.1533034,51.427423],[-0.1534444,51.4272522],[-0.1460637,51.4281277],[-0.1481454,51.4277647],[-0.1465574,51.42794],[-0.1457078,51.428078],[-0.1483176,51.4276053],[-0.1563357,51.4264276],[-0.1560964,51.4263746],[-0.221441,51.449163],[-0.2230339,51.449396],[-0.1768497,51.4526621],[-0.1765566,51.4529147],[-0.1674569,51.4284934],[-0.1683979,51.4274962],[-0.1687921,51.4273915],[-0.2090652,51.4547606],[-0.2095717,51.4544431],[-0.2440643,51.4407833],[-0.1523251,51.475079],[-0.179188,51.4549375],[-0.1786126,51.4549743],[-0.1412643,51.4288064],[-0.1409727,51.4287041],[-0.1609146,51.4543028],[-0.1611752,51.4541034],[-0.1583599,51.4685105],[-0.2199756,51.4571236],[-0.2225778,51.4575868],[-0.2224313,51.4574577],[-0.2254061,51.4575943],[-0.2245238,51.4575488],[-0.2261035,51.4570395],[-0.2259296,51.4568484],[-0.2268151,51.4562933],[-0.2265751,51.4561908],[-0.2277691,51.4539953],[-0.2252291,51.457509],[-0.2187064,51.4573135],[-0.1990419,51.4636202],[-0.2154066,51.4673411],[-0.1713109,51.4650101],[-0.1475886,51.4784204],[-0.1475618,51.4775233],[-0.1454837,51.4755279],[-0.1706702,51.4629412],[-0.2490481,51.4525599],[-0.2482484,51.4522272],[-0.1702846,51.4642557],[-0.1695078,51.464815],[-0.2141934,51.4607597],[-0.2141704,51.4607902],[-0.1892098,51.4608009],[-0.2163149,51.4610797],[-0.1517368,51.4428954],[-0.1511528,51.4429146],[-0.1638706,51.446442],[-0.1459452,51.4839196],[-0.17551,51.4605965],[-0.1690258,51.4658774],[-0.1707099,51.464264],[-0.1710314,51.4634876],[-0.1712941,51.4636402],[-0.170851,51.4634678],[-0.170447,51.4635574],[-0.1708881,51.4642812],[-0.1690845,51.4645574],[-0.1717302,51.4645885],[-0.1720202,51.4646147],[-0.1692084,51.464616],[-0.1694077,51.464683],[-0.1695995,51.4653042],[-0.1696172,51.4654055],[-0.1719674,51.4648003],[-0.211615,51.4582294],[-0.2110364,51.4591459],[-0.2064699,51.4451878],[-0.2067627,51.4461979],[-0.1475246,51.4745582],[-0.1838589,51.4631703],[-0.1697578,51.4657255],[-0.1585796,51.4613167],[-0.1586672,51.4612563],[-0.168369,51.4635436],[-0.1684735,51.4636126],[-0.2163249,51.4610521],[-0.1700378,51.4785688],[-0.1723603,51.4388857],[-0.1788559,51.4362493],[-0.1761417,51.4280279],[-0.1659577,51.4578542],[-0.1824661,51.4670545],[-0.2510862,51.463794],[-0.1679658,51.464259],[-0.1713254,51.4694994],[-0.215122,51.4644352],[-0.2160903,51.4628784],[-0.213244,51.4666511],[-0.2134813,51.4664455],[-0.2144207,51.4653116],[-0.1966202,51.4553396],[-0.1762384,51.4246388],[-0.1771987,51.4249302],[-0.1667699,51.4271621],[-0.1664284,51.426839],[-0.1667115,51.4274342],[-0.1690318,51.4284768],[-0.1684755,51.4275586],[-0.1675301,51.42853],[-0.1688854,51.4284141],[-0.1687109,51.4273498],[-0.1668925,51.4272753],[-0.166726,51.4271216],[-0.1664779,51.4268845],[-0.2282422,51.4681616],[-0.2282392,51.4678841],[-0.1920451,51.4579526],[-0.1922883,51.4573677],[-0.1921064,51.4579637],[-0.1924504,51.4571211],[-0.1631694,51.4335203],[-0.1874314,51.4610852],[-0.1899843,51.4594966],[-0.1900201,51.4576917],[-0.1899857,51.4576073],[-0.1909173,51.456722],[-0.1927966,51.4565365],[-0.1926975,51.4562775],[-0.1926404,51.4557675],[-0.1920345,51.4538257],[-0.191975,51.4537848],[-0.1930716,51.4540529],[-0.1612782,51.434796],[-0.1655184,51.4644381],[-0.1706067,51.4629005],[-0.1696948,51.4631653],[-0.1586709,51.4613154],[-0.2126349,51.4382151],[-0.1805565,51.4595137],[-0.1715903,51.4274983],[-0.1711073,51.4653295],[-0.1709064,51.4653786],[-0.1694785,51.4663139],[-0.167919,51.464142],[-0.1688208,51.4634138],[-0.2466488,51.4509041],[-0.2464926,51.4508338],[-0.2424417,51.4497093],[-0.2419897,51.4496282],[-0.1876857,51.4422221],[-0.186236,51.4438299],[-0.1726987,51.4748692],[-0.1870499,51.4612276],[-0.159069,51.4359799],[-0.1697827,51.4637821],[-0.1525898,51.4438246],[-0.15275,51.443447],[-0.1598208,51.4355269],[-0.1686018,51.427371],[-0.168116,51.4280174],[-0.1423914,51.4799625],[-0.1438791,51.4790947],[-0.2124743,51.4385693],[-0.2532119,51.4533379],[-0.1713677,51.4244101],[-0.1714399,51.4798405],[-0.1638737,51.4363309],[-0.1645512,51.435876],[-0.1733063,51.4393878],[-0.1894626,51.4607425],[-0.1875339,51.4611757],[-0.1877614,51.4424231],[-0.1490798,51.4803764],[-0.170337,51.4629962],[-0.1477067,51.477291],[-0.1869854,51.4428796],[-0.1510516,51.4427197],[-0.1512116,51.4428437],[-0.1983457,51.4631715],[-0.1693562,51.4641304],[-0.1889585,51.4610136],[-0.1886941,51.4608227],[-0.1633859,51.4459257],[-0.1633784,51.4460782],[-0.1635956,51.4463682],[-0.1457525,51.4837023],[-0.1699467,51.464223],[-0.1700372,51.4639981],[-0.1707763,51.4650333],[-0.17061,51.4649441],[-0.1713166,51.463558],[-0.1704278,51.4641816],[-0.1741507,51.4636654],[-0.1703176,51.4653138],[-0.2113706,51.4587842],[-0.2112401,51.4587133],[-0.2109931,51.4586955],[-0.2066477,51.4456857],[-0.206576,51.4456948],[-0.1474747,51.4780495],[-0.147283,51.4776043],[-0.1476544,51.4778565],[-0.1473232,51.4746961],[-0.1468073,51.4750681],[-0.2155411,51.4672161],[-0.1824129,51.4670974],[-0.1869883,51.4431171],[-0.2150546,51.4610031],[-0.2150744,51.4607796],[-0.1871085,51.4610544],[-0.1875687,51.4609698],[-0.1874312,51.4611067],[-0.1886766,51.4609481],[-0.1868476,51.4611932],[-0.1465688,51.475165],[-0.1464805,51.4750396],[-0.145779,51.4753385],[-0.1463491,51.4752587],[-0.1683534,51.4277374],[-0.1682904,51.4277147],[-0.1528178,51.4433868],[-0.1529099,51.4434206],[-0.1594332,51.4357415],[-0.1594692,51.4357773],[-0.1542824,51.4416353],[-0.155039,51.4409971],[-0.1534101,51.4428896],[-0.1559692,51.4393194],[-0.1565376,51.4386164],[-0.1430851,51.4795172],[-0.1431442,51.4795628],[-0.1512182,51.4428274],[-0.1510564,51.4427027],[-0.1713951,51.424465],[-0.2150991,51.4609208],[-0.2150318,51.4608775],[-0.1713607,51.4635756],[-0.1703459,51.4641467],[-0.1706311,51.4649737],[-0.1707955,51.4650552],[-0.1702015,51.4641039],[-0.1698886,51.4641346],[-0.1696284,51.4641778],[-0.1697951,51.4640224],[-0.17214,51.4648141],[-0.1413353,51.4797989]]}},{"type":"Feature","properties":{"kind":"station","name":"Tooting Bec"},"geometry":{"type":"Point","coordinates":[-0.1597188,51.4356228]}},{"type":"Feature","properties":{"kind":"station","name":"Clapham South"},"geometry":{"type":"Point","coordinates":[-0.1475523,51.4528372]}},{"type":"Feature","properties":{"kind":"station","name":"Balham"},"geometry":{"type":"Point","coordinates":[-0.1528977,51.4433857]}},{"type":"Feature","properties":{"kind":"station","name":"Tooting Broadway"},"geometry":{"type":"Point","coordinates":[-0.1682905,51.4277387]}},{"type":"Feature","properties":{"kind":"station","name":"Battersea Park"},"geometry":{"type":"Point","coordinates":[-0.1475846,51.47761]}},{"type":"Feature","properties":{"kind":"station","name":"Queenstown Road"},"geometry":{"type":"Point","coordinates":[-0.1462935,51.4752161]}},{"type":"Feature","properties":{"kind":"station","name":"Wandsworth Town"},"geometry":{"type":"Point","coordinates":[-0.1882512,51.4609627]}},{"type":"Feature","properties":{"kind":"station","name":"Earlsfield"},"geometry":{"type":"Point","coordinates":[-0.1876937,51.4424033]}},{"type":"Feature","properties":{"kind":"station","name":"Wandsworth Common"},"geometry":{"type":"Point","coordinates":[-0.1635168,51.4461242]}},{"type":"Feature","properties":{"kind":"station","name":"Southfields"},"geometry":{"type":"Point","coordinates":[-0.2066142,51.4457751]}},{"type":"Feature","properties":{"kind":"station","name":"Balham"},"geometry":{"type":"Point","coordinates":[-0.1514426,51.4428285]}},{"type":"Feature","properties":{"kind":"station","name":"Clapham Junction"},"geometry":{"type":"Point","coordinates":[-0.1705184,51.4644589]}},{"type":"Feature","properties":{"kind":"station","name":"East Putney"},"geometry":{"type":"Point","coordinates":[-0.2112429,51.4586138]}},{"type":"Feature","properties":{"kind":"station","name":"Putney"},"geometry":{"type":"Point","coordinates":[-0.2153478,51.4609339]}},{"type":"Feature","properties":{"kind":"station","name":"Battersea Power Station"},"geometry":{"type":"Point","coordinates":[-0.1429709,51.4796154]}}]}
