{"type":"FeatureCollection","properties":{"borough":"Bexley","generatedAt":"2026-09-30T12:46:16.538Z","source":"© OpenStreetMap contributors, ODbL 1.0","majorRouteCount":11,"otherRouteCount":107,"stopCount":936,"stationCount":13},"features":[{"type":"Feature","properties":{"kind":"boundary"},"geometry":{"type":"Polygon","coordinates":[[[0.0746418,51.4321472],[0.0747681,51.432118],[0.0749921,51.4320658],[0.0751074,51.4320391],[0.0752364,51.4320092],[0.0753198,51.4319898],[0.0753339,51.4319866],[0.0755767,51.431939],[0.0770099,51.4315944],[0.0794393,51.431045],[0.0803717,51.4308261],[0.0803858,51.4307575],[0.0805162,51.4307777],[0.0807117,51.4307742],[0.0809954,51.4306846],[0.0814059,51.4305703],[0.0821671,51.4303509],[0.0826064,51.4302055],[0.0829062,51.4300581],[0.0831441,51.4299126],[0.0834645,51.4296812],[0.0836636,51.4295059],[0.0839967,51.4291439],[0.0844204,51.4286543],[0.0846202,51.4284138],[0.0851845,51.4277799],[0.0854686,51.427443],[0.0856459,51.4272547],[0.0858793,51.4270068],[0.085975,51.4269054],[0.0860769,51.4267962],[0.0864646,51.4263805],[0.0869346,51.4259288],[0.0872501,51.4256246],[0.0873984,51.4255006],[0.0875923,51.4253352],[0.0878817,51.4251205],[0.0884266,51.4246757],[0.088625,51.4245138],[0.0887126,51.4244025],[0.0889365,51.4242142],[0.0890755,51.4241012],[0.0891209,51.4240643],[0.0891806,51.4240212],[0.0892362,51.423981],[0.0893967,51.4238651],[0.0898109,51.4235484],[0.0900641,51.4233289],[0.090307,51.4231681],[0.0905286,51.4230113],[0.0906512,51.4229246],[0.0909294,51.4227802],[0.0909322,51.4227784],[0.0910494,51.4226998],[0.0912225,51.4225825],[0.0914552,51.4224516],[0.0918054,51.4222124],[0.0920893,51.4220041],[0.0923858,51.4217884],[0.0928735,51.4214757],[0.092973,51.4213876],[0.0933112,51.4211711],[0.0935933,51.4210177],[0.0938851,51.4208551],[0.0940818,51.4207527],[0.094243,51.4206617],[0.0942517,51.4206309],[0.0942643,51.420592],[0.094798,51.4202803],[0.0948581,51.4202424],[0.0956601,51.4197892],[0.0966444,51.4192644],[0.0967215,51.4192207],[0.0974025,51.4188605],[0.0980461,51.4184974],[0.0984338,51.4182647],[0.0986724,51.4181346],[0.0995109,51.4176969],[0.1004418,51.4172341],[0.101089,51.4169509],[0.1022753,51.416382],[0.1024528,51.41627],[0.1024497,51.4162647],[0.1024386,51.4162415],[0.1023914,51.4162171],[0.1024506,51.4161585],[0.1025249,51.4161788],[0.1026046,51.4161603],[0.1026216,51.4161555],[0.1027087,51.4161107],[0.1028499,51.4159913],[0.1029874,51.4158836],[0.103116,51.4158031],[0.1032315,51.4157182],[0.1033514,51.4156684],[0.1035138,51.4156035],[0.1037286,51.4155205],[0.1038177,51.4154865],[0.1041327,51.4153621],[0.1044756,51.4152202],[0.1047163,51.4151367],[0.1056887,51.4147982],[0.1064043,51.414565],[0.1070113,51.4143805],[0.1070102,51.4143572],[0.107007,51.4142649],[0.1076236,51.4140907],[0.1083424,51.4138989],[0.1088707,51.4137832],[0.1095369,51.4136355],[0.1095929,51.4136641],[0.1103489,51.41353],[0.1113067,51.4133743],[0.1117642,51.4133157],[0.1120747,51.4132831],[0.1123337,51.4132227],[0.1124939,51.413173],[0.1125222,51.4130996],[0.112559,51.4130243],[0.1130989,51.4129139],[0.1134781,51.4130599],[0.1135604,51.4130989],[0.1139531,51.4130954],[0.1143468,51.4130919],[0.1150301,51.4130976],[0.1160231,51.413175],[0.1163809,51.4131991],[0.1169154,51.4131894],[0.1172921,51.4132186],[0.1179855,51.4132241],[0.1181731,51.4132386],[0.1185839,51.4132591],[0.1188551,51.4132758],[0.1190704,51.4132989],[0.1194898,51.4133488],[0.1198837,51.4134083],[0.1201617,51.4134491],[0.1207294,51.4135656],[0.121786,51.4137731],[0.1220156,51.4138256],[0.1224491,51.4139329],[0.1230728,51.4141095],[0.1240598,51.414428],[0.124575,51.4145904],[0.1248096,51.4146248],[0.1250803,51.4146945],[0.125339,51.4147528],[0.1254024,51.4147876],[0.1255076,51.4147911],[0.1256793,51.4148042],[0.1258996,51.4148092],[0.1261506,51.4148161],[0.1262575,51.4148227],[0.1263861,51.4147673],[0.1266262,51.4146305],[0.126709,51.4146803],[0.1268336,51.4147561],[0.1269104,51.4148034],[0.1270351,51.4148628],[0.1271501,51.4149075],[0.1272558,51.414933],[0.1273705,51.4149579],[0.1275208,51.4149722],[0.1277448,51.4149654],[0.1280055,51.4149742],[0.1282297,51.4149701],[0.1290305,51.4149034],[0.1297781,51.4148044],[0.1302975,51.4147176],[0.1315336,51.4145171],[0.1318648,51.4144643],[0.13214,51.4144125],[0.1324363,51.4143514],[0.1328147,51.4142627],[0.1332047,51.4141449],[0.1337032,51.4139794],[0.1339331,51.4139123],[0.134136,51.4138537],[0.1343198,51.4138171],[0.1343173,51.4137623],[0.1352903,51.4133183],[0.1359715,51.4130298],[0.1363507,51.4128673],[0.1368746,51.4125987],[0.1370484,51.4125632],[0.1375274,51.4123809],[0.1377126,51.412311],[0.1379205,51.4122129],[0.1379982,51.4121762],[0.1381764,51.4120822],[0.1383561,51.4120186],[0.1386071,51.4118801],[0.138853,51.4117263],[0.1391397,51.411614],[0.1392684,51.4115685],[0.1396951,51.4114681],[0.139966,51.4113867],[0.1403568,51.4112564],[0.1405896,51.4111901],[0.1414824,51.4108788],[0.1419753,51.4107169],[0.1421436,51.4106572],[0.1425976,51.4104933],[0.1436998,51.410108],[0.1441806,51.4099355],[0.1444122,51.4098441],[0.1446861,51.4097356],[0.1452097,51.4095561],[0.1455449,51.4094663],[0.1455446,51.4094609],[0.1455381,51.4094143],[0.1456808,51.4093901],[0.1458866,51.4093638],[0.146593,51.4091854],[0.147348,51.4090034],[0.1479644,51.4088096],[0.1486011,51.4085866],[0.1488031,51.40851],[0.1488767,51.4084835],[0.1489638,51.408624],[0.1492857,51.4091415],[0.1500416,51.4089468],[0.1506978,51.4088053],[0.1511533,51.4087367],[0.1515689,51.4086777],[0.152036,51.408671],[0.1529064,51.408709],[0.153033,51.4092327],[0.1532566,51.4101962],[0.1533337,51.4104898],[0.1533621,51.410573],[0.1534197,51.4107293],[0.1534842,51.4108792],[0.1535398,51.4109888],[0.1535972,51.4110776],[0.153744,51.4112656],[0.1524756,51.4113563],[0.1516039,51.4114425],[0.1499585,51.4116318],[0.1497258,51.4116586],[0.14948,51.4119671],[0.1491339,51.4124357],[0.1492518,51.4125289],[0.149443,51.4126667],[0.1494633,51.4126814],[0.1495248,51.4127369],[0.1495871,51.4128095],[0.1496327,51.4128906],[0.1496657,51.4129835],[0.1497669,51.4134205],[0.1498559,51.4136958],[0.1499338,51.4138527],[0.149934,51.4138554],[0.1499709,51.4139078],[0.1500983,51.4140475],[0.1501325,51.4140721],[0.1501765,51.414092],[0.1502349,51.414108],[0.1503029,51.4141175],[0.1504513,51.4141229],[0.1505005,51.414131],[0.1505356,51.4141438],[0.1505982,51.4141894],[0.1507492,51.4143737],[0.1510713,51.4149226],[0.1511282,51.4150637],[0.1511498,51.4151559],[0.1511571,51.4152511],[0.1511438,51.4154879],[0.151095,51.4157343],[0.1511105,51.416708],[0.151111,51.4167187],[0.151054,51.4174338],[0.1510295,51.4176159],[0.1512749,51.4176348],[0.1517564,51.4176925],[0.1519211,51.4177066],[0.1521098,51.4177121],[0.1522983,51.417714],[0.1524748,51.4177054],[0.153141,51.4176518],[0.1535033,51.4177099],[0.1540682,51.4177624],[0.1540919,51.4177782],[0.1543526,51.4181835],[0.1546106,51.4184701],[0.1546043,51.41849],[0.1541366,51.4188512],[0.1539558,51.418983],[0.1537603,51.4191081],[0.1531401,51.4194675],[0.1530816,51.4195396],[0.1522703,51.419996],[0.1516269,51.4202021],[0.1513761,51.4203128],[0.1511328,51.4204307],[0.1513423,51.420603],[0.151439,51.4206715],[0.1519711,51.4210061],[0.1528252,51.4217036],[0.1529776,51.4219804],[0.1531089,51.4223225],[0.153296,51.4229368],[0.1533842,51.423223],[0.1534442,51.4233981],[0.1534526,51.4234222],[0.1534914,51.4236041],[0.1535078,51.4238323],[0.153504,51.4239069],[0.1534882,51.4240295],[0.1534328,51.4242248],[0.1533201,51.4247359],[0.1532927,51.4250088],[0.1532875,51.4251735],[0.1532928,51.4253164],[0.1533052,51.4254592],[0.1533353,51.4256403],[0.1534985,51.4262965],[0.1536027,51.4268305],[0.1537374,51.4275233],[0.1540353,51.4277983],[0.1544642,51.4281718],[0.1547704,51.4284098],[0.1551868,51.4288527],[0.1552745,51.4289752],[0.1553393,51.4290973],[0.1553846,51.4292349],[0.1554022,51.4293649],[0.1553851,51.429644],[0.1553874,51.4296935],[0.155431,51.4299463],[0.1554677,51.4300841],[0.1556096,51.4304385],[0.1558489,51.4308765],[0.1563795,51.4307805],[0.1563809,51.4307804],[0.1566889,51.4307208],[0.1569575,51.4306826],[0.1572728,51.4306238],[0.1575631,51.4305563],[0.1577691,51.4305004],[0.1579813,51.4304551],[0.158109,51.4304186],[0.1581952,51.4303864],[0.1583346,51.4303218],[0.1584297,51.4302634],[0.1585215,51.4301969],[0.158606,51.430127],[0.1588264,51.4301652],[0.1590594,51.4302248],[0.1591549,51.4301133],[0.1593499,51.4299164],[0.1593776,51.4298943],[0.1595231,51.4298071],[0.159612,51.4297398],[0.1596795,51.4296756],[0.1597066,51.4296419],[0.1597128,51.4292838],[0.1598111,51.4292028],[0.159972,51.429289],[0.1602745,51.4293895],[0.160642,51.4296768],[0.1606692,51.4296745],[0.161047,51.4296019],[0.1612392,51.4295605],[0.1621312,51.4293462],[0.1623371,51.4292885],[0.1626079,51.4292061],[0.1628771,51.4291157],[0.1632986,51.4290567],[0.1635211,51.4288934],[0.1638969,51.4289324],[0.1638764,51.4286791],[0.1638055,51.4286094],[0.1640069,51.4285481],[0.1640612,51.4285399],[0.1641229,51.4285396],[0.1641909,51.4285465],[0.1642491,51.4285616],[0.164302,51.428585],[0.1643526,51.42862],[0.1643892,51.4286616],[0.1644067,51.428699],[0.1644145,51.4287438],[0.1645619,51.4290621],[0.1652185,51.4299853],[0.1655636,51.4303485],[0.1655956,51.4303542],[0.1661585,51.430271],[0.1661835,51.4302822],[0.1663526,51.4305417],[0.1666673,51.4312957],[0.1666493,51.4313096],[0.1660694,51.4314301],[0.1662053,51.4315327],[0.1663453,51.4316335],[0.166819,51.4319467],[0.1668374,51.4323349],[0.166798,51.4324148],[0.166664,51.4325341],[0.1666961,51.4329903],[0.1667477,51.4337242],[0.1667216,51.4337595],[0.1665044,51.4340533],[0.1665528,51.4345615],[0.1665547,51.434602],[0.16656,51.4347124],[0.1666495,51.4348123],[0.1666616,51.4349443],[0.1666638,51.4350513],[0.1669155,51.4354144],[0.1669974,51.4356252],[0.1670521,51.4357159],[0.1671079,51.4358012],[0.1672319,51.435959],[0.167373,51.4361111],[0.1675371,51.4362654],[0.1676447,51.4364127],[0.1677899,51.4365611],[0.1679319,51.436733],[0.1680311,51.4368849],[0.1681777,51.4370638],[0.1682609,51.4371495],[0.1683631,51.4372411],[0.1685006,51.4373484],[0.1686881,51.4374797],[0.1686793,51.43772],[0.1687379,51.4379528],[0.1687484,51.4379949],[0.1690379,51.4385453],[0.1691461,51.438733],[0.1694025,51.4390448],[0.1694874,51.4390729],[0.1695667,51.4391074],[0.169654,51.4391588],[0.1697244,51.4392187],[0.169778,51.4392861],[0.1698081,51.4393439],[0.1698238,51.4394336],[0.1698203,51.4394787],[0.1697904,51.4395763],[0.1698042,51.439594],[0.1697486,51.4396059],[0.1697319,51.4396196],[0.170524,51.4408154],[0.1707481,51.4410452],[0.1707705,51.4410681],[0.1708764,51.4412073],[0.1709019,51.4412079],[0.1709092,51.441217],[0.1710048,51.4413512],[0.1711397,51.4415406],[0.171188,51.4416022],[0.1712546,51.4416571],[0.1712842,51.4417047],[0.1713356,51.4417874],[0.1713373,51.4418089],[0.171781,51.4421054],[0.1718086,51.4421399],[0.1718467,51.4421871],[0.1719069,51.4422435],[0.1720208,51.4423534],[0.1721467,51.442459],[0.1722379,51.4425301],[0.1723373,51.4425948],[0.1724033,51.4426507],[0.1724026,51.4426516],[0.1724071,51.4426551],[0.1724237,51.4426715],[0.1724375,51.4426883],[0.1724436,51.4426963],[0.172449,51.4427038],[0.1724531,51.4427136],[0.172455,51.4427235],[0.1724547,51.4427338],[0.1724538,51.4427442],[0.1724522,51.442755],[0.1724483,51.4427654],[0.1724465,51.442787],[0.1724137,51.4427931],[0.1724449,51.442844],[0.1724651,51.4428771],[0.1724725,51.4428949],[0.1724805,51.4429123],[0.1724892,51.4429297],[0.1725018,51.4429524],[0.1725127,51.4429702],[0.1725251,51.4429875],[0.1725427,51.4430105],[0.1726154,51.4430874],[0.1726518,51.4431263],[0.172695,51.4431714],[0.1727335,51.4432093],[0.1727741,51.4432473],[0.1727974,51.443268],[0.1728185,51.4432869],[0.1728414,51.4432842],[0.1727949,51.443215],[0.1727655,51.4431714],[0.172793,51.4431759],[0.173034,51.4432186],[0.1730579,51.4432231],[0.1730818,51.4432267],[0.1731042,51.4432281],[0.1731143,51.4432288],[0.1731431,51.4432287],[0.1731474,51.4432287],[0.1731868,51.4432257],[0.1732232,51.4432192],[0.1732616,51.443209],[0.1732871,51.4432009],[0.1733266,51.4431849],[0.1733591,51.4431708],[0.1734027,51.4431497],[0.1736305,51.4430075],[0.1737334,51.442948],[0.1738394,51.4428916],[0.1738943,51.4428654],[0.1739006,51.4428622],[0.1739739,51.4428293],[0.1740113,51.4428138],[0.1740424,51.442802],[0.1740778,51.4427905],[0.174124,51.4427775],[0.1741701,51.4427654],[0.174213,51.4427745],[0.1745676,51.4425903],[0.1751963,51.4423282],[0.1756227,51.4421562],[0.1758973,51.4420395],[0.1759069,51.4420353],[0.1760114,51.4419943],[0.176113,51.4420544],[0.1770561,51.4426129],[0.1771719,51.4426822],[0.1779559,51.4431515],[0.1779894,51.4431716],[0.1780267,51.443194],[0.1782811,51.4433469],[0.178563,51.4434649],[0.1786893,51.4435179],[0.1788491,51.4433679],[0.178948,51.4433755],[0.1791654,51.4434515],[0.1791866,51.4434434],[0.1792394,51.4433889],[0.1793944,51.4432305],[0.1795498,51.4430931],[0.1795532,51.4430895],[0.1796133,51.4431266],[0.1797229,51.4431933],[0.1800536,51.443323],[0.1800955,51.443342],[0.1801549,51.4433638],[0.1802001,51.4433769],[0.1802491,51.4433931],[0.1803214,51.4434165],[0.1805758,51.4434859],[0.1806025,51.443492],[0.1808181,51.4435259],[0.1808882,51.4436393],[0.1809243,51.443702],[0.180957,51.4437832],[0.1809681,51.4438204],[0.1809673,51.4438793],[0.1809732,51.4439133],[0.1809731,51.4439328],[0.1809729,51.4439803],[0.1809725,51.4440343],[0.1809931,51.4441783],[0.1810719,51.4441867],[0.1810885,51.4441875],[0.1811569,51.4441908],[0.1811866,51.4441922],[0.1812487,51.4441982],[0.1815505,51.4442335],[0.1816344,51.444244],[0.1817103,51.4442534],[0.1818254,51.4442677],[0.1821447,51.4443075],[0.182223,51.444319],[0.1824219,51.4443405],[0.1826587,51.4443712],[0.1826975,51.4443862],[0.182743,51.4444042],[0.1827896,51.4444303],[0.1827951,51.4444346],[0.1828426,51.4444707],[0.1828478,51.4444747],[0.1829313,51.4445352],[0.1829598,51.4445559],[0.1829946,51.4445812],[0.1831334,51.4445031],[0.1831574,51.4445247],[0.183187,51.4445465],[0.1832126,51.4445655],[0.1832967,51.4446202],[0.1832989,51.4446216],[0.1833322,51.4446432],[0.1833337,51.4446441],[0.183385,51.4446801],[0.1833992,51.4446901],[0.183493,51.4447503],[0.1835409,51.444781],[0.183824,51.444711],[0.183836,51.4447067],[0.1841237,51.4446429],[0.1842666,51.4447401],[0.1842906,51.4447564],[0.1843141,51.4447724],[0.18434,51.44479],[0.184349,51.4447961],[0.184384,51.4448202],[0.184617,51.4449827],[0.1846868,51.4450314],[0.184746,51.4450727],[0.1847779,51.445095],[0.184828,51.4451299],[0.1848752,51.4451628],[0.1848812,51.445167],[0.1848909,51.4451749],[0.1849468,51.445213],[0.1849808,51.4452363],[0.1850962,51.445315],[0.1852155,51.4453994],[0.1852586,51.4454298],[0.1852717,51.4454387],[0.1857592,51.4457716],[0.1857696,51.44578],[0.1858382,51.445823],[0.1858651,51.4458398],[0.185872,51.4458442],[0.1858883,51.4458551],[0.1861414,51.4460311],[0.1861542,51.4460426],[0.1866961,51.4464161],[0.1867288,51.4464387],[0.1870434,51.4466556],[0.1870664,51.4466715],[0.1871571,51.446734],[0.1871875,51.4467549],[0.1873633,51.4468762],[0.1873259,51.447027],[0.1873085,51.4471132],[0.1872945,51.4471828],[0.1872852,51.4472742],[0.1872902,51.447389],[0.187293,51.4474512],[0.1872937,51.4475068],[0.187296,51.4476657],[0.187304,51.4477415],[0.1873042,51.4479735],[0.1873096,51.4479945],[0.1873174,51.4480227],[0.1873291,51.4481021],[0.1873387,51.4481518],[0.1873402,51.448168],[0.1873556,51.4482958],[0.1876148,51.4487204],[0.1879811,51.4486601],[0.188123,51.4486327],[0.1884331,51.448586],[0.1886775,51.4489081],[0.1886827,51.448915],[0.1887628,51.4490394],[0.1888032,51.4491029],[0.1889632,51.4490744],[0.1890433,51.4490601],[0.1890594,51.4490572],[0.1892186,51.4490309],[0.189348,51.4490095],[0.1897327,51.4489457],[0.190117,51.4488844],[0.1903315,51.4488502],[0.1903731,51.4488436],[0.1908375,51.4487695],[0.1909666,51.4487509],[0.1909719,51.4487512],[0.1909777,51.4487516],[0.1909857,51.4487532],[0.1909922,51.4487549],[0.1909981,51.4487571],[0.1910006,51.4487583],[0.1909852,51.4487874],[0.1917205,51.4506784],[0.1917469,51.4506887],[0.191875,51.4506954],[0.1918869,51.450696],[0.1919156,51.450726],[0.1919788,51.4507824],[0.1920564,51.4508417],[0.1920191,51.4508389],[0.1920514,51.4508626],[0.1920517,51.4508629],[0.1920832,51.4508897],[0.1921398,51.4509439],[0.1922097,51.4510065],[0.1922928,51.4510872],[0.1923744,51.4511684],[0.1924119,51.4512014],[0.1924655,51.4512522],[0.1924843,51.4512698],[0.1924858,51.4512711],[0.1924971,51.4512812],[0.1925069,51.4512909],[0.1925137,51.4512985],[0.1925251,51.4513108],[0.1925259,51.4513122],[0.192538,51.4513241],[0.192564,51.4513569],[0.1925999,51.4513998],[0.1926282,51.4514051],[0.1926508,51.451411],[0.1927238,51.4514326],[0.1927559,51.4514419],[0.1927589,51.4514432],[0.1927691,51.4514461],[0.1927786,51.4514486],[0.1927874,51.4514521],[0.1927903,51.4514534],[0.1927999,51.4514577],[0.1928087,51.4514625],[0.1928169,51.4514673],[0.1928251,51.4514729],[0.1928311,51.4514778],[0.1928499,51.4514945],[0.192871,51.4515157],[0.1928839,51.4515294],[0.1928983,51.451544],[0.1929236,51.4515768],[0.1929445,51.4516074],[0.1929608,51.4516309],[0.1929631,51.4516349],[0.19297,51.4516447],[0.1929763,51.451654],[0.1929884,51.4516664],[0.1929974,51.4516752],[0.1930095,51.451688],[0.1930268,51.4517021],[0.1930339,51.4517015],[0.1930468,51.4517004],[0.193059,51.4516983],[0.1930719,51.4516968],[0.1931077,51.4516947],[0.1931465,51.4516931],[0.1931796,51.451692],[0.1932328,51.4516915],[0.1932853,51.4516905],[0.1932932,51.4516908],[0.1933307,51.4516919],[0.193348,51.4516916],[0.1933796,51.451691],[0.1934149,51.4516921],[0.1934351,51.4516922],[0.1934531,51.4516923],[0.1934733,51.4516937],[0.1934862,51.4516935],[0.1934978,51.4516955],[0.1935095,51.4516989],[0.1935191,51.4517046],[0.1935274,51.4517107],[0.1935341,51.4517169],[0.1935402,51.451724],[0.1935449,51.4517324],[0.1935474,51.4517387],[0.19355,51.4517481],[0.1935491,51.4517593],[0.1935468,51.4517711],[0.1935468,51.4517863],[0.1935427,51.4518066],[0.1935396,51.4518314],[0.193537,51.4518508],[0.1935362,51.4518643],[0.1935404,51.4518773],[0.1935502,51.4518879],[0.193563,51.4518998],[0.1935778,51.4519081],[0.1935895,51.4519105],[0.1936018,51.451913],[0.1936272,51.4519166],[0.1936423,51.4519176],[0.1936965,51.4519216],[0.1937482,51.4519197],[0.1937828,51.4519191],[0.1938057,51.4519182],[0.1938281,51.4519191],[0.193846,51.4519179],[0.1938589,51.4519172],[0.1938732,51.4519147],[0.1938946,51.4519107],[0.1939095,51.4519055],[0.1939236,51.4518998],[0.1939385,51.4518946],[0.1939476,51.4518899],[0.1939574,51.4518834],[0.1939677,51.4518742],[0.1939737,51.4518642],[0.1939768,51.4518538],[0.1939811,51.4518376],[0.1939828,51.4518285],[0.1939845,51.45182],[0.1939878,51.4518127],[0.1939982,51.4517896],[0.1940146,51.4517565],[0.1940304,51.4517251],[0.1940378,51.4517146],[0.1940445,51.4517037],[0.1940525,51.4516914],[0.1940671,51.4516804],[0.194083,51.451667],[0.1940962,51.4516578],[0.1941124,51.4516494],[0.1941208,51.4516456],[0.1941329,51.4516427],[0.1941444,51.4516416],[0.1941567,51.4516432],[0.1941654,51.4516453],[0.1941749,51.4516482],[0.1942102,51.4516624],[0.1942285,51.4516697],[0.1942462,51.4516779],[0.1942564,51.4516822],[0.1942727,51.4516914],[0.1942882,51.4516996],[0.1942971,51.4517044],[0.1943105,51.451714],[0.194324,51.451725],[0.1943315,51.4517321],[0.1943588,51.4517603],[0.1943748,51.4517785],[0.1943846,51.4517886],[0.1943974,51.4518005],[0.194414,51.4518155],[0.1944274,51.4518261],[0.1944438,51.4518365],[0.1944549,51.4518435],[0.1944682,51.4518505],[0.1944851,51.4518587],[0.1944983,51.4518639],[0.1945152,51.4518703],[0.1945387,51.4518793],[0.1945569,51.4518843],[0.1945795,51.4518902],[0.1945956,51.4518953],[0.1946137,51.4518981],[0.1946345,51.4518977],[0.1946474,51.4518966],[0.1946702,51.4518912],[0.1946844,51.4518878],[0.1946943,51.451884],[0.1947872,51.4518557],[0.1948397,51.451839],[0.1948576,51.4518369],[0.194872,51.4518366],[0.1948965,51.4518376],[0.1949234,51.4518429],[0.1949438,51.4518479],[0.1949605,51.4518525],[0.1949737,51.4518568],[0.1949797,51.4518616],[0.1949843,51.4518678],[0.1949876,51.4518776],[0.194986,51.4518889],[0.1949858,51.4519001],[0.1949768,51.4519363],[0.1949718,51.4519679],[0.1949691,51.4519868],[0.1949686,51.4520057],[0.1949665,51.4520372],[0.1949695,51.4520691],[0.1949729,51.4520802],[0.194983,51.4520958],[0.1949962,51.4521014],[0.1950154,51.4521118],[0.1950344,51.4521169],[0.195067,51.4521225],[0.1950859,51.4521249],[0.1951053,51.4521254],[0.1951225,51.4521242],[0.1951404,51.4521207],[0.1951581,51.4521163],[0.1951715,51.4521107],[0.1951856,51.4521028],[0.195203,51.4520917],[0.1952218,51.4520778],[0.1952412,51.4520626],[0.1952566,51.4520524],[0.1952712,51.4520423],[0.1953117,51.4520311],[0.1953321,51.4520286],[0.1953568,51.4520332],[0.1953751,51.4520436],[0.1953967,51.4520807],[0.1954228,51.4521495],[0.195432,51.4521644],[0.1954378,51.452172],[0.1954517,51.4521811],[0.1954741,51.4521852],[0.1955141,51.4521898],[0.1955518,51.4521959],[0.1955843,51.4522027],[0.1956126,51.4522152],[0.1956305,51.4522325],[0.1956347,51.4522383],[0.1956483,51.452252],[0.1956674,51.4522763],[0.1956818,51.4522918],[0.1956932,51.4523042],[0.1957017,51.4523148],[0.1957108,51.4523245],[0.1957227,51.4523337],[0.1957332,51.4523425],[0.1957466,51.4523522],[0.1957577,51.4523578],[0.1957717,51.4523638],[0.1957928,51.4523693],[0.195808,51.4523704],[0.1958301,51.4523677],[0.1958501,51.4523642],[0.195863,51.4523617],[0.195887,51.4523527],[0.1959004,51.452347],[0.1959088,51.4523424],[0.1959525,51.4523222],[0.1959578,51.4523199],[0.195997,51.4523099],[0.196017,51.4523118],[0.1960375,51.4523212],[0.1960888,51.4523684],[0.1961579,51.4524303],[0.1961966,51.4524497],[0.1962624,51.4524765],[0.196314,51.4524836],[0.1963534,51.4524807],[0.1963884,51.4524692],[0.1964302,51.4524457],[0.1964632,51.4524158],[0.1964853,51.4523833],[0.1965101,51.4523026],[0.1965363,51.4522086],[0.1965531,51.4521867],[0.1965844,51.4521653],[0.1966421,51.4521409],[0.1967078,51.4521215],[0.1968157,51.4520957],[0.1968613,51.4520826],[0.196881,51.4520701],[0.1969188,51.4520329],[0.1969608,51.4520018],[0.1970137,51.4519737],[0.1970525,51.4519507],[0.1970792,51.4519295],[0.1970965,51.4518938],[0.1971111,51.4518624],[0.1971272,51.4518342],[0.1971616,51.4518022],[0.197178,51.451795],[0.1971857,51.4517938],[0.1971901,51.4517941],[0.1972203,51.4517922],[0.197244,51.4517908],[0.1972747,51.4517858],[0.197346,51.4517727],[0.1973632,51.4517706],[0.1973826,51.4517702],[0.1974021,51.4517726],[0.1974175,51.451779],[0.1974315,51.4517855],[0.1974433,51.4517916],[0.1974472,51.4517969],[0.1974534,51.4518062],[0.1974579,51.4518111],[0.1974895,51.4518528],[0.1975126,51.4518847],[0.1975378,51.4519144],[0.1975494,51.4519317],[0.1975659,51.4519453],[0.1975807,51.451954],[0.1975991,51.4519627],[0.1976144,51.4519669],[0.1976325,51.4519688],[0.1976439,51.4519677],[0.197661,51.4519624],[0.1976763,51.4519527],[0.1976838,51.4519431],[0.1976899,51.4519354],[0.1977129,51.4519057],[0.1977352,51.4518738],[0.1977455,51.4518642],[0.1977586,51.4518522],[0.1977663,51.451848],[0.1977803,51.4518401],[0.1977966,51.4518353],[0.1978059,51.4518329],[0.1978216,51.4518299],[0.1978452,51.4518268],[0.1978632,51.4518278],[0.1978886,51.4518332],[0.1979031,51.4518347],[0.1979134,51.4518381],[0.1979651,51.4518506],[0.1980103,51.4518632],[0.1980323,51.4518714],[0.1980514,51.4518796],[0.19808,51.4518921],[0.1981007,51.4519029],[0.19812,51.4519151],[0.1981349,51.4519261],[0.19817,51.4519524],[0.1982029,51.4519788],[0.1982215,51.451991],[0.1982408,51.4520028],[0.1982658,51.4520136],[0.1982899,51.4520221],[0.1983154,51.4520275],[0.19834,51.4520297],[0.1983572,51.4520299],[0.1984076,51.4520298],[0.1984983,51.452029],[0.1985558,51.4520279],[0.1985795,51.4520279],[0.198602,51.4520311],[0.1986289,51.4520374],[0.1986493,51.4520419],[0.198661,51.4520457],[0.198715,51.4520623],[0.1987807,51.4520817],[0.1988128,51.4520906],[0.1988398,51.4520972],[0.1988919,51.4521044],[0.198915,51.4521053],[0.1989381,51.4521066],[0.1990137,51.452107],[0.199039,51.4521088],[0.1990644,51.4521137],[0.1990798,51.4521193],[0.1990962,51.4521316],[0.1991084,51.4521457],[0.1991069,51.4521588],[0.1991001,51.4521688],[0.1990954,51.4521743],[0.1990714,51.4522004],[0.1990543,51.4522178],[0.1990441,51.4522297],[0.1990376,51.4522442],[0.199029,51.4522601],[0.1990203,51.4522737],[0.1990174,51.4522895],[0.1990186,51.4522985],[0.1990207,51.4523119],[0.1990264,51.4523258],[0.1990327,51.4523382],[0.1990507,51.4523523],[0.1990654,51.4523597],[0.1990895,51.4523664],[0.1991186,51.4523721],[0.1992163,51.4523852],[0.1992729,51.452394],[0.1993041,51.4524001],[0.1993347,51.4524072],[0.1993682,51.452416],[0.1994004,51.4524271],[0.1994298,51.4524392],[0.1994601,51.4524548],[0.1994859,51.4524691],[0.1995002,51.452481],[0.199528,51.4525061],[0.1995402,51.4525194],[0.1995465,51.4525305],[0.1995519,51.4525394],[0.1995623,51.4525603],[0.1995664,51.4525715],[0.1995843,51.452613],[0.1995961,51.4526352],[0.1996152,51.4526574],[0.1996303,51.4526728],[0.1996483,51.4526882],[0.1996772,51.4527052],[0.1997212,51.4527224],[0.1997459,51.4527277],[0.1997698,51.45273],[0.1997892,51.4527287],[0.1997992,51.4527276],[0.1998091,51.4527243],[0.1998387,51.4527103],[0.199883,51.4526887],[0.199923,51.4526678],[0.2000015,51.4526236],[0.2001249,51.4525565],[0.200151,51.4525452],[0.2001719,51.4525457],[0.2001929,51.4525494],[0.2002106,51.4525571],[0.2002182,51.4525655],[0.2002223,51.4525767],[0.200225,51.4525875],[0.2002282,51.4525955],[0.2002364,51.4526147],[0.2002398,51.4526263],[0.2002442,51.4526428],[0.2002463,51.4526558],[0.2002477,51.4526702],[0.2002492,51.4526868],[0.2002493,51.4527183],[0.2002497,51.4527282],[0.2002483,51.452743],[0.2002463,51.4527624],[0.2002396,51.4527877],[0.200237,51.4528071],[0.2002354,51.4528202],[0.200238,51.4528278],[0.2002436,51.4528403],[0.2002489,51.4528464],[0.2002608,51.4528539],[0.2002828,51.4528611],[0.2002994,51.4528621],[0.2003137,51.4528605],[0.2003697,51.4528577],[0.2004213,51.452854],[0.2004364,51.4528524],[0.2004579,51.4528524],[0.2004768,51.4528552],[0.200497,51.4528566],[0.2005194,51.4528594],[0.2005449,51.4528643],[0.2006014,51.4528722],[0.2006361,51.4528765],[0.2006615,51.4528805],[0.2006935,51.4528862],[0.2007037,51.4528896],[0.2007103,51.4528922],[0.2007163,51.4528961],[0.2007222,51.4529005],[0.2007261,51.4529058],[0.2007291,51.4529098],[0.2007301,51.4529148],[0.2007303,51.4529197],[0.2007284,51.4529247],[0.2007271,51.452927],[0.2007174,51.4529352],[0.2007119,51.4529398],[0.2007071,51.4529444],[0.2007029,51.4529476],[0.2006981,51.4529518],[0.2006946,51.4529554],[0.2006919,51.4529591],[0.2006577,51.4529953],[0.2006096,51.4530434],[0.2006055,51.453047],[0.2006022,51.4530534],[0.2005996,51.4530593],[0.200597,51.4530647],[0.2005938,51.4530733],[0.2005899,51.4530815],[0.2005846,51.4530915],[0.2005822,51.4531014],[0.2005824,51.4531059],[0.200584,51.4531099],[0.2005845,51.4531198],[0.2005858,51.4531306],[0.2005868,51.4531373],[0.2005893,51.4531445],[0.2005934,51.4531543],[0.2005996,51.4531632],[0.2006034,51.4531685],[0.200608,51.4531734],[0.2006161,51.4531786],[0.2006257,51.4531834],[0.2006316,51.4531864],[0.2006382,51.453189],[0.2006574,51.4531985],[0.2006706,51.4532036],[0.2006852,51.4532079],[0.2006968,51.4532104],[0.2007099,51.4532128],[0.2007229,51.4532144],[0.2007373,51.453215],[0.2007554,51.453216],[0.2007741,51.4532165],[0.2007886,51.4532176],[0.200803,51.4532183],[0.2008225,51.4532192],[0.2008427,51.4532202],[0.2008615,51.4532216],[0.200881,51.4532231],[0.2008961,51.4532246],[0.2009106,51.4532257],[0.2009258,51.4532281],[0.2009396,51.453231],[0.200952,51.4532334],[0.2009637,51.4532368],[0.2009857,51.4532454],[0.2009952,51.4532502],[0.2010049,51.4532554],[0.2010144,51.4532601],[0.2010241,51.4532658],[0.2010344,51.4532715],[0.2010579,51.4532818],[0.2010711,51.453287],[0.2010821,51.4532908],[0.2010931,51.4532942],[0.2011202,51.4533045],[0.2011837,51.4533222],[0.2011946,51.4533256],[0.201199,51.4533273],[0.201213,51.4533333],[0.2012256,51.4533407],[0.2012345,51.4533473],[0.2012399,51.4533544],[0.2012416,51.4533597],[0.2012412,51.4533652],[0.20124,51.4533701],[0.2012373,51.4533756],[0.2012318,51.4533811],[0.2012255,51.4533843],[0.2012177,51.4533863],[0.2012113,51.4533886],[0.2011823,51.4533991],[0.201154,51.4534091],[0.2011222,51.4534209],[0.2010911,51.4534323],[0.2010579,51.4534446],[0.2010283,51.4534591],[0.2010207,51.4534642],[0.2010137,51.4534692],[0.2010055,51.4534775],[0.2010001,51.4534861],[0.2009963,51.4534957],[0.2009931,51.4535052],[0.2009907,51.4535151],[0.2009898,51.4535259],[0.2009911,51.4535389],[0.2009939,51.4535515],[0.2009966,51.4535631],[0.2010022,51.4535747],[0.2010046,51.4535782],[0.2010115,51.453588],[0.2010206,51.4535973],[0.201035,51.4536123],[0.2010493,51.4536264],[0.2010792,51.4536479],[0.2011128,51.4536733],[0.2011457,51.4536997],[0.2011727,51.453723],[0.201199,51.4537459],[0.2012245,51.4537675],[0.2012493,51.453789],[0.2012847,51.4538221],[0.2012915,51.4538291],[0.2012991,51.4538357],[0.2013102,51.4538436],[0.2013228,51.4538506],[0.201333,51.453854],[0.2013447,51.4538574],[0.2013571,51.4538594],[0.2015676,51.4538676],[0.2016353,51.4538686],[0.2017031,51.4538713],[0.2017456,51.4538723],[0.2017869,51.4538774],[0.2018,51.4538807],[0.2018102,51.4538846],[0.2018162,51.4538881],[0.2018215,51.4538934],[0.2018268,51.4538991],[0.2018299,51.4539049],[0.2018325,51.453913],[0.2018328,51.4539206],[0.2018325,51.4539291],[0.201833,51.4539386],[0.2018322,51.4539678],[0.2018322,51.4539971],[0.2018345,51.4540154],[0.2018376,51.4540338],[0.2018403,51.4540464],[0.2018452,51.4540575],[0.2018475,51.4540606],[0.2018551,51.4540681],[0.2018633,51.4540747],[0.2018708,51.4540804],[0.2018834,51.4540878],[0.201898,51.4540938],[0.2019054,51.4540964],[0.2019177,51.4540984],[0.2019307,51.4541],[0.2019444,51.4541006],[0.2019588,51.4540999],[0.2019681,51.4540984],[0.2019787,51.4540955],[0.2019901,51.4540921],[0.2020006,51.4540874],[0.2020119,51.4540827],[0.2020197,51.454079],[0.2020371,51.4540678],[0.2020713,51.4540452],[0.2021809,51.4539752],[0.2022368,51.45394],[0.2022927,51.4539043],[0.202317,51.4538868],[0.2023436,51.4538701],[0.2023569,51.4538635],[0.2023718,51.4538588],[0.2023754,51.4538578],[0.2023868,51.4538567],[0.202399,51.4538565],[0.2024099,51.4538571],[0.202425,51.4538582],[0.2024417,51.453861],[0.2024592,51.4538648],[0.2024759,51.4538689],[0.2025131,51.4538777],[0.2025495,51.4538873],[0.2026326,51.4539101],[0.202682,51.4539279],[0.2027293,51.4539451],[0.202733,51.4539464],[0.2027419,51.4539512],[0.2027508,51.4539569],[0.2027561,51.4539622],[0.2027668,51.4539763],[0.202773,51.4539852],[0.2027799,51.4539945],[0.2027832,51.4540026],[0.2027874,51.4540155],[0.2027909,51.4540285],[0.2027992,51.4540504],[0.202806,51.4540732],[0.2028184,51.4541215],[0.202825,51.4541376],[0.2028329,51.4541536],[0.2028407,51.4541656],[0.2028499,51.4541776],[0.202856,51.4541838],[0.2028628,51.4541904],[0.2028657,51.4541921],[0.2028761,51.4541991],[0.2028887,51.4542065],[0.2029072,51.454217],[0.2029278,51.454226],[0.2029791,51.4542457],[0.2029997,51.4542548],[0.2030218,51.4542643],[0.2030643,51.4542797],[0.2030906,51.4542877],[0.203119,51.4542944],[0.2031422,51.454298],[0.2031653,51.4543002],[0.2031812,51.4543022],[0.2031985,51.4543023],[0.2032049,51.4543009],[0.2032262,51.4542951],[0.2032426,51.4542911],[0.2032604,51.4542881],[0.2032747,51.4542856],[0.2032905,51.4542853],[0.2032934,51.4542857],[0.2033007,51.4542883],[0.2033081,51.4542917],[0.2033148,51.4542952],[0.2033251,51.4543013],[0.2033355,51.4543069],[0.2033474,51.4543148],[0.2033564,51.4543232],[0.203358,51.4543254],[0.2033619,51.4543325],[0.2033644,51.4543401],[0.2033655,51.4543482],[0.2033666,51.4543549],[0.2033669,51.4543617],[0.2033659,51.4543707],[0.2033641,51.4543792],[0.2033594,51.4544],[0.2033549,51.4544118],[0.203349,51.4544236],[0.2033441,51.4544403],[0.2033384,51.4544571],[0.2033313,51.4544738],[0.2033242,51.4544911],[0.2033224,51.4544996],[0.20332,51.4545087],[0.2033183,51.4545186],[0.2033167,51.454529],[0.2033167,51.4545438],[0.2033181,51.4545586],[0.2033189,51.4545757],[0.2033204,51.4545928],[0.2033227,51.4546098],[0.2033257,51.4546264],[0.2033271,51.4546403],[0.2033277,51.4546542],[0.2033279,51.4546726],[0.2033273,51.4546911],[0.2033253,51.4547078],[0.2033225,51.4547245],[0.2033212,51.4547438],[0.2033186,51.4547628],[0.2033155,51.454775],[0.2033104,51.4547872],[0.2033064,51.4547945],[0.203301,51.4548022],[0.2032997,51.454804],[0.2032907,51.4548127],[0.2032811,51.4548219],[0.2032666,51.4548352],[0.2032391,51.4548618],[0.2032275,51.4548755],[0.2032228,51.4548819],[0.2032188,51.4548878],[0.2032142,51.4548974],[0.203211,51.454906],[0.2032074,51.4549213],[0.2032085,51.454928],[0.2032118,51.4549365],[0.203215,51.4549441],[0.203223,51.4549597],[0.2032316,51.4549748],[0.2032432,51.4549908],[0.2032569,51.4550063],[0.203266,51.455016],[0.2032744,51.4550257],[0.2032903,51.4550434],[0.2033056,51.4550611],[0.20332,51.4550775],[0.2033352,51.4550934],[0.2033517,51.4551066],[0.2033681,51.4551184],[0.2033815,51.4551276],[0.2033942,51.4551372],[0.2034299,51.4551626],[0.2034523,51.4551793],[0.203474,51.4551955],[0.2034919,51.4552096],[0.2035085,51.4552237],[0.203513,51.455229],[0.2035176,51.4552338],[0.2035281,51.455244],[0.2035387,51.4552546],[0.2035494,51.4552674],[0.2035601,51.4552807],[0.2035738,51.4552957],[0.2035875,51.4553103],[0.2036034,51.4553271],[0.2036193,51.455343],[0.2036411,51.4553637],[0.2036637,51.455384],[0.2036847,51.455402],[0.2037065,51.4554205],[0.2037261,51.4554381],[0.2037449,51.4554562],[0.2037654,51.4554774],[0.2037844,51.4554995],[0.2038019,51.4555176],[0.2038171,51.4555358],[0.203828,51.4555522],[0.2038374,51.4555687],[0.2038476,51.4555851],[0.2038577,51.4556011],[0.203865,51.4556181],[0.2038687,51.4556351],[0.2038691,51.4556432],[0.203869,51.4556562],[0.2038667,51.4556693],[0.2038647,51.4556864],[0.2038619,51.4557036],[0.2038465,51.4558028],[0.2038336,51.4558336],[0.2038194,51.4558667],[0.2038051,51.4558993],[0.2037947,51.4559215],[0.2037857,51.4559433],[0.2037864,51.4559442],[0.2037859,51.4559482],[0.2037847,51.4559523],[0.2037813,51.4559582],[0.203778,51.4559637],[0.2037713,51.4559732],[0.2037577,51.4559901],[0.2037412,51.4560071],[0.2037262,51.456024],[0.2037134,51.4560409],[0.203619,51.4560535],[0.2034802,51.4560722],[0.2033392,51.4560888],[0.2032304,51.4561003],[0.2030871,51.4561147],[0.2029518,51.4561285],[0.202822,51.4561395],[0.2027036,51.4561471],[0.2026075,51.4561529],[0.2025479,51.4561568],[0.202581,51.4562295],[0.2026131,51.4563026],[0.2028477,51.4568369],[0.203127,51.4574072],[0.2032086,51.4576043],[0.20322,51.4577247],[0.2031384,51.4578818],[0.2030808,51.4579701],[0.2030245,51.4580566],[0.2029159,51.4581638],[0.2028353,51.4582229],[0.2028289,51.4582419],[0.2028531,51.4582648],[0.2029392,51.4583469],[0.2031517,51.4586072],[0.2031691,51.4586384],[0.2032449,51.4587476],[0.2034157,51.4589152],[0.2037073,51.4591714],[0.2038298,51.4592663],[0.2044744,51.4598261],[0.2045343,51.4598754],[0.2046308,51.4599347],[0.204759,51.4599952],[0.2053492,51.4601154],[0.2054795,51.4601588],[0.2055457,51.46019],[0.2059376,51.460464],[0.2062158,51.4606225],[0.2067419,51.4608438],[0.2068366,51.4608968],[0.2069582,51.4609997],[0.207019,51.461066],[0.2070623,51.4610976],[0.2071214,51.4611307],[0.2076042,51.4614678],[0.2078454,51.4615739],[0.209269,51.4620174],[0.2094044,51.4620472],[0.2098656,51.4621177],[0.2100781,51.4621973],[0.2102799,51.4622897],[0.2105856,51.4624809],[0.2105609,51.463101],[0.2104961,51.4636373],[0.2104864,51.4640008],[0.2103973,51.4646904],[0.2103577,51.4647955],[0.2103504,51.4648514],[0.2103513,51.4649296],[0.2103326,51.465081],[0.2103363,51.4655126],[0.2103543,51.4656472],[0.2104202,51.4658492],[0.2105582,51.4661425],[0.2107543,51.4664472],[0.2110288,51.4669411],[0.2113711,51.4675911],[0.2114877,51.4679757],[0.2114445,51.468365],[0.2113565,51.468747],[0.2113147,51.4688359],[0.2112753,51.4688853],[0.211223,51.4689358],[0.2111513,51.4689982],[0.210976,51.4691283],[0.2101244,51.4694996],[0.2099502,51.4696189],[0.2097981,51.4697504],[0.2094324,51.4701385],[0.2089014,51.4706513],[0.2088578,51.4707025],[0.2088175,51.4707626],[0.2087919,51.4708297],[0.2087783,51.4709054],[0.2087764,51.4709567],[0.2087858,51.4710015],[0.2087976,51.4710363],[0.2088428,51.4711075],[0.2090066,51.4713391],[0.2091743,51.4715023],[0.2092836,51.4715893],[0.2096292,51.4717968],[0.2097267,51.4718498],[0.2102347,51.4720489],[0.2105253,51.4722241],[0.2110749,51.4726608],[0.2114802,51.4729427],[0.2118496,51.4733161],[0.211869,51.4733886],[0.2118591,51.4734517],[0.2117842,51.473571],[0.211713,51.4737656],[0.2115313,51.4743257],[0.2114792,51.4744409],[0.2114336,51.4747178],[0.2115017,51.4749944],[0.211507,51.4750456],[0.211541,51.4750926],[0.2121152,51.4755],[0.2122104,51.4755926],[0.2122567,51.4756268],[0.2123663,51.4756904],[0.2124929,51.4757474],[0.2127037,51.4758162],[0.2128504,51.4758719],[0.2130727,51.4759154],[0.2134703,51.4760067],[0.2144,51.4762617],[0.2149875,51.4763783],[0.2156609,51.4764852],[0.2160269,51.4765493],[0.2162269,51.4766355],[0.2162743,51.4766607],[0.2164423,51.4767996],[0.2165392,51.4768993],[0.2165975,51.4769711],[0.2166832,51.4771062],[0.2168309,51.4774199],[0.2168601,51.4774886],[0.2168721,51.4775568],[0.216872,51.4776134],[0.2168231,51.4778526],[0.2167889,51.4779495],[0.2167178,51.4780857],[0.2166095,51.4783774],[0.2165156,51.4784007],[0.2164761,51.4784186],[0.2164524,51.4784352],[0.2164188,51.4784826],[0.2164266,51.4786147],[0.2164064,51.4787346],[0.2164093,51.4788246],[0.216381,51.4789824],[0.2163533,51.4790639],[0.2163536,51.4791007],[0.2163623,51.4791303],[0.2165733,51.4795319],[0.2166116,51.479639],[0.2166387,51.4796934],[0.216805,51.4798557],[0.2168912,51.4799081],[0.2173,51.480056],[0.2175909,51.4801431],[0.2179401,51.4802452],[0.2180493,51.480271],[0.2181671,51.4802922],[0.2183494,51.4803103],[0.2187131,51.4802351],[0.2196399,51.4800153],[0.2201277,51.480006],[0.220837,51.4804368],[0.2221117,51.4812383],[0.2236757,51.4822724],[0.2221039,51.4829434],[0.2202673,51.4837093],[0.2199421,51.4838352],[0.2189836,51.4842067],[0.2186236,51.4843277],[0.2174345,51.4848152],[0.2171767,51.4849055],[0.216941,51.4849756],[0.2167021,51.4850403],[0.2163038,51.4851441],[0.2160957,51.4851876],[0.2141755,51.4855692],[0.2138169,51.4856308],[0.2135808,51.4856641],[0.2125608,51.4857786],[0.2115171,51.4858514],[0.2110557,51.4858709],[0.2103069,51.485877],[0.2095967,51.4858148],[0.2086907,51.4857842],[0.2082761,51.4857587],[0.2081271,51.4857462],[0.207697,51.4856977],[0.2051204,51.4853163],[0.2033691,51.4850812],[0.2025931,51.4849708],[0.200446,51.4845912],[0.199277,51.4844233],[0.1990148,51.4843923],[0.1987515,51.4843693],[0.1983471,51.4843464],[0.197133,51.4842585],[0.1963055,51.4842138],[0.1955595,51.4841864],[0.1919728,51.4841501],[0.1902546,51.4842442],[0.1899707,51.4842702],[0.1894335,51.4843324],[0.1883753,51.4844313],[0.1881774,51.4844494],[0.1876009,51.4845626],[0.1874571,51.4845977],[0.1872697,51.4846543],[0.1868716,51.4847939],[0.1863521,51.4849556],[0.1861296,51.4850307],[0.18545,51.4852772],[0.1851487,51.4853917],[0.1848166,51.4855265],[0.1839963,51.4859033],[0.1833349,51.4862285],[0.1826584,51.4866323],[0.1824378,51.4867767],[0.1821431,51.4869719],[0.181653,51.4873255],[0.1810281,51.4878146],[0.1808254,51.4880028],[0.1805492,51.4882831],[0.1800183,51.4889611],[0.1795693,51.4895747],[0.179012,51.4904547],[0.1785269,51.4914592],[0.1783505,51.4918384],[0.1782435,51.4921021],[0.1780467,51.4925959],[0.1778896,51.493079],[0.1778206,51.4933231],[0.1776859,51.4938832],[0.1771909,51.4957701],[0.1770141,51.4966241],[0.1768897,51.4970365],[0.1766184,51.4976629],[0.1765713,51.4977627],[0.1763109,51.4981947],[0.1762622,51.4982918],[0.1760673,51.498737],[0.1760659,51.498737],[0.1759074,51.4991599],[0.1758868,51.4992125],[0.1757216,51.4997983],[0.1756885,51.4998613],[0.1754574,51.5003005],[0.1749505,51.5011543],[0.1748257,51.5013464],[0.174633,51.5015973],[0.174364,51.5019098],[0.1741271,51.5021687],[0.1734643,51.5028366],[0.1730054,51.5032863],[0.172798,51.5034596],[0.1725825,51.5036542],[0.1707179,51.5050503],[0.1703465,51.5053008],[0.1698967,51.5055682],[0.1696636,51.5056975],[0.1691826,51.5059474],[0.1689419,51.5060678],[0.1684979,51.5062766],[0.1679332,51.5065235],[0.1675063,51.5066987],[0.1669104,51.5069256],[0.165661,51.5073506],[0.165157,51.5075101],[0.1648375,51.5076104],[0.1639011,51.5079209],[0.1635886,51.5080175],[0.1625255,51.50827],[0.1617271,51.5084511],[0.161473,51.5085034],[0.1611261,51.5085719],[0.1607729,51.5086305],[0.1605136,51.5086641],[0.1600591,51.508712],[0.1600576,51.5087121],[0.1578741,51.5087685],[0.1564048,51.5088728],[0.1546695,51.5090837],[0.1532595,51.5092544],[0.1526117,51.5093616],[0.1512812,51.5096425],[0.1511049,51.5096797],[0.1507416,51.5097483],[0.1499393,51.5098998],[0.1491987,51.510087],[0.1480934,51.5103653],[0.1468592,51.5107215],[0.1445393,51.5115895],[0.1434507,51.5120078],[0.1423318,51.5124878],[0.1408721,51.5130486],[0.1399249,51.5134103],[0.1390422,51.5137664],[0.1379901,51.5140742],[0.1368466,51.5143703],[0.135926,51.5145948],[0.135454,51.5146777],[0.1335944,51.5150041],[0.1326958,51.5152066],[0.131793,51.5152878],[0.130527,51.5154313],[0.1290022,51.5155255],[0.1288065,51.5155327],[0.128229,51.5155422],[0.1277141,51.5155345],[0.127008,51.5155068],[0.1262955,51.5154667],[0.1252806,51.5154311],[0.1252691,51.5154314],[0.1252112,51.5154252],[0.1243963,51.5153222],[0.1238622,51.515241],[0.1233723,51.5151519],[0.1229357,51.5150617],[0.1224666,51.5149404],[0.1222369,51.514881],[0.1218215,51.5147816],[0.1215823,51.5147202],[0.1211034,51.5145886],[0.1207673,51.5144895],[0.1204381,51.514383],[0.1199796,51.5142249],[0.1193047,51.5139673],[0.1182863,51.5135776],[0.1182865,51.5135772],[0.1183784,51.5134748],[0.1185052,51.5133342],[0.1185542,51.5132808],[0.1185572,51.5132782],[0.1187022,51.5131196],[0.1188727,51.512931],[0.1190184,51.5127694],[0.1191599,51.512612],[0.119257,51.5125038],[0.1194063,51.5123374],[0.119571,51.5121515],[0.119707,51.5120018],[0.1198526,51.5118399],[0.1199737,51.5117037],[0.1200938,51.5115709],[0.1201729,51.5114876],[0.1202599,51.5113906],[0.1203625,51.5112746],[0.1204355,51.5111923],[0.1204761,51.5111459],[0.1204911,51.5111281],[0.1204953,51.5111169],[0.1204992,51.5110983],[0.1204998,51.5110869],[0.1204997,51.5110502],[0.1205028,51.5109802],[0.1205086,51.5108576],[0.1205146,51.5107578],[0.1205233,51.5106549],[0.1205286,51.5105296],[0.1205324,51.5104411],[0.1205363,51.5103897],[0.120548,51.5102404],[0.1205576,51.51009],[0.1205675,51.5099365],[0.1205779,51.5097756],[0.1205883,51.5096095],[0.1205925,51.5095449],[0.1205961,51.5094792],[0.1206006,51.5094399],[0.1206065,51.5093348],[0.120608,51.5092493],[0.1206201,51.5090921],[0.1206284,51.5089304],[0.1206326,51.5088014],[0.120634,51.508747],[0.1206296,51.508699],[0.12069,51.5086976],[0.1206905,51.5086917],[0.1206945,51.5085832],[0.1207042,51.5083307],[0.1207041,51.5083187],[0.1207151,51.5080466],[0.1207223,51.5078475],[0.1207311,51.5075592],[0.1207398,51.5072893],[0.1207461,51.5071094],[0.1207498,51.5069751],[0.1207522,51.5069475],[0.1207705,51.5060889],[0.1207867,51.5054068],[0.1207932,51.5051875],[0.1208022,51.5049026],[0.1208114,51.5046212],[0.120822,51.5043425],[0.1208267,51.5041514],[0.1208313,51.5039428],[0.1208338,51.5038015],[0.1208364,51.5036355],[0.1208408,51.5034406],[0.1208457,51.5032484],[0.1208519,51.5030574],[0.1208576,51.5028746],[0.120864,51.5026962],[0.120871,51.5024711],[0.1208775,51.5023058],[0.1208823,51.5021832],[0.1208866,51.502053],[0.1208893,51.5019635],[0.1208948,51.5018591],[0.1209003,51.5017646],[0.1209062,51.5016572],[0.1209104,51.5015783],[0.1209153,51.5014919],[0.1209199,51.5014006],[0.1209238,51.5013062],[0.1209278,51.5011898],[0.1209312,51.5010981],[0.1209342,51.5010374],[0.1209391,51.500948],[0.1209441,51.5008534],[0.1209496,51.5007607],[0.1209566,51.500664],[0.1209985,51.4997828],[0.1209991,51.4997461],[0.1210233,51.49884],[0.121026,51.4986544],[0.1210699,51.4977075],[0.1210813,51.497134],[0.1210825,51.4971017],[0.1211049,51.4967374],[0.1211102,51.4965309],[0.1211173,51.4962722],[0.1211212,51.4960349],[0.121126,51.495833],[0.1211306,51.4956152],[0.1211406,51.4953624],[0.1211451,51.4950064],[0.1211553,51.4946029],[0.1211657,51.4942856],[0.1211759,51.4939231],[0.1211918,51.4934767],[0.1211907,51.4934273],[0.121197,51.493191],[0.121199,51.4931152],[0.1212009,51.4930868],[0.1212124,51.4927336],[0.1212192,51.4924851],[0.1212299,51.4920695],[0.1212381,51.4918299],[0.1212383,51.4917978],[0.1212452,51.4916875],[0.1212518,51.4915844],[0.1212548,51.4914743],[0.1212577,51.4913799],[0.1212607,51.4912991],[0.1212621,51.4912684],[0.1212632,51.4912391],[0.1212637,51.491227],[0.1212641,51.491218],[0.1212644,51.4912085],[0.1212649,51.4911979],[0.1212653,51.4911867],[0.1212658,51.4911747],[0.1212661,51.491167],[0.1212665,51.4911578],[0.1212671,51.4911445],[0.1212675,51.4911327],[0.121268,51.4911208],[0.1212684,51.4911108],[0.1212689,51.4911028],[0.1212694,51.4910309],[0.1212687,51.4909391],[0.1212683,51.4908384],[0.121268,51.4907454],[0.1212744,51.4906541],[0.1212805,51.4905561],[0.1212866,51.4904634],[0.1212932,51.4903832],[0.1213037,51.4902754],[0.121308,51.4902225],[0.1213164,51.4901189],[0.121319,51.4900693],[0.1213279,51.4899952],[0.1213394,51.4899059],[0.1213527,51.4898212],[0.1213578,51.4897954],[0.1213628,51.4897612],[0.1213648,51.4897325],[0.1213687,51.4896427],[0.1213731,51.489535],[0.121375,51.4894673],[0.1213819,51.4894063],[0.1214039,51.4893176],[0.1214518,51.4891516],[0.1214651,51.4890911],[0.1214983,51.4889412],[0.1215045,51.4888612],[0.1215021,51.4887969],[0.121502,51.4887544],[0.1215055,51.4887231],[0.1215219,51.4885847],[0.1215222,51.4885511],[0.1215217,51.4884875],[0.121514,51.488388],[0.1214906,51.4882164],[0.1214719,51.4880925],[0.121459,51.4879878],[0.1214332,51.4878054],[0.1214319,51.4877919],[0.1214307,51.4876989],[0.121435,51.4876309],[0.1214414,51.4875818],[0.1214407,51.4875548],[0.1214492,51.487525],[0.1214555,51.4874735],[0.1214673,51.4874351],[0.1215485,51.4872002],[0.1215668,51.4871293],[0.1215733,51.4870964],[0.1216118,51.4870066],[0.1216226,51.4869859],[0.1216262,51.4869712],[0.1216372,51.4869289],[0.1216711,51.4868323],[0.1216766,51.4868059],[0.1216913,51.4867748],[0.1217682,51.4865816],[0.1217989,51.4865109],[0.1218129,51.4864662],[0.1218323,51.4864188],[0.1218603,51.48633],[0.1219226,51.4861537],[0.121952,51.4860683],[0.1219827,51.4859832],[0.1220047,51.4858999],[0.1220263,51.485839],[0.1220482,51.4857117],[0.1220571,51.4856041],[0.1220539,51.4854024],[0.1220573,51.4852357],[0.1220358,51.4849448],[0.1220393,51.484675],[0.1220338,51.4845158],[0.122039,51.484442],[0.1220461,51.4842219],[0.1220375,51.4839975],[0.1220322,51.4838159],[0.1220354,51.4836584],[0.1220352,51.4834678],[0.1220288,51.483211],[0.1220169,51.4829944],[0.1220032,51.4828723],[0.1219992,51.4827995],[0.1219864,51.4827233],[0.1220133,51.4827178],[0.1220313,51.4827059],[0.1220198,51.4825649],[0.1220454,51.4824236],[0.1220691,51.4823472],[0.1220665,51.4823179],[0.1220897,51.4822067],[0.122129,51.4820675],[0.1221743,51.481939],[0.1221784,51.4819069],[0.1222027,51.4818324],[0.1222307,51.4817304],[0.122312,51.4815109],[0.1223308,51.4814496],[0.122407,51.481402],[0.1224716,51.4812214],[0.1225001,51.4811313],[0.1225536,51.481005],[0.1225822,51.4809292],[0.1226104,51.4808573],[0.1226703,51.48071],[0.122699,51.4806366],[0.1227579,51.4804669],[0.1228221,51.4802806],[0.1228673,51.4801831],[0.1229237,51.4800067],[0.123014,51.4797566],[0.1231127,51.4794851],[0.1232092,51.4792226],[0.123356,51.4788171],[0.1234499,51.4785638],[0.1235387,51.4783211],[0.1236157,51.478104],[0.1237296,51.4777887],[0.1238062,51.4775758],[0.1238604,51.4774263],[0.1238998,51.4773168],[0.1239363,51.4772108],[0.1239607,51.4771382],[0.1239725,51.4771118],[0.1239928,51.4770705],[0.1240373,51.4770053],[0.1240726,51.4769589],[0.1241368,51.4768811],[0.1241634,51.4768487],[0.1241519,51.4768449],[0.1241017,51.4768289],[0.1240495,51.4768121],[0.1239786,51.4768867],[0.1239236,51.4769381],[0.1238551,51.4770038],[0.1237927,51.4770639],[0.1237428,51.4771112],[0.1236769,51.4771633],[0.1236057,51.47721],[0.1235544,51.4772467],[0.1235124,51.4772772],[0.1234599,51.477307],[0.1234184,51.4773329],[0.1233749,51.4773569],[0.1233316,51.4773792],[0.1232396,51.477425],[0.123126,51.4774809],[0.1229865,51.4775509],[0.1228434,51.4776211],[0.1226751,51.4777005],[0.1225787,51.4777444],[0.1224615,51.4777981],[0.1224435,51.4778053],[0.1224137,51.47782],[0.122392,51.4778296],[0.1223613,51.4778412],[0.1223307,51.4778536],[0.1222992,51.4778665],[0.1222686,51.477879],[0.1222317,51.4778942],[0.1221665,51.4779205],[0.1221532,51.4779269],[0.1220711,51.4779613],[0.1220016,51.4779895],[0.1219089,51.47803],[0.1218713,51.4780462],[0.1218558,51.4780538],[0.1218234,51.4780668],[0.1217478,51.4780961],[0.1216905,51.4781189],[0.1216384,51.4781403],[0.1216041,51.4781536],[0.1215631,51.4781695],[0.1215302,51.4781822],[0.1215036,51.4781926],[0.1214748,51.4782043],[0.1214451,51.4782164],[0.1214175,51.4782284],[0.1213855,51.4782424],[0.12135,51.4782579],[0.1213212,51.4782702],[0.1212831,51.4782862],[0.1212534,51.4782987],[0.1212176,51.4783138],[0.1211838,51.4783278],[0.1211521,51.4783408],[0.1211277,51.4783508],[0.1211008,51.4783618],[0.121088,51.4783671],[0.1210693,51.4783747],[0.1210563,51.4783801],[0.1210389,51.4783872],[0.1210206,51.4783948],[0.1210152,51.4783969],[0.1210089,51.4783995],[0.1209983,51.4784039],[0.1209784,51.4784121],[0.120968,51.4784164],[0.1209445,51.4784262],[0.1209281,51.4784325],[0.1209205,51.4784351],[0.1209188,51.4784358],[0.1209136,51.4784376],[0.1209037,51.4784416],[0.1208782,51.4784516],[0.1208722,51.478454],[0.1208472,51.4784626],[0.1208277,51.4784693],[0.1207933,51.4784812],[0.1207565,51.4784938],[0.1207139,51.4785086],[0.1206712,51.4785227],[0.1206383,51.4785336],[0.1206114,51.4785425],[0.1205867,51.4785467],[0.1205443,51.4785536],[0.1205092,51.4785596],[0.1204797,51.4785647],[0.120461,51.478568],[0.1204604,51.4785681],[0.1204448,51.4785707],[0.1204325,51.4785723],[0.1204118,51.4785751],[0.1204095,51.4785754],[0.1204049,51.4785758],[0.1204024,51.4785761],[0.1203975,51.4785765],[0.120391,51.4785772],[0.1203863,51.4785775],[0.120381,51.478578],[0.1203754,51.4785785],[0.1203412,51.4785829],[0.1203043,51.4785868],[0.1202741,51.4785892],[0.1201977,51.478595],[0.1200875,51.4786037],[0.120084,51.4786038],[0.1200001,51.4786123],[0.1198948,51.4786223],[0.1198102,51.4786309],[0.1197283,51.4786399],[0.1196465,51.4786488],[0.1195135,51.4786634],[0.1194629,51.4786688],[0.1194216,51.4786738],[0.1193857,51.4786781],[0.1193487,51.4786823],[0.1192665,51.4786913],[0.1192538,51.4786933],[0.119241,51.4786961],[0.1191822,51.4787088],[0.119128,51.4787182],[0.1190928,51.4787248],[0.1190654,51.4787314],[0.1190476,51.4787353],[0.119046,51.4787358],[0.1190441,51.4787363],[0.1190307,51.4787392],[0.1190044,51.4787466],[0.1188614,51.478784],[0.1187173,51.4788218],[0.1186241,51.4788472],[0.1185393,51.4788685],[0.1185093,51.4788774],[0.1184725,51.4788912],[0.1184437,51.4789028],[0.1183698,51.4788431],[0.1182049,51.4787091],[0.1180905,51.4786167],[0.1179217,51.4784797],[0.1177957,51.4783759],[0.1176789,51.4782802],[0.1175723,51.4781927],[0.1174575,51.4780958],[0.1173627,51.478015],[0.1172504,51.4779191],[0.1171677,51.4778487],[0.1170907,51.4777821],[0.1170038,51.4776974],[0.1169397,51.4776317],[0.116901,51.4775935],[0.1168098,51.4775037],[0.1167189,51.4774144],[0.1166758,51.4773705],[0.116639,51.4773302],[0.1165999,51.4772888],[0.1165762,51.4772639],[0.1165665,51.4772542],[0.1165265,51.4772152],[0.1164733,51.4771632],[0.1164403,51.4771304],[0.116419,51.477109],[0.1163939,51.4770838],[0.1163802,51.4770702],[0.1163595,51.4770498],[0.1163505,51.4770407],[0.1163297,51.4770201],[0.1163048,51.4769953],[0.1162684,51.4769592],[0.1162413,51.476932],[0.1162351,51.4769261],[0.1161872,51.4768777],[0.1161414,51.4768313],[0.1161048,51.4767945],[0.1160597,51.4767492],[0.1160196,51.476709],[0.1160149,51.4767039],[0.1159797,51.4766689],[0.1159375,51.4766263],[0.1158938,51.4765823],[0.1158619,51.4765503],[0.1158202,51.4765082],[0.1157793,51.4764673],[0.1157355,51.4764224],[0.1157021,51.4763879],[0.1156598,51.4763442],[0.1156311,51.476316],[0.1155878,51.4762726],[0.1155541,51.4762391],[0.1155142,51.4761993],[0.1154961,51.4761812],[0.1154821,51.4761678],[0.1154691,51.4761554],[0.1154425,51.4761307],[0.1154137,51.4761048],[0.1153927,51.4760857],[0.1153781,51.476073],[0.1153639,51.4760603],[0.115353,51.4760507],[0.1153445,51.4760435],[0.1153278,51.4760284],[0.1153182,51.4760194],[0.1152939,51.4759961],[0.1152757,51.4759787],[0.115261,51.4759645],[0.1152469,51.4759509],[0.1152335,51.4759391],[0.1152205,51.4759278],[0.1152199,51.4759272],[0.1151994,51.4759091],[0.1151687,51.4758819],[0.1151423,51.4758587],[0.1151178,51.4758365],[0.115109,51.4758284],[0.1151026,51.4758223],[0.11509,51.4758119],[0.1150618,51.4757876],[0.1150504,51.4757788],[0.1150438,51.4757725],[0.1150348,51.475766],[0.1150197,51.4757542],[0.1150089,51.4757466],[0.1149952,51.475739],[0.1149855,51.4757342],[0.1149616,51.4757218],[0.1149402,51.4757108],[0.1149189,51.4756976],[0.1148844,51.475679],[0.1148432,51.4756555],[0.1148165,51.4756402],[0.1147915,51.4756259],[0.1147693,51.4756134],[0.1147234,51.4755891],[0.1146877,51.4755697],[0.1146665,51.4755577],[0.114636,51.4755401],[0.1146147,51.4755278],[0.1145862,51.4755116],[0.1145517,51.4754904],[0.1145335,51.4754799],[0.1144986,51.4754613],[0.1144905,51.4754568],[0.114455,51.4754377],[0.1144165,51.4754166],[0.1143844,51.4753982],[0.1143729,51.4753919],[0.114329,51.4753667],[0.1143033,51.4753518],[0.1141838,51.4752836],[0.1141508,51.4752646],[0.1140788,51.4752243],[0.1140246,51.4751931],[0.1139838,51.47517],[0.1139657,51.4751459],[0.1139181,51.4750864],[0.1138693,51.4750215],[0.1138494,51.4749956],[0.1138252,51.4749654],[0.1137853,51.4749151],[0.113755,51.4748762],[0.1137392,51.4748559],[0.1137206,51.4748325],[0.1136925,51.4747965],[0.1136708,51.4747689],[0.1136479,51.4747394],[0.1136173,51.4747001],[0.1135946,51.4746711],[0.1135718,51.4746417],[0.1135262,51.4745833],[0.1134943,51.4745417],[0.1134714,51.4745121],[0.113452,51.4744877],[0.1134081,51.4744326],[0.1133651,51.4743782],[0.1133211,51.4743232],[0.1132908,51.474286],[0.1132566,51.4742435],[0.1132386,51.4742223],[0.1132236,51.4742021],[0.1132066,51.4741816],[0.1131779,51.4741466],[0.113142,51.4740943],[0.1131234,51.474068],[0.113098,51.4740327],[0.1130726,51.4739987],[0.1130583,51.4739806],[0.113039,51.4739561],[0.1130184,51.4739269],[0.1130016,51.4739031],[0.1129898,51.4738885],[0.1129844,51.4738821],[0.1129687,51.473863],[0.11295,51.4738415],[0.1129354,51.4738231],[0.11293,51.4738154],[0.1129163,51.4737986],[0.112911,51.4737937],[0.1128997,51.4737831],[0.1128657,51.4737547],[0.1128444,51.4737364],[0.1128209,51.4737148],[0.1127934,51.4736866],[0.112757,51.473654],[0.1127453,51.4736442],[0.1127259,51.4736281],[0.1126745,51.4735857],[0.1126301,51.4735498],[0.1126023,51.4735291],[0.1125594,51.4734978],[0.1125303,51.4734748],[0.1125201,51.4734679],[0.1124817,51.4734433],[0.1124496,51.4734207],[0.1124296,51.4734066],[0.1123912,51.4733778],[0.1123306,51.473337],[0.1122536,51.4732812],[0.1121618,51.4732176],[0.1120503,51.4731388],[0.1119744,51.4730834],[0.1119581,51.4730721],[0.1119328,51.4730879],[0.1118698,51.4731274],[0.1118323,51.4731524],[0.1117721,51.4731906],[0.1116799,51.4732482],[0.1115823,51.4733094],[0.1115022,51.473359],[0.1114249,51.4734071],[0.1113578,51.4734517],[0.1112538,51.4735174],[0.1111628,51.4735774],[0.1110656,51.4736407],[0.110981,51.4736955],[0.1108869,51.4737557],[0.1108358,51.4737888],[0.1107698,51.4738315],[0.1107095,51.4738699],[0.1106883,51.4738835],[0.1106443,51.4739153],[0.1106214,51.4739328],[0.1105826,51.4739665],[0.1105478,51.4739947],[0.1105043,51.4740312],[0.1104788,51.4740538],[0.1104443,51.4740852],[0.1104178,51.4741113],[0.1104002,51.474129],[0.1103871,51.4741417],[0.1103792,51.4741513],[0.1103547,51.4741765],[0.110311,51.4742187],[0.1102818,51.4742477],[0.1102654,51.4742654],[0.1102473,51.4742836],[0.1102308,51.4742992],[0.1102093,51.4743209],[0.1101793,51.4743541],[0.1101624,51.4743712],[0.1101139,51.4744194],[0.1100563,51.4744754],[0.1100323,51.4744994],[0.1100097,51.4745228],[0.1099779,51.4745533],[0.10996,51.474571],[0.1099482,51.4745827],[0.1099422,51.474589],[0.1099241,51.4746087],[0.1099229,51.4746098],[0.109916,51.4746179],[0.1098928,51.4746384],[0.1098381,51.4746894],[0.1097986,51.4747271],[0.1097842,51.4747384],[0.10976,51.4747557],[0.1097381,51.474771],[0.109718,51.4747826],[0.1096996,51.474793],[0.1096926,51.4747969],[0.1096816,51.4748036],[0.1096336,51.4748344],[0.1095718,51.4748716],[0.1094604,51.4749403],[0.109382,51.4749886],[0.1092134,51.4750892],[0.1091378,51.4751384],[0.109057,51.4751878],[0.1090021,51.4752226],[0.1089691,51.4752445],[0.1088938,51.475292],[0.1088478,51.4753237],[0.1088047,51.4753566],[0.1087489,51.4753995],[0.1087011,51.4754424],[0.1086138,51.4755299],[0.1085723,51.4755746],[0.1085248,51.4756241],[0.1084976,51.475653],[0.1084762,51.4756778],[0.108455,51.4756982],[0.108437,51.4757175],[0.1084214,51.4757398],[0.1084068,51.4757731],[0.1083812,51.4758112],[0.1083648,51.4758303],[0.1083399,51.4758628],[0.1083072,51.4759072],[0.1082818,51.4759394],[0.1082591,51.4759705],[0.1082466,51.4759875],[0.1082363,51.4760047],[0.1082211,51.4760281],[0.1082102,51.4760468],[0.1081979,51.4760645],[0.1081724,51.4761025],[0.1081625,51.4761165],[0.10812,51.4761062],[0.1080414,51.4760859],[0.1080195,51.4760802],[0.1080223,51.476076],[0.1080011,51.476071],[0.1079457,51.4760577],[0.1079432,51.4760618],[0.1079167,51.4760552],[0.1078771,51.4760452],[0.1078707,51.4760437],[0.1078188,51.4760307],[0.1077729,51.4760192],[0.1077384,51.4760104],[0.1077196,51.4760061],[0.1077171,51.4760102],[0.1076725,51.4759995],[0.107675,51.4759952],[0.1076735,51.4759856],[0.1076669,51.4759468],[0.1076664,51.4759449],[0.1076645,51.4759338],[0.1076636,51.4759322],[0.1076462,51.4759025],[0.1075802,51.475859],[0.1075511,51.4758457],[0.107471,51.4758085],[0.107439,51.4757925],[0.1073921,51.4757686],[0.1073655,51.4757536],[0.1073329,51.4757354],[0.1072853,51.4756735],[0.1072402,51.4756141],[0.1072313,51.4755936],[0.1072049,51.475534],[0.1071825,51.4754884],[0.1071661,51.4754618],[0.1071436,51.4754369],[0.1071227,51.4754235],[0.1071068,51.4754159],[0.1070981,51.4754128],[0.1070747,51.475405],[0.1070488,51.4753973],[0.1070046,51.4753848],[0.1069738,51.4753736],[0.1069263,51.4753589],[0.1068603,51.4753314],[0.1068338,51.4753209],[0.1068053,51.4753076],[0.1067555,51.4752849],[0.1066776,51.4752517],[0.1066469,51.4752411],[0.1065343,51.4752018],[0.1065318,51.4752008],[0.1064902,51.4751829],[0.1064402,51.4751603],[0.1063906,51.4751375],[0.1063276,51.4751057],[0.1062656,51.4750742],[0.1062063,51.4750445],[0.1061488,51.475016],[0.1060833,51.475078],[0.1060562,51.4751007],[0.1060135,51.4751376],[0.1059313,51.475208],[0.1058411,51.4752859],[0.1057672,51.4753495],[0.1057384,51.4753744],[0.1057441,51.4753773],[0.1057261,51.4753896],[0.1056274,51.475457],[0.1054937,51.4753929],[0.1053771,51.4753359],[0.1052656,51.4752814],[0.1051754,51.4752374],[0.1050886,51.4753246],[0.10504,51.4753704],[0.1050012,51.4754075],[0.1049651,51.4754415],[0.1049087,51.4754973],[0.1048764,51.4755274],[0.1047986,51.4754879],[0.1047818,51.4754722],[0.104781,51.4754714],[0.1047361,51.4754281],[0.1046997,51.4753947],[0.1046417,51.4753411],[0.1045703,51.4752744],[0.1045442,51.4752495],[0.1045188,51.475233],[0.104475,51.4752056],[0.1044288,51.4751772],[0.1043916,51.4751537],[0.1043536,51.4751297],[0.1043501,51.4751277],[0.1043127,51.4751109],[0.1042906,51.4751021],[0.1041862,51.4750541],[0.1041286,51.4750277],[0.1040745,51.4749934],[0.1039796,51.4749317],[0.1039023,51.4748818],[0.1038433,51.4748435],[0.1038067,51.4748193],[0.103727,51.4747778],[0.1037119,51.4747696],[0.1036835,51.474755],[0.1035131,51.4746658],[0.1034475,51.4746317],[0.103429,51.474625],[0.1034254,51.4746231],[0.1033248,51.4745856],[0.1033008,51.4745819],[0.1032314,51.4745714],[0.1032261,51.4745719],[0.103139,51.4745799],[0.1030378,51.4746217],[0.1029477,51.4746579],[0.102921,51.4746721],[0.1027369,51.4747742],[0.1025953,51.4748526],[0.1025476,51.4748789],[0.1024802,51.4749162],[0.1024416,51.4748896],[0.1024177,51.4748732],[0.1024043,51.4748638],[0.102378,51.4748449],[0.1023712,51.4748383],[0.1023372,51.4748052],[0.1023143,51.4747841],[0.1022749,51.4747473],[0.1022421,51.4747159],[0.1022046,51.4746795],[0.1021446,51.4746214],[0.1020817,51.4745615],[0.1020412,51.4745234],[0.1019946,51.4744794],[0.1019777,51.4744635],[0.1019488,51.4744653],[0.1019327,51.4744664],[0.1019118,51.4744678],[0.1018925,51.474469],[0.1018802,51.4744697],[0.1018733,51.4744701],[0.101864,51.4744706],[0.1018474,51.4744715],[0.1018304,51.4744724],[0.1018147,51.4744732],[0.1018033,51.4744739],[0.1017973,51.4744742],[0.1017953,51.4744743],[0.1017938,51.4744744],[0.1017848,51.4744763],[0.1017699,51.4744796],[0.1017585,51.474482],[0.1017475,51.4744844],[0.1017358,51.4744869],[0.1017265,51.474489],[0.1017146,51.4744915],[0.1017083,51.4744929],[0.1017032,51.474494],[0.1016969,51.4744992],[0.101691,51.474504],[0.1016855,51.4745085],[0.101668,51.4745229],[0.1016216,51.4745595],[0.1015294,51.4746313],[0.1014581,51.4746872],[0.1014378,51.4747032],[0.1014233,51.4747611],[0.1014089,51.4748086],[0.1013172,51.4748425],[0.1012499,51.4748662],[0.1011556,51.4748995],[0.1011169,51.4749132],[0.10108,51.4749263],[0.1010367,51.4749416],[0.1009977,51.4749554],[0.1009609,51.4749685],[0.1009352,51.4749775],[0.1009103,51.4749864],[0.1008901,51.4749935],[0.1008751,51.4749988],[0.1008627,51.4750032],[0.1008556,51.4750059],[0.1008403,51.4750118],[0.100828,51.4750164],[0.1008167,51.4750206],[0.1008163,51.4750207],[0.1008088,51.4750236],[0.1008018,51.4750263],[0.1007934,51.4750287],[0.100778,51.4750329],[0.1007676,51.4750366],[0.1007438,51.4750449],[0.1007182,51.4750538],[0.1006968,51.4750614],[0.1006837,51.4750661],[0.1006742,51.4750695],[0.1006649,51.4750729],[0.1006564,51.4750759],[0.1006418,51.4750812],[0.1006375,51.4750827],[0.1006129,51.4750915],[0.1005863,51.4751008],[0.1005568,51.4751109],[0.1005067,51.4751287],[0.1004547,51.4751472],[0.1004058,51.4751647],[0.1003628,51.4751801],[0.1003075,51.4751999],[0.1002872,51.4752071],[0.1002586,51.4752174],[0.1002401,51.475224],[0.1002366,51.4752253],[0.1002338,51.4752261],[0.1002331,51.4752267],[0.1002304,51.4752273],[0.1002297,51.4752276],[0.1002276,51.4752281],[0.1002244,51.4752285],[0.1002111,51.4752311],[0.1001709,51.4752388],[0.1001099,51.4752506],[0.1000766,51.4752569],[0.1000144,51.4752688],[0.0999476,51.4752816],[0.0998803,51.4752944],[0.0998157,51.475306],[0.0997891,51.4753107],[0.099755,51.4753166],[0.0997266,51.4753215],[0.0997001,51.4753261],[0.0996745,51.4753305],[0.0996528,51.4753343],[0.0996231,51.4753394],[0.0996002,51.4753435],[0.0995779,51.4753474],[0.0995691,51.475349],[0.099558,51.475351],[0.099542,51.4753538],[0.0995299,51.475356],[0.0995211,51.4753576],[0.0995083,51.4753598],[0.0994914,51.4753629],[0.0994807,51.4753648],[0.0994687,51.4753669],[0.0994582,51.4753688],[0.0994476,51.4753707],[0.0994379,51.4753724],[0.0994304,51.4753737],[0.0994242,51.4753749],[0.0994159,51.4753763],[0.0994108,51.4753773],[0.0994059,51.4753781],[0.0994024,51.4753788],[0.0993997,51.4753791],[0.0993924,51.4753803],[0.09939,51.4753807],[0.0993836,51.475382],[0.0993825,51.4753822],[0.0993782,51.4753835],[0.0993688,51.4753861],[0.0993599,51.4753876],[0.0993455,51.4753891],[0.0993419,51.4753898],[0.0992733,51.4753968],[0.0992366,51.4754006],[0.0991965,51.4754048],[0.0991561,51.475409],[0.0991253,51.4754121],[0.0991142,51.475413],[0.0991032,51.4754144],[0.0990898,51.4754162],[0.0990784,51.4754173],[0.0990637,51.4754194],[0.0990491,51.4754201],[0.0990294,51.4754215],[0.098974,51.4754257],[0.0989159,51.4754302],[0.0988734,51.4754335],[0.098833,51.4754367],[0.0987926,51.4754399],[0.0987586,51.4754425],[0.098737,51.4754442],[0.0987161,51.4754458],[0.0987059,51.4754466],[0.0987003,51.4754471],[0.0986953,51.4754476],[0.0986897,51.4754482],[0.0986825,51.4754483],[0.098677,51.4754484],[0.0986718,51.475449],[0.0986643,51.4754491],[0.0986568,51.4754488],[0.0986529,51.4754488],[0.0986162,51.4754495],[0.0986039,51.4754497],[0.0985878,51.47545],[0.0985772,51.4754501],[0.0985677,51.4754501],[0.0985259,51.4754504],[0.0984878,51.4754506],[0.0984593,51.4754508],[0.0984357,51.4754509],[0.0984118,51.475451],[0.0983829,51.4754512],[0.0983609,51.4754513],[0.0983399,51.4754514],[0.0983139,51.4754516],[0.0982922,51.4754517],[0.0982714,51.4754518],[0.0982457,51.475452],[0.0982289,51.4754521],[0.0982185,51.4754521],[0.098217,51.4754521],[0.0982165,51.4754513],[0.0981973,51.4754152],[0.0981756,51.4753749],[0.0981561,51.4753369],[0.0981373,51.4752992],[0.0981245,51.4752722],[0.0981051,51.4752378],[0.0980935,51.4752179],[0.0980895,51.475212],[0.0980717,51.4751869],[0.098057,51.4751681],[0.0980355,51.4751431],[0.0980128,51.4751196],[0.097981,51.4750883],[0.0979798,51.4750873],[0.0979613,51.4750702],[0.0979435,51.475054],[0.0979342,51.4750458],[0.0977897,51.4749201],[0.0976275,51.4747771],[0.0975511,51.4747099],[0.0974856,51.474653],[0.0974293,51.4746037],[0.0974002,51.4745785],[0.0973698,51.4745519],[0.0973369,51.4745233],[0.097336,51.4745224],[0.0973287,51.4745163],[0.0973344,51.4745111],[0.097318,51.474497],[0.0972989,51.474473],[0.0972743,51.4744416],[0.0972599,51.4744225],[0.097229,51.4743803],[0.0972132,51.4743585],[0.0971916,51.4743289],[0.0971725,51.4743028],[0.0971589,51.4742842],[0.0971406,51.4742582],[0.0971223,51.4742324],[0.0971038,51.4742061],[0.0970819,51.474175],[0.0970689,51.4741566],[0.0970231,51.474141],[0.0969756,51.4741247],[0.0969261,51.4741077],[0.0969064,51.4741009],[0.0969023,51.4740903],[0.0968928,51.4740662],[0.096885,51.4740459],[0.0968812,51.4740365],[0.0968718,51.4740124],[0.0968609,51.4739847],[0.0968513,51.4739601],[0.0968437,51.4739406],[0.0968305,51.4739071],[0.0968234,51.4738889],[0.0968066,51.4738916],[0.0967955,51.4738934],[0.0967808,51.4738562],[0.0967669,51.4738207],[0.0967483,51.4737739],[0.0967369,51.4737449],[0.0967276,51.4737212],[0.0967204,51.4737011],[0.096716,51.4736898],[0.0967067,51.4736667],[0.0966985,51.4736455],[0.096689,51.4736207],[0.0966781,51.4735927],[0.0966671,51.4735647],[0.0966571,51.473539],[0.0966486,51.473517],[0.09664,51.473495],[0.0966315,51.4734729],[0.0966212,51.4734472],[0.0966139,51.473427],[0.0966082,51.4734123],[0.0966031,51.4733988],[0.0965997,51.4733903],[0.0965959,51.4733804],[0.0965924,51.4733714],[0.0965837,51.473349],[0.0965744,51.4733249],[0.0965686,51.4733101],[0.0965671,51.4733069],[0.0965604,51.4732886],[0.0965551,51.4732733],[0.0965513,51.4732628],[0.0965479,51.4732536],[0.0965436,51.4732529],[0.0965181,51.4732493],[0.0964967,51.4732462],[0.0964806,51.473244],[0.0964637,51.4732416],[0.0964575,51.4732408],[0.0964371,51.4732383],[0.0964071,51.473235],[0.0963864,51.4732327],[0.0963669,51.4732306],[0.0963429,51.4732279],[0.0963158,51.4732249],[0.0963036,51.4732235],[0.0962844,51.4732214],[0.0962795,51.4732215],[0.0962735,51.4732211],[0.0962674,51.4732213],[0.0962594,51.4732214],[0.096255,51.4732219],[0.0962504,51.473222],[0.0962461,51.4732226],[0.0962425,51.4732231],[0.0962387,51.473224],[0.0962278,51.4732261],[0.0962149,51.4732285],[0.0962078,51.47323],[0.0961996,51.473231],[0.0961905,51.4732321],[0.0961822,51.4732327],[0.0961732,51.4732328],[0.096163,51.4732322],[0.0961519,51.473231],[0.0961451,51.4732297],[0.0961368,51.4732285],[0.0961211,51.4732265],[0.0961119,51.4732254],[0.0961066,51.4732246],[0.0961015,51.4732242],[0.0960952,51.4732243],[0.0960785,51.4732246],[0.096069,51.4732252],[0.0960616,51.4732262],[0.0960499,51.4732287],[0.0960317,51.4732326],[0.0960247,51.4732341],[0.0960208,51.4732346],[0.0960159,51.4732352],[0.0960122,51.4732362],[0.0960088,51.4732367],[0.0960066,51.4732367],[0.0960045,51.4732372],[0.0960017,51.4732373],[0.095994,51.4732378],[0.0959514,51.4732411],[0.0959228,51.4732432],[0.0959098,51.4732442],[0.0958924,51.4732455],[0.0958897,51.4732343],[0.0958881,51.4732345],[0.0958051,51.47324],[0.0957331,51.4732449],[0.0957,51.4732471],[0.0956527,51.4732492],[0.0956134,51.4732508],[0.0955798,51.4732526],[0.0955119,51.4732621],[0.0954588,51.4732698],[0.0954126,51.4732762],[0.0953758,51.4732817],[0.0953386,51.4732868],[0.0953125,51.4732891],[0.0953021,51.4732895],[0.0952856,51.4732902],[0.095272,51.4732908],[0.0952478,51.4732893],[0.0952308,51.4732892],[0.0952138,51.4732891],[0.0951763,51.4732861],[0.095141,51.4732837],[0.0950876,51.4732834],[0.0950809,51.4732836],[0.0950389,51.4732825],[0.0950227,51.4732824],[0.0950174,51.473282],[0.0950092,51.4732814],[0.0950031,51.4732816],[0.0949965,51.47328],[0.0949774,51.4732746],[0.0949646,51.4732712],[0.0949514,51.4732694],[0.0949473,51.4732692],[0.0949287,51.4732694],[0.094914,51.4732702],[0.0948612,51.473273],[0.0948223,51.4732739],[0.0948078,51.4732747],[0.0947948,51.4732755],[0.094758,51.4732737],[0.0947032,51.4732689],[0.0946729,51.4732652],[0.0946498,51.4732646],[0.0946324,51.4732635],[0.0946088,51.4732642],[0.0945775,51.4732675],[0.0945668,51.4732682],[0.094551,51.4732694],[0.0945415,51.4732706],[0.0945171,51.4732709],[0.0944934,51.4732702],[0.094475,51.4732691],[0.0944572,51.4732679],[0.094367,51.4732546],[0.094339,51.4732505],[0.0943159,51.4732472],[0.0943146,51.4732469],[0.0942894,51.4732421],[0.0942608,51.4732368],[0.0942168,51.4732288],[0.0941883,51.4732237],[0.0941797,51.4732221],[0.0941585,51.4732183],[0.0941284,51.4732122],[0.0941093,51.4732083],[0.094082,51.4732028],[0.0940794,51.4732019],[0.0940657,51.4731977],[0.0940636,51.473197],[0.0940498,51.4731914],[0.0940457,51.4731897],[0.0940391,51.4731865],[0.0940328,51.4731834],[0.0940187,51.4731794],[0.0939984,51.4731737],[0.0939863,51.4731701],[0.0939635,51.473165],[0.093945,51.473162],[0.0939329,51.4731605],[0.0939238,51.4731594],[0.0939149,51.4731581],[0.0939064,51.4731583],[0.0938979,51.4731576],[0.0938902,51.4731557],[0.0938813,51.4731539],[0.0938404,51.4731438],[0.0937957,51.4731328],[0.093756,51.4731226],[0.0937155,51.4731123],[0.0936889,51.4731055],[0.0936557,51.4730971],[0.0936404,51.4730931],[0.0936211,51.4730883],[0.0936032,51.4730841],[0.0935746,51.4730774],[0.0935519,51.4730708],[0.0935405,51.4730674],[0.0935256,51.4730632],[0.0935004,51.4730562],[0.0934841,51.4730516],[0.0934625,51.4730452],[0.0934458,51.4730401],[0.0934151,51.4730303],[0.0933875,51.4730215],[0.0933566,51.473012],[0.0933539,51.4730112],[0.0933239,51.4730008],[0.0933032,51.4729936],[0.0932749,51.472985],[0.09326,51.4729804],[0.0932405,51.4729749],[0.0932291,51.4729717],[0.0932208,51.4729689],[0.0932114,51.4729657],[0.0931968,51.4729609],[0.0931894,51.4729584],[0.0931728,51.4729538],[0.0931639,51.4729499],[0.0931549,51.4729433],[0.0931512,51.4729401],[0.0931455,51.4729348],[0.0931398,51.4729303],[0.0931302,51.4729225],[0.0931277,51.4729209],[0.0931195,51.4729153],[0.0931071,51.4729067],[0.0931037,51.4729048],[0.0930886,51.4728947],[0.0930768,51.4728867],[0.0930676,51.4728816],[0.0930583,51.4728765],[0.0930537,51.472874],[0.0930392,51.472866],[0.0930273,51.4728594],[0.093011,51.4728505],[0.0929974,51.4728427],[0.0929865,51.4728364],[0.0929777,51.4728313],[0.09297,51.4728279],[0.0929625,51.4728246],[0.0929541,51.4728209],[0.0929507,51.4728194],[0.0929366,51.4728111],[0.0929297,51.4728064],[0.0929263,51.472804],[0.0929155,51.4727965],[0.0929078,51.472791],[0.0929041,51.4727887],[0.0928919,51.4727812],[0.092891,51.4727805],[0.09288,51.4727724],[0.0928778,51.4727704],[0.0928705,51.4727637],[0.0928683,51.4727618],[0.0928672,51.472761],[0.0928648,51.472758],[0.0928602,51.4727524],[0.0928573,51.4727482],[0.0928547,51.4727428],[0.0928527,51.4727384],[0.092851,51.4727353],[0.0928444,51.4727286],[0.0928396,51.4727241],[0.0928385,51.4727234],[0.0928308,51.4727185],[0.0928292,51.472717],[0.0928262,51.472715],[0.0928124,51.4727058],[0.0928066,51.4727019],[0.092801,51.4726983],[0.0927942,51.4726921],[0.0927922,51.4726903],[0.0927875,51.4726851],[0.0927778,51.4726798],[0.092772,51.4726754],[0.0927618,51.4726692],[0.0927478,51.4726608],[0.0927384,51.4726552],[0.0927336,51.472653],[0.0927235,51.4726482],[0.0927155,51.4726444],[0.0927083,51.4726423],[0.0927065,51.472642],[0.0926904,51.4726367],[0.0926733,51.4726317],[0.0926699,51.4726306],[0.092652,51.4726244],[0.0926494,51.4726232],[0.0926287,51.4726142],[0.0926039,51.4726037],[0.0925871,51.4725964],[0.0925841,51.472595],[0.0925666,51.472586],[0.0925533,51.4725797],[0.0925448,51.4725757],[0.092535,51.4725712],[0.0925267,51.4725673],[0.0925176,51.4725633],[0.092506,51.4725583],[0.0924906,51.472553],[0.0924821,51.47255],[0.0924709,51.4725458],[0.0924624,51.4725427],[0.0924538,51.4725396],[0.092439,51.4725342],[0.0924268,51.4725297],[0.0924135,51.4725248],[0.0924031,51.4725221],[0.0923971,51.4725194],[0.092394,51.472518],[0.0923884,51.4725166],[0.0923769,51.4725136],[0.0923559,51.4725078],[0.0923453,51.4725049],[0.0923384,51.4725029],[0.0923314,51.4725009],[0.0923228,51.4724981],[0.0923082,51.4724935],[0.092291,51.4724883],[0.0922761,51.4724838],[0.0922662,51.4724811],[0.0922504,51.4724768],[0.0922279,51.4724707],[0.0922085,51.4724653],[0.0921957,51.4724617],[0.0921853,51.4724587],[0.0921715,51.4724543],[0.0921642,51.4724519],[0.0921541,51.4724487],[0.0921444,51.4724442],[0.0921406,51.4724431],[0.0921285,51.4724393],[0.0921216,51.472437],[0.0921187,51.4724355],[0.0921147,51.4724334],[0.092113,51.4724327],[0.0921077,51.4724297],[0.0920991,51.4724245],[0.0920918,51.4724199],[0.0920822,51.4724143],[0.0920721,51.4724086],[0.0920682,51.4724069],[0.092059,51.4724026],[0.0920523,51.4724004],[0.0920406,51.4723979],[0.0920256,51.4723937],[0.0920085,51.4723891],[0.0919936,51.4723847],[0.0919915,51.4723841],[0.0919854,51.4723821],[0.0919728,51.4723781],[0.0919664,51.4723743],[0.091961,51.4723708],[0.0919563,51.4723662],[0.0919527,51.472362],[0.091948,51.4723555],[0.091945,51.4723513],[0.0919396,51.4723456],[0.0919357,51.4723415],[0.0919337,51.4723392],[0.0919326,51.4723387],[0.091927,51.4723353],[0.0919221,51.4723334],[0.0919203,51.4723327],[0.0919168,51.472332],[0.0919075,51.4723302],[0.0919053,51.4723299],[0.0918882,51.4723273],[0.0918823,51.4723264],[0.0918693,51.4723241],[0.0918623,51.4723229],[0.0918602,51.4723221],[0.0918518,51.4723196],[0.0918469,51.4723183],[0.0918439,51.4723165],[0.0918402,51.4723149],[0.0918339,51.4723125],[0.0918304,51.4723111],[0.0918254,51.4723086],[0.0918157,51.4723033],[0.0918068,51.4722985],[0.0917908,51.4722912],[0.091774,51.4722838],[0.0917641,51.4722794],[0.0917594,51.4722773],[0.0917528,51.4722745],[0.0917461,51.4722716],[0.0917375,51.4722679],[0.0917246,51.4722624],[0.0917187,51.47226],[0.0917049,51.4722544],[0.091699,51.4722519],[0.0916918,51.4722491],[0.0916884,51.4722465],[0.0916863,51.4722451],[0.0916842,51.4722432],[0.0916807,51.4722399],[0.0916781,51.4722384],[0.0916732,51.4722359],[0.09167,51.4722351],[0.0916633,51.4722332],[0.0916579,51.4722317],[0.0916543,51.4722309],[0.0916445,51.4722266],[0.091641,51.4722252],[0.0916406,51.4722251],[0.0916354,51.4722239],[0.0916304,51.4722228],[0.0916289,51.4722224],[0.091621,51.4722204],[0.0916018,51.4722155],[0.0915843,51.4722109],[0.0915778,51.4722092],[0.0915666,51.4722062],[0.0915546,51.4722028],[0.091547,51.4722005],[0.0915394,51.4721984],[0.0915375,51.4721973],[0.0915207,51.4721914],[0.0915116,51.4721869],[0.0914985,51.4721783],[0.0914854,51.472168],[0.0914723,51.4721577],[0.091466,51.4721531],[0.0914479,51.4721398],[0.0914337,51.4721298],[0.0914232,51.4721227],[0.0914166,51.4721182],[0.0914079,51.4721131],[0.0914074,51.4721128],[0.0913997,51.4721096],[0.0913929,51.4721067],[0.091386,51.472104],[0.0913744,51.4720996],[0.09137,51.4720977],[0.0913628,51.4720955],[0.0913488,51.4720912],[0.091339,51.4720883],[0.0913285,51.4720855],[0.0913172,51.4720823],[0.0913075,51.4720796],[0.0913007,51.4720771],[0.0912938,51.4720746],[0.0912871,51.4720707],[0.0912853,51.4720694],[0.091281,51.4720663],[0.0912798,51.4720647],[0.0912757,51.4720606],[0.091274,51.472056],[0.0912751,51.4720501],[0.0912764,51.4720481],[0.0912805,51.4720422],[0.0912809,51.4720419],[0.0912844,51.4720358],[0.0912857,51.4720325],[0.0912892,51.4720238],[0.0912923,51.4720184],[0.091293,51.472016],[0.0912937,51.4720134],[0.0912928,51.4720104],[0.0912919,51.4720083],[0.0912883,51.4720019],[0.0912867,51.4720004],[0.0912835,51.4719974],[0.0912831,51.4719967],[0.0912794,51.4719914],[0.091278,51.4719896],[0.0912752,51.4719863],[0.0912681,51.4719821],[0.0912598,51.471978],[0.0912524,51.4719754],[0.0912442,51.4719735],[0.0912291,51.4719687],[0.0912233,51.4719653],[0.0912191,51.4719625],[0.0912142,51.4719596],[0.0912118,51.4719572],[0.0912087,51.4719545],[0.0912065,51.4719507],[0.0912057,51.4719464],[0.0912049,51.4719447],[0.0912047,51.471944],[0.0912044,51.4719416],[0.0912037,51.4719371],[0.0912036,51.4719329],[0.091203,51.4719306],[0.0912008,51.4719209],[0.0911985,51.471913],[0.0911958,51.4719061],[0.0911941,51.4719025],[0.091192,51.4718979],[0.091189,51.471895],[0.0911874,51.4718934],[0.0911834,51.4718908],[0.0911813,51.4718894],[0.0911759,51.4718865],[0.0911704,51.4718835],[0.0911668,51.4718816],[0.0911472,51.4718696],[0.0911326,51.4718608],[0.0911064,51.4718447],[0.0911028,51.4718422],[0.0910958,51.4718359],[0.0910927,51.4718331],[0.0910902,51.4718289],[0.0910894,51.471825],[0.0910888,51.4718188],[0.0910868,51.4718111],[0.0910873,51.4718088],[0.0910884,51.4718033],[0.0910923,51.4717974],[0.0910978,51.4717921],[0.091099,51.4717903],[0.0911039,51.4717846],[0.091112,51.471778],[0.0911157,51.4717759],[0.0911252,51.4717713],[0.0911339,51.4717656],[0.0911398,51.4717628],[0.0911538,51.4717577],[0.0911565,51.4717567],[0.0911682,51.471752],[0.0911763,51.4717477],[0.0911817,51.471742],[0.091183,51.4717366],[0.0911832,51.4717314],[0.0911833,51.4717288],[0.0911827,51.4717238],[0.0911803,51.4717216],[0.0911754,51.4717181],[0.0911456,51.471698],[0.0911265,51.4716848],[0.0911142,51.4716774],[0.0910472,51.471636],[0.0909788,51.4715943],[0.0909137,51.4715546],[0.0908547,51.4715191],[0.0908114,51.4714932],[0.0907759,51.4714713],[0.0907316,51.4714429],[0.0906928,51.4714182],[0.0906507,51.4713906],[0.0906255,51.4713745],[0.0906033,51.4713597],[0.0905739,51.4713405],[0.0905473,51.4713235],[0.0905183,51.471305],[0.090498,51.4712922],[0.0904805,51.4712809],[0.0904657,51.4712715],[0.0904567,51.4712677],[0.0904481,51.471264],[0.0904403,51.4712601],[0.0904265,51.4712557],[0.0903864,51.4712302],[0.0903046,51.4711784],[0.0902434,51.4711399],[0.0902154,51.4711222],[0.0901705,51.4710943],[0.0901192,51.4710622],[0.0900833,51.4710392],[0.0900406,51.4710117],[0.0899976,51.4709842],[0.0899718,51.470968],[0.0899532,51.4709553],[0.0899285,51.4709386],[0.0899096,51.4709258],[0.0898894,51.4709124],[0.0898686,51.4708987],[0.0898513,51.4708872],[0.089831,51.4708738],[0.0898018,51.4708544],[0.0897789,51.4708391],[0.089759,51.4708257],[0.089727,51.4708074],[0.0897049,51.4707956],[0.0896921,51.4707891],[0.0896702,51.470778],[0.0896495,51.4707677],[0.0896397,51.4707632],[0.0896211,51.4707547],[0.0896189,51.4707536],[0.0896106,51.4707487],[0.0895838,51.470734],[0.0895573,51.4707198],[0.0895428,51.4707114],[0.089519,51.4706976],[0.089494,51.470683],[0.0894716,51.4706697],[0.0894386,51.4706502],[0.0894033,51.4706291],[0.0893596,51.4706024],[0.0893287,51.4705828],[0.0892896,51.4705614],[0.0892547,51.4705416],[0.0892445,51.4705355],[0.0892015,51.4705104],[0.0891818,51.4704988],[0.0891715,51.4704934],[0.0891503,51.4704824],[0.0891211,51.4704659],[0.0890988,51.470454],[0.0890857,51.4704481],[0.0890716,51.4704423],[0.0890554,51.4704345],[0.089034,51.4704282],[0.0890207,51.4704242],[0.0889949,51.4704163],[0.0889716,51.4704106],[0.0889583,51.4704072],[0.0889068,51.4703954],[0.088891,51.4703919],[0.0888178,51.470376],[0.0887563,51.4703612],[0.0887335,51.4703561],[0.0886631,51.4703404],[0.0885623,51.4703153],[0.0884864,51.4702972],[0.0884432,51.4702871],[0.0883876,51.4702739],[0.0883097,51.4702552],[0.0882437,51.4702395],[0.0881825,51.4702247],[0.0881273,51.470211],[0.0881022,51.4702051],[0.0880928,51.4702028],[0.088049,51.470193],[0.0879969,51.4701812],[0.0879365,51.4701677],[0.0878713,51.470153],[0.0878071,51.4701379],[0.0877499,51.4701248],[0.0876892,51.4701113],[0.0876169,51.4700944],[0.0875519,51.4700794],[0.087497,51.4700668],[0.0874701,51.4700607],[0.0874057,51.470046],[0.087355,51.4700344],[0.087336,51.4700298],[0.0872924,51.470019],[0.0872904,51.4700186],[0.087272,51.4700141],[0.0872267,51.4700031],[0.0871817,51.4699927],[0.0871182,51.4699788],[0.0870778,51.4699704],[0.087077,51.4699702],[0.0870578,51.4699665],[0.0870492,51.4699666],[0.0870303,51.4699697],[0.0870282,51.4699706],[0.0870196,51.4699676],[0.0869951,51.4699589],[0.0869575,51.4699443],[0.0869291,51.4699331],[0.0868935,51.4699187],[0.0868596,51.4699055],[0.0868529,51.4699024],[0.0868355,51.4698942],[0.0868149,51.4698846],[0.0867936,51.4698748],[0.0867772,51.4698675],[0.0867526,51.4698566],[0.0867351,51.469849],[0.0867147,51.4698398],[0.0867141,51.4698396],[0.086704,51.4698349],[0.086684,51.4698254],[0.0866687,51.4698184],[0.086633,51.4698026],[0.0865966,51.4697872],[0.0865602,51.4697715],[0.0865315,51.4697595],[0.0865071,51.4697493],[0.0864643,51.4697319],[0.0864615,51.4697306],[0.0864396,51.4697219],[0.0864222,51.4697148],[0.0864014,51.4697065],[0.08639,51.4697017],[0.086376,51.4696956],[0.0863459,51.4696837],[0.0863265,51.4696759],[0.0862911,51.4696623],[0.0862673,51.4696532],[0.0862436,51.4696436],[0.086237,51.4696412],[0.0862295,51.4696371],[0.0862196,51.4696319],[0.0862129,51.4696288],[0.0862,51.4696235],[0.0861778,51.4696138],[0.0861441,51.4695994],[0.0861337,51.4695946],[0.0860968,51.469579],[0.0860892,51.4695757],[0.0860533,51.4695603],[0.086007,51.4695401],[0.0859812,51.4695272],[0.0859798,51.4695266],[0.0859509,51.4695127],[0.0859297,51.4695025],[0.0859003,51.4694884],[0.0858678,51.4694728],[0.0858537,51.469466],[0.0858482,51.4694633],[0.0858441,51.4694618],[0.0858356,51.4694576],[0.0858345,51.4694571],[0.0858303,51.4694554],[0.0858263,51.4694543],[0.0858211,51.4694521],[0.085817,51.4694514],[0.0858114,51.46945],[0.0858077,51.4694492],[0.0858016,51.4694478],[0.0857912,51.4694447],[0.0857842,51.4694424],[0.0857815,51.4694415],[0.0857777,51.4694396],[0.0857735,51.4694377],[0.0857719,51.469437],[0.0857691,51.469436],[0.085766,51.4694341],[0.0857652,51.4694338],[0.0857631,51.4694317],[0.0857598,51.4694292],[0.0857551,51.4694262],[0.0857478,51.4694207],[0.0857413,51.4694144],[0.0857336,51.4694093],[0.085728,51.4694036],[0.0857154,51.4693913],[0.0857044,51.469378],[0.0856987,51.4693707],[0.0856706,51.46934],[0.0856341,51.4692999],[0.0855959,51.4692582],[0.085557,51.4692158],[0.0855194,51.4691748],[0.0854812,51.4691331],[0.0854395,51.4690879],[0.0853962,51.4690408],[0.0853736,51.4690161],[0.085355,51.4689959],[0.0853359,51.4689747],[0.0853086,51.4689442],[0.0852859,51.4689191],[0.0852585,51.4688888],[0.085236,51.4688652],[0.0852209,51.4688495],[0.0852089,51.4688369],[0.0851946,51.4688224],[0.085166,51.4687911],[0.0851526,51.4687777],[0.0851102,51.4687282],[0.0850833,51.4686972],[0.084971,51.4687099],[0.0848979,51.4687182],[0.0848346,51.4687243],[0.0847816,51.4687297],[0.0847635,51.4687009],[0.084731,51.4686489],[0.0847046,51.4686082],[0.0846727,51.4685589],[0.0846374,51.4685044],[0.0846065,51.4684568],[0.0845769,51.4684094],[0.0845512,51.468369],[0.0845285,51.468333],[0.0845086,51.4683011],[0.0844987,51.4682864],[0.0844842,51.4682647],[0.0844607,51.46823],[0.0844331,51.4681885],[0.0843989,51.4681364],[0.0843751,51.4681012],[0.0843588,51.4680777],[0.0843295,51.4680353],[0.0842874,51.467972],[0.084257,51.4679267],[0.0842407,51.467903],[0.0842185,51.4678701],[0.0841952,51.4678359],[0.0841944,51.4678348],[0.0841833,51.4678173],[0.0841671,51.467792],[0.084136,51.4677445],[0.0841019,51.4676939],[0.0840825,51.4676657],[0.0840751,51.4676551],[0.084056,51.4676294],[0.0840358,51.4676019],[0.084013,51.4675708],[0.0839798,51.4675249],[0.0839463,51.4674788],[0.0839047,51.4674232],[0.0838705,51.4673771],[0.0838477,51.4673464],[0.0838324,51.4673262],[0.0838173,51.4673057],[0.0838017,51.4672848],[0.0837491,51.4672123],[0.0837002,51.4671452],[0.0836444,51.4670697],[0.0835975,51.4670058],[0.0835245,51.4669072],[0.0834827,51.4668516],[0.0834361,51.4667881],[0.0834155,51.4667606],[0.083389,51.4667241],[0.0833584,51.4666826],[0.0833143,51.4666213],[0.0832772,51.4665685],[0.0832409,51.4665183],[0.0832115,51.4664768],[0.0830953,51.4664976],[0.0829445,51.4665243],[0.0827978,51.4665506],[0.0826907,51.4665692],[0.082598,51.4665846],[0.0825292,51.4665959],[0.0824789,51.4666043],[0.0824221,51.4666151],[0.0823373,51.4666311],[0.0822862,51.4666411],[0.082276,51.4666186],[0.0822676,51.4666011],[0.0822522,51.4665783],[0.0822445,51.4665666],[0.0822325,51.4665386],[0.0822228,51.4665188],[0.0822172,51.4665051],[0.0822087,51.4664759],[0.0821992,51.4664383],[0.0821933,51.4664135],[0.0821902,51.466407],[0.0821872,51.4663971],[0.0821868,51.4663855],[0.0821859,51.466376],[0.0821825,51.4663503],[0.0821719,51.4662752],[0.0821709,51.4662229],[0.082166,51.4661267],[0.0821623,51.4660551],[0.0821526,51.4659088],[0.0821473,51.4658058],[0.0821414,51.4657007],[0.0821393,51.4656618],[0.0821395,51.4656085],[0.0821369,51.4655262],[0.0821361,51.4654905],[0.0821247,51.4654215],[0.0821186,51.465384],[0.0821121,51.4653395],[0.0821081,51.4653101],[0.0821053,51.4652921],[0.0821037,51.4652873],[0.0821028,51.4652814],[0.082103,51.4652744],[0.0821015,51.4652561],[0.0820998,51.4652293],[0.0820973,51.4651931],[0.0820963,51.4651716],[0.0820963,51.465161],[0.0820983,51.4651351],[0.0820998,51.4651101],[0.082101,51.4650925],[0.082102,51.4650771],[0.0820978,51.4650542],[0.0820952,51.4650408],[0.0820996,51.4650097],[0.0821036,51.4649942],[0.0821047,51.4649765],[0.0821063,51.4649625],[0.0821079,51.4649322],[0.082109,51.4649013],[0.08211,51.4648801],[0.082111,51.4648485],[0.0821105,51.4648372],[0.082111,51.4648171],[0.0821083,51.4647913],[0.082107,51.4647605],[0.0821096,51.464753],[0.0821192,51.4647247],[0.082127,51.4647022],[0.0821378,51.4646729],[0.0821474,51.464646],[0.0821565,51.4646272],[0.0821646,51.4646093],[0.0821684,51.4645993],[0.0821692,51.4645972],[0.0821882,51.4645577],[0.0822048,51.4645243],[0.0822109,51.4645116],[0.0822148,51.464502],[0.0822242,51.4644816],[0.0822276,51.4644755],[0.082229,51.4644722],[0.0822335,51.4644606],[0.0822392,51.4644462],[0.0822495,51.4644284],[0.0822865,51.4643661],[0.0823184,51.464314],[0.0823507,51.4642621],[0.08238,51.464214],[0.0824079,51.4641654],[0.0824366,51.4641124],[0.0824627,51.4640665],[0.082486,51.4640245],[0.0824971,51.4640051],[0.0825136,51.4639699],[0.0825314,51.4639356],[0.0825481,51.4639061],[0.0825585,51.4638842],[0.082563,51.4638726],[0.0825733,51.4638384],[0.0825803,51.4638115],[0.0825831,51.4638001],[0.0825915,51.4637672],[0.082594,51.463754],[0.0825995,51.4637243],[0.0826001,51.4637125],[0.0826012,51.4636742],[0.0826004,51.4636418],[0.0826019,51.4636064],[0.0826017,51.4635842],[0.0826012,51.4635754],[0.0825992,51.4635462],[0.0825944,51.4635068],[0.0825925,51.4634942],[0.0825902,51.4634794],[0.082588,51.463466],[0.0825789,51.4634222],[0.0825721,51.4633932],[0.0825627,51.4633486],[0.0825547,51.4633105],[0.0825486,51.4632795],[0.0825405,51.4632387],[0.0825345,51.4632029],[0.0825318,51.4631875],[0.0825297,51.4631747],[0.0825229,51.4631526],[0.0825132,51.4631206],[0.0825073,51.4631029],[0.0824952,51.4630695],[0.082486,51.4630346],[0.0824758,51.4629947],[0.0824678,51.4629628],[0.0824553,51.462915],[0.0824441,51.4628703],[0.0824402,51.4628552],[0.0824351,51.4628401],[0.0824269,51.4628163],[0.0824192,51.4627946],[0.0824104,51.4627567],[0.0823995,51.4627104],[0.082395,51.4626856],[0.0823927,51.4626714],[0.0823887,51.4626558],[0.0823745,51.4626027],[0.0823645,51.4625571],[0.0823621,51.4625452],[0.0823524,51.462515],[0.0823497,51.4625025],[0.0823452,51.4624822],[0.0823409,51.4624678],[0.0823341,51.4624471],[0.0823286,51.4624335],[0.0823225,51.4624037],[0.0823165,51.4623672],[0.0823157,51.4623607],[0.0823123,51.4623129],[0.0823088,51.4622575],[0.0823047,51.4622011],[0.0823017,51.4621552],[0.0822986,51.4621078],[0.0822921,51.4620204],[0.0822892,51.4619701],[0.0822863,51.4619189],[0.0822831,51.4618585],[0.0822807,51.4618145],[0.0822787,51.4617784],[0.0822752,51.4617343],[0.0822713,51.4616856],[0.082268,51.4616445],[0.082268,51.4616439],[0.0822656,51.4616065],[0.0822635,51.4615683],[0.0822604,51.4615129],[0.0822561,51.4614465],[0.0822523,51.4613796],[0.0822482,51.4613108],[0.0822436,51.4612411],[0.0822405,51.4611943],[0.0822292,51.4611311],[0.0822304,51.4611216],[0.0822377,51.4610757],[0.082245,51.4610247],[0.0822516,51.4609933],[0.0822583,51.4609624],[0.0822692,51.4609207],[0.0822799,51.4608851],[0.0822943,51.4608406],[0.0823068,51.4608002],[0.0823153,51.4607774],[0.0823331,51.4607301],[0.0823498,51.4606884],[0.0823626,51.4606583],[0.0823835,51.4606039],[0.0823996,51.4605601],[0.0824074,51.4605388],[0.0824185,51.4605115],[0.0824296,51.4604917],[0.0824519,51.4604517],[0.0824614,51.4604337],[0.0824673,51.4604221],[0.0824849,51.4603834],[0.0825078,51.4603349],[0.0825222,51.4603046],[0.0825402,51.4602741],[0.0825705,51.4602285],[0.0825916,51.460197],[0.0826161,51.4601653],[0.0826457,51.4601271],[0.0826741,51.4600928],[0.0827103,51.4600512],[0.0827331,51.4600253],[0.0827636,51.4599905],[0.0827863,51.4599647],[0.0827847,51.4599632],[0.082829,51.4599175],[0.0828551,51.4598905],[0.082874,51.459871],[0.0828998,51.459844],[0.0829153,51.4598293],[0.0828867,51.4598257],[0.0828734,51.4598239],[0.0827344,51.4598063],[0.0826205,51.4597919],[0.0824642,51.4597722],[0.0823287,51.4597551],[0.0822212,51.4597415],[0.0821149,51.4597281],[0.0819891,51.4597121],[0.0818885,51.4596993],[0.0817772,51.4596852],[0.0816399,51.459668],[0.0815498,51.4596565],[0.0814249,51.4596407],[0.0813044,51.4596255],[0.081178,51.4596096],[0.0810508,51.4595934],[0.0809175,51.4595766],[0.0808057,51.4595623],[0.0806909,51.4595479],[0.0805802,51.4595339],[0.0804621,51.459519],[0.0803671,51.4595069],[0.0802415,51.459491],[0.0801258,51.4594764],[0.0800301,51.4594643],[0.0799328,51.459452],[0.0798428,51.4594406],[0.0797391,51.4594274],[0.0796477,51.4594159],[0.0795798,51.4594074],[0.0795054,51.4593979],[0.0794105,51.4593859],[0.0793359,51.4593765],[0.0792517,51.4593659],[0.0791438,51.4593522],[0.079033,51.4593381],[0.0789278,51.4593249],[0.0788483,51.4593148],[0.0787821,51.4593067],[0.0787278,51.4593005],[0.0786602,51.4592923],[0.0786451,51.4592899],[0.0786677,51.4592721],[0.0787205,51.4592292],[0.0787259,51.4592308],[0.0787462,51.4592148],[0.0787955,51.4591752],[0.0788281,51.4591493],[0.0788547,51.4591285],[0.0788777,51.4591099],[0.078923,51.4590741],[0.0789191,51.4590711],[0.0789484,51.4590473],[0.0789907,51.4590131],[0.0790309,51.4589808],[0.0790718,51.4589485],[0.0791169,51.4589131],[0.07914,51.4588948],[0.0791775,51.4588653],[0.0792158,51.4588353],[0.0792699,51.4587928],[0.0792862,51.4587797],[0.0792864,51.4587788],[0.0792941,51.458773],[0.0793349,51.4587454],[0.079419,51.4586882],[0.0794913,51.4586401],[0.0795294,51.4586149],[0.079531,51.4586129],[0.079542,51.4586056],[0.0796021,51.4585659],[0.0796253,51.4585503],[0.0796255,51.4585542],[0.0796264,51.4585565],[0.0796267,51.458559],[0.0796301,51.4585663],[0.0796314,51.4585678],[0.0796338,51.4585717],[0.079636,51.4585737],[0.0796389,51.4585765],[0.0796434,51.4585803],[0.0796467,51.4585821],[0.0796478,51.4585837],[0.0796503,51.458585],[0.0796538,51.4585862],[0.0796564,51.4585879],[0.0796583,51.4585889],[0.0796691,51.4585939],[0.0796972,51.4586046],[0.0797182,51.4586122],[0.0797201,51.4586126],[0.0797243,51.4586145],[0.0797263,51.4586147],[0.0797287,51.4586155],[0.079733,51.4586162],[0.0797351,51.4586168],[0.079738,51.4586168],[0.0797389,51.4586172],[0.0797421,51.4586175],[0.0797486,51.4586175],[0.0797538,51.4586163],[0.0797562,51.4586161],[0.0797612,51.4586147],[0.0797644,51.4586132],[0.0797743,51.4586074],[0.0798308,51.4585733],[0.0798973,51.4585322],[0.0799476,51.4585013],[0.0800106,51.4584628],[0.0800635,51.4584303],[0.0801233,51.4583949],[0.0801859,51.4583584],[0.0802586,51.458316],[0.0803244,51.4582776],[0.0803792,51.4582459],[0.0804243,51.4582215],[0.0804741,51.4581947],[0.0805318,51.4581652],[0.0805985,51.4581315],[0.0806464,51.4581076],[0.0807153,51.458075],[0.0807842,51.458043],[0.0808424,51.4580159],[0.0808777,51.4579993],[0.0809041,51.4579868],[0.0809291,51.4579761],[0.0810129,51.4579411],[0.0811042,51.4579023],[0.0811637,51.457877],[0.0812219,51.4578534],[0.0813046,51.4578204],[0.0813866,51.4577882],[0.0814186,51.4577758],[0.0814776,51.4577526],[0.0815775,51.4577155],[0.0816642,51.4576841],[0.0817582,51.4576505],[0.0818375,51.4576234],[0.0818695,51.4576125],[0.0819569,51.4575842],[0.082033,51.4575597],[0.0821236,51.457531],[0.0822015,51.4575071],[0.0822251,51.4575003],[0.0822576,51.4574911],[0.0823249,51.4574724],[0.0823883,51.4574565],[0.0824729,51.4574348],[0.0825548,51.4574136],[0.0826505,51.4573887],[0.0827157,51.4573716],[0.0827778,51.4573556],[0.0828311,51.4573417],[0.0829261,51.4573169],[0.0829828,51.4573023],[0.0829959,51.4572985],[0.0831231,51.4572657],[0.0832165,51.4572412],[0.0833159,51.4572155],[0.0833745,51.4572002],[0.0834391,51.4571834],[0.0834924,51.4571696],[0.0835767,51.4571476],[0.0836598,51.4571259],[0.0837409,51.457105],[0.0837748,51.4570958],[0.0838366,51.4570808],[0.0838892,51.4570682],[0.0839022,51.4570649],[0.0839668,51.4570497],[0.0840486,51.45703],[0.0840719,51.4570245],[0.0840942,51.457019],[0.0841426,51.4570072],[0.0842419,51.4569826],[0.0843043,51.4569672],[0.0843727,51.4569503],[0.0844501,51.4569313],[0.0845383,51.4569094],[0.0846073,51.456893],[0.084649,51.456883],[0.0847057,51.4568694],[0.0847836,51.4568506],[0.0848254,51.4568398],[0.0848534,51.456834],[0.0848565,51.4568381],[0.0849402,51.4568192],[0.0849808,51.4568101],[0.0850176,51.4568018],[0.0850454,51.4567956],[0.0850492,51.4567989],[0.0850764,51.45679],[0.0851348,51.4567756],[0.0851466,51.4567726],[0.0851439,51.4567684],[0.0852443,51.4567441],[0.0853379,51.4567207],[0.0854276,51.4566981],[0.0855159,51.4566757],[0.0855895,51.4566574],[0.0856478,51.4566422],[0.0856679,51.4566479],[0.0856695,51.4566454],[0.0856701,51.456625],[0.0856709,51.4566153],[0.0856738,51.4565843],[0.0856762,51.4565576],[0.0856781,51.4565528],[0.0856814,51.4565443],[0.0856883,51.4565264],[0.0856893,51.4565218],[0.0856974,51.4564804],[0.0857013,51.4564612],[0.0857053,51.4564505],[0.0857056,51.4564496],[0.0857189,51.4564135],[0.085733,51.4563723],[0.0857456,51.4563441],[0.0857665,51.4562895],[0.0857812,51.4562522],[0.0857998,51.4562091],[0.0858219,51.4561604],[0.0858364,51.4561291],[0.085852,51.4560959],[0.0858627,51.4560639],[0.0858801,51.4560295],[0.0858936,51.4560023],[0.0859046,51.4559735],[0.0859086,51.4559641],[0.0859227,51.4559352],[0.0859355,51.4559089],[0.0859502,51.4558831],[0.0859594,51.4558628],[0.0859653,51.4558505],[0.0859785,51.4558216],[0.0859829,51.4558084],[0.0859891,51.4557874],[0.0859893,51.4557829],[0.0859975,51.4557116],[0.086005,51.4556538],[0.0860106,51.4556109],[0.0860126,51.4555918],[0.0860154,51.4555749],[0.0860224,51.4555395],[0.0860321,51.4554942],[0.0860399,51.4554587],[0.0860476,51.4554265],[0.0860507,51.4554095],[0.0860511,51.4554045],[0.0860543,51.4553533],[0.0860553,51.4553363],[0.0860585,51.4552867],[0.0860602,51.4552422],[0.0860605,51.4552401],[0.0860621,51.4552137],[0.0860647,51.4551781],[0.0860695,51.4551311],[0.086074,51.4551081],[0.0860772,51.4550937],[0.0860853,51.4550628],[0.0860864,51.4550607],[0.0861005,51.4550272],[0.0861282,51.4549631],[0.0861557,51.4549006],[0.0861747,51.4548568],[0.0861907,51.4548158],[0.0862044,51.4547797],[0.0862247,51.4547198],[0.086233,51.4546918],[0.0862434,51.454654],[0.0862519,51.4546227],[0.0862649,51.4545638],[0.0862688,51.4545408],[0.0862751,51.4544933],[0.0862797,51.4544606],[0.086281,51.454444],[0.0862822,51.4544178],[0.0862896,51.4543509],[0.086296,51.4542928],[0.0863052,51.4542329],[0.086316,51.4541623],[0.0863256,51.4540982],[0.0863358,51.4540311],[0.0863472,51.4539574],[0.086356,51.4539005],[0.0863666,51.4538295],[0.0863779,51.4537578],[0.0863898,51.4536808],[0.0864013,51.4536052],[0.086412,51.4535369],[0.0864215,51.4534752],[0.0864328,51.4534032],[0.0864408,51.4533501],[0.0864485,51.4533009],[0.0864551,51.4532575],[0.0864632,51.453206],[0.0864703,51.4531587],[0.0864792,51.4531064],[0.0864881,51.4530543],[0.0864972,51.4530007],[0.0865237,51.4528434],[0.0865342,51.4527792],[0.0865518,51.4527607],[0.0865528,51.4527414],[0.086559,51.4526248],[0.0865644,51.4525285],[0.0865737,51.452455],[0.0865846,51.4523663],[0.0866033,51.4522268],[0.0866077,51.4521866],[0.086627,51.4520296],[0.0866294,51.4520131],[0.0866418,51.451928],[0.0866601,51.4518245],[0.0866765,51.4517302],[0.0867006,51.4515961],[0.0867113,51.4515345],[0.086731,51.4514232],[0.0867495,51.4513187],[0.0867737,51.4511723],[0.0867952,51.4510388],[0.0868261,51.4508644],[0.0868366,51.4508032],[0.0868598,51.450671],[0.0868639,51.4506423],[0.0868553,51.4506113],[0.0868492,51.4505962],[0.0868463,51.4505805],[0.086837,51.4505161],[0.0868265,51.4504626],[0.0868259,51.4504486],[0.0868284,51.4504345],[0.0868718,51.4503525],[0.0869146,51.4502751],[0.0869418,51.4502305],[0.0870451,51.4500693],[0.0871169,51.4499571],[0.0871594,51.4498937],[0.087234,51.449776],[0.0873329,51.4496071],[0.0874059,51.4494822],[0.087478,51.4493613],[0.087543,51.4492544],[0.0876239,51.4491164],[0.087726,51.4489393],[0.0877581,51.4488842],[0.0877759,51.4488505],[0.0877907,51.4488204],[0.0878167,51.448768],[0.0878452,51.4487034],[0.0878679,51.4486392],[0.0878866,51.4485465],[0.0879126,51.4483867],[0.0879433,51.4482038],[0.0879662,51.4480548],[0.0879891,51.4478968],[0.0880134,51.4477292],[0.0880394,51.4475607],[0.0880486,51.4474957],[0.0880713,51.4473433],[0.0880862,51.4472553],[0.0880908,51.4472187],[0.0880913,51.4471895],[0.0880885,51.4471275],[0.0880833,51.4470728],[0.0880775,51.4470347],[0.0880547,51.4469283],[0.0880228,51.4468218],[0.0879969,51.4467473],[0.0879717,51.446687],[0.0879545,51.4466553],[0.0879151,51.4465897],[0.0878688,51.4465504],[0.0877665,51.4464668],[0.0876463,51.4463734],[0.0875324,51.4462816],[0.0874586,51.4462225],[0.0873802,51.4461593],[0.0873869,51.4461283],[0.0873891,51.446108],[0.0873865,51.4460594],[0.0873783,51.4459882],[0.0873718,51.4459549],[0.0873668,51.4459238],[0.0873606,51.4458674],[0.0873638,51.4458483],[0.0873707,51.4458032],[0.087388,51.445747],[0.0873699,51.4457366],[0.0873215,51.4457195],[0.0872599,51.445699],[0.0871953,51.4456737],[0.08713,51.4456493],[0.0871038,51.4456374],[0.0870592,51.4456166],[0.0870119,51.4455961],[0.0869567,51.4455681],[0.0869389,51.4455611],[0.0869146,51.4455408],[0.0868917,51.4455232],[0.0868533,51.4454899],[0.0868392,51.4454801],[0.0867933,51.4454637],[0.0867254,51.445445],[0.0866038,51.445421],[0.0864692,51.4453973],[0.0864308,51.4453831],[0.0864069,51.445372],[0.086381,51.4453556],[0.0863581,51.4453372],[0.0863466,51.4453219],[0.0863433,51.4453071],[0.0863448,51.4452812],[0.0863545,51.4452389],[0.086381,51.445148],[0.086432,51.4449948],[0.0864828,51.4448764],[0.0865474,51.4447261],[0.0865934,51.4446199],[0.0866128,51.4445828],[0.0866796,51.4444692],[0.0867364,51.444364],[0.08678,51.4442856],[0.0868176,51.4442232],[0.086911,51.4440633],[0.0869626,51.4439806],[0.0869904,51.4439304],[0.0870115,51.4438812],[0.0870521,51.4438245],[0.0871117,51.4437619],[0.0871312,51.4437453],[0.0871621,51.4437122],[0.0872009,51.443657],[0.0872299,51.4436112],[0.087248,51.4435758],[0.0872651,51.4435463],[0.0872855,51.4435105],[0.0873043,51.44347],[0.0873493,51.4433722],[0.0873782,51.4433257],[0.0874002,51.4432842],[0.0873184,51.4432745],[0.0872385,51.4432691],[0.0871172,51.4432598],[0.0870847,51.4432581],[0.0870376,51.4432599],[0.0868902,51.44327],[0.0867559,51.4432746],[0.0866764,51.4432761],[0.0866018,51.4432763],[0.0865512,51.44328],[0.0864932,51.443281],[0.0864757,51.4432805],[0.0864576,51.4432794],[0.0864043,51.4432725],[0.0862797,51.4432424],[0.0862301,51.4432278],[0.0860848,51.4431776],[0.0860089,51.4431497],[0.0859462,51.4431244],[0.085769,51.4430554],[0.0856047,51.4429909],[0.0855973,51.4429969],[0.0855242,51.4429709],[0.0854111,51.4429252],[0.0852933,51.442877],[0.0852995,51.4428744],[0.0852023,51.4428337],[0.0850008,51.4427527],[0.0848577,51.4426889],[0.0847077,51.4426034],[0.0845776,51.442688],[0.0843806,51.4428157],[0.0842452,51.442903],[0.0840596,51.4430237],[0.0839687,51.4430804],[0.0837464,51.4432069],[0.08363,51.4432724],[0.0835411,51.4433231],[0.0834107,51.443397],[0.0833189,51.4434491],[0.0832606,51.4434822],[0.0831872,51.4435246],[0.0831807,51.4435295],[0.0831642,51.443538],[0.0829919,51.4434199],[0.0829263,51.4433712],[0.0828777,51.4433348],[0.0828833,51.4433319],[0.0828757,51.4433263],[0.0828377,51.4432985],[0.0828331,51.4433022],[0.0828011,51.4432786],[0.0828308,51.4432629],[0.0828848,51.4432343],[0.0828916,51.4432157],[0.0828992,51.4432167],[0.082919,51.4431653],[0.0829115,51.4431643],[0.0829329,51.4431095],[0.0829947,51.4429457],[0.0828743,51.4428605],[0.08294,51.4427711],[0.082967,51.4427335],[0.0830022,51.4427267],[0.0831378,51.4426628],[0.0833454,51.4425624],[0.0834819,51.4424895],[0.0836794,51.4423843],[0.083865,51.4422832],[0.0840804,51.4421653],[0.0843349,51.4420293],[0.0844341,51.4419767],[0.084372,51.4419365],[0.0842611,51.4418502],[0.0842076,51.4418099],[0.0840455,51.4416866],[0.0838345,51.4415255],[0.0836184,51.4413607],[0.0833898,51.4411872],[0.0831844,51.4410302],[0.0831075,51.4409725],[0.0830186,51.4409045],[0.0829563,51.440857],[0.0828932,51.4408088],[0.0828409,51.4407688],[0.0827861,51.4407267],[0.0827177,51.4406747],[0.0826606,51.4406313],[0.0826045,51.4405894],[0.0825538,51.4405516],[0.0824976,51.4405096],[0.0824394,51.4404652],[0.0824008,51.440436],[0.0823416,51.4403913],[0.0822843,51.4403475],[0.08224,51.440314],[0.0821845,51.4402719],[0.0821871,51.4402705],[0.0821741,51.4402601],[0.0821557,51.4402461],[0.0821525,51.4402478],[0.0821037,51.4402107],[0.0820469,51.4401672],[0.081985,51.4401199],[0.0819328,51.4400802],[0.081872,51.4400337],[0.0818083,51.4399851],[0.0817863,51.4399683],[0.0817825,51.4399699],[0.0817783,51.4399715],[0.0817533,51.4399834],[0.0817033,51.4400067],[0.0816791,51.4400182],[0.0816183,51.4400466],[0.081545,51.440081],[0.0814593,51.440121],[0.0813899,51.4401535],[0.0813522,51.4401712],[0.0813061,51.4401928],[0.0812558,51.4402163],[0.0812051,51.44024],[0.0811637,51.4402598],[0.0811209,51.4402803],[0.0811028,51.4402887],[0.0810598,51.4403087],[0.0810195,51.4403274],[0.0809835,51.4403444],[0.0809515,51.4403594],[0.0809349,51.4403672],[0.0809204,51.4403739],[0.0809055,51.4403809],[0.0808881,51.4403891],[0.0808872,51.4403895],[0.080878,51.4403939],[0.0808628,51.440401],[0.0808565,51.4404039],[0.0808552,51.4404027],[0.0808255,51.4403775],[0.0807889,51.4403463],[0.0807286,51.4402951],[0.080694,51.4402657],[0.0806717,51.4402467],[0.0806774,51.440244],[0.0806629,51.4402317],[0.0806354,51.4402088],[0.0806299,51.4402115],[0.0805695,51.4401598],[0.0805285,51.4401246],[0.0804951,51.4400959],[0.0804557,51.4400621],[0.0804211,51.4400325],[0.0804036,51.4400175],[0.0804269,51.4400068],[0.0804867,51.4399793],[0.0804141,51.4399205],[0.0804018,51.4399108],[0.080313,51.4398393],[0.0802622,51.4397985],[0.0801442,51.4397044],[0.0801057,51.4396733],[0.0800276,51.439611],[0.0800808,51.4395866],[0.0801271,51.4395651],[0.0801758,51.4395429],[0.0801958,51.4395332],[0.0801465,51.439483],[0.0800888,51.4394249],[0.0800948,51.4394223],[0.080082,51.4394088],[0.0800581,51.4393843],[0.080052,51.4393867],[0.0800206,51.4393551],[0.0799774,51.4393114],[0.0799257,51.4392626],[0.0800246,51.4392217],[0.0800022,51.4392026],[0.0799584,51.4391651],[0.0799079,51.4391205],[0.079888,51.4391027],[0.0798673,51.4390844],[0.0798492,51.4390683],[0.0798277,51.439049],[0.07982,51.4390421],[0.0798164,51.4390395],[0.0798098,51.439034],[0.0798018,51.4390282],[0.079794,51.4390236],[0.0797859,51.4390187],[0.0797612,51.4390034],[0.079733,51.4389867],[0.0797248,51.4389827],[0.0797034,51.4389721],[0.0796997,51.4389667],[0.0796946,51.4389623],[0.0796858,51.4389575],[0.079675,51.4389522],[0.0796636,51.4389479],[0.0796552,51.4389447],[0.0796468,51.4389411],[0.0796384,51.4389383],[0.0796249,51.4389329],[0.0796187,51.4389302],[0.0796141,51.4389289],[0.0796087,51.4389273],[0.0796038,51.4389256],[0.0795973,51.4389234],[0.0795917,51.4389216],[0.0795832,51.4389192],[0.0795792,51.4389178],[0.0795765,51.4389173],[0.0795715,51.4389153],[0.0795663,51.4389141],[0.0795588,51.4389117],[0.0795572,51.4389115],[0.0795517,51.4389085],[0.0795446,51.4389048],[0.0795322,51.4388961],[0.0795257,51.4388911],[0.0795239,51.4388894],[0.0795177,51.4388837],[0.0795111,51.4388772],[0.0795072,51.4388715],[0.0795045,51.4388661],[0.0795031,51.4388613],[0.0795019,51.4388539],[0.0795015,51.4388485],[0.0795018,51.4388444],[0.0795024,51.4388356],[0.0795057,51.4388267],[0.0795081,51.4388236],[0.0795182,51.4388149],[0.0795241,51.4388086],[0.0795531,51.4387787],[0.079564,51.4387659],[0.0795761,51.4387538],[0.0795791,51.4387508],[0.0795778,51.4387499],[0.0795777,51.4387498],[0.079501,51.4386906],[0.0794475,51.4386481],[0.0794299,51.4386337],[0.0793584,51.4385765],[0.0792766,51.4385107],[0.0792417,51.4384829],[0.0792077,51.4384561],[0.0792017,51.4384588],[0.0791808,51.4384406],[0.079157,51.4384194],[0.0791628,51.4384167],[0.0791462,51.4384035],[0.0791173,51.4383766],[0.0791042,51.4383638],[0.0790981,51.4383666],[0.0790557,51.43833],[0.0790613,51.4383272],[0.0790054,51.4382884],[0.0788312,51.4381615],[0.0788152,51.4381505],[0.078798,51.4381391],[0.0787992,51.4381331],[0.0788303,51.438111],[0.0788404,51.4381052],[0.0788722,51.4380787],[0.0789014,51.4380568],[0.0789642,51.438007],[0.0790192,51.4379631],[0.0789862,51.4379165],[0.0789521,51.4378686],[0.0789103,51.4378095],[0.0788791,51.4377654],[0.0788834,51.437754],[0.0788962,51.43772],[0.0788846,51.4377039],[0.0788478,51.4376528],[0.078816,51.4376091],[0.0787853,51.4375665],[0.0787484,51.4375156],[0.0787133,51.4374674],[0.0786884,51.437433],[0.0786611,51.4373952],[0.0786361,51.437361],[0.0786116,51.4373322],[0.0786042,51.4373213],[0.0785716,51.4372727],[0.0785435,51.4372307],[0.0785125,51.4371986],[0.0784697,51.4371543],[0.0784403,51.4371232],[0.0784308,51.4371129],[0.0784121,51.4370931],[0.0783806,51.4370594],[0.0783407,51.4370187],[0.0783243,51.437002],[0.0783211,51.4370016],[0.0783118,51.4369918],[0.0782323,51.4369065],[0.0782258,51.4368985],[0.0781757,51.4368464],[0.0780764,51.4367372],[0.0779279,51.4365758],[0.0778423,51.436482],[0.0778135,51.4364424],[0.07762,51.4365118],[0.0775563,51.4365348],[0.0775337,51.4365433],[0.0775235,51.4365469],[0.0775118,51.4365515],[0.0774972,51.4365575],[0.0774662,51.436569],[0.0774369,51.4365798],[0.0774267,51.4365834],[0.0774026,51.4365917],[0.0773835,51.4365982],[0.0773701,51.4366031],[0.0773481,51.4366115],[0.0773398,51.4366146],[0.0773311,51.4366165],[0.0773259,51.4366185],[0.0773223,51.4366194],[0.0773139,51.4366222],[0.0773031,51.4366248],[0.077286,51.436629],[0.0772758,51.436632],[0.0772609,51.4366355],[0.0772445,51.4366392],[0.0772392,51.4366402],[0.0772348,51.4366416],[0.0772291,51.4366429],[0.0772225,51.4366448],[0.0772097,51.4366476],[0.077192,51.4366518],[0.0771692,51.4366574],[0.0771409,51.4366651],[0.0771168,51.4366716],[0.0771071,51.436673],[0.077098,51.4366755],[0.0770822,51.4366797],[0.0770761,51.4366826],[0.0770698,51.436685],[0.0770558,51.436691],[0.0770465,51.4366938],[0.0770344,51.436698],[0.0770196,51.4367039],[0.0769844,51.4367163],[0.0769257,51.4367367],[0.076884,51.436751],[0.0768421,51.4367649],[0.0768034,51.4367775],[0.0767887,51.4367822],[0.0767798,51.4367852],[0.0767725,51.4367882],[0.0767622,51.4367931],[0.0767483,51.4367974],[0.0767403,51.4368005],[0.0766719,51.4368267],[0.0766376,51.4368387],[0.0765833,51.4368591],[0.0765563,51.4368671],[0.0765427,51.4368716],[0.0765124,51.4368507],[0.0764796,51.4368279],[0.0764589,51.4368137],[0.0764294,51.4367928],[0.0764194,51.4367869],[0.0763992,51.4367757],[0.0763704,51.4367595],[0.0763439,51.4367441],[0.0763231,51.4367317],[0.0763068,51.4367238],[0.0762949,51.4367165],[0.076277,51.4367051],[0.0762628,51.4366965],[0.0762545,51.4366915],[0.0762461,51.4366842],[0.0762236,51.4366692],[0.076175,51.4366371],[0.0761435,51.4366154],[0.0761296,51.4366066],[0.0760801,51.4365744],[0.0760386,51.4365478],[0.0759876,51.4365151],[0.0759413,51.4364847],[0.0759085,51.4364635],[0.0758649,51.4364351],[0.0758127,51.4364015],[0.0757712,51.4363749],[0.0757274,51.4363469],[0.0756957,51.436327],[0.0756413,51.436294],[0.0755871,51.4362601],[0.0755383,51.4362298],[0.0754832,51.4361955],[0.0754492,51.4361753],[0.075422,51.4361589],[0.0754113,51.4361528],[0.0754027,51.4361468],[0.0753932,51.4361407],[0.0753873,51.436137],[0.0753766,51.4361286],[0.0753662,51.4361225],[0.0753571,51.4361174],[0.0753473,51.4361106],[0.0753302,51.4361006],[0.0752801,51.4360679],[0.0752475,51.4360472],[0.0752211,51.4360312],[0.0751759,51.4360037],[0.0751457,51.4359842],[0.0751194,51.4359669],[0.0751009,51.4359553],[0.0750523,51.4359251],[0.0750159,51.4359023],[0.0749953,51.4358887],[0.0750001,51.4358836],[0.0749873,51.4358794],[0.0749616,51.4358713],[0.0749468,51.4358666],[0.0749691,51.4358472],[0.074984,51.4358342],[0.0749977,51.4358221],[0.0750056,51.4358165],[0.075021,51.4358054],[0.075037,51.435794],[0.0750422,51.435797],[0.0750463,51.4357943],[0.0750697,51.4357783],[0.0750899,51.4357646],[0.075119,51.4357429],[0.0751643,51.4357105],[0.0752016,51.4356837],[0.0752374,51.4356582],[0.0752493,51.4356495],[0.0752896,51.4356201],[0.0753211,51.4355973],[0.0753399,51.435584],[0.0753589,51.4355695],[0.0753952,51.4355435],[0.0754363,51.4355139],[0.0754706,51.4354892],[0.0755122,51.4354593],[0.0755442,51.4354355],[0.0755813,51.4354083],[0.075615,51.4353835],[0.0756425,51.4353635],[0.0756579,51.4353517],[0.0756783,51.435336],[0.0756972,51.4353223],[0.0757186,51.4353069],[0.0757502,51.4352846],[0.0757901,51.4352551],[0.0758329,51.4352247],[0.075862,51.4352039],[0.075873,51.4351975],[0.0758946,51.4351849],[0.075905,51.435179],[0.0759261,51.4351679],[0.0759701,51.4351444],[0.0760177,51.4351176],[0.0760723,51.4350873],[0.0761117,51.4350654],[0.0761513,51.4350436],[0.0762029,51.4350152],[0.0762487,51.4349902],[0.0762852,51.4349702],[0.0763127,51.4349538],[0.0763153,51.4349483],[0.0763152,51.4349463],[0.0763158,51.4349448],[0.0763187,51.4349419],[0.0763199,51.4349402],[0.0763227,51.4349388],[0.0763263,51.4349362],[0.0763403,51.4349263],[0.0763498,51.4349204],[0.0763771,51.4349033],[0.0763875,51.4348973],[0.0764394,51.4348788],[0.0764839,51.4348629],[0.0765045,51.4348556],[0.0764986,51.434852],[0.0764888,51.4348452],[0.0764611,51.4348266],[0.0763448,51.4347547],[0.0762935,51.4347224],[0.076196,51.434659],[0.0761297,51.4346176],[0.0760405,51.4345616],[0.075952,51.4345064],[0.0759376,51.4344974],[0.0759158,51.4344836],[0.0759092,51.4344795],[0.0759048,51.434476],[0.0758963,51.4344711],[0.0758756,51.4344583],[0.07588,51.4344545],[0.0758823,51.4344523],[0.0759194,51.4344179],[0.0759576,51.4343832],[0.0759917,51.4343511],[0.076029,51.434321],[0.0760463,51.4343082],[0.0760562,51.4342996],[0.0760669,51.4342913],[0.0761133,51.4342504],[0.0761317,51.4342347],[0.0761458,51.4342215],[0.0761579,51.4342115],[0.0761722,51.4341986],[0.0761866,51.4341876],[0.0761995,51.4341757],[0.0762283,51.4341479],[0.076242,51.4341343],[0.0762526,51.434124],[0.0762606,51.4341174],[0.0762693,51.4341095],[0.0762754,51.4341029],[0.0762817,51.4340956],[0.0762987,51.4340836],[0.0763428,51.4340362],[0.0763738,51.4340056],[0.0763304,51.4339794],[0.0762628,51.4339385],[0.0762524,51.433933],[0.0761649,51.4338798],[0.0761277,51.4338608],[0.0760287,51.43381],[0.0759506,51.4337721],[0.0758149,51.4337034],[0.0757707,51.43368],[0.075727,51.4336586],[0.0757058,51.4336472],[0.0756897,51.433639],[0.0756657,51.4336248],[0.0757173,51.4335829],[0.0758849,51.4334442],[0.075964,51.4333791],[0.0760149,51.4333369],[0.0760559,51.4333031],[0.0760793,51.4332835],[0.076074,51.4332784],[0.076056,51.433261],[0.0760405,51.4332455],[0.0760353,51.4332404],[0.0760268,51.4332323],[0.076008,51.4332135],[0.0759921,51.4331979],[0.07599,51.4331941],[0.0759863,51.4331873],[0.0759804,51.4331765],[0.0759779,51.4331709],[0.0759748,51.433165],[0.0759711,51.4331594],[0.0759691,51.4331562],[0.075963,51.4331456],[0.0759595,51.4331377],[0.0759504,51.4331206],[0.0759491,51.4331183],[0.0759432,51.4331075],[0.0759428,51.4331063],[0.0759421,51.4331055],[0.0759391,51.4331028],[0.0759366,51.4331005],[0.0759321,51.4330964],[0.0759296,51.4330949],[0.075926,51.4330915],[0.0759246,51.4330905],[0.0759208,51.4330871],[0.0759103,51.4330745],[0.0758896,51.4330537],[0.0758744,51.4330381],[0.0758561,51.4330245],[0.075808,51.4329906],[0.0757744,51.4329642],[0.0757081,51.4329116],[0.0756361,51.4328538],[0.0756204,51.4328583],[0.0756069,51.4328469],[0.075573,51.4328192],[0.0755242,51.4327769],[0.0754582,51.4327194],[0.0754063,51.4326736],[0.0753465,51.4326231],[0.0753391,51.432625],[0.0753158,51.4326108],[0.0752753,51.432586],[0.0752504,51.4325709],[0.0752391,51.4325643],[0.0751901,51.4325354],[0.0751746,51.432523],[0.0751175,51.4324775],[0.0750937,51.4324602],[0.0750024,51.432394],[0.0749598,51.4323632],[0.0749451,51.4323526],[0.0749216,51.4323439],[0.0748872,51.4323314],[0.0748558,51.4323196],[0.0748366,51.4323184],[0.0747705,51.4322601],[0.0746418,51.4321472]]]}},{"type":"Feature","properties":{"kind":"routes","class":"major","routeCount":11},"geometry":{"type":"MultiLineString","coordinates":[[[0.12126906609414781,51.49107891566155],[0.1221513,51.4911117]],[[0.1221513,51.4911117],[0.1223683,51.4911182],[0.1229568,51.4911442],[0.1241616,51.4912019],[0.1253761,51.4912496],[0.1277976,51.4913431],[0.1280086,51.491351],[0.1328707,51.4915325],[0.1330993,51.4915409],[0.1515619,51.4921955],[0.1525908,51.4922302],[0.1530609,51.4922388],[0.1535315,51.4922443],[0.1540051,51.4922434],[0.1544737,51.4922346],[0.1548344,51.4922268],[0.1552416,51.4922064],[0.1557721,51.4921718],[0.1562732,51.4921341],[0.1568659,51.4920735],[0.1571314,51.4920425],[0.1575608,51.4919875],[0.1579837,51.4919243],[0.1586151,51.4918195],[0.1590567,51.4917352],[0.1593406,51.4916763],[0.1596279,51.4916134],[0.1599667,51.4915345],[0.1605962,51.4913754],[0.1612879,51.4911778],[0.1619534,51.4909639],[0.1624725,51.4907769],[0.1631642,51.4905006],[0.163862,51.4901811],[0.1646179,51.4898101],[0.1652352,51.4894848],[0.1658831,51.4890967],[0.1665591,51.4886577],[0.1674147,51.4880186],[0.1680091,51.4875318]],[[0.1680091,51.4875318],[0.1689275,51.486767],[0.1719021,51.4842018]],[[0.1719021,51.4842018],[0.1719809,51.484135]],[[0.1719809,51.484135],[0.1734475,51.4829738]],[[0.1734475,51.4829738],[0.174784,51.4819268],[0.1758818,51.4810703],[0.1764066,51.4806669],[0.1766074,51.480511],[0.1768937,51.4803004],[0.1772999,51.4799897]],[[0.1772999,51.4799897],[0.178402,51.4790838],[0.1795464,51.4780394],[0.1803961,51.4771747],[0.180951,51.4765594],[0.1814328,51.4759972],[0.1817824,51.4756389],[0.1827215,51.4746412],[0.1854332,51.4724989],[0.1860558,51.4720147],[0.1867092,51.4715019],[0.1872219,51.4710727],[0.18765,51.4706769],[0.1879465,51.4703722],[0.1882911,51.4699826],[0.1887304,51.469504],[0.1890359,51.4691545],[0.1896316,51.4684981],[0.1899977,51.4680904],[0.1903624,51.4676872],[0.1904531,51.4675829],[0.1908519,51.4671364]],[[0.1908519,51.4671364],[0.1913958,51.4665279]],[[0.1913958,51.4665279],[0.1918255,51.4660492]],[[0.1918255,51.4660492],[0.1924606,51.4653247],[0.1931028,51.4646073],[0.1938926,51.4637232],[0.1943843,51.4631718],[0.1948885,51.4626047]],[[0.1948885,51.4626047],[0.1951385,51.4623367],[0.195465,51.4619733],[0.1956839,51.4617349],[0.1959855,51.4614063],[0.196486,51.460853],[0.1967704,51.4605212],[0.1972015,51.4600461],[0.197621,51.4595855],[0.1979526,51.4592041],[0.1982843,51.4588166]],[[0.1982843,51.4588166],[0.1984419,51.4586514]],[[0.1984419,51.4586514],[0.198564,51.4585144]],[[0.198564,51.4585144],[0.1987102,51.4583502]],[[0.1987102,51.4583502],[0.1989913,51.4580345],[0.1992059,51.4578038]],[[0.1992059,51.4578038],[0.1995492,51.4574349],[0.2000187,51.4569159],[0.2004168,51.4564884],[0.2005176,51.4563802]],[[0.2005176,51.4563802],[0.2006486,51.4562388],[0.2007536,51.4561254]],[[0.2007536,51.4561254],[0.2009538,51.4558962],[0.2012277,51.4555969],[0.2017895,51.4549832],[0.2026672,51.454004]],[[0.2026672,51.454004],[0.2027225256756395,51.45394263660932]],[[0.1030658,51.4340682],[0.1038592,51.4340251],[0.1045766,51.4339884],[0.1049682,51.4339767],[0.1055845,51.4339583],[0.106245,51.4339478],[0.1065829,51.4339453]],[[0.1484506,51.4404127],[0.1481405,51.4403323],[0.1478822,51.4402654],[0.1475251,51.4401728],[0.1473321,51.4401225],[0.1460769,51.4398061]],[[0.176952,51.4478733],[0.1776347,51.4480413],[0.1777862,51.4480956],[0.1788903,51.4483693],[0.1791823,51.4484416],[0.1792091,51.4484032],[0.1769641,51.4478549],[0.176952,51.4478733]],[[0.07845038016457909,51.43713386303124],[0.0784913,51.4371285],[0.0793184,51.43702],[0.0801769,51.4369069],[0.0810077,51.4367984],[0.0817141,51.4367088],[0.0824169,51.4366152],[0.0830294,51.4365405],[0.0835858,51.4364671],[0.0840767,51.4364027],[0.0845188,51.4363465],[0.08503,51.4362793],[0.0856766,51.4361989],[0.0863591,51.4361093],[0.0868758,51.4360399],[0.0875491,51.4359532],[0.0883145,51.4358538],[0.0897873,51.4356643],[0.0905067,51.4355707],[0.091133,51.4354921],[0.0917059,51.4354197],[0.0925588,51.4353095],[0.0930995,51.4352343],[0.0937793,51.4351453],[0.0943577,51.4350666],[0.0949831,51.4349885],[0.0955081,51.434919],[0.0964043,51.4348088],[0.0971964,51.4347049],[0.0980687,51.4345929],[0.0988323,51.4344936],[0.0996078,51.4343942],[0.1002986,51.4343092],[0.1011156,51.4342197],[0.1018202,51.4341536],[0.1023986,51.4341054]],[[0.1023986,51.4341054],[0.1027744,51.4340755]],[[0.1027744,51.4340755],[0.1033556,51.4340348],[0.1038558,51.4340095],[0.1044259,51.4339808],[0.1049636,51.4339605],[0.1055773,51.4339492],[0.1062395,51.4339354],[0.1064314,51.433936],[0.1069487,51.4339377],[0.1074793,51.433936],[0.1078532,51.4339498],[0.1084096,51.4339687],[0.1087448,51.4339791],[0.1094863,51.4340106],[0.1100933,51.4340422],[0.1108182,51.4340905],[0.1111369,51.4341197],[0.1116434,51.4341599],[0.112256,51.4342145],[0.1130444,51.4342903],[0.1136136,51.4343385],[0.1140235,51.4343695],[0.1147069,51.4344275],[0.1154097,51.4344959],[0.1161189,51.4345579],[0.1168447,51.4346233],[0.1175678,51.4346813],[0.1183065,51.4347451],[0.1190258,51.4348076],[0.1198502,51.43488],[0.120623,51.4349449],[0.1214436,51.4350132],[0.1222956,51.4350879],[0.123061,51.4351481],[0.1237767,51.4352136],[0.1244988,51.4352676],[0.1252357,51.4353342],[0.1257315,51.4353777]],[[0.1257315,51.4353777],[0.1257869,51.4353823]],[[0.1257869,51.4353823],[0.1259827,51.4353985],[0.1266763,51.4354674],[0.1273864,51.4355438],[0.1279621,51.4356138],[0.128394,51.4356712],[0.1287929,51.4357264],[0.1293151,51.4358033],[0.1296458,51.4358532],[0.1299875,51.4359089],[0.1303679,51.4359756],[0.1306967,51.4360335],[0.1310725,51.436103],[0.1313737,51.4361593],[0.1318011,51.436246],[0.1322819,51.4363425],[0.1327102,51.4364315],[0.133132,51.4365268],[0.1335207,51.4366181],[0.1339463,51.4367243],[0.1343092,51.4368121],[0.1349367,51.4369551],[0.1354913,51.4370954],[0.1360364,51.4372316],[0.136539,51.4373604],[0.1370386,51.437489],[0.1375996,51.4376299],[0.1380727,51.4377509],[0.1385488,51.4378725],[0.1390956,51.4380112],[0.1397068,51.4381645],[0.140232,51.4383],[0.1406565,51.4384073],[0.1411761,51.4385388],[0.1416796,51.4386674],[0.14225,51.4388171],[0.1429122,51.4389794],[0.1433996,51.4391032],[0.1440597,51.4392697],[0.1447458,51.4394457],[0.1451049,51.4395358]],[[0.1451049,51.4395358],[0.1452523,51.4395743]],[[0.1452523,51.4395743],[0.1456067,51.439665],[0.1459997,51.4397599],[0.1467494,51.4399519],[0.1474081,51.4401187],[0.1479379,51.440253],[0.1483462,51.4403547],[0.1484315,51.4403759]],[[0.1484315,51.4403759],[0.1486001,51.4404238]],[[0.1486001,51.4404238],[0.1489478,51.4405254],[0.1494704,51.4406843],[0.1498807,51.4408145],[0.1502913,51.4409509],[0.1503923,51.4409839]],[[0.1503923,51.4409839],[0.150954,51.4411752]],[[0.150954,51.4411752],[0.151117,51.4412307]],[[0.151117,51.4412307],[0.1514848,51.4413495],[0.1520239,51.4415304],[0.1525946,51.4417211],[0.1531196,51.4418867],[0.1536678,51.4420476]],[[0.1536678,51.4420476],[0.1537767,51.4420794]],[[0.1537767,51.4420794],[0.1541133,51.4421782],[0.1545392,51.4422934],[0.1549862,51.4424063],[0.1555372,51.4425508],[0.1561805,51.4427044],[0.1566932,51.4428322],[0.1573087,51.4429846],[0.1578104,51.4431084],[0.1584491,51.4432653],[0.1591214,51.4434318],[0.1597772,51.4435886],[0.1603941,51.4437388],[0.1609816,51.4438922],[0.1616731,51.4440637],[0.1621496,51.4441816],[0.1629591,51.4443839],[0.1635755,51.4445366],[0.1641683,51.4446845],[0.1647685,51.4448317],[0.1653494,51.4449729],[0.1659462,51.4451229],[0.1665166,51.4452645],[0.1671946,51.4454318],[0.1679319,51.4456124],[0.1685755,51.4457704],[0.1691619,51.4459159],[0.1697993,51.4460743],[0.1704525,51.4462329],[0.1711983,51.4464164],[0.1718459,51.4465687],[0.1725502,51.4467477],[0.1732607,51.4469274],[0.1741398,51.4471384],[0.1749258,51.4473346],[0.1756944,51.4475215],[0.1762996,51.4476696],[0.1771592,51.4478814],[0.1781468,51.4481291],[0.178778,51.4482839],[0.1790114,51.4483376],[0.1795132,51.4484628],[0.1803903,51.448683],[0.1814451,51.4489572],[0.1821311,51.4491154],[0.1827677,51.449261],[0.1837747,51.4494517],[0.1847433,51.4496365],[0.185824,51.4498468],[0.1869908,51.4500707],[0.1877941,51.4502061],[0.188327,51.4503015],[0.1888789,51.4504037],[0.1893872,51.4504905],[0.1899022,51.4505773],[0.1904815,51.4506676],[0.1908832,51.4507255],[0.1913368,51.4507834],[0.1917403,51.4508187]],[[0.1917403,51.4508187],[0.191913,51.4508417]],[[0.191913,51.4508417],[0.19204396562733084,51.450857145057824]],[[0.1585699,51.465002],[0.1597887,51.464966],[0.160228,51.4649489],[0.1623319,51.4648604]],[[0.1313564,51.4636196],[0.1313524,51.4635945],[0.1318674,51.4635611],[0.1323703,51.4635269],[0.1327525,51.4635076],[0.1331615,51.4634935],[0.1331736,51.4634408],[0.1334566,51.463436],[0.1334819,51.4634356],[0.1334835,51.4634772],[0.1335472,51.4634763],[0.1337755,51.4634729],[0.1338221,51.4634723],[0.1340715,51.4634686],[0.1341144,51.463468],[0.1341135,51.4634442],[0.1341862,51.4634506],[0.1342801,51.4634506],[0.1342908,51.4634573],[0.1343291,51.4634569],[0.1343539,51.4634427],[0.1345265,51.4634414],[0.1345711,51.4634668],[0.134904,51.4634822],[0.1349016,51.4635056],[0.134512,51.463506],[0.1340775,51.4635097],[0.1334888,51.4635214],[0.1329208,51.4635419],[0.1326626,51.463554],[0.1323468,51.4635708],[0.1313564,51.4636196]],[[0.1001469,51.4645074],[0.1004587,51.4645699],[0.1008322,51.4646461],[0.1011688,51.4647093],[0.1014015,51.4647415],[0.1014083,51.4647212],[0.1014304,51.4647241],[0.1017895,51.4647651],[0.1019846,51.4647872],[0.1020301,51.4647924],[0.1021639,51.4648053],[0.1022955,51.4648197],[0.1026944,51.4648476],[0.1026928,51.4648616],[0.1030863,51.4648813],[0.1034225,51.464892],[0.1036734,51.4649013],[0.1036731,51.4649192],[0.1034211,51.4649167],[0.1030818,51.4649034],[0.1026879,51.4648832],[0.1022781,51.4648526],[0.1019739,51.4648215],[0.1017311,51.4647967],[0.1016598,51.4647894],[0.1011647,51.4647223],[0.1008275,51.4646602],[0.1004468,51.4645862],[0.1001383,51.4645227],[0.1001469,51.4645074]],[[0.20268480654093773,51.45392892056034],[0.2026338,51.4539866]],[[0.2026338,51.4539866],[0.2022075,51.4544559],[0.2019588,51.4547352],[0.2016325,51.4550842],[0.2012161,51.4555481],[0.2009726,51.4558182],[0.2007061,51.4561218]],[[0.2007061,51.4561218],[0.2004769,51.4563707]],[[0.2004769,51.4563707],[0.2001452,51.4567181],[0.1997655,51.457134],[0.1993923,51.4575437],[0.1991743,51.4577761]],[[0.1991743,51.4577761],[0.1989465,51.4580189],[0.1986572,51.4583451]],[[0.1986572,51.4583451],[0.1985169,51.4585074]],[[0.1985169,51.4585074],[0.1984067,51.4586306]],[[0.1984067,51.4586306],[0.1982452,51.4587992]],[[0.1982452,51.4587992],[0.1980448,51.4590223],[0.197708,51.4594242],[0.19747,51.4596824],[0.1971645,51.4600257],[0.1969453,51.4602676],[0.196779,51.4604553],[0.1966473,51.4606039],[0.1963618,51.4609191],[0.1959723,51.4613483],[0.1956066,51.4617594],[0.1951596,51.4622502],[0.1948584,51.4625768]],[[0.1948584,51.4625768],[0.1945742,51.4628228],[0.1942855,51.4630426]],[[0.1942855,51.4630426],[0.1939581,51.4632467],[0.1936247,51.4634186],[0.1934116,51.4635173],[0.1931342,51.4636263],[0.1927793,51.4637431],[0.1924265,51.4638416],[0.1920754,51.4639182],[0.1916027,51.4639957],[0.191227,51.4640298],[0.1908366,51.4640498],[0.1904099,51.4640604],[0.189444,51.4640774],[0.1886553,51.4640875],[0.1879398,51.4640996],[0.1874788,51.4641081]],[[0.1874788,51.4641081],[0.1872117,51.4641094]],[[0.1872117,51.4641094],[0.1821902,51.4642009]],[[0.1821902,51.4642009],[0.1816555,51.4642096]],[[0.1816555,51.4642096],[0.1774628,51.4642805]],[[0.1774628,51.4642805],[0.1772718,51.4642834]],[[0.1772718,51.4642834],[0.1759565,51.4643179],[0.1729733,51.4643578]],[[0.1729733,51.4643578],[0.1722476,51.4643641]],[[0.1722476,51.4643641],[0.1703104,51.4644059],[0.1677614,51.4645186]],[[0.1677614,51.4645186],[0.1675032,51.4645326]],[[0.1675032,51.4645326],[0.1652742,51.4646783],[0.1635489,51.464805],[0.161596,51.4649212],[0.1603666,51.4649759],[0.1594919,51.4650118],[0.1575565,51.4650532],[0.1558936,51.4650599],[0.1534367,51.4650064],[0.1505935,51.4648794],[0.148952,51.4647591],[0.1463556,51.4645051],[0.1443815,51.4643112],[0.1405621,51.4639212],[0.1376458,51.4636437],[0.1373566,51.4636215],[0.1363306,51.4635585],[0.1358391,51.4635404],[0.1350747,51.4635219],[0.133893,51.4635265],[0.1333125,51.4635425],[0.1327415,51.463564],[0.1315606,51.4636295],[0.1295757,51.4637297],[0.1279128,51.4638033],[0.125252,51.4638701],[0.1186303,51.4640203],[0.1166923,51.4640568],[0.11477,51.4641107],[0.1125813,51.4641642],[0.111563,51.4642189],[0.1103756,51.4643127],[0.1092489,51.464434],[0.1090072,51.4644624]],[[0.1090072,51.4644624],[0.108685,51.4644951]],[[0.108685,51.4644951],[0.1081999,51.4645493],[0.1057737,51.4648276],[0.1050862,51.4648878],[0.1046698,51.4649128],[0.1044318,51.4649232],[0.1041388,51.4649315],[0.1036624,51.4649304]],[[0.1036624,51.4649304],[0.1034213,51.4649265],[0.10308,51.4649145],[0.1026874,51.464895],[0.1022773,51.4648659],[0.1018783,51.4648258],[0.1015322,51.4647854],[0.1011665,51.4647333],[0.1008188,51.464673],[0.1004386,51.4645982],[0.1001403,51.4645385]],[[0.1001403,51.4645385],[0.0998939,51.4644843]],[[0.0998939,51.4644843],[0.0994894,51.4643888],[0.0989695,51.4642439],[0.0984554,51.4640834]],[[0.0984554,51.4640834],[0.0978559,51.4638838]],[[0.0978559,51.4638838],[0.0973282,51.4637037],[0.0941747,51.4625831],[0.0917457,51.4617275],[0.090388,51.461279],[0.0891744,51.4609104],[0.0878942,51.4605741],[0.0866045,51.4602836],[0.0845445,51.4599199],[0.0818838,51.4595631],[0.0798024,51.4592773],[0.0789065,51.4591604],[0.0788643,51.4591547],[0.07882754225641912,51.4591497431153]],[[0.1001054,51.4645915],[0.1000935,51.4646144],[0.1004689,51.4646909],[0.1005768,51.4647281],[0.1007987,51.4647651],[0.101119,51.4648128],[0.1014875,51.464861],[0.1014847,51.4648727],[0.1018421,51.4649048],[0.101828,51.4649466],[0.1018978,51.4649336],[0.1020272,51.4649466],[0.1020326,51.4649349],[0.1021318,51.4649453],[0.1022646,51.464936],[0.1026694,51.4649645],[0.1030714,51.4649871],[0.1034172,51.4649955],[0.1037006,51.4649967],[0.1037023,51.4649763],[0.1034199,51.4649729],[0.1030746,51.4649612],[0.102673,51.4649403],[0.1022713,51.4649103],[0.1016466,51.4648543],[0.1015243,51.4648388],[0.1011334,51.4647786],[0.1008129,51.4647272],[0.1004172,51.4646554],[0.1001054,51.4645915]],[[0.1349218,51.4635644],[0.134921,51.4636016],[0.1345604,51.4636047],[0.1345175,51.4636227],[0.1345014,51.4636219],[0.1345014,51.463617],[0.1345017,51.4635845],[0.1344323,51.4635843],[0.134432,51.4635999],[0.1344321,51.463611],[0.1342964,51.4636113],[0.1342821,51.4636177],[0.1341809,51.4636181],[0.1341506,51.4636042],[0.1340535,51.4636044],[0.1339053,51.4636047],[0.1339058,51.4636279],[0.1338596,51.4636564],[0.1338595,51.463634],[0.1338593,51.46361],[0.1337723,51.4636111],[0.1337402,51.4636113],[0.1334292,51.4636194],[0.133128,51.4636301],[0.1327391,51.4636434],[0.1326928,51.463623],[0.132271,51.4636417],[0.1319042,51.4636623],[0.1314966,51.4636823],[0.1313597,51.4636885],[0.1313598,51.4636765],[0.1324158,51.4636226],[0.132953,51.4635966],[0.1334431,51.4635778],[0.1338079,51.4635678],[0.1343437,51.4635632],[0.1346991,51.4635624],[0.1349218,51.4635644]],[[0.1623158,51.464929],[0.1604785,51.4650259],[0.1597941,51.4650495],[0.1585634,51.4650927]],[[0.07878614155573148,51.459182717127646],[0.0788181,51.4591871],[0.0788422,51.4591904],[0.0797863,51.4593158],[0.0809236,51.4594612],[0.0825766,51.4596926],[0.083721,51.4598408],[0.0848106,51.4600004],[0.0861725,51.4602436],[0.086949,51.4603968],[0.0881016,51.4606602],[0.0890956,51.4609237],[0.0902319,51.4612656],[0.0916889,51.4617602],[0.0923618,51.4619971],[0.0940941,51.4626068],[0.0959084,51.4632381],[0.0969708,51.4636178],[0.0978247,51.4639134]],[[0.0978247,51.4639134],[0.09842,51.4641138]],[[0.09842,51.4641138],[0.0989467,51.4642924],[0.0994551,51.4644334],[0.0998665,51.4645233]],[[0.0998665,51.4645233],[0.1001184,51.46458]],[[0.1001184,51.46458],[0.1004139,51.4646403],[0.1008122,51.4647131],[0.1011476,51.464765],[0.1015272,51.4648184],[0.1018629,51.4648576],[0.1022653,51.4648964],[0.1026786,51.4649275],[0.1030786,51.464947],[0.1034198,51.4649589],[0.1036573,51.464962],[0.104129,51.4649597],[0.1044358,51.464952],[0.1046685,51.4649437],[0.1050766,51.4649202],[0.1057866,51.4648595],[0.1077539,51.4646434],[0.1086995,51.4645372]],[[0.1086995,51.4645372],[0.1090264,51.4645008]],[[0.1090264,51.4645008],[0.110257,51.4643612],[0.111665,51.4642433],[0.1131314,51.4641706],[0.1146094,51.4641371],[0.1168771,51.4640856],[0.1202509,51.4640088],[0.1232549,51.4639378],[0.1258707,51.4638744],[0.1284034,51.4638053],[0.1299223,51.4637343],[0.1327619,51.4635907],[0.1335007,51.4635639],[0.1340776,51.4635525],[0.134667,51.4635487],[0.1349734,51.46355],[0.1358365,51.4635692],[0.1363242,51.4635885],[0.1366747,51.463608],[0.1373573,51.4636511],[0.1380398,51.4637083],[0.1393584,51.4638245],[0.1411937,51.4640138],[0.1439521,51.4642892],[0.1471587,51.4646045],[0.1489849,51.4647809],[0.150489,51.4648977],[0.1524037,51.4649925],[0.154683,51.4650609],[0.1569693,51.4650874],[0.1581302,51.4650719],[0.1596662,51.46503],[0.1604625,51.464997],[0.1615882,51.4649451],[0.162151,51.4649121],[0.1627509,51.464875],[0.1634518,51.4648376],[0.1646365,51.4647579],[0.1657965,51.4646716],[0.1668101,51.4646053],[0.1675093,51.4645604]],[[0.1675093,51.4645604],[0.16776,51.464547]],[[0.16776,51.464547],[0.1686903,51.4644984],[0.1701132,51.4644388],[0.1715118,51.4644034],[0.1721163,51.4643951],[0.1722456,51.4643933]],[[0.1722456,51.4643933],[0.1729753,51.4643907]],[[0.1729753,51.4643907],[0.1739063,51.464373],[0.1759855,51.4643362],[0.1772749,51.4643151]],[[0.1772749,51.4643151],[0.1774613,51.4643122]],[[0.1774613,51.4643122],[0.1777694,51.4643045],[0.1804305,51.4642598],[0.1814183,51.4642416],[0.1816372,51.4642406]],[[0.1816372,51.4642406],[0.1821646,51.4642361]],[[0.1821646,51.4642361],[0.1842235,51.464195],[0.1863877,51.4641634]],[[0.1863877,51.4641634],[0.1872539,51.4641455]],[[0.1872539,51.4641455],[0.1874807,51.4641438]],[[0.1874807,51.4641438],[0.1879152,51.4641344],[0.188336,51.4641268],[0.1889344,51.4641166],[0.1895301,51.4641055],[0.1902077,51.4640961],[0.1908458,51.4640885],[0.1910808,51.464074],[0.1913554,51.4640519],[0.1916355,51.4640229],[0.1918349,51.4639949],[0.1920385,51.4639583],[0.1922981,51.4639089],[0.1925003,51.4638621],[0.1926779,51.4638101],[0.192917,51.4637404],[0.1931861,51.4636382],[0.1934881,51.4635259],[0.1936999,51.4634229],[0.1939553,51.4632901],[0.1941917,51.4631539]],[[0.1941917,51.4631539],[0.1944704,51.4629607],[0.1946412,51.462827],[0.1948885,51.4626047]],[[0.1769145,51.4477789],[0.1792051,51.4483422],[0.1792306,51.4483021],[0.1788242,51.4482026],[0.1781389,51.4480263],[0.177809,51.4479711],[0.1769266,51.4477588],[0.1769145,51.4477789]],[[0.1461047,51.4397207],[0.147355,51.4400389],[0.1475722,51.4400967],[0.148007,51.4402087],[0.1484522,51.440322],[0.1488975,51.4404465],[0.1493333,51.4405726]],[[0.1030308,51.4340131],[0.1040094,51.4339647],[0.1045752,51.4339374],[0.1049644,51.4339273],[0.1055816,51.4339089],[0.1062435,51.4338984],[0.106582,51.4338959]],[[0.19203129286889914,51.45082251375162],[0.1919241,51.4508084]],[[0.1919241,51.4508084],[0.1917467,51.4507867]],[[0.1917467,51.4507867],[0.1905906,51.450649],[0.1898216,51.4505305],[0.1887464,51.4503475],[0.1869122,51.4500178],[0.1847447,51.4496101],[0.1827678,51.4492273],[0.1814519,51.448924],[0.1804046,51.4486526],[0.1792862,51.4483742],[0.1783863,51.4481594],[0.1771686,51.4478582],[0.1756622,51.4474666]],[[0.1756622,51.4474666],[0.1721089,51.4466062],[0.1699654,51.4460779],[0.1678141,51.445546],[0.1654923,51.4449751],[0.1643094,51.4446831],[0.1631259,51.444401],[0.1621812,51.4441575]],[[0.1621812,51.4441575],[0.1615078,51.4439888],[0.1608575,51.4438278],[0.1590967,51.4433909],[0.1582123,51.443175],[0.1573435,51.4429586],[0.1555242,51.442506],[0.1546333,51.4422843],[0.1538005,51.4420562]],[[0.1538005,51.4420562],[0.1536901,51.4420258]],[[0.1536901,51.4420258],[0.1527772,51.4417436],[0.151976,51.4414829],[0.1511536,51.4412062]],[[0.1511536,51.4412062],[0.1509809,51.4411465]],[[0.1509809,51.4411465],[0.1504194,51.4409523]],[[0.1504194,51.4409523],[0.1501628,51.4408673],[0.149705,51.4407224],[0.1492037,51.4405621],[0.1485864,51.4403888]],[[0.1485864,51.4403888],[0.1484192,51.4403412]],[[0.1484192,51.4403412],[0.1475132,51.4401087],[0.1465374,51.4398682],[0.1461996,51.4397782],[0.1460981,51.4397511],[0.1456476,51.4396353],[0.1452645,51.439541]],[[0.1452645,51.439541],[0.1451165,51.4395024]],[[0.1451165,51.4395024],[0.1445612,51.4393646],[0.1432933,51.43904],[0.1426238,51.4388718],[0.1419747,51.4387062],[0.1405631,51.4383473],[0.1398454,51.4381662],[0.139166,51.4379937],[0.137735,51.4376303],[0.1369366,51.4374265],[0.1362923,51.4372635],[0.1355088,51.4370617],[0.1347696,51.4368747],[0.1340252,51.4367068],[0.1335614,51.4365931],[0.133106,51.4364874],[0.1323578,51.436326],[0.13168,51.4361853],[0.1307635,51.4360142],[0.1298706,51.4358608],[0.1291027,51.4357381],[0.1287041,51.4356812],[0.1283094,51.4356294],[0.127718,51.4355505],[0.1266813,51.4354429],[0.1259645,51.4353714]],[[0.1259645,51.4353714],[0.1257924,51.4353564]],[[0.1257924,51.4353564],[0.1257369,51.435351]],[[0.1257369,51.435351],[0.1242947,51.4352206],[0.1231368,51.4351161],[0.1217065,51.4349959],[0.120347,51.4348856],[0.1191496,51.4347896],[0.1182964,51.4347125],[0.1176034,51.4346548],[0.1168658,51.4345893],[0.1146113,51.4343966],[0.1135132,51.4343008],[0.112708,51.4342261],[0.1116349,51.4341245],[0.110981,51.4340713],[0.1104819,51.4340375],[0.1097618,51.4339954],[0.1090219,51.4339589],[0.1079877,51.4339215],[0.1074718,51.4339069],[0.1069763,51.4339036],[0.1056365,51.4339158],[0.1049681,51.4339371],[0.1044281,51.433955],[0.1038546,51.4339868],[0.1034659,51.434008],[0.1033572,51.434014],[0.1027549,51.434048]],[[0.1027549,51.434048],[0.1023919,51.4340693]],[[0.1023919,51.4340693],[0.1019091,51.4341121],[0.1014499,51.4341473],[0.1007547,51.4342167],[0.099952,51.4343112],[0.0987497,51.434468],[0.0975322,51.4346199],[0.0966121,51.4347433],[0.0957146,51.4348594],[0.0948028,51.4349764],[0.0943039,51.4350397],[0.0937354,51.4351172],[0.0927244,51.4352546],[0.0918794,51.4353654],[0.0911438,51.4354604],[0.0907348,51.4355115],[0.0903373,51.4355612],[0.0890714,51.435721],[0.0877002,51.4359001],[0.0862787,51.4360824],[0.0854632,51.4361863],[0.0848048,51.4362772],[0.0836422,51.4364307],[0.0829525,51.4365151],[0.082176,51.4366144],[0.0814453,51.4367087],[0.0807496,51.4367997],[0.079012,51.4370307],[0.07842337388918193,51.43710503705913],[0.0784205,51.4371054]],[[0.1948584,51.4625768],[0.1946412,51.462827],[0.1944295,51.4630593],[0.1941515,51.4633729],[0.193911,51.4636374],[0.1935579,51.4640329],[0.193072,51.4645705],[0.1925974,51.4651026],[0.1922405,51.4654989],[0.1918473,51.465942],[0.1913212,51.4665445],[0.191216,51.4666635],[0.1911127,51.466783],[0.1910185,51.4668922],[0.1908159,51.4671211]],[[0.1908159,51.4671211],[0.1903694,51.4676145],[0.1899007,51.4681364],[0.1895894,51.4684835],[0.1893125,51.4687881],[0.1889048,51.4692428],[0.1886897,51.4694888],[0.1882542,51.469964],[0.1879003,51.4703636],[0.1876098,51.4706644],[0.1871708,51.4710694],[0.1866791,51.4714797],[0.1862443,51.4718215],[0.185604,51.4723179],[0.1846323,51.473075],[0.1837196,51.4737689],[0.1831403,51.4742614],[0.1826829,51.4746362],[0.1817499,51.4756149],[0.1810547,51.4763758],[0.1806156,51.4768683],[0.1799794,51.477538],[0.1792862,51.4782217],[0.1783877,51.4790522],[0.177597,51.4796915],[0.1769282,51.480232],[0.1763676,51.4806497],[0.1758565,51.4810445],[0.1754628,51.4813432],[0.1748925,51.4817852],[0.1742357,51.482306],[0.1738342,51.4826015],[0.1737439,51.482668],[0.1721945,51.4839255],[0.1719527,51.484126]],[[0.1719527,51.484126],[0.1718741,51.4841922]],[[0.1718741,51.4841922],[0.1712302,51.4847409],[0.1695282,51.4862116],[0.1683466,51.4871945],[0.1674577,51.4879385],[0.1667906,51.4884441],[0.1658802,51.4890618],[0.1653056,51.4894119],[0.1643181,51.4899299],[0.1635832,51.4902762],[0.1628946,51.4905735],[0.1618101,51.4909773],[0.1612401,51.4911548],[0.1606388,51.4913283],[0.1601031,51.4914673],[0.1597374,51.4915535],[0.1591809,51.4916763],[0.1585486,51.4917975],[0.1583013,51.4918412],[0.1576747,51.4919386],[0.1574989,51.4919623],[0.1569248,51.492035],[0.156387,51.49209],[0.1558131,51.4921392],[0.1552392,51.4921746],[0.1550471,51.4921837],[0.154855,51.4921906],[0.1544746,51.4922052],[0.1540023,51.4922123],[0.1535307,51.4922135],[0.1530609,51.4922106],[0.1525919,51.4922009],[0.151945,51.4921789],[0.1515635,51.4921677],[0.1512348,51.4921565],[0.1342988,51.4915349],[0.1308763,51.4914296],[0.1307469,51.4914244],[0.1229702,51.4911143],[0.1227302,51.4911007],[0.1224965,51.4910844],[0.1221798,51.4910582]],[[0.1221798,51.4910582],[0.12126902029478154,51.49098110437278]],[[0.1905786,51.4674656],[0.1888588,51.4693836],[0.1888854,51.469393],[0.1893152,51.4689141],[0.1893894,51.4688724],[0.1894788,51.4687816],[0.1898856,51.4683386],[0.1900248,51.4681815],[0.1900633,51.4681339],[0.1900499,51.4681293],[0.1901319,51.4680414],[0.1901446,51.4680453],[0.1901708,51.4680153],[0.1902215,51.4679607],[0.1904442,51.4677064],[0.1904733,51.4676748],[0.1904599,51.4676705],[0.1904781,51.4676509],[0.1905719,51.4675496],[0.190632,51.4674846],[0.1905786,51.4674656]],[[0.1905079,51.4674279],[0.1904806,51.4674184],[0.1903368,51.4675787],[0.1903113,51.4675699],[0.1902954,51.4675643],[0.1900105,51.467882],[0.1898143,51.4681017],[0.1893097,51.468666],[0.1892535,51.4687258],[0.1891556,51.4688364],[0.18918,51.4688449],[0.1887455,51.4693298],[0.18879,51.4693452],[0.1905079,51.4674279]]]}},{"type":"Feature","properties":{"kind":"routes","class":"other","routeCount":107},"geometry":{"type":"MultiLineString","coordinates":[[[0.11240349723889091,51.4132010462998],[0.1124207,51.4132241],[0.1124645,51.4132678],[0.1125281,51.4133221],[0.1126811,51.41342]],[[0.1126811,51.41342],[0.1127498,51.4134492],[0.1128426,51.4134818]],[[0.1128426,51.4134818],[0.1129165,51.413525],[0.1129741,51.4135623],[0.1130218,51.4136],[0.113073,51.4136422],[0.1131119,51.4136767],[0.1131495,51.4137217],[0.1131893,51.4137802],[0.1132197,51.4138516],[0.1132335,51.4138868]],[[0.1132335,51.4138868],[0.1132867,51.4140168],[0.113354,51.4140623]],[[0.1164011,51.4172648],[0.1162863,51.4172099],[0.1160507,51.417074],[0.115976,51.4170309],[0.1158952,51.4169772],[0.1156936,51.4168192],[0.1156177,51.4167528],[0.1155015,51.4166364],[0.1152887,51.4164119],[0.1148223,51.4158881],[0.1147102,51.4157524],[0.1146246,51.415634],[0.1145493,51.4155243],[0.1144102,51.4153428],[0.1142628,51.4151235],[0.114091,51.4149088],[0.1138301,51.4146813],[0.1137299,51.4145928],[0.1136443,51.414504],[0.1135565,51.4144035],[0.1134735,51.4142925],[0.1134361,51.4142414],[0.1134169,51.4142067],[0.1133752,51.4141269],[0.113354,51.4140623]],[[0.1180187,51.4186732],[0.117923,51.4185688],[0.1178884,51.4185313],[0.1178396,51.4184783],[0.1176974,51.418324],[0.1176232,51.4182434],[0.1175457,51.4181493],[0.1173272,51.4178893],[0.1172869,51.4178413],[0.1172341,51.4177785],[0.1171248,51.4176741],[0.1170211,51.417584],[0.1169344,51.4175289],[0.1168908,51.4175029],[0.116849,51.417478],[0.1168049,51.417453],[0.1167819,51.417438],[0.1167584,51.4174251],[0.1166184,51.4173485],[0.1165081,51.4173102],[0.1164011,51.4172648]],[[0.106812,51.4246634],[0.1069937,51.4245623],[0.1070697,51.4245091],[0.1074142,51.4241708],[0.1075444,51.4240587],[0.1076327,51.4239809],[0.1078197,51.4238133],[0.108017,51.4236635],[0.1081937,51.4235294],[0.1083046,51.4234558],[0.1086757,51.423191],[0.1087337,51.4231518],[0.1088295,51.4230814],[0.1088778,51.4230478],[0.1089724,51.4229791],[0.1091815,51.4228227],[0.1094134,51.4226604],[0.1095212,51.422585],[0.1097353,51.4224529],[0.1098988,51.4223557],[0.1099884,51.4223115],[0.110178,51.4221932],[0.1102325,51.4221607],[0.1103344,51.4221016],[0.1103604,51.4220868],[0.1106573,51.4219179],[0.1111519,51.4216361],[0.1114016,51.421495],[0.1114597,51.4214622],[0.1115303,51.4214276],[0.1117603,51.4213144],[0.1119428,51.4212351],[0.1120377,51.4211934],[0.1122762,51.4210902],[0.1127249,51.4208949],[0.1128829,51.4208373],[0.1129813,51.4208002],[0.1130716,51.420757],[0.1135877,51.4205565],[0.1139812,51.4204233],[0.1140391,51.4204033],[0.1141201,51.4203754],[0.1142104,51.4203425],[0.1142505,51.4203279],[0.1144185,51.4202667],[0.1145276,51.4202273],[0.1146063,51.4201999],[0.114709,51.4201641],[0.1147422,51.4201525],[0.1148665,51.4201092],[0.1149107,51.4200938],[0.1150495,51.4200454],[0.1150994,51.4200292],[0.1151491,51.420011],[0.1152422,51.4199783],[0.1153155,51.4199528],[0.1154124,51.419919],[0.1154625,51.4199015],[0.1156099,51.41985],[0.1156905,51.4198214],[0.115703,51.419817],[0.1157349,51.4198056],[0.1157597,51.419795],[0.1158948,51.4197362],[0.1158997,51.4197339],[0.1160256,51.4196759],[0.1160865,51.4196478],[0.1162923,51.4195531],[0.1164669,51.4194727],[0.1164869,51.4194622],[0.1165056,51.4194524],[0.116551,51.4194286],[0.1167671,51.4193154],[0.1168804,51.4192557],[0.1169733,51.4192078],[0.1170285,51.4191739],[0.1170553,51.4191601],[0.1171113,51.4191278],[0.117203,51.4190761],[0.1173472,51.4190007],[0.1173737,51.4189874],[0.1174582,51.4189468],[0.1175075,51.4189228],[0.1175549,51.4188995],[0.1178524,51.4187571],[0.1178773,51.4187454],[0.1180187,51.4186732]],[[0.1052845,51.4250985],[0.1053577,51.4250721],[0.105593,51.4249876],[0.1057813,51.4249283],[0.1061855,51.4248089],[0.1065084,51.424746],[0.1066127,51.4247205],[0.1067278,51.4246913],[0.106812,51.4246634]],[[0.1052845,51.4250985],[0.1052239,51.425128],[0.1051052,51.4251913],[0.104977,51.4252583],[0.1049171,51.4252908],[0.1047638,51.4253732],[0.104426,51.4256104]],[[0.104426,51.4256104],[0.1040964,51.4258477],[0.1039268,51.4259439],[0.1036841,51.4260594],[0.1033998,51.4261634],[0.1031829,51.4262148],[0.1027954,51.4262886]],[[0.1016775,51.4264019],[0.1017935,51.4263923],[0.1019702,51.4263744],[0.1022472,51.4263487],[0.1027954,51.4262886]],[[0.1016775,51.4264019],[0.1015508,51.4264125],[0.10146,51.4264204],[0.1011536,51.4264454],[0.1009345,51.4264676]],[[0.1019119,51.4296216],[0.1018309,51.4294949],[0.1015438,51.4290238],[0.1014049,51.4287741],[0.1013166,51.4286593],[0.1012598,51.4285932],[0.1012453,51.4283937],[0.1012611,51.4282881],[0.101296,51.428192],[0.1013186,51.428094],[0.1013408,51.4279116],[0.1013411,51.4278551],[0.1013416,51.4277794],[0.1013119,51.4276582],[0.1012933,51.4276002],[0.1012837,51.4275722],[0.1012379,51.4274816],[0.1010855,51.4271743],[0.1010357,51.4269916],[0.1010153,51.4269095],[0.1009595,51.4266729],[0.1009451,51.426601],[0.1009345,51.4264676]],[[0.102584,51.4322856],[0.1025463,51.4321076],[0.1025023,51.4319896],[0.1024698,51.431891],[0.1024435,51.4318195],[0.1023816,51.431652],[0.102316,51.4314746],[0.1023113,51.4314618],[0.102277,51.4313521],[0.1022612,51.4313018],[0.1022279,51.4311876],[0.1022168,51.4311472],[0.1022047,51.4310678],[0.1021733,51.4308994],[0.1021542,51.4307931],[0.1021133,51.430516],[0.102066,51.4301549],[0.1020053,51.4298054],[0.1019119,51.4296216]],[[0.1027048,51.4329093],[0.1026815,51.4327852],[0.1026348,51.4325647],[0.1026123,51.4324389],[0.102584,51.4322856]],[[0.1027817,51.4334154],[0.1027545,51.4332468],[0.102746,51.4331481],[0.1027048,51.4329093]],[[0.1026994,51.4339203],[0.1027338,51.433863],[0.1027868,51.4336572],[0.1027817,51.4334154]],[[0.1025799,51.4341354],[0.1026994,51.4339203]],[[0.1023149,51.434823],[0.102371,51.4346785],[0.1024826,51.4343789],[0.1025,51.4343353],[0.1025381,51.4342401],[0.1025504,51.4342094],[0.1025799,51.4341354]],[[0.1020326,51.4355475],[0.1021536,51.435238],[0.1023149,51.434823]],[[0.1017278,51.435915],[0.1018854,51.4357276],[0.1020326,51.4355475]],[[0.1016175,51.4360105],[0.1017278,51.435915]],[[0.1007941,51.4365117],[0.1008179,51.4365044],[0.101006,51.4364179],[0.1013108,51.4362483],[0.1013867,51.4361985],[0.1015623,51.4360583],[0.1016175,51.4360105]],[[0.0933349,51.4384386],[0.0934727,51.4384062],[0.0937752,51.4383373],[0.093992,51.4382893],[0.0942108,51.4382409],[0.0944303,51.4381975],[0.0946483,51.4381596],[0.094882,51.4381244],[0.0951107,51.4380915],[0.0953369,51.4380554],[0.0955681,51.4380163],[0.0958,51.4379712],[0.096036,51.4379228],[0.0963475,51.4378566],[0.0966451,51.4377933],[0.097048,51.4377006],[0.0971931,51.4376672],[0.0976507,51.4375618],[0.0979103,51.4375037],[0.0979471,51.4374929],[0.0984291,51.4373356],[0.0986525,51.4372466],[0.099172,51.4370558],[0.0995087,51.4369308],[0.0999387,51.4367697],[0.1001913,51.4366803],[0.1002372,51.4366657],[0.1003675,51.436624],[0.1007416,51.4365263],[0.1007941,51.4365117]],[[0.0933349,51.4384386],[0.0935173,51.4387088],[0.0936084,51.4388238],[0.0936574,51.4388887],[0.0937672,51.4390341],[0.0937863,51.4390594],[0.0938885,51.4391893],[0.0940021,51.4393337],[0.0940074,51.4393404],[0.0940178,51.4393538],[0.0941253,51.4394927],[0.0941392,51.4395106],[0.0941603,51.4395376],[0.094185,51.4395682],[0.0942449,51.4396447],[0.0942586,51.4396622],[0.0943193,51.4397396],[0.0943713,51.439806],[0.0943849,51.4398247],[0.0944428,51.4398972],[0.0944941,51.4399628],[0.094508,51.4399805],[0.0945699,51.4400596],[0.0946147,51.4401128],[0.09463,51.4401309],[0.094701,51.4402152],[0.0947439,51.440266],[0.0947608,51.4402862],[0.0948265,51.4403641],[0.0948754,51.4404221],[0.0948907,51.4404404],[0.0949098,51.440463],[0.0949494,51.4405101],[0.0950066,51.4405781],[0.0950219,51.4405964],[0.0951365,51.4407328],[0.0951422,51.4407395],[0.0951544,51.4407536],[0.0952675,51.440885],[0.0952811,51.4409008],[0.095327,51.4409539],[0.095346,51.4409762],[0.0953878,51.4410247],[0.095463,51.4411081],[0.0954768,51.4411234],[0.095549,51.4412034],[0.0957461,51.441422],[0.0957579,51.4414356],[0.0958559,51.4415482],[0.0958623,51.4415555],[0.0958783,51.4415739],[0.0959783,51.4416887],[0.0960814,51.4417998],[0.0961974,51.4419097],[0.0964741,51.4421229],[0.0969061,51.4424434],[0.097039,51.4425365],[0.0971766,51.4426288],[0.0974052,51.4427662],[0.0976664,51.4429042],[0.097845,51.4429855],[0.0979618,51.4430331],[0.0980488,51.4430685],[0.0983495,51.4431836],[0.0984534,51.4432234],[0.0985174,51.4432459],[0.0988359,51.4433581],[0.0989457,51.4433943],[0.0990658,51.4434337],[0.0992115,51.443481],[0.099311,51.4435116],[0.0994337,51.4435477],[0.0994638,51.4435559],[0.0995343,51.4435751]],[[0.0995343,51.4435751],[0.0998016,51.4436432]],[[0.0998016,51.4436432],[0.0998385,51.4436528]],[[0.0998385,51.4436528],[0.1001566,51.4437332],[0.1003376,51.443779],[0.1004018,51.4437946],[0.1004584,51.4438084],[0.1004953,51.4438174],[0.1006433,51.4438534],[0.1006694,51.4438598],[0.1007356,51.4438759],[0.1009008,51.4439162],[0.1009423,51.4439263],[0.1009748,51.4439342],[0.1011068,51.4439663],[0.1011343,51.443973],[0.1012192,51.4439937],[0.1013367,51.4440221],[0.1013637,51.4440286],[0.1015464,51.4440728],[0.1019126,51.4441599],[0.1019896,51.4441772],[0.102225,51.44423]],[[0.102225,51.44423],[0.1024175,51.4442755],[0.1025953,51.4443152]],[[0.1025953,51.4443152],[0.1029211,51.4443901],[0.1031083,51.4444437],[0.103261,51.4445044],[0.1033916,51.4445678],[0.1035306,51.4446528],[0.1036529,51.4447411],[0.1037578,51.4448282],[0.1038512,51.4449162],[0.1039176,51.4449919],[0.1039782,51.4450791],[0.1040226,51.4451651],[0.1040565,51.4452519],[0.1040894,51.4453443],[0.1041079,51.4454228],[0.1041206,51.4454933],[0.1041235,51.4455433],[0.1041155,51.4456054]],[[0.1031011,51.4505777],[0.1030749,51.4504701],[0.1030146,51.4502495],[0.1029922,51.4501767],[0.1029817,51.4501427],[0.1029651,51.4500572],[0.1029632,51.4500473],[0.1029521,51.4499617],[0.1029534,51.4499337],[0.1029586,51.4498184],[0.1029589,51.4498111],[0.1029648,51.4496822],[0.1029651,51.4496759],[0.1029808,51.4495625],[0.1029862,51.44953],[0.1030002,51.4494507],[0.103009,51.4494025],[0.1030359,51.4492522],[0.1030932,51.449052],[0.1031181,51.4489648],[0.1031353,51.4489046],[0.1031462,51.4488709],[0.103173,51.4487878],[0.1031855,51.4487494],[0.1031872,51.4487439],[0.1032245,51.4486313],[0.1032806,51.4484545],[0.1032869,51.4484354],[0.1033416,51.4482562],[0.10337,51.4481663],[0.1033901,51.4481028],[0.1034093,51.4480418],[0.1034264,51.4479874],[0.1034379,51.4479508],[0.1034818,51.4478113],[0.1034927,51.4477768],[0.1035074,51.4477301],[0.1035307,51.447656],[0.1035648,51.4475478],[0.1035778,51.4475055],[0.1035962,51.4474443],[0.1036042,51.4474172],[0.103624,51.4473504],[0.1036257,51.4473446],[0.103631,51.4473269],[0.1036489,51.4472667],[0.1036565,51.4472409],[0.103679,51.4471649],[0.1036865,51.4471396],[0.1037025,51.4470858],[0.1037069,51.4470713],[0.1037106,51.4470589],[0.1037211,51.4470223],[0.103728,51.4469987],[0.1037543,51.4469079],[0.1037577,51.4468963],[0.1037788,51.4468266],[0.1037864,51.4468013],[0.1038212,51.4466859],[0.103829,51.4466602],[0.1038339,51.4466442],[0.1038448,51.4466083],[0.1038523,51.4465826],[0.1038593,51.4465601],[0.1038603,51.4465568],[0.1038806,51.4464898],[0.1038865,51.4464704],[0.1038951,51.4464421],[0.1039072,51.4464023],[0.1039221,51.446353],[0.1039297,51.4463279],[0.103945,51.4462772],[0.1039634,51.4462166],[0.1039707,51.4461888],[0.1040008,51.4460747],[0.1040083,51.446046],[0.1040278,51.4459721],[0.1040393,51.4459284],[0.1040515,51.4458821],[0.1040901,51.4457355],[0.1041155,51.4456054]],[[0.1032013,51.4508227],[0.1031011,51.4505777]],[[0.1033352,51.4511572],[0.1033244,51.4511285],[0.1032815,51.4510187],[0.1032013,51.4508227]],[[0.1034476,51.4514451],[0.1033942,51.4513217],[0.1033663,51.4512464],[0.1033352,51.4511572]],[[0.1034669,51.4514914],[0.1034476,51.4514451]],[[0.1036769,51.4522463],[0.1036587,51.4521439],[0.1035872,51.45186],[0.1035079,51.4515944],[0.1034669,51.4514914]],[[0.1036915,51.452393],[0.1036898,51.4523507],[0.1036769,51.4522463]],[[0.1037027,51.4524536],[0.1036998,51.4524381],[0.1036915,51.452393]],[[0.1037232,51.4525979],[0.1037123,51.4525186],[0.1037027,51.4524536]],[[0.1037234,51.453795],[0.1037261,51.4537439],[0.1037418,51.453612],[0.1037471,51.4535489],[0.1037579,51.4533925],[0.1037581,51.4531159],[0.1037581,51.4530627],[0.1037544,51.452919],[0.103739,51.4527133],[0.1037232,51.4525979]],[[0.1037233,51.4538922],[0.1037234,51.453795]],[[0.0986626,51.4582003],[0.0987437,51.4581367],[0.0988099,51.4580847],[0.099569,51.4574976],[0.1004378,51.4568193],[0.1008096,51.4565098],[0.1009899,51.4563439],[0.1011611,51.4561772],[0.1014729,51.4558637],[0.1019019,51.455432],[0.1020703,51.4552574],[0.1024405,51.4549335],[0.1025765,51.4548183],[0.1035446,51.4539944],[0.1037233,51.4538922]],[[0.0986626,51.4582003],[0.0987732,51.4582517],[0.0988363,51.458281],[0.0992813,51.4585079],[0.0995155,51.458617],[0.0998321,51.4587526],[0.1001561,51.4588721],[0.1009327,51.4591279],[0.1011897,51.4592224],[0.1019697,51.4595516]],[[0.1019697,51.4595516],[0.1036667,51.4603207],[0.1037772,51.4603587],[0.1039576,51.4604109],[0.1042783,51.4604742],[0.1045475,51.460517],[0.1048198,51.4605579],[0.1051241,51.4605611]],[[0.1051241,51.4605611],[0.1054392,51.4605772],[0.105694,51.4606185],[0.1058912,51.4606683],[0.1059932,51.4607174],[0.1060855,51.4608139],[0.1062414,51.4610126],[0.1063534,51.4611541],[0.1066002,51.4614641],[0.1066866,51.4615713],[0.1067063,51.461595],[0.107113,51.4620375],[0.1071828,51.462116],[0.1072486,51.4622007]],[[0.1072486,51.4622007],[0.1072692,51.4622332]],[[0.1072692,51.4622332],[0.1072656,51.4623308],[0.1072539,51.4623841],[0.1072344,51.4624179],[0.1072003,51.4624653],[0.10715,51.4625118]],[[0.10715,51.4625118],[0.1068917,51.4625601],[0.1067813,51.4626202]],[[0.1057266,51.4628121],[0.1058497,51.4627909],[0.1060566,51.4627529],[0.1063462,51.4626999],[0.106483,51.4626748],[0.1067813,51.4626202]],[[0.1046387,51.4629809],[0.1053468,51.4628734],[0.1057266,51.4628121]],[[0.0999526,51.4636936],[0.1001073,51.4636711],[0.1001482,51.4636648],[0.1002065,51.4636558],[0.1009923,51.4635355],[0.10113,51.4635137],[0.1012729,51.4634904],[0.1020794,51.4633605],[0.1028584,51.4632352],[0.1034459,51.4631442],[0.1042518,51.4630302],[0.1043124,51.4630222],[0.1043776,51.4630135],[0.1046387,51.4629809]],[[0.100037,51.4644709],[0.1000986,51.4643307],[0.100111,51.4642328],[0.1001094,51.4641244],[0.100105,51.464082],[0.1000852,51.4640009],[0.1000663,51.4639512],[0.1000195,51.4638457],[0.100002,51.4638062],[0.0999526,51.4636936]],[[0.0999703,51.464615],[0.100037,51.4644709]],[[0.1002776,51.4652993],[0.1002147,51.4652154],[0.1001205,51.4651202],[0.099979,51.4649715],[0.0999332,51.4648445],[0.0999359,51.464738],[0.0999703,51.464615]],[[0.1002776,51.4652993],[0.1003777,51.46552],[0.1003857,51.4655378],[0.1004249,51.4656241],[0.1006178,51.4663779],[0.100704,51.4667149],[0.1007343,51.4668264],[0.1008957,51.4674188],[0.1011529,51.4683567]],[[0.0993601,51.4689979],[0.0996643,51.4689129],[0.1000352,51.468785],[0.1003953,51.4686545],[0.101041,51.4684206],[0.1011529,51.4683567]],[[0.0979084,51.469037],[0.0990219,51.4690314],[0.0993601,51.4689979]],[[0.0979084,51.469037],[0.0976275,51.4694484],[0.0966224,51.4709205],[0.0961488,51.471614]],[[0.0961488,51.471614],[0.0955308,51.4724908],[0.0954402,51.4728501]],[[0.0954402,51.4728501],[0.0954553,51.4729292],[0.0954884,51.4732528],[0.09548606183677301,51.47326584677696]],[[0.1009345,51.4264676],[0.1009298,51.4264109],[0.100933,51.4260448],[0.1009315,51.4259081]],[[0.1009315,51.4259081],[0.1009297,51.4257896],[0.1009123,51.4254869],[0.1009167,51.4254207],[0.1009183,51.4253903],[0.1009394,51.4252818],[0.1009648,51.4251227],[0.1010168,51.4249842],[0.101013,51.4248513],[0.1010107,51.4247729],[0.1010078,51.4246734],[0.1010282,51.424517],[0.1010942,51.4238418],[0.1010716,51.4237295]],[[0.1006962,51.4232761],[0.101056,51.4237044],[0.1010716,51.4237295]],[[0.0995385,51.4212097],[0.0995895,51.4214273],[0.0996228,51.421636],[0.0996586,51.4218452],[0.099725,51.4220879],[0.0998068,51.4223085],[0.0998977,51.4225349],[0.099953,51.4226345],[0.1000237,51.4227236],[0.1002826,51.4229451],[0.1004416,51.4230726],[0.1006962,51.4232761]],[[0.0994006,51.4207577],[0.0995385,51.4212097]],[[0.0994006,51.4207577],[0.0994418,51.4206292],[0.0994339,51.4205879],[0.0994019,51.4203927]],[[0.0994019,51.4203927],[0.0994717,51.4203637],[0.0995867,51.420282]],[[0.0995867,51.420282],[0.099653,51.4202211],[0.09966,51.4201279],[0.0996385,51.4200655]],[[0.0996385,51.4200655],[0.0995187,51.4199124]],[[0.103236,51.4173826],[0.1039491,51.4170227],[0.1043911,51.4168029],[0.1053139,51.4163822],[0.1059301,51.416131],[0.1061387,51.4160327],[0.1062961,51.4159416],[0.1064714,51.4158092],[0.1066366,51.41561],[0.1067515,51.4155076],[0.1068682,51.4154246],[0.1070482,51.4153397],[0.1072402,51.4152811],[0.1073789,51.4152388],[0.1078803,51.415129],[0.108281,51.4150013],[0.1089164,51.414848],[0.1093357,51.4147864],[0.1102026,51.4146621],[0.110616,51.4145799],[0.1113291,51.414438],[0.1122456,51.4142532],[0.1122859,51.4142451],[0.1129019,51.414142],[0.1129741,51.4141298],[0.113354,51.4140623]],[[0.103236,51.4173826],[0.1033013,51.4174145],[0.1037274,51.4175528],[0.1039329,51.4176328],[0.1040375,51.4176834],[0.1042284,51.4178256],[0.1043147,51.417909],[0.1044524,51.4180558],[0.1045367,51.4181594],[0.1047671,51.4184398],[0.1049022,51.4186587]],[[0.1049022,51.4186587],[0.1050012,51.4188459],[0.1052047,51.4192584]],[[0.1052047,51.4192584],[0.1045488,51.419382],[0.1043639,51.4194199]],[[0.1043639,51.4194199],[0.1041944,51.4194547],[0.1035993,51.4193949],[0.1035362,51.419399],[0.1034698,51.4194034],[0.1033373,51.4194349],[0.1029946,51.4195506],[0.1028641,51.4195871],[0.1027406,51.4196117]],[[0.1027406,51.4196117],[0.1022406,51.4197114],[0.101785,51.4197963],[0.1013293,51.4198822],[0.100948,51.4199537],[0.1006818,51.4200013],[0.1005014,51.4200335],[0.1002055,51.4200902]],[[0.1002055,51.4200902],[0.0999684,51.4200484],[0.0997218,51.4200586],[0.0996385,51.4200655]],[[0.0995187,51.4199124],[0.0994572,51.4198339]],[[0.0994572,51.4198339],[0.0992641,51.4198712],[0.0992134,51.4198785]],[[0.0992134,51.4198785],[0.0990742,51.4199032]],[[0.0990742,51.4199032],[0.0990861,51.4199415],[0.0991327,51.4200565],[0.0991507,51.4201213],[0.099214,51.4203319],[0.0992633,51.4205048],[0.0992778,51.4205461],[0.0993059,51.4206434],[0.0994006,51.4207577]],[[0.1027954,51.4262886],[0.1028104,51.4263531],[0.102855,51.4265459],[0.1028846,51.4266497],[0.1029248,51.4267916],[0.1029704,51.4269587],[0.1030482,51.4272252],[0.1030551,51.4272516],[0.103086,51.4273731],[0.1030908,51.4273895],[0.1031352,51.4275429],[0.1032449,51.4279212],[0.1032685,51.4279992]],[[0.1032685,51.4279992],[0.1041865,51.4278932],[0.1043141,51.4278799],[0.1050074,51.4278073],[0.1051273,51.4277947]],[[0.1051273,51.4277947],[0.105323,51.4277733],[0.1058698,51.4277145],[0.1061169,51.4276856]],[[0.1061169,51.4276856],[0.1063349,51.4276603],[0.1065543,51.4276333],[0.1068841,51.4275937],[0.1076106,51.4275064]],[[0.1076106,51.4275064],[0.1077261,51.4279073],[0.1077626,51.428034],[0.107819,51.4282333],[0.1078751,51.4283607],[0.1079224,51.4284435],[0.1079789,51.4285065],[0.1080409,51.4285549],[0.1081357,51.4285997],[0.1084755,51.4287396],[0.1089692,51.428943],[0.1089997,51.4289554],[0.1094345,51.4291319],[0.1096085,51.4292025]],[[0.1096085,51.4292025],[0.109812,51.4290122],[0.1099162,51.4289133],[0.1100463,51.4287916],[0.1101649,51.4286782],[0.1103155,51.4285646],[0.110627,51.4284145],[0.1108698,51.4283184],[0.1109861,51.4282488]],[[0.1124644,51.425421],[0.112402,51.425552],[0.112325,51.4256878],[0.1122572,51.4258075],[0.1122281,51.4258589],[0.111928,51.4263685],[0.1118699,51.4264671],[0.1118483,51.4265038],[0.1117886,51.4266051],[0.1116611,51.4268617],[0.1116435,51.4268972],[0.111549,51.4270875],[0.1114978,51.4271906],[0.1114817,51.4272229],[0.1114265,51.4273479],[0.1113202,51.4275884],[0.1112396,51.4277709],[0.1110532,51.4281619],[0.1109861,51.4282488]],[[0.1124644,51.425421],[0.1126454,51.4254161],[0.1129924,51.4253324],[0.1133231,51.4252334],[0.1136654,51.4251083],[0.1137346,51.4250993]],[[0.1137346,51.4250993],[0.1137892,51.4251156],[0.113835,51.4251519],[0.1143904,51.4257015],[0.1146197,51.4259284],[0.1147256,51.4260219],[0.1148681,51.4261477],[0.1151817,51.4264245],[0.1153098,51.4265377],[0.1153315,51.4265568],[0.1154101,51.4266262],[0.1154578,51.42667],[0.1157866,51.4269722],[0.1159234,51.4270979],[0.1161635,51.4273185],[0.116283,51.4274231],[0.1164667,51.4275804],[0.1166084,51.4276887],[0.1166283,51.427703],[0.1166588,51.4277294],[0.1167556,51.4278222],[0.116779,51.4278446],[0.1168129,51.4278771],[0.1170331,51.4281303],[0.1171417,51.428255],[0.117159,51.4282749],[0.1172708,51.4283935],[0.1172783,51.4284008],[0.1173625,51.4284826],[0.1175026,51.4286025],[0.1176819,51.4287412],[0.1178139,51.4288433],[0.1178797,51.4288948]],[[0.1178797,51.4288948],[0.1182559,51.4291689],[0.11843,51.4293032],[0.1187149,51.4295259],[0.1187316,51.4295389],[0.1188795,51.4296545],[0.1189227,51.4296894],[0.1191985,51.4298993],[0.1193684,51.4300376],[0.119452,51.4301152],[0.1194971,51.4301649],[0.11951,51.4301791],[0.1195594,51.4302326],[0.1196674,51.4303527],[0.1197268,51.4304186],[0.1197401,51.4304335],[0.1197763,51.4304737],[0.1198857,51.4305953],[0.1199872,51.4307164],[0.119993,51.4307233],[0.1200132,51.430747],[0.1200897,51.4308373],[0.1201103,51.4308619],[0.1201237,51.4308778],[0.120191,51.430958],[0.1202408,51.4310174],[0.1202537,51.4310328],[0.1203257,51.4311186],[0.1203535,51.4311502],[0.1203665,51.431165],[0.1204582,51.4312724],[0.1205017,51.4313195],[0.1205337,51.4313564],[0.1205968,51.4314274],[0.1206114,51.4314439],[0.1206716,51.4315377],[0.120733,51.431652],[0.1207421,51.4316708],[0.1208915,51.4319915]],[[0.1208915,51.4319915],[0.1218511,51.4318898],[0.121889,51.4318813]],[[0.121889,51.4318813],[0.121936,51.4318583],[0.1224669,51.4314725]],[[0.1224669,51.4314725],[0.1238508,51.4305195]],[[0.127261,51.4319552],[0.1269791,51.4319864],[0.1266971,51.4319948],[0.1264464,51.4319865],[0.1262855,51.4319553],[0.1261188,51.4319098],[0.125748,51.4317796],[0.125304,51.4315937],[0.1251176,51.4315035],[0.1249807,51.4314149],[0.124588,51.4311202],[0.124539,51.43108],[0.1238508,51.4305195]],[[0.127261,51.4319552],[0.1273083,51.4320014],[0.1273748,51.4320158]],[[0.1266802,51.4348503],[0.1268568,51.4340707],[0.1268599,51.4340461],[0.1270556,51.4332725],[0.1270891,51.4331403],[0.1270952,51.4331162],[0.127128,51.4329865],[0.1271331,51.4329665],[0.1271716,51.4328141],[0.1272646,51.4324466],[0.1273748,51.4320158]],[[0.1264921,51.434826],[0.1266802,51.4348503]],[[0.1253864,51.4347214],[0.1257142,51.4347091],[0.1259393,51.434714],[0.1261561,51.4347416],[0.1264921,51.434826]],[[0.1205106,51.4341365],[0.1205808,51.4341675],[0.1209595,51.4343347],[0.1210732,51.4343854],[0.1211649,51.4344016],[0.122776,51.4345197],[0.1230886,51.4345444],[0.1251525,51.4347147],[0.1253864,51.4347214]],[[0.1202737,51.4342856],[0.1203721,51.4342391],[0.1205106,51.4341365]],[[0.1200196,51.4347685],[0.1201274,51.4344844],[0.1202475,51.4343465],[0.1202737,51.4342856]],[[0.1199906,51.4348712],[0.1200196,51.4347685]],[[0.1199654,51.4349605],[0.1199906,51.4348712]],[[0.1199145,51.4351309],[0.1199538,51.4350032],[0.1199654,51.4349605]],[[0.1199145,51.4351309],[0.1196045,51.4361323]],[[0.118619,51.4391815],[0.1186353,51.439155],[0.11867,51.4390548],[0.118722,51.4389047],[0.1189775,51.4381665],[0.1190643,51.4379212],[0.1190952,51.4378337],[0.1191066,51.4378015],[0.1192767,51.4372333],[0.1194455,51.4366811],[0.1195675,51.43626],[0.1196045,51.4361323]],[[0.118619,51.4391815],[0.1185882,51.4392074],[0.1185392,51.4392488],[0.1185322,51.4392533],[0.1184889,51.4392785],[0.1184411,51.4393087]],[[0.1184411,51.4393087],[0.118393,51.4393196]],[[0.118393,51.4393196],[0.1183639,51.4393305],[0.1183383,51.4393401],[0.1182943,51.4393681],[0.118284,51.4393817],[0.1182773,51.4393961],[0.1182758,51.4394151],[0.1182792,51.4394381]],[[0.1182792,51.4394381],[0.1182902,51.4394635]],[[0.1182902,51.4394635],[0.1182856,51.4395009],[0.1182732,51.439539],[0.1182552,51.4395639],[0.1182493,51.4395721],[0.118227,51.4396082],[0.1182124,51.4396395],[0.1182036,51.4396719]],[[0.1180092,51.4398568],[0.1182036,51.4396719]],[[0.1176323,51.4406821],[0.1177875,51.4402983],[0.1178047,51.4402605],[0.1178599,51.4401387],[0.1179011,51.440039],[0.1179101,51.4400171],[0.1179175,51.4399992],[0.1179453,51.439956],[0.1180092,51.4398568]],[[0.1176034,51.440754],[0.117618,51.4407175],[0.1176323,51.4406821]],[[0.1175298,51.440937],[0.1176034,51.440754]],[[0.1174775,51.4410777],[0.117493,51.4410347],[0.1175298,51.440937]],[[0.1184496,51.4424464],[0.1180496,51.4420721],[0.1179789,51.44201],[0.1175576,51.4416404],[0.1174227,51.4414574],[0.117419,51.4412585],[0.1174343,51.4412111],[0.1174775,51.4410777]],[[0.1192214,51.4429077],[0.1190165,51.4427962],[0.1187515,51.4426435],[0.1186685,51.4425974],[0.1185641,51.4425258],[0.1184496,51.4424464]],[[0.118847,51.4473183],[0.1188699,51.4471965],[0.1189051,51.4470736],[0.1189633,51.446913],[0.1191985,51.4463587],[0.1192255,51.4462543],[0.1192465,51.4461616],[0.1192587,51.4460677],[0.1192615,51.4460271],[0.1192549,51.4458585],[0.1192434,51.4457469],[0.1192419,51.4456415],[0.1192529,51.4455045],[0.1192656,51.4453643],[0.1192674,51.4453434],[0.1192798,51.4452061],[0.1192923,51.4450479],[0.1192999,51.4449236],[0.1193109,51.4447941],[0.1193275,51.4446775],[0.1194167,51.444343],[0.1194989,51.4439676],[0.1196005,51.443506],[0.1196175,51.4434206],[0.1196071,51.4433119],[0.1195843,51.4432215],[0.1195239,51.4431318],[0.1194388,51.4430498],[0.1193363,51.4429749],[0.1192214,51.4429077]],[[0.118847,51.4473183],[0.1188292,51.4473735],[0.1187711,51.4476609],[0.1187486,51.4477032],[0.1186524,51.4477973]],[[0.1186524,51.4477973],[0.1185905,51.4478261],[0.1185427,51.4478638]],[[0.1185427,51.4478638],[0.11851,51.4479131],[0.1185013,51.4479662],[0.1185173,51.4480186]],[[0.1185173,51.4480186],[0.1185472,51.4480573],[0.1185906,51.4480905],[0.118614,51.4481017],[0.1186452,51.4481167]],[[0.1186452,51.4481167],[0.1187861,51.4481961],[0.1188376,51.4482549],[0.1188768,51.448324],[0.1189946,51.4485665],[0.1191267,51.4488285],[0.1193265,51.4492534]],[[0.1193265,51.4492534],[0.119491,51.4495835]],[[0.119491,51.4495835],[0.1196659,51.449913],[0.1197547,51.4500497],[0.1199026,51.4502111],[0.1201154,51.4503477],[0.1203833,51.4504624],[0.1205563,51.450517],[0.1207321,51.4505411],[0.1210076,51.4505634],[0.1213255,51.4505769]],[[0.1213255,51.4505769],[0.1213731,51.4506041],[0.1214659,51.4506332],[0.1215357,51.4506429],[0.12161,51.4506413],[0.1216352,51.4506348]],[[0.1216352,51.4506348],[0.1217391,51.4506593],[0.1218602,51.45069],[0.1219621,51.4506947]],[[0.1224782,51.4512742],[0.1222875,51.4510251],[0.1221793,51.4508875],[0.1219621,51.4506947]],[[0.1228915,51.455587],[0.1228849,51.4555459],[0.1228623,51.4554056],[0.1227816,51.4548704],[0.1227522,51.4546745],[0.1227405,51.4545543],[0.1227445,51.4543755],[0.1227572,51.4542486],[0.1230724,51.452954],[0.1230919,51.4528527],[0.1231048,51.4527349],[0.1230913,51.4525918],[0.123067,51.4524713],[0.1229808,51.4521044],[0.1228969,51.4518844],[0.1228302,51.4517681],[0.122802,51.4517235],[0.1227731,51.4516805],[0.1226965,51.4515652],[0.1226037,51.451443],[0.1224782,51.4512742]],[[0.1229172,51.4557464],[0.1228962,51.455616],[0.1228915,51.455587]],[[0.1229392,51.455851],[0.1229172,51.4557464]],[[0.1238298,51.4595257],[0.1237138,51.4592228],[0.1235872,51.4589018],[0.1233937,51.4583005],[0.1233412,51.4581264],[0.1232972,51.4579446],[0.1231804,51.457278],[0.1230665,51.4565987],[0.1229392,51.455851]],[[0.1238298,51.4595257],[0.1237947,51.4595651],[0.123804,51.4595906],[0.1238749,51.4597351]],[[0.1238749,51.4597351],[0.1239685,51.4597207]],[[0.1239685,51.4597207],[0.1241752,51.4596928],[0.1250096,51.4595631],[0.1255398,51.459481],[0.1258179,51.4594388],[0.125839,51.4594355],[0.1269117,51.4592686],[0.1271275,51.4592346],[0.1273983,51.4591886],[0.1277151,51.4591347],[0.1282321,51.4590556],[0.1283747,51.4590314],[0.1287892,51.4589662],[0.1290208,51.4589313],[0.1294543,51.4588593],[0.1297616,51.4588136],[0.1299904,51.4587751],[0.1305711,51.4586781]],[[0.1305711,51.4586781],[0.130984,51.4586044],[0.1313994,51.4585294],[0.1317265,51.4584726],[0.1318656,51.4584486]],[[0.1318656,51.4584486],[0.1320551,51.4584181],[0.1323916,51.4583649],[0.1326914,51.4583165],[0.1329377,51.4582812],[0.1330338,51.4582648],[0.133339,51.4582243],[0.1337459,51.4581704],[0.1339715,51.4581398],[0.1341191,51.4581197]],[[0.1341191,51.4581197],[0.134502,51.4580666],[0.1349926,51.4580044],[0.1351126,51.4579893],[0.1353813,51.4579546],[0.1358586,51.4578902],[0.1360434,51.4578659],[0.1361954,51.4578448],[0.1365046,51.4577995],[0.1370111,51.4577261],[0.1377132,51.4576204],[0.1379544,51.4575863]],[[0.1379544,51.4575863],[0.1381616,51.4575594]],[[0.1381616,51.4575594],[0.138322,51.4575635]],[[0.138322,51.4575635],[0.1384289,51.457549],[0.1385074,51.4575384],[0.1387059,51.4574456]],[[0.1387059,51.4574456],[0.1387338,51.4573572],[0.1387204,51.4573126],[0.1387056,51.457229]],[[0.1387056,51.457229],[0.1386839,51.4570779],[0.138681,51.457022],[0.1386803,51.4569785],[0.1386912,51.4569313],[0.138701,51.4568894]],[[0.138701,51.4568894],[0.1387451,51.4568814],[0.1387695,51.4568713],[0.1387834,51.4568656],[0.1388126,51.4568435],[0.13883,51.456817],[0.1388341,51.4567885],[0.1388245,51.4567605],[0.1388155,51.4567439]],[[0.1388155,51.4567439],[0.1389041,51.4566689],[0.138988,51.4566079],[0.1390568,51.4565639]],[[0.1390568,51.4565639],[0.1391081,51.4565285],[0.139218,51.4564794],[0.139307,51.4564509],[0.1394674,51.4564123],[0.1401737,51.4563027],[0.1404474,51.4562655],[0.1406836,51.4562318],[0.1409743,51.4561876],[0.1411511,51.4561562],[0.1412253,51.4561408],[0.1413028,51.4561193],[0.141379,51.4560976],[0.141694,51.455992],[0.1419589,51.455914],[0.1422261,51.4558259],[0.1422586,51.4558169]],[[0.1422586,51.4558169],[0.1422715,51.4558116],[0.1423289,51.4557945],[0.1423636,51.4557841]],[[0.1423636,51.4557841],[0.1424268,51.4557686]],[[0.1424268,51.4557686],[0.1424637,51.4557596]],[[0.1424637,51.4557596],[0.1424803,51.4557903],[0.1425207,51.4558541]],[[0.1425207,51.4558541],[0.1425589,51.4559155],[0.1426546,51.4562013],[0.1426677,51.4562241],[0.1426859,51.4562399]],[[0.1426859,51.4562399],[0.1427217,51.4562467],[0.1427593,51.4562454],[0.14323,51.4561725],[0.1434537,51.4561379],[0.1438158,51.4561426],[0.1440583,51.4560932],[0.144124,51.4560798]],[[0.144124,51.4560798],[0.1440728,51.4559624]],[[0.1440728,51.4559624],[0.1440148,51.4558292]],[[0.07631092906047016,51.433967619505516],[0.0765947,51.4337007],[0.0768012,51.4335526],[0.0768226,51.4335395],[0.0771354,51.4333528],[0.0771873,51.4333223],[0.0772579,51.4332808],[0.0775094,51.433116],[0.0775469,51.4330911],[0.0776422,51.4330289],[0.0777326,51.4329699],[0.0778112,51.4329186],[0.0778833,51.4328715],[0.0779978,51.4327967],[0.078054,51.432757],[0.0783737,51.4325307],[0.0785278,51.4324217],[0.0786086,51.4323645],[0.0788826,51.4321587],[0.0790169,51.4320578],[0.0790938,51.431997],[0.0792486,51.4318741],[0.0793433,51.4317974],[0.0795942,51.4315996],[0.0796699,51.4315387],[0.0797261,51.4314935],[0.0798563,51.4313887],[0.079955,51.4313093]],[[0.079955,51.4313093],[0.0799953,51.4312804],[0.0801509,51.4311688],[0.0803355,51.4310858],[0.080552,51.4310133],[0.0808672,51.430933],[0.081552,51.43076],[0.081917,51.4306807],[0.0821403,51.4306371],[0.0824401,51.4305672],[0.0826806,51.4305357],[0.0828901,51.4305162]],[[0.0828901,51.4305162],[0.0830771,51.4305072],[0.0835783,51.4304914],[0.0838684,51.4304753],[0.0841283,51.4304634],[0.0847062,51.4304172],[0.0848513,51.4304036],[0.0851951,51.4303715],[0.0856036,51.4303035],[0.0857499,51.4302791],[0.085865,51.4302519],[0.0860768,51.4302017],[0.0861089,51.4301941],[0.0863642,51.4301337]],[[0.0863642,51.4301337],[0.0865454,51.4303764],[0.0867651,51.4306174],[0.087025,51.4308738],[0.0873017,51.4311051],[0.0874614,51.4312327],[0.0877408,51.4314292],[0.0882757,51.4317605],[0.0883613,51.4318114],[0.0884528,51.4318575],[0.0888905,51.4320417],[0.0890121,51.4320929],[0.0890715,51.4321179],[0.0892643,51.4321939],[0.0896802,51.432358],[0.0898718,51.4324166],[0.0900727,51.4324084],[0.0901156,51.4324027],[0.0902862,51.4323801],[0.090317,51.4323761],[0.0904994,51.4323519],[0.0907162,51.4323232],[0.0908168,51.4323099],[0.0908548,51.4323049],[0.0909304,51.4322969],[0.0911507,51.4322734],[0.091249,51.432263],[0.0914873,51.4322376],[0.0918839,51.4322225],[0.0921803,51.4322299],[0.0924167,51.4322751],[0.0926021,51.4323288],[0.0928776,51.43246]],[[0.0928776,51.43246],[0.0929801,51.4325123],[0.0930146,51.4325283],[0.0931586,51.4325948],[0.0933402,51.4326787],[0.0934089,51.4326998],[0.0935983,51.432758],[0.0936198,51.4327646],[0.0936612,51.4327773],[0.0937002,51.4327893],[0.0938923,51.4328243],[0.0939148,51.4328284],[0.094051,51.4328532],[0.0941945,51.4328682],[0.0942249,51.4328713],[0.0944657,51.4328964],[0.0945174,51.4329018],[0.0947286,51.4329011],[0.0947367,51.4329011],[0.0949898,51.4329003],[0.0955526,51.4328986],[0.0957586,51.432898],[0.0959753,51.4328973],[0.0966088,51.4328963],[0.0968154,51.4328959],[0.0970887,51.4328955],[0.0975999,51.4328944],[0.0976887,51.4328942],[0.0978628,51.4328951],[0.0982345,51.4328969],[0.0984046,51.4328983],[0.0986835,51.4329007],[0.0989356,51.4329028],[0.0991718,51.4329048],[0.0991971,51.4329047],[0.0996657,51.4329035],[0.100239,51.4329042],[0.1007141,51.4329028],[0.1007623,51.432903],[0.100927,51.4329038],[0.1016851,51.4328999],[0.101908,51.4329013]],[[0.101908,51.4329013],[0.1021588,51.4329049],[0.1027048,51.4329093]],[[0.1180187,51.4186732],[0.1181931,51.418602],[0.1182408,51.4185818],[0.118416,51.4184983],[0.1187539,51.4183207],[0.1192591,51.4181311],[0.1197032,51.4179466],[0.1197805,51.4179124],[0.1198571,51.4178842],[0.1200073,51.417838],[0.1200202,51.417834]],[[0.1200202,51.417834],[0.1202045,51.4177667]],[[0.1202045,51.4177667],[0.1202162,51.417762],[0.1203305,51.4177165],[0.1204182,51.4176805],[0.1207612,51.4175494],[0.1208109,51.417532],[0.1213844,51.4173428],[0.1218478,51.4172009],[0.1219458,51.4171613],[0.1221522,51.4170709],[0.1222346,51.417022],[0.1225832,51.4168151],[0.122716,51.4167361],[0.1229513,51.4165963],[0.1229743,51.4165801],[0.1231101,51.4164846],[0.1232293,51.4164008],[0.1233097,51.416345],[0.1233325,51.4163292],[0.1234511,51.4162468],[0.123597,51.4161772],[0.1242724,51.4159049],[0.1243276,51.4158868],[0.1244507,51.4158465],[0.1247519,51.4157477],[0.124944,51.4156847],[0.1256582,51.4154504],[0.1257634,51.4154226],[0.1257857,51.4154167],[0.1259307,51.4153735]],[[0.1259307,51.4153735],[0.1261163,51.4153182]],[[0.1261163,51.4153182],[0.1262715,51.4153057],[0.126335,51.4153031],[0.1263785,51.4153013],[0.1264963,51.4153024]],[[0.1264963,51.4153024],[0.1265818,51.4153196]],[[0.1265818,51.4153196],[0.1266247,51.4153233],[0.1266583,51.4153241],[0.1267093,51.4153228],[0.1267649,51.4153148],[0.1268213,51.4153035],[0.1268708,51.415287],[0.1269195,51.4152628],[0.1269513,51.415244],[0.1269961,51.4152061]],[[0.1269961,51.4152061],[0.1270232,51.4151773]],[[0.1270232,51.4151773],[0.1270877,51.4151686],[0.1271466,51.4151627],[0.1271926,51.415163],[0.127404,51.4151645],[0.1276975,51.4151551],[0.1278669,51.4151438],[0.1280278,51.4151221],[0.1282877,51.4150829]],[[0.1282877,51.4150829],[0.1284476,51.4150714],[0.1286493,51.415052],[0.1287575,51.4150435],[0.1288954,51.4150297]],[[0.1288954,51.4150297],[0.1295036,51.4149485],[0.1296379,51.4149322],[0.1297594,51.4149173]],[[0.1297594,51.4149173],[0.12991,51.4148904],[0.1304122,51.4148095],[0.1305112,51.4147941]],[[0.1305112,51.4147941],[0.1306278,51.414776],[0.130915,51.4147279],[0.1318785,51.4145697],[0.1319004,51.4145647],[0.1324854,51.4144449]],[[0.1324854,51.4144449],[0.1329679,51.4143213],[0.1330784,51.4142918]],[[0.1330784,51.4142918],[0.133424,51.4141959],[0.1338041,51.4140705],[0.1341506,51.4139502],[0.1342479,51.4139099],[0.1343618,51.4138627],[0.1345905,51.4137696],[0.1349924,51.4135917],[0.1354106,51.4134011],[0.1362334,51.4130262],[0.1368945,51.4127586],[0.1370913,51.412678]],[[0.1370913,51.412678],[0.137138,51.4126588],[0.1375428,51.4124991]],[[0.1375428,51.4124991],[0.1378542,51.4123762]],[[0.1378542,51.4123762],[0.1390028,51.4119346],[0.140488,51.411387]],[[0.140488,51.411387],[0.1407863,51.4112769],[0.1408548,51.4112513],[0.1409582,51.411213],[0.1410534,51.4111783],[0.1412405,51.4111108],[0.1415554,51.410995]],[[0.1415554,51.410995],[0.1419571,51.410849],[0.1423359,51.4107106]],[[0.1423359,51.4107106],[0.1434861,51.4102888]],[[0.1434861,51.4102888],[0.1436449,51.4102319],[0.1440916,51.4100689],[0.14437,51.4099751],[0.1452046,51.4096949],[0.1453886,51.4096368],[0.1456107,51.4095723],[0.1468074,51.4092581],[0.1471288,51.4091752]],[[0.1471288,51.4091752],[0.1475585,51.4090594],[0.14765,51.4090347]],[[0.14765,51.4090347],[0.1477349,51.4090118],[0.1479672,51.4089429],[0.1484131,51.4088004]],[[0.1484131,51.4088004],[0.1488792,51.4086515],[0.14896253142255805,51.408621953672444]],[[0.18877443562182714,51.44905768866302],[0.1887694,51.4490598]],[[0.1874721,51.4492654],[0.1877086,51.4492252],[0.1878876,51.4491959],[0.188144,51.4491549],[0.1887694,51.4490598]],[[0.1863904,51.449436],[0.1872546,51.4492981],[0.1874721,51.4492654]],[[0.1862504,51.4494605],[0.1863157,51.449449],[0.1863904,51.449436]],[[0.1852228,51.4496418],[0.1852968,51.4496282],[0.1857034,51.4495563],[0.1858072,51.4495382],[0.1859273,51.4495171],[0.1862504,51.4494605]],[[0.1848971,51.4496964],[0.1852228,51.4496418]],[[0.184519,51.4497581],[0.1848971,51.4496964]],[[0.1821415,51.4501393],[0.1828702,51.4500296],[0.1829945,51.4500091],[0.1840069,51.4498466],[0.184519,51.4497581]],[[0.1821415,51.4501393],[0.1821197,51.4501063],[0.1820809,51.45008],[0.18203,51.4500637],[0.1819732,51.4500593]],[[0.1819732,51.4500593],[0.1819078,51.4500703],[0.1818551,51.4500969],[0.1818244,51.4501346],[0.1818208,51.4501767]],[[0.1801212,51.4506051],[0.1803647,51.4504778],[0.180431,51.4504494],[0.1805073,51.4504216],[0.1806347,51.4503811],[0.1807193,51.4503626],[0.1808187,51.4503417],[0.1809398,51.4503171],[0.1812191,51.45027],[0.1812869,51.4502595],[0.1813542,51.4502491],[0.1817225,51.4501922],[0.1818208,51.4501767]],[[0.1801212,51.4506051],[0.1798274,51.45073],[0.1797677,51.4507367]],[[0.1797677,51.4507367],[0.179655,51.4507204],[0.1794564,51.4506457]],[[0.1794564,51.4506457],[0.1793245,51.4505743],[0.1792736,51.4505461],[0.1791086,51.4504499],[0.1789288,51.4503531]],[[0.1789288,51.4503531],[0.1788057,51.4503043],[0.1786127,51.4502588],[0.1784526,51.450245],[0.1782891,51.450239],[0.178133,51.4502457],[0.1779497,51.4502753],[0.1778805,51.4502962],[0.1776859,51.4503569],[0.1775169,51.450438],[0.1773483,51.4505588]],[[0.1773483,51.4505588],[0.1772934,51.4506323],[0.1772002,51.450789],[0.1771263,51.4509233],[0.1771049,51.4509627]],[[0.1771049,51.4509627],[0.1770342,51.4510851]],[[0.1770342,51.4510851],[0.1770149,51.4511191],[0.1769527,51.4512364],[0.1769091,51.4513627]],[[0.1769091,51.4513627],[0.1768361,51.4514812],[0.1767827,51.4515138],[0.1767559,51.4515302],[0.1765659,51.4515602],[0.1763038,51.4516011]],[[0.1726926,51.4519937],[0.1732047,51.4519477],[0.1735642,51.451908],[0.1736974,51.4518967],[0.173913,51.4518692],[0.1744015,51.4518137],[0.1746062,51.4517916],[0.1747955,51.451769],[0.1748434,51.4517633],[0.1750743,51.4517348],[0.175376,51.4516976],[0.1755427,51.4516791],[0.1763038,51.4516011]],[[0.1721461,51.4520172],[0.1726926,51.4519937]],[[0.1717776,51.4521027],[0.1718218,51.4520985],[0.1719907,51.4520709],[0.1721461,51.4520172]],[[0.1641899,51.4532144],[0.164701,51.4531549],[0.1650175,51.4531207],[0.1654402,51.4530571],[0.1659027,51.4529631],[0.1665106,51.4528181],[0.166989,51.4527007],[0.167541,51.4525956],[0.1678307,51.4525522],[0.1678711,51.452547],[0.1681112,51.4525186],[0.1686627,51.4524516],[0.1691425,51.4523948],[0.1699988,51.4522986],[0.171464,51.4521375],[0.1716758,51.4521141],[0.1717016,51.4521116],[0.171722,51.4521097],[0.1717776,51.4521027]],[[0.1535635,51.4551156],[0.1540454,51.4550174],[0.1542631,51.4549706],[0.1544794,51.4549214],[0.1548732,51.4548319],[0.1552761,51.4547482],[0.1559464,51.454609],[0.1564922,51.4545],[0.1569644,51.4544342],[0.1576468,51.4543391],[0.1577591,51.4543247],[0.1577976,51.4543198],[0.1579995,51.4542942],[0.1586708,51.4542122],[0.1590141,51.4541632],[0.1590855,51.4541528],[0.1592521,51.4541239],[0.159646,51.4540452],[0.1602277,51.4538997],[0.1602645,51.4538905],[0.1608915,51.4537348],[0.1611591,51.4536684],[0.1616736,51.4535417],[0.1621788,51.4534614],[0.1633051,51.4533004],[0.1641899,51.4532144]],[[0.1535541,51.4551169],[0.1535635,51.4551156]],[[0.1535541,51.4551169],[0.1535148,51.4551183],[0.1534787,51.4551157]],[[0.1534787,51.4551157],[0.1534588,51.4551134],[0.1534384,51.4551147],[0.1533609,51.455126],[0.1532752,51.455144],[0.1531975,51.4551503],[0.1530617,51.4551481]],[[0.1530617,51.4551481],[0.1530312,51.4551258],[0.1530094,51.4551163],[0.1529853,51.4551094],[0.1529465,51.4551044]],[[0.1529465,51.4551044],[0.1529173,51.4551049],[0.1528888,51.4551091],[0.1528546,51.4551197],[0.1528189,51.4551409]],[[0.1528189,51.4551409],[0.1527969,51.4551673]],[[0.1527969,51.4551673],[0.1526157,51.4552042],[0.1525638,51.4552186],[0.152407,51.4552621],[0.152378,51.4552843],[0.1523453,51.4553183],[0.1523071,51.4553546]],[[0.1523071,51.4553546],[0.152293,51.4553602],[0.1521469,51.4554067],[0.1519807,51.4554481]],[[0.1519807,51.4554481],[0.1518357,51.4554855],[0.1516432,51.4555271],[0.1510976,51.4556458],[0.1507865,51.4557135],[0.1507615,51.4557189],[0.1505681,51.455761],[0.150191,51.4558401],[0.1498318,51.4559154]],[[0.1498318,51.4559154],[0.1496542,51.4559506],[0.1496028,51.4559608],[0.1494413,51.4559914]],[[0.149537,51.4563675],[0.149528,51.4562428],[0.1494782,51.4560976],[0.1494687,51.45607],[0.1494413,51.4559914]],[[0.1488907,51.4568042],[0.1490671,51.4567571],[0.1492224,51.4566846],[0.149309,51.4566355],[0.1493765,51.4565806],[0.1494446,51.4565144],[0.149537,51.4563675]],[[0.1483748,51.4569915],[0.1485378,51.4569093],[0.1486215,51.4568811],[0.1487749,51.4568334],[0.1488907,51.4568042]],[[0.1481746,51.4570504],[0.1482118,51.4570395],[0.1483748,51.4569915]],[[0.1479888,51.4571111],[0.1481746,51.4570504]],[[0.1478417,51.457153],[0.1479888,51.4571111]],[[0.1474999,51.4572147],[0.147687,51.4571851],[0.1478417,51.457153]],[[0.1474999,51.4572147],[0.1475134,51.4571621],[0.1475095,51.4571421],[0.1474965,51.4570761]],[[0.1474965,51.4570761],[0.1474915,51.4570574],[0.1474852,51.4570341]],[[0.1474852,51.4570341],[0.1474544,51.4568853]],[[0.1474544,51.4568853],[0.1474352,51.4567687],[0.147452,51.4567111],[0.1474706,51.4566772]],[[0.1474706,51.4566772],[0.1474491,51.4566334],[0.1473559,51.45661],[0.147148,51.4565826]],[[0.147148,51.4565826],[0.1469529,51.456563],[0.1467597,51.4565499],[0.1465693,51.4565388]],[[0.1465693,51.4565388],[0.1463969,51.4565274]],[[0.1463969,51.4565274],[0.1463427,51.4565541],[0.146306,51.4566001],[0.1463101,51.45689],[0.1463185,51.4569543]],[[0.1463185,51.4569543],[0.1462952,51.4570579],[0.1462968,51.4572012]],[[0.1451889,51.457308],[0.1453869,51.457278],[0.1456512,51.4572447],[0.1458078,51.4572249],[0.1462968,51.4572012]],[[0.1432513,51.4574823],[0.1432958,51.4575132],[0.1433307,51.4575355],[0.1435036,51.4575462],[0.1436229,51.4575453],[0.1437548,51.4575361],[0.1439267,51.457511],[0.1444056,51.4574389],[0.1451889,51.457308]],[[0.1430785,51.4573466],[0.1432,51.4574495],[0.1432513,51.4574823]],[[0.1428171,51.4570247],[0.1428515,51.4570957],[0.1428755,51.4571381],[0.1429124,51.457187],[0.1429572,51.4572354],[0.1430785,51.4573466]],[[0.1427176,51.456951],[0.1427543,51.4569696],[0.1427856,51.4569916],[0.1428107,51.4570166],[0.1428171,51.4570247]],[[0.1424979,51.456935],[0.1425491,51.4569316],[0.1426134,51.4569332],[0.1426589,51.4569385],[0.1427176,51.456951]],[[0.1424979,51.456935],[0.1424272,51.4569187],[0.141851,51.4570028],[0.1416625,51.4570291],[0.1414221,51.4570626]],[[0.1414221,51.4570626],[0.1413397,51.4570748],[0.1406206,51.4571813]],[[0.1406206,51.4571813],[0.1404078,51.4572114],[0.1400218,51.4572659],[0.139113,51.457394]],[[0.139113,51.457394],[0.1389778,51.4574117],[0.1389062,51.4574131],[0.1387059,51.4574456]],[[0.1387059,51.4574456],[0.1384802,51.4574646],[0.1384003,51.4574755],[0.1382913,51.4574985]],[[0.1382913,51.4574985],[0.1381616,51.4575594]],[[0.1218198,51.4601211],[0.1229959,51.4598972],[0.1230578,51.4598853],[0.1234532,51.45981],[0.1236845,51.4597679],[0.1237133,51.4597629],[0.1238749,51.4597351]],[[0.1208784,51.4602914],[0.1212379,51.460228],[0.1215779,51.4601696],[0.1218198,51.4601211]],[[0.1162683,51.4610401],[0.1169351,51.460912],[0.117406,51.4608184],[0.1174587,51.4608096],[0.1179976,51.460724],[0.1184093,51.4606529],[0.1189302,51.4605832],[0.1193523,51.4605258],[0.1195153,51.4605038],[0.1199418,51.4604374],[0.120182,51.4603993],[0.1208784,51.4602914]],[[0.1159542,51.4611156],[0.1162683,51.4610401]],[[0.1159094,51.4611264],[0.1159542,51.4611156]],[[0.1158101,51.461157],[0.1159094,51.4611264]],[[0.1140359,51.4616073],[0.1145731,51.4614689],[0.1148366,51.4614093],[0.1149759,51.4613807],[0.1153456,51.4612768],[0.1158101,51.461157]],[[0.1129736,51.4618462],[0.1131909,51.4618063],[0.1132796,51.4617903],[0.1135178,51.4617372],[0.1136941,51.4616945],[0.1138251,51.4616627],[0.1140359,51.4616073]],[[0.111429,51.4620348],[0.1118095,51.4620071],[0.1120307,51.4619898],[0.1122958,51.4619589],[0.1124343,51.4619405],[0.1125749,51.4619195],[0.1129736,51.4618462]],[[0.1086299,51.4623532],[0.1089754,51.4622991],[0.1095737,51.4622042],[0.1097294,51.4621804],[0.1102644,51.4620915],[0.1104039,51.4620753],[0.1104307,51.4620722],[0.1106493,51.4620572],[0.110859,51.462053],[0.1111857,51.4620442],[0.111429,51.4620348]],[[0.1086299,51.4623532],[0.1084087,51.462343],[0.1081417,51.4623758],[0.1080696,51.4623848],[0.10792,51.4624034]],[[0.1079443,51.4624812],[0.10792,51.4624034]],[[0.1079443,51.4624812],[0.107974,51.462576],[0.107986,51.4626126],[0.1080401,51.4627696],[0.1081035,51.462929],[0.1081477,51.4630781]],[[0.1081477,51.4630781],[0.1081266,51.4631687],[0.1081317,51.4631812]],[[0.1081317,51.4631812],[0.1081559,51.4632443],[0.1081704,51.4632822],[0.1081829,51.4633146],[0.1082592,51.4633849]],[[0.1082592,51.4633849],[0.1083948,51.4637614],[0.1084436,51.4639089],[0.1084682,51.46398],[0.1085487,51.4641048],[0.1086925,51.4643159]],[[0.1086925,51.4643159],[0.109043,51.4646689]],[[0.109043,51.4646689],[0.1090995,51.464727]],[[0.1090995,51.464727],[0.1092414,51.4648598],[0.1094323,51.4650399],[0.1095015,51.4651117],[0.1097042,51.4653222],[0.1099706,51.4655857],[0.1100903,51.4657141],[0.1102005,51.4658361],[0.1102604,51.4659124],[0.1102979,51.465977],[0.1103152,51.4660131],[0.1103432,51.4661152],[0.1103817,51.466438],[0.1103946,51.4665271],[0.1103999,51.4665726],[0.1104169,51.4667571],[0.1104402,51.4670032],[0.1104439,51.4670304],[0.1104593,51.4671447],[0.1104723,51.4672539],[0.1104737,51.4672691],[0.1105231,51.4677311],[0.1105284,51.4679442],[0.110519,51.4680687]],[[0.110519,51.4680687],[0.1104614,51.4682391],[0.110397,51.4683853],[0.1103537,51.4684537],[0.1101715,51.4687413],[0.1100383,51.4689617]],[[0.1100383,51.4689617],[0.109994,51.4690829],[0.1099887,51.4691848],[0.1100034,51.4692875],[0.1100372,51.4693685],[0.1100624,51.4694287],[0.1102354,51.4696969],[0.1103222,51.469851],[0.110336,51.4698823]],[[0.110336,51.4698823],[0.1103575,51.4699366],[0.1103667,51.4699711],[0.1104824,51.4704012],[0.1105282,51.470546],[0.1105732,51.4707154],[0.1107306,51.471259],[0.1107399,51.4712793],[0.1109955,51.4717196],[0.1110002,51.4717276],[0.1113385,51.472171],[0.1114685,51.4723391],[0.1115558,51.4724428],[0.1116089,51.4725217],[0.1116987,51.4726517],[0.1117991,51.4728699],[0.1118201,51.4729309],[0.1118248,51.4729877],[0.1117835,51.4730844]],[[0.1117835,51.4730844],[0.1117641,51.4731404],[0.1117384,51.4731869],[0.11169331821095707,51.4732398172565]],[[0.1462968,51.4572012],[0.1470171,51.4572351],[0.1472746,51.4572346],[0.1474999,51.4572147]],[[0.149537,51.4563675],[0.1496086,51.45626],[0.1496471,51.4561671],[0.149664,51.4561269],[0.1496774,51.4560952],[0.1497303,51.4560159],[0.1498318,51.4559154]],[[0.1523071,51.4553546],[0.1523901,51.4553384],[0.1524701,51.4553251],[0.1525057,51.4553109],[0.1525921,51.4552923],[0.1526952,51.4552729],[0.1528245,51.4552546]],[[0.1528245,51.4552546],[0.1528502,51.4552694],[0.1528771,51.4552791],[0.1529065,51.455285]],[[0.1529065,51.455285],[0.1529452,51.4552867],[0.1529759,51.4552835],[0.1530113,51.4552741],[0.1530351,51.4552631]],[[0.1530351,51.4552631],[0.1530584,51.4552462]],[[0.1530584,51.4552462],[0.1530788,51.4552173],[0.153083,51.4551933],[0.1530767,51.4551691],[0.1530617,51.4551481]],[[0.1529465,51.4551044],[0.1528631,51.4550167],[0.152822,51.4549711],[0.1527786,51.4549235],[0.1526304,51.4546859],[0.1525459,51.4545302],[0.152511,51.4544859],[0.1524061,51.4543808],[0.1523655,51.4543397]],[[0.1523655,51.4543397],[0.1523762,51.4543195],[0.1523788,51.4542961],[0.1523717,51.4542732],[0.152354,51.4542509],[0.1523315,51.4542348]],[[0.1523315,51.4542348],[0.1523258,51.4541747],[0.1523289,51.4541059],[0.1523328,51.4540276],[0.1522772,51.453929]],[[0.1519275,51.4524284],[0.1519293,51.452764],[0.1519295,51.4528057],[0.1519571,51.4529411],[0.1519889,51.4530975],[0.1520373,51.4532752],[0.1520967,51.4534569],[0.1521384,51.453571],[0.1521722,51.453658],[0.1522239,51.4537914],[0.1522772,51.453929]],[[0.1535298,51.4511426],[0.1529529,51.4513544],[0.1528807,51.4513911],[0.1527416,51.4514619],[0.1526149,51.4515264],[0.1525372,51.4515772],[0.1523573,51.4517139],[0.1520931,51.4520135],[0.1520167,51.4521588],[0.1519485,51.4523238],[0.1519275,51.4524284]],[[0.1538351,51.4510517],[0.1537359,51.4510807],[0.1535298,51.4511426]],[[0.1567947,51.4486545],[0.1567625,51.4487515],[0.1567332,51.4488201],[0.1566329,51.4490655],[0.1565827,51.4491567],[0.1565234,51.4492424],[0.1564345,51.4493685],[0.1563749,51.4494462],[0.1561728,51.4496788],[0.1560377,51.4498067],[0.1558627,51.4499777],[0.1555996,51.4501991],[0.1553709,51.4503738],[0.1552184,51.4504828],[0.1550098,51.4506033],[0.1547471,51.4507255],[0.1543441,51.4508787],[0.1538351,51.4510517]],[[0.1567947,51.4486545],[0.1568691,51.4485179],[0.1569104,51.4484737],[0.1570663,51.4483562]],[[0.1570663,51.4483562],[0.1570972,51.4483398]],[[0.1570972,51.4483398],[0.1571395,51.4483174],[0.1571872,51.4482653],[0.1572038,51.4482063],[0.1571871,51.4481473]],[[0.1571871,51.4481473],[0.157139,51.4480951]],[[0.157139,51.4480951],[0.1570326,51.4480095],[0.1569398,51.4479243],[0.1568836,51.4477837],[0.1568103,51.447507],[0.1566814,51.4472176],[0.1564783,51.4469266],[0.1564029,51.4468412]],[[0.1564029,51.4468412],[0.1562218,51.4466416],[0.1559473,51.4464079]],[[0.1559473,51.4464079],[0.1558501,51.4463476],[0.1557008,51.4462366],[0.15528,51.4460111],[0.1548548,51.4458082],[0.1544504,51.4456745],[0.1539959,51.4455341],[0.1538783,51.4454907],[0.1537661,51.4454197],[0.1536825,51.4453421]],[[0.1536825,51.4453421],[0.153642,51.4452725],[0.1535757,51.4452088],[0.1534958,51.4451635],[0.153402,51.4451323],[0.1532808,51.4451197],[0.1531561,51.4451273]],[[0.1531561,51.4451273],[0.1529802,51.4451343],[0.1528541,51.4451305],[0.1527392,51.445109],[0.1526646,51.4450837],[0.152477,51.4450005]],[[0.152477,51.4450005],[0.1523624,51.4449298],[0.1522851,51.4448777],[0.1521488,51.4447622],[0.1520632,51.4446892],[0.1519851,51.4446433]],[[0.1519851,51.4446433],[0.1519545,51.4446063],[0.1518882,51.4445128],[0.1518467,51.4444171],[0.1518283,51.4443747],[0.1517879,51.4442572],[0.1517186,51.4440155],[0.1516996,51.4439492],[0.1516723,51.4438602],[0.1516269,51.4437673],[0.1515262,51.4435814],[0.1514817,51.4435071],[0.1513774,51.443333],[0.1512793,51.4431688],[0.1511698,51.4429948]],[[0.1511698,51.4429948],[0.1510306,51.442747],[0.1509257,51.4425711]],[[0.1509257,51.4425711],[0.1508536,51.4423906],[0.1508437,51.4423711],[0.1508244,51.4423243],[0.1507568,51.4421822],[0.1506966,51.4420427],[0.1506591,51.4419696],[0.1506081,51.4418886],[0.1505418,51.4417678],[0.1504913,51.4416898]],[[0.1486381,51.4413343],[0.1488096,51.4413701],[0.1489579,51.4414079],[0.1491618,51.4414805],[0.149201,51.4414931],[0.1492897,51.4415216],[0.1495627,51.4416074],[0.1498057,51.4416769],[0.1498881,51.441689],[0.1499768,51.441692],[0.1500588,51.4416923],[0.1502724,51.4416934],[0.1504015,51.4416871],[0.1504913,51.4416898]],[[0.146343,51.441811],[0.1465378,51.4417909],[0.1467965,51.4417554],[0.1471621,51.4416905],[0.1472788,51.4416671],[0.147422,51.4416294],[0.147698,51.4415279],[0.1477937,51.4414897],[0.1480816,51.4413839],[0.1481555,51.4413634],[0.1482649,51.4413414],[0.1483174,51.4413334],[0.1484596,51.4413239],[0.1485484,51.4413252],[0.1486381,51.4413343]],[[0.1461956,51.4418259],[0.146343,51.441811]],[[0.1430851,51.4428237],[0.143318,51.4428052],[0.1433737,51.4428011],[0.1434223,51.4427959],[0.1435953,51.4427774],[0.1437283,51.4427421],[0.1437871,51.4427265],[0.1440003,51.4426531],[0.1441333,51.4425782],[0.1442139,51.4425327],[0.1442948,51.4424871],[0.1443591,51.4424509],[0.1445716,51.4423252],[0.1447962,51.4422079],[0.1449288,51.4421505],[0.1451937,51.4420698],[0.1454276,51.4420032],[0.1456694,51.4419408],[0.1458774,51.4418892],[0.1461956,51.4418259]],[[0.1354027,51.4446323],[0.135516,51.4445998],[0.1355637,51.4445861],[0.1356817,51.444552],[0.1357196,51.4445411],[0.1358103,51.4445148],[0.1359856,51.4444642],[0.136034,51.4444502],[0.1360695,51.4444399],[0.1361335,51.4444214],[0.1363259,51.4443658],[0.1364904,51.4443182],[0.1367098,51.4442548],[0.1367758,51.4442383],[0.1369096,51.4441985],[0.1370645,51.4441523],[0.1372753,51.4440895],[0.1373313,51.4440728],[0.1374678,51.4440321],[0.1376408,51.4439806],[0.1376824,51.4439682],[0.1377822,51.4439392],[0.137897,51.4439059],[0.1380526,51.4438607],[0.1380847,51.4438514],[0.1380958,51.4438475],[0.1382287,51.4438003],[0.1383084,51.443772],[0.1384239,51.4437286],[0.1384774,51.4437094],[0.1385119,51.4436967],[0.1386934,51.4436249],[0.1387517,51.4436055],[0.1388814,51.4435648],[0.1390389,51.4435154],[0.139079,51.4435062],[0.139199,51.4434794],[0.139281,51.4434627],[0.1394033,51.4434336],[0.1394332,51.4434275],[0.1394809,51.4434196],[0.1396078,51.4433986],[0.1397649,51.4433726],[0.1399021,51.4433491],[0.1400108,51.4433278],[0.1402911,51.4432749],[0.1404196,51.4432473],[0.1405468,51.4432166],[0.1406172,51.4431992],[0.1408178,51.4431497],[0.1408506,51.4431416],[0.1408667,51.4431379],[0.1409701,51.4431138],[0.1412082,51.4430582],[0.1413084,51.4430408],[0.1413987,51.4430251],[0.1415754,51.4429945],[0.1417411,51.4429853],[0.1419003,51.4429765],[0.1422197,51.4429457],[0.1424136,51.4429128],[0.1426003,51.4428811],[0.1427098,51.4428681],[0.1430851,51.4428237]],[[0.1353502,51.4446459],[0.1354027,51.4446323]],[[0.135178,51.4446929],[0.1353502,51.4446459]],[[0.1348191,51.444787],[0.135178,51.4446929]],[[0.1322039,51.4454279],[0.1324664,51.445374],[0.1332541,51.4451777],[0.1339583,51.4450043],[0.1342439,51.4449339],[0.1348191,51.444787]],[[0.13068,51.446034],[0.1310434,51.4457885],[0.1310774,51.4457655],[0.1310907,51.4457565],[0.1312487,51.4456604],[0.1314338,51.4455795],[0.1314715,51.445568],[0.1316212,51.4455226],[0.1316907,51.4455044],[0.1319153,51.4454602],[0.1322039,51.4454279]],[[0.1215062,51.4481365],[0.1219522,51.4481148],[0.1221026,51.4481105],[0.1226466,51.4481019],[0.122684,51.4481025],[0.1233716,51.4481225],[0.1234237,51.4481216],[0.1234798,51.4481191],[0.1237059,51.4481137],[0.1237347,51.4481124],[0.1237493,51.448111],[0.1238931,51.4481022],[0.1239474,51.4480977],[0.1239677,51.448096],[0.1239955,51.4480939],[0.1242066,51.4480732],[0.1242525,51.4480677],[0.1245084,51.4480371],[0.1245685,51.4480294],[0.1248171,51.4479957],[0.124872,51.4479879],[0.1251252,51.4479518],[0.1251476,51.4479486],[0.1251676,51.4479454],[0.1254144,51.4479058],[0.1254573,51.4478989],[0.1254788,51.4478944],[0.1256395,51.4478607],[0.1256997,51.4478436],[0.1257931,51.4478171],[0.1268528,51.4475186],[0.126937,51.4474958],[0.1270442,51.4474667],[0.1270569,51.4474633],[0.1271005,51.447453],[0.127304,51.4474048],[0.1273449,51.4473946],[0.1275201,51.4473613],[0.127585,51.4473489],[0.1276435,51.4473376],[0.1277153,51.4473278],[0.1277948,51.4473174],[0.1278508,51.4473099],[0.127974,51.4472947],[0.1280409,51.4472845],[0.1281222,51.4472737],[0.1281797,51.447266],[0.1282822,51.4472489],[0.128349,51.4472378],[0.1283682,51.4472328],[0.1284844,51.4472028],[0.1285011,51.4471973],[0.1287624,51.4471121],[0.1287701,51.4471093],[0.1288119,51.4470943],[0.1289806,51.4470336],[0.1290036,51.4470235],[0.1291269,51.4469692],[0.1291987,51.4469293],[0.1292378,51.4469076],[0.1292824,51.4468828],[0.1293916,51.4468132],[0.129439,51.446783],[0.1294992,51.4467446],[0.1296001,51.4466789],[0.1297835,51.4465594],[0.1298065,51.4465444],[0.1299822,51.4464486],[0.1300089,51.446434],[0.1303512,51.4462472],[0.1304825,51.4461711],[0.1306641,51.446045],[0.13068,51.446034]],[[0.1212683,51.4481449],[0.1215062,51.4481365]],[[0.1212683,51.4481449],[0.1210957,51.4481299],[0.1209579,51.448141],[0.1207917,51.4481544],[0.1206927,51.4481571],[0.1205612,51.4481554]],[[0.1205612,51.4481554],[0.1204995,51.4481483]],[[0.1204995,51.4481483],[0.1202183,51.4480739]],[[0.1202183,51.4480739],[0.1200027,51.4480296],[0.1198055,51.4479922],[0.1195427,51.4479604],[0.1192777,51.4479345],[0.1191367,51.4479109],[0.1190601,51.4478734]],[[0.1190601,51.4478734],[0.1190255,51.4478408],[0.1189806,51.4478134]],[[0.1189806,51.4478134],[0.1189051,51.4477864],[0.1188204,51.4477743],[0.1187336,51.447778],[0.1186524,51.4477973]],[[0.1185427,51.4478638],[0.1183824,51.4479085],[0.1181189,51.4479515]],[[0.1094262,51.4497278],[0.1097068,51.4497026],[0.1100497,51.4496719],[0.1102474,51.4496571],[0.1103269,51.4496512],[0.1108608,51.4496112],[0.1109633,51.4496036],[0.1113218,51.4495798],[0.1115754,51.4495541],[0.1117183,51.4495329],[0.1121222,51.4494322],[0.1121458,51.4494263],[0.1125722,51.4493077],[0.1129378,51.4492049],[0.113162,51.4491471],[0.1133983,51.4490837],[0.113729,51.4489955],[0.1142341,51.4488481],[0.1150397,51.4485315],[0.1152423,51.4484489],[0.1153941,51.4483871],[0.1156032,51.4483018],[0.1158265,51.4482108],[0.1159314,51.4481725],[0.1159998,51.448151],[0.1161527,51.448107],[0.1163341,51.4480638],[0.1164502,51.44804],[0.1166937,51.4480012],[0.1169345,51.4479767],[0.1174451,51.4479637],[0.117486,51.4479627],[0.117624,51.4479598],[0.1181189,51.4479515]],[[0.1061544,51.4501883],[0.1066238,51.4501202],[0.1069441,51.4500769],[0.1082994,51.4498802],[0.109335,51.4497387],[0.1094262,51.4497278]],[[0.1031011,51.4505777],[0.1040341,51.450467],[0.1052045,51.4503153],[0.1061544,51.4501883]],[[0.0903601,51.451692],[0.0904321,51.4516949],[0.090666,51.451708],[0.0908928,51.4517187],[0.091032,51.4517233],[0.0911351,51.4517263],[0.0913982,51.4517348],[0.0914109,51.4517353],[0.0916701,51.4517431],[0.0919344,51.4517527],[0.0921892,51.4517608],[0.0922666,51.4517634],[0.0923875,51.4517685],[0.0923983,51.4517688],[0.0926636,51.4517788],[0.0927004,51.4517801],[0.0929083,51.4517861],[0.0930596,51.4517844],[0.0931542,51.451779],[0.0932877,51.4517714],[0.0934089,51.4517599],[0.0935367,51.4517491],[0.0936511,51.4517352],[0.0938838,51.4517072],[0.0938991,51.4517053],[0.0944275,51.4516228],[0.0945908,51.4515965],[0.0946683,51.451583],[0.0949081,51.4515451],[0.095009,51.451529],[0.0951773,51.451503],[0.0954386,51.4514656],[0.0956821,51.4514307],[0.0958294,51.4514125],[0.0960391,51.4513913],[0.0962659,51.4513732],[0.096725,51.4513476],[0.0972224,51.4513551],[0.0974432,51.4513643],[0.0977582,51.4513872],[0.097767,51.451388],[0.0979208,51.4514026],[0.0980293,51.4514142],[0.098396,51.4514539],[0.0987027,51.451459],[0.0987412,51.4514563],[0.0989035,51.4514449],[0.098953,51.4514414],[0.0989917,51.4514387],[0.099136,51.4514175],[0.0992808,51.4513926],[0.0994994,51.4513467],[0.0997243,51.4512909],[0.0998424,51.4512512],[0.1000215,51.4511869],[0.1001985,51.4511241],[0.1003603,51.4510723],[0.1005312,51.4510273],[0.1005891,51.4510114],[0.1011296,51.4508869],[0.1017565,51.4507776],[0.1023126,51.4506915],[0.1023857,51.4506784],[0.1026752,51.4506281],[0.1028952,51.4506014],[0.1031011,51.4505777]],[[0.0869137,51.4505345],[0.0870999,51.4505585],[0.0873082,51.4505992],[0.0873406,51.4506064],[0.0874042,51.4506204],[0.0875395,51.4506503],[0.087622,51.4506715],[0.0878512,51.4507339],[0.0879241,51.4507539],[0.0882032,51.4508419],[0.0884782,51.4509447],[0.0889651,51.4511491],[0.0891826,51.4512479],[0.0892499,51.4512784],[0.0893296,51.4513146],[0.0893902,51.4513421],[0.0894142,51.451353],[0.089508,51.4513933],[0.0896068,51.4514358],[0.0897547,51.4514993],[0.0899503,51.4515834],[0.0900297,51.4516175],[0.0900845,51.4516331],[0.0902169,51.4516707],[0.0903601,51.451692]],[[0.08683863620498695,51.4505274302797],[0.0869137,51.4505345]],[[0.12060502362028112,51.5093610995777],[0.1208011,51.5093565],[0.1213419,51.5094152],[0.1217977,51.5095165],[0.1221436,51.5096324],[0.1225092,51.5098052],[0.1233249,51.5103303]],[[0.1233249,51.5103303],[0.1233063,51.5103545],[0.1233021,51.5103811],[0.1233128,51.5104071],[0.1233438,51.5104331],[0.1233806,51.5104471],[0.1234228,51.5104523],[0.1234738,51.5104463],[0.12351,51.5104318],[0.123536,51.5104104],[0.1235487,51.5103848],[0.1235466,51.510358],[0.1235193,51.5103246]],[[0.125278,51.5092604],[0.1248735,51.5094296],[0.1247475,51.5094823],[0.1244334,51.5096503],[0.1241551,51.5098361],[0.123811,51.5100951],[0.1235193,51.5103246]],[[0.125684,51.5090985],[0.125278,51.5092604]],[[0.1272663,51.5084664],[0.1265067,51.5087809],[0.1264119,51.508815],[0.1261553,51.5089229],[0.125684,51.5090985]],[[0.1272663,51.5084664],[0.1274758,51.5084599]],[[0.1274758,51.5084599],[0.1275166,51.5084662],[0.1275584,51.5084634],[0.1275793,51.5084583],[0.127613,51.5084426],[0.1276378,51.5084181],[0.1276459,51.5083924],[0.1276336,51.5083578],[0.1276088,51.5083366]],[[0.1276088,51.5083366],[0.1275664,51.5082751],[0.1275408,51.5082084],[0.1275208,51.5081228]],[[0.1275208,51.5081228],[0.1274989,51.5077898],[0.1274414,51.5074208],[0.1273915,51.5072876],[0.12731,51.5071583],[0.1271848,51.5070073],[0.1268414,51.5067715],[0.126677,51.5067127],[0.1265705,51.5066806],[0.1264648,51.5066447],[0.1263822,51.5066301],[0.1262771,51.5066128],[0.126149,51.5065931],[0.1260195,51.5065794],[0.1258542,51.5065672]],[[0.1258542,51.5065672],[0.1257168,51.5065635],[0.1254134,51.5065576]],[[0.1254134,51.5065576],[0.1248609,51.506555],[0.1244605,51.5065517],[0.1236833,51.5065476],[0.1228371,51.506533],[0.1226909,51.5065313],[0.1225342,51.5065191],[0.1223795,51.5064992],[0.1222278,51.5064717],[0.1220986,51.5064417],[0.121973,51.5064061],[0.1218517,51.5063652],[0.1217353,51.5063192],[0.1215543,51.5062273],[0.1212354,51.5060242],[0.1207792,51.5057512],[0.12077853121723942,51.50575074609389]],[[0.12089547788023518,51.50184745278505],[0.1214178,51.5017911],[0.1215818,51.5017224],[0.1216697,51.5016595],[0.1217213,51.5015693],[0.1217435,51.5014353],[0.1215316,51.5008755]],[[0.1215316,51.5008755],[0.1214822,51.5006988],[0.1214833,51.5006311],[0.1215626,51.5005025]],[[0.1215626,51.5005025],[0.1217407,51.5002036],[0.1218197,51.5000133]],[[0.1218197,51.5000133],[0.1218808,51.499866],[0.1219204,51.4995838],[0.1218797,51.499296],[0.1216597,51.4987668]],[[0.1216597,51.4987668],[0.1216144,51.4986732],[0.1215993,51.4986425]],[[0.1215993,51.4986425],[0.1215375,51.4985166],[0.1215247,51.4984906]],[[0.1215247,51.4984906],[0.1214999,51.49844],[0.1213683,51.4981183],[0.1213459,51.4980513]],[[0.1213459,51.4980513],[0.1213176,51.4979628],[0.1212964,51.4978752],[0.1212951,51.4978698]],[[0.1212951,51.4978698],[0.1212893,51.4978458],[0.1212697,51.4977345]],[[0.1212697,51.4977345],[0.121255,51.4976381],[0.1212489,51.4975984],[0.1212438,51.4975645]],[[0.1212438,51.4975645],[0.1212301,51.4974708]],[[0.1212301,51.4974708],[0.1212258,51.4970029],[0.1212326,51.4968474],[0.1212487,51.4967267]],[[0.1212487,51.4967267],[0.1212598,51.4966713]],[[0.1212598,51.4966713],[0.1212632,51.4966333],[0.1212646,51.4966154]],[[0.1212646,51.4966154],[0.1212665,51.4965931]],[[0.1212665,51.4965931],[0.1212691,51.4965625],[0.1212743,51.4965494],[0.1213004,51.4964837]],[[0.1213004,51.4964837],[0.1213613,51.4964506],[0.1214176,51.496409],[0.1214498,51.496374]],[[0.1214498,51.496374],[0.1214754,51.4963134],[0.1214818,51.4962624],[0.1214746,51.4962144]],[[0.1214746,51.4962144],[0.121439,51.4961549],[0.1213592,51.4960939],[0.1213344,51.4960803]],[[0.1213344,51.4960803],[0.1212615,51.4959813],[0.1212509,51.4959536]],[[0.1212509,51.4959536],[0.1212548,51.4959024]],[[0.1212548,51.4959024],[0.1212534,51.4958825],[0.1212502,51.4958346],[0.121249,51.4958182]],[[0.121249,51.4958182],[0.1212391,51.4957774]],[[0.1212391,51.4957774],[0.1212353,51.4954021],[0.1212476,51.4952423],[0.1212556,51.4950522]],[[0.1212556,51.4950522],[0.1212563,51.4950324],[0.1212572,51.4950055]],[[0.1212572,51.4950055],[0.1212737,51.4944275],[0.1212751,51.4943981],[0.1212766,51.494368],[0.1212757,51.4943302],[0.1212735,51.4942433],[0.1212499,51.4941017],[0.12122,51.4939722]],[[0.12122,51.4939722],[0.1212062,51.4938984]],[[0.1212062,51.4938984],[0.1212094,51.4938586],[0.1212209,51.4938161]],[[0.1212209,51.4938161],[0.1212654,51.493788],[0.1212912,51.4937612]],[[0.1212912,51.4937612],[0.1213075,51.4937148],[0.1212981,51.4936723]],[[0.1212981,51.4936723],[0.1212787,51.4936426],[0.1212602,51.4936286],[0.1212333,51.4936116],[0.12118762208793044,51.49359399685207]],[[0.1212215,51.4928632],[0.121197,51.493191]],[[0.1212237,51.4928443],[0.1212215,51.4928632]],[[0.1212706,51.4924218],[0.1212551,51.4925354],[0.1212479,51.4925874],[0.121242,51.4926312],[0.1212379,51.4926763],[0.1212339,51.4927201],[0.1212237,51.4928443]],[[0.1212814,51.4923428],[0.1212706,51.4924218]],[[0.1213664,51.4920346],[0.1212997,51.4922384],[0.1212814,51.4923428]],[[0.1215632,51.4916773],[0.1214473,51.4918558],[0.1213664,51.4920346]],[[0.1217911,51.4913299],[0.1216338,51.4915684],[0.1215632,51.4916773]],[[0.1218199,51.4912816],[0.1217911,51.4913299]],[[0.1220445,51.4908614],[0.1219877,51.4909847],[0.1219593,51.4910397],[0.1219227,51.4911078],[0.1218846,51.4911741],[0.1218508,51.4912311],[0.1218199,51.4912816]],[[0.1221148,51.4906904],[0.1220619,51.4908174],[0.1220445,51.4908614]],[[0.1221635,51.4905349],[0.122131,51.4906424],[0.1221148,51.4906904]],[[0.122173,51.4894765],[0.1222257,51.4900206],[0.1222218,51.4902611],[0.1221965,51.4903849],[0.1221706,51.4905113],[0.1221635,51.4905349]],[[0.1221538,51.4892778],[0.122173,51.4894765]],[[0.1221538,51.4892778],[0.122213,51.4892157],[0.1222129,51.4891397],[0.1221927,51.4888333]],[[0.1221927,51.4888333],[0.1221952,51.4887766],[0.1221788,51.4887032],[0.1221404,51.488635],[0.1220594,51.4885673],[0.1219735,51.4885358],[0.1218903,51.4885161],[0.121781,51.4885133],[0.1216768,51.488532],[0.121608,51.4885552],[0.1215391,51.4885834],[0.12152050910839972,51.48859643776814]],[[0.12149877137444474,51.4889351177491],[0.1215556,51.4889546]],[[0.1215556,51.4889546],[0.121492,51.4889884],[0.12148669284048798,51.488993607024426]],[[0.1213828,51.4897919],[0.1213591611438452,51.489786089776096]],[[0.1217588,51.4897862],[0.1215525,51.4897855],[0.1215009,51.4897872],[0.1214509,51.4897889],[0.1213828,51.4897919]],[[0.1220289,51.4897777],[0.1219951,51.4897783],[0.1217588,51.4897862]],[[0.1223551,51.4897683],[0.1220289,51.4897777]],[[0.1224704,51.4897653],[0.1223551,51.4897683]],[[0.1233813,51.4897803],[0.1232299,51.4897704],[0.1230194,51.4897653],[0.1227638,51.4897616],[0.1225214,51.4897639],[0.1224704,51.4897653]],[[0.1259864,51.4899564],[0.1253483,51.4899198],[0.1250427,51.4899002],[0.1247115,51.4898783],[0.1241679,51.4898411],[0.1237405,51.489813],[0.1235801,51.4897987],[0.1233813,51.4897803]],[[0.1262282,51.4899591],[0.1261706,51.4899587],[0.1260893,51.4899583],[0.1259864,51.4899564]],[[0.1332725,51.4905325],[0.1331168,51.4905271],[0.1328503,51.4905015],[0.1320499,51.4904249],[0.131782,51.4904033],[0.1300952,51.4902559],[0.129784,51.4902253],[0.1295861,51.4902068],[0.1292902,51.4901738],[0.1286573,51.4901246],[0.1282753,51.4900911],[0.1277946,51.4900489],[0.1274668,51.490022],[0.1273432,51.4900155],[0.1263328,51.4899626],[0.1262282,51.4899591]],[[0.1337701,51.4905173],[0.133595,51.4905333],[0.1334981,51.4905361],[0.1333658,51.4905353],[0.1332725,51.4905325]],[[0.1370018,51.4903028],[0.1366505,51.4902777],[0.1363277,51.4902683],[0.1361156,51.4902758],[0.1358917,51.4902865],[0.1355602,51.4903167],[0.1353102,51.4903423],[0.1350085,51.4903758],[0.1347753,51.490403],[0.134292,51.4904616],[0.1340772,51.4904816],[0.1337701,51.4905173]],[[0.1373013,51.4903306],[0.1372444,51.4903255],[0.1370018,51.4903028]],[[0.1385694,51.4904346],[0.1374659,51.490342],[0.1373013,51.4903306]],[[0.1385694,51.4904346],[0.139122,51.4904797],[0.1397029,51.4905324],[0.1399496,51.4905565],[0.1399757,51.4905592],[0.1401476,51.4905768],[0.1402551,51.4905925]],[[0.1402551,51.4905925],[0.1402927,51.4906005],[0.1404215,51.4906296],[0.1405813,51.4906747]],[[0.1405813,51.4906747],[0.1409196,51.4907608],[0.1416912,51.4909383],[0.141954,51.4909955],[0.1426143,51.4911236],[0.1429765,51.4911804],[0.1430775,51.4911931]],[[0.1430775,51.4911931],[0.143189,51.4912071],[0.1433164,51.4912146],[0.1433909,51.4912167],[0.1442857,51.4911906],[0.1444807,51.491185]],[[0.1444807,51.491185],[0.1445744,51.4911847],[0.1447713,51.4911841]],[[0.1447713,51.4911841],[0.1457222,51.49122],[0.1463857,51.491251],[0.1476831,51.4913044],[0.148181,51.4913317],[0.1483363,51.4913443],[0.1483971,51.4913492],[0.1484734,51.4913519]],[[0.1484734,51.4913519],[0.1485256,51.491389],[0.1486848,51.4914072],[0.1489127,51.4914224],[0.1490249,51.4914277],[0.1491453,51.4914301],[0.1494669,51.4914118],[0.1500366,51.491348],[0.1506006,51.4912742],[0.1507827,51.4912444],[0.1509751,51.4912061],[0.1511166,51.4911656],[0.1512792,51.4911108],[0.1513587,51.4910811],[0.1513912,51.4910421]],[[0.1513912,51.4910421],[0.1515074,51.4910008]],[[0.1515074,51.4910008],[0.1517355,51.4909035]],[[0.1517355,51.4909035],[0.1517639,51.4908917],[0.1519474,51.4908193],[0.152223,51.4907219],[0.1524836,51.4906651],[0.1527012,51.4906195]],[[0.1527012,51.4906195],[0.153193,51.4905094],[0.153687,51.4904176],[0.1540249,51.4903549],[0.1541457,51.4903468]],[[0.1541457,51.4903468],[0.1545734,51.4903057]],[[0.1545734,51.4903057],[0.1552718,51.4903579],[0.1554612,51.4903749]],[[0.1554612,51.4903749],[0.155516,51.4903945]],[[0.155516,51.4903945],[0.155586,51.4904002],[0.1556482,51.4903895],[0.1557025,51.4903633]],[[0.1557025,51.4903633],[0.1557313,51.4903339],[0.1557401,51.4903102]],[[0.1557401,51.4903102],[0.1558468,51.490276],[0.1559986,51.4902402],[0.156108,51.4902203],[0.1565455,51.4901745]],[[0.1565455,51.4901745],[0.156648,51.4901384]],[[0.156648,51.4901384],[0.1573984,51.4901468],[0.1578023,51.490149],[0.1580493,51.4901525],[0.1583194,51.4901745],[0.1588842,51.4902547],[0.1592086,51.490312],[0.1592339,51.490315],[0.1596181,51.4903746],[0.1598592,51.4904052],[0.1600962,51.4904195],[0.1603126,51.4904186],[0.1604984,51.4904121],[0.1608862,51.4903841],[0.1614983,51.4903014],[0.1622904,51.4901788],[0.1624771,51.4901467],[0.1628956,51.4900695]],[[0.1628956,51.4900695],[0.1632048,51.4900213]],[[0.1632048,51.4900213],[0.1633997,51.489987],[0.1636131,51.4899285]],[[0.1636131,51.4899285],[0.1646155,51.4896006],[0.1647488,51.4895799],[0.1648137,51.4895773],[0.1649088,51.4895734]],[[0.1649088,51.4895734],[0.1654231,51.4895778]],[[0.1654231,51.4895778],[0.165498,51.4895788]],[[0.165498,51.4895788],[0.1656012,51.4895813],[0.1656665,51.4895841]],[[0.1656665,51.4895841],[0.1657074,51.4895864],[0.1657958,51.489588]],[[0.1657958,51.489588],[0.1659064,51.4895852]],[[0.1659064,51.4895852],[0.1661275,51.4895869],[0.1663145,51.4895923],[0.1664196,51.4895835],[0.166533,51.4895663],[0.1666458,51.4895284]],[[0.1674799,51.4890948],[0.1672914,51.4891532],[0.1669123,51.4893883],[0.1667335,51.4894911],[0.1666458,51.4895284]],[[0.1681923,51.4886083],[0.1681627,51.488634],[0.1679586,51.4887595],[0.1677113,51.4889165],[0.1676619,51.488956],[0.1676172,51.488989],[0.1674799,51.4890948]],[[0.1681923,51.4886083],[0.1682181,51.4886137],[0.1682831,51.4886128],[0.1683437,51.4885982],[0.1684084,51.4885572],[0.1684309,51.4885192],[0.1684312,51.4884787],[0.1684092,51.4884406]],[[0.1684092,51.4884406],[0.1684771,51.4884006],[0.1685874,51.4883003],[0.1687586,51.4881712],[0.168842,51.4881302],[0.1689343,51.4880849],[0.1690097,51.4880585],[0.1695057,51.4878846],[0.16978,51.4877842],[0.1703383,51.48758],[0.1707228,51.4874551],[0.1707782,51.4874083],[0.1707936,51.4873583]],[[0.1707936,51.4873583],[0.1707937,51.4873171],[0.1707724,51.4872728],[0.1705976,51.4870994],[0.170579,51.487046],[0.1705662,51.487008]],[[0.1705662,51.487008],[0.1705728,51.4869644],[0.1705936,51.4869032]],[[0.1705936,51.4869032],[0.1706861,51.4868289]],[[0.1706861,51.4868289],[0.1707375,51.4867919],[0.1709808,51.4866372],[0.1711292,51.486523],[0.1713876,51.486302],[0.1716812,51.4860834],[0.1718165,51.485991],[0.1719318,51.4859134],[0.1721314,51.4857988],[0.1722361,51.4857386],[0.1722667,51.485721],[0.1723468,51.4856753]],[[0.1723468,51.4856753],[0.1725086,51.4855829],[0.1725772,51.4855437]],[[0.1725772,51.4855437],[0.1727016,51.4854689]],[[0.1727016,51.4854689],[0.1727324,51.4854537],[0.1727708,51.4854327],[0.1731751,51.4851957],[0.1732248,51.4851643],[0.1734602,51.4850318]],[[0.1734602,51.4850318],[0.1735248,51.4849955],[0.1736176,51.4849464]],[[0.1736176,51.4849464],[0.1736844,51.4849145]],[[0.1736844,51.4849145],[0.1737671,51.4848703]],[[0.1737671,51.4848703],[0.1740498,51.4847444],[0.1741876,51.4846757],[0.1744015,51.4845839],[0.1746461,51.4844265],[0.1747798,51.4843405],[0.1749764,51.4842091],[0.1750986,51.4841358],[0.1751913,51.4840763],[0.1753235,51.4839853],[0.1755285,51.4838746],[0.1757458,51.4837807],[0.1761103,51.4836401],[0.1763811,51.4835394],[0.1766697,51.4834576],[0.176713,51.4834311],[0.1767481,51.4834044],[0.1769075,51.4832859],[0.1773538,51.4830642],[0.1774821,51.4830046],[0.1777069,51.4829002],[0.1777347,51.4828846],[0.1778254,51.4828441]],[[0.1778254,51.4828441],[0.1778999,51.4828027],[0.1779431,51.4827666],[0.1779699,51.4827434],[0.1779907,51.4827119],[0.1780062,51.4826765]],[[0.1780062,51.4826765],[0.1780611,51.4826841],[0.1780948,51.4826764],[0.1781442,51.4826495]],[[0.1781442,51.4826495],[0.1782487,51.4826443],[0.1783389,51.4826328]],[[0.1783389,51.4826328],[0.1784772,51.4826085],[0.1785632,51.4825852],[0.1787561,51.4825146],[0.1788515,51.4824796],[0.1788929,51.4824645],[0.1792003,51.482334],[0.179234,51.4823193],[0.1793769,51.4822567],[0.1794635,51.4822188],[0.179624,51.4821502],[0.1799322,51.4820184],[0.1802826,51.4818683],[0.1806082,51.4817289]],[[0.1806082,51.4817289],[0.1807066,51.4816862],[0.1808061,51.4816276],[0.1809508,51.4815144]],[[0.1809508,51.4815144],[0.1810826,51.4813926],[0.1811645,51.4813097],[0.1812385,51.4812341],[0.1812582,51.4811973]],[[0.1812582,51.4811973],[0.181273,51.4811617],[0.181282,51.4811187],[0.1812837,51.4810722]],[[0.1812837,51.4810722],[0.1812811,51.4810104],[0.1812611,51.4809428],[0.1812382,51.4809151]],[[0.1812382,51.4809151],[0.1811932,51.4808953],[0.1811374,51.4808822],[0.1810683,51.4808759]],[[0.1810683,51.4808759],[0.1809672,51.4808843],[0.1808053,51.4808935]],[[0.1808053,51.4808935],[0.180496,51.4809053],[0.1801358,51.4809086],[0.1800268,51.4809084],[0.1799505,51.4809082],[0.1795483,51.4808823]],[[0.1795483,51.4808823],[0.1792215,51.4808424],[0.1786335,51.4807421]],[[0.1786335,51.4807421],[0.1784326,51.480703],[0.178148,51.4806405]],[[0.178148,51.4806405],[0.1779345,51.4805637]],[[0.1779345,51.4805637],[0.1776663,51.4805253],[0.1776047,51.4805165]],[[0.1776047,51.4805165],[0.1775964,51.4804764]],[[0.1775964,51.4804764],[0.1775649,51.4804317],[0.1775301,51.4804015],[0.1774495,51.4803634],[0.1773526,51.4803453]],[[0.1773526,51.4803453],[0.1772554,51.4803489],[0.1771658,51.4803728],[0.1770944,51.480414]],[[0.1770944,51.480414],[0.1768503,51.4804291]],[[0.1765519,51.4803992],[0.1766016,51.4804012],[0.1768503,51.4804291]],[[0.1762756,51.4804065],[0.1764414,51.4803932],[0.1765519,51.4803992]],[[0.1760252,51.4804545],[0.1762756,51.4804065]],[[0.175684,51.480514],[0.1757495,51.4804941],[0.1758233,51.4804784],[0.1760252,51.4804545]],[[0.175684,51.480514],[0.175612,51.4805116],[0.1755118,51.4805208],[0.1754112,51.4805277]],[[0.1754112,51.4805277],[0.1747972,51.4805936],[0.1741314,51.4806698],[0.1736127,51.4807176],[0.1734741,51.4807194],[0.1731701,51.4807233],[0.1722904,51.4807525],[0.1719006,51.4807468],[0.1713117,51.4806946],[0.1705265,51.4806003],[0.1700698,51.4805518],[0.1692562,51.4804346],[0.1685867,51.480317],[0.1678486,51.4800818],[0.1672306,51.4798733],[0.1664066,51.4795793],[0.1662048,51.4795073],[0.1659517,51.4794029],[0.165574,51.4792693],[0.1651191,51.4790715],[0.1647844,51.4789058],[0.1644276,51.4785889],[0.1643188,51.4784827],[0.1642332,51.478409],[0.1639821,51.4781613],[0.1638553,51.4780181],[0.163741,51.4778411],[0.1637048,51.4777465],[0.1636016,51.4775824],[0.163532,51.4774722],[0.1634581,51.4773316],[0.1633689,51.4771554],[0.1633074,51.4769812],[0.1632812,51.4768595],[0.1632742,51.4768256],[0.1630843,51.475924],[0.1629223,51.4752332]],[[0.1629223,51.4752332],[0.1629174,51.4752123]],[[0.1629174,51.4752123],[0.1628994,51.4751128],[0.1627661,51.4744086],[0.1626344,51.4738152],[0.1626087,51.4737035],[0.1624701,51.4731938],[0.1624228,51.4729511],[0.1624129,51.4729004],[0.1622774,51.4727221],[0.1621564,51.4725629],[0.1619308,51.4722744],[0.1612591,51.4714378],[0.1611404,51.4712959],[0.1611377,51.4712097]],[[0.1611377,51.4712097],[0.1610706,51.4711442],[0.160968,51.4710519],[0.1609037,51.4709939],[0.1607754,51.4708585],[0.1607661,51.4708478],[0.16054,51.4705587],[0.1603156,51.4702786],[0.1602,51.4701398]],[[0.1602,51.4701398],[0.1601343,51.470061],[0.1599653,51.469833],[0.1598099,51.4696263],[0.1597504,51.4695404],[0.1596608,51.469438],[0.1594592,51.4692716],[0.1591095,51.4690158],[0.1589631,51.4689068]],[[0.1589631,51.4689068],[0.1587924,51.4687682],[0.1587032,51.4686765],[0.1586228,51.4685884],[0.1584967,51.4684076],[0.1583603,51.4681377],[0.1583123,51.4680413],[0.1582816,51.4679753]],[[0.1582816,51.4679753],[0.1582542,51.4679168],[0.1580058,51.4673879]],[[0.1580058,51.4673879],[0.1578816,51.4671454],[0.1578536,51.4670777],[0.1578094,51.4669575]],[[0.1578094,51.4669575],[0.1577861,51.4668224],[0.1577859,51.4667663],[0.1577839,51.4663502]],[[0.1577839,51.4663502],[0.1577836,51.4662828],[0.1577769,51.4661694],[0.1577619,51.4660739]],[[0.1577619,51.4660739],[0.1576753,51.4660175]],[[0.1576753,51.4660175],[0.1575503,51.465936],[0.1574028,51.4658385]],[[0.1574028,51.4658385],[0.1573171,51.4657731],[0.157251,51.4657227]],[[0.157251,51.4657227],[0.1571424,51.4656398],[0.1570246,51.4655534]],[[0.1570246,51.4655534],[0.1568215,51.4654044],[0.1564647,51.4651503]],[[0.1564647,51.4651503],[0.1561227,51.4648925],[0.1560905,51.4648691]],[[0.1550139,51.4640159],[0.1553112,51.4642763],[0.1556936,51.4645724],[0.1560167,51.4648134],[0.1560905,51.4648691]],[[0.1550139,51.4640159],[0.1550215,51.4640098],[0.155025,51.4640046],[0.1550273,51.4639996],[0.1550266,51.4639935],[0.1549906,51.463948]],[[0.1549906,51.463948],[0.1549656,51.4639323],[0.1549178,51.4639261]],[[0.1541304,51.4630816],[0.1545136,51.4635186],[0.1549178,51.4639261]],[[0.1541304,51.4630816],[0.1541513,51.4629926]],[[0.1541513,51.4629926],[0.1540386,51.4629344]],[[0.1531582,51.4610108],[0.1532056,51.4611211],[0.1532749,51.4613425],[0.1533921,51.4617879],[0.1534141,51.4618715],[0.1534356,51.461944],[0.1534929,51.4621368],[0.1536839,51.4624644],[0.1537956,51.4626086],[0.1540386,51.4629344]],[[0.1530379,51.4602083],[0.1530864,51.4604314],[0.1530998,51.4604931],[0.1531144,51.4605919],[0.1531532,51.4608033],[0.1531582,51.4610108]],[[0.1529235,51.4595778],[0.1529368,51.4596877],[0.1529424,51.4597496],[0.1529926,51.4599907],[0.1530025,51.4600449],[0.1530379,51.4602083]],[[0.1529153,51.4595032],[0.1529235,51.4595778]],[[0.1528077,51.4588091],[0.1528161,51.4589087],[0.1528241,51.4589476],[0.1528536,51.4590901],[0.1528617,51.4591405],[0.1528962,51.4593335],[0.1529153,51.4595032]],[[0.1528077,51.4588091],[0.1527218,51.4587891],[0.1526242,51.4587548],[0.1524447,51.4586808],[0.1523951,51.4586602],[0.1522474,51.4585989],[0.152095,51.4585408],[0.1519137,51.4584634],[0.1515432,51.4583131],[0.1511397,51.4581482],[0.1508136,51.4580103],[0.1507756,51.4579936],[0.1505047,51.4578828],[0.150264,51.4577878],[0.1499285,51.4576373],[0.1494478,51.457439],[0.149428,51.4574308],[0.1488608,51.4571975],[0.1486682,51.4571171],[0.1483748,51.4569915]],[[0.1479888,51.4571111],[0.1479168,51.4570808],[0.1475522,51.4569276]],[[0.1475522,51.4569276],[0.1474544,51.4568853]],[[0.146343,51.441811],[0.1463123,51.4417403],[0.1462178,51.4416866],[0.1460075,51.4416253]],[[0.1455705,51.4414728],[0.1456672,51.4415131],[0.1457501,51.4415439],[0.1459062,51.4415946],[0.1460075,51.4416253]],[[0.122539,51.4392239],[0.1227019,51.4392327],[0.1228367,51.4392448],[0.1231361,51.4393108],[0.1233653,51.4393659],[0.1234785,51.4393848],[0.1236263,51.4394004],[0.1237807,51.4394123],[0.1239567,51.4394181],[0.1241394,51.4394161],[0.124293,51.439395],[0.1244699,51.4393678],[0.12469,51.4393208],[0.1248008,51.4392918],[0.1249195,51.4392561],[0.1251891,51.4391721],[0.1252274,51.4391615],[0.1253584,51.4391177],[0.1254882,51.4390585],[0.1255536,51.4390266],[0.125684,51.4389547],[0.1257947,51.4388795],[0.1258514,51.4388367],[0.1259484,51.4387694],[0.1260291,51.4387184],[0.126164,51.4386525],[0.1263085,51.4386007],[0.1263916,51.4385822],[0.1264746,51.438572],[0.126566,51.4385682],[0.1266566,51.4385718],[0.1269625,51.438581],[0.1271329,51.4385851],[0.1273656,51.4385827],[0.1275609,51.4385795],[0.127831,51.4385883],[0.1280744,51.4386039],[0.1282533,51.4386229],[0.128473,51.4386508],[0.1286235,51.4386727],[0.1287052,51.4386821],[0.1287769,51.4386865],[0.1289287,51.4386821],[0.1290855,51.4386736],[0.1293337,51.4386566],[0.1295943,51.438638],[0.1298013,51.4386244],[0.1299792,51.4386167],[0.1301931,51.4386191],[0.1304215,51.4386251],[0.1306712,51.4386284],[0.1308089,51.4386275],[0.131055,51.4386165],[0.1313215,51.4385997],[0.131518,51.4385772],[0.1315693,51.4385711],[0.1317714,51.4385511],[0.1319452,51.4385413],[0.1323457,51.4385276],[0.1326036,51.4385303],[0.1328994,51.438542],[0.1333181,51.438561],[0.1334244,51.4385679],[0.1335659,51.4385814],[0.1336915,51.4385975],[0.1337244,51.4386009],[0.1338434,51.4386177],[0.1339157,51.4386292],[0.1340784,51.4386618],[0.1341482,51.4386757],[0.1342796,51.4387064],[0.134386,51.4387305],[0.1344838,51.4387481],[0.1346307,51.4387743],[0.1347623,51.4387949],[0.1350398,51.4388196],[0.1352698,51.4388411],[0.1355933,51.4388705],[0.1356262,51.438874],[0.1358442,51.4388921],[0.1358775,51.4388953],[0.1359085,51.4388981],[0.135932,51.4388999],[0.1360606,51.4389142],[0.13616,51.438929],[0.1361727,51.4389315],[0.1362061,51.4389385],[0.1362549,51.4389502],[0.1363292,51.4389718],[0.1363983,51.4389943],[0.1364688,51.4390182],[0.1366079,51.439069],[0.1367192,51.4391121],[0.1368619,51.4391695],[0.1370956,51.4392644],[0.1372826,51.4393407],[0.1373582,51.4393716],[0.1374703,51.4394231],[0.1375461,51.4394609],[0.1376056,51.4394951],[0.1378442,51.4396303],[0.1380003,51.4397132],[0.1381576,51.4397968],[0.1383628,51.4399037],[0.1387701,51.4401081],[0.1388709,51.4401455],[0.1389738,51.440183],[0.1390796,51.4402186],[0.139187,51.4402485],[0.139351,51.440298],[0.1395146,51.4403542],[0.1397334,51.4404383],[0.1397658,51.4404506],[0.1399083,51.4404965],[0.1399734,51.4405157],[0.1400237,51.4405317],[0.1402465,51.440586],[0.1403102,51.4406014],[0.1404235,51.4406245],[0.1405645,51.440654],[0.1406042,51.4406598],[0.1406601,51.44067],[0.1408277,51.4406986],[0.1409316,51.4407094],[0.1411346,51.4407305],[0.1411554,51.4407327],[0.1411806,51.4407355],[0.1413305,51.4407521],[0.1414599,51.4407664],[0.142005,51.4408381],[0.1421714,51.4408553],[0.1422659,51.4408626],[0.1425335,51.4408737],[0.1427277,51.4408765],[0.1429381,51.4408695],[0.1430591,51.4408655],[0.1432503,51.4408609],[0.1434706,51.4408725],[0.1437426,51.4409064],[0.1438879,51.440926],[0.1439944,51.4409389],[0.1441235,51.4409604],[0.1442869,51.4409919],[0.1445038,51.4410427],[0.1446633,51.4410845],[0.1447874,51.4411218],[0.1448896,51.4411593],[0.1449962,51.4412012],[0.1451285,51.4412575],[0.1453011,51.4413372],[0.1454026,51.441388],[0.1455705,51.4414728]],[[0.1189094,51.4395294],[0.1191351,51.4395377],[0.11919,51.4395372],[0.1192398,51.4395357],[0.1194433,51.4395296],[0.119831,51.4395042],[0.1202129,51.4394632],[0.1206222,51.4394207],[0.1210971,51.4393712],[0.1214033,51.4393363],[0.1217921,51.4392864],[0.1221902,51.4392437],[0.1223557,51.4392306],[0.122539,51.4392239]],[[0.1189094,51.4395294],[0.118798,51.4394934],[0.1187659,51.4394818],[0.1187458,51.439471],[0.1187349,51.4394642],[0.1186988,51.4394394],[0.1186629,51.4394154],[0.1186398,51.4393998]],[[0.1186398,51.4393998],[0.1186391,51.4393935],[0.1186355,51.4393795],[0.1186289,51.4393667]],[[0.1186289,51.4393667],[0.1186019,51.4393421],[0.1185692,51.4393253],[0.1185306,51.4393131],[0.1185051,51.4393092],[0.1184755,51.4393065],[0.1184411,51.4393087]],[[0.118393,51.4393196],[0.1183609,51.4393208],[0.1183303,51.4393207],[0.1183007,51.4393161],[0.1182707,51.4393122],[0.1182573,51.439309],[0.1182397,51.4393047],[0.1181762,51.4392808],[0.1180448,51.4392435]],[[0.1027513,51.4356004],[0.1029313,51.4356019],[0.1030885,51.4355957],[0.1031728,51.4355893],[0.1032376,51.4355794],[0.1033023,51.435566],[0.103398,51.4355375],[0.1034752,51.4355086],[0.1035546,51.435472],[0.1036858,51.4354071],[0.1037653,51.435367],[0.1038907,51.4353036],[0.1039101,51.4352939],[0.1040071,51.4352449],[0.1040999,51.4352032],[0.1041956,51.4351684],[0.1043203,51.4351328],[0.1044357,51.4351056],[0.1044657,51.4350986],[0.104642,51.4350571],[0.1046916,51.4350458],[0.1047191,51.4350396],[0.1047555,51.4350312],[0.104946,51.4349884],[0.1049675,51.4349831],[0.1049764,51.4349811],[0.1050044,51.4349749],[0.1051799,51.4349359],[0.105216,51.4349279],[0.1052439,51.4349222],[0.1054419,51.4348817],[0.1054559,51.4348788],[0.105481,51.4348737],[0.1056885,51.4348362],[0.1057084,51.4348326],[0.1057178,51.4348312],[0.105749,51.4348264],[0.1059242,51.4348056],[0.1059502,51.4348026],[0.1061621,51.4347824],[0.106194,51.4347795],[0.1062509,51.4347742],[0.1062823,51.4347715],[0.1064203,51.4347594],[0.1064494,51.4347568],[0.1065148,51.4347511],[0.1065507,51.434748],[0.1066054,51.4347432],[0.1066678,51.4347377],[0.1066994,51.434735],[0.1067832,51.4347276],[0.1068106,51.4347252],[0.1069306,51.4347146],[0.1069626,51.4347118],[0.1070221,51.4347066],[0.1070372,51.4347053],[0.1070862,51.4347011],[0.1071826,51.434693],[0.1072083,51.4346909],[0.1073188,51.4346816],[0.1073573,51.4346795],[0.1074246,51.4346761],[0.1074535,51.4346746],[0.1076251,51.4346658],[0.1076586,51.4346662],[0.1076856,51.4346665],[0.1077228,51.434667],[0.1078917,51.4346755],[0.1079186,51.4346768],[0.107953,51.4346807],[0.1081309,51.4347008],[0.1081667,51.4347049],[0.1082122,51.43471],[0.1082383,51.4347129],[0.1083067,51.4347229],[0.1083715,51.434733],[0.1084334,51.4347427],[0.1084872,51.4347525],[0.1085923,51.4347709],[0.1086924,51.4347915],[0.1087202,51.4347972],[0.108838,51.4348215],[0.108913,51.4348371],[0.1089341,51.4348415],[0.1089442,51.4348436],[0.1089635,51.4348476],[0.1090316,51.4348618],[0.109167,51.4348927],[0.1091964,51.4348994],[0.1093993,51.4349458],[0.1094178,51.43495],[0.1094303,51.4349531],[0.1094401,51.4349551],[0.1094871,51.4349658],[0.1096378,51.4350006],[0.1096614,51.435006],[0.1096728,51.4350087],[0.1096898,51.4350128],[0.1098852,51.4350604],[0.1099149,51.4350676],[0.1099379,51.4350732],[0.1101195,51.4351174],[0.1101434,51.4351232],[0.110151,51.4351251],[0.1101829,51.4351329],[0.1103611,51.4351764],[0.1103916,51.4351838],[0.110404,51.4351868],[0.1104333,51.4351939],[0.1106342,51.4352428],[0.1106551,51.4352479],[0.1106882,51.435256],[0.1108477,51.4352948],[0.1108774,51.4353021],[0.1109006,51.4353077],[0.111092,51.4353543],[0.1111263,51.4353627],[0.1111961,51.4353797],[0.1113316,51.4354141],[0.1113552,51.4354201],[0.1113707,51.435424],[0.1113923,51.4354294],[0.1115688,51.4354742],[0.1116011,51.4354824],[0.1116104,51.4354847],[0.1116441,51.4354933],[0.1118064,51.4355344],[0.1118134,51.4355362],[0.111849,51.4355455],[0.1118641,51.4355494],[0.1118958,51.4355576],[0.1120551,51.435599],[0.1120867,51.4356072],[0.1121091,51.435613],[0.1121378,51.4356205],[0.1122182,51.4356414],[0.1122942,51.4356627],[0.1123308,51.4356729],[0.1123537,51.4356793],[0.1123794,51.4356864],[0.1125961,51.435747],[0.1126313,51.4357584],[0.1128141,51.4358184],[0.1128683,51.4358393],[0.1129277,51.435863],[0.113075,51.435937],[0.1131511,51.435983],[0.1131755,51.4359978],[0.1133048,51.4360852],[0.1133981,51.4361541],[0.1135417,51.4362731],[0.1136435,51.4363574],[0.1136865,51.4363947],[0.1137116,51.4364165],[0.1138441,51.4365315],[0.1138523,51.4365385],[0.1138678,51.4365512],[0.1139375,51.4366057],[0.1140163,51.4366673],[0.1140391,51.4366852],[0.1140915,51.4367263],[0.1141152,51.436744],[0.1141897,51.4367996],[0.1142087,51.4368137],[0.1142613,51.436852],[0.1142755,51.4368623],[0.1143614,51.4369249],[0.1143826,51.4369398],[0.1144314,51.4369741],[0.1145307,51.4370438],[0.1145513,51.4370583],[0.1147113,51.4371706],[0.1149028,51.437298],[0.1149839,51.4373489],[0.1150029,51.4373607],[0.1151124,51.4374297],[0.1151468,51.4374522],[0.1153547,51.4375831],[0.1153762,51.4375966],[0.1153985,51.4376107],[0.1154207,51.4376247],[0.1155407,51.4377001],[0.1155641,51.4377149],[0.1155797,51.4377247],[0.1157466,51.4378298],[0.1158335,51.4378825],[0.115942,51.4379514],[0.1162951,51.4381699],[0.1166207,51.4383713],[0.1166466,51.4383869],[0.1168135,51.4384903],[0.1168259,51.438498],[0.1169655,51.4385846],[0.1169837,51.4385956],[0.1170051,51.4386088],[0.1170994,51.4386668],[0.1171606,51.4387044],[0.1171822,51.4387177],[0.1172338,51.4387488],[0.1173466,51.4388169],[0.1173708,51.4388315],[0.1176397,51.4389938],[0.1176507,51.4390004],[0.1176786,51.4390173],[0.1178118,51.4390977],[0.117833,51.4391105],[0.1178491,51.4391202],[0.1178572,51.4391251],[0.1179705,51.4391934],[0.1180102,51.4392195],[0.118023,51.4392285],[0.1180334,51.4392345],[0.1180448,51.4392435]],[[0.1020326,51.4355475],[0.1022316,51.4355776],[0.10251,51.43559],[0.102689,51.435598],[0.1027513,51.4356004]],[[0.1462968,51.4572012],[0.1463189,51.45799],[0.1463108,51.4581199],[0.1463115,51.4582721],[0.1462923,51.4587264],[0.1462915,51.4587448]],[[0.1462915,51.4587448],[0.1462963,51.4591101],[0.1463129,51.4594038],[0.1463104,51.459495]],[[0.1463104,51.459495],[0.1463021,51.4597575],[0.1463065,51.4600708],[0.1463074,51.4601368],[0.1463292,51.4607065],[0.1463367,51.4608373],[0.1464099,51.4609669],[0.1464836,51.4610407],[0.1466189,51.4611725],[0.1467824,51.4612772]],[[0.1467824,51.4612772],[0.1474003,51.4616678],[0.1474933,51.4617407],[0.1475621,51.4618137],[0.1476744,51.4620178],[0.1480036,51.4626306],[0.148232,51.462894],[0.1484634,51.4631044],[0.1486133,51.4632519],[0.1489805,51.4636352],[0.1493863,51.4641094],[0.1494772,51.4642444]],[[0.148707,51.4645974],[0.1488173,51.4645446],[0.1491295,51.4643918],[0.1494772,51.4642444]],[[0.1481252,51.4648884],[0.148707,51.4645974]],[[0.1422423,51.4678725],[0.1424535,51.467712],[0.1430995,51.4672771],[0.1435343,51.4669862],[0.1437456,51.466874],[0.144028,51.4667534],[0.1442619,51.4666764],[0.1446684,51.4665617],[0.1448409,51.4664954],[0.1453798,51.4662871],[0.1453919,51.4662824],[0.1455072,51.4662349],[0.1456765,51.4661631],[0.1458127,51.4661049],[0.1461349,51.4659519],[0.1462582,51.4658824],[0.1468621,51.4655483],[0.1470484,51.4654456],[0.1471861,51.4653768],[0.1481252,51.4648884]],[[0.1422423,51.4678725],[0.1421977,51.4678645],[0.1421399,51.4678665],[0.1420845,51.4678861],[0.1420579,51.4679128],[0.1420312,51.4679913],[0.1420522,51.4680273]],[[0.1420522,51.4680273],[0.1421167,51.4680572],[0.1422056,51.4680514],[0.1422706,51.4680151]],[[0.1452266,51.4734486],[0.1452389,51.4733793],[0.1454752,51.4718951],[0.1454639,51.4716988],[0.1454355,51.4716254],[0.1454109,51.4715619],[0.1453456,51.4714505],[0.1443734,51.470289],[0.1440668,51.4699192],[0.1437351,51.4695683],[0.1433726,51.4692056],[0.1431388,51.4689301],[0.142732,51.4683998],[0.1425353,51.4682183],[0.1422706,51.4680151]],[[0.1452266,51.4734486],[0.1451735,51.4734483],[0.1451367,51.4734589],[0.145113,51.4734734],[0.1450964,51.473494],[0.1450938,51.4735263],[0.1451062,51.4735469],[0.1451359,51.4735675],[0.1451671,51.4735773]],[[0.1449358,51.4743496],[0.1451671,51.4735773]],[[0.145235,51.4768407],[0.1451694,51.4766586],[0.1450604,51.4764268],[0.1446969,51.475782],[0.1446232,51.4755259],[0.1446337,51.4753389],[0.1449358,51.4743496]],[[0.1452795,51.4773045],[0.1452818,51.4771015],[0.145235,51.4768407]],[[0.1435795,51.4787611],[0.1440159,51.4786788],[0.1441781,51.4786317],[0.1443265,51.4785807],[0.1444727,51.4785196],[0.1445939,51.4784563],[0.1448466,51.4783031],[0.1449881,51.4781806],[0.1450966,51.4780106],[0.1451759,51.4778507],[0.1452339,51.4776642],[0.1452792,51.4774256],[0.1452795,51.4773045]],[[0.1435795,51.4787611],[0.1433842,51.4788004],[0.143289,51.478848],[0.1431694,51.4789409]],[[0.1431694,51.4789409],[0.1431035,51.4789554],[0.1430622,51.4789805]],[[0.1430622,51.4789805],[0.1430364,51.4790378],[0.1430626,51.4790854]],[[0.1430626,51.4790854],[0.1431201,51.479116]],[[0.1431201,51.479116],[0.1431557,51.4791783],[0.1431803,51.4792214],[0.1432558,51.4792979]],[[0.1435516,51.4798067],[0.1435417,51.4797885],[0.1435163,51.4797421],[0.1434922,51.4796982],[0.1433916,51.4795143],[0.1433295,51.4794008],[0.1432658,51.4793119],[0.1432558,51.4792979]],[[0.1445162,51.4812823],[0.1443445,51.4811534],[0.1443004,51.4811203],[0.1442425,51.481077],[0.1440758,51.4809258],[0.1439414,51.4807723],[0.14385,51.4806495],[0.1438076,51.4805457],[0.143752,51.4803535],[0.1437412,51.4803162],[0.1437156,51.4802278],[0.1436956,51.4801586],[0.1436812,51.480109],[0.14367,51.4800702],[0.143665,51.4800529],[0.14366,51.4800358],[0.1436557,51.4800208],[0.1436435,51.479975],[0.1436302,51.4799506],[0.1436161,51.4799248],[0.1435685,51.4798376],[0.1435516,51.4798067]],[[0.1445162,51.4812823],[0.1445027,51.4813568],[0.1444799,51.4814196],[0.1444788,51.4814945]],[[0.1444788,51.4814945],[0.1444863,51.4815686],[0.1444846,51.4816097],[0.1444655,51.4818232],[0.1444602,51.4818697],[0.1444594,51.4818768],[0.1444395,51.4819547],[0.1444372,51.4819635],[0.1444168,51.4820432],[0.1444094,51.4820624],[0.1443459,51.4822258],[0.1442086,51.4824153],[0.1440889,51.482635],[0.1439778,51.4828136],[0.1438259,51.4830535],[0.1436108,51.4834008],[0.1435624,51.4834902],[0.1434193,51.483719],[0.1434006,51.4837489],[0.1433537,51.4838345],[0.1432397,51.4839748],[0.143265,51.4840573]],[[0.1476831,51.4841839],[0.1471128,51.4842016],[0.1467058,51.4842162],[0.1461737,51.4842156],[0.1455481,51.4842011],[0.1455235,51.4842005],[0.1454058,51.4841958],[0.1451444,51.4841855],[0.1446935,51.4841602],[0.1444341,51.4841456],[0.1435566,51.48408],[0.1433265,51.4840649],[0.143265,51.4840573]],[[0.1480549,51.4842176],[0.1479342,51.4842067],[0.1478861,51.4842023],[0.147838,51.484198],[0.1476831,51.4841839]],[[0.1480549,51.4842176],[0.1481598,51.4843271]],[[0.1481598,51.4843271],[0.1481803,51.484358],[0.1482838,51.4845352]],[[0.1482838,51.4845352],[0.1484029,51.4847311],[0.1484734,51.484864],[0.1485338,51.4849986],[0.1485669,51.4851101],[0.1485889,51.4852293],[0.1485969,51.4853526],[0.1485964,51.4855297],[0.1485657,51.4857337],[0.1485648,51.4857709],[0.1485712,51.485809],[0.148588,51.485843],[0.1486173,51.4858838],[0.1486897,51.4859489],[0.1487748,51.4860122],[0.1488416,51.4860391],[0.1489085,51.486066],[0.1493025,51.4861591],[0.1497461,51.4862639],[0.1498771,51.486322],[0.1499746,51.486381],[0.1500221,51.4864349],[0.1500511,51.4865133],[0.1500543,51.4865726],[0.1500494,51.4866085],[0.1500463,51.4866308],[0.1500376,51.4866703],[0.1498619,51.4872949],[0.149644,51.487916],[0.1496053,51.4881119],[0.1496117,51.4882043],[0.1496278,51.4883078],[0.1496413,51.4883736],[0.1496537,51.4884344],[0.149676,51.4884856],[0.1497053,51.4885529],[0.1497474,51.488607],[0.1497811,51.4886634],[0.1498182,51.4887006],[0.1498602,51.4887338],[0.1499478,51.4887921],[0.1499664,51.4888057],[0.150391,51.4891165],[0.150462,51.4891697],[0.1505442,51.489214],[0.1507233,51.4892803],[0.150925,51.4893697],[0.1509928,51.4894159],[0.1510388,51.4894644],[0.1510525,51.4895133],[0.1510581,51.4895628],[0.1510565,51.4896472],[0.1510476,51.4898127],[0.1510444,51.4899573],[0.1510597,51.4901123],[0.1511081,51.4903705],[0.1511517,51.490485],[0.1512195,51.4905815],[0.1513324,51.4906518],[0.1513858,51.4906792],[0.1514534,51.490709],[0.1516037,51.4907726],[0.1516762,51.4908324],[0.1516982,51.4908506],[0.1517355,51.4909035]],[[0.155516,51.4903945],[0.1555625,51.4905982],[0.1556891,51.4909509]],[[0.1563063,51.493366],[0.1559592,51.4921613],[0.1558885,51.4918487],[0.1558378,51.4916342],[0.1557885,51.4913951],[0.1556891,51.4909509]],[[0.1572576,51.4967587],[0.157211,51.4966202],[0.1571525,51.4963194],[0.1570686,51.4959527],[0.1570393,51.4958393],[0.1569956,51.4956758],[0.1569318,51.4954468],[0.1566636,51.494569],[0.1564993,51.493995],[0.1563063,51.493366]],[[0.1572576,51.4967587],[0.1572956,51.4968613],[0.1573638,51.4969509],[0.1574744,51.4970428],[0.1576039,51.497196]],[[0.1576039,51.497196],[0.1576101,51.4972605]],[[0.1576101,51.4972605],[0.157663,51.4973433],[0.1577361,51.4973929],[0.1578178,51.4974182],[0.1579087,51.497429]],[[0.1579087,51.497429],[0.1579838,51.4974291],[0.1580589,51.4974139]],[[0.1580589,51.4974139],[0.1583802,51.4974111],[0.1586402,51.4974246]],[[0.1586402,51.4974246],[0.1587271,51.497443],[0.1588339,51.4974491],[0.1589355,51.4974532],[0.1591074,51.4974311],[0.1592382,51.4974083],[0.1599987,51.4972454],[0.1614114,51.4969242],[0.1614532,51.4969159],[0.1615053,51.49689]],[[0.1615053,51.49689],[0.1615237,51.4969066],[0.1615608,51.4969237],[0.1615918,51.4969298],[0.1616351,51.4969301]],[[0.1616351,51.4969301],[0.161662,51.496924],[0.161692,51.4969116],[0.1617086,51.4968971],[0.1617216,51.4968858],[0.1617308,51.4968626],[0.1617252,51.4968362]],[[0.1617252,51.4968362],[0.1617118,51.4968159],[0.1616873,51.496799],[0.1616412,51.4967846],[0.1615886,51.4967837],[0.1615486,51.4967936],[0.1615187,51.4968101],[0.1614954,51.4968403],[0.1614928,51.4968611],[0.1615053,51.49689]],[[0.1586402,51.4974246],[0.1585354,51.4973787]],[[0.1585354,51.4973787],[0.1584833,51.4973689],[0.1584159,51.4973459],[0.1583609,51.4973077],[0.1583036,51.4972093]],[[0.1583036,51.4972093],[0.1582843,51.4971346]],[[0.1582843,51.4971346],[0.15823,51.4970724],[0.1581832,51.4970382],[0.158124,51.4970106],[0.1579888,51.4969893]],[[0.1579888,51.4969893],[0.1578676,51.4969948]],[[0.1578676,51.4969948],[0.157747,51.4970302],[0.1576628,51.4970848],[0.1576137,51.497154],[0.1576039,51.497196]],[[0.1576101,51.4972605],[0.1575847,51.4973602],[0.1575391,51.4974493],[0.1575115,51.497487],[0.1574598,51.4975574],[0.1573892,51.4976191],[0.1572366,51.4977257],[0.1570518,51.4978125],[0.1567967,51.4978934],[0.156411,51.4979811],[0.1558487,51.4980876],[0.1552622,51.4981566],[0.1548602,51.4981726],[0.1547182,51.4981695],[0.1546423,51.4981659],[0.1545155,51.4981486],[0.1542818,51.4980993],[0.1540611,51.4980343],[0.1538921,51.4979595],[0.1537302,51.4978765],[0.1536489,51.4977968],[0.1536168,51.4977273],[0.1536175,51.4976773]],[[0.1536175,51.4976773],[0.1536362,51.4976206],[0.1536389,51.4975738],[0.153615,51.4975091]],[[0.153615,51.4975091],[0.1535629,51.4974533]],[[0.1535629,51.4974533],[0.1535025,51.4973634],[0.1534596,51.4972896],[0.1534146,51.4971759],[0.1533919,51.4970764]],[[0.1533919,51.4970764],[0.1533718,51.4969576],[0.1533316,51.4966557],[0.1533289,51.496608],[0.1532618,51.4961463],[0.1532202,51.4959388],[0.1531518,51.4956789],[0.1531088,51.4955643],[0.1530551,51.4954732]],[[0.1530551,51.4954732],[0.1529193,51.4952226]],[[0.1529193,51.4952226],[0.1526862,51.4949816],[0.152514,51.4948521],[0.1523689,51.4947491]],[[0.1523689,51.4947491],[0.1522091,51.4946554],[0.1520928,51.4945955]],[[0.1520928,51.4945955],[0.1516691,51.4944298]],[[0.1516691,51.4944298],[0.1511721,51.4943033],[0.1509667,51.4942749],[0.150896,51.4942668]],[[0.150896,51.4942668],[0.1508238,51.4942586],[0.1504607,51.4942414],[0.1486673,51.4941678],[0.1450652,51.4940388],[0.1440212,51.4940003]],[[0.1440212,51.4940003],[0.1430251,51.4939636]],[[0.1430251,51.4939636],[0.1428513,51.4939569]],[[0.1428513,51.4939569],[0.1427753,51.4939541],[0.1427027,51.4939507],[0.1424941,51.4939461]],[[0.1424941,51.4939461],[0.1416807,51.493914]],[[0.1416807,51.493914],[0.1413736,51.4939019],[0.1402878,51.4938543]],[[0.1402878,51.4938543],[0.139894,51.493837],[0.1391898,51.4938193]],[[0.1391898,51.4938193],[0.1388129,51.4938142],[0.1385759,51.4938186],[0.1385433,51.4938192],[0.1384197,51.4938215],[0.1383444,51.4938121]],[[0.1383444,51.4938121],[0.1383137,51.4937916],[0.1382647,51.4937759],[0.1382098,51.4937728],[0.1381383,51.4937902],[0.1380913,51.4938279]],[[0.1380913,51.4938279],[0.1376741,51.4938898],[0.1373664,51.4939572],[0.1373407,51.4939628],[0.1371071,51.4940278],[0.1357708,51.4945334],[0.135732,51.4945481],[0.1354545,51.4946391]],[[0.1354545,51.4946391],[0.1354213,51.4946378],[0.1353593,51.4946495]],[[0.1353593,51.4946495],[0.1353226,51.494669],[0.135306,51.4946847],[0.135291,51.4947258]],[[0.135291,51.4947258],[0.1352562,51.4947389]],[[0.1352562,51.4947389],[0.1352081,51.4947659],[0.1350753,51.4948145],[0.1350024,51.4948295]],[[0.1350024,51.4948295],[0.1340057,51.4951838],[0.1337015,51.4953029],[0.1335576,51.4953586],[0.133379,51.4954324]],[[0.133379,51.4954324],[0.1333279,51.4954535],[0.133243,51.495484],[0.1328021,51.4956471]],[[0.1328021,51.4956471],[0.1321119,51.495891],[0.1316732,51.4960615],[0.1313123,51.4961845],[0.1309361,51.4962676],[0.1305782,51.4963171],[0.1304077,51.4963303],[0.1302024,51.4963405]],[[0.1302024,51.4963405],[0.1293983,51.4963371]],[[0.1293983,51.4963371],[0.1286712,51.496334],[0.128577,51.4963249],[0.1284916,51.4963167]],[[0.1284916,51.4963167],[0.1284688,51.4962974],[0.1284386,51.4962827],[0.128403,51.4962736],[0.1283649,51.4962709]],[[0.1283649,51.4962709],[0.1283155,51.4962771],[0.1282729,51.4962938],[0.1282384,51.4963246]],[[0.1282384,51.4963246],[0.1278505,51.4963221],[0.1277573,51.4963215]],[[0.1277573,51.4963215],[0.1277264,51.496307],[0.1276693,51.4962955],[0.1276099,51.4963011],[0.1275805,51.4963121]],[[0.1275805,51.4963121],[0.1272342,51.4963079],[0.1267557,51.4963008],[0.1259507,51.4962943],[0.1246187,51.4962827],[0.1241942,51.4962777],[0.1235026,51.4962731]],[[0.1235026,51.4962731],[0.1228902,51.4962696],[0.1225809,51.4962673]],[[0.1225809,51.4962673],[0.1223128,51.4962665]],[[0.1223128,51.4962665],[0.1222089,51.4962653],[0.1221317,51.4962651],[0.1217003,51.4962638],[0.1216466,51.4962601],[0.121597,51.4962502],[0.1215541,51.4962377],[0.1214746,51.4962144]],[[0.1213344,51.4960803],[0.1212395,51.4960459],[0.1211446,51.4960275],[0.1211213837199088,51.49602717228133]],[[0.12109200051703238,51.496947189359155],[0.1210907,51.4970177],[0.1210856671406003,51.49705019154818]],[[0.1210825,51.4971017],[0.1210813,51.497134]],[[0.1210813,51.497134],[0.1210886,51.4971752],[0.1210863,51.49739]],[[0.1210863,51.49739],[0.1210941,51.4976356]],[[0.1210941,51.4976356],[0.1210959,51.4976699],[0.1210973,51.4977066],[0.1211,51.4977375]],[[0.1211,51.4977375],[0.1211001,51.497746]],[[0.1211001,51.497746],[0.121102,51.4977934],[0.1211231,51.4978795]],[[0.1211231,51.4978795],[0.1211609,51.4980344],[0.1212809,51.4983689]],[[0.1212809,51.4983689],[0.121303,51.4984214]],[[0.121303,51.4984214],[0.1214639,51.498696]],[[0.1214639,51.498696],[0.1215307,51.4988084]],[[0.1215307,51.4988084],[0.1216208,51.4989976],[0.1216691,51.4991071]],[[0.1216691,51.4991071],[0.1217566,51.4993055],[0.1217965,51.4995177],[0.1217906,51.4996977],[0.1217069,51.5000464],[0.1216071,51.5002491]],[[0.1216071,51.5002491],[0.1215892,51.5002855],[0.12141,51.5004977]],[[0.12141,51.5004977],[0.1212724,51.5005907],[0.1210799,51.5006913]],[[0.1210799,51.5006913],[0.12095241548224128,51.5007218061239]],[[0.1275208,51.5081228],[0.1275008,51.5082127],[0.1274692,51.5082801],[0.1274243,51.5083488]],[[0.1274243,51.5083488],[0.1274043,51.5083832]],[[0.1274043,51.5083832],[0.1272663,51.5084664]],[[0.1235193,51.5103246],[0.1234859,51.5103077],[0.1234451,51.510299],[0.1234021,51.5102994],[0.1233619,51.510309],[0.1233249,51.5103303]],[[0.1317338,51.4612492],[0.1316053,51.4609804],[0.1313461,51.4604087],[0.131049,51.4597783],[0.1309356,51.4595165],[0.1307974,51.4592065],[0.1306301,51.4588186],[0.1305711,51.4586781]],[[0.1323946,51.4629905],[0.1323087,51.462745],[0.1322547,51.4625822],[0.13212,51.462169],[0.1319722,51.4617961],[0.1317338,51.4612492]],[[0.1323946,51.4629905],[0.1324035,51.4630206],[0.1324513,51.4631679],[0.1324845,51.4632698],[0.1325248,51.4633933]],[[0.1326144,51.4637026],[0.1325248,51.4633933]],[[0.133562,51.4660752],[0.1333216,51.4658132],[0.1332437,51.4656694],[0.1331596,51.465422],[0.1330065,51.4649481],[0.1329761,51.4648585],[0.1327808,51.4642499],[0.1327046,51.4640107],[0.1326674,51.4638854],[0.1326415,51.4638007],[0.1326144,51.4637026]],[[0.1359192,51.4714744],[0.1359028,51.4713999],[0.1358491,51.4712684],[0.1357764,51.4710904],[0.1353558,51.4706788],[0.1350125,51.4704275],[0.1348323,51.4701869],[0.1347834,51.4700299],[0.1345576,51.469306],[0.1344828,51.4690954],[0.1343902,51.4688013],[0.1341683,51.4683561],[0.1340627,51.468155],[0.1339529,51.4679088],[0.1338696,51.4676177],[0.1338122,51.4673069],[0.1337701,51.4670631],[0.1337724,51.4668541],[0.1337649,51.4666701],[0.1337619,51.4665957],[0.1337512,51.4663305],[0.133562,51.4660752]],[[0.1359192,51.4714744],[0.1358691,51.4714846],[0.135829,51.4715059],[0.135805,51.4715351],[0.1358006,51.4715678]],[[0.1358006,51.4715678],[0.1358166,51.4715991],[0.1358505,51.4716243],[0.1358973,51.4716395],[0.1359498,51.4716424]],[[0.1360169,51.4718568],[0.1359498,51.4716424]],[[0.1361798,51.4725447],[0.136159,51.4723978],[0.1360169,51.4718568]],[[0.1361798,51.4725447],[0.1363257,51.4732931]],[[0.1363257,51.4732931],[0.1371239,51.4736086],[0.1381231,51.4740241],[0.1401266,51.4748539],[0.1402774,51.4749147],[0.1404524,51.4749854],[0.142702,51.475893],[0.1450633,51.4768525],[0.1451492,51.4768466],[0.145235,51.4768407]],[[0.1430622,51.4789805],[0.1428626,51.4789693],[0.1424942,51.4789487]],[[0.1424942,51.4789487],[0.1422227,51.4789153],[0.1414758,51.478909],[0.140719,51.4789153],[0.1400577,51.4788829],[0.1396557,51.4788296],[0.1387396,51.4786848],[0.1382419,51.4785969],[0.1381056,51.4785636],[0.1375064,51.4784008],[0.1366745,51.4781372],[0.136318,51.4780448],[0.1359395,51.4779468]],[[0.1359395,51.4779468],[0.1356365,51.4778768],[0.134384,51.4775876],[0.1339143,51.4774439]],[[0.1339143,51.4774439],[0.1326039,51.4769745]],[[0.1326039,51.4769745],[0.1325261,51.4769455],[0.129809,51.4759715],[0.1295501,51.4758786],[0.1294452,51.4758408],[0.1262213,51.4746765],[0.1261712,51.474659],[0.1260709,51.474624]],[[0.1260709,51.474624],[0.126091,51.4745881],[0.126087,51.4745656],[0.1260682,51.474528],[0.1260226,51.4745004]],[[0.1260226,51.4745004],[0.125977,51.4744979],[0.1259234,51.4745046],[0.1258764,51.4745196],[0.1258442,51.474543]],[[0.1258442,51.474543],[0.1256965,51.4744914],[0.125129,51.4742933],[0.1248022,51.4741794]],[[0.1248022,51.4741794],[0.1240741,51.4739185]],[[0.1240741,51.4739185],[0.1233042,51.4736395],[0.1231665,51.4735908],[0.1222282,51.473258]],[[0.1222282,51.473258],[0.1211705,51.4728581],[0.1202773,51.4725599]],[[0.1202773,51.4725599],[0.1198678,51.4724138]],[[0.1198678,51.4724138],[0.1194168,51.4722529],[0.119123,51.4721627],[0.1188602,51.4720967],[0.1185826,51.4720399],[0.118309,51.4719948]],[[0.118309,51.4719948],[0.11807,51.4719666],[0.1178159,51.471943],[0.1175483,51.4719319],[0.1172607,51.4719319],[0.1169954,51.4719361],[0.1166788,51.4719541],[0.1161972,51.4719972]],[[0.1161972,51.4719972],[0.1158515,51.4720426]],[[0.1158515,51.4720426],[0.1157162,51.4720604],[0.1152075,51.472149]],[[0.1152075,51.472149],[0.1148001,51.4722157]],[[0.1148001,51.4722157],[0.1143778,51.4723018],[0.113845,51.4724263],[0.1135892,51.4724964],[0.113317,51.4725816],[0.1130501,51.4726635],[0.1127869,51.472756],[0.1126504,51.4728164],[0.1125043,51.4728874],[0.1121596,51.4730887],[0.1120777,51.4731147]],[[0.1120777,51.4731147],[0.11200735655683453,51.47310745524702]],[[0.11191653016083378,51.47309810093091],[0.1117835,51.4730844]],[[0.1211103402748457,51.4965257888588],[0.1211316,51.4965259],[0.1212223,51.4965102],[0.1213004,51.4964837]],[[0.1233916,51.489718],[0.1233813,51.4897803]],[[0.1252125,51.4885964],[0.1251785,51.488638],[0.1249957,51.488816],[0.1248304,51.4889559],[0.1246623,51.4890705],[0.1246426,51.489084],[0.1245361,51.4891493],[0.1244464,51.4891992],[0.1240853,51.4893949],[0.1238298,51.4895154],[0.1236307,51.4895956],[0.1234671,51.48965],[0.1234208,51.4896817],[0.1233916,51.489718]],[[0.1270074,51.4813171],[0.1270006,51.4814218],[0.1269866,51.4814744],[0.1269501,51.4815731],[0.1269077,51.4816731],[0.1268696,51.4817386],[0.1268237,51.4818054],[0.1267142,51.4819425],[0.1264552,51.482214],[0.1263848,51.4822955],[0.126338,51.4823856],[0.1263197,51.4824506],[0.1263131,51.4825168],[0.1263291,51.4826129],[0.1263647,51.482709],[0.126482,51.4829017],[0.1266657,51.4831094],[0.1267242,51.4832266],[0.1267506,51.4833282],[0.1267654,51.483796],[0.1267796,51.4842459],[0.1268556,51.4845922],[0.1269375,51.4850026],[0.127026,51.4853418],[0.1270626,51.4856314],[0.1270756,51.4859007],[0.1270789,51.4862495],[0.1270628,51.4865871],[0.1270524,51.4866993],[0.127014,51.4868186],[0.1269287,51.4869537],[0.1268282,51.487051],[0.126599,51.4872027],[0.1265106,51.4872594],[0.1264114,51.4873216],[0.126125,51.4875277],[0.1258589,51.4877635],[0.1253044,51.4884572],[0.1252125,51.4885964]],[[0.1301195,51.4814743],[0.129743,51.4814664],[0.129425,51.4814442],[0.1289058,51.481408],[0.1288246,51.4814023],[0.1283455,51.4813798],[0.1277458,51.4813516],[0.1272494,51.4813283],[0.1270074,51.4813171]],[[0.143265,51.4840573],[0.1430604,51.4840334],[0.1422658,51.4839499],[0.14195,51.4839177],[0.1417976,51.4839031],[0.1415221,51.4838768],[0.1409376,51.4838332],[0.1403676,51.4838201],[0.1401362,51.4838221],[0.1394717,51.4837936],[0.1393298,51.4837883],[0.1392295,51.4837845],[0.1391023,51.4837797],[0.1389373,51.4837735],[0.1387247,51.4837635],[0.1386425,51.4837585],[0.1382402,51.4837221],[0.1379439,51.483663],[0.1376324,51.4835787],[0.1368908,51.4833479],[0.1367038,51.4832891],[0.1363143,51.4831409],[0.1359628,51.4829719],[0.1358987,51.4829293],[0.1355441,51.4826108],[0.1353595,51.4824745],[0.135064,51.4823295],[0.1340986,51.4819723],[0.1340728,51.4819616],[0.1336788,51.4818269],[0.1334315,51.4817519],[0.1327621,51.4816087],[0.1319101,51.481503],[0.1308504,51.4814854],[0.1301195,51.4814743]],[[0.1808053,51.4808935],[0.1805778,51.4808119],[0.1803153,51.4808115]],[[0.10792,51.4624034],[0.1076382,51.4624385],[0.1074113,51.4624673]],[[0.1074113,51.4624673],[0.10715,51.4625118]],[[0.0991835,51.4638152],[0.0997165,51.4637286],[0.0997331,51.4637259],[0.0997718,51.4637198],[0.0997872,51.4637173],[0.0998139,51.4637137],[0.0999526,51.4636936]],[[0.0983231,51.4639533],[0.0985433,51.4639184],[0.0985899,51.463911],[0.0986438,51.4639024],[0.0988785,51.4638648],[0.0991835,51.4638152]],[[0.0983231,51.4639533],[0.0980007,51.4640041]],[[0.0971539,51.4641317],[0.0972354,51.464119],[0.0976519,51.4640542],[0.0979043,51.4640179],[0.0979591,51.4640101],[0.0980007,51.4640041]],[[0.0958689,51.4643486],[0.0960935,51.4643106],[0.0963887,51.4642618],[0.0967545,51.4641992],[0.0968719,51.4641791],[0.0971539,51.4641317]],[[0.0955027,51.4644074],[0.0958689,51.4643486]],[[0.0954026,51.4644236],[0.0955027,51.4644074]],[[0.0954026,51.4644236],[0.0952853,51.4644015],[0.0952153,51.4644115],[0.095152,51.464421],[0.0950032,51.4644431],[0.0949469,51.4644943]],[[0.0948601,51.4645077],[0.0949469,51.4644943]],[[0.0947217,51.4645294],[0.0948601,51.4645077]],[[0.0937409,51.4646844],[0.0941912,51.4646118],[0.0944191,51.4645776],[0.09449,51.4645661],[0.0945377,51.4645584],[0.0947217,51.4645294]],[[0.0925184,51.4648785],[0.0926925,51.4648506],[0.0934294,51.4647326],[0.0936368,51.4647011],[0.0937409,51.4646844]],[[0.0920657,51.4649542],[0.0925184,51.4648785]],[[0.0912886,51.4650916],[0.091305,51.4650887],[0.091919,51.4649794],[0.0920657,51.4649542]],[[0.0885378,51.4655693],[0.0899396,51.4653336],[0.090637,51.4652084],[0.0912886,51.4650916]],[[0.0880517,51.4656398],[0.0885378,51.4655693]],[[0.0869067,51.4658301],[0.0880517,51.4656398]],[[0.0865331,51.4658872],[0.0869067,51.4658301]],[[0.0845382,51.4662377],[0.0846584,51.4662151],[0.0848523,51.4661805],[0.0853669,51.4660888],[0.0859099,51.4659945],[0.0863759,51.4659154],[0.0865331,51.4658872]],[[0.0844664,51.4662494],[0.0845382,51.4662377]],[[0.0844664,51.4662494],[0.0844322,51.4662255],[0.0843776,51.4662352],[0.0842647,51.4662535],[0.0842485,51.4662909]],[[0.0840528,51.466324],[0.0840824,51.466319],[0.0842485,51.4662909]],[[0.0833538,51.4664504],[0.0835937,51.466407],[0.0840528,51.466324]],[[0.0828069,51.4665479],[0.0833538,51.4664504]],[[0.08228525758491076,51.46663902114318],[0.08242086120781301,51.466615333734374],[0.08257796663815967,51.46658789036321],[0.0828069,51.4665479]],[[0.1051442,51.4335668],[0.1054463,51.4335507],[0.105516,51.4335455],[0.1055525,51.4335327],[0.10559,51.4335196],[0.1056504,51.433477],[0.1056812,51.4334349],[0.1056893,51.4333837],[0.1056941,51.4333127],[0.1056826,51.4331872],[0.1056675,51.4328595]],[[0.1044552,51.4328583],[0.1047643,51.4328511],[0.1053836,51.4328346],[0.1054859,51.432841],[0.1055623,51.4328458],[0.1056675,51.4328595]],[[0.1033481,51.4328906],[0.1038559,51.4328758],[0.1038758,51.4328752],[0.1044552,51.4328583]],[[0.1033481,51.4328906],[0.1027048,51.4329093]],[[0.1265818,51.4153196],[0.1267025,51.4153532],[0.1268186,51.415397],[0.1269116,51.4154386],[0.1269843,51.4154763],[0.1280678,51.4161063],[0.1282356,51.416212],[0.1284751,51.4163671],[0.1288106,51.4165985],[0.1302064,51.4177332],[0.1308927,51.418313],[0.1315368,51.4188626],[0.1322891,51.4195135],[0.1323676,51.4195954],[0.1324694,51.419716],[0.1328243,51.4201365],[0.1334326,51.4211611],[0.1337941,51.4221811],[0.1338456,51.4224648],[0.1338576,51.4224983],[0.1340001,51.4230791],[0.1343005,51.4243005],[0.1345679,51.4250641],[0.1346484,51.4252343]],[[0.1346484,51.4252343],[0.1348122,51.4255514],[0.1351314,51.4261009],[0.1353851,51.4264632],[0.1357857,51.4269649],[0.1362747,51.4274474],[0.1369095,51.4280994],[0.1372793,51.4284331],[0.1376737,51.4287745],[0.1377628,51.4288431],[0.1391114,51.4299174],[0.1394925,51.4302157],[0.1396617,51.4303481],[0.1398456,51.4304941],[0.140389,51.4309271],[0.1409984,51.4314048],[0.141451,51.4317258],[0.1419019,51.432026],[0.1422766,51.4322556]],[[0.1422766,51.4322556],[0.1433552,51.4328907],[0.1438234,51.4331652],[0.1441415,51.4333524]],[[0.1441415,51.4333524],[0.1450662,51.4338966],[0.14551,51.4341578],[0.1455963,51.4342098],[0.1460143,51.4344616],[0.1461656,51.4345527],[0.1475812,51.4354245],[0.1477159,51.4355382],[0.1477837,51.435615],[0.147799,51.4357013]],[[0.147799,51.4357013],[0.1478024,51.4357436],[0.1478229,51.4357839],[0.1478591,51.4358197],[0.1479086,51.4358486],[0.1479683,51.4358687]],[[0.1479683,51.4358687],[0.1480754,51.4359619]],[[0.1480754,51.4359619],[0.1481525,51.4360228],[0.148347,51.4361297]],[[0.148347,51.4361297],[0.1485063,51.4362174],[0.1487519,51.4363309],[0.149002,51.436425],[0.1495474,51.4366408],[0.14969,51.4367055],[0.1498734,51.4367996],[0.1504539,51.4371541],[0.150747,51.4373721],[0.1507841,51.4374017],[0.1513554,51.4378574],[0.1515714,51.4380365]],[[0.1515714,51.4380365],[0.1519825,51.4383518],[0.1526197,51.4388014],[0.1527742,51.4388442]],[[0.1532588,51.4399423],[0.1532516,51.4398816],[0.1530717,51.4395564],[0.1528878,51.4392382],[0.1528282,51.439135],[0.1528085,51.439101],[0.1527742,51.4389673],[0.1527742,51.4388442]],[[0.1528233,51.4403904],[0.1528664,51.4403409],[0.1529021,51.4402945],[0.1529387,51.440245],[0.1530251,51.4401591],[0.153172,51.4400517],[0.1532087,51.4400171],[0.1532497,51.439972],[0.1532588,51.4399423]],[[0.151924,51.4408687],[0.1521676,51.4408309],[0.1522923,51.4408081],[0.1524699,51.4407644],[0.1525575,51.4407156],[0.1526303,51.4406641],[0.1526566,51.4406363],[0.1527841,51.4404515],[0.1527945,51.4404365],[0.1528233,51.4403904]],[[0.1517287,51.4409016],[0.1518336,51.4408803],[0.151924,51.4408687]],[[0.1516139,51.4409256],[0.1517287,51.4409016]],[[0.1513123,51.441026],[0.1513784,51.440993],[0.1514943,51.4409577],[0.151567,51.4409378],[0.1516139,51.4409256]],[[0.1511351,51.4411344],[0.1512157,51.441078],[0.1513123,51.441026]],[[0.1510032,51.4412351],[0.1510641,51.4411861],[0.1511351,51.4411344]],[[0.1509071,51.4413074],[0.1510032,51.4412351]],[[0.1504913,51.4416898],[0.1505455,51.441652],[0.150589,51.4416249],[0.1506463,51.4415762],[0.1509071,51.4413074]],[[0.1519851,51.4446433],[0.1520022,51.4447205],[0.1521849,51.4448889],[0.1522976,51.4449688]],[[0.1522976,51.4449688],[0.1524183,51.4450352]],[[0.1524183,51.4450352],[0.1524736,51.445068],[0.152668,51.4451575],[0.152801,51.4452749],[0.1528746,51.4453487]],[[0.1528746,51.4453487],[0.1528742,51.4453626],[0.1529074,51.4454452],[0.1529551,51.445508],[0.1530233,51.4455576],[0.1531253,51.4455926],[0.1532369,51.445611],[0.1533157,51.445614],[0.153384,51.4456116]],[[0.153384,51.4456116],[0.1534827,51.445587]],[[0.1534827,51.445587],[0.1536686,51.4455779],[0.1537815,51.4455769],[0.1538996,51.4455898],[0.1541542,51.4456494],[0.1544795,51.4457531],[0.1549414,51.4459298],[0.1552668,51.446084],[0.1556038,51.4462813],[0.1558301,51.4464479]],[[0.1558301,51.4464479],[0.1561211,51.4466797],[0.1562863,51.4468732]],[[0.1562863,51.4468732],[0.1563676,51.4469658],[0.1565787,51.4472892],[0.1567281,51.4476451],[0.1567849,51.4478407],[0.1568044,51.4479076],[0.1567851,51.448056]],[[0.1567851,51.448056],[0.1567111,51.4480948],[0.156672,51.448133],[0.1566502,51.4481763],[0.1566471,51.4482217],[0.1566629,51.448266],[0.1566924,51.4483024],[0.1567347,51.4483335],[0.1567726,51.4483527]],[[0.1567726,51.4483527],[0.156792,51.4484018],[0.1568057,51.4484594],[0.1568005,51.4485306],[0.1567947,51.4486545]],[[0.1522772,51.453929],[0.1522331,51.4540265],[0.1522138,51.45412],[0.1521813,51.4542176]],[[0.1521813,51.4542176],[0.1521494,51.4542285],[0.1521264,51.4542414],[0.1521084,51.454257]],[[0.1521084,51.454257],[0.1520965,51.4542739],[0.1520903,51.454292],[0.152093,51.4543215],[0.1521112,51.4543492],[0.1521423,51.4543713]],[[0.1521423,51.4543713],[0.152182,51.4543858],[0.1522278,51.4543918]],[[0.1522278,51.4543918],[0.1523652,51.4544824],[0.1524014,51.4545199],[0.1524676,51.4546087],[0.1526297,51.454903],[0.152675,51.4549647],[0.1527146,51.4550093],[0.1528189,51.4551409]],[[0.1474706,51.4566772],[0.1475456,51.456671],[0.1475955,51.4566842],[0.1476539,51.4566997]],[[0.1476539,51.4566997],[0.1476854,51.4567402],[0.1480091,51.4568711]],[[0.1480091,51.4568711],[0.1480816,51.4568995],[0.1481829,51.4569069]],[[0.1481829,51.4569069],[0.1482256,51.4569257],[0.1482734,51.4569468],[0.1483748,51.4569915]],[[0.1610962,51.4600825],[0.160467,51.4599181],[0.160024,51.4598015],[0.159947,51.4597821],[0.1595284,51.4596684],[0.1591592,51.459587],[0.1580382,51.4593632],[0.1577663,51.4593166],[0.1574726,51.459276],[0.1571812,51.4592394],[0.1568462,51.4591992],[0.1565618,51.4591789],[0.1565182,51.4591722],[0.1561726,51.4591558],[0.1556695,51.4591373],[0.1554913,51.4591308],[0.1551184,51.4591166],[0.1550669,51.4591136],[0.1546805,51.4590812],[0.154646,51.4590783],[0.1545068,51.4590621],[0.1541884,51.4590128],[0.1536961,51.4589363],[0.1531684,51.4588463],[0.1530417,51.4588307],[0.1529775,51.4588235],[0.1528077,51.4588091]],[[0.172753,51.4577089],[0.1726428,51.4577538],[0.1717685,51.4579893],[0.1713921,51.4580845],[0.1708404,51.4581902],[0.1704948,51.4582419],[0.1700145,51.458288],[0.1698477,51.4583131],[0.1697029,51.4583562],[0.1691537,51.4585468],[0.1690288,51.4585907],[0.1683457,51.4588115],[0.168171,51.4588716],[0.1679276,51.4589376],[0.1676355,51.4589746],[0.1670301,51.4589894],[0.1666455,51.4590036],[0.166153,51.4590233],[0.1658621,51.459043],[0.1656159,51.459086],[0.1656007,51.4590887],[0.1651212,51.459237],[0.164677,51.4593782],[0.163977,51.4595424],[0.1630139,51.4598497],[0.1622873,51.4600725],[0.1619315,51.4601721],[0.1617372,51.460204],[0.1615537,51.4602012],[0.1614154,51.4601705],[0.1612538,51.4601252],[0.1610962,51.4600825]],[[0.1735097,51.4541786],[0.1734911,51.4542394],[0.1735943,51.4544401],[0.1736945,51.4546287],[0.1737289,51.4547218],[0.1737313,51.4547728],[0.1737166,51.4548234],[0.1736535,51.4549058],[0.1735013,51.4550133],[0.1733598,51.455109],[0.172915,51.4554121],[0.1728145,51.4555006],[0.1727189,51.4556301],[0.1726692,51.455782],[0.1726501,51.4560091],[0.1726451,51.4562841],[0.1726679,51.4564194],[0.1727184,51.456614],[0.1727978,51.4568874],[0.1728414,51.4570645],[0.1728472,51.4572465],[0.1728097,51.4575385],[0.172753,51.4577089]],[[0.1747768,51.4539877],[0.1745639,51.4539941],[0.1743599,51.4540211],[0.1741209,51.4540527],[0.1738664,51.4540864],[0.1735702,51.4541355],[0.1735097,51.4541786]],[[0.1749631,51.4539968],[0.1747768,51.4539877]],[[0.1770357,51.4528396],[0.1768558,51.4530284],[0.1766953,51.4532017],[0.1766808,51.453221],[0.1766157,51.4533009],[0.1763875,51.4535955],[0.176294,51.4536764],[0.1761364,51.4537834],[0.1759024,51.453882],[0.1756895,51.4539316],[0.1754671,51.453949],[0.1751093,51.4539643],[0.1749631,51.4539968]],[[0.1781388,51.4519448],[0.1779548,51.4520722],[0.1777663,51.452234],[0.1775297,51.4524226],[0.1773182,51.4525717],[0.1771124,51.4527589],[0.1770357,51.4528396]],[[0.1781388,51.4519448],[0.1783055,51.4518287]],[[0.1783055,51.4518287],[0.1783624,51.4517829],[0.178398,51.4517532]],[[0.178398,51.4517532],[0.1785679,51.4516145]],[[0.1785679,51.4516145],[0.1787625,51.4514756]],[[0.1787625,51.4514756],[0.1789706,51.4513309],[0.179018,51.4512975],[0.1791409,51.4512122],[0.1792283,51.4511528],[0.1794626,51.4510138]],[[0.1794626,51.4510138],[0.1796651,51.4509147],[0.1797545,51.4508616],[0.1797959,51.4508362],[0.1799132,51.4507643],[0.1801212,51.4506051]],[[0.1818208,51.4501767],[0.1818444,51.4502156],[0.181891,51.4502453],[0.1819521,51.4502609],[0.182018,51.4502601],[0.182078,51.4502431],[0.1821206,51.4502146],[0.1821428,51.4501782],[0.1821415,51.4501393]],[[0.1814525,51.4490855],[0.1815118,51.4492151],[0.1815569,51.4493348],[0.181655,51.4495045],[0.1818907,51.4498975],[0.1819732,51.4500593]],[[0.1813429,51.4487707],[0.1814525,51.4490855]],[[0.1812914,51.4486719],[0.1813429,51.4487707]],[[0.1807154,51.4476531],[0.1808796,51.447924],[0.1809449,51.4480439],[0.1810135,51.4481655],[0.1812914,51.4486719]],[[0.1803903,51.4462087],[0.1804013,51.4463501],[0.1804137,51.4465094],[0.1804133,51.4466315],[0.1803889,51.4467785],[0.1803893,51.4468847],[0.1804052,51.4470091],[0.1804499,51.4471079],[0.1807154,51.4476531]],[[0.1808773,51.44404],[0.180876,51.4442292],[0.180897,51.4443165],[0.1809198,51.4443869],[0.1809303,51.4444117],[0.1809857,51.4445421],[0.1810021,51.4446091],[0.1810029,51.4446789],[0.1809811,51.4447415],[0.1809281,51.4448102],[0.1808506,51.4448781],[0.1804884,51.4451213],[0.1804097,51.4451837],[0.1803413,51.4452581],[0.1802949,51.4453408],[0.1802759,51.4454342],[0.1802805,51.4455213],[0.1803455,51.4459313],[0.180374,51.4461109],[0.1803903,51.4462087]],[[0.18097674533657074,51.444063976139134],[0.1808773,51.44404]],[[0.1358006,51.4715678],[0.1356013,51.471602],[0.1347894,51.4717059],[0.1341113,51.4717908],[0.1336736,51.4719084],[0.1329612,51.4721758],[0.1323775,51.4724324],[0.1317424,51.4726676],[0.1315893,51.4727153],[0.131502,51.4727425],[0.1308241,51.4729115],[0.1299973,51.4730034],[0.1297659,51.4730347],[0.1294548,51.473084],[0.1292134,51.4731367],[0.1289231,51.4732177],[0.1284087,51.4733806],[0.1279239,51.4735735],[0.1274528,51.4737789],[0.1271649,51.4739073],[0.1270925,51.4739357],[0.1270301,51.4739511],[0.1269463,51.4739549],[0.1268045,51.473924]],[[0.1268045,51.473924],[0.1266677,51.473975],[0.1263646,51.4741629],[0.1263511,51.4741734],[0.1261849,51.4743024],[0.1260534,51.4744612],[0.1260226,51.4745004]],[[0.1258442,51.474543],[0.1258322,51.4745781],[0.1258362,51.4746057],[0.125863,51.4746424],[0.1259046,51.474665]],[[0.12413198639125922,51.476838553033076],[0.1244244,51.4764752],[0.1247683,51.4760298],[0.1250339,51.4757145],[0.1253154,51.4754234],[0.1258481,51.4747304],[0.1259046,51.474665]],[[0.1235210360229665,51.47727092860237],[0.12336953962091306,51.47735966065712]],[[0.1120777,51.4731147],[0.1122659,51.4732573],[0.1126142,51.4735092],[0.11284965792101789,51.473740917368765]],[[0.1129433567002703,51.47383312762226],[0.112973,51.4738623],[0.1132589,51.4741934],[0.1138385,51.4748859],[0.1143506,51.4753031],[0.1150892,51.4757966],[0.1154331,51.4760165],[0.1154544,51.4760301],[0.1161197,51.4767731],[0.1167482,51.4774038],[0.1168598,51.4775108],[0.1171973,51.4778103],[0.1174152,51.4780158],[0.1175636,51.4781522],[0.1176006,51.4781831],[0.11845652227759187,51.478897635471526]],[[0.12239642134482676,51.4814086081888],[0.1225552,51.4814084],[0.1227046,51.4814082],[0.1230485,51.4814069],[0.1233583,51.4814148],[0.1237671,51.481412],[0.1241432,51.4814024],[0.124574,51.4813829],[0.1250154,51.4813632],[0.1253602,51.4813456],[0.1256449,51.4813374],[0.1258094,51.4813343],[0.1259793,51.4813345],[0.126242,51.4813378],[0.1264144,51.4813411],[0.1268785,51.4813557],[0.1269622,51.4813162]],[[0.1270074,51.4813171],[0.1269622,51.4813162]],[[0.1215556,51.4889546],[0.1216373,51.4889747],[0.1217314,51.488984],[0.121869,51.4889855]],[[0.121869,51.4889855],[0.1219446,51.4890164],[0.1220083,51.4890552],[0.1220512,51.4890961],[0.1220727,51.4891524],[0.1220929,51.4892301],[0.1221538,51.4892778]],[[0.1213126,51.493199],[0.121197,51.493191]],[[0.1215032,51.4932157],[0.1213373,51.4932012],[0.1213126,51.493199]],[[0.1216667,51.4932339],[0.1215032,51.4932157]],[[0.1218763,51.4932602],[0.1217327,51.4932413],[0.1216667,51.4932339]],[[0.1224675,51.4920406],[0.1224485,51.4920649],[0.1224238,51.4920882],[0.1221332,51.4922521],[0.1221083,51.4922771],[0.1220889,51.4923091],[0.1220795,51.492328],[0.1220668,51.4923764],[0.1220597,51.492518],[0.1220278,51.4927249],[0.1219858,51.4928759],[0.1218763,51.4932602]],[[0.1224902,51.491619],[0.1224675,51.4920406]],[[0.1224902,51.491619],[0.122535,51.491626],[0.1225609,51.4916301],[0.122889,51.491683],[0.1233895,51.4917555],[0.1235795,51.4917749],[0.1241319,51.4917778],[0.1246572,51.491786],[0.1247754,51.4917973],[0.1248937,51.4918178]],[[0.1248937,51.4918178],[0.1249433,51.4917533],[0.1249567,51.4917022],[0.1249635,51.4915575],[0.1249985,51.4914981],[0.1250455,51.4914645],[0.125054,51.4914584],[0.1251041,51.4914363],[0.1251602,51.491423],[0.1254894,51.4914355],[0.1260232,51.4914499],[0.1265702,51.4914734],[0.1274922,51.4915096],[0.1278772,51.4915248]],[[0.1278772,51.4915248],[0.1285296,51.4915342],[0.1291963,51.4915571]],[[0.1291963,51.4915571],[0.129982,51.4915884],[0.1303115,51.4915974],[0.1305946,51.491606],[0.130906,51.4916165],[0.1309782,51.491618],[0.131395,51.4916377],[0.1317971,51.491659],[0.1322061,51.4916699],[0.1322674,51.4916719],[0.132345,51.4916863],[0.1324189,51.4917109],[0.1325043,51.4917704],[0.1326264,51.4918647],[0.1327513,51.4919978],[0.1330183,51.492266],[0.1335706,51.4928534],[0.1336444,51.4929276],[0.1339251,51.4932157],[0.1339892,51.4932814],[0.1340731,51.493359],[0.1343002,51.4935837],[0.1344568,51.4937541],[0.1344717,51.4937694],[0.1346332,51.493942],[0.1346488,51.4939585],[0.1351045,51.4943916],[0.1352752,51.4945644],[0.1353593,51.4946495]],[[0.1440148,51.4558292],[0.1439617,51.4556709],[0.1439369,51.4556197]],[[0.1439369,51.4556197],[0.143904,51.455562]],[[0.143904,51.455562],[0.1439431,51.4555509],[0.1439767,51.4555326],[0.1439921,51.4555189],[0.1440034,51.4555038]],[[0.1440034,51.4555038],[0.144012,51.4554778],[0.1440117,51.4554639],[0.1440057,51.4554447],[0.1439947,51.4554282],[0.1439753,51.4554107]],[[0.1439753,51.4554107],[0.1439545,51.4553983],[0.1439261,51.4553874]],[[0.1439261,51.4553874],[0.143897,51.4553383],[0.1438626,51.4552884]],[[0.1438626,51.4552884],[0.1438355,51.4552522],[0.1437784,51.4552197]],[[0.1431095,51.4535443],[0.1432117,51.4537752],[0.1435359,51.4545077],[0.1437784,51.4552197]],[[0.1389806,51.4501181],[0.139353,51.4503876],[0.1402572,51.4510418],[0.1412125,51.4517773],[0.1413519,51.4518794],[0.1417161,51.4521542],[0.1422914,51.4525875],[0.1425581,51.4527834],[0.1427836,51.4530106],[0.1429604,51.4532564],[0.1430808,51.4534817],[0.1431095,51.4535443]],[[0.1387638,51.4499613],[0.1388406,51.4500168],[0.1389806,51.4501181]],[[0.1382867,51.4495917],[0.1384814,51.4497242],[0.1387638,51.4499613]],[[0.1336719,51.453124],[0.1337854,51.4530845],[0.133954,51.4530302],[0.1344091,51.4528756],[0.1345664,51.4528085],[0.1351278,51.4525036],[0.1353062,51.452409],[0.1354917,51.4523004],[0.1356377,51.4522005],[0.1360803,51.4517996],[0.1361015,51.4517817],[0.1361245,51.4517622],[0.1362513,51.4516573],[0.1364433,51.4514785],[0.1365943,51.4513569],[0.1372086,51.4508768],[0.1374702,51.4506723],[0.1376121,51.4505521],[0.1377645,51.4503781],[0.137949,51.4499913],[0.1380848,51.449804],[0.1382867,51.4495917]],[[0.1336719,51.453124],[0.1335592,51.4530956],[0.1335036,51.453079],[0.1327373,51.4528872],[0.1326997,51.4528775],[0.1318174,51.452655],[0.1307247,51.4523818],[0.1306974,51.452375],[0.1302319,51.4522587],[0.1301443,51.4522446],[0.1300587,51.4522461],[0.1289712,51.4523401],[0.1287077,51.4523566],[0.1284112,51.4523644],[0.1276065,51.4523792],[0.1274585,51.4523856]],[[0.1274585,51.4523856],[0.1274165,51.4522928],[0.1273827,51.452218],[0.1273294,51.4521172],[0.1271616,51.4518923],[0.1270189,51.4517196]],[[0.1270189,51.4517196],[0.1267338,51.4513753],[0.1266087,51.4512756],[0.1264515,51.4511583],[0.1261969,51.4509938],[0.1257493,51.4507218],[0.1252897,51.4504322]],[[0.1252897,51.4504322],[0.1244337,51.4509218],[0.1242562,51.4510032],[0.1237045,51.4511676],[0.123101,51.4513069],[0.1230175,51.4513254],[0.1229877,51.4513295]],[[0.1229877,51.4513295],[0.1229272,51.4513348],[0.1228514,51.4513365]],[[0.1228514,51.4513365],[0.1228141,51.4513366],[0.1227639,51.4513332],[0.1226908,51.4513215],[0.1226084,51.4513002],[0.1225739,51.451293],[0.1224782,51.4512742]],[[0.1219621,51.4506947],[0.1219405,51.45063],[0.1218566,51.4504832]],[[0.1218566,51.4504832],[0.1218599,51.4504341],[0.1218429,51.450386]],[[0.1218429,51.450386],[0.121799,51.4503356],[0.1217331,51.4502956],[0.1216678,51.4502737],[0.1215898,51.4502624],[0.1215514,51.4502606],[0.121504,51.4502627],[0.1214329,51.4502759],[0.1213689,51.4502993],[0.1213313,51.4503206],[0.1212999,51.4503455],[0.1212755,51.4503732]],[[0.1212755,51.4503732],[0.1211686,51.450433],[0.1210448,51.450465],[0.1209276,51.4504753],[0.1206825,51.4504467],[0.1204691,51.4503929],[0.1202023,51.4502876],[0.1200587,51.4502017],[0.1199393,51.4500983],[0.1198531,51.4499898],[0.1197764,51.4498696],[0.1196181,51.4495586]],[[0.1196181,51.4495586],[0.1194594,51.4492338]],[[0.1194594,51.4492338],[0.1194095,51.4491368],[0.1193276,51.4489697],[0.1190799,51.44847],[0.1189577,51.4482442],[0.1189577,51.4481961],[0.1189919,51.4480973]],[[0.1189919,51.4480973],[0.1190465,51.4480578]],[[0.1190465,51.4480578],[0.1190793,51.4480142],[0.1190929,51.4479668],[0.1190864,51.4479187],[0.1190601,51.4478734]],[[0.1094262,51.4497278],[0.1094011,51.4496209],[0.1093917,51.449521],[0.1094028,51.4493567],[0.1094032,51.4493445],[0.109447,51.4488508],[0.1094489,51.4488297],[0.1094601,51.4487038],[0.1094718,51.4485786],[0.1094874,51.4484534],[0.1095578,51.4479239],[0.109562,51.4478983],[0.1095869,51.447715],[0.1096291,51.4474548],[0.1096574,51.4473404],[0.109766,51.4470022],[0.1099066,51.446587],[0.1099391,51.4464888]],[[0.1041155,51.4456054],[0.1043375,51.4456222],[0.1044498,51.44564],[0.1047326,51.4456876],[0.104923,51.4457197],[0.1054827,51.4458151],[0.1057601,51.4458591],[0.1060769,51.4459123],[0.1070088,51.4460688],[0.1074114,51.4461364],[0.1075317,51.4461574],[0.107988,51.4462299],[0.108354,51.4462791],[0.1086881,51.446324],[0.10871,51.4463269],[0.1087743,51.4463363],[0.1091058,51.4463796],[0.1092112,51.4463938],[0.109401,51.4464193],[0.1099391,51.4464888]],[[0.0994452,51.449046],[0.0995045,51.4490175],[0.0995293,51.4490035],[0.0995459,51.4489896],[0.0995637,51.4489717],[0.0995981,51.4489386],[0.0996334,51.4489057],[0.0996951,51.4488459],[0.1000074,51.4485641],[0.1002012,51.448353],[0.1005732,51.4479211],[0.100617,51.4478694],[0.1006482,51.4478357],[0.1006749,51.4478062],[0.100732,51.4477353],[0.1008273,51.4475873],[0.1008367,51.4475726],[0.1009251,51.4474294],[0.1009984,51.447309],[0.1010041,51.4472996],[0.1010079,51.4472934],[0.101079,51.4471764],[0.1010869,51.4471633],[0.1011269,51.4470975],[0.1011643,51.4470486],[0.1012009,51.4470122],[0.1013128,51.4469069],[0.1014089,51.4468314],[0.1015033,51.446763],[0.1017859,51.4465761],[0.1021794,51.4462973],[0.1022895,51.4462121],[0.1024018,51.4461249],[0.1024674,51.4460752],[0.102541,51.4460272],[0.1026429,51.4459736],[0.1027237,51.4459419],[0.1028633,51.4458985],[0.1031073,51.4458338],[0.1031646,51.4458193],[0.1033848,51.4457582],[0.1036663,51.4456574],[0.1037006,51.4456451],[0.1037613,51.4456284],[0.103818,51.4456191],[0.1038751,51.445615],[0.1039106,51.4456158],[0.1039875,51.4456119],[0.1041155,51.4456054]],[[0.0947033,51.4459717],[0.0948742,51.4460561],[0.0949967,51.4461176],[0.09545,51.4463157],[0.0955396,51.4463481],[0.0957088,51.4464093],[0.0958192,51.4464461],[0.0960173,51.4465121],[0.0960638,51.4465286],[0.0962906,51.446609],[0.0965939,51.4467353],[0.0968748,51.4468858],[0.0971398,51.4470278],[0.0973523,51.4471922],[0.0975104,51.4473144],[0.0975952,51.44738],[0.0977412,51.4474929],[0.0978088,51.4475452],[0.0978527,51.4475787],[0.0980198,51.4477049],[0.0982505,51.4478821],[0.0982857,51.4479076],[0.0983974,51.4479881],[0.0984966,51.4480515],[0.0985912,51.448108],[0.098666,51.4481484],[0.0986887,51.4481591],[0.0988815,51.4482669],[0.0989768,51.4483498],[0.0990398,51.4484308],[0.0990662,51.4484741],[0.0990795,51.4484981],[0.0991654,51.4486537],[0.0992556,51.4488179],[0.0992647,51.4488335],[0.0993659,51.4489585],[0.0994452,51.449046]],[[0.0860487,51.4416796],[0.086473,51.441924],[0.0864915,51.4419352],[0.0872837,51.442414],[0.0874521,51.4425158],[0.087604,51.4426155],[0.0876765,51.4426926],[0.0877666,51.4428216],[0.087893,51.4429816],[0.0879608,51.4430572],[0.0880228,51.4430944],[0.088204,51.44317],[0.0885118,51.443263],[0.08885,51.4433561],[0.0895584,51.4435807],[0.0899163,51.4437019],[0.0899294,51.4437063],[0.0902579,51.4438445],[0.0905174,51.4439802],[0.0908319,51.4441587],[0.091215,51.4443925],[0.0913602,51.4444745],[0.0918414,51.4447435],[0.0926936,51.4452528],[0.0929638,51.445417],[0.0931547,51.4455209],[0.0933698,51.4456139],[0.0936702,51.4457048],[0.0938693,51.4457482],[0.0941228,51.4457909],[0.0943426,51.4458406],[0.0945371,51.4459013],[0.0947033,51.4459717]],[[0.0855276,51.4420096],[0.0855352,51.4420048],[0.0856543,51.4419286],[0.0860487,51.4416796]],[[0.08312237070834315,51.44350932884884],[0.0831604,51.4434863],[0.0832587,51.4434318],[0.0832997,51.443409],[0.0834878,51.4433046],[0.0838245,51.4431177],[0.0839508,51.4430414],[0.0841498,51.4429309],[0.0843232,51.4428152],[0.0844335,51.4427368],[0.0847718,51.4424962],[0.0851822,51.442232],[0.0855276,51.4420096]],[[0.133562,51.4660752],[0.1305346,51.4665502],[0.1298884,51.466657],[0.1294335,51.4667008]],[[0.1294335,51.4667008],[0.1292016,51.4656687]],[[0.1239575,51.4661714],[0.1245028,51.466109],[0.1252192,51.466027],[0.1253939,51.4660106],[0.1265712,51.465905],[0.1267892,51.4658851],[0.1276824,51.4658011],[0.1286011,51.4657118],[0.1292016,51.4656687]],[[0.1239575,51.4661714],[0.1241009,51.4665677],[0.124129,51.4666496]],[[0.110519,51.4680687],[0.1107322,51.4680608],[0.1112003,51.4680435],[0.1112202,51.4680428],[0.1112552,51.4680384],[0.1115856,51.4679966],[0.1122315,51.4679149],[0.1128236,51.4678401],[0.1130131,51.4678161],[0.113381,51.4677696],[0.113833,51.4677125],[0.1144251,51.4676376],[0.1148449,51.4675853],[0.1155259,51.4675004],[0.1162288,51.4674128],[0.1165433,51.4673736],[0.1171334,51.4673093],[0.1176524,51.4672549],[0.1183336,51.4671928],[0.1187081,51.4671587],[0.1194012,51.4670942],[0.1198185,51.4670554],[0.1217892,51.4668699],[0.1228147,51.4667733],[0.123886,51.4666725],[0.124129,51.4666496]],[[0.0948601,51.4645077],[0.0947864,51.4643468],[0.0947633,51.4643024],[0.0947202,51.4642655],[0.0946191,51.4642475]],[[0.0946191,51.4642475],[0.0945713,51.4642268],[0.0945091,51.464207],[0.0944286,51.4641822],[0.0941787,51.4641078],[0.0934361,51.4638848],[0.0932511,51.4638304],[0.0932093,51.4638181],[0.0930082,51.4637589],[0.0929657,51.4637464],[0.0927751,51.4636903],[0.0927254,51.4636757],[0.0926371,51.4636497],[0.0925346,51.4636184],[0.0924919,51.4636054],[0.0923465,51.463561],[0.0923188,51.4635525],[0.0923,51.4635467],[0.092251,51.4635318],[0.092118,51.4634911],[0.0920885,51.4634821],[0.0920532,51.4634713],[0.0920199,51.4634611],[0.0918967,51.4634235],[0.0918676,51.4634146],[0.091813,51.4633979],[0.0917828,51.4633887],[0.0916656,51.4633529],[0.0916455,51.4633467],[0.0915805,51.4633268],[0.0915525,51.4633183],[0.0914446,51.4632853],[0.0914185,51.4632773],[0.0913517,51.4632569],[0.0913095,51.463244],[0.0912213,51.4632171],[0.0911992,51.4632103],[0.0911094,51.4631829],[0.0910782,51.4631733],[0.0909957,51.4631481],[0.090882,51.4631134],[0.090769,51.4630788],[0.0907504,51.4630733],[0.090547,51.4630118],[0.0905221,51.4630043],[0.0904728,51.4629894],[0.0904446,51.4629809],[0.0903248,51.4629447],[0.0903,51.4629372],[0.0902366,51.462918],[0.0902081,51.4629094],[0.0900988,51.4628764],[0.0900784,51.4628703],[0.0900074,51.4628488],[0.0899751,51.4628391],[0.089871,51.4628076],[0.0898462,51.4628001],[0.0897856,51.4627824],[0.0897395,51.4627688],[0.0896248,51.4627352],[0.0895447,51.4627127],[0.0895123,51.4627036],[0.0892955,51.4626444],[0.0892778,51.4626395],[0.0891457,51.4626025],[0.0890042,51.4625628],[0.0889768,51.4625561],[0.0888302,51.4625199],[0.0887998,51.4625124],[0.088761,51.4625028],[0.0887383,51.4624972],[0.0885689,51.4624553],[0.0885274,51.4624451],[0.0884972,51.4624376],[0.0883657,51.4624052],[0.0883398,51.462398],[0.0882913,51.4623868],[0.0882751,51.4623828],[0.0881466,51.4623535],[0.0881253,51.4623486],[0.0880563,51.4623329],[0.0880274,51.4623267],[0.0879219,51.4623039],[0.0878966,51.4622985],[0.087813,51.4622804],[0.0877893,51.4622752],[0.087688,51.4622533],[0.0876624,51.4622478],[0.0875853,51.4622311],[0.0875467,51.4622228],[0.0874689,51.4622063],[0.0874428,51.462201],[0.0873453,51.4621813],[0.0873196,51.4621763],[0.0872311,51.4621603],[0.0870978,51.4621362],[0.0870703,51.4621313],[0.0869912,51.4621171],[0.0868477,51.4620914],[0.0868224,51.4620869],[0.0867784,51.462079],[0.0867536,51.4620746],[0.0866726,51.4620601],[0.0866125,51.4620494],[0.0865857,51.4620445],[0.0864357,51.4620178],[0.0863776,51.4620083],[0.0863525,51.4620042],[0.0861302,51.4619684],[0.0860958,51.461963],[0.0858844,51.4619305],[0.0858552,51.461926],[0.0856948,51.4619016],[0.0856387,51.4618941],[0.0856154,51.461891],[0.0853884,51.4618606],[0.0853596,51.4618568],[0.0851683,51.4618312],[0.0851417,51.4618282],[0.085118,51.4618255],[0.0849468,51.461806],[0.0849117,51.461802],[0.0849019,51.4618009],[0.0848627,51.4617965],[0.0847004,51.4617781],[0.0846611,51.4617736],[0.084625,51.4617695],[0.0845414,51.4617611],[0.0844108,51.4617483],[0.0843814,51.4617456],[0.0842443,51.4617327],[0.0842154,51.46173],[0.0841631,51.461725],[0.0841168,51.4617209],[0.0840014,51.4617105],[0.0839193,51.4617031],[0.0838886,51.4617003],[0.0837822,51.4616907],[0.0837512,51.461688],[0.0836624,51.46168],[0.0836327,51.4616775],[0.0835282,51.4616702],[0.083413,51.4616621],[0.083384,51.4616605],[0.0831631,51.4616479],[0.0831299,51.461646],[0.0829277,51.4616347]],[[0.0829277,51.4616347],[0.0829179,51.4616342],[0.0828786,51.4616325],[0.0826507,51.4616226],[0.0826221,51.4616214],[0.0826017,51.4616205],[0.0825748,51.4616193],[0.0825077,51.461616],[0.0823745,51.4616103],[0.082354,51.4616092],[0.0823359,51.4616082],[0.0822709,51.4616062],[0.08226557404316076,51.46160602783274]],[[0.0983231,51.4639533],[0.0982497,51.4638542],[0.098232,51.463832],[0.0981849,51.4637717],[0.0978228,51.4633396],[0.0977373,51.4632479],[0.0971788,51.4625938]],[[0.0971788,51.4625938],[0.0964492,51.4612836],[0.0961488,51.4605724],[0.096166,51.4603745],[0.0966625,51.459896],[0.0969077,51.4596703],[0.0971793,51.4594432],[0.0975113,51.4591716],[0.0985414,51.4582954],[0.0985755,51.4582687],[0.0986626,51.4582003]],[[0.0986626,51.4582003],[0.0985474,51.4581467],[0.0985107,51.4581296],[0.0981682,51.457947],[0.0975815,51.4575858]],[[0.0975815,51.4575858],[0.0974324,51.457494],[0.0971727,51.457321],[0.0969707,51.4571836],[0.0967736,51.4570434],[0.0964026,51.45676],[0.0960411,51.4564716],[0.0956802,51.4561723],[0.0953596,51.4558871]],[[0.0953596,51.4558871],[0.0952593,51.455925],[0.095079,51.4559692],[0.0947245,51.4560584],[0.0946163,51.4560865],[0.0941511,51.4561979],[0.09314,51.4564439],[0.0920934,51.4566995],[0.0917206,51.4567914],[0.0911104,51.4569409],[0.0903738,51.4571247]],[[0.0899265,51.4564066],[0.0901553,51.4567799],[0.0903738,51.4571247]],[[0.0856457,51.4578202],[0.0859288,51.4574406],[0.0859665,51.457411],[0.0860191,51.4573889],[0.0862752,51.4573236],[0.0868999,51.4571681],[0.0878539,51.4569274],[0.0888723,51.4566714],[0.0895474,51.4565021],[0.0899265,51.4564066]],[[0.0845924,51.4592357],[0.0854887,51.4580312],[0.0856457,51.4578202]],[[0.0832545,51.4588648],[0.0839005,51.4590444],[0.0841823,51.459123],[0.0845924,51.4592357]],[[0.0832545,51.4588648],[0.0831137,51.4590804],[0.083063,51.4591375],[0.082944,51.4591874],[0.0828349,51.4592013],[0.0827167,51.4591948],[0.0818878,51.4590594],[0.081671,51.4590239],[0.0814767,51.4589926],[0.0814138,51.4589821],[0.081121,51.4589353],[0.0808982,51.4588997],[0.080212,51.45879],[0.0799836,51.4587572],[0.0798587,51.4587684]],[[0.0791984376461336,51.45884889975498],[0.0792423,51.4588685],[0.0793679,51.4588857],[0.079423,51.458887],[0.0794891,51.4588786],[0.0795989,51.4588464],[0.0796522,51.4588309],[0.079732,51.4588078],[0.0798587,51.4587684]],[[0.0973150492131365,51.41890675517391],[0.0973176,51.4189224],[0.0973453,51.4189674]],[[0.0973453,51.4189674],[0.0975713,51.4191469]],[[0.0975713,51.4191469],[0.0976189,51.4191689],[0.0976642,51.4191886],[0.0977177,51.4192085],[0.097806,51.4192284],[0.0979642,51.4192486],[0.0980576,51.4192481],[0.0981466,51.4192422]],[[0.0981466,51.4192422],[0.0982499,51.4192569],[0.0983296,51.4192702],[0.0984188,51.4192906],[0.0984987,51.4193169],[0.0986417,51.4193782],[0.0987502,51.4194473]],[[0.0987502,51.4194473],[0.098798,51.4194852],[0.0988315,51.4195169],[0.0988906,51.4195771],[0.0989208,51.4196138],[0.0989898,51.4197166],[0.0990175,51.4197624],[0.0990742,51.4199032]],[[0.1056675,51.4328595],[0.1058412,51.4328894],[0.1062002,51.4329617],[0.1066703,51.4330564],[0.1067069,51.4330638],[0.1080661,51.4333429],[0.1081633,51.4333586],[0.1082697,51.4333661],[0.1085051,51.4333754],[0.1085384,51.4333774],[0.1087748,51.4333917],[0.108805,51.433394],[0.1089193,51.4334003],[0.1090394,51.4334065],[0.1090732,51.4334079],[0.1093093,51.433418],[0.1093455,51.4334195],[0.1098683,51.4334417],[0.1101122,51.4334521],[0.1101506,51.4334534],[0.1103835,51.4334636],[0.1104124,51.433465],[0.1106536,51.4334768],[0.1106818,51.4334782],[0.1109223,51.4334899],[0.1109482,51.4334912],[0.1111842,51.4335027],[0.1112103,51.433504],[0.1114485,51.4335157],[0.111474,51.4335169],[0.1117156,51.4335287],[0.1117442,51.4335301],[0.1119769,51.4335415],[0.1120049,51.4335429],[0.1122515,51.4335549],[0.1123168,51.4335581],[0.1125757,51.4335797],[0.1128368,51.4336015],[0.112921,51.4336085],[0.1131747,51.4336296],[0.1132071,51.4336323],[0.1134474,51.4336524],[0.1134835,51.4336554],[0.1137328,51.4336762],[0.113766,51.4336789],[0.1138304,51.4336842],[0.1140115,51.4337],[0.1140478,51.4337031],[0.1142878,51.4337239],[0.1143231,51.433727],[0.1145696,51.4337483],[0.1146039,51.4337513],[0.1148517,51.4337727],[0.1148846,51.4337756],[0.1151315,51.433797],[0.1151611,51.4337995],[0.1152877,51.4338105]],[[0.1152877,51.4338105],[0.1154012,51.4338198],[0.1154295,51.4338221],[0.1156836,51.4338428],[0.1157149,51.4338454],[0.1159709,51.4338663],[0.115998,51.4338682],[0.1162372,51.4338899],[0.1162694,51.4338929],[0.1162863,51.4338944],[0.1163178,51.4338973],[0.1165207,51.4339156],[0.1165529,51.4339186],[0.1165623,51.4339194],[0.1165923,51.4339222],[0.1168007,51.433941],[0.1168329,51.433944],[0.1168406,51.4339447],[0.1168719,51.4339475],[0.1170888,51.4339672],[0.117117,51.4339697],[0.1171244,51.4339704],[0.1171548,51.4339731],[0.1172688,51.4339835],[0.1173663,51.4339918],[0.1173974,51.4339944],[0.1174089,51.4339954],[0.1174407,51.4339981],[0.117643,51.4340153],[0.1176744,51.434018],[0.1176849,51.4340189],[0.1177155,51.4340215],[0.117927,51.4340395],[0.1179585,51.4340422],[0.1179684,51.434043],[0.1179993,51.4340457],[0.1182046,51.4340631],[0.1182349,51.4340657],[0.1182423,51.4340663],[0.1182725,51.4340689],[0.1184867,51.4340871],[0.1185178,51.4340897],[0.1185224,51.4340901],[0.1185541,51.4340928],[0.1187629,51.4341106],[0.1187982,51.4341136],[0.118829,51.4341162],[0.119045,51.4341346],[0.1190689,51.4341366],[0.1190759,51.4341372],[0.1193237,51.4341583],[0.1193568,51.4341611],[0.1194098,51.4341656],[0.1196045,51.4341821],[0.1196332,51.4341846],[0.1196874,51.4341892],[0.1198754,51.4342091],[0.120102,51.4342332],[0.1202341,51.4342619],[0.1202737,51.4342856]],[[0.1182902,51.4394635],[0.1183213,51.4394914],[0.1183482,51.4395088],[0.118379,51.4395183],[0.1184044,51.4395257],[0.1184504,51.4395321],[0.1184884,51.4395331]],[[0.1184884,51.4395331],[0.1185141,51.4395305],[0.1185371,51.4395263]],[[0.1185371,51.4395263],[0.118651,51.4395358],[0.1187107,51.4395382],[0.1187549,51.43954],[0.1189094,51.4395294]],[[0.1460075,51.4416253],[0.1461487,51.4417205],[0.1461956,51.4418259]],[[0.1322039,51.4454279],[0.1322789,51.4456116],[0.1323293,51.4458027],[0.1323531,51.4458539],[0.1323722,51.445895],[0.1323923,51.4459382],[0.1325,51.4460514],[0.1325744,51.4461011],[0.1325978,51.4461107],[0.1329052,51.4462367],[0.1329748,51.4462777],[0.133072,51.4463338],[0.1331162,51.4463649],[0.1331713,51.4464027],[0.1332215,51.4464339],[0.1333649,51.4465171],[0.1334047,51.4465415],[0.1335143,51.4466076],[0.1336434,51.4466852],[0.1337691,51.4467626],[0.1339262,51.4468606],[0.1342506,51.4470772],[0.1342884,51.4471024],[0.134417,51.4471855],[0.1344253,51.4471908],[0.1347354,51.4473832],[0.1347504,51.4473933],[0.1349697,51.4475417],[0.135192,51.4476993],[0.1352363,51.4477361],[0.1356953,51.4480984]],[[0.1356953,51.4480984],[0.1363262,51.4485919],[0.1363926,51.4486381],[0.1365624,51.4487561]],[[0.1365624,51.4487561],[0.1367811,51.4488754],[0.1373079,51.4491231],[0.1379301,51.4494157],[0.1382867,51.4495917]],[[0.1437784,51.4552197],[0.1437681,51.4552585],[0.1437743,51.4553049]],[[0.1437743,51.4553049],[0.1437866,51.4553911]],[[0.1437866,51.4553911],[0.1437548,51.4554065],[0.1437368,51.4554203],[0.1437219,51.4554383]],[[0.1437219,51.4554383],[0.1437117,51.4554696],[0.1437176,51.4554982],[0.1437274,51.4555139],[0.1437416,51.4555282]],[[0.1437416,51.4555282],[0.1437597,51.4555407],[0.143781,51.455551],[0.1438204,51.4555621],[0.14386,51.4555658],[0.143904,51.455562]],[[0.1424637,51.4557596],[0.1425921,51.4557305]],[[0.1425921,51.4557305],[0.1426727,51.4557122]],[[0.1426727,51.4557122],[0.1427673,51.4556858],[0.1434082,51.4555493],[0.1434689,51.455545]],[[0.1434689,51.455545],[0.1435276,51.4555346],[0.1435716,51.4555267]],[[0.1435716,51.4555267],[0.1436062,51.4555224],[0.1437416,51.4555282]],[[0.1439261,51.4553874],[0.1438962,51.4553809],[0.1438647,51.4553785],[0.1438222,51.4553818],[0.1437866,51.4553911]],[[0.1437219,51.4554383],[0.1436245,51.4554463],[0.1435382,51.4554589],[0.1434895,51.4554692],[0.1427338,51.4556294],[0.1426143,51.4556632],[0.1425486,51.4556773]],[[0.1425486,51.4556773],[0.1423956,51.4557064],[0.1422851,51.4557359]],[[0.1422851,51.4557359],[0.142226,51.4557516]],[[0.142226,51.4557516],[0.1421922,51.4557616],[0.1418886,51.455868],[0.1417068,51.4559377],[0.1415568,51.4559889],[0.1413402,51.4560453],[0.1412721,51.4560657],[0.1410716,51.4561114],[0.1409144,51.4561502],[0.140791,51.4561724],[0.1406108,51.456198],[0.1404669,51.456212],[0.1401616,51.4562568],[0.1397638,51.4563157],[0.1396188,51.4563385],[0.1393294,51.4563906],[0.1391525,51.4564395],[0.1390099,51.4565029],[0.1389478,51.4565346]],[[0.1389478,51.4565346],[0.1389102,51.4565539],[0.1388085,51.4566256],[0.1386961,51.4566995]],[[0.1386961,51.4566995],[0.1386421,51.4567024],[0.1386053,51.4567104],[0.1385641,51.4567312],[0.1385366,51.4567595],[0.1385262,51.4567919],[0.1385277,51.4568118],[0.138534,51.4568247],[0.1385593,51.4568538],[0.1385989,51.4568758]],[[0.1385989,51.4568758],[0.1385837,51.4569536],[0.1385794,51.4570078],[0.1385793,51.4570388],[0.1385816,51.4570854],[0.1385993,51.4572326]],[[0.1385993,51.4572326],[0.1386108,51.4573222],[0.1386081,51.4573692],[0.1387059,51.4574456]],[[0.1387059,51.4574456],[0.1389204,51.4574785],[0.1389957,51.4574665],[0.1391301,51.4574458]],[[0.1391301,51.4574458],[0.1396958,51.4573652],[0.1404361,51.4572584],[0.1406388,51.4572292]],[[0.1406388,51.4572292],[0.1406873,51.4572156],[0.1407344,51.4572023],[0.1413575,51.4571227],[0.1414404,51.4571104]],[[0.1414404,51.4571104],[0.1416438,51.4570809],[0.1416799,51.4570756],[0.1416985,51.4570729],[0.1418664,51.4570491],[0.1419278,51.4570402],[0.1424432,51.4569638],[0.1424979,51.456935]],[[0.1451889,51.457308],[0.1452145,51.4572815],[0.145221,51.4572345],[0.1452881,51.4571783],[0.145443,51.4571196]],[[0.1661946,51.4830808],[0.1666125,51.4828422],[0.1667111,51.4827836],[0.1669421,51.4826499],[0.1674271,51.4823838],[0.1674354,51.4823793],[0.1675371,51.4823235],[0.1680444,51.4820649],[0.1682392,51.4819759],[0.1686673,51.4817803],[0.1689433,51.4816995],[0.1696525,51.4815308],[0.1699212,51.4814861],[0.1709421,51.4813437],[0.1710965,51.4813221],[0.1721102,51.4811807],[0.173333,51.4810088],[0.1745223,51.4808376],[0.1749579,51.4807618],[0.1754437,51.4806593],[0.175517,51.4806419],[0.1755527,51.4806328]],[[0.1755527,51.4806328],[0.1757215,51.4806321],[0.1757377,51.4806315],[0.1757579,51.4806298],[0.175776,51.4806267],[0.1758371,51.4806134],[0.1758608,51.4806055],[0.175891,51.4805923],[0.1759228,51.4805744],[0.1760033,51.4805252],[0.1760128,51.4805166],[0.1760287,51.4805014],[0.1760326,51.4804943],[0.1760327,51.4804858],[0.1760252,51.4804545]],[[0.1768503,51.4804291],[0.1769446,51.4804749],[0.1769811,51.4804878],[0.1770101,51.4805042],[0.1770364,51.4805217]],[[0.1770364,51.4805217],[0.177043,51.480559],[0.177062,51.4805945],[0.1771063,51.4806374],[0.1771683,51.4806706],[0.1772459,51.4806919],[0.1773301,51.4806981],[0.1774135,51.4806884]],[[0.1774135,51.4806884],[0.1775152,51.4806502],[0.1775829,51.4805893],[0.1776047,51.4805165]],[[0.1775964,51.4804764],[0.1776764,51.4803283]],[[0.1776764,51.4803283],[0.177709,51.4802298],[0.1777137,51.4802156],[0.1778179,51.480065],[0.1778428,51.4800289],[0.1779069,51.4799485],[0.178556,51.4794043],[0.1789957,51.4790095],[0.1795988,51.4784756],[0.1796352,51.4784452],[0.1798056,51.478283]],[[0.1799449,51.4783451],[0.1798056,51.478283]],[[0.1799449,51.4783451],[0.1799756,51.4784033],[0.1802425,51.4785146],[0.1805762,51.478612],[0.1807933,51.4786756],[0.1810109,51.4787756]],[[0.1810109,51.4787756],[0.18101,51.4788082],[0.181036,51.4788368],[0.1810783,51.4788654],[0.1811394,51.4788844]],[[0.1811394,51.4788844],[0.181116,51.4791526],[0.1810678,51.4791993],[0.1811034,51.4792463],[0.1811213,51.4798284],[0.1811276,51.4798718]],[[0.1811276,51.4798718],[0.1812272,51.4799172],[0.1814603,51.4799163],[0.1817479,51.4799142],[0.1818626,51.4799596],[0.1819262,51.4800335],[0.1819316,51.4800678]],[[0.1819316,51.4800678],[0.1819363,51.4801431]],[[0.1819363,51.4801431],[0.1819147,51.4801922],[0.1818724,51.4802663],[0.1818481,51.4803422],[0.1818501,51.4803806],[0.181854,51.4804547],[0.181857,51.4806028],[0.1818598,51.4806968],[0.1818464,51.4807885]],[[0.1818464,51.4807885],[0.1817231,51.4807882],[0.1813937,51.4807922],[0.1813441,51.480798]],[[0.1813441,51.480798],[0.1812578,51.4807951],[0.1812172,51.4808029],[0.1811702,51.4808149],[0.1811163,51.4808411],[0.1810683,51.4808759]],[[0.178148,51.4806405],[0.177938,51.4806296],[0.1777985,51.4806504],[0.1777142,51.4806773],[0.1776444,51.4807228],[0.1775815,51.4807941],[0.1775307,51.4808494]],[[0.1775307,51.4808494],[0.1775182,51.4810329],[0.1775026,51.4812913],[0.1775071,51.4814151],[0.1775255,51.4814941],[0.1778054,51.4821503],[0.1778274,51.4822268],[0.1778417,51.4822841],[0.1778687,51.482392]],[[0.1778687,51.482392],[0.1778936,51.4824794],[0.1778884,51.4825343],[0.1779014,51.4825902],[0.1779457,51.482646],[0.1780062,51.4826765]],[[0.1684092,51.4884406],[0.1683722,51.4884139],[0.1683177,51.4883906],[0.1682462,51.4883819],[0.1681822,51.4883891],[0.168126,51.4884094],[0.1680843,51.4884405],[0.1680608,51.4884849],[0.1680645,51.4885254],[0.1680903,51.4885625],[0.1681195,51.4885841],[0.1681555,51.4885983],[0.1681923,51.4886083]],[[0.1677091,51.4945682],[0.1672991,51.4938925],[0.167065,51.4935065],[0.1670333,51.4933985],[0.1670482,51.4932665],[0.1673488,51.4928724],[0.1673756,51.4928413],[0.1674706,51.4927234],[0.1676495,51.4925015],[0.1684424,51.4914822],[0.1690385,51.4907409],[0.1690955,51.4906402],[0.1691436,51.4905081],[0.1691549,51.4903594],[0.169128,51.4902548],[0.1690978,51.4901719],[0.1690499,51.4900917],[0.1689938,51.490008],[0.1689292,51.4899481],[0.1688484,51.4898906],[0.1687736,51.4898388],[0.168577,51.4897119],[0.1683289,51.489552],[0.1678907,51.4893023],[0.1677543,51.4892406],[0.167634,51.4891901],[0.1675514,51.4891416],[0.1674799,51.4890948]],[[0.1677091,51.4945682],[0.1677432,51.4946395],[0.167792,51.4947416],[0.1678651,51.4948722],[0.1679405,51.4949431],[0.168198,51.4951324],[0.1684482,51.4953014],[0.1686492,51.4954241],[0.1687701,51.4955218],[0.1688178,51.4956153]],[[0.1688178,51.4956153],[0.1687572,51.4957549],[0.1686742,51.4958185],[0.1685867,51.4958638],[0.1675144,51.4961216],[0.1674931,51.4961282],[0.1671484,51.4962343],[0.1655204,51.4966199],[0.1654326,51.4966763],[0.1654056,51.4966937]],[[0.1617252,51.4968362],[0.1618162,51.4968309],[0.1621563,51.4967795],[0.162686,51.4967254],[0.1632615,51.4967056],[0.1643306,51.4966783],[0.1651782,51.4966688],[0.1654056,51.4966937]],[[0.1213828,51.4897919],[0.1213842,51.4898901],[0.1213532,51.4904583]],[[0.1213532,51.4904583],[0.1213526,51.4905134],[0.1213519,51.4905323],[0.1213445,51.4907121]],[[0.1213445,51.4907121],[0.1213444,51.4907282],[0.1213575,51.4907416]],[[0.1213575,51.4907416],[0.1214224,51.4907818],[0.1214868,51.4908223],[0.1215635,51.4908325]],[[0.1215635,51.4908325],[0.1218618,51.4908379]],[[0.1218618,51.4908379],[0.1218883,51.490838],[0.1221828,51.4908403]],[[0.1221828,51.4908403],[0.1222318,51.4908405]],[[0.1282877,51.4150829],[0.1280922,51.4150602],[0.1279715,51.4150535],[0.1278401,51.4150518],[0.1276094,51.4150518],[0.1274404,51.4150435],[0.1272795,51.415015],[0.126989,51.4149274]],[[0.126989,51.4149274],[0.1269493,51.4148964],[0.1268877,51.414861],[0.1268437,51.4148449],[0.1267684,51.4148247],[0.1266807,51.4148159],[0.1265848,51.4148191],[0.1265081,51.4148308],[0.1264298,51.4148521],[0.1263837,51.4148771],[0.1263375,51.4149088],[0.1262913,51.4149672],[0.126266,51.4150217],[0.1262553,51.4150522],[0.1262505,51.4150783],[0.1262535,51.4150989],[0.1262545,51.415118]],[[0.1262545,51.415118],[0.1262393,51.4151788],[0.1262167,51.4152232],[0.1261163,51.4153182]],[[0.1494413,51.4559914],[0.1493805,51.4558269],[0.1493663,51.4557955],[0.1492295,51.455492],[0.1491978,51.4554061],[0.1491911,51.4553842]],[[0.1491911,51.4553842],[0.1491662,51.4553033]],[[0.1491662,51.4553033],[0.1491183,51.4551474],[0.1490608,51.4549515]],[[0.1490608,51.4549515],[0.1490271,51.4548399]],[[0.1490271,51.4548399],[0.1490575,51.4548345],[0.149093,51.4548201],[0.14912,51.4547996]],[[0.14912,51.4547996],[0.149136,51.4547748],[0.1491392,51.4547479],[0.1491291,51.4547218],[0.1491069,51.4546989],[0.1490745,51.4546812]],[[0.1490745,51.4546812],[0.1490369,51.4546708],[0.1489961,51.4546677],[0.1489556,51.454672],[0.1489189,51.4546835]],[[0.1489189,51.4546835],[0.1488925,51.4546985],[0.148873,51.4547172]],[[0.148873,51.4547172],[0.1487946,51.4547217],[0.1486809,51.4547428],[0.148628,51.4547508],[0.1485541,51.4547621],[0.1484486,51.4547769],[0.1478893,51.4548544],[0.1478033,51.4548603]],[[0.1478033,51.4548603],[0.1476806,51.4548766],[0.1476422,51.4548824],[0.1475714,51.454893],[0.1474632,51.4549111]],[[0.1474632,51.4549111],[0.1474066,51.4549309],[0.1472794,51.4549564],[0.1452638,51.4552557],[0.1451938,51.4552714],[0.1450845,51.4552778],[0.1450368,51.4552752]],[[0.1450368,51.4552752],[0.1449973,51.4552804],[0.1449196,51.4552888]],[[0.1449196,51.4552888],[0.144867,51.4553057],[0.1446227,51.4553392],[0.1442732,51.4553927],[0.1442035,51.4553971],[0.1441497,51.4554007]],[[0.1441497,51.4554007],[0.1440988,51.4554075],[0.1439753,51.4554107]],[[0.1186289,51.4393667],[0.1186267,51.4393073],[0.1186249,51.43928],[0.1186242,51.4392696],[0.1186253,51.4392484],[0.1186238,51.4392238],[0.118619,51.4391815]],[[0.0994019,51.4203927],[0.0993528,51.4202494],[0.0992134,51.4198785]],[[0.0992134,51.4198785],[0.0991011,51.4196899],[0.0990386,51.4196091],[0.0989085,51.4194706]],[[0.0989085,51.4194706],[0.098645,51.4192376],[0.0985965,51.4191512],[0.0985822,51.4190955],[0.0985832,51.4190267]],[[0.0985832,51.4190267],[0.0986218,51.4189652],[0.0986287,51.418942],[0.098634,51.4189241],[0.0986444,51.4188934],[0.0986489,51.418877]],[[0.0986489,51.418877],[0.0986283,51.4188255],[0.0986092,51.4187953],[0.0985754,51.418758],[0.0985091,51.4186986]],[[0.0985091,51.4186986],[0.098203,51.4184804]],[[0.098203,51.4184804],[0.0981424,51.4184576],[0.09812075270449792,51.41845259297308]],[[0.1480549,51.4842176],[0.148225,51.4842215],[0.1483254,51.4842157],[0.1483462,51.4842145],[0.1483745,51.4842117],[0.1487183,51.4841772],[0.1490482,51.4841464],[0.149443,51.4841095],[0.1495907,51.4841052],[0.1497106,51.4841113],[0.1499196,51.4841338],[0.1504153,51.4841865],[0.1506027,51.4842047],[0.1508947,51.4842273],[0.1510936,51.4842441],[0.151274,51.4842646],[0.1514925,51.484293],[0.1523054,51.4844029],[0.1525173,51.4844329],[0.1529758,51.4844979],[0.153307,51.4845454],[0.1534272,51.4845622],[0.1537421,51.4846117],[0.1539316,51.484644],[0.1545661,51.484763],[0.1550444,51.4848674],[0.1554042,51.48495],[0.1559662,51.4850938],[0.1563664,51.4852001],[0.1565364,51.4852391],[0.1566461,51.4852582],[0.1568042,51.4852725],[0.1569711,51.4852714],[0.1573135,51.4852436],[0.1577085,51.485214],[0.1578784,51.4852033],[0.1581809,51.4851842],[0.1590612,51.4851631],[0.1599241,51.4851425],[0.1606071,51.485108],[0.1608492,51.485086],[0.1611177,51.4850482],[0.1613964,51.4849924],[0.1615333,51.4849598],[0.1623603,51.484766],[0.162576,51.4847155],[0.1627737,51.4846717],[0.163198,51.4845977],[0.1636957,51.4845407],[0.1640029,51.4845277],[0.1642847,51.4845362],[0.1643594,51.4845353],[0.1644113,51.4845199]],[[0.1644113,51.4845199],[0.1644587,51.4845033],[0.1645196,51.4844517],[0.1646333,51.4843106],[0.1646754,51.4842623]],[[0.1646754,51.4842623],[0.1648731,51.4840387],[0.1650077,51.483876]],[[0.1650077,51.483876],[0.1651557,51.4837915],[0.1652663,51.483703],[0.1653516,51.4836752]],[[0.1653516,51.4836752],[0.1653925,51.4836698],[0.1654298,51.4836614],[0.1654624,51.4836472],[0.165488,51.4836283],[0.1655048,51.483606],[0.1655118,51.4835816],[0.1655085,51.483557]],[[0.1655085,51.483557],[0.165613,51.48347],[0.1656856,51.4833729]],[[0.1656856,51.4833729],[0.1658599,51.4832718],[0.1661946,51.4830808]],[[0.1774135,51.4806884],[0.1774816,51.4807765],[0.1775307,51.4808494]],[[0.1779345,51.4805637],[0.1778787,51.4805402],[0.177817,51.4804959],[0.1777057,51.4803815],[0.1776764,51.4803283]],[[0.1811394,51.4788844],[0.1812015,51.4788881],[0.1812777,51.4788733],[0.1813254,51.4788482]],[[0.1813254,51.4788482],[0.1813542,51.4787933],[0.1813504,51.4787372],[0.1813281,51.4787122]],[[0.1813281,51.4787122],[0.1816619,51.4785749],[0.181719,51.4785493],[0.1820474,51.4784606],[0.1822795,51.4784221],[0.1826173,51.4784039],[0.1827795,51.478404]],[[0.1827795,51.478404],[0.1834041,51.4783744],[0.1845366,51.4783679],[0.1856373,51.4783545],[0.1859773,51.4783504]],[[0.1859773,51.4783504],[0.1861266,51.4783462],[0.1862275,51.4783383],[0.1863008,51.4783294],[0.1869379,51.4782362],[0.1869946,51.4782278],[0.1875267,51.4781499],[0.1877246,51.4781317],[0.1880287,51.4781002],[0.1881124,51.4780941],[0.1886005,51.4780517],[0.1891705,51.4780022],[0.189345,51.477987]],[[0.189345,51.477987],[0.1895111,51.4779703],[0.1898466,51.4779365],[0.1901178,51.4779081],[0.1906539,51.4778146],[0.1912781,51.4777009],[0.1914474,51.477654],[0.1915656,51.4776168],[0.1918934,51.4775585],[0.1923662,51.4774755],[0.1928289,51.4773976],[0.1934285,51.477302],[0.1939383,51.4772144],[0.194052,51.4771948],[0.1950359,51.4770284],[0.1952076,51.4769557]],[[0.1952076,51.4769557],[0.1952917,51.4760699],[0.1952967,51.4759929],[0.1953007,51.4759315],[0.1953051,51.4758639],[0.1953119,51.4756018],[0.1952983,51.4752987],[0.1952901,51.4751143]],[[0.1952901,51.4751143],[0.1952913,51.474964],[0.1952787,51.4747442],[0.195257,51.4743661],[0.1952516,51.4741205],[0.1952599,51.4737351],[0.1952637,51.4735595],[0.1952586,51.4730866],[0.1952653,51.4726577],[0.1952709,51.4723042],[0.1952677,51.4721749],[0.1952028,51.4720318],[0.1951389,51.4719282],[0.1950606,51.4718389],[0.1948985,51.4717077],[0.1947191,51.4715894],[0.1945394,51.4715159],[0.1942287,51.4714331],[0.1939997,51.4713865],[0.1939063,51.4713729],[0.1936624,51.4713456]],[[0.1932638,51.4710924],[0.1933209,51.4710954],[0.1933539,51.4711046],[0.1935019,51.4712173],[0.1936624,51.4713456]],[[0.1932895,51.4688335],[0.1932721,51.4693155],[0.193263,51.4696074],[0.1932577,51.4698991],[0.1932503,51.4702261],[0.1932637,51.4706865],[0.1932638,51.4710924]],[[0.1933072,51.467628],[0.1933372,51.4677041],[0.193315,51.4683226],[0.1932895,51.4688335]],[[0.1933072,51.467628],[0.1932719,51.4675959],[0.193224,51.4675667],[0.1931751,51.4675513],[0.1927696,51.4674985],[0.1923115,51.4674463],[0.1915489,51.467373],[0.1912386,51.4673456],[0.1911642,51.4673561],[0.1911401,51.4673729]],[[0.1911401,51.4673729],[0.190929,51.4676039]],[[0.190929,51.4676039],[0.1909215,51.4676121],[0.1907139,51.4678412]],[[0.1907139,51.4678412],[0.1905661,51.468012],[0.1904702,51.4681541],[0.1904142,51.4683069],[0.1903886,51.4684595],[0.1903952,51.4687081]],[[0.1903952,51.4687081],[0.1903999,51.469008],[0.1904239,51.469205],[0.1904673,51.469339],[0.1904993,51.4694375],[0.1905405,51.4696092],[0.1905987,51.4698513],[0.1906068,51.470146],[0.1905903,51.4702431],[0.1905495,51.4703188],[0.1904701,51.470375],[0.190377,51.4703957],[0.1902379,51.4704311]],[[0.1902379,51.4704311],[0.1901144,51.4703225],[0.1899933,51.4701853],[0.1898173,51.4700421],[0.1896253,51.4699271],[0.1894661,51.4698471],[0.1892159,51.469749]],[[0.1892159,51.469749],[0.1880823,51.4693482]],[[0.1880823,51.4693482],[0.1875933,51.4691722],[0.1868837,51.4689169],[0.1866275,51.4688247],[0.1862386,51.4686827],[0.1859194,51.4685717],[0.185684,51.4684779],[0.1852986,51.4682687],[0.1851898,51.4681885],[0.184878,51.4679586],[0.1844231,51.4676699],[0.1840489,51.4674829],[0.1836954,51.4673432],[0.1833523,51.4672267]],[[0.1901688,51.4672562],[0.1901167,51.4672738],[0.190057,51.4672818],[0.1896245,51.4672578],[0.1891449,51.467224],[0.1885423,51.4671777],[0.1881988,51.4671329],[0.1878448,51.4670719],[0.1875269,51.467006],[0.187277,51.4669542],[0.186923,51.4668657],[0.1864716,51.4667579],[0.1861998,51.4667054],[0.1859197,51.4666717],[0.1854871,51.4666232],[0.1850396,51.4665681],[0.1846532,51.4665539],[0.1845314,51.4665653],[0.184486,51.4665695],[0.1842243,51.4666332],[0.1840642,51.4666907],[0.1839217,51.466757],[0.1838043,51.4668284],[0.1836303,51.4669688],[0.1834714,51.4671236],[0.1833523,51.4672267]],[[0.1901688,51.4672562],[0.1901971,51.467221],[0.1902047,51.4671359],[0.1903818,51.4667843],[0.1903971,51.4667529],[0.1904916,51.4665597],[0.1905172,51.4664474],[0.1905179,51.4663411],[0.1905179,51.4662626],[0.1904904,51.4661885],[0.1904554,51.4661216],[0.1903987,51.4660518],[0.1901879,51.4658458],[0.189936,51.4656712],[0.1897182,51.4655439],[0.1891657,51.4652211],[0.1887216,51.464949],[0.1883405,51.4647247],[0.1881581,51.4646154],[0.1880474,51.464549],[0.1876293,51.4642958],[0.187486,51.464209]],[[0.187486,51.464209],[0.1872675,51.464036],[0.1872066,51.4639861],[0.1871574,51.4639382]],[[0.1871574,51.4639382],[0.1871586,51.4638203],[0.1871684,51.4637975],[0.1872042,51.4637306],[0.1872479,51.4636804],[0.1872768,51.4636417]],[[0.1872768,51.4636417],[0.1873606,51.4636146],[0.1875726,51.4635328],[0.1876817,51.4634806],[0.187717,51.463454],[0.1877545,51.4634021],[0.1877553,51.4633646]],[[0.1877553,51.4633646],[0.1877459,51.463342],[0.1877278,51.4633198],[0.1876998,51.4632933],[0.1876494,51.4632701],[0.1875822,51.4632429],[0.187506,51.4632292],[0.187434,51.4632239],[0.1873685,51.4632304]],[[0.1873685,51.4632304],[0.1870067,51.4633433]],[[0.1870067,51.4633433],[0.1867793,51.463362],[0.1867494,51.4633673],[0.1864065,51.4634323],[0.1861818,51.4634517],[0.1859709,51.4634632],[0.1857786,51.4634603],[0.1853642,51.4634429],[0.1837931,51.4632618],[0.1832645,51.4632225],[0.183194,51.4632125],[0.1831017,51.4631899],[0.1830311,51.4631555],[0.1829681,51.4631099]],[[0.1829681,51.4631099],[0.1829363,51.4630648],[0.1827977,51.4629921],[0.1826614,51.4629558],[0.1825349,51.4629455],[0.1824035,51.4629578]],[[0.1824035,51.4629578],[0.1823312,51.4629994],[0.1822779,51.4630437],[0.1822315,51.4630883],[0.1820986,51.4632369]],[[0.1820986,51.4632369],[0.1820348,51.4633374],[0.1820208,51.4633557]],[[0.1820208,51.4633557],[0.1818138,51.4635149]],[[0.1818138,51.4635149],[0.1817473,51.4635531],[0.1816602,51.4635843]],[[0.1816602,51.4635843],[0.1816071,51.4635849],[0.1813024,51.4635877],[0.1811746,51.4635897],[0.1810685,51.4635909],[0.179369,51.4636071],[0.1777171,51.463621],[0.1773783,51.4636243],[0.1770623,51.4636256],[0.1755659,51.4636321],[0.1752945,51.4636293],[0.1747093,51.4636357],[0.1731583,51.4636528],[0.1726798,51.4636581],[0.1725616,51.4636607],[0.1723396,51.463665],[0.1706176,51.4636982],[0.1692603,51.4637245],[0.16741,51.4637602],[0.1673648,51.4637617],[0.1670517,51.4637721],[0.1667548,51.4638473]],[[0.1667548,51.4638473],[0.1661605,51.4640459],[0.1646413,51.4641582],[0.1615126,51.4643977],[0.1608101,51.4643562],[0.160734,51.4643472],[0.1606602,51.4643301],[0.1605611,51.464294],[0.1604712,51.4642423],[0.1594306,51.4634147],[0.15935,51.463375],[0.1592619,51.463352]],[[0.1592619,51.463352],[0.1594444,51.4629981]],[[0.1594444,51.4629981],[0.15989,51.4621495],[0.1604467,51.4610999],[0.1605285,51.4609428],[0.1608128,51.4604985],[0.1608178,51.460491],[0.1610396,51.4601694],[0.1610962,51.4600825]],[[0.1478417,51.457153],[0.1477578,51.457122],[0.1475457,51.4570437]],[[0.1048979,51.4335751],[0.1051181,51.4335672],[0.1051442,51.4335668]],[[0.1040307,51.4336035],[0.1042468,51.4335933],[0.1048516,51.4335764],[0.1048979,51.4335751]],[[0.1036669,51.4336677],[0.1037369,51.4336457],[0.1037984,51.43363],[0.1038865,51.4336142],[0.1040307,51.4336035]],[[0.07479259434556333,51.432279587145935],[0.075587,51.4321041],[0.0757712,51.4320604],[0.0776681,51.4316102]],[[0.0776681,51.4316102],[0.0795518,51.4311725]],[[0.0795518,51.4311725],[0.0808523,51.4308523],[0.0820987,51.4305321],[0.0824839,51.4304254],[0.0827671,51.430319],[0.0831133,51.4301605],[0.0834488,51.4299787],[0.0839177,51.4296324],[0.0841292,51.429406],[0.084385,51.4291086]],[[0.084385,51.4291086],[0.0845756,51.4288869],[0.0855884,51.4277417],[0.0857672,51.4275553]],[[0.0857672,51.4275553],[0.0865583,51.4267302],[0.0874693,51.4258991],[0.0890472,51.4245437],[0.0892736,51.4243761],[0.0909167,51.4231597],[0.0913572,51.4228468],[0.0915882,51.422692],[0.0917789,51.4225632],[0.0922775,51.4222319],[0.0927854,51.4219039],[0.0931171,51.4216889],[0.0939232,51.4211834],[0.0952359,51.4203904],[0.0957533,51.4200943],[0.0974361,51.4191668],[0.0976541,51.4190467],[0.0979807,51.4188667],[0.0982453,51.4187252]],[[0.0982453,51.4187252],[0.0985054,51.4185923]],[[0.0985054,51.4185923],[0.0991603,51.4182592],[0.0994281,51.4181218],[0.0999129,51.4178718],[0.1002958,51.4176745],[0.1005916,51.4175247],[0.1009353,51.4173464],[0.1013316,51.417145],[0.1022005,51.416693],[0.1031522,51.4162373],[0.1045755,51.4156271]],[[0.1045755,51.4156271],[0.1050438,51.4154374],[0.1054203,51.4152883],[0.1059665,51.4150839]],[[0.1059665,51.4150839],[0.1064612,51.4148987],[0.1069225,51.4147401],[0.1077636,51.4144562],[0.108477,51.4142319],[0.1093646,51.4139677],[0.1102867,51.4137222],[0.1111553,51.4134994],[0.111927,51.4133156]],[[0.111927,51.4133156],[0.1130627,51.4130734],[0.11336152558046535,51.4130150163891]],[[0.1487145987499844,51.40854356037501],[0.14888267463241805,51.40849313761028]],[[0.0860487,51.4416796],[0.0861616,51.4416069],[0.0863217,51.4415006],[0.0864667,51.4413927],[0.0866758,51.4412379],[0.0867179,51.4412035],[0.0870066,51.4409893],[0.0871719,51.4408787],[0.0878931,51.4404082],[0.0880479,51.4402811],[0.0882495,51.4400875],[0.0885668,51.4397641],[0.0887563,51.4395923],[0.0889364,51.43947],[0.0889741,51.4394448],[0.0894943,51.4391622],[0.0896167,51.4390951],[0.0896395,51.4390825],[0.089687,51.4390576],[0.0897046,51.4390501],[0.0898711,51.4389773],[0.0899469,51.4389589],[0.0900735,51.4389391],[0.0903029,51.4389032],[0.0903179,51.4389015],[0.0905385,51.4388763],[0.0907807,51.4388535],[0.0908885,51.4388425],[0.0910215,51.438829],[0.0910554,51.4388251],[0.0912617,51.4388014],[0.0912918,51.4387976],[0.0914796,51.4387727],[0.0915374,51.4387648],[0.0917195,51.4387416],[0.091779,51.4387329],[0.0919418,51.4387068],[0.0919604,51.4387038],[0.0919897,51.4386988],[0.0921743,51.4386674],[0.0922071,51.4386614],[0.092406,51.4386249],[0.0926399,51.4385811],[0.0928669,51.4385389],[0.0931647,51.4384772],[0.0933349,51.4384386]],[[0.0994572,51.4198339],[0.0992759,51.41952],[0.0992192,51.4194218]],[[0.1181189,51.4479515],[0.1183577,51.4479834],[0.1185173,51.4480186]],[[0.1186452,51.4481167],[0.1187312,51.4481382],[0.1188237,51.4481421],[0.1189135,51.448128],[0.1189919,51.4480973]],[[0.1190465,51.4480578],[0.1191457,51.4480226],[0.1192577,51.4480035],[0.1194196,51.4480106],[0.1195843,51.4480249],[0.1198246,51.4480624],[0.1199478,51.4480918],[0.1200407,51.4481227],[0.120086,51.4481554],[0.1202272,51.4483246]],[[0.1202272,51.4483246],[0.1202405,51.448362],[0.1202675,51.4483963],[0.1203118,51.448428],[0.1203678,51.4484524],[0.1204384,51.4484671],[0.1205128,51.4484686],[0.1206113,51.4484523],[0.1206365,51.4484429],[0.1206743,51.4484233],[0.1207436,51.4483671]],[[0.1207436,51.4483671],[0.1208305,51.4483189],[0.1209339,51.4482381],[0.120961,51.4482223],[0.1209877,51.4482108],[0.121006,51.4482029],[0.1210507,51.4481902],[0.1211186,51.4481783],[0.1212683,51.4481449]],[[0.1798056,51.478283],[0.1799951,51.478077],[0.1800715,51.4779945],[0.1801108,51.4779513],[0.1804315,51.4776189],[0.180602,51.4774587],[0.1807816,51.4773021],[0.1809879,51.4771313],[0.1811768,51.4769576],[0.1813891,51.476706],[0.1815052,51.4764807],[0.1815583,51.4763318],[0.1815803,51.4762566],[0.181597,51.4761366],[0.1816101,51.4759538]],[[0.1816101,51.4759538],[0.1815944,51.4756127],[0.1815818,51.4754553]],[[0.1815818,51.4754553],[0.1815518,51.4751985],[0.1815391,51.4750887],[0.1814658,51.4744532],[0.1814175,51.4741402],[0.1813735,51.4738529]],[[0.1813735,51.4738529],[0.1814463,51.4738179],[0.1814898,51.4737684],[0.1814973,51.4737096],[0.1814742,51.4736645],[0.1814256,51.4736255],[0.1813496,51.4735977]],[[0.1813496,51.4735977],[0.1812211,51.47286],[0.181214,51.4728193],[0.1811272,51.4723211],[0.1811005,51.4721405],[0.1809833,51.4713974],[0.1809589,51.4707943],[0.1809511,51.4706729],[0.1809517,51.4705333],[0.1809473,51.4704991],[0.1809488,51.4704656],[0.1809521,51.4702927]],[[0.1809521,51.4702927],[0.1809599,51.4702037],[0.1809609,51.4699738],[0.1809753,51.469595],[0.1810269,51.4688467],[0.1811205,51.4675237],[0.1811324,51.467358],[0.1811458,51.4672002],[0.1811509,51.4671526]],[[0.1811509,51.4671526],[0.1812186,51.467072],[0.1813464,51.4670341],[0.1814034,51.4670313],[0.1816415,51.4670291],[0.1819543,51.4670014]],[[0.1833523,51.4672267],[0.1830979,51.4671575],[0.183028,51.4671403],[0.182884,51.4671049],[0.1827727,51.4670775],[0.1825808,51.4670443],[0.1825356,51.4670401],[0.1823536,51.4670208],[0.1819543,51.4670014]],[[0.1877553,51.4633646],[0.1882447,51.4628494],[0.1885089,51.4626025],[0.1889103,51.4622501],[0.1891034,51.4620995],[0.1891408,51.4620593],[0.1897843,51.4614671],[0.1908421,51.4605657],[0.1911267,51.4603439],[0.1914311,51.460088],[0.1915959,51.4599758]],[[0.1915959,51.4599758],[0.1916716,51.4599877],[0.1917563,51.4599814],[0.1918254,51.4599588],[0.1918501,51.4599403],[0.1918871,51.4599128],[0.1919106,51.4598665],[0.191901,51.4598036],[0.1918455,51.4597482]],[[0.1918455,51.4597482],[0.1919271,51.4596814],[0.1921514,51.4593639],[0.1924598,51.4590841],[0.1932545,51.4584516],[0.1933982,51.4583323],[0.1934481,51.4582965],[0.1941099,51.4577545],[0.1943093,51.4576083],[0.1944792,51.4574953],[0.1948556,51.4572523],[0.1952397,51.4569946],[0.1954585,51.4568613],[0.195616,51.456765],[0.1958501,51.4566224],[0.1959196,51.4565925],[0.1959793,51.4565756],[0.1960385,51.4565596]],[[0.1960385,51.4565596],[0.1960933,51.456571],[0.1961444,51.4565753],[0.1961982,51.4565737],[0.1962653,51.4565626],[0.1963114,51.4565481],[0.1963526,51.4565287],[0.1963925,51.4565011],[0.1964211,51.4564708],[0.1964407,51.4564354],[0.1964478,51.4564052],[0.196445,51.4563671],[0.1964336,51.4563375],[0.1964157,51.456311],[0.1963601,51.4562644],[0.1963085,51.4562402],[0.1962488,51.4562235]],[[0.1962488,51.4562235],[0.1961237,51.4561616],[0.1958831,51.4560919],[0.1958083,51.4560804]],[[0.1956624,51.4560214],[0.1958083,51.4560804]],[[0.1882524,51.4543619],[0.1885841,51.4544155],[0.1887005,51.4544328],[0.188822,51.4544476],[0.1888303,51.4544486],[0.1888609,51.4544507],[0.1889449,51.4544562],[0.1890902,51.4544629],[0.1903032,51.4545152],[0.1912303,51.4545611],[0.1913767,51.4545685],[0.1915853,51.4545805],[0.1922325,51.454615],[0.1928263,51.4546418],[0.1931307,51.4546714],[0.1934672,51.4547355],[0.1937231,51.4547972],[0.1939641,51.4548716],[0.1942084,51.4549471],[0.1946096,51.4551527],[0.1949101,51.4553458],[0.195146,51.4555825],[0.1953043,51.4557849],[0.1955181,51.4559447],[0.1956624,51.4560214]],[[0.188135,51.4543434],[0.1882524,51.4543619]],[[0.1880255,51.4543251],[0.188135,51.4543434]],[[0.1798705,51.4528937],[0.1799002,51.4529117],[0.1800081,51.452957],[0.1802129,51.4530203],[0.1805288,51.4530849],[0.1811017,51.4532025],[0.1816698,51.4533241],[0.1820257,51.453397],[0.1823433,51.4534246],[0.1829766,51.4534596],[0.1835656,51.4535258],[0.1838762,51.4535803],[0.1848319,51.4537837],[0.185125,51.4538434],[0.1855941,51.4539374],[0.1857875,51.4539734],[0.1860033,51.4540105],[0.1862901,51.4540581],[0.1865603,51.4541005],[0.1878416,51.4542954],[0.1880255,51.4543251]],[[0.1798705,51.4528937],[0.1798817,51.4528057],[0.1798295,51.4527658],[0.1796926,51.4527325]],[[0.1796761,51.4527038],[0.1796926,51.4527325]],[[0.1796413,51.452423],[0.1796658,51.4526575],[0.1796761,51.4527038]],[[0.1789524,51.4517269],[0.1791151,51.4519044],[0.179362,51.4521195],[0.1796039,51.4523585],[0.1796413,51.452423]],[[0.1789524,51.4517269],[0.1788702,51.4516317],[0.1788419,51.451601],[0.1787625,51.4514756]],[[0.1887694,51.4490598],[0.18877532322235105,51.449059083777705]],[[0.1769091,51.4513627],[0.176962,51.451458],[0.1770001,51.45149],[0.1770499,51.4515319],[0.1771699,51.4515806]],[[0.1771699,51.4515806],[0.1775596,51.4516336],[0.177797,51.4516668]],[[0.177797,51.4516668],[0.1781008,51.4516848],[0.1781697,51.4516802],[0.1782291,51.4516736]],[[0.1782291,51.4516736],[0.178331,51.4516618]],[[0.178331,51.4516618],[0.1785679,51.4516145]],[[0.1785679,51.4516145],[0.1786458,51.4516205],[0.1787319,51.4516394],[0.1788054,51.4516631],[0.1789524,51.4517269]],[[0.1796926,51.4527325],[0.1796774,51.4527925],[0.1797365,51.4528599],[0.1798705,51.4528937]],[[0.1958083,51.4560804],[0.1959092,51.4561814],[0.1959252,51.4562332],[0.1959058,51.4563038]],[[0.1959058,51.4563038],[0.1958753,51.4563511],[0.1958673,51.4563854]],[[0.1958673,51.4563854],[0.1958182,51.4564557],[0.1957433,51.4565223],[0.195628,51.4566126],[0.1954889,51.4567023],[0.1954319,51.456739],[0.1951941,51.456883],[0.1950096,51.4570096],[0.1944434,51.4573857],[0.1939606,51.4577351],[0.1934523,51.4581412],[0.1934048,51.4581779],[0.1931172,51.4584118],[0.19284,51.4586238],[0.1923421,51.4590393],[0.1919807,51.4594114],[0.1918137,51.459622],[0.1916875,51.459708]],[[0.1916875,51.459708],[0.1916107,51.4597165],[0.1915565,51.4597344],[0.191502,51.4597693],[0.1914801,51.4597946],[0.1914633,51.4598421],[0.1914779,51.4598979]],[[0.1914779,51.4598979],[0.1907388,51.4605162],[0.1896411,51.4614405],[0.1891276,51.4619026],[0.1890782,51.4619397],[0.1888175,51.4621684],[0.1886392,51.4623221],[0.188124,51.4627514],[0.1878975,51.46291],[0.1876633,51.463059],[0.1874801,51.4631426],[0.1873685,51.4632304]],[[0.1870067,51.4633433],[0.1869513,51.4633925],[0.1869236,51.4634285],[0.1869017,51.4634739],[0.1868916,51.4635153],[0.1868972,51.4635534]],[[0.1868972,51.4635534],[0.1869404,51.4635917]],[[0.1869404,51.4635917],[0.1869513,51.463702],[0.186979,51.4637448],[0.1870443,51.4638398],[0.1871574,51.4639382]],[[0.1819543,51.4670014],[0.1815714,51.4669574],[0.181521,51.4669553],[0.1813003,51.466946],[0.1811645,51.4669429]],[[0.1811645,51.4669429],[0.1809988,51.4669832]],[[0.1809988,51.4669832],[0.1809823,51.4671753],[0.1809812,51.4672212],[0.1809756,51.4672814],[0.1809495,51.4676342],[0.1809002,51.4683348],[0.1808649,51.4688421],[0.180835,51.4694189],[0.1808274,51.4695557],[0.1807745,51.4702665],[0.1807713,51.4703739]],[[0.1807713,51.4703739],[0.1807749,51.4705007],[0.1807753,51.470538],[0.1807907,51.4707598],[0.1807978,51.4708813],[0.1808325,51.4711784],[0.1808412,51.4712293],[0.1808848,51.4715843],[0.1809493,51.4719388],[0.1810253,51.4726711],[0.1810303,51.4726958],[0.1810379,51.4727336],[0.181173,51.4734001],[0.1811761,51.4736055]],[[0.1811761,51.4736055],[0.1811279,51.4736264],[0.1810872,51.4736575],[0.1810579,51.4737095],[0.1810586,51.4737346],[0.1810664,51.4737706],[0.1810783,51.4737855],[0.181096,51.4738077],[0.1811229,51.4738273],[0.181206,51.4738591]],[[0.181206,51.4738591],[0.1812561,51.4741536],[0.1813212,51.4745355],[0.1813386,51.4751354],[0.1813414,51.4752308],[0.1813068,51.4758648],[0.1813054,51.4759038]],[[0.1813054,51.4759038],[0.1813088,51.475988],[0.1813082,51.4762702]],[[0.1813082,51.4762702],[0.1812939,51.4764241],[0.1812472,51.4765978],[0.1811594,51.4767641],[0.1810597,51.4768945],[0.1809324,51.4770136],[0.180529,51.4773633],[0.1804843,51.4773996],[0.1804384,51.47744],[0.1803527,51.4775208],[0.1801842,51.4776866],[0.1798362,51.4780301],[0.1798002,51.4780677],[0.1796479,51.4782198]],[[0.1798056,51.478283],[0.1796479,51.4782198]],[[0.10984877253751327,51.413618713085604],[0.1091149,51.4138055],[0.1079097,51.4141684],[0.107609,51.4142733],[0.1071973,51.4144267],[0.1067862,51.4145852],[0.1065731,51.4146702],[0.1061034,51.4148796]],[[0.1061034,51.4148796],[0.1053788,51.415163],[0.1049444,51.4153328],[0.1044709,51.4155224],[0.1043571,51.4155624]],[[0.1043571,51.4155624],[0.1037429,51.4157642],[0.1025431,51.4162541],[0.10230325280622804,51.41636436217297]],[[0.10158590487708469,51.416712605146614],[0.101373,51.4168193]],[[0.101373,51.4168193],[0.0985022,51.4183002],[0.0982938,51.4183807],[0.0982255,51.4184047],[0.09819506113522704,51.418407992581464]],[[0.0981466,51.4192422],[0.0983138,51.4191995],[0.098395,51.4191697],[0.0984634,51.419134],[0.098501,51.4191114],[0.098528,51.4190866],[0.0985564,51.4190611],[0.0985832,51.4190267]],[[0.0986489,51.418877],[0.0986956,51.4187972],[0.0987374,51.4187098],[0.0987968,51.4186148],[0.0988455,51.4185625],[0.098939,51.4184937],[0.099261,51.4183167],[0.099458,51.4182107],[0.0996712,51.4181085],[0.1011517,51.4173426],[0.1026337,51.4165953],[0.1033647,51.4162228],[0.1039213,51.4159624],[0.1041949,51.4158337],[0.1045755,51.4156271]],[[0.1059665,51.4150839],[0.1064982,51.4149403],[0.1069768,51.4148017],[0.1083823,51.4143814]],[[0.1083823,51.4143814],[0.1091232,51.4141605],[0.1100197,51.4139],[0.1102109,51.4138516],[0.1110842,51.4136469]],[[0.1110842,51.4136469],[0.1121438,51.4134023],[0.1122151,51.4133909],[0.1122838,51.4133895],[0.1124137,51.4133922],[0.1125204,51.4134019],[0.1126011,51.4134112],[0.1126811,51.41342]],[[0.1128426,51.4134818],[0.1129307,51.4134861],[0.112985,51.4134963],[0.1130441,51.4135026],[0.1130987,51.413507],[0.1131463,51.4135088],[0.1132012,51.4135043],[0.1132712,51.4134945],[0.113344,51.4134835],[0.1134199,51.4134674]],[[0.1134199,51.4134674],[0.11354,51.4134241]],[[0.11354,51.4134241],[0.1137006,51.4133159],[0.1137938,51.4132588],[0.1138518,51.4132252],[0.1138896,51.4131965],[0.1139211,51.4131571],[0.1139381,51.4131334],[0.1139531,51.4130954]],[[0.113354,51.4140623],[0.1133554,51.4140132],[0.1133551,51.4139733],[0.1133299,51.4138867]],[[0.1133299,51.4138867],[0.1133174,51.413844],[0.1132899,51.4137467],[0.1132848,51.4136915],[0.1132879,51.4136647]],[[0.1132879,51.4136647],[0.1132963,51.413638],[0.1133132,51.4136032],[0.1133334,51.4135757],[0.1133595,51.4135415],[0.1134199,51.4134674]],[[0.1214498,51.496374],[0.1215834,51.4963594],[0.1217577,51.4963522],[0.1221302,51.496356],[0.1222064,51.4963565],[0.1222638,51.4963569]],[[0.1222638,51.4963569],[0.1223546,51.4963577]],[[0.1223546,51.4963577],[0.1228885,51.4963661],[0.1234822,51.4963701]],[[0.1234822,51.4963701],[0.1241909,51.4963771],[0.1265587,51.496409],[0.1268645,51.4963898],[0.1274317,51.4964031],[0.1274898,51.4964155],[0.1275591,51.4964303]],[[0.1275591,51.4964303],[0.1276044,51.4964514],[0.1276597,51.4964587],[0.1277129,51.4964513],[0.1277568,51.4964312]],[[0.1277568,51.4964312],[0.1280594,51.4964065],[0.1282116,51.4964136],[0.1282619,51.496416]],[[0.1282619,51.496416],[0.1283083,51.4964378],[0.1283649,51.496446],[0.128422,51.4964393],[0.1284699,51.4964188]],[[0.1284699,51.4964188],[0.1293965,51.49642],[0.130009,51.4964307],[0.1300872,51.4964315]],[[0.1300872,51.4964315],[0.1305961,51.4964196]],[[0.1305961,51.4964196],[0.1307882,51.4963974],[0.1309793,51.4963723],[0.1311759,51.4963369],[0.1313669,51.4962932],[0.1315777,51.4962344],[0.131784,51.4961714],[0.1319804,51.4961035],[0.1321701,51.4960274],[0.1330772,51.495674]],[[0.1330772,51.495674],[0.1332727,51.4956047],[0.1333235,51.4955862],[0.133806,51.4954013],[0.1342629,51.4952261],[0.1344387,51.495154],[0.1348893,51.4949759],[0.1353595,51.4947987]],[[0.1353595,51.4947987],[0.135396,51.494808],[0.1354441,51.4948101],[0.1354941,51.4948007],[0.1355323,51.4947823],[0.1355518,51.4947652],[0.135567,51.4947368]],[[0.135567,51.4947368],[0.1358769,51.494618],[0.1359216,51.4946009],[0.1365583,51.4943551],[0.1373833,51.4940461],[0.1377412,51.4939525],[0.1380144,51.4939236],[0.138104,51.4939285],[0.1381423,51.4939358]],[[0.1381423,51.4939358],[0.1382055,51.4939511],[0.138273,51.4939467],[0.1383297,51.4939235]],[[0.1383297,51.4939235],[0.1384121,51.493919],[0.1386656,51.4939099],[0.1386959,51.4939103],[0.1393989,51.4939192],[0.1403129,51.4939598]],[[0.1403129,51.4939598],[0.1413693,51.4940067]],[[0.1413693,51.4940067],[0.1416686,51.4940195],[0.1425021,51.4940552],[0.1425789,51.4940583],[0.1430057,51.4940741]],[[0.1430057,51.4940741],[0.1432859,51.4940775]],[[0.1432859,51.4940775],[0.1434433,51.4940825]],[[0.1434433,51.4940825],[0.1443296,51.494114]],[[0.1443296,51.494114],[0.1450546,51.4941397]],[[0.1450546,51.4941397],[0.1486861,51.4942803],[0.1492402,51.4943027]],[[0.1492402,51.4943027],[0.1504049,51.4943466],[0.150646,51.4943612],[0.1507237,51.4943658]],[[0.1507237,51.4943658],[0.1510169,51.494403],[0.1512771,51.4944503],[0.1517508,51.4945734]],[[0.1517508,51.4945734],[0.1521241,51.4947252],[0.1522485,51.4947995]],[[0.1522485,51.4947995],[0.1524975,51.4950108],[0.1526841,51.4952014],[0.1527795,51.4954344],[0.1528496,51.4955247]],[[0.1528496,51.4955247],[0.1529087,51.4956452],[0.1529635,51.4958267],[0.1530717,51.4961849],[0.1531358,51.4964942],[0.1531438,51.4965328]],[[0.1531438,51.4965328],[0.1531894,51.496875],[0.1532129,51.4970079],[0.1532538,51.497166],[0.1532593,51.4972263],[0.1532453,51.497279],[0.1532131,51.4973258],[0.1531734,51.4973615],[0.1531172,51.4973983]],[[0.1531172,51.4973983],[0.1529998,51.497464]],[[0.1529998,51.497464],[0.1529576,51.4975139],[0.1529372,51.4975688],[0.1529401,51.4976252],[0.1529793,51.4977043]],[[0.1529793,51.4977043],[0.1530444,51.4977516],[0.1531198,51.497784],[0.1531952,51.4978031],[0.153288,51.4978094]],[[0.153288,51.4978094],[0.1534382,51.4978806],[0.1535636,51.4979387],[0.1538254,51.4980801],[0.1540123,51.4981617],[0.1541749,51.4982186],[0.1544684,51.4982627],[0.1545284,51.4982686],[0.1547286,51.4982717],[0.1549269,51.4982635],[0.1555015,51.498218],[0.1559584,51.4981581],[0.1563695,51.4980844],[0.1569142,51.4979572],[0.1572146,51.497845],[0.1573949,51.4977381],[0.1575571,51.4976383],[0.1576725,51.497534],[0.1577554,51.4974763],[0.1579087,51.497429]],[[0.1755527,51.4806328],[0.1755839,51.4806157],[0.1756283,51.4805899],[0.1756623,51.4805521],[0.175684,51.480514]],[[0.1656856,51.4833729],[0.1655211,51.4834103],[0.1653669,51.4834827]],[[0.1653669,51.4834827],[0.1653274,51.4834848],[0.1652901,51.4834932]],[[0.1652901,51.4834932],[0.1652575,51.4835074],[0.1652319,51.4835262],[0.1652151,51.4835486]],[[0.1652151,51.4835486],[0.1652081,51.4835729],[0.1652115,51.4835976]],[[0.1652115,51.4835976],[0.165225,51.4836208],[0.1652476,51.4836411],[0.165278,51.483657],[0.1653066,51.4836679],[0.1653516,51.4836752]],[[0.1051241,51.4605611],[0.1051614,51.460854],[0.1052009,51.4611798],[0.1052281,51.461262],[0.1058527,51.462359],[0.1059533,51.462536]],[[0.1067813,51.4626202],[0.1069159,51.4626233],[0.1071993,51.4625756]],[[0.1071993,51.4625756],[0.1074113,51.4624673]],[[0.1074113,51.4624673],[0.107391,51.4624081],[0.1073505,51.4623331]],[[0.1073505,51.4623331],[0.1072692,51.4622332]],[[0.1932895,51.4688335],[0.1922474,51.4687904],[0.191819,51.4687795],[0.1908686,51.4687106],[0.1903952,51.4687081]],[[0.1932638,51.4710924],[0.1932669,51.4712301],[0.19327,51.4713304]],[[0.19327,51.4713304],[0.1932066,51.4713347],[0.1931653,51.4713389],[0.1930757,51.4713502],[0.192579,51.4714191],[0.1925433,51.471424],[0.1922261,51.4714707],[0.1916793,51.4715503],[0.1914632,51.4715818],[0.1914255,51.4715864],[0.1913407,51.4715951],[0.1912084,51.4716018],[0.190976,51.4716107],[0.1908908,51.4716128],[0.1908545,51.4716121],[0.1908023,51.471609],[0.1907516,51.4716039],[0.1906909,51.4715958],[0.1906614,51.47159],[0.1906315,51.4715828],[0.1905966,51.4715696],[0.1904935,51.4715279]],[[0.1904935,51.4715279],[0.1904375,51.4714511],[0.1904162,51.4714272],[0.1903924,51.4713989],[0.1903825,51.4713802],[0.1903765,51.4713584],[0.190373,51.4713366],[0.1903604,51.4712084],[0.190339,51.4709554],[0.1903294,51.470856],[0.190292,51.4706758],[0.1902661,51.4705855],[0.1902446,51.4705109],[0.1902379,51.4704311]],[[0.1674323,51.4715079],[0.1683702,51.4715356],[0.169042,51.4715596],[0.1694223,51.4715712],[0.1696926,51.4715805],[0.1711176,51.4716297],[0.171135,51.4716303],[0.1713859,51.471632],[0.1715057,51.4716181],[0.1716061,51.4715929],[0.1722283,51.4713979],[0.1724756,51.4713204],[0.1725492,51.471298],[0.17292,51.4711824],[0.1729453,51.4711745],[0.1729886,51.4711611],[0.1730061,51.4711557],[0.1733372,51.4710534],[0.1734623,51.4710148],[0.1736763,51.4709522],[0.1738009,51.4709158],[0.1738387,51.4709041],[0.1744016,51.4707292],[0.1746357,51.4706563],[0.1749367,51.4705643],[0.1750141,51.4705426],[0.1750914,51.4705209],[0.1751666,51.4705009],[0.1752335,51.4704879],[0.1753478,51.4704705],[0.1754468,51.4704627],[0.1756084,51.4704606],[0.1757854,51.4704644],[0.1761672,51.4704888],[0.176747,51.4705252],[0.1768794,51.4705313],[0.1770758,51.4705261],[0.1771823,51.4705183],[0.1773364,51.470507],[0.1775133,51.4704947],[0.1779134,51.4704584],[0.1786986,51.4704522],[0.1788945,51.4704506],[0.1794728,51.4704427],[0.1796386,51.4704349],[0.1798505,51.4704262],[0.1802612,51.4704213],[0.1804769,51.4704136],[0.1805861,51.4704046],[0.1807713,51.4703739]],[[0.1674323,51.4715079],[0.1673738,51.4715061],[0.1668185,51.4714926],[0.166636,51.4714882],[0.1665529,51.4714862],[0.1656192,51.4714567],[0.1653293,51.4714502],[0.1651496,51.4714462],[0.1649183,51.471441],[0.1644458,51.4714306],[0.1640347,51.4714193],[0.1633538,51.4714059],[0.1631442,51.4713971],[0.1628841,51.471372],[0.1616824,51.471189],[0.1614551,51.4711492],[0.1613524,51.4711384],[0.161245,51.4711506],[0.1611377,51.4712097]],[[0.0842485,51.4662909],[0.0842913,51.4663154],[0.0843449,51.4663065],[0.0844588,51.4662875],[0.0844664,51.4662494]],[[0.0949469,51.4644943],[0.0950366,51.4645205],[0.0950795,51.4645134],[0.0953153,51.4644743],[0.0954026,51.4644236]],[[0.1071993,51.4625756],[0.1076904,51.4625139],[0.107754,51.4625057],[0.1079443,51.4624812]],[[0.1079443,51.4624812],[0.1082034,51.4624482],[0.1084204,51.4624206],[0.1086299,51.4623532]],[[0.1540386,51.4629344],[0.1540446,51.4630317]],[[0.1540446,51.4630317],[0.1541304,51.4630816]],[[0.1549178,51.4639261],[0.1549104,51.4639531],[0.1549414,51.4639838]],[[0.1549414,51.4639838],[0.1549748,51.464012],[0.1549853,51.4640154],[0.1550011,51.4640167],[0.1550139,51.4640159]],[[0.1807713,51.4703739],[0.1809521,51.4702927]],[[0.1813281,51.4787122],[0.1813067,51.4786928],[0.1812535,51.4786725],[0.1811911,51.4786646],[0.1811294,51.4786706],[0.1810735,51.4786884]],[[0.1810735,51.4786884],[0.1810327,51.4787153],[0.1810142,51.4787469],[0.1810109,51.4787756]],[[0.1580589,51.4974139],[0.1581667,51.497379],[0.1582399,51.4973314],[0.1582915,51.4972629],[0.1583036,51.4972093]],[[0.1578676,51.4969948],[0.1576259,51.4969558],[0.1575012,51.4969119],[0.1573835,51.496857],[0.1572576,51.4967587]],[[0.1556891,51.4909509],[0.1557063,51.4905555],[0.1557024,51.490456],[0.1557025,51.4903633]],[[0.1557401,51.4903102],[0.1557434,51.4902817],[0.1557287,51.4902499],[0.1556852,51.4902134],[0.1556318,51.4901937]],[[0.1556318,51.4901937],[0.155561,51.4901873],[0.1554976,51.4901978],[0.1554431,51.4902238]],[[0.1554431,51.4902238],[0.1552088,51.4902485],[0.1545734,51.4903057]],[[0.1480549,51.4842176],[0.1479466,51.4840842],[0.1476914,51.4837695]],[[0.1476914,51.4837695],[0.1476554,51.4837251],[0.1476484,51.4837177],[0.1472009,51.4832474],[0.1471291,51.4831719],[0.1469293,51.4830111],[0.1468982,51.4829904],[0.1466884,51.4828504],[0.1466553,51.4828273],[0.1462926,51.4825668],[0.1461537,51.4824719],[0.1460945,51.4824285],[0.1458342,51.4822374],[0.1457593,51.4821824],[0.1457186,51.4821525],[0.1456206,51.4820805],[0.1455847,51.4820541],[0.1452244,51.4817886],[0.1450675,51.4816743],[0.1448358,51.4815041],[0.1447682,51.4814589],[0.1446282,51.4813523],[0.1445895,51.4813215],[0.1445162,51.4812823]],[[0.1432558,51.4792979],[0.1432636,51.4791803],[0.1432683,51.4791091]],[[0.1432683,51.4791091],[0.1432894,51.4790982],[0.1433249,51.4790629],[0.1433323,51.4790244],[0.1432972,51.4789727]],[[0.1432972,51.4789727],[0.1433346,51.4789165],[0.1433855,51.4788672],[0.1435795,51.4787611]],[[0.1451671,51.4735773],[0.1452132,51.4735799],[0.1452535,51.4735713],[0.1452893,51.4735502],[0.1453064,51.4735205],[0.1453054,51.4735021],[0.145279,51.4734683],[0.1452576,51.473457],[0.1452266,51.4734486]],[[0.1422706,51.4680151],[0.1422913,51.4679632],[0.1422771,51.4679027],[0.1422423,51.4678725]],[[0.1494772,51.4642444],[0.1504205,51.4638038]],[[0.1504205,51.4638038],[0.150537,51.4637506],[0.150622,51.463695],[0.1507224,51.4635963],[0.1511487,51.4631048],[0.1516183,51.4625883],[0.1521502,51.4620061],[0.1527684,51.4613029],[0.1529119,51.4611448],[0.1530071,51.4610626],[0.1531582,51.4610108]],[[0.1530887,51.455759],[0.1531349,51.456133],[0.1531544,51.4563242],[0.1531547,51.4564058],[0.1531549,51.4564873],[0.1531404,51.4570307],[0.1531101,51.4573185],[0.1530645,51.4576206],[0.1528553,51.4585818],[0.1528468,51.4586208],[0.1528243,51.4587191],[0.1528077,51.4588091]],[[0.1530667,51.4556328],[0.1530735,51.4556634],[0.1530854,51.4557326],[0.1530887,51.455759]],[[0.1530574,51.4555831],[0.1530667,51.4556328]],[[0.1530559,51.4555736],[0.1530574,51.4555831]],[[0.1530559,51.4555736],[0.153078,51.4555104],[0.1530792,51.45546],[0.1530654,51.4554118],[0.1530468,51.4553468],[0.1530351,51.4552631]],[[0.1527742,51.4388442],[0.1529148,51.4388323],[0.1530397,51.4387959],[0.1531308,51.4387443],[0.1533844,51.4385918],[0.1535846,51.4384695],[0.1537754,51.43836],[0.1540039,51.4382152]],[[0.1540039,51.4382152],[0.1543071,51.4380108]],[[0.1543071,51.4380108],[0.1545957,51.4378233]],[[0.1545957,51.4378233],[0.1550464,51.4375277],[0.1551758,51.437437],[0.1556982,51.4370558],[0.1559076,51.4369245],[0.1561634,51.4367741],[0.1569979,51.4363832],[0.1573307,51.4362775],[0.1576299,51.4362056],[0.1578158,51.4361872],[0.1580068,51.4361888]],[[0.1580068,51.4361888],[0.1582034,51.4362214],[0.1584343,51.4363021],[0.159406,51.4367314],[0.1595863,51.4368026],[0.1600697,51.4369459],[0.1606028,51.4370477],[0.1611398,51.437122]],[[0.1611398,51.437122],[0.1615394,51.4371341],[0.1619427,51.4371174],[0.1621078,51.4371076],[0.1622072,51.4370978],[0.1624715,51.4370716],[0.1625447,51.4370557]],[[0.1625447,51.4370557],[0.1633714,51.4368705],[0.1637315,51.436765],[0.1638943,51.4367007],[0.1640565,51.4366366],[0.164635,51.436364],[0.1647273,51.4363083],[0.1650365,51.4361215],[0.1650789,51.4360945],[0.1654313,51.43587],[0.1658119,51.4355652],[0.1658491,51.4355354],[0.1663028,51.4351125]],[[0.1663028,51.4351125],[0.1664196,51.4350368],[0.1665431,51.434962],[0.1666589543790407,51.43491543868044]],[[0.1527969,51.4551673],[0.1527898,51.4551966],[0.1527932,51.4552153],[0.1528064,51.4552377],[0.1528245,51.4552546]],[[0.1529065,51.455285],[0.1529324,51.4553392],[0.1529495,51.4553793],[0.1529629,51.4554226],[0.1530077,51.4555147],[0.1530559,51.4555736]],[[0.1462915,51.4587448],[0.1473977,51.4587444],[0.1474454,51.4587317]],[[0.1474454,51.4587317],[0.147466,51.4587037],[0.1474723,51.4580578],[0.147465,51.457314],[0.1474999,51.4572147]],[[0.1180448,51.4392435],[0.1181236,51.4393213],[0.1181771,51.4393635],[0.1181832,51.4393683],[0.1182182,51.4393959],[0.1182577,51.4394214],[0.1182792,51.4394381]],[[0.156648,51.4901384],[0.1565418,51.4900942],[0.156452,51.4900896],[0.1563538,51.4900902],[0.1561687,51.4901013],[0.1559731,51.4901276],[0.1557882,51.4901629],[0.1556318,51.4901937]],[[0.1513912,51.4910421],[0.1513159,51.4910352],[0.1512375,51.4910631],[0.1510012,51.4911317],[0.1509053,51.4911557],[0.1507182,51.4911918],[0.1504775,51.4912253],[0.1499983,51.4912855],[0.1499752,51.4912884],[0.1497442,51.4913161],[0.1494672,51.4913492],[0.1491715,51.4913726],[0.149058,51.4913725],[0.1487006,51.4913518],[0.1485421,51.4913341],[0.1484734,51.4913519]],[[0.1440034,51.4555038],[0.1440993,51.4554826],[0.1441702,51.4554707],[0.1442261,51.4554622],[0.144857,51.4553668]],[[0.144857,51.4553668],[0.144927,51.4553487],[0.1451891,51.4553105],[0.1452668,51.4553053]],[[0.1452668,51.4553053],[0.145523,51.4552669],[0.14564,51.4552475]],[[0.14564,51.4552475],[0.1457075,51.455231],[0.1465097,51.4551125],[0.1466113,51.4551029]],[[0.1466113,51.4551029],[0.1467428,51.4550914]],[[0.1467428,51.4550914],[0.1468089,51.4550785],[0.146898,51.4550655],[0.1475367,51.4549697],[0.147669,51.454952],[0.1477065,51.454947],[0.1486496,51.4548121],[0.1487025,51.4548045],[0.1487291,51.4548015],[0.1488823,51.4548029]],[[0.1488823,51.4548029],[0.1489079,51.4548211],[0.1489405,51.4548343],[0.1489778,51.4548413],[0.1490271,51.4548399]],[[0.14912,51.4547996],[0.1492389,51.4547634],[0.1493218,51.4547495],[0.1493746,51.4547411],[0.1494669,51.4547264]],[[0.1494669,51.4547264],[0.1498551,51.4546623],[0.150146,51.4546224],[0.1504484,51.4545848]],[[0.1504484,51.4545848],[0.1509774,51.4545094],[0.1516469,51.4544186],[0.1517258,51.4544059],[0.1519814,51.4543706],[0.1520348,51.4543687],[0.1521423,51.4543713]],[[0.1523315,51.4542348],[0.152295,51.4542197],[0.1522568,51.4542125],[0.1522277,51.4542115],[0.1521813,51.4542176]],[[0.1521084,51.454257],[0.1520323,51.454273],[0.1519672,51.4542868],[0.1518807,51.4543009],[0.1518075,51.4543107],[0.1515174,51.454352]],[[0.1515174,51.454352],[0.1497737,51.4546004],[0.1494675,51.4546466]],[[0.1494675,51.4546466],[0.1493411,51.4546658],[0.1492892,51.4546736],[0.1492088,51.4546838],[0.1490745,51.4546812]],[[0.1208915,51.4319915],[0.1209584,51.4321738],[0.1209674,51.4322012],[0.1210068,51.4323674],[0.1210656,51.4325147],[0.1211442,51.4326448],[0.121273,51.4328351],[0.1214031,51.4330274],[0.1214474,51.4331018],[0.1214621,51.4331895],[0.1214393,51.4332707],[0.1213897,51.4333318],[0.1212857,51.4334171],[0.1212721,51.4334282],[0.1211752,51.4335097],[0.1211454,51.4335348],[0.1210986,51.4335741],[0.1210231,51.4336433],[0.1209953,51.4336688],[0.120867,51.4337864],[0.1208471,51.4338045],[0.1208215,51.433828],[0.1207197,51.433929],[0.1207,51.4339486],[0.1205106,51.4341365]],[[0.1189298,51.428511],[0.1182825,51.4287436],[0.1180623,51.4288276],[0.1178797,51.4288948]],[[0.1629223,51.4752332],[0.1641228,51.4751228],[0.1645797,51.4750795],[0.1659215,51.4749524],[0.1661647,51.4749311]],[[0.1082592,51.4633849],[0.1082853,51.4633081],[0.1082547,51.4632329],[0.1082422,51.4631982],[0.1082292,51.4631618],[0.1081477,51.4630781]],[[0.1476539,51.4566997],[0.1477032,51.4566978],[0.1477522,51.4567035],[0.1480399,51.456823],[0.1481445,51.4568649],[0.1481829,51.4569069]],[[0.1530584,51.4552462],[0.1532244,51.4552309],[0.1532863,51.4552181],[0.1533899,51.4551928],[0.1534714,51.4551575],[0.1535116,51.4551384],[0.1535541,51.4551169]],[[0.1763038,51.4516011],[0.1763539,51.4516007],[0.1768426,51.4515825],[0.1768841,51.4515823],[0.1771699,51.4515806]],[[0.165662,51.4314698],[0.1659927,51.4320269],[0.1660432,51.4323894],[0.1658791,51.4329304],[0.1657744,51.4335749],[0.1659192,51.4342702],[0.1660357,51.4346657],[0.1661119,51.4349406],[0.1661826,51.4350313],[0.1663028,51.4351125]],[[0.165662,51.4314698],[0.1663396,51.4313305],[0.166385,51.4313203],[0.1665657,51.4312801],[0.16665359333389893,51.43126285975138]],[[0.1797743,51.4808139],[0.179674,51.4808322],[0.1795483,51.4808823]],[[0.1222318,51.4908405],[0.1222419,51.4908407],[0.1223653,51.4908441],[0.1224464,51.4908467]],[[0.1224464,51.4908467],[0.1224638,51.4905996]],[[0.1224638,51.4905996],[0.1224713,51.4900646],[0.1224734,51.4898871],[0.1224743,51.4898293],[0.122474,51.4898103],[0.1224704,51.4897653]],[[0.135567,51.4947368],[0.1355679,51.4947163],[0.1355445,51.4946755],[0.1354998,51.4946495],[0.1354545,51.4946391]],[[0.1269622,51.4813162],[0.1268873,51.481282],[0.1268392,51.4812789],[0.1263103,51.4812666],[0.125809,51.4812604],[0.1255466,51.4812659],[0.1250224,51.4812907],[0.1246083,51.4813095],[0.1241983,51.4813319],[0.1238024,51.4813413],[0.1235713,51.4813494],[0.1232679,51.4813521],[0.12295,51.4813582]],[[0.12295,51.4813582],[0.1226046,51.4813589],[0.1225576,51.481359],[0.12242229206499176,51.48135924849942]],[[0.1259046,51.474665],[0.1259596,51.474665],[0.1260092,51.4746575],[0.12604,51.4746474],[0.1260709,51.474624]],[[0.1359498,51.4716424],[0.1360002,51.4716326],[0.1360408,51.4716116],[0.1360655,51.4715825],[0.1360705,51.4715498]],[[0.1360705,51.4715498],[0.1360546,51.4715179],[0.1360202,51.4714923],[0.1359726,51.471477],[0.1359192,51.4714744]],[[0.1424942,51.4789487],[0.1428352,51.4790341],[0.1430626,51.4790854]],[[0.1431201,51.479116],[0.1431976,51.4791248],[0.1432683,51.4791091]],[[0.1239685,51.4597207],[0.1239382,51.4596486],[0.1238942,51.4595582],[0.1238298,51.4595257]],[[0.1189806,51.4478134],[0.1189268,51.4477223],[0.1189025,51.4476262],[0.118847,51.4473183]],[[0.1182036,51.4396719],[0.1183433,51.4395955],[0.1183944,51.4395675],[0.1184248,51.4395552],[0.1184884,51.4395331]],[[0.1185371,51.4395263],[0.1185778,51.4395137],[0.118597,51.439505],[0.1186122,51.4394921],[0.1186378,51.4394538],[0.1186425,51.4394237],[0.1186398,51.4393998]],[[0.1061169,51.4276856],[0.1060082,51.4273101],[0.1059615,51.4271566],[0.1059306,51.4270928],[0.1057986,51.4269151],[0.1055747,51.4266313],[0.1055221,51.4265775],[0.1053421,51.4263934],[0.1052332,51.426297],[0.1051696,51.4262407],[0.1050894,51.4261697],[0.1048667,51.425982],[0.104426,51.4256104]],[[0.0992192,51.4194218],[0.0991461,51.4192954],[0.0991693,51.4191942],[0.0992614,51.4191142],[0.0993946,51.4190562],[0.0995664,51.4190055],[0.1004679,51.4187409],[0.1007806,51.4186468],[0.1008312,51.4186218],[0.1013937,51.4183432],[0.1020117,51.4180371],[0.103236,51.4173826]],[[0.1816602,51.4635843],[0.1819104,51.4635819]],[[0.1819104,51.4635819],[0.1820687,51.4635955]],[[0.1820687,51.4635955],[0.1821412,51.4636409]],[[0.1821412,51.4636409],[0.1822011,51.4636687],[0.1822681,51.4636906],[0.1823873,51.4637024],[0.1824667,51.4637004],[0.1825471,51.4636933],[0.182588,51.4636832]],[[0.182588,51.4636832],[0.1829709,51.4634619]],[[0.1829709,51.4634619],[0.1830838,51.46342],[0.1832381,51.4633702],[0.1832995,51.4633595],[0.1833644,51.4633481],[0.1834015,51.4633421],[0.1835597,51.4633299],[0.1837389,51.4633398],[0.1837941,51.4633465],[0.1839924,51.4633706],[0.1841537,51.4633903],[0.1845692,51.4634398],[0.1851434,51.4635088],[0.1854078,51.4635332],[0.1856654,51.4635461],[0.1858879,51.4635495],[0.1860314,51.4635443],[0.1861298,51.4635408],[0.1865049,51.4635111],[0.1866293,51.4635115],[0.1867587,51.4635189],[0.1868065,51.4635237],[0.1868972,51.4635534]],[[0.1652115,51.4835976],[0.1651577,51.4836437],[0.1650658,51.4837556],[0.1650077,51.483876]],[[0.1360705,51.4715498],[0.1362012,51.4715482],[0.1363984,51.471534],[0.1366626,51.4714755],[0.1369885,51.4713439]],[[0.1369885,51.4713439],[0.1379983,51.4708899],[0.1382038,51.4707686],[0.1390602,51.4701418],[0.1399919,51.4694634],[0.1400175,51.4694448],[0.1401366,51.4693581],[0.1411494,51.4686363],[0.1420522,51.4680273]],[[0.1452795,51.4773045],[0.1466597,51.4774944],[0.1467071,51.4775013],[0.1478099,51.4776634],[0.1481022,51.4777022],[0.1486818,51.4777792],[0.148992,51.4778141],[0.1490536,51.4778217],[0.1499534,51.477948],[0.1502856,51.4779831],[0.1506509,51.4780376],[0.1510295,51.4781078],[0.1546173,51.4787787],[0.1547799,51.4788336]],[[0.1547799,51.4788336],[0.1552313,51.4784798]],[[0.1552313,51.4784798],[0.1563379,51.4788203],[0.1565026,51.4788569],[0.1567491,51.4788796],[0.1573815,51.4789189],[0.1576491,51.4789281],[0.1580691,51.4789487],[0.1585024,51.4789558],[0.1587871,51.4789444],[0.1590318,51.4789197],[0.1595013,51.4788427],[0.159553,51.4788342],[0.159945,51.4787694],[0.1602012,51.4787062],[0.1604638,51.4786041],[0.160682,51.4785029],[0.1607662,51.4784638],[0.1610834,51.4783516],[0.1616847,51.4781553],[0.1618516,51.4781092],[0.1624402,51.4779945],[0.1637048,51.4777465]],[[0.1659494,51.477529],[0.1654963,51.477574],[0.1649646,51.4776302],[0.1644254,51.4776724],[0.1638742,51.4777108],[0.1637048,51.4777465]],[[0.1669916,51.4748483],[0.1666098,51.4750456],[0.1664913,51.4751402],[0.1661875,51.4754136],[0.165938,51.475733],[0.1658642,51.4758363],[0.1657095,51.4761019],[0.1656677,51.4762434],[0.1656593,51.4763875],[0.1656772,51.4764974],[0.1656802,51.4765159],[0.1657225,51.4766966],[0.1657313,51.4767342],[0.1658126,51.4770037],[0.1658669,51.4771161],[0.1659032,51.4771912],[0.1659436,51.4773188],[0.1659527,51.4774673],[0.1659494,51.477529]],[[0.1669916,51.4748483],[0.1672443,51.4748246],[0.1675543,51.4747956],[0.1677344,51.4747579],[0.1678813,51.4747096],[0.1680037,51.4746824],[0.1681987,51.4747097],[0.168336,51.4747356],[0.1686045,51.4748114],[0.1692109,51.475052],[0.1694055,51.4751422],[0.1702452,51.4754626],[0.1703743,51.4755061],[0.170594,51.4755802],[0.1706692,51.4756115],[0.1707543,51.4756219],[0.1719807,51.4759888],[0.1723011,51.4760781],[0.1730805,51.4763103],[0.173544,51.4764515],[0.1746607,51.4767915],[0.1750095,51.4768977],[0.1755198,51.4770481],[0.1767289,51.4774112]],[[0.1767289,51.4774112],[0.175722,51.4787139]],[[0.175722,51.4787139],[0.1760725,51.4797497],[0.1762705,51.4803692],[0.1762756,51.4804065]],[[0.1425486,51.4556773],[0.1424704,51.4557288],[0.1424637,51.4557596]],[[0.0946191,51.4642475],[0.0946366,51.4643312],[0.0946674,51.4643991],[0.0946804,51.464431],[0.0947217,51.4645294]],[[0.12169920210685202,51.413756054227875],[0.1216502,51.4137706],[0.1215505,51.4137793],[0.121484,51.4137816],[0.1213876,51.4137778],[0.1212843,51.4137709]],[[0.1212843,51.4137709],[0.1207202,51.413675],[0.1203165,51.4136113],[0.1199117,51.4135535],[0.1195982,51.4135126],[0.1191053,51.4134644],[0.1189552,51.4134527],[0.1185116,51.4134317],[0.1179507,51.4134016],[0.1174125,51.413371],[0.116934,51.4133566],[0.1165206,51.4133365],[0.1161432,51.4133209],[0.1159939,51.4133162],[0.1158667,51.4132966],[0.1157955,51.4132778],[0.1157407,51.4132525],[0.1157031,51.4132274],[0.1156745,51.4131985],[0.1156424,51.4131562],[0.11563294114127584,51.41314458882612]],[[0.0999083,51.4264752],[0.1001399,51.4264842],[0.1007451,51.4264818],[0.1009345,51.4264676]],[[0.0863642,51.4301337],[0.0867713,51.4299854],[0.0870878,51.4298445],[0.0873916,51.4296731],[0.0880265,51.429331],[0.0885276,51.4290604],[0.0887607,51.4289361],[0.0888944,51.4288648],[0.088949,51.4288368],[0.0892035,51.4287092],[0.0894147,51.4286284],[0.0896212,51.4285668],[0.0898133,51.4285213],[0.0900146,51.4284834],[0.0904597,51.4284198],[0.0906136,51.4283943],[0.0911764,51.4282891],[0.091635,51.42819],[0.0922095,51.4280634],[0.0924218,51.428012],[0.0926199,51.4279514],[0.0927454,51.4278994],[0.0929119,51.4278223],[0.0931045,51.4277311],[0.0931884,51.4276883],[0.0935096,51.4275422],[0.0936261,51.4274952],[0.0938572,51.4274057],[0.0939982,51.4273586],[0.0944153,51.4272359],[0.0945095,51.4272088],[0.0948299,51.4271127],[0.095035,51.427054],[0.095254,51.4269915],[0.0953248,51.4269708],[0.0956193,51.4268833],[0.0958988,51.4268003],[0.0960703,51.4267631],[0.0961146,51.4267535],[0.0967283,51.4266859],[0.0969244,51.426664],[0.0972033,51.4266293],[0.0972962,51.4266197],[0.0974167,51.4266005],[0.0976818,51.4265604],[0.0978015,51.4265471],[0.0979748,51.4265237],[0.0981069,51.4265076],[0.0982224,51.4264935],[0.0983406,51.4264791],[0.0984116,51.4264705],[0.0984607,51.4264671],[0.0985107,51.4264637],[0.0987042,51.4264505],[0.0988134,51.4264448],[0.0989174,51.426449],[0.0990073,51.4264495],[0.0991085,51.42645],[0.0991591,51.4264503],[0.0994476,51.4264595],[0.0996192,51.426465],[0.0996767,51.4264663],[0.0999083,51.4264752]],[[0.11354,51.4134241],[0.1136771,51.4134068],[0.1137819,51.4133849],[0.1138835,51.4133712],[0.1140575,51.4133599],[0.1142383,51.4133517],[0.1143687,51.4133484],[0.1146666,51.4133405],[0.1150766,51.4133349]],[[0.1150766,51.4133349],[0.1152437,51.4133578],[0.1153832,51.4133582],[0.1157052,51.4133613],[0.1159946,51.4133709],[0.116704,51.4134047],[0.1168653,51.413411]],[[0.1168653,51.413411],[0.1170094,51.4134138],[0.1177192,51.4134464],[0.1183686,51.413474],[0.1186131,51.4134826],[0.1190997,51.4135125],[0.1195634,51.4135623],[0.1198926,51.4136046],[0.1206965,51.413721]],[[0.1206965,51.413721],[0.1207118,51.4137114],[0.1207185,51.4137084],[0.1207283,51.4137079],[0.1212822,51.413808],[0.1216917,51.4138871],[0.121697,51.413887],[0.121701,51.4138854],[0.1217049,51.4138824],[0.1217148,51.4138709]],[[0.1217148,51.4138709],[0.1217703,51.4138033],[0.1217822124733012,51.41377235618797]],[[0.177797,51.4516668],[0.1780908,51.4517219],[0.1781382,51.4517367],[0.1781716,51.4517569],[0.1781933,51.451792],[0.1781939,51.4518428],[0.1781388,51.4519448]],[[0.148347,51.4361297],[0.1482759,51.4360396],[0.1482578,51.4359548],[0.148253,51.4359131]],[[0.148253,51.4359131],[0.1482584,51.435859],[0.1483026,51.4357862]],[[0.1483026,51.4357862],[0.1483268,51.4357357],[0.1483283,51.4356981],[0.1482953,51.4356336],[0.1482429,51.4355922],[0.1481722,51.4355633]],[[0.1481722,51.4355633],[0.1474584,51.4351476],[0.1464048,51.434554],[0.1462601,51.4344719],[0.1458104,51.4342166],[0.1432487,51.4327042],[0.142536,51.4322814],[0.1420417,51.4319834],[0.1415646,51.4316669]],[[0.1415646,51.4316669],[0.1414006,51.4315471],[0.1411179,51.4313466],[0.1408616,51.4311498],[0.1404297,51.4308087],[0.1395668,51.4301254],[0.1394442,51.4300283],[0.139025,51.4296963],[0.138529,51.4293033],[0.1384583,51.4292473],[0.1380309,51.4289098],[0.1377531,51.4286841],[0.1375942,51.4285551],[0.1369326,51.4279528],[0.1365637,51.4275867],[0.1362832,51.4273082],[0.1357764,51.4267052],[0.1353493,51.426157],[0.1352574,51.4260203],[0.1349986,51.425561],[0.1348497,51.425312],[0.1347129,51.4250378],[0.134498,51.4244504],[0.1343933,51.4240485],[0.1343596,51.4237748],[0.1343024,51.4230702],[0.1341804,51.4224594],[0.1338542,51.4215335],[0.1335564,51.4209242],[0.133459,51.4208447],[0.1331676,51.4203774],[0.1330384,51.4202238],[0.1328412,51.4199805],[0.1325605,51.4196343],[0.1324455,51.4194925],[0.1324209,51.4194621],[0.1308025,51.4181641],[0.1300036,51.417438]],[[0.1300036,51.417438],[0.129943,51.4173005],[0.1298598,51.4172338],[0.1297627,51.417156],[0.1296011,51.417095]],[[0.1296011,51.417095],[0.129063,51.4166573],[0.1288573,51.41649],[0.1276229,51.4157312],[0.1271337,51.4154465],[0.1270517,51.415382],[0.1269961,51.4152061]],[[0.1270232,51.4151773],[0.1270458,51.4151507],[0.1270624,51.4151109],[0.127069,51.415084],[0.1270677,51.415057],[0.1270629,51.4150316],[0.1270554,51.4150061],[0.1270311,51.4149676],[0.126989,51.4149274]],[[0.11317827472336468,51.412944460943066],[0.1130135,51.412977],[0.1125311676759098,51.41308125038054]],[[0.11106000309075006,51.413414403057814],[0.1102236,51.4136275],[0.1092974,51.4138761],[0.1084046,51.4141387],[0.1076856,51.4143639],[0.1072675,51.4145013],[0.10684,51.4146464],[0.1066253,51.4147217],[0.1061034,51.4148796]],[[0.1043571,51.4155624],[0.10213,51.4165796],[0.1014886,51.4168977],[0.1008453,51.4172334],[0.099586,51.4178891],[0.0992972,51.418032],[0.098913,51.4182314],[0.0978624,51.4187795],[0.0977496,51.4188346],[0.0969182,51.4192882],[0.0966143,51.419447],[0.0963356,51.419609],[0.0955929,51.4200275],[0.095177,51.4202686],[0.09401,51.4209623],[0.0931877,51.4214736],[0.0926774,51.4217623],[0.0924126,51.4219229]],[[0.0924126,51.4219229],[0.0921862,51.422089],[0.0916851,51.4224296],[0.0903806,51.4233865]],[[0.0903806,51.4233865],[0.089857,51.4237706]],[[0.089857,51.4237706],[0.089322,51.424163],[0.0892679,51.4242027],[0.0890065,51.424421],[0.0877967,51.4254421],[0.0864044,51.4267092],[0.0861527,51.4269577],[0.0856283,51.4275046]],[[0.0856283,51.4275046],[0.0855129,51.4276273],[0.0853227,51.4278399]],[[0.0853227,51.4278399],[0.0844482,51.4288175],[0.0839323,51.4294386],[0.0836013,51.4297296],[0.0832903,51.4299408],[0.0829375,51.4301304],[0.0825146,51.4303067],[0.0821543,51.430419],[0.0805677,51.4308359],[0.0804465,51.4308656],[0.0789876,51.4312231],[0.0786262,51.4313054]],[[0.0786262,51.4313054],[0.0771637,51.4316449],[0.0750432,51.4321371],[0.07471475442134967,51.4322111980899]],[[0.17081448669378949,51.44112591820374],[0.1704826,51.4413608],[0.1701678,51.4415624],[0.1697485,51.4418099]],[[0.1697485,51.4418099],[0.1692181,51.4420879],[0.1682126,51.4425611],[0.1680019,51.4426471],[0.1675013,51.4428419],[0.1669816,51.4430237],[0.1664532,51.4431904],[0.165905,51.4433451],[0.1631076,51.4440584]],[[0.1631076,51.4440584],[0.1621778,51.4442839]],[[0.1621778,51.4442839],[0.1613301,51.4445066],[0.1603713,51.4447648],[0.1597437,51.4449546],[0.1591383,51.4451685],[0.1582822,51.4455187]],[[0.1582822,51.4455187],[0.1579409,51.4456771]],[[0.1579409,51.4456771],[0.1574692,51.4459156]],[[0.1574692,51.4459156],[0.1572714,51.4460417],[0.1563263,51.4465388],[0.1551994,51.4470632],[0.1545743,51.4473075],[0.1540865,51.4474773],[0.1535252,51.4476494],[0.1527384,51.4478564],[0.1518418,51.4480443],[0.1514938,51.4481069],[0.1511358,51.4481633],[0.1506935,51.4482189],[0.1502386,51.4482686],[0.1497746,51.4483067],[0.1493042,51.4483211]],[[0.1493042,51.4483211],[0.1491553,51.4483291],[0.1485588,51.4483426],[0.1479629,51.4483386],[0.147341,51.448326],[0.1453758,51.4482358],[0.1447092,51.4482085],[0.1440382,51.448197],[0.143413,51.4482055],[0.1427445,51.4482388],[0.1417052,51.4483197],[0.1409539,51.4483801],[0.1403734,51.4484126],[0.1398265,51.4484312],[0.1392695,51.4484345],[0.1367092,51.4483385],[0.1339106,51.4482402],[0.1324891,51.4481892],[0.1317947,51.4481729],[0.1311027,51.4481801],[0.1307329,51.4481934],[0.1303587,51.4482126],[0.1296186,51.4482776],[0.1238933,51.4488547]],[[0.1238933,51.4488547],[0.1231201,51.4489494],[0.1205587,51.4492092],[0.1198126,51.4493046],[0.1192638,51.4493894],[0.1187199,51.4494892],[0.1179676,51.4496485],[0.1169865,51.449876]],[[0.1169865,51.449876],[0.1160218,51.4501462],[0.1150627,51.4503765],[0.1140912,51.4505717],[0.1134548,51.4506715],[0.1128137,51.4507641],[0.1121147,51.4508439],[0.1114122,51.4509097],[0.1087465,51.4510692],[0.1078295,51.4511632],[0.1073724,51.4512239],[0.1064977,51.4513674],[0.1059245,51.4514805],[0.1053544,51.4516065],[0.1040942,51.4519073]],[[0.1040942,51.4519073],[0.1030382,51.4521652]],[[0.1030382,51.4521652],[0.0995559,51.4530144],[0.0948703,51.4541614],[0.0935225,51.45448],[0.0919876,51.4548601],[0.090982,51.4551071],[0.0895697,51.4554532]],[[0.0895697,51.4554532],[0.0883169,51.4557691],[0.0880392,51.4558398],[0.0876515,51.4559317],[0.0869631,51.4561025],[0.0860393,51.4563349],[0.08571902862553483,51.45641312415801]],[[0.08568871735802107,51.4565244801531],[0.0870781,51.4561845],[0.0941072,51.4544676],[0.0952733,51.4541861],[0.0962738,51.4539337],[0.0974093,51.4536593],[0.0982428,51.4534607],[0.0984291,51.4534155],[0.0990743,51.4532563],[0.0997437,51.4530934],[0.100676,51.4528658],[0.1015331,51.4526552],[0.1022088,51.4524918],[0.1030366,51.4522883]],[[0.1030366,51.4522883],[0.104184,51.4520097]],[[0.104184,51.4520097],[0.1050829,51.4517938],[0.1061509,51.4515553],[0.1069053,51.4514117],[0.1078972,51.4512703],[0.108923,51.4511683],[0.1095495,51.4511309],[0.1106975,51.4510675],[0.111199,51.4510376]],[[0.111199,51.4510376],[0.1116965,51.451001],[0.1122625,51.4509465],[0.1128226,51.4508815],[0.1134829,51.4507864],[0.1141353,51.4506794],[0.1152896,51.4504473],[0.1165878,51.4501215]],[[0.1165878,51.4501215],[0.1172916,51.4499095],[0.11793,51.4497448],[0.1189104,51.4495351],[0.1198425,51.4493788],[0.1203098,51.4493223],[0.1213599,51.4492099],[0.12274,51.449063],[0.1256798,51.4487771]],[[0.1256798,51.4487771],[0.1264838,51.4487073],[0.1285271,51.4485018],[0.1298911,51.4483655],[0.1305646,51.4483205],[0.1312402,51.4482968],[0.1319271,51.4482983],[0.1326068,51.4483159],[0.1345484,51.4483863],[0.136686,51.4484694],[0.1370668,51.448489]],[[0.1370668,51.448489],[0.1376403,51.4485119]],[[0.1376403,51.4485119],[0.1392931,51.4485496],[0.1399045,51.4485568],[0.1404996,51.4485387],[0.1415716,51.448467],[0.143127,51.4483492],[0.1440044,51.4483275],[0.1444886,51.448328],[0.1449699,51.4483473],[0.1472483,51.4484453],[0.1477287,51.448463],[0.1482088,51.4484722],[0.1486856,51.4484688],[0.1491643,51.4484547],[0.1498074,51.448417],[0.150443,51.4483608],[0.1511587,51.4482703],[0.1517656,51.4481718],[0.1522683,51.4480735],[0.1527675,51.4479647],[0.153595,51.447734]],[[0.153595,51.447734],[0.1546051,51.4474052],[0.1551551,51.4471956],[0.1558438,51.4468979],[0.1571615,51.4462193],[0.1574753,51.4460797]],[[0.1574753,51.4460797],[0.1576422,51.4459916],[0.1580212,51.4458071]],[[0.1580212,51.4458071],[0.1583812,51.4456226]],[[0.1583812,51.4456226],[0.1593674,51.4452507],[0.1600952,51.4450185],[0.1607611,51.4448342],[0.1623024,51.4444402]],[[0.1623024,51.4444402],[0.1632876,51.4441928]],[[0.1632876,51.4441928],[0.1659355,51.4435188],[0.1665283,51.4433476],[0.1671043,51.4431608],[0.1676749,51.4429595],[0.1682189,51.4427434],[0.1687733,51.4425029],[0.1693101,51.4422404],[0.1698226,51.4419679],[0.1703157,51.4416794],[0.1709432908357943,51.44126485554565]],[[0.1216352,51.4506348],[0.1217147,51.4506135],[0.1217814,51.4505791],[0.12183,51.4505345],[0.1218566,51.4504832]],[[0.1218429,51.450386],[0.1219444,51.4502447],[0.121977,51.4501702]],[[0.121977,51.4501702],[0.1224471,51.4498137],[0.1227978,51.4495755]],[[0.1227978,51.4495755],[0.1230608,51.4493917]],[[0.1230608,51.4493917],[0.1231772,51.4493249],[0.123333,51.4492113],[0.123371,51.449184],[0.1234646,51.4491204]],[[0.1234646,51.4491204],[0.1236277,51.4490562],[0.1239624,51.4489974],[0.1252794,51.4488627],[0.1256798,51.4487771]],[[0.1376403,51.4485119],[0.1379832,51.4485781],[0.1388215,51.4486176],[0.1389083,51.4486464],[0.1389961,51.4486945],[0.1390764,51.448763],[0.1390966,51.4488081],[0.1391033,51.4488459],[0.1391083,51.4488925]],[[0.1382867,51.4495917],[0.1385264,51.4494217],[0.1391083,51.4488925]]]}},{"type":"Feature","properties":{"kind":"stops"},"geometry":{"type":"MultiPoint","coordinates":[[0.1026348,51.4325647],[0.1022279,51.4311876],[0.1021133,51.430516],[0.1315606,51.4636295],[0.1141201,51.4203754],[0.118416,51.4184983],[0.1153456,51.4612768],[0.1229513,51.4165963],[0.1904531,51.4675829],[0.1727978,51.4568874],[0.1660357,51.4346657],[0.1521849,51.4448889],[0.1907139,51.4678412],[0.1230578,51.4598853],[0.1663396,51.4313305],[0.1102325,51.4221607],[0.1665431,51.434962],[0.1298598,51.4172338],[0.1215457,51.4915342],[0.1222192,51.4906539],[0.1222296,51.4908951],[0.1572654,51.4658151],[0.157111,51.4655278],[0.1601523,51.4639026],[0.1609834,51.464424],[0.1471893,51.4417388],[0.147637,51.4414756],[0.1328481,51.4647006],[0.1329509,51.4644711],[0.079532,51.4587939],[0.0803861,51.4588707],[0.1001455,51.4644449],[0.0999605,51.4644148],[0.1005701,51.4665636],[0.1393057,51.4698924],[0.1809656,51.4479058],[0.1809177,51.4481851],[0.1183416,51.4422551],[0.1279047,51.4524076],[0.1254996,51.4505153],[0.1474455,51.4833979],[0.1051431,51.4336335],[0.1040353,51.4335584],[0.1906021,51.4678225],[0.1890278,51.4672654],[0.19027,51.4668259],[0.1908167,51.467572],[0.1214173,51.4893433],[0.0959701,51.441797],[0.0956143,51.441148],[0.1081872,51.4333921],[0.1076223,51.4331811],[0.1353348,51.4479609],[0.1340366,51.4468408],[0.1805715,51.4786809],[0.142844,51.4687254],[0.1304852,51.4815353],[0.1325378,51.4815213],[0.1022674,51.4462962],[0.1025823,51.4459554],[0.155123,51.4473074],[0.1540559,51.4473762],[0.1178879,51.447985],[0.1187037,51.4475274],[0.1177638,51.4478867],[0.0890312,51.4512681],[0.0883508,51.4508666],[0.1599983,51.4598465],[0.1599902,51.459721],[0.1333381,51.4530839],[0.1328227,51.452868],[0.1284008,51.4164117],[0.1299011,51.4172211],[0.164539,51.449745],[0.1339746,51.4681562],[0.1343933,51.4686079],[0.1001488,51.4569425],[0.1269362,51.474991],[0.125547,51.4743664],[0.1231481,51.4814576],[0.1281498,51.4657803],[0.1274038,51.4657569],[0.1273519,51.4737187],[0.1265872,51.4741069],[0.1330737,51.445279],[0.1335237,51.4450438],[0.1240625,51.4481204],[0.1227933,51.4480625],[0.1521415,51.4906865],[0.153414,51.490527],[0.1482652,51.4846255],[0.148518,51.4847659],[0.1212483,51.4602472],[0.1201476,51.4603263],[0.1517575,51.4843879],[0.153089,51.4844448],[0.1614216,51.4711963],[0.1621161,51.4726789],[0.1601562,51.470237],[0.1607261,51.4706538],[0.1526832,51.4514173],[0.1529434,51.451439],[0.0969462,51.4597057],[0.1192983,51.4368871],[0.1195519,51.4366195],[0.1289565,51.4387168],[0.1282073,51.4385565],[0.1628624,51.4779694],[0.1644708,51.4787224],[0.1635803,51.4773726],[0.1628975,51.477842],[0.161468,51.4850362],[0.1506162,51.4558111],[0.150737,51.4556728],[0.1417191,51.4571231],[0.1528349,51.4595807],[0.1529489,51.4602653],[0.1532196,51.4606859],[0.1530012,51.4594934],[0.1454783,51.457171],[0.1469579,51.4565231],[0.1464628,51.4564876],[0.1479683,51.4568758],[0.1479518,51.4569228],[0.1476166,51.4568894],[0.1453716,51.4572196],[0.1439334,51.4559054],[0.1440837,51.4558325],[0.1741788,51.4518925],[0.1747862,51.4517219],[0.1212744,51.4319629],[0.1208011,51.4316575],[0.1217063,51.4318451],[0.1507734,51.4424064],[0.1509182,51.4423564],[0.1743409,51.4808041],[0.1760786,51.4805574],[0.144873,51.4420911],[0.1459759,51.4415818],[0.1685998,51.4525044],[0.167773,51.4525188],[0.1920898,51.4775749],[0.1932379,51.4772858],[0.1678205,51.4822565],[0.1688453,51.481662],[0.1125316,51.4336272],[0.1118748,51.4334798],[0.1796538,51.4704828],[0.1782326,51.4704016],[0.1041958,51.4505041],[0.1016914,51.4508384],[0.1033779,51.4509597],[0.1038097,51.450405],[0.1145795,51.4487775],[0.1132887,51.4490473],[0.0958339,51.4719008],[0.0963434,51.4714863],[0.1318783,51.4614383],[0.090208,51.4569538],[0.0900891,51.4565796],[0.1302644,51.4916521],[0.1292236,51.4915084],[0.1403066,51.4309789],[0.1395218,51.4299967],[0.1094204,51.465142],[0.1093286,51.464822],[0.1009527,51.4680071],[0.1010677,51.4677234],[0.0971641,51.4471424],[0.0997426,51.4489006],[0.1594017,51.4789139],[0.1588244,51.4788852],[0.0991037,51.4638939],[0.096436,51.4267753],[0.0972643,51.4265486],[0.1821062,51.4783928],[0.0885185,51.4397211],[0.0884288,51.4399932],[0.0955563,51.4561547],[0.1350515,51.4716226],[0.1347046,51.4717721],[0.1244653,51.5065818],[0.1854417,51.4666729],[0.122831,51.4535532],[0.1198089,51.4502222],[0.1194709,51.4490521],[0.1660954,51.4354194],[0.1658287,51.4342772],[0.1664779,51.4349188],[0.0965133,51.4615748],[0.0971303,51.4623302],[0.1268203,51.4338549],[0.0865967,51.4414014],[0.168595,51.4883579],[0.168842,51.4881302],[0.1065865,51.4247762],[0.1061648,51.4247525],[0.1187174,51.4284664],[0.1182006,51.4292274],[0.1180361,51.4288844],[0.0779234,51.4327618],[0.0773222,51.433323],[0.1597353,51.4973342],[0.160378,51.4970737],[0.1792986,51.451193],[0.1786496,51.450202],[0.1775158,51.4523465],[0.1780072,51.4520941],[0.1808564,51.4503901],[0.1806859,51.4503141],[0.1021979,51.4305115],[0.102138,51.4311966],[0.1807165,51.4696854],[0.1810596,51.4698915],[0.1739517,51.4709264],[0.1735506,51.4709223],[0.1423886,51.4789903],[0.1435099,51.4786907],[0.1434532,51.4795431],[0.1048931,51.463003],[0.1323691,51.4197489],[0.1329536,51.4199451],[0.0997519,51.4486798],[0.1011497,51.4469768],[0.1321609,51.4905008],[0.1788372,51.4825451],[0.1560989,51.4850596],[0.1810239,51.4795482],[0.1657645,51.4771008],[0.1657966,51.4766062],[0.1520321,51.4585653],[0.1537201,51.4588816],[0.1770379,51.483141],[0.1800263,51.4808578],[0.1774144,51.4814421],[0.1721388,51.4812197],[0.1702479,51.4813768],[0.1816015,51.4644111],[0.1133135,51.4142122],[0.1134579,51.4141021],[0.1246882,51.4393591],[0.1227414,51.4391871],[0.129522,51.4589041],[0.1283816,51.4589768],[0.1407725,51.4432159],[0.1398724,51.4432928],[0.1786557,51.4806858],[0.1797743,51.480761],[0.1803122,51.4807578],[0.1804957,51.4808547],[0.0949169,51.446034],[0.1763477,51.4636546],[0.1768845,51.4635551],[0.1211208,51.439416],[0.0922735,51.4566917],[0.091594,51.4567847],[0.104049,51.4604757],[0.103318,51.4600615],[0.148233,51.4570956],[0.1476219,51.4569881],[0.1227988,51.4897039],[0.1242205,51.4894029],[0.1186682,51.4388205],[0.1189883,51.4383919],[0.1095094,51.474882],[0.1905077,51.4699195],[0.1906501,51.4696984],[0.128459,51.4901708],[0.12668,51.4899355],[0.174778,51.480648],[0.174563,51.4805632],[0.1475969,51.4913673],[0.1481097,51.491281],[0.1244051,51.4661782],[0.1235146,51.4666526],[0.1346497,51.4138337],[0.1337552,51.4140318],[0.131375,51.46073],[0.1308008,51.4590084],[0.1266183,51.4347454],[0.1554181,51.4982653],[0.1552616,51.4980667],[0.1262165,51.5089644],[0.1103731,51.4671511],[0.1483202,51.4776795],[0.151873,51.4529477],[0.1520114,51.4527638],[0.0857,51.4418057],[0.0855675,51.4420673],[0.087252,51.4423151],[0.1570998,51.4902023],[0.1568808,51.4901052],[0.1497435,51.4878813],[0.1951319,51.4733697],[0.1953023,51.4729899],[0.1380939,51.4398004],[0.1079801,51.4283727],[0.1563768,51.4492356],[0.1569449,51.4487548],[0.1209666,51.4670002],[0.1201083,51.46697],[0.1931483,51.4709768],[0.1933011,51.4705602],[0.1872755,51.4493499],[0.1857844,51.4494881],[0.1243225,51.4310199],[0.1153734,51.4613155],[0.1168864,51.460848],[0.1058385,51.4277533],[0.1051036,51.4260808],[0.1504049,51.4943466],[0.1508342,51.4942045],[0.0947548,51.4382101],[0.0940154,51.4382184],[0.14494,51.4711497],[0.144882,51.4708243],[0.0996834,51.4587606],[0.1521489,51.4449331],[0.1522133,51.4447284],[0.1277951,51.496218],[0.1459726,51.4661006],[0.1465192,51.4656612],[0.1845772,51.4634949],[0.1845994,51.4633025],[0.1887168,51.4624632],[0.1146997,51.4372324],[0.1143865,51.4368532],[0.1651914,51.4714991],[0.1646508,51.4713834],[0.1029038,51.4356359],[0.1036165,51.4353567],[0.1330397,51.4385787],[0.190842,51.4606649],[0.1495251,51.4881388],[0.1269411,51.432038],[0.1102299,51.4285449],[0.1407709,51.4907937],[0.1393656,51.4904354],[0.1367057,51.4781769],[0.1377392,51.4783585],[0.1308517,51.4902659],[0.1680168,51.4801999],[0.1668487,51.4796677],[0.1704424,51.4755938],[0.1701795,51.47535],[0.1099497,51.4693834],[0.1104389,51.4684746],[0.1545254,51.4636395],[0.1544557,51.4633282],[0.1112255,51.4216809],[0.1101569,51.4221178],[0.1272243,51.491541],[0.1264471,51.4914283],[0.1173179,51.4778147],[0.1091747,51.4291037],[0.1090283,51.4288994],[0.1812115,51.4744275],[0.1815864,51.4747075],[0.1428379,51.4532015],[0.1427275,51.4528403],[0.128972,51.4964689],[0.1300632,51.4962492],[0.1892455,51.465339],[0.1892972,51.46522],[0.1373891,51.4577221],[0.126624,51.5067567],[0.1266247,51.5066305],[0.1448032,51.4745059],[0.1453465,51.4732374],[0.1421602,51.4940717],[0.1420921,51.4938672],[0.1333242,51.4772843],[0.1331977,51.4771151],[0.101591,51.4441452],[0.101232,51.4439269],[0.1863767,51.468797],[0.186068,51.4685527],[0.1733246,51.4850236],[0.1627697,51.4901493],[0.1617939,51.4902035],[0.1152548,51.4162471],[0.1236036,51.4307857],[0.1233656,51.4307681],[0.1248056,51.5093876],[0.1726664,51.4566183],[0.1728471,51.4567859],[0.1666484,51.459032],[0.1655937,51.4590368],[0.1683404,51.4637982],[0.1646333,51.4641055],[0.0835629,51.4305665],[0.0829989,51.4304846],[0.0931633,51.4325136],[0.0931903,51.4326808],[0.0890059,51.432169],[0.0889898,51.4320152],[0.1428518,51.4684707],[0.1427469,51.4674132],[0.1220253,51.4779393],[0.1276847,51.4814071],[0.1254427,51.4812198],[0.1528745,51.4958215],[0.1531088,51.4955643],[0.1927784,51.4585951],[0.1939716,51.4579399],[0.1322308,51.4724211],[0.1319128,51.4726687],[0.1162588,51.4339616],[0.1157844,51.4338106],[0.1154636,51.4199703],[0.1140586,51.4203252],[0.0836751,51.4590215],[0.084044,51.4590462],[0.1461243,51.4345794],[0.1463049,51.4344412],[0.0883981,51.429212],[0.0890311,51.4287237],[0.1817997,51.4670832],[0.1827655,51.467016],[0.0849456,51.4586767],[0.0852831,51.4583818],[0.1626715,51.4745597],[0.1628134,51.474259],[0.1688853,51.4716027],[0.1702084,51.471544],[0.1389346,51.4939504],[0.1376763,51.4938473],[0.1476278,51.4617554],[0.1487979,51.4842283],[0.1488952,51.4841068],[0.1632174,51.4532599],[0.174373,51.4540596],[0.1738544,51.4540512],[0.1652341,51.4531607],[0.1207482,51.4341657],[0.0931289,51.4277571],[0.0916347,51.428073],[0.121298,51.4933367],[0.121721,51.4932866],[0.1210702,51.4980591],[0.1217197,51.498667],[0.0980481,51.4431364],[0.0984703,51.4431483],[0.113244,51.4726657],[0.1134642,51.4724728],[0.1661206,51.4346678],[0.0902596,51.4368842],[0.0901915,51.4366516],[0.1416086,51.4110707],[0.1404197,51.4113356],[0.0976304,51.4692839],[0.181355,51.4636231],[0.1807623,51.4635568],[0.135733,51.4709463],[0.1231327,51.479445],[0.1540783,51.4550698],[0.1544214,51.4548665],[0.123033,51.4166271],[0.1577885,51.4542688],[0.1586848,51.4542712],[0.1431774,51.4428731],[0.1734616,51.4637014],[0.1713816,51.4636388],[0.1347758,51.4941865],[0.1345637,51.4937504],[0.1425347,51.4408864],[0.135286,51.4264745],[0.1350702,51.4255453],[0.1453106,51.4776085],[0.1451623,51.4773876],[0.1811922,51.4718772],[0.104779,51.4186561],[0.1020001,51.4196932],[0.0942895,51.4516869],[0.095189,51.4514659],[0.1090522,51.4497045],[0.1070834,51.4500782],[0.1096581,51.4469237],[0.1235566,51.4737817],[0.1226419,51.4733257],[0.1599129,51.4904758],[0.1587926,51.4901915],[0.1213061,51.5059804],[0.1463448,51.4609915],[0.1463673,51.459173],[0.1359624,51.4445348],[0.134911,51.4447092],[0.1514756,51.4486366],[0.1514853,51.4488433],[0.1802584,51.4459367],[0.1804826,51.4463476],[0.100542,51.4635424],[0.1031737,51.4631437],[0.1306717,51.4148768],[0.1288691,51.4149608],[0.1584338,51.4684404],[0.1581865,51.4676019],[0.1236863,51.4512251],[0.1225124,51.4514739],[0.1231297,51.4522647],[0.1233081,51.4512332],[0.1185044,51.4185465],[0.1175386,51.4180138],[0.1173924,51.4189073],[0.1191423,51.4458318],[0.1193206,51.445831],[0.0894797,51.4654654],[0.0889381,51.4654492],[0.1461173,51.4774819],[0.1458702,51.4773377],[0.0996081,51.4198955],[0.099048,51.4195145],[0.0991117,51.4203056],[0.0993075,51.419411],[0.0996441,51.4203199],[0.096433,51.4193918],[0.0994404,51.4196421],[0.1001488,51.426539],[0.1008453,51.4260751],[0.1009958,51.4254663],[0.1204892,51.4177249],[0.1219094,51.4926621],[0.1115206,51.4268852],[0.1120861,51.4262303],[0.1884695,51.4623361],[0.093201,51.4454703],[0.1558896,51.4787408],[0.155861,51.4786034],[0.1902159,51.4710676],[0.1903435,51.4707415],[0.1951667,51.4764606],[0.195368,51.4761251],[0.11052,51.4667545],[0.1251683,51.4753957],[0.1920637,51.4546628],[0.1662928,51.4312787],[0.1443951,51.4816875],[0.1454219,51.4818846],[0.1810533,51.4443914],[0.1445405,51.4912212],[0.1436629,51.4911487],[0.1099565,51.4288994],[0.1611465,51.4371738],[0.1624476,51.4369978],[0.1713036,51.4864806],[0.108778,51.4637387],[0.1505658,51.4578203],[0.1389185,51.4501624],[0.1388448,51.4499274],[0.1160023,51.4171378],[0.1646745,51.4841429],[0.1648009,51.4842367],[0.1039259,51.4459756],[0.104139,51.4452214],[0.1408303,51.4751761],[0.1403405,51.4748314],[0.1180541,51.4421764],[0.1858102,51.4539278],[0.1857659,51.4784126],[0.1870581,51.4781696],[0.1383281,51.4837883],[0.1372908,51.4834036],[0.1002808,51.4510501],[0.1760249,51.4799216],[0.1761644,51.479748],[0.1758979,51.478347],[0.1761539,51.4782784],[0.1793962,51.4605395],[0.1439642,51.4826783],[0.1869076,51.4541978],[0.1896624,51.4544391],[0.1379194,51.4904406],[0.1364194,51.4902166],[0.1192275,51.4722547],[0.1181271,51.4719204],[0.1148286,51.4755393],[0.1030923,51.4543006],[0.1034331,51.4541477],[0.1796801,51.4528759],[0.1798649,51.4527541],[0.1124363,51.4732939],[0.132645,51.4583737],[0.1320439,51.4583731],[0.1378828,51.4494695],[0.1357641,51.4519956],[0.135897,51.4520496],[0.132075,51.4384762],[0.1529646,51.4392209],[0.1513011,51.4378839],[0.1542164,51.4381369],[0.1530852,51.438664],[0.1109058,51.4717398],[0.1106651,51.4707114],[0.0982908,51.4690896],[0.1115198,51.4625753],[0.083916,51.4664196],[0.0849186,51.4661102],[0.1065641,51.4612739],[0.1065297,51.4625972],[0.1080195,51.4629404],[0.1083462,51.4633804],[0.1089499,51.4622378],[0.1086693,51.4624101],[0.1107721,51.4620018],[0.105892,51.4625457],[0.1162782,51.4674622],[0.11675,51.4672894],[0.0936569,51.4648022],[0.0936544,51.4646157],[0.0938837,51.4640893],[0.094558,51.4641328],[0.1708569,51.4582257],[0.1713666,51.4580454],[0.139462,51.4402625],[0.1492895,51.4638776],[0.149065,51.4643598],[0.1192434,51.434204],[0.1189518,51.4340792],[0.1223615,51.4964127],[0.122575,51.4962191],[0.099429,51.4370152],[0.0984691,51.4372426],[0.0979283,51.4578604],[0.098263,51.4579287],[0.1374216,51.4736551],[0.1361756,51.4729732],[0.1748172,51.4844028],[0.1599025,51.4619351],[0.1598853,51.4623413],[0.1558892,51.4913967],[0.1557849,51.4918607],[0.1028642,51.4501329],[0.1030462,51.449753],[0.1026967,51.4324258],[0.1041139,51.4328399],[0.1025437,51.4325772],[0.1021553,51.434999],[0.1178924,51.439885],[0.1177341,51.4389632],[0.1290919,51.4470219],[0.1273653,51.447341],[0.0910765,51.4443837],[0.0910612,51.4442162],[0.1534311,51.4615974],[0.1550655,51.4591623],[0.1569675,51.4591835],[0.1222357,51.431729],[0.1249854,51.4157301],[0.1257542,51.4153679],[0.1522577,51.4866724],[0.1525561,51.486586],[0.1703297,51.451177],[0.1616721,51.4491241],[0.1615701,51.448997],[0.1457172,51.448717],[0.1457726,51.4485613],[0.1454128,51.4525519],[0.1459161,51.4525426],[0.167517,51.4509311],[0.1749726,51.4556224],[0.1756488,51.4551601],[0.1755099,51.457384],[0.1767623,51.4590172],[0.0840054,51.4617682],[0.0838152,51.4616246],[0.0819257,51.4393528],[0.0832343,51.4378825],[0.0833966,51.4377127],[0.0947781,51.4362639],[0.1004655,51.4348107],[0.0885809,51.4625224],[0.0882319,51.4623074],[0.1263141,51.4822597],[0.1264531,51.4823579],[0.1252794,51.4883482],[0.1259308,51.4878139],[0.1324728,51.4959583],[0.1322633,51.4957663],[0.1213171,51.4954001],[0.1439798,51.4841696],[0.1413866,51.4838119],[0.144735,51.4939715],[0.1660795,51.4748328],[0.1716889,51.452166],[0.0953873,51.4731336],[0.1486151,51.477827],[0.101136,51.4242347],[0.1228754,51.4560379],[0.123175,51.4567692],[0.1811804,51.4675884],[0.1006935,51.423406],[0.1951616,51.4557306],[0.1938246,51.4547583],[0.1758832,51.477065],[0.1541604,51.4787507],[0.1538355,51.4785688],[0.1249257,51.4596319],[0.1234502,51.4581708],[0.1230381,51.4598253],[0.1028487,51.4268492],[0.104199,51.4320307],[0.1111471,51.4679935],[0.1093023,51.4491964],[0.1380033,51.4499938],[0.1049045,51.4336384],[0.1302336,51.4761547],[0.1287476,51.4754903],[0.0993236,51.4578303],[0.0948842,51.4559829],[0.1817677,51.4805717],[0.1173702,51.4285122],[0.1836628,51.4668488],[0.1840378,51.4674102],[0.1345905,51.4137696],[0.1470939,51.4091381],[0.1480161,51.4089937],[0.1169351,51.460912],[0.1479672,51.4089429],[0.1471288,51.4091752],[0.1415554,51.410995],[0.140488,51.411387],[0.1338041,51.4140705],[0.1306278,51.414776],[0.1288954,51.4150297],[0.1257857,51.4154167],[0.124944,51.4156847],[0.1213178,51.417292],[0.1213844,51.4173428],[0.1174582,51.4189468],[0.1204182,51.4176805],[0.1154124,51.419919],[0.1111519,51.4216361],[0.1065084,51.424746],[0.1061855,51.4248089],[0.1019702,51.4263744],[0.1016775,51.4264019],[0.0972962,51.4266197],[0.0830771,51.4305072],[0.1026123,51.4324389],[0.0835783,51.4304914],[0.0779978,51.4327967],[0.0772579,51.4332808],[0.166385,51.4313203],[0.1659192,51.4342702],[0.1889048,51.4692428],[0.1273864,51.4355438],[0.1489478,51.4405254],[0.1461996,51.4397782],[0.1764066,51.4806669],[0.1738342,51.4826015],[0.1034198,51.4649589],[0.1416985,51.4570729],[0.1400268,51.4572111],[0.1400218,51.4572659],[0.0991509,51.4184394],[0.1248735,51.5094296],[0.1261553,51.5089229],[0.126677,51.5067127],[0.1265705,51.5066806],[0.1244605,51.5065517],[0.1212354,51.5060242],[0.122131,51.4906424],[0.1216338,51.4915684],[0.1217327,51.4932413],[0.1212353,51.4954021],[0.1216144,51.4986732],[0.1211609,51.4980344],[0.1016605,51.4263628],[0.1531961,51.4955519],[0.1529635,51.4958267],[0.1503717,51.4943916],[0.1508238,51.4942586],[0.1059533,51.462536],[0.145443,51.4571196],[0.1453869,51.457278],[0.1481746,51.4570504],[0.1475457,51.4570437],[0.1475522,51.4569276],[0.1465693,51.4565388],[0.147148,51.4565826],[0.1480091,51.4568711],[0.1480399,51.456823],[0.1705657,51.486822],[0.1532648,51.4616643],[0.190929,51.4676039],[0.1351041,51.4579432],[0.1803153,51.4808115],[0.1786335,51.4807421],[0.1014408,51.4263797],[0.10146,51.4264204],[0.1019987,51.4264332],[0.1836881,51.4800344],[0.1797743,51.4808139],[0.1048979,51.4335751],[0.1603887,51.4850492],[0.1555758,51.4850563],[0.1871619,51.4668655],[0.1302667,51.4666522],[0.1308032,51.4664515],[0.1108891,51.4681128],[0.180496,51.4809053],[0.1800268,51.4809084],[0.1040307,51.4336035],[0.1038559,51.4328758],[0.1051442,51.4335668],[0.1105732,51.4707154],[0.1109955,51.4717196],[0.1103537,51.4684537],[0.1100372,51.4693685],[0.1104593,51.4671447],[0.1095015,51.4651117],[0.1092414,51.4648598],[0.1081035,51.462929],[0.1082592,51.4633849],[0.1089754,51.4622991],[0.1212379,51.460228],[0.120182,51.4603993],[0.1294543,51.4588593],[0.1283747,51.4590314],[0.1326907,51.4583216],[0.1320551,51.4584181],[0.1353813,51.4579546],[0.1351126,51.4579893],[0.1505681,51.455761],[0.1507615,51.4557189],[0.1586708,51.4542122],[0.1577976,51.4543198],[0.1716758,51.4521141],[0.171722,51.4521097],[0.1717196,51.4520577],[0.173913,51.4518692],[0.1747955,51.451769],[0.1807193,51.4503626],[0.1858072,51.4495382],[0.1872546,51.4492981],[0.1808187,51.4503417],[0.1792283,51.4511528],[0.1540454,51.4550174],[0.1104169,51.4667571],[0.1809303,51.4444117],[0.1803455,51.4459313],[0.1804013,51.4463501],[0.1810135,51.4481655],[0.1808796,51.447924],[0.1775297,51.4524226],[0.1779548,51.4520722],[0.1738664,51.4540864],[0.1743599,51.4540211],[0.1727184,51.456614],[0.1713921,51.4580845],[0.1708404,51.4581902],[0.1656159,51.459086],[0.1666455,51.4590036],[0.159947,51.4597821],[0.160024,51.4598015],[0.1565182,51.4591722],[0.1550669,51.4591136],[0.1519137,51.4584634],[0.1519293,51.452764],[0.1519571,51.4529411],[0.1528807,51.4513911],[0.1527416,51.4514619],[0.1567748,51.4487538],[0.1564982,51.4492738],[0.1521488,51.4447622],[0.1508437,51.4423711],[0.1508536,51.4423906],[0.1528878,51.4392382],[0.1513554,51.4378574],[0.1462601,51.4344719],[0.1461656,51.4345527],[0.1394442,51.4300283],[0.140389,51.4309271],[0.1349986,51.425561],[0.1353851,51.4264632],[0.1328412,51.4199805],[0.1324694,51.419716],[0.1284751,51.4163671],[0.1499285,51.4576373],[0.1536961,51.4589363],[0.19284,51.4586238],[0.1857875,51.4539734],[0.162151,51.4649121],[0.1603666,51.4649759],[0.1349734,51.46355],[0.1064314,51.433936],[0.1034659,51.434008],[0.1242947,51.4352206],[0.1483462,51.4403547],[0.1771686,51.4478582],[0.1790114,51.4483376],[0.1004386,51.4645982],[0.151945,51.4921789],[0.1548344,51.4922268],[0.1687553,51.4880919],[0.1291822,51.4522773],[0.125978,51.4509222],[0.1118476,51.4135353],[0.101331,51.4198335],[0.1662723,51.4831195],[0.1687537,51.4909917],[0.1687682,51.4911952],[0.167153,51.4938311],[0.1674167,51.4939366],[0.1659474,51.496458],[0.166828,51.4963759],[0.1346528,51.4696814],[0.0990767,51.4485886],[0.0952087,51.4462814],[0.147719,51.4401467],[0.1485363,51.4404352],[0.1490229,51.4405767],[0.1472637,51.4401094],[0.1755395,51.481374],[0.1742197,51.482259],[0.1331282,51.4635276],[0.1331408,51.4636254],[0.0797165,51.4592381],[0.079681,51.4593337],[0.1604396,51.4650109],[0.1533332,51.4921616],[0.1533626,51.4922499],[0.1604509,51.4649312],[0.1048064,51.4339545],[0.1048243,51.4340068],[0.1257889,51.4353463],[0.1257728,51.435413],[0.1780806,51.4481483],[0.1780725,51.4480505],[0.1019058,51.4647133],[0.1018979,51.4647941],[0.1897454,51.4684293],[0.1896267,51.4683818],[0.1327049,51.5060632],[0.1357011,51.5087112],[0.1515402,51.4922217]]}},{"type":"Feature","properties":{"kind":"station","name":"Welling"},"geometry":{"type":"Point","coordinates":[0.1016292,51.4648215]}},{"type":"Feature","properties":{"kind":"station","name":"Barnehurst"},"geometry":{"type":"Point","coordinates":[0.1596467,51.4650212]}},{"type":"Feature","properties":{"kind":"station","name":"Erith"},"geometry":{"type":"Point","coordinates":[0.1751948,51.4815782]}},{"type":"Feature","properties":{"kind":"station","name":"Bexley"},"geometry":{"type":"Point","coordinates":[0.1479494,51.4402375]}},{"type":"Feature","properties":{"kind":"station","name":"Slade Green"},"geometry":{"type":"Point","coordinates":[0.1903098,51.4676731]}},{"type":"Feature","properties":{"kind":"station","name":"Sidcup"},"geometry":{"type":"Point","coordinates":[0.1034297,51.4340208]}},{"type":"Feature","properties":{"kind":"station","name":"Crayford"},"geometry":{"type":"Point","coordinates":[0.1783894,51.448177]}},{"type":"Feature","properties":{"kind":"station","name":"Albany Park"},"geometry":{"type":"Point","coordinates":[0.1259653,51.4353837]}},{"type":"Feature","properties":{"kind":"station","name":"Bexleyheath"},"geometry":{"type":"Point","coordinates":[0.1329448,51.4635649]}},{"type":"Feature","properties":{"kind":"station","name":"Belvedere"},"geometry":{"type":"Point","coordinates":[0.1533667,51.4922273]}},{"type":"Feature","properties":{"kind":"station","name":"Falconwood"},"geometry":{"type":"Point","coordinates":[0.0793044,51.4592305]}},{"type":"Feature","properties":{"kind":"station","name":"Eddie's Rest"},"geometry":{"type":"Point","coordinates":[0.1326537,51.5060687]}},{"type":"Feature","properties":{"kind":"station","name":"Unnamed station"},"geometry":{"type":"Point","coordinates":[0.1357007,51.508709]}}]}
