{"type":"FeatureCollection","properties":{"borough":"Bromley","generatedAt":"2026-09-30T13:04:52.394Z","source":"© OpenStreetMap contributors, ODbL 1.0","majorRouteCount":84,"otherRouteCount":168,"stopCount":1448,"stationCount":28},"features":[{"type":"Feature","properties":{"kind":"boundary"},"geometry":{"type":"Polygon","coordinates":[[[-0.0810796,51.417287],[-0.0810646,51.41723],[-0.0810575,51.4172069],[-0.0810501,51.4171838],[-0.0810404,51.4171615],[-0.081025,51.4171396],[-0.0810062,51.4171237],[-0.0809781,51.4171084],[-0.0809064,51.417075],[-0.0807997,51.417045],[-0.0808576,51.4170416],[-0.080891,51.4170357],[-0.0809102,51.4170238],[-0.0809225,51.417008],[-0.0809257,51.41699],[-0.0809241,51.4169496],[-0.0808853,51.4166336],[-0.0808309,51.4163514],[-0.0808157,51.4162869],[-0.0808073,51.416251],[-0.0807858,51.4161597],[-0.0807588,51.4160826],[-0.0807115,51.4160184],[-0.080584,51.4158484],[-0.0804688,51.4157121],[-0.0804066,51.415609],[-0.0804587,51.4155411],[-0.0802883,51.4155074],[-0.0799875,51.4154059],[-0.0797315,51.4153183],[-0.0794438,51.4152525],[-0.0789601,51.415149],[-0.0787968,51.4151077],[-0.0787179,51.4150878],[-0.0781557,51.4149531],[-0.077921,51.4148664],[-0.0776616,51.4147239],[-0.0772744,51.4145652],[-0.0770212,51.4144615],[-0.0768829,51.4144048],[-0.0767533,51.4143751],[-0.0766432,51.414381],[-0.0765248,51.414431],[-0.0764176,51.414395],[-0.076187,51.414247],[-0.0761276,51.4142088],[-0.076108,51.4141999],[-0.0760292,51.4141528],[-0.0759031,51.4140743],[-0.0757514,51.4140205],[-0.0757063,51.414],[-0.0755674,51.4139159],[-0.0755099,51.4138817],[-0.0753285,51.4137834],[-0.0751764,51.413708],[-0.0750325,51.4136418],[-0.0750444,51.413633],[-0.0751763,51.4135399],[-0.0749973,51.4134612],[-0.0744561,51.4132232],[-0.0741256,51.4130801],[-0.0739277,51.4129987],[-0.0737714,51.4129538],[-0.0737237,51.4129436],[-0.0736344,51.4129244],[-0.0736501,51.4128662],[-0.0732575,51.4128094],[-0.0731596,51.4127952],[-0.0727571,51.4126934],[-0.072908,51.4123533],[-0.0730175,51.4120745],[-0.073185,51.4117167],[-0.0733263,51.4114663],[-0.0734547,51.4111492],[-0.0734901,51.4110589],[-0.0735126,51.4108318],[-0.0735436,51.4104726],[-0.0735253,51.4100856],[-0.0734393,51.4096004],[-0.0732921,51.4092373],[-0.0732062,51.4090903],[-0.0730384,51.4087395],[-0.0728566,51.4084793],[-0.0726369,51.4082338],[-0.0723196,51.4079129],[-0.0719502,51.407602],[-0.0715231,51.4072955],[-0.0710375,51.4069799],[-0.0706357,51.4066532],[-0.0702096,51.4062559],[-0.0698597,51.4057451],[-0.0693485,51.4048854],[-0.0690041,51.4043583],[-0.0686882,51.4039044],[-0.068582,51.4038287],[-0.0685331,51.4037966],[-0.0683133,51.4036212],[-0.0683074,51.4035906],[-0.0682791,51.4035802],[-0.0682294,51.4035992],[-0.0681689,51.4035676],[-0.0681577,51.4035611],[-0.0681395,51.40355],[-0.0682044,51.4035115],[-0.0682426,51.4034915],[-0.0681315,51.4034339],[-0.0681006,51.4034487],[-0.0680376,51.4034773],[-0.068025,51.4034699],[-0.0677701,51.4033092],[-0.0676063,51.4032031],[-0.0673507,51.4030604],[-0.0671987,51.4029833],[-0.0670793,51.4029166],[-0.0670121,51.4028732],[-0.0669294,51.4028215],[-0.0668179,51.402772],[-0.0666487,51.4026936],[-0.0664076,51.4025817],[-0.0662317,51.4025258],[-0.0660574,51.4024644],[-0.0658353,51.402378],[-0.0655859,51.402293],[-0.065122,51.4021792],[-0.0649343,51.4021303],[-0.0644996,51.4020403],[-0.0645853,51.4018484],[-0.0646396,51.4017198],[-0.0639775,51.4016369],[-0.0637993,51.4015656],[-0.0637792,51.4015644],[-0.0634535,51.4015491],[-0.0629337,51.4015352],[-0.0621861,51.4015336],[-0.0621019,51.4014515],[-0.0607146,51.4000911],[-0.0601783,51.399548],[-0.0607007,51.3992616],[-0.0607176,51.3992397],[-0.0605858,51.399124],[-0.0604083,51.3992178],[-0.0601264,51.3992201],[-0.0599537,51.399222],[-0.0599128,51.3992052],[-0.0597673,51.3992408],[-0.0597422,51.3992146],[-0.0595983,51.3992228],[-0.059413,51.399253],[-0.0592658,51.3993333],[-0.0588577,51.3996026],[-0.0582186,51.3999247],[-0.057465,51.4002711],[-0.0568542,51.4005037],[-0.056107,51.4006991],[-0.0557242,51.4008438],[-0.0552607,51.4009584],[-0.0546668,51.4010628],[-0.0539575,51.4011769],[-0.0535669,51.4012343],[-0.0532332,51.4013043],[-0.0529907,51.4014621],[-0.0524773,51.4009931],[-0.0519337,51.4004886],[-0.0514947,51.399993],[-0.0511412,51.3998207],[-0.0506547,51.3995644],[-0.0521305,51.3982922],[-0.0513917,51.3979175],[-0.0508597,51.397718],[-0.0506477,51.3978768],[-0.0504566,51.398037],[-0.0503478,51.3979901],[-0.0506946,51.3977054],[-0.0508245,51.3975988],[-0.0509783,51.3971265],[-0.0518119,51.3964542],[-0.0534275,51.3951717],[-0.0532799,51.3950928],[-0.0533759,51.3950226],[-0.0530901,51.3948739],[-0.0526195,51.3946313],[-0.0526398,51.3945939],[-0.0526175,51.394544],[-0.0525338,51.3943493],[-0.0524513,51.3941582],[-0.0520521,51.3940814],[-0.0517251,51.3939968],[-0.0517204,51.3937018],[-0.0517183,51.3935813],[-0.0515624,51.3936299],[-0.0515539,51.3936262],[-0.0514589,51.3935672],[-0.0513297,51.393501],[-0.0504946,51.3933208],[-0.0503403,51.3932976],[-0.0497694,51.3932686],[-0.0491397,51.3932713],[-0.0487694,51.3932597],[-0.0484452,51.3932426],[-0.048066,51.3931698],[-0.047764,51.393037],[-0.0476252,51.3928531],[-0.0472552,51.392328],[-0.0472104,51.3922652],[-0.0470216,51.3920399],[-0.0468315,51.3918461],[-0.0468232,51.3918397],[-0.0464982,51.3919782],[-0.0462358,51.3919963],[-0.0461454,51.3918248],[-0.0460133,51.3916194],[-0.0457121,51.3912987],[-0.045263,51.3909099],[-0.0447097,51.3905032],[-0.0437117,51.3898732],[-0.0431792,51.3896206],[-0.0427724,51.389452],[-0.0422777,51.3893232],[-0.0418381,51.389252],[-0.0417746,51.3892905],[-0.0416832,51.3893447],[-0.0412793,51.3892436],[-0.0410429,51.3891928],[-0.0404766,51.3890925],[-0.0398772,51.3889584],[-0.0395639,51.388857],[-0.0392763,51.3888593],[-0.0391299,51.3888551],[-0.0386712,51.3888258],[-0.0382422,51.3887404],[-0.0378,51.3886952],[-0.0371153,51.3885741],[-0.0365251,51.3884616],[-0.0365358,51.3884133],[-0.0367222,51.3875837],[-0.0371537,51.3860324],[-0.0374701,51.3848516],[-0.0378986,51.383232],[-0.0378567,51.3825658],[-0.0376872,51.3815899],[-0.0371675,51.3798645],[-0.0369291,51.378954],[-0.0363522,51.3790037],[-0.0369134,51.3770109],[-0.0367916,51.3769958],[-0.0367638,51.3770421],[-0.0366495,51.3770258],[-0.036653,51.3769507],[-0.0365561,51.3769253],[-0.0362066,51.3768987],[-0.0357244,51.3768853],[-0.0347448,51.3769435],[-0.0333867,51.3770484],[-0.0326428,51.3771051],[-0.0313486,51.3771598],[-0.0313429,51.3771597],[-0.0312409,51.3771598],[-0.0311402,51.3771617],[-0.0310381,51.3771645],[-0.0309372,51.37717],[-0.0308364,51.3771764],[-0.0307354,51.3771846],[-0.0306359,51.3771937],[-0.0305348,51.3772046],[-0.0304366,51.3772174],[-0.0303368,51.3772319],[-0.0302384,51.3772482],[-0.0301733,51.3772588],[-0.0301037,51.377272],[-0.0300342,51.3772852],[-0.0299647,51.3772984],[-0.0298965,51.3773126],[-0.0298283,51.3773276],[-0.0297601,51.3773436],[-0.0296933,51.3773604],[-0.0296264,51.3773782],[-0.029561,51.377396],[-0.0294955,51.3774156],[-0.0294313,51.377437],[-0.0293686,51.3774584],[-0.0293073,51.3774816],[-0.0292459,51.3775058],[-0.0291859,51.3775309],[-0.0291741,51.377537],[-0.0291067,51.3775682],[-0.0290421,51.3776013],[-0.0289788,51.3776353],[-0.0289184,51.3776702],[-0.0288579,51.377707],[-0.0288003,51.3777438],[-0.028744,51.3777824],[-0.0286891,51.377822],[-0.0286357,51.3778624],[-0.028585,51.3779038],[-0.0285344,51.3779453],[-0.0285121,51.3779638],[-0.0284747,51.3779964],[-0.0284388,51.3780291],[-0.0284043,51.3780627],[-0.0283699,51.3780954],[-0.0283354,51.3781299],[-0.0283037,51.3781635],[-0.0282721,51.378198],[-0.0282418,51.3782335],[-0.028213,51.3782681],[-0.028187,51.3783045],[-0.0281611,51.3783401],[-0.0281365,51.3783765],[-0.0281133,51.3784139],[-0.0280931,51.3784513],[-0.0280742,51.3784888],[-0.0280582,51.3785263],[-0.0280422,51.3785656],[-0.0280339,51.3785915],[-0.0280221,51.3786309],[-0.0280118,51.3786694],[-0.0280044,51.3787088],[-0.0279969,51.3787483],[-0.0279924,51.3787878],[-0.0279892,51.3788273],[-0.027989,51.3788668],[-0.0279887,51.3789073],[-0.0279913,51.3789469],[-0.0279954,51.3789856],[-0.0280008,51.3790253],[-0.0280078,51.379065],[-0.0280411,51.3793587],[-0.0268218,51.3793751],[-0.0268219,51.3793733],[-0.02677,51.3791098],[-0.0266951,51.3788477],[-0.0266345,51.3786183],[-0.0265303,51.3783018],[-0.0264203,51.3778854],[-0.0262109,51.3774088],[-0.0261517,51.377415],[-0.0261057,51.377283],[-0.0260523,51.3772218],[-0.0260124,51.3769801],[-0.0259728,51.3768311],[-0.0259376,51.3764807],[-0.026153,51.376451],[-0.0259161,51.3760441],[-0.0258668,51.3760559],[-0.0258229,51.3759401],[-0.0256871,51.3756896],[-0.0254748,51.3753802],[-0.0254034,51.3752693],[-0.0252001,51.3750195],[-0.025138,51.3748925],[-0.0251293,51.3747533],[-0.0250612,51.3746412],[-0.0250161,51.3745533],[-0.0249863,51.3745114],[-0.0244069,51.3737183],[-0.0242473,51.3732611],[-0.0242446,51.3730197],[-0.023998,51.3728006],[-0.023945,51.3726332],[-0.0237364,51.3723109],[-0.023597,51.3718865],[-0.0236232,51.3716248],[-0.0236505,51.3715549],[-0.0237556,51.3714157],[-0.0236889,51.3713069],[-0.0236377,51.3712278],[-0.0236474,51.3710023],[-0.0236307,51.3704903],[-0.023619,51.3701601],[-0.0236168,51.369946],[-0.0235799,51.3697673],[-0.0235671,51.3696979],[-0.0235096,51.3696987],[-0.023507,51.3695916],[-0.0235641,51.3695665],[-0.0235643,51.3695629],[-0.0235822,51.3693465],[-0.0235861,51.3690561],[-0.0235642,51.3688651],[-0.0235079,51.3686033],[-0.023364,51.3684103],[-0.0233025,51.3683355],[-0.0232612,51.3681279],[-0.0232466,51.3678336],[-0.023178,51.3675906],[-0.0231558,51.3673735],[-0.0231558,51.3673726],[-0.0231175,51.3671598],[-0.0231201,51.3670709],[-0.0231102,51.3670174],[-0.0231866,51.3670102],[-0.0232559,51.3670008],[-0.0232793,51.3669977],[-0.0233073,51.3669937],[-0.0233321,51.3670631],[-0.0235666,51.367035],[-0.0236109,51.3670297],[-0.024039,51.3669784],[-0.0240158,51.3667667],[-0.0244643,51.3667608],[-0.0244628,51.3665861],[-0.0244616,51.3664539],[-0.0244614,51.3664289],[-0.0243518,51.3663122],[-0.0242241,51.3661761],[-0.024134,51.3660801],[-0.0240439,51.3659842],[-0.02396,51.3658948],[-0.023951,51.3658873],[-0.0238464,51.3658002],[-0.0237412,51.3657127],[-0.0236888,51.365669],[-0.0237833,51.3654282],[-0.0236196,51.3653183],[-0.0236073,51.3653101],[-0.0235849,51.3652941],[-0.0233268,51.3654245],[-0.0232144,51.3654818],[-0.0230945,51.3655429],[-0.022997,51.3655926],[-0.0229335,51.3656249],[-0.0227618,51.3657124],[-0.0224991,51.3658143],[-0.0224249,51.3658878],[-0.0223787,51.3659089],[-0.0223276,51.3659321],[-0.0222744,51.3658823],[-0.022142,51.3657443],[-0.0219592,51.3654702],[-0.0218527,51.3654072],[-0.0215682,51.3652747],[-0.0213446,51.3650965],[-0.0212482,51.364933],[-0.0210748,51.3647583],[-0.0209651,51.3646018],[-0.0208009,51.3643454],[-0.0207607,51.3642791],[-0.020368,51.3640908],[-0.0203754,51.3641003],[-0.0201646,51.3639776],[-0.020074,51.363914],[-0.0199486,51.3637572],[-0.0198865,51.3636977],[-0.0198117,51.3636326],[-0.0197406,51.3635838],[-0.0196102,51.3634763],[-0.0194768,51.3633716],[-0.0193823,51.3632647],[-0.0191691,51.3630453],[-0.0190851,51.362927],[-0.0189344,51.3627904],[-0.0188773,51.3626825],[-0.0187989,51.3625363],[-0.0187713,51.3623425],[-0.0185997,51.3620914],[-0.0184772,51.3619032],[-0.0183702,51.3617179],[-0.0183555,51.3616934],[-0.0182824,51.3615888],[-0.0182093,51.361485],[-0.0181661,51.3614222],[-0.0184003,51.3613533],[-0.0182883,51.3612525],[-0.0181557,51.3611316],[-0.0178545,51.3609862],[-0.0176714,51.3607691],[-0.0173259,51.3605879],[-0.0165366,51.3598056],[-0.0161385,51.3593456],[-0.0156503,51.358876],[-0.0150479,51.3584908],[-0.014455,51.3581498],[-0.0142227,51.3580101],[-0.0139747,51.3578314],[-0.0136118,51.3575546],[-0.0133622,51.3573822],[-0.0131311,51.3572119],[-0.0131226,51.3572082],[-0.0128774,51.3571662],[-0.0124414,51.3571175],[-0.0123294,51.357085],[-0.0121824,51.3571958],[-0.0121076,51.3572971],[-0.0118828,51.3572824],[-0.0115257,51.3571685],[-0.0111183,51.3569907],[-0.0101102,51.356523],[-0.0097152,51.356358],[-0.0094427,51.3562167],[-0.0093019,51.356119],[-0.009041,51.3559401],[-0.0086855,51.3558261],[-0.0084505,51.3556459],[-0.008247,51.3553717],[-0.0080513,51.3552146],[-0.007818,51.354931],[-0.0076904,51.3547598],[-0.0073972,51.3545012],[-0.0070458,51.3542569],[-0.006661,51.3539581],[-0.0065969,51.3538796],[-0.0064552,51.3538017],[-0.0062755,51.3537051],[-0.0060889,51.3535373],[-0.0061419,51.3534753],[-0.0059011,51.3532985],[-0.005545,51.3529328],[-0.005541,51.3529273],[-0.0054821,51.3528615],[-0.0054439,51.3528141],[-0.005385,51.3527475],[-0.0053322,51.3526755],[-0.005331,51.3526701],[-0.0052915,51.3525867],[-0.0053182,51.3525786],[-0.0053741,51.3525692],[-0.0052862,51.3524778],[-0.0052212,51.3523859],[-0.0051928,51.3523449],[-0.0051294,51.3521523],[-0.0050925,51.3520105],[-0.0049918,51.3517174],[-0.0049202,51.3514464],[-0.0048573,51.3512421],[-0.0047455,51.3509056],[-0.0047337,51.350749],[-0.0047459,51.350268],[-0.0046749,51.3498217],[-0.0046328,51.3495665],[-0.0045078,51.3494348],[-0.0043728,51.3491709],[-0.0043435,51.3489527],[-0.0042582,51.3488353],[-0.0042057,51.3486878],[-0.0040042,51.348268],[-0.0039144,51.3477566],[-0.0037896,51.347589],[-0.0034678,51.3468002],[-0.0033046,51.3463262],[-0.0032444,51.3461237],[-0.0030097,51.3457105],[-0.0029223,51.3455742],[-0.0029202,51.345522],[-0.0029851,51.3455168],[-0.002838,51.3450358],[-0.0027322,51.3448272],[-0.0026765,51.344587],[-0.0026066,51.3443134],[-0.002601,51.3441442],[-0.0026076,51.3439923],[-0.0025796,51.3438785],[-0.002411,51.3434296],[-0.0021457,51.3427947],[-0.0019982,51.3424226],[-0.00198,51.3423773],[-0.0018549,51.342118],[-0.0017179,51.3417028],[-0.0016519,51.3414364],[-0.0017651,51.3414096],[-0.0015802,51.340741],[-0.0014836,51.3407519],[-0.0014244,51.3407581],[-0.001398,51.3405076],[-0.0014462,51.3404887],[-0.0014856,51.3404732],[-0.0014086,51.340363],[-0.0013005,51.3402083],[-0.0010943,51.3397318],[-0.0010169,51.3394319],[-0.0008908,51.3390304],[-0.0007793,51.3385897],[-0.0005595,51.3380994],[-0.0003918,51.3378286],[-0.0000558,51.3368066],[0.00005,51.3364676],[0.0001287,51.3361317],[0.000326,51.3354485],[0.0005561,51.3349014],[0.000546,51.3345364],[0.0008306,51.3339515],[0.0009106,51.3337127],[0.0009241,51.3336585],[0.0008408,51.3335916],[0.0009597,51.3335203],[0.0013249,51.3333028],[0.001671,51.3330082],[0.0019354,51.3327177],[0.00227,51.3324898],[0.0026081,51.332342],[0.0029449,51.3322319],[0.0032818,51.3321551],[0.0032129,51.3316275],[0.0030858,51.3314129],[0.0028855,51.3312635],[0.0028826,51.3311637],[0.002842,51.3310223],[0.0028467,51.3309323],[0.0028464,51.330926],[0.0028914,51.3304774],[0.0028955,51.3303739],[0.0028869,51.3303408],[0.0028641,51.3303115],[0.0028196,51.3302781],[0.0023161,51.3299243],[0.0021817,51.3297719],[0.0021971,51.3294659],[0.0022236,51.329317],[0.0022561,51.3291726],[0.002266,51.3291383],[0.002342,51.3289049],[0.0024766,51.3286328],[0.0027289,51.3280655],[0.0029074,51.3275167],[0.0030743,51.3271649],[0.0030796,51.327154],[0.0031558,51.3269935],[0.0032533,51.3265269],[0.0033718,51.3261507],[0.0034865,51.3256875],[0.0035759,51.3252354],[0.0036965,51.3248736],[0.003725,51.324508],[0.003851,51.3242369],[0.0040476,51.3238748],[0.0044534,51.3228112],[0.0045157,51.3226923],[0.0048418,51.3220761],[0.0048873,51.3219323],[0.0050591,51.3208043],[0.0051044,51.3205914],[0.0051496,51.3203783],[0.0052375,51.3201583],[0.0053208,51.3198943],[0.0053775,51.3196155],[0.0054094,51.3190636],[0.005424,51.3189051],[0.005443,51.3187492],[0.0055173,51.318444],[0.0056262,51.3181759],[0.0060028,51.3174689],[0.0061264,51.317108],[0.006459,51.3162138],[0.0065501,51.3157364],[0.0065524,51.3156564],[0.0065577,51.3156482],[0.0069732,51.315633],[0.0071474,51.3156453],[0.0074739,51.3156963],[0.0074754,51.3156963],[0.0078868,51.3157846],[0.0080648,51.3158535],[0.0081681,51.3158859],[0.0083842,51.3159352],[0.0090819,51.3160402],[0.0092311,51.3160413],[0.009329,51.3160477],[0.0094937,51.3160736],[0.0100816,51.3161265],[0.0103204,51.3161404],[0.0100943,51.3153348],[0.0099362,51.3148043],[0.0096993,51.3143084],[0.009597,51.3140349],[0.0095351,51.3139353],[0.0095863,51.313858],[0.0095612,51.3138089],[0.0094612,51.3136218],[0.0092092,51.3128455],[0.0091514,51.3125083],[0.0091194,51.3121708],[0.0090654,51.3119199],[0.0089204,51.311622],[0.0086564,51.3112938],[0.0084958,51.3110322],[0.0083986,51.310845],[0.0083533,51.3106623],[0.008361,51.3105093],[0.0083631,51.3103618],[0.0084014,51.3101858],[0.0084544,51.3100517],[0.009083,51.3087415],[0.008986,51.3084572],[0.009012,51.3082985],[0.0091942,51.3078043],[0.0093568,51.3074544],[0.0094214,51.3072248],[0.0094358,51.3070969],[0.0094233,51.3070054],[0.0094534,51.3069059],[0.009544,51.3068145],[0.0095926,51.3067435],[0.0095686,51.306654],[0.0095889,51.3065942],[0.009677,51.3065082],[0.0097899,51.3063984],[0.0098774,51.3062998],[0.0099394,51.3062087],[0.0100007,51.3061016],[0.0100913,51.3059399],[0.0101578,51.3058219],[0.0102603,51.3056385],[0.0102684,51.3055286],[0.0104098,51.3051539],[0.0105021,51.3049365],[0.010466,51.3047977],[0.010434,51.304756],[0.0104253,51.3047211],[0.0104267,51.3046877],[0.0104508,51.3046469],[0.0104853,51.3046157],[0.0105028,51.3045902],[0.0106213,51.3043813],[0.0107795,51.3040603],[0.010833,51.3039056],[0.0108384,51.3038633],[0.0108011,51.3037659],[0.0108737,51.3031972],[0.0109133,51.3031182],[0.0109502,51.3030744],[0.0110719,51.3029716],[0.011053,51.3025709],[0.0110712,51.3024941],[0.0110359,51.3024425],[0.0110988,51.3019784],[0.0111862,51.3017457],[0.0112483,51.3015918],[0.0113233,51.3013369],[0.0114154,51.3010835],[0.0114895,51.3008736],[0.0115395,51.3007037],[0.0116184,51.3005422],[0.0116816,51.3004117],[0.0117495,51.3002594],[0.0118029,51.300102],[0.0118822,51.2999477],[0.0119616,51.2997953],[0.0121309,51.299599],[0.0123048,51.2991788],[0.0123405,51.2988463],[0.0125493,51.2983068],[0.0127117,51.297822],[0.0128533,51.2973213],[0.0129628,51.2969381],[0.0130359,51.2966419],[0.0133851,51.2962645],[0.013385,51.2962636],[0.0136115,51.2955033],[0.0136985,51.2951332],[0.0139149,51.2945053],[0.0139567,51.2943464],[0.01406,51.2943149],[0.0142137,51.2938275],[0.0142414,51.2937075],[0.0142808,51.2932634],[0.0143136,51.2930947],[0.0144183,51.2927674],[0.0144863,51.2925503],[0.0146081,51.2923198],[0.0149677,51.2918172],[0.0149821,51.2917873],[0.0156524,51.2918315],[0.0162606,51.2918336],[0.0173082,51.2917814],[0.0181009,51.2917363],[0.0188107,51.2917007],[0.019074,51.2916853],[0.0192064,51.2919564],[0.0194218,51.2923223],[0.0198588,51.2931969],[0.0199293,51.2934287],[0.0199699,51.2936375],[0.0200359,51.2938981],[0.0200538,51.2939454],[0.0201311,51.294105],[0.0202464,51.2945429],[0.020273,51.2946916],[0.0203054,51.2947765],[0.0203367,51.2948336],[0.0206243,51.2952432],[0.0207147,51.2953432],[0.0207621,51.2954116],[0.0208467,51.295573],[0.0208705,51.295658],[0.0208241,51.2959394],[0.0207868,51.2960696],[0.0207699,51.2961741],[0.0207666,51.2962614],[0.0207699,51.296336],[0.0208271,51.2965949],[0.0209256,51.2967794],[0.0211713,51.297151],[0.0212713,51.2972689],[0.0213432,51.2973405],[0.02201,51.2979549],[0.0222644,51.298259],[0.0228077,51.2988386],[0.0229832,51.2990146],[0.0230798,51.2991235],[0.0232075,51.2992859],[0.0235188,51.2996438],[0.0235716,51.2997049],[0.0236883,51.2998774],[0.0237425,51.29997],[0.0238082,51.3001245],[0.0239098,51.3002836],[0.0239584,51.3003781],[0.023983,51.300447],[0.0240202,51.3006064],[0.0242069,51.3011005],[0.0243387,51.3013905],[0.0244378,51.3015911],[0.0245285,51.3017595],[0.0246073,51.3018894],[0.0248114,51.3021557],[0.0252042,51.3025104],[0.0258933,51.3030084],[0.0261107,51.3031566],[0.0262294,51.3032454],[0.0267954,51.3037185],[0.0268739,51.3037738],[0.0271025,51.3039164],[0.0271603,51.3039568],[0.0276164,51.3044093],[0.0279499,51.3046859],[0.0280663,51.304755],[0.0286915,51.305041],[0.0291095,51.3052486],[0.029354,51.3053568],[0.0294341,51.3053851],[0.0295693,51.3054241],[0.0302537,51.3055588],[0.0303586,51.3056245],[0.0305761,51.3057735],[0.0306295,51.3058472],[0.0308981,51.3061133],[0.0310867,51.306387],[0.0311166,51.306418],[0.0312039,51.3064749],[0.0317082,51.3066865],[0.0319198,51.3067682],[0.0320195,51.3068141],[0.0323338,51.3069814],[0.0328814,51.3075214],[0.0332145,51.3073654],[0.0334932,51.307178],[0.0337371,51.3070137],[0.0338615,51.3069414],[0.0339361,51.3069068],[0.0340884,51.3068475],[0.0350881,51.3064839],[0.035571,51.3061797],[0.0360183,51.3060091],[0.0361574,51.3059401],[0.0363088,51.3058638],[0.0365057,51.3057389],[0.0364486,51.305712],[0.0363753,51.3056791],[0.0365869,51.3054991],[0.0366373,51.305537],[0.0366982,51.3055171],[0.0367476,51.3055017],[0.0376762,51.3047949],[0.0378251,51.3046917],[0.0382907,51.3044173],[0.0387985,51.3039292],[0.0394021,51.3035643],[0.0400903,51.3032313],[0.0401703,51.3032893],[0.0402266,51.3033297],[0.0403979,51.3032124],[0.0408477,51.3029042],[0.0407412,51.3028359],[0.0408897,51.3027219],[0.0409914,51.302783],[0.0410786,51.3027114],[0.0411096,51.3027288],[0.0413657,51.3028772],[0.0414913,51.3029902],[0.0415152,51.3029808],[0.0414827,51.3029274],[0.0414799,51.3028635],[0.0417631,51.3025205],[0.0419464,51.3022853],[0.0420508,51.3021836],[0.042276,51.3019234],[0.0423846,51.3017192],[0.0424096,51.3016359],[0.0425417,51.3014143],[0.042686,51.3011734],[0.0427752,51.3009857],[0.042846,51.3007066],[0.0429629,51.3001722],[0.0429793,51.3000243],[0.0430297,51.2998356],[0.0430623,51.299665],[0.0430618,51.2995247],[0.0430654,51.2990552],[0.0431839,51.2990127],[0.0433496,51.2989648],[0.0435245,51.2988971],[0.0437533,51.2987842],[0.0438825,51.2987199],[0.0441438,51.2986272],[0.0442708,51.2985819],[0.0441614,51.2984129],[0.0441381,51.2984043],[0.044052,51.2983689],[0.0439489,51.2982457],[0.0440413,51.2981956],[0.0440582,51.2981863],[0.0440113,51.2981322],[0.0438136,51.2979127],[0.0437892,51.297815],[0.0436893,51.2974058],[0.0436461,51.2973041],[0.0435257,51.2970813],[0.0434816,51.2970246],[0.0434185,51.2968008],[0.0433916,51.2967437],[0.0433028,51.2966158],[0.0432855,51.2965828],[0.0431691,51.29619],[0.0431142,51.2959553],[0.0430125,51.2953105],[0.0429818,51.2949451],[0.042964,51.2948663],[0.0429288,51.2947851],[0.0428384,51.2946544],[0.0427471,51.2941147],[0.0427344,51.2939602],[0.0427187,51.2938633],[0.0426739,51.2936626],[0.0426449,51.293558],[0.0424417,51.2929859],[0.0423738,51.2926859],[0.042369,51.2926742],[0.0424292,51.2926723],[0.0425281,51.2926706],[0.0425681,51.2926699],[0.0426671,51.2926699],[0.0427217,51.2926708],[0.0427848,51.2926706],[0.0428494,51.2926713],[0.0429125,51.2926729],[0.0429758,51.2926762],[0.0430319,51.2926789],[0.0430952,51.2926841],[0.0431572,51.2926911],[0.0432206,51.292698],[0.0432826,51.2927069],[0.0433448,51.2927166],[0.0434068,51.2927263],[0.0434677,51.2927378],[0.0435052,51.2927443],[0.0435834,51.29276],[0.0436616,51.2927767],[0.0437398,51.2927951],[0.0438153,51.2928144],[0.0438922,51.2928348],[0.0439315,51.2928467],[0.0440011,51.2928643],[0.0440693,51.2928829],[0.0441172,51.2928965],[0.0441842,51.2929178],[0.0447396,51.2930879],[0.0450667,51.2933124],[0.0452258,51.2935704],[0.0453276,51.2937944],[0.0454897,51.2939246],[0.0457041,51.2940054],[0.0459846,51.2940221],[0.0460059,51.2940181],[0.0464975,51.2939772],[0.0466645,51.2939598],[0.0468331,51.2939452],[0.0468461,51.2939441],[0.0469019,51.2939413],[0.0469576,51.2939367],[0.0470118,51.2939322],[0.0470148,51.2939321],[0.0470704,51.2939258],[0.0471246,51.2939176],[0.0471786,51.2939095],[0.0472328,51.2939014],[0.0472741,51.2938943],[0.0475791,51.2938477],[0.0475989,51.2938437],[0.0478166,51.2938048],[0.0478921,51.2937918],[0.0480729,51.2937626],[0.0481713,51.2937492],[0.0482441,51.2937398],[0.0483168,51.2937323],[0.0483912,51.2937265],[0.0484642,51.2937234],[0.0484685,51.2937233],[0.0485101,51.2937235],[0.0485503,51.2937246],[0.0485906,51.2937266],[0.0486308,51.2937286],[0.0486711,51.2937315],[0.0487113,51.2937343],[0.0487186,51.2937351],[0.0487791,51.2937413],[0.0488383,51.2937483],[0.048896,51.2937572],[0.0489552,51.293766],[0.049013,51.2937758],[0.0490723,51.2937856],[0.0491171,51.2937929],[0.0494364,51.2938448],[0.0495462,51.2938618],[0.0498045,51.2938977],[0.0499704,51.2939209],[0.0503718,51.2939805],[0.0504338,51.2939857],[0.0504956,51.29399],[0.0505589,51.2939925],[0.0505818,51.2939921],[0.0506177,51.2939932],[0.0506551,51.2939935],[0.0506909,51.2939938],[0.0507267,51.2939922],[0.0507623,51.293988],[0.050795,51.2939812],[0.0507992,51.2939793],[0.050812,51.2939755],[0.0508233,51.2939708],[0.0508346,51.2939661],[0.0508444,51.2939605],[0.0508556,51.2939558],[0.0508654,51.2939502],[0.0508767,51.2939446],[0.0508892,51.2939363],[0.0509059,51.293927],[0.0509198,51.2939159],[0.0509337,51.2939049],[0.0509475,51.2938939],[0.0509598,51.293882],[0.0509722,51.2938701],[0.0509847,51.2938582],[0.0509956,51.2938463],[0.051008,51.2938344],[0.0510203,51.2938225],[0.0510327,51.2938115],[0.0512259,51.2936409],[0.0513863,51.2935049],[0.0514113,51.2934883],[0.0514394,51.2934725],[0.0514659,51.2934577],[0.0514954,51.2934428],[0.0515235,51.2934288],[0.0515515,51.2934139],[0.0515711,51.2934046],[0.0516988,51.2933385],[0.0518293,51.293275],[0.0519614,51.2932133],[0.0519965,51.2931965],[0.0523786,51.2930172],[0.0526178,51.2929122],[0.0527134,51.292871],[0.0529601,51.2927723],[0.0532052,51.2926727],[0.0532178,51.2926671],[0.053381,51.2925949],[0.0535412,51.2925202],[0.0536395,51.2924726],[0.0539286,51.2923327],[0.0543625,51.2920903],[0.0547314,51.2921288],[0.0548932,51.2921565],[0.0550044,51.2921734],[0.0551158,51.2921931],[0.0552271,51.2922136],[0.0553299,51.2922352],[0.0554386,51.2922593],[0.0555458,51.2922844],[0.0556533,51.2923123],[0.0557506,51.2923384],[0.0559201,51.2923759],[0.0560228,51.2923966],[0.0560904,51.2922739],[0.0561118,51.2922385],[0.0561361,51.292203],[0.0561604,51.2921693],[0.0561874,51.2921347],[0.0562161,51.2921018],[0.0562448,51.292068],[0.0562517,51.2920616],[0.0562831,51.2920296],[0.0563177,51.2919975],[0.0563521,51.2919672],[0.056388,51.2919369],[0.056424,51.2919066],[0.056453,51.2918818],[0.0566159,51.2917405],[0.0566695,51.2916883],[0.0567217,51.291636],[0.0567696,51.2915831],[0.0567791,51.2915712],[0.0568117,51.291532],[0.05684,51.291491],[0.0568683,51.2914501],[0.0568966,51.2914091],[0.0569169,51.2913818],[0.0569701,51.2913205],[0.0570248,51.2912602],[0.0570697,51.2912064],[0.0571186,51.2911444],[0.0571563,51.2910916],[0.0571845,51.2910479],[0.0572098,51.2910024],[0.0572336,51.290958],[0.0572603,51.2909152],[0.0572993,51.2908561],[0.0573411,51.2907979],[0.0573506,51.290786],[0.0573739,51.2907613],[0.0573987,51.2907375],[0.0574249,51.2907137],[0.0574482,51.2906898],[0.0574604,51.2906761],[0.0574865,51.2906469],[0.0575095,51.2906177],[0.0575311,51.2905876],[0.0575311,51.2905867],[0.0575404,51.2905713],[0.0575484,51.2905559],[0.0575547,51.2905396],[0.0575612,51.2905233],[0.0575662,51.2905079],[0.0575699,51.2904917],[0.0575734,51.2904745],[0.0575758,51.2904628],[0.0576206,51.2903747],[0.0576615,51.2902949],[0.0577251,51.2901481],[0.057792,51.2900066],[0.0578225,51.2899512],[0.057853,51.2898958],[0.0578864,51.2898413],[0.0579272,51.2897893],[0.0579736,51.289739],[0.0579957,51.2897197],[0.0580192,51.2897013],[0.0580443,51.2896829],[0.0580707,51.2896645],[0.0580957,51.2896469],[0.0581208,51.2896294],[0.0581402,51.2896156],[0.0583706,51.2894434],[0.0584828,51.289355],[0.0586295,51.2893641],[0.059295,51.2894595],[0.0598819,51.2895634],[0.0603081,51.2895999],[0.0606644,51.2896467],[0.0609926,51.2896724],[0.0613794,51.2897277],[0.0622081,51.2898794],[0.0623832,51.2899177],[0.062448,51.2899229],[0.0625445,51.2899607],[0.0627843,51.2899367],[0.0631297,51.2898992],[0.0632255,51.289893],[0.0633214,51.2898886],[0.0634173,51.2898851],[0.0635148,51.2898834],[0.0636108,51.2898817],[0.0636222,51.2898815],[0.0637799,51.2898778],[0.0639376,51.2898759],[0.0640942,51.2898813],[0.0641647,51.2898872],[0.0642137,51.2898935],[0.0642629,51.2899017],[0.0643105,51.2899098],[0.0643583,51.2899198],[0.0644047,51.2899306],[0.0644526,51.2899424],[0.064499,51.2899542],[0.0645454,51.289966],[0.0645918,51.2899778],[0.0646383,51.2899904],[0.0646861,51.2900022],[0.0646977,51.2900056],[0.0648573,51.2900459],[0.0649968,51.2900848],[0.0651653,51.2901322],[0.065331,51.2901823],[0.0653936,51.2902028],[0.0654711,51.2902338],[0.0655456,51.2902667],[0.0656244,51.2902959],[0.0656651,51.2903077],[0.0656926,51.2903136],[0.0657216,51.2903193],[0.0657504,51.2903233],[0.0657793,51.2903264],[0.065808,51.2903295],[0.0658383,51.2903326],[0.0658973,51.2903378],[0.0659262,51.29034],[0.0659565,51.2903431],[0.0659737,51.2903455],[0.066412,51.2903962],[0.0666496,51.2904189],[0.0668211,51.2904339],[0.0668354,51.2904345],[0.0668483,51.2904352],[0.0668612,51.290435],[0.066867,51.2904349],[0.0668798,51.2904337],[0.0668941,51.2904326],[0.0669069,51.2904306],[0.0669326,51.2904265],[0.0669454,51.2904254],[0.0669526,51.2904244],[0.0669953,51.29042],[0.0670383,51.2904175],[0.0670798,51.2904158],[0.0671228,51.2904151],[0.0671658,51.2904134],[0.0672016,51.2904119],[0.067372,51.2904071],[0.0675359,51.2903844],[0.0675411,51.29053],[0.0684177,51.2906971],[0.0702752,51.29105],[0.0704779,51.2910284],[0.0706534,51.2910083],[0.0707238,51.29098],[0.0708088,51.2909875],[0.0707643,51.2910504],[0.0709692,51.2911098],[0.0711056,51.2911442],[0.0712959,51.2911984],[0.071558,51.2912845],[0.0717468,51.2913387],[0.0718222,51.2913563],[0.0718975,51.291372],[0.0719727,51.2913861],[0.0720493,51.2914],[0.0721259,51.2914121],[0.0722025,51.2914243],[0.0722805,51.2914364],[0.0723036,51.2914405],[0.0724674,51.2914789],[0.0726716,51.2915229],[0.0728659,51.2915357],[0.0730431,51.2915532],[0.0732052,51.2915872],[0.0732789,51.2915976],[0.0733409,51.2916064],[0.0737037,51.2916368],[0.073907,51.2916593],[0.0744802,51.2916807],[0.0748947,51.2917111],[0.075147,51.2917111],[0.0753411,51.2917185],[0.0757793,51.2917368],[0.07605,51.291759],[0.0762766,51.2917603],[0.0763084,51.2917328],[0.0763435,51.2917484],[0.076419,51.2917362],[0.0765881,51.2917332],[0.0766884,51.2917315],[0.0768397,51.2917135],[0.0769511,51.2917043],[0.0770068,51.2916997],[0.0770111,51.291795],[0.0772889,51.2917846],[0.0774162,51.2917779],[0.0774862,51.2917685],[0.0776457,51.291745],[0.0781439,51.2917542],[0.0781453,51.2917542],[0.0782558,51.2917873],[0.0783604,51.2917863],[0.0784621,51.2917836],[0.0785682,51.2917799],[0.0788353,51.2917248],[0.0789025,51.2917191],[0.0792537,51.2916859],[0.0793971,51.2916834],[0.0796433,51.2916745],[0.079665,51.2916471],[0.0797329,51.2916567],[0.0798586,51.2916437],[0.0799386,51.2916693],[0.0799918,51.2916701],[0.0800808,51.2916721],[0.0801683,51.2916751],[0.0802575,51.2916798],[0.0803453,51.2916872],[0.0804289,51.2916956],[0.0804881,51.2917035],[0.0805472,51.2917124],[0.0807551,51.2917411],[0.081073,51.291792],[0.0812875,51.2918422],[0.0814082,51.2918788],[0.081499,51.2918249],[0.0815526,51.2918366],[0.0815541,51.2918374],[0.0815501,51.2918457],[0.0815521,51.2918564],[0.0815615,51.2918761],[0.0815679,51.2918885],[0.0815872,51.2919053],[0.0816065,51.2919202],[0.0816259,51.2919342],[0.0816466,51.2919492],[0.0816688,51.2919632],[0.0816924,51.2919771],[0.0817159,51.2919902],[0.0817394,51.2920033],[0.0817658,51.2920154],[0.0817907,51.2920275],[0.081817,51.2920378],[0.0818404,51.2920464],[0.0818651,51.2920541],[0.0818897,51.2920608],[0.0819144,51.2920667],[0.0819404,51.2920725],[0.0819665,51.2920774],[0.0819925,51.2920824],[0.0820446,51.2920913],[0.0821779,51.2921195],[0.0823987,51.2921525],[0.0828658,51.2922341],[0.0832554,51.2922569],[0.0834052,51.2923657],[0.0838863,51.2926647],[0.0849462,51.2928842],[0.085251,51.2929282],[0.0854276,51.292997],[0.0855659,51.293044],[0.0856654,51.2930854],[0.0857514,51.2931486],[0.0858479,51.2932206],[0.0859591,51.2932663],[0.0860891,51.2933836],[0.0862046,51.2934625],[0.0862982,51.2935031],[0.0863857,51.2935654],[0.0864669,51.2936494],[0.0868903,51.2939412],[0.0869704,51.2940298],[0.0870648,51.2944346],[0.087067,51.2944822],[0.0872915,51.2946266],[0.087613,51.2948844],[0.089234,51.2960875],[0.0893724,51.2961642],[0.0894881,51.296217],[0.0895406,51.2962367],[0.0896282,51.2962702],[0.0897868,51.2963204],[0.0906441,51.2965614],[0.0907038,51.2965811],[0.0908205,51.2966257],[0.0909291,51.2966777],[0.0910692,51.2967616],[0.0911569,51.2968284],[0.0902996,51.2973031],[0.0898757,51.2975203],[0.0894569,51.297741],[0.0894094,51.2977715],[0.0893232,51.2978306],[0.0891735,51.2979465],[0.0886052,51.2984783],[0.0878281,51.2991181],[0.0875531,51.2993173],[0.0873844,51.2994254],[0.0871629,51.2995696],[0.0869476,51.2997246],[0.0866424,51.2999549],[0.0863481,51.3001409],[0.0863109,51.300173],[0.086248,51.3002434],[0.0861843,51.3003551],[0.0860815,51.3007778],[0.0860319,51.3011079],[0.0860386,51.3013182],[0.0860079,51.3014635],[0.0859853,51.3015683],[0.0858793,51.3017302],[0.0854044,51.3025202],[0.0851148,51.3029336],[0.0849045,51.3031685],[0.0847778,51.3033219],[0.0846338,51.3034962],[0.0844705,51.3036924],[0.0840349,51.3041166],[0.0833424,51.3047926],[0.0831612,51.3050035],[0.082788,51.3056342],[0.0828536,51.3056556],[0.0831345,51.3057127],[0.0835081,51.3057887],[0.0842747,51.3059577],[0.0848497,51.3060454],[0.0846706,51.3068103],[0.0846409,51.3071049],[0.0846041,51.3071766],[0.0844039,51.3074455],[0.0842276,51.3078309],[0.0841941,51.3078836],[0.0840582,51.3080497],[0.0840575,51.3080659],[0.084061,51.3080802],[0.084647,51.3082515],[0.0847065,51.3082998],[0.0847201,51.3083464],[0.0847127,51.3083708],[0.0846832,51.3084153],[0.0846391,51.3084558],[0.0845609,51.308503],[0.0845167,51.3085443],[0.0844457,51.3086201],[0.0843944,51.308693],[0.084318,51.3088455],[0.084251,51.3090427],[0.084124,51.3095351],[0.0840693,51.3096251],[0.0839909,51.3096975],[0.0839774,51.3097185],[0.0839163,51.3098598],[0.0838793,51.3099279],[0.083868,51.3099955],[0.0838748,51.3100495],[0.0837307,51.3104189],[0.0835434,51.3105283],[0.0835656,51.3106683],[0.0835819,51.3107103],[0.0840902,51.3110052],[0.0841075,51.3110714],[0.0841351,51.3111087],[0.0843757,51.3116683],[0.0844237,51.3117456],[0.0844936,51.3118316],[0.0845747,51.3119103],[0.0846195,51.311949],[0.0848061,51.3120778],[0.0848964,51.3121706],[0.0849209,51.3122045],[0.0849623,51.312388],[0.0850421,51.3125989],[0.0850496,51.3126716],[0.0850436,51.3127256],[0.085017,51.3128052],[0.0849873,51.3130692],[0.0850093,51.3132038],[0.0850605,51.3133863],[0.0852451,51.3138165],[0.0855255,51.3147144],[0.0855423,51.3147375],[0.0855676,51.3147577],[0.0856133,51.3147848],[0.0854735,51.3149914],[0.0854221,51.3150922],[0.0852631,51.3153522],[0.0851151,51.3155374],[0.0850991,51.3155655],[0.0850666,51.3156389],[0.0850125,51.3158081],[0.0850007,51.3160233],[0.0851135,51.3160831],[0.0853581,51.3162129],[0.0859213,51.3165752],[0.086262,51.3168101],[0.0867931,51.3171927],[0.0871303,51.3175393],[0.0872285,51.3176482],[0.0874151,51.3178688],[0.0877567,51.3183123],[0.0882084,51.3184967],[0.0883942,51.3185411],[0.0886705,51.3186207],[0.0890636,51.3186829],[0.0892988,51.3187417],[0.0894152,51.3187774],[0.0895889,51.3188399],[0.0898397,51.3189568],[0.0901472,51.3190602],[0.090541,51.3192015],[0.0908744,51.3193034],[0.0909849,51.3193348],[0.0914803,51.3194348],[0.0916793,51.3195202],[0.0921618,51.3196825],[0.0927489,51.3198114],[0.0928568,51.3198517],[0.0929158,51.3198866],[0.0933233,51.3200718],[0.093468,51.3201294],[0.0937972,51.3202351],[0.0940637,51.3203212],[0.0944487,51.3204878],[0.0956544,51.3210894],[0.0961517,51.3212928],[0.0964956,51.3215331],[0.097157,51.3219043],[0.0976908,51.3222805],[0.0984792,51.322886],[0.0990106,51.3232102],[0.0993502,51.3234154],[0.0995036,51.323508],[0.0995765,51.3235651],[0.1001481,51.324072],[0.1002666,51.3242165],[0.100308,51.3242751],[0.1003841,51.3244023],[0.1004496,51.3245451],[0.1005028,51.324705],[0.1007517,51.3252519],[0.1007733,51.3253189],[0.1007851,51.3253879],[0.1007844,51.3254653],[0.100764,51.3255853],[0.1011579,51.3256933],[0.1018947,51.3258276],[0.101978,51.3259547],[0.1021185,51.3259836],[0.1025236,51.3259898],[0.1030235,51.3259674],[0.1031171,51.3259756],[0.1032128,51.3259954],[0.1035519,51.3262538],[0.1038853,51.3264807],[0.1039695,51.3265349],[0.1040809,51.3266165],[0.1041914,51.3267073],[0.1042876,51.3268035],[0.1043618,51.3268876],[0.1046866,51.3272712],[0.1047428,51.3273412],[0.1048739,51.3274126],[0.1050463,51.3274491],[0.1051571,51.3274534],[0.1058046,51.3274246],[0.1062288,51.3273793],[0.1065331,51.327381],[0.1068167,51.327428],[0.1069691,51.3274648],[0.10721,51.3275235],[0.1073432,51.3274518],[0.1079559,51.3272313],[0.1085687,51.3270691],[0.109212,51.3267931],[0.1097309,51.326684],[0.1097993,51.3271432],[0.1098985,51.3273033],[0.1099891,51.3275247],[0.1100849,51.3279555],[0.110103,51.3280064],[0.1101259,51.3280357],[0.1103644,51.3280386],[0.1106441,51.3280336],[0.1112583,51.3278121],[0.1116285,51.3277469],[0.1129992,51.3275882],[0.1129893,51.3275596],[0.1136361,51.3274545],[0.1140065,51.3273947],[0.1141833,51.3273978],[0.1151532,51.3288227],[0.1157158,51.3295068],[0.1166143,51.3300032],[0.1169727,51.3297144],[0.1173353,51.3294812],[0.1178762,51.329663],[0.1178645,51.3296901],[0.1178244,51.3297538],[0.1177789,51.3300127],[0.1177644,51.3301659],[0.1177602,51.3301984],[0.117758,51.3302461],[0.1177575,51.3302955],[0.1177568,51.3303432],[0.1177619,51.3303907],[0.1177659,51.3304158],[0.1177727,51.3304373],[0.1177794,51.3304596],[0.1177876,51.3304821],[0.1177958,51.3305035],[0.1178069,51.3305249],[0.1178085,51.3305293],[0.117821,51.3305525],[0.1178336,51.3305756],[0.1178489,51.3305978],[0.1178642,51.3306191],[0.1178643,51.3306209],[0.1179154,51.3306686],[0.1179677,51.3307153],[0.118023,51.330761],[0.1180796,51.3308059],[0.1181243,51.3308402],[0.1181851,51.330884],[0.1182473,51.3309261],[0.118311,51.3309672],[0.1183745,51.3310083],[0.1184056,51.3310275],[0.1185387,51.3311097],[0.1186729,51.3311891],[0.118757,51.331237],[0.1189827,51.3313714],[0.1194171,51.3316387],[0.119692,51.3318082],[0.1200849,51.3320475],[0.1202182,51.3321368],[0.1204835,51.3324108],[0.1210099,51.332993],[0.1214689,51.3335117],[0.1216569,51.333636],[0.1215824,51.3337623],[0.1208853,51.33415],[0.1202774,51.3345091],[0.1199837,51.3347392],[0.1197754,51.3352367],[0.1195531,51.3354259],[0.1193632,51.3360409],[0.1190862,51.3366637],[0.118806,51.3374386],[0.118272,51.3384043],[0.1189868,51.3386836],[0.1184438,51.3399812],[0.1174972,51.3398212],[0.1172557,51.3397806],[0.116977,51.3405564],[0.1166538,51.3413023],[0.1166546,51.3414749],[0.1169149,51.3422338],[0.1170427,51.3426685],[0.1172048,51.3431629],[0.1173934,51.3431451],[0.1175593,51.3431286],[0.1175636,51.3432841],[0.11757,51.3434845],[0.1176642,51.3434747],[0.1180538,51.3438553],[0.118429,51.3441471],[0.1185811,51.3442072],[0.1191837,51.3442584],[0.1198041,51.3443219],[0.119898,51.3443336],[0.1199427,51.3442437],[0.1205905,51.34434],[0.1212829,51.3444416],[0.1217631,51.3445463],[0.1222118,51.3446568],[0.1226426,51.3448118],[0.1230238,51.3449488],[0.1235218,51.3451287],[0.1235056,51.3453393],[0.1235689,51.3453723],[0.1236743,51.3454154],[0.1238246,51.3454685],[0.1239817,51.3455124],[0.1246431,51.3457477],[0.1251051,51.3458634],[0.1251857,51.3458673],[0.1253166,51.3458398],[0.1253321,51.3458332],[0.125349,51.3458275],[0.1253661,51.3458227],[0.125383,51.345817],[0.125393,51.345815],[0.12541,51.3458102],[0.1254285,51.3458072],[0.125447,51.3458033],[0.1254641,51.3458002],[0.1254756,51.3457991],[0.125504,51.345795],[0.1255312,51.3457918],[0.1255612,51.3457904],[0.12559,51.345789],[0.1256185,51.3457876],[0.1256774,51.3457856],[0.125706,51.3457851],[0.1257347,51.3457837],[0.1260625,51.3457606],[0.1262846,51.3457512],[0.1264752,51.3457423],[0.1266943,51.3457285],[0.1269132,51.345711],[0.1269389,51.3457087],[0.127109,51.3456922],[0.1272633,51.345674],[0.1272464,51.3456186],[0.1276555,51.3456174],[0.1288783,51.3455098],[0.1294383,51.3454457],[0.1294392,51.3454645],[0.1297336,51.3454358],[0.1304252,51.3453621],[0.1311191,51.3452748],[0.1311137,51.3452524],[0.1314365,51.345215],[0.1316423,51.3451933],[0.1317501,51.3455061],[0.132151,51.3454197],[0.1324243,51.3453653],[0.1333152,51.3451925],[0.1333935,51.3451785],[0.1336369,51.3451309],[0.1338771,51.3450798],[0.1339355,51.345067],[0.1340918,51.3450327],[0.1342466,51.3449957],[0.1343999,51.344957],[0.134502,51.3449299],[0.1346537,51.3448866],[0.1347343,51.3448618],[0.1348023,51.3448417],[0.1352921,51.3446916],[0.1353107,51.3446877],[0.1355277,51.3446306],[0.1357431,51.34457],[0.1359557,51.3445068],[0.1359613,51.3445058],[0.1362443,51.3444152],[0.1365242,51.3443202],[0.1366556,51.3442737],[0.1369309,51.3441742],[0.1369902,51.3442757],[0.1370394,51.3444061],[0.137052,51.3444292],[0.1370617,51.3444524],[0.1370714,51.3444756],[0.1370796,51.3444998],[0.1370879,51.344523],[0.1370933,51.3445472],[0.1370953,51.3445597],[0.1370991,51.3445768],[0.1370994,51.344584],[0.1371034,51.3446082],[0.1371059,51.3446315],[0.137107,51.3446558],[0.1371067,51.3446801],[0.137105,51.3447044],[0.1371018,51.3447287],[0.1370972,51.3447531],[0.1370911,51.3447765],[0.1370885,51.3447811],[0.1370822,51.344801],[0.137073,51.3448209],[0.1370624,51.34484],[0.1370518,51.3448591],[0.1370398,51.3448782],[0.1370264,51.3448974],[0.1370128,51.3449156],[0.1369993,51.3449347],[0.1369844,51.344953],[0.1369545,51.3449895],[0.1369451,51.3450032],[0.1369125,51.3450433],[0.1368785,51.3450835],[0.1368429,51.3451228],[0.136806,51.3451621],[0.1367661,51.3451998],[0.1367247,51.3452365],[0.1366957,51.3452595],[0.1366638,51.3452835],[0.1366304,51.3453066],[0.1365955,51.3453288],[0.1365606,51.345351],[0.1365243,51.3453723],[0.1364864,51.3453928],[0.1364697,51.3454021],[0.1363654,51.3454759],[0.1363613,51.3454796],[0.1362526,51.34555],[0.136236,51.3455647],[0.1362264,51.3455748],[0.1362184,51.3455857],[0.1362102,51.3455966],[0.1362035,51.3456075],[0.1361969,51.3456185],[0.1361902,51.3456303],[0.136185,51.3456421],[0.1361812,51.3456529],[0.1361761,51.3456647],[0.1361723,51.3456764],[0.1361686,51.3456882],[0.1361648,51.3457009],[0.13616,51.3457198],[0.136155,51.3457388],[0.136153,51.3457568],[0.1361497,51.3457758],[0.1361491,51.3457946],[0.1361485,51.3458135],[0.1361493,51.3458324],[0.1361517,51.3458513],[0.136154,51.3458702],[0.1361592,51.345889],[0.1361629,51.3459078],[0.1361695,51.3459256],[0.1361729,51.3459364],[0.1365192,51.3459121],[0.1365268,51.3459191],[0.1365328,51.3459253],[0.1365403,51.3459314],[0.1365492,51.3459376],[0.1365566,51.3459437],[0.1365655,51.345949],[0.1365758,51.3459542],[0.1365817,51.3459577],[0.1365919,51.3459629],[0.1366022,51.3459672],[0.1366125,51.3459715],[0.1366241,51.3459749],[0.1366343,51.3459783],[0.136646,51.3459817],[0.1366576,51.345985],[0.1366692,51.3459875],[0.1366822,51.34599],[0.1366938,51.3459916],[0.1367069,51.3459931],[0.1367199,51.3459947],[0.1367328,51.3459954],[0.1367457,51.3459951],[0.1367586,51.3459949],[0.1367715,51.3459947],[0.1367845,51.3459935],[0.1367973,51.3459924],[0.1368101,51.3459904],[0.136823,51.3459892],[0.1368344,51.3459872],[0.1368472,51.3459852],[0.13686,51.3459832],[0.13687,51.3459812],[0.1368899,51.3459772],[0.1369084,51.3459733],[0.1369268,51.3459684],[0.1369452,51.3459627],[0.1369637,51.345957],[0.1369805,51.3459504],[0.1369989,51.3459438],[0.1370159,51.3459372],[0.1370328,51.3459306],[0.1370595,51.3459202],[0.1370919,51.345907],[0.1371229,51.3458929],[0.1371539,51.3458789],[0.1371694,51.3458714],[0.1374712,51.3460619],[0.137471,51.3460621],[0.1374629,51.346071],[0.1374547,51.3460802],[0.1374465,51.3460893],[0.1374399,51.3460993],[0.1374331,51.3461094],[0.1374279,51.3461193],[0.1374226,51.3461293],[0.1374188,51.3461394],[0.1374175,51.3461421],[0.137415,51.346152],[0.1374112,51.3461629],[0.1374102,51.3461728],[0.1374093,51.3461836],[0.1374108,51.3462159],[0.1374127,51.3462258],[0.1374146,51.3462365],[0.137418,51.3462473],[0.1374213,51.3462571],[0.1374247,51.3462678],[0.1374295,51.3462785],[0.1374342,51.3462883],[0.1374377,51.3462991],[0.1374392,51.3463017],[0.137447,51.3463142],[0.1374547,51.3463266],[0.1374639,51.346339],[0.1374746,51.3463514],[0.1374852,51.3463629],[0.1374972,51.3463744],[0.1375092,51.3463859],[0.1375212,51.3463964],[0.1375346,51.3464079],[0.1375494,51.3464184],[0.1375628,51.3464289],[0.1375778,51.3464394],[0.1375912,51.3464501],[0.1376224,51.3464729],[0.1376505,51.3464913],[0.1376772,51.3465096],[0.1377068,51.346528],[0.1377363,51.3465454],[0.1377658,51.346562],[0.1377967,51.3465776],[0.1378305,51.3465932],[0.1378408,51.3465984],[0.1378685,51.3466095],[0.1378978,51.3466198],[0.1379269,51.3466301],[0.1379561,51.3466394],[0.1379852,51.3466488],[0.1380158,51.3466572],[0.1380463,51.3466647],[0.138058,51.3466681],[0.1380884,51.3466748],[0.1381188,51.3466805],[0.1381507,51.3466862],[0.1381825,51.346691],[0.1381912,51.3466918],[0.138241,51.3470848],[0.1382685,51.3470879],[0.1382958,51.3470901],[0.1383233,51.3470914],[0.1383505,51.3470918],[0.1383591,51.3470917],[0.1383864,51.3470921],[0.1384137,51.3470907],[0.1384408,51.3470884],[0.1384494,51.3470882],[0.1384681,51.347087],[0.1384952,51.3470838],[0.1385224,51.3470815],[0.1385495,51.3470792],[0.1388315,51.3470588],[0.1389086,51.347051],[0.1390086,51.3470392],[0.1391085,51.3470257],[0.1392112,51.3470113],[0.1394139,51.3469824],[0.1394659,51.3472998],[0.1386197,51.3474133],[0.1386865,51.3475245],[0.1392284,51.3481504],[0.1395055,51.3485194],[0.139652,51.3486742],[0.13973,51.3487447],[0.1398313,51.3488238],[0.1399383,51.3488991],[0.1401171,51.3490092],[0.1402946,51.3491184],[0.1403961,51.3491713],[0.1404987,51.3492154],[0.1406082,51.349253],[0.1407928,51.3493026],[0.1410043,51.3494327],[0.1410769,51.3494817],[0.1412532,51.3495335],[0.1412602,51.3497788],[0.1409572,51.3501458],[0.1425843,51.3507312],[0.142593,51.3507346],[0.1425933,51.3507418],[0.1425944,51.3507644],[0.1425984,51.3507868],[0.1426023,51.3508092],[0.1426062,51.3508316],[0.142613,51.3508539],[0.1426197,51.3508763],[0.1426213,51.3508798],[0.1426279,51.3508959],[0.1426343,51.350912],[0.1426409,51.3509289],[0.1426489,51.350945],[0.1426581,51.3509601],[0.1426675,51.3509761],[0.1426797,51.3509921],[0.1426905,51.3510071],[0.1427041,51.3510213],[0.1427134,51.3510373],[0.1427575,51.3510887],[0.1427461,51.3513047],[0.1426836,51.3515676],[0.142684,51.3516971],[0.1426929,51.3518273],[0.1427573,51.3521022],[0.1427641,51.3523386],[0.1427853,51.3524848],[0.1428042,51.352551],[0.1428494,51.352659],[0.1429187,51.3527899],[0.1429777,51.3528841],[0.1430984,51.3530385],[0.1431132,51.353049],[0.1436043,51.3530175],[0.1437395,51.3532983],[0.1437101,51.3533762],[0.1437073,51.3534059],[0.1437058,51.3534347],[0.1437057,51.3534635],[0.1437071,51.3534931],[0.1437071,51.353494],[0.1437099,51.3535227],[0.143714,51.3535514],[0.1437197,51.3535811],[0.1437254,51.3536097],[0.1437339,51.3536384],[0.1437438,51.3536669],[0.1438265,51.3540215],[0.1439671,51.3546647],[0.1439844,51.3547291],[0.1440194,51.3548616],[0.1440251,51.3548615],[0.1440482,51.3548638],[0.1440712,51.354866],[0.1440929,51.3548683],[0.144116,51.3548715],[0.1441378,51.3548756],[0.144161,51.3548806],[0.1441755,51.354883],[0.1441974,51.3548889],[0.1442176,51.3548939],[0.1442395,51.3549007],[0.1442599,51.3549075],[0.14484,51.3555201],[0.1450871,51.3557638],[0.1452534,51.3561888],[0.145627,51.3572054],[0.1458685,51.3582243],[0.1453479,51.3583347],[0.1448212,51.3584351],[0.1448418,51.3585085],[0.1448473,51.3585317],[0.1448573,51.3585649],[0.1448689,51.358598],[0.1448772,51.3586203],[0.1448917,51.3586533],[0.1449321,51.3587209],[0.1450256,51.3589368],[0.1450288,51.3589439],[0.1450358,51.3589699],[0.1450427,51.3589958],[0.1450468,51.3590227],[0.1450488,51.3590362],[0.1450528,51.3590577],[0.1450538,51.3590783],[0.1450548,51.3590999],[0.1450543,51.3591215],[0.1450524,51.3591431],[0.1450494,51.359171],[0.1450435,51.3591991],[0.1450411,51.359209],[0.1450375,51.3592217],[0.1450323,51.3592353],[0.145022,51.3592606],[0.1450169,51.3592733],[0.1450132,51.3592869],[0.1450109,51.3592995],[0.1450087,51.359313],[0.1450115,51.3593435],[0.1450177,51.3593848],[0.1450195,51.3593919],[0.1450187,51.3594054],[0.1450194,51.3594198],[0.1450186,51.3594333],[0.1450193,51.3594477],[0.1450213,51.359462],[0.1450664,51.3595638],[0.1450776,51.3595887],[0.1451083,51.3596628],[0.1451376,51.3597369],[0.1451684,51.359811],[0.1452034,51.3598841],[0.1452365,51.3599473],[0.1452773,51.3600194],[0.1453222,51.3600914],[0.1453439,51.3601864],[0.1453625,51.3603371],[0.1453424,51.3603375],[0.1453222,51.3603379],[0.1453037,51.3603391],[0.1452851,51.3603412],[0.1452651,51.3603434],[0.1452466,51.3603464],[0.145228,51.3603495],[0.1452095,51.3603534],[0.1451925,51.3603573],[0.145174,51.3603621],[0.1451315,51.3603755],[0.1450739,51.3604017],[0.1450163,51.3604298],[0.1449489,51.3604626],[0.1448396,51.3605203],[0.1447332,51.3605807],[0.1447248,51.3605853],[0.1447094,51.3605937],[0.1446953,51.3606012],[0.1446799,51.3606086],[0.1446476,51.3606236],[0.1446336,51.3606311],[0.1446181,51.3606394],[0.1446027,51.3606469],[0.1445888,51.3606553],[0.1445747,51.3606636],[0.1445608,51.3606719],[0.1445483,51.3606812],[0.1445358,51.3606904],[0.1445248,51.3607005],[0.1445152,51.3607105],[0.1445084,51.3607188],[0.1445002,51.3607288],[0.1444922,51.3607397],[0.1444855,51.3607506],[0.1444842,51.3607543],[0.1444802,51.3607615],[0.1444762,51.3607689],[0.1444723,51.3607761],[0.1444711,51.3607825],[0.1444658,51.3608212],[0.1444639,51.3608428],[0.1444607,51.3608977],[0.1444618,51.3609517],[0.1444672,51.3610064],[0.1444741,51.3610611],[0.1444838,51.361115],[0.1444935,51.3611696],[0.1445076,51.3612242],[0.1445264,51.3612895],[0.1445481,51.3613538],[0.1445741,51.3614182],[0.1446014,51.3614815],[0.1446318,51.3615448],[0.1446648,51.3616071],[0.1446931,51.3616579],[0.1447336,51.3617264],[0.1447784,51.3617939],[0.1448246,51.3618605],[0.1448751,51.361927],[0.144927,51.3619926],[0.1449453,51.3620138],[0.1449982,51.3620723],[0.1450555,51.3621297],[0.1451128,51.3621871],[0.1451687,51.3622445],[0.1452202,51.3623038],[0.1452324,51.3623179],[0.1452783,51.3623783],[0.1453229,51.3624404],[0.1453645,51.3625026],[0.1452338,51.3626561],[0.1450217,51.3628506],[0.1451904,51.3630184],[0.1451979,51.3630255],[0.1457709,51.363605],[0.1465301,51.3643869],[0.1473228,51.365242],[0.1478859,51.3658837],[0.1483209,51.3663712],[0.1477685,51.3666907],[0.1472676,51.3669472],[0.1472199,51.3669741],[0.1472534,51.367014],[0.1473325,51.3671061],[0.1486186,51.3679089],[0.1488497,51.3681232],[0.1489377,51.3684966],[0.1490476,51.3686952],[0.1494113,51.3691625],[0.1494922,51.3691088],[0.1502153,51.3687205],[0.1506924,51.3684752],[0.1509237,51.3683532],[0.150949,51.3683428],[0.1509729,51.3683316],[0.1509984,51.3683221],[0.1510252,51.3683127],[0.1510521,51.3683032],[0.1510634,51.3682994],[0.1510903,51.3682908],[0.1511171,51.3682822],[0.1511455,51.3682745],[0.1511724,51.3682668],[0.1512009,51.36826],[0.1512294,51.3682541],[0.1512578,51.368249],[0.1512879,51.3682467],[0.1513165,51.3682453],[0.1513395,51.3682457],[0.1513568,51.3682463],[0.1513727,51.3682478],[0.1513886,51.3682493],[0.1514045,51.3682517],[0.1514205,51.3682541],[0.151435,51.3682575],[0.1514495,51.3682617],[0.1514583,51.3682642],[0.1514685,51.3682677],[0.1514773,51.368272],[0.1514861,51.3682763],[0.1514949,51.3682807],[0.1515024,51.3682859],[0.1515113,51.3682911],[0.1515186,51.3682964],[0.1515247,51.3683017],[0.1515321,51.3683078],[0.1515381,51.3683131],[0.1515441,51.3683193],[0.1515516,51.3683255],[0.1515592,51.3683325],[0.1515667,51.3683414],[0.1515743,51.3683502],[0.1515806,51.36836],[0.1515867,51.3683689],[0.151593,51.3683786],[0.1515977,51.3683884],[0.1516024,51.3683982],[0.1516058,51.3684081],[0.1516091,51.3684179],[0.151611,51.3684278],[0.1516129,51.3684376],[0.1516134,51.3684484],[0.1516135,51.3684493],[0.1518059,51.3689683],[0.152031,51.3696935],[0.1508446,51.369977],[0.1501002,51.370157],[0.1511795,51.3721867],[0.1509589,51.3722609],[0.1508153,51.372358],[0.1507503,51.3725921],[0.1507698,51.3727977],[0.1508072,51.3729202],[0.1495738,51.3735823],[0.1497539,51.3738082],[0.1498588,51.373899],[0.1506488,51.3744429],[0.1507716,51.374581],[0.1510727,51.3749046],[0.1513031,51.3750973],[0.1515593,51.3753246],[0.1517097,51.3754361],[0.1519261,51.3753628],[0.1525105,51.3752298],[0.1525715,51.375396],[0.1526023,51.3756561],[0.1526045,51.3758234],[0.1525628,51.3760382],[0.1525484,51.3763136],[0.1526114,51.3765841],[0.1527224,51.376806],[0.1527339,51.3768984],[0.1527343,51.3769065],[0.1528306,51.3771196],[0.1530489,51.3774843],[0.1531072,51.3776578],[0.1531755,51.3779479],[0.1532098,51.3780363],[0.1530036,51.3781129],[0.1527313,51.378161],[0.1525326,51.3782142],[0.1524013,51.3782643],[0.1521634,51.3783361],[0.1523265,51.3786901],[0.1516309,51.3788729],[0.1509482,51.379085],[0.1510908,51.3796445],[0.151107,51.379896],[0.1502183,51.3799465],[0.1499376,51.3799966],[0.149587,51.3800893],[0.1496292,51.3803152],[0.1496006,51.380564],[0.1495804,51.3807459],[0.1495572,51.3809263],[0.1495822,51.3810894],[0.1503468,51.3810926],[0.1502649,51.3814906],[0.1502637,51.3814961],[0.1502626,51.3815024],[0.1502628,51.3815078],[0.1502631,51.3815141],[0.1502634,51.3815194],[0.1502637,51.3815257],[0.1502654,51.3815311],[0.150267,51.3815365],[0.1502702,51.3815427],[0.1502733,51.381548],[0.1502765,51.3815534],[0.150281,51.3815587],[0.1502855,51.381564],[0.1502901,51.3815684],[0.150296,51.3815737],[0.1502991,51.3815763],[0.150305,51.3815807],[0.1503124,51.3815842],[0.1503197,51.3815876],[0.1503271,51.3815911],[0.1503344,51.3815937],[0.1503505,51.3815997],[0.1503578,51.3816022],[0.1503651,51.3816057],[0.1503725,51.3816091],[0.1503753,51.38161],[0.1503974,51.3816213],[0.1504196,51.3816335],[0.1504241,51.3816361],[0.1504354,51.3822456],[0.1504479,51.3827886],[0.1504399,51.383447],[0.1500374,51.3835973],[0.1498514,51.3836449],[0.1497606,51.3836708],[0.1497856,51.3838367],[0.1498001,51.3842681],[0.1498026,51.3845064],[0.1497737,51.3848703],[0.1498632,51.3853389],[0.1499172,51.3856635],[0.1499658,51.3858407],[0.1503284,51.3858502],[0.1503356,51.385851],[0.1503429,51.3858517],[0.15035,51.3858525],[0.1503573,51.3858533],[0.1503631,51.385855],[0.1503704,51.3858566],[0.1503777,51.3858583],[0.1503835,51.3858609],[0.1503894,51.3858626],[0.1503952,51.3858652],[0.1504012,51.3858687],[0.1504055,51.3858713],[0.1504115,51.3858748],[0.1504159,51.3858774],[0.150419,51.3858818],[0.1504221,51.3858854],[0.1504251,51.3858889],[0.1504267,51.3858934],[0.1504284,51.3858978],[0.1504286,51.3859023],[0.1504302,51.3859068],[0.1504304,51.3859113],[0.1504306,51.3859158],[0.1504308,51.3859203],[0.150431,51.3859248],[0.1504313,51.3859292],[0.1504301,51.3859347],[0.1504303,51.3859391],[0.1504305,51.3859436],[0.1504307,51.3859481],[0.1504309,51.3859526],[0.1504325,51.3859553],[0.1504332,51.3859706],[0.150434,51.3859867],[0.1504332,51.386002],[0.1504326,51.3860182],[0.1504305,51.3860335],[0.1504268,51.3860498],[0.1504233,51.3860651],[0.1504182,51.3860805],[0.1504147,51.3860968],[0.1504096,51.3861122],[0.1504033,51.3861285],[0.1503942,51.3861503],[0.1503838,51.3861729],[0.1503733,51.3861947],[0.1503614,51.3862165],[0.1503479,51.3862374],[0.1503387,51.3862529],[0.1503225,51.3862757],[0.1503077,51.3862975],[0.15029,51.3863194],[0.1502709,51.3863404],[0.1502503,51.3863606],[0.150235,51.3863717],[0.1502197,51.3863827],[0.1502044,51.3863929],[0.1501875,51.3864022],[0.1501693,51.3864115],[0.1501525,51.3864208],[0.1501344,51.3864311],[0.1501175,51.3864404],[0.1500992,51.3864498],[0.1500867,51.3864581],[0.1499107,51.3865665],[0.1498995,51.3865739],[0.1496799,51.386702],[0.1493177,51.3871314],[0.1489944,51.3874413],[0.1488755,51.387572],[0.1493904,51.3878549],[0.1490543,51.388165],[0.1487318,51.388554],[0.148628,51.3886684],[0.1486363,51.3888157],[0.148714,51.3890013],[0.148807,51.3892091],[0.1488795,51.3893139],[0.1490307,51.3894721],[0.1493036,51.3897459],[0.1494032,51.3898762],[0.1494582,51.3899778],[0.149497,51.3900993],[0.1495153,51.3903347],[0.1495927,51.3905157],[0.149652,51.3906442],[0.1497189,51.3907545],[0.1498093,51.3908725],[0.1497053,51.3909562],[0.1493932,51.3910734],[0.1485976,51.3913659],[0.1485089,51.3914292],[0.1479606,51.3918201],[0.1475078,51.3921566],[0.147678,51.3923549],[0.1477148,51.3928012],[0.1480366,51.3927701],[0.1488856,51.3926951],[0.149976,51.3926509],[0.1506506,51.3926277],[0.1513791,51.3925927],[0.1521474,51.3925454],[0.1525905,51.3925219],[0.1531067,51.3924954],[0.1537347,51.392491],[0.154577,51.3924611],[0.1545784,51.3924611],[0.154823,51.3924359],[0.1555055,51.3923964],[0.1563543,51.3923502],[0.1573902,51.3923096],[0.1582479,51.3922398],[0.1589844,51.3922802],[0.1595567,51.392285],[0.1602046,51.3923063],[0.1606776,51.3923389],[0.1611831,51.3923593],[0.1612871,51.3923699],[0.1616598,51.392408],[0.162358,51.3924905],[0.1621594,51.3926389],[0.1618897,51.3928346],[0.1615953,51.3930531],[0.1612623,51.3933075],[0.1609643,51.3935711],[0.1608139,51.3937078],[0.1606996,51.3938116],[0.1604599,51.3940345],[0.1602569,51.3942712],[0.1598909,51.3946484],[0.159634,51.3949634],[0.1594337,51.3952279],[0.1594899,51.3952601],[0.1593356,51.3954654],[0.1592524,51.3954669],[0.1590676,51.395696],[0.1589541,51.3958213],[0.1588787,51.3959585],[0.1587714,51.3961817],[0.1586239,51.3964713],[0.158437,51.3968048],[0.1581952,51.3971968],[0.1580592,51.3974215],[0.1580046,51.3975753],[0.1579589,51.3977659],[0.1578956,51.3979182],[0.1577023,51.3981475],[0.1576919,51.3984139],[0.1576784,51.3986785],[0.1576808,51.3990058],[0.1577603,51.3992274],[0.1576379,51.3995885],[0.1574992,51.4000622],[0.1573961,51.4003186],[0.1573464,51.4005444],[0.1573347,51.4007838],[0.157275,51.4009513],[0.157196,51.4011362],[0.1570718,51.4013984],[0.1569083,51.4016217],[0.1567281,51.4018274],[0.1565999,51.4020942],[0.1565098,51.4023197],[0.1564773,51.4023941],[0.1564087,51.4024942],[0.1561897,51.4026979],[0.1559386,51.4030146],[0.1558055,51.4031807],[0.1554877,51.4035759],[0.1552755,51.4035897],[0.155103,51.4036218],[0.1551016,51.4036218],[0.1549409,51.4036598],[0.1551149,51.403876],[0.1552231,51.4039721],[0.1551222,51.4040297],[0.1546271,51.404599],[0.1542734,51.4049365],[0.1539709,51.4051686],[0.1537603,51.4053407],[0.1535177,51.4055304],[0.153508,51.4055378],[0.1534982,51.4055443],[0.1534941,51.4055471],[0.1534829,51.4055536],[0.1534717,51.4055601],[0.1534604,51.4055657],[0.1534476,51.4055713],[0.1534349,51.405576],[0.1534222,51.4055807],[0.1534123,51.4055845],[0.1533996,51.4055875],[0.1533868,51.4055904],[0.153374,51.4055933],[0.1533612,51.4055954],[0.1533482,51.4055974],[0.1533354,51.4055985],[0.1533225,51.4056006],[0.1533139,51.4056016],[0.1532882,51.4056048],[0.1532611,51.405608],[0.1532338,51.4056103],[0.1532066,51.4056117],[0.1531879,51.405612],[0.1527343,51.4060565],[0.1527276,51.4060674],[0.1527223,51.4060774],[0.1527185,51.4060882],[0.1527172,51.4060901],[0.1527146,51.4060964],[0.1527122,51.4061072],[0.1527084,51.4061181],[0.1527061,51.4061289],[0.1527052,51.4061397],[0.1527057,51.4061505],[0.152706,51.4061577],[0.1527078,51.4061649],[0.1527095,51.4061721],[0.1527127,51.4061792],[0.1527159,51.4061855],[0.1527206,51.4061926],[0.1527251,51.4061988],[0.1527299,51.4062059],[0.1527344,51.4062121],[0.152739,51.4062183],[0.1527481,51.4062289],[0.1527558,51.4062378],[0.1527649,51.4062475],[0.1527753,51.4062563],[0.1527858,51.406266],[0.1527962,51.4062739],[0.1526833,51.406347],[0.152587,51.4063191],[0.1525595,51.4063142],[0.1525493,51.4063126],[0.1525304,51.4063094],[0.1525016,51.4063054],[0.1524726,51.4063023],[0.1524438,51.4062993],[0.1524149,51.4062971],[0.1524062,51.4062964],[0.152376,51.4062951],[0.1523472,51.4062947],[0.1523184,51.4062962],[0.1522884,51.4062967],[0.1522597,51.406299],[0.1522311,51.4063023],[0.1522025,51.4063055],[0.1521724,51.4063087],[0.1521439,51.4063129],[0.1521153,51.4063179],[0.1520868,51.406322],[0.1520582,51.406327],[0.1520297,51.406332],[0.1519727,51.406343],[0.1519556,51.406346],[0.1518957,51.406357],[0.1518345,51.4063689],[0.1517746,51.4063817],[0.1517164,51.4063962],[0.1516568,51.4064117],[0.1516,51.4064271],[0.1515433,51.4064453],[0.1514866,51.4064634],[0.1514314,51.4064824],[0.1513762,51.4065023],[0.1513226,51.4065231],[0.1513198,51.4065241],[0.1512691,51.4065466],[0.1512184,51.4065691],[0.1511691,51.4065925],[0.1511214,51.4066176],[0.1510738,51.4066428],[0.1510276,51.4066688],[0.1509827,51.4066957],[0.150938,51.4067226],[0.1508947,51.4067503],[0.1508738,51.4067642],[0.1508223,51.4067993],[0.1507736,51.4068354],[0.150725,51.4068713],[0.1506793,51.406909],[0.1506336,51.4069476],[0.1505894,51.4069862],[0.1505453,51.4070257],[0.1505315,51.4070376],[0.1504737,51.4070935],[0.1504174,51.4071494],[0.150364,51.4072062],[0.1503338,51.4072382],[0.1501079,51.4074482],[0.1496665,51.4076938],[0.1492308,51.4078799],[0.148666,51.4081313],[0.1487429,51.4082674],[0.1488767,51.4084835],[0.1488031,51.40851],[0.1486011,51.4085866],[0.1479644,51.4088096],[0.147348,51.4090034],[0.146593,51.4091854],[0.1458866,51.4093638],[0.1456808,51.4093901],[0.1455381,51.4094143],[0.1455446,51.4094609],[0.1455449,51.4094663],[0.1452097,51.4095561],[0.1446861,51.4097356],[0.1444122,51.4098441],[0.1441806,51.4099355],[0.1436998,51.410108],[0.1425976,51.4104933],[0.1421436,51.4106572],[0.1419753,51.4107169],[0.1414824,51.4108788],[0.1405896,51.4111901],[0.1403568,51.4112564],[0.139966,51.4113867],[0.1396951,51.4114681],[0.1392684,51.4115685],[0.1391397,51.411614],[0.138853,51.4117263],[0.1386071,51.4118801],[0.1383561,51.4120186],[0.1381764,51.4120822],[0.1379982,51.4121762],[0.1379205,51.4122129],[0.1377126,51.412311],[0.1375274,51.4123809],[0.1370484,51.4125632],[0.1368746,51.4125987],[0.1363507,51.4128673],[0.1359715,51.4130298],[0.1352903,51.4133183],[0.1343173,51.4137623],[0.1343198,51.4138171],[0.134136,51.4138537],[0.1339331,51.4139123],[0.1337032,51.4139794],[0.1332047,51.4141449],[0.1328147,51.4142627],[0.1324363,51.4143514],[0.13214,51.4144125],[0.1318648,51.4144643],[0.1315336,51.4145171],[0.1302975,51.4147176],[0.1297781,51.4148044],[0.1290305,51.4149034],[0.1282297,51.4149701],[0.1280055,51.4149742],[0.1277448,51.4149654],[0.1275208,51.4149722],[0.1273705,51.4149579],[0.1272558,51.414933],[0.1271501,51.4149075],[0.1270351,51.4148628],[0.1269104,51.4148034],[0.1268336,51.4147561],[0.126709,51.4146803],[0.1266262,51.4146305],[0.1263861,51.4147673],[0.1262575,51.4148227],[0.1261506,51.4148161],[0.1258996,51.4148092],[0.1256793,51.4148042],[0.1255076,51.4147911],[0.1254024,51.4147876],[0.125339,51.4147528],[0.1250803,51.4146945],[0.1248096,51.4146248],[0.124575,51.4145904],[0.1240598,51.414428],[0.1230728,51.4141095],[0.1224491,51.4139329],[0.1220156,51.4138256],[0.121786,51.4137731],[0.1207294,51.4135656],[0.1201617,51.4134491],[0.1198837,51.4134083],[0.1194898,51.4133488],[0.1190704,51.4132989],[0.1188551,51.4132758],[0.1185839,51.4132591],[0.1181731,51.4132386],[0.1179855,51.4132241],[0.1172921,51.4132186],[0.1169154,51.4131894],[0.1163809,51.4131991],[0.1160231,51.413175],[0.1150301,51.4130976],[0.1143468,51.4130919],[0.1139531,51.4130954],[0.1135604,51.4130989],[0.1134781,51.4130599],[0.1130989,51.4129139],[0.112559,51.4130243],[0.1125222,51.4130996],[0.1124939,51.413173],[0.1123337,51.4132227],[0.1120747,51.4132831],[0.1117642,51.4133157],[0.1113067,51.4133743],[0.1103489,51.41353],[0.1095929,51.4136641],[0.1095369,51.4136355],[0.1088707,51.4137832],[0.1083424,51.4138989],[0.1076236,51.4140907],[0.107007,51.4142649],[0.1070102,51.4143572],[0.1070113,51.4143805],[0.1064043,51.414565],[0.1056887,51.4147982],[0.1047163,51.4151367],[0.1044756,51.4152202],[0.1041327,51.4153621],[0.1038177,51.4154865],[0.1037286,51.4155205],[0.1035138,51.4156035],[0.1033514,51.4156684],[0.1032315,51.4157182],[0.103116,51.4158031],[0.1029874,51.4158836],[0.1028499,51.4159913],[0.1027087,51.4161107],[0.1026216,51.4161555],[0.1026046,51.4161603],[0.1025249,51.4161788],[0.1024506,51.4161585],[0.1023914,51.4162171],[0.1024386,51.4162415],[0.1024497,51.4162647],[0.1024528,51.41627],[0.1022753,51.416382],[0.101089,51.4169509],[0.1004418,51.4172341],[0.0995109,51.4176969],[0.0986724,51.4181346],[0.0984338,51.4182647],[0.0980461,51.4184974],[0.0974025,51.4188605],[0.0967215,51.4192207],[0.0966444,51.4192644],[0.0956601,51.4197892],[0.0948581,51.4202424],[0.094798,51.4202803],[0.0942643,51.420592],[0.0942517,51.4206309],[0.094243,51.4206617],[0.0940818,51.4207527],[0.0938851,51.4208551],[0.0935933,51.4210177],[0.0933112,51.4211711],[0.092973,51.4213876],[0.0928735,51.4214757],[0.0923858,51.4217884],[0.0920893,51.4220041],[0.0918054,51.4222124],[0.0914552,51.4224516],[0.0912225,51.4225825],[0.0910494,51.4226998],[0.0909322,51.4227784],[0.0909294,51.4227802],[0.0906512,51.4229246],[0.0905286,51.4230113],[0.090307,51.4231681],[0.0900641,51.4233289],[0.0898109,51.4235484],[0.0893967,51.4238651],[0.0892362,51.423981],[0.0891806,51.4240212],[0.0891209,51.4240643],[0.0890755,51.4241012],[0.0889365,51.4242142],[0.0887126,51.4244025],[0.088625,51.4245138],[0.0884266,51.4246757],[0.0878817,51.4251205],[0.0875923,51.4253352],[0.0873984,51.4255006],[0.0872501,51.4256246],[0.0869346,51.4259288],[0.0864646,51.4263805],[0.0860769,51.4267962],[0.085975,51.4269054],[0.0858793,51.4270068],[0.0856459,51.4272547],[0.0854686,51.427443],[0.0851845,51.4277799],[0.0846202,51.4284138],[0.0844204,51.4286543],[0.0839967,51.4291439],[0.0836636,51.4295059],[0.0834645,51.4296812],[0.0831441,51.4299126],[0.0829062,51.4300581],[0.0826064,51.4302055],[0.0821671,51.4303509],[0.0814059,51.4305703],[0.0809954,51.4306846],[0.0807117,51.4307742],[0.0805162,51.4307777],[0.0803858,51.4307575],[0.0803717,51.4308261],[0.0794393,51.431045],[0.0770099,51.4315944],[0.0755767,51.431939],[0.0753339,51.4319866],[0.0753314,51.4319708],[0.0753221,51.4319503],[0.0752627,51.4318261],[0.0751828,51.4316525],[0.0751114,51.4314869],[0.0750351,51.431314],[0.0749666,51.4311436],[0.0748346,51.4308144],[0.0747094,51.4309815],[0.0745824,51.4311504],[0.0744387,51.4313367],[0.074348,51.4314615],[0.0741659,51.4315168],[0.0740273,51.4315576],[0.0740157,51.4315606],[0.0739242,51.4315875],[0.0737824,51.4316283],[0.0736629,51.4316639],[0.0734826,51.4317183],[0.0734765,51.4317131],[0.0733292,51.4317607],[0.0733147,51.4317387],[0.0732375,51.4316233],[0.0731664,51.4315162],[0.0730935,51.4314069],[0.0730529,51.431355],[0.0732237,51.4313098],[0.0734501,51.4312492],[0.0734111,51.4312018],[0.073252,51.4310188],[0.0731455,51.4309042],[0.0730513,51.430802],[0.0729579,51.4306982],[0.0728764,51.4306084],[0.0728035,51.4305306],[0.0727225,51.4304412],[0.0726376,51.430347],[0.07255,51.4302514],[0.0724917,51.4301861],[0.0724134,51.4300971],[0.0723559,51.4300314],[0.0723125,51.4299872],[0.0722453,51.4299149],[0.0722021,51.4298753],[0.0721393,51.4298145],[0.0721038,51.4297842],[0.0720523,51.4297408],[0.0720231,51.4297169],[0.0719901,51.4296879],[0.0719558,51.4296621],[0.0719408,51.4296505],[0.071932,51.4296433],[0.0719128,51.4296275],[0.0718898,51.4296099],[0.0718577,51.4295852],[0.0718313,51.4295641],[0.0718123,51.4295488],[0.0717791,51.4295223],[0.0717591,51.4295069],[0.0717188,51.4294773],[0.0716994,51.4294628],[0.0716746,51.4294426],[0.0716468,51.4294233],[0.0716143,51.4294001],[0.0715386,51.4293491],[0.071504,51.4293263],[0.0714417,51.4292852],[0.0714101,51.4292634],[0.0713576,51.429233],[0.0712996,51.4291968],[0.0712188,51.4291478],[0.0711818,51.429125],[0.0711073,51.4290801],[0.071096,51.4290738],[0.0710608,51.4290547],[0.0709984,51.4290204],[0.0709047,51.4289745],[0.0708142,51.4289273],[0.0707485,51.428893],[0.0706888,51.4288613],[0.070645,51.4288385],[0.07061,51.4288192],[0.0705485,51.4287857],[0.070461,51.4287384],[0.0704034,51.4287084],[0.0703049,51.4286531],[0.0702141,51.4286026],[0.070149,51.4285672],[0.0701442,51.4285706],[0.0700896,51.428542],[0.070095,51.4285386],[0.0700347,51.4285051],[0.0699945,51.4284822],[0.0698451,51.4284025],[0.0697321,51.4283428],[0.0696182,51.4282793],[0.0695049,51.4282158],[0.0694001,51.4281562],[0.0692614,51.4280779],[0.0691546,51.4280161],[0.0690592,51.4279609],[0.0689868,51.427918],[0.0688949,51.4278638],[0.0688048,51.4278075],[0.0687443,51.4277713],[0.0686911,51.4277398],[0.0686267,51.4277016],[0.0685406,51.4276505],[0.068481,51.427615],[0.0684129,51.4275738],[0.0683947,51.4275629],[0.0683125,51.427514],[0.0682962,51.4275038],[0.0682181,51.4274539],[0.0681781,51.4274283],[0.0680993,51.4273783],[0.0680499,51.4273468],[0.068001,51.4273179],[0.0679556,51.4272914],[0.0679035,51.427261],[0.067867,51.4272396],[0.0678251,51.4272151],[0.0677695,51.4271819],[0.067676,51.4271263],[0.067635,51.4271019],[0.0675676,51.4270622],[0.0675496,51.4270518],[0.0674757,51.4270068],[0.0673937,51.4269598],[0.0673295,51.4269229],[0.0672371,51.4268693],[0.0671344,51.4268106],[0.0670346,51.4267535],[0.0669616,51.4267122],[0.0668978,51.4266761],[0.0668304,51.4266373],[0.0667511,51.4265923],[0.0666906,51.4265579],[0.0666075,51.4265108],[0.0666111,51.4265056],[0.066593,51.4265035],[0.0665708,51.4264747],[0.0665431,51.4264383],[0.0665238,51.4264126],[0.0664781,51.4263524],[0.0664302,51.4262896],[0.0664005,51.4262503],[0.0664197,51.426219],[0.0664375,51.4261908],[0.0664673,51.4261445],[0.0664953,51.4261001],[0.0665239,51.4260585],[0.066555,51.4260085],[0.0664462,51.4259848],[0.0662818,51.4259489],[0.0661342,51.4259172],[0.0660228,51.4258926],[0.0658982,51.4258656],[0.0658353,51.425852],[0.0657565,51.4258348],[0.0656931,51.4258211],[0.0656175,51.4258047],[0.0655584,51.4257918],[0.0654935,51.4257777],[0.0654214,51.425762],[0.0653536,51.4257472],[0.0652735,51.4257299],[0.0652011,51.4257142],[0.0651304,51.4256988],[0.065073,51.4256863],[0.0650309,51.4256771],[0.0650049,51.4256715],[0.0649242,51.4256539],[0.0648697,51.4256422],[0.0648255,51.4256325],[0.0647911,51.4256251],[0.0647514,51.4256164],[0.0647194,51.4256095],[0.0646983,51.4256049],[0.0647085,51.4255905],[0.0647328,51.4255561],[0.0647612,51.4255163],[0.0646954,51.425497],[0.064659,51.4254863],[0.0646025,51.4254698],[0.0645617,51.4254578],[0.0645221,51.4254461],[0.064473,51.4254318],[0.0644302,51.4254192],[0.0643855,51.425406],[0.0643077,51.4253833],[0.0642458,51.425365],[0.0642388,51.4253638],[0.0642065,51.4253557],[0.0641875,51.4253507],[0.0641409,51.4253368],[0.0641309,51.4253336],[0.0641446,51.4253194],[0.0641642,51.4252994],[0.0641791,51.4252839],[0.064197,51.4252664],[0.0642235,51.4252402],[0.0642507,51.4252134],[0.0642635,51.4252009],[0.0642696,51.4252032],[0.0643044,51.4251692],[0.0643212,51.4251528],[0.0643151,51.4251504],[0.06437,51.425097],[0.0644134,51.4250546],[0.0644357,51.4250339],[0.0644158,51.4250213],[0.0643874,51.4250017],[0.064368,51.4249895],[0.0643385,51.4249706],[0.0643212,51.4249586],[0.064299,51.4249431],[0.0642583,51.424915],[0.0642295,51.4248946],[0.0642056,51.4248771],[0.0641277,51.4248261],[0.0640755,51.424791],[0.064024,51.4247543],[0.06397,51.4247133],[0.0639574,51.424704],[0.0639315,51.4246863],[0.0639103,51.4246728],[0.0638706,51.4246524],[0.0638102,51.4246214],[0.0637416,51.4245835],[0.063688,51.4245524],[0.0636224,51.4245119],[0.0635622,51.4244774],[0.0635293,51.4244426],[0.0634883,51.4243996],[0.0634418,51.4243508],[0.0634277,51.4243359],[0.0634214,51.4243305],[0.0633973,51.4243114],[0.0633749,51.4242966],[0.0633596,51.4242844],[0.0633347,51.4242651],[0.0633151,51.4242517],[0.0632817,51.4242311],[0.0632682,51.4242219],[0.0632483,51.42421],[0.0632362,51.4242018],[0.0632231,51.4241946],[0.0632085,51.4241853],[0.0631694,51.4241647],[0.0631525,51.4241567],[0.0631419,51.4241512],[0.0631285,51.4241439],[0.0631122,51.424135],[0.0630875,51.4241262],[0.0630696,51.4241215],[0.0630339,51.4241082],[0.0630156,51.4241027],[0.0629949,51.4240969],[0.062978,51.4240913],[0.0629324,51.4240808],[0.0628868,51.4240682],[0.0628527,51.4240589],[0.0628424,51.4240555],[0.0628322,51.4240536],[0.0628251,51.4240517],[0.0628135,51.4240655],[0.0627131,51.424038],[0.0626847,51.4240265],[0.0626231,51.4240017],[0.0625632,51.4239776],[0.0625095,51.4239624],[0.0625138,51.4239558],[0.0623698,51.4239156],[0.062199,51.4238612],[0.0621018,51.4238287],[0.0619647,51.4237862],[0.0618106,51.4237439],[0.0617225,51.4237162],[0.0616795,51.4237004],[0.0615681,51.4237856],[0.0615211,51.4238427],[0.0614653,51.4239379],[0.0614486,51.4239652],[0.061506,51.4240096],[0.0615943,51.424042],[0.0615793,51.4240682],[0.0615458,51.4241062],[0.0613905,51.4242903],[0.0612371,51.4244933],[0.0611314,51.424685],[0.0610765,51.4247168],[0.0610408,51.4247686],[0.0610142,51.4248484],[0.060987,51.4249329],[0.0609704,51.4249858],[0.0609744,51.4250215],[0.0609808,51.4250819],[0.0609046,51.4250682],[0.0608799,51.4250637],[0.0607938,51.4250484],[0.0607568,51.4250413],[0.0606821,51.4250273],[0.0606371,51.4250189],[0.0605346,51.4249996],[0.0604556,51.4249849],[0.0603933,51.4249735],[0.0603187,51.4249595],[0.0602481,51.4249464],[0.0601988,51.4249375],[0.0601763,51.4249325],[0.0601232,51.42492],[0.0600664,51.424907],[0.0600244,51.4248973],[0.0599627,51.4248825],[0.0598878,51.4248645],[0.0598073,51.424845],[0.0597272,51.4248279],[0.0596131,51.4248029],[0.0595078,51.4247752],[0.059367,51.4247379],[0.059253,51.4247079],[0.0591141,51.4246822],[0.0590417,51.4246689],[0.0589375,51.4246551],[0.0589108,51.4246552],[0.0587412,51.4246558],[0.0586892,51.4246558],[0.058573,51.4245947],[0.0582805,51.4248014],[0.0581813,51.4248715],[0.0580239,51.4249818],[0.0578027,51.4251387],[0.0575985,51.4252827],[0.0574445,51.425391],[0.0572617,51.4255206],[0.057068,51.4256573],[0.0569318,51.4257526],[0.0568375,51.4258193],[0.0567242,51.4259015],[0.0566126,51.4259817],[0.0565111,51.4260589],[0.0563785,51.4261625],[0.0562281,51.4262825],[0.0560452,51.4264393],[0.05595,51.426524],[0.055808,51.4266515],[0.0557249,51.4267322],[0.0554732,51.4269717],[0.0551956,51.4272281],[0.0549589,51.4274397],[0.054832,51.4275491],[0.0547057,51.4276639],[0.0546461,51.4277173],[0.0544063,51.4279331],[0.0542263,51.4281115],[0.0540422,51.4282954],[0.0539095,51.4284234],[0.0537893,51.4285616],[0.053675,51.4287092],[0.0535366,51.4288814],[0.0534156,51.4290264],[0.0532934,51.4291694],[0.0531548,51.4293381],[0.0529995,51.429527],[0.0528526,51.4297075],[0.0527178,51.4298645],[0.0525587,51.4300418],[0.0524531,51.4301611],[0.0523325,51.4302917],[0.0521697,51.4304601],[0.0518882,51.4307275],[0.0516127,51.430981],[0.0514713,51.431112],[0.0512118,51.4313563],[0.0510842,51.431476],[0.0510314,51.4315251],[0.0509636,51.4315812],[0.0506524,51.4317962],[0.0506025,51.4318297],[0.0503221,51.4320074],[0.0501628,51.4321078],[0.0500484,51.4321778],[0.0498552,51.4323083],[0.0494487,51.4325806],[0.04901,51.4328741],[0.0487763,51.4330307],[0.0485607,51.4331746],[0.0484096,51.4332851],[0.0481667,51.4334577],[0.0479719,51.4335999],[0.0478447,51.4337096],[0.0477849,51.4337534],[0.0473747,51.4341383],[0.0471116,51.4343817],[0.0469404,51.4345408],[0.0467727,51.4346959],[0.0466,51.4348562],[0.0464921,51.434956],[0.0463873,51.4350546],[0.04629,51.4351476],[0.0462093,51.4352245],[0.0461253,51.4353054],[0.0460512,51.435376],[0.0459759,51.4354482],[0.0459184,51.4355029],[0.0458393,51.4355785],[0.0457585,51.4356559],[0.0457061,51.4357055],[0.0456606,51.4357552],[0.0455982,51.4358163],[0.0455269,51.4358766],[0.0454857,51.4359109],[0.0454556,51.4359391],[0.0454075,51.4359861],[0.0453673,51.4360273],[0.0452876,51.4360916],[0.0452071,51.4361565],[0.0451352,51.4362144],[0.045111,51.436238],[0.0451151,51.4362678],[0.0451232,51.4363209],[0.0451319,51.4363804],[0.0451422,51.4364498],[0.0451508,51.4365099],[0.0451599,51.4365723],[0.0451643,51.4366012],[0.045124,51.4366279],[0.0451016,51.4366422],[0.0450598,51.4366686],[0.0450315,51.4366865],[0.0450068,51.4367023],[0.0450017,51.4366991],[0.0449725,51.4367182],[0.0449316,51.4367465],[0.0449011,51.4367667],[0.0448862,51.4367765],[0.0448915,51.4367796],[0.0448606,51.4368004],[0.0448384,51.4368152],[0.0448331,51.4368122],[0.0448192,51.4368216],[0.0447789,51.4368486],[0.0447395,51.4368748],[0.0447206,51.436888],[0.044726,51.4368909],[0.0447063,51.436904],[0.0446841,51.4369186],[0.0446735,51.4369256],[0.0446684,51.4369225],[0.0446212,51.436954],[0.0445865,51.436977],[0.0445537,51.4369992],[0.044559,51.4370023],[0.0445481,51.4370095],[0.0445207,51.4370278],[0.0445026,51.4370402],[0.044497,51.437037],[0.0444723,51.4370538],[0.0444391,51.4370773],[0.0444112,51.4370958],[0.044388,51.437112],[0.0443539,51.4371329],[0.0443209,51.4371531],[0.0442914,51.4371711],[0.0442566,51.4371924],[0.0442258,51.4372136],[0.0441991,51.4372322],[0.0441956,51.437235],[0.0441466,51.4372692],[0.0441096,51.437295],[0.0440857,51.4373117],[0.0440911,51.4373148],[0.0440642,51.4373338],[0.044027,51.4373605],[0.0439985,51.4373809],[0.0439874,51.4373889],[0.0439812,51.4373854],[0.043939,51.4374147],[0.0439017,51.4374407],[0.0438516,51.4374758],[0.0437971,51.437514],[0.0437578,51.4375414],[0.0437085,51.4375753],[0.0436552,51.4376114],[0.0436075,51.4376445],[0.0435862,51.4376594],[0.0435346,51.4376761],[0.0434222,51.4377125],[0.0433485,51.4377362],[0.0433096,51.4377488],[0.0432872,51.4377793],[0.0432729,51.4377991],[0.0432358,51.4378496],[0.0431887,51.437914],[0.043176,51.4379318],[0.0431549,51.4379599],[0.0431273,51.4379977],[0.0431054,51.4380276],[0.043083,51.4380688],[0.0430563,51.4381116],[0.0430207,51.4381688],[0.0430024,51.4381976],[0.04298,51.4382329],[0.0429556,51.4382708],[0.0429472,51.4382859],[0.0429325,51.4383102],[0.0429122,51.4383433],[0.0429029,51.4383387],[0.0428913,51.4383565],[0.0428753,51.4383814],[0.0428685,51.4383798],[0.0428495,51.4384089],[0.0428308,51.4384388],[0.0428002,51.4384867],[0.0427699,51.4385333],[0.0427321,51.4385925],[0.0427064,51.438633],[0.0426769,51.438679],[0.0426544,51.4387145],[0.0426405,51.4387389],[0.0426142,51.4387846],[0.0425857,51.4388376],[0.0425637,51.4388773],[0.0425357,51.4389275],[0.0425057,51.4389778],[0.0424952,51.4389965],[0.0424884,51.439008],[0.0424802,51.4390218],[0.0424726,51.4390344],[0.0424627,51.4390509],[0.0424549,51.4390641],[0.0424515,51.4390692],[0.0424473,51.4390747],[0.0424453,51.4390788],[0.0424424,51.4390823],[0.0424385,51.4390876],[0.0424336,51.4390928],[0.042421,51.4391102],[0.0424112,51.4391237],[0.0424033,51.4391333],[0.0423783,51.4391647],[0.0423572,51.4391911],[0.0423355,51.4392191],[0.042318,51.4392421],[0.0423043,51.4392585],[0.0423068,51.4392612],[0.0423028,51.4392715],[0.0422933,51.4392914],[0.0422845,51.4393104],[0.0422821,51.4393183],[0.042279,51.4393254],[0.0422722,51.4393366],[0.0422705,51.4393383],[0.0422611,51.439353],[0.0422392,51.439386],[0.0422291,51.4394011],[0.0422279,51.4394033],[0.0422261,51.439405],[0.0422219,51.439412],[0.0422112,51.4394231],[0.0421966,51.4394376],[0.042183,51.4394515],[0.0421674,51.4394674],[0.0421638,51.4394709],[0.0421599,51.4394742],[0.0421567,51.4394773],[0.0421536,51.4394799],[0.0421508,51.4394837],[0.0421442,51.4394896],[0.0421419,51.4394904],[0.0421003,51.4395221],[0.0420704,51.4395467],[0.0420442,51.4395638],[0.0419897,51.4395982],[0.0419322,51.4396344],[0.0418997,51.439655],[0.0418773,51.4396696],[0.0418677,51.4396751],[0.0418581,51.4396803],[0.0418528,51.4396828],[0.0418496,51.4396855],[0.0418364,51.439691],[0.0417986,51.4397119],[0.0417904,51.4397163],[0.0417444,51.4397406],[0.0417048,51.4397617],[0.0416892,51.4397716],[0.0416492,51.4397948],[0.0415754,51.4398323],[0.0415553,51.4398423],[0.0415511,51.4398411],[0.0414986,51.4398728],[0.04142,51.4399198],[0.0413254,51.4399759],[0.0412405,51.4400254],[0.0411652,51.4400692],[0.0410856,51.4401165],[0.040995,51.4401708],[0.0409276,51.4402113],[0.0408398,51.4402638],[0.0407683,51.4403073],[0.0406984,51.4403487],[0.040612,51.4404024],[0.0405299,51.4404531],[0.040458,51.4404961],[0.0404093,51.4405256],[0.0403587,51.4405541],[0.0402779,51.4405996],[0.0402158,51.4406347],[0.0401777,51.4406572],[0.0401364,51.4406815],[0.0401111,51.4407017],[0.0400964,51.4407124],[0.0400929,51.4407171],[0.0400784,51.4407333],[0.0400669,51.4407526],[0.0401083,51.4407985],[0.0400719,51.4408271],[0.0400541,51.4408411],[0.0400354,51.4408548],[0.0400036,51.4408742],[0.0399536,51.4409012],[0.039891,51.440935],[0.0398495,51.4409573],[0.0398035,51.4409823],[0.0397914,51.4409882],[0.0397837,51.4409916],[0.0397772,51.4409945],[0.039774,51.4409922],[0.0397461,51.4409721],[0.0397285,51.4409806],[0.0396893,51.4409998],[0.0396092,51.4410386],[0.0395528,51.4410661],[0.0395265,51.4410777],[0.0394784,51.4410923],[0.0394305,51.4411081],[0.0393947,51.4411201],[0.0393742,51.4411279],[0.0393192,51.4411493],[0.0392609,51.4411713],[0.0392324,51.4411827],[0.039184,51.4412055],[0.0391524,51.4412189],[0.0390909,51.4412439],[0.0390348,51.4412665],[0.0389889,51.4412819],[0.0389584,51.441291],[0.0389209,51.4413014],[0.0388929,51.4413093],[0.0388659,51.4413172],[0.0388497,51.4413209],[0.0388332,51.4413241],[0.0387769,51.4413349],[0.0387163,51.4413473],[0.0386833,51.4413544],[0.0386311,51.4413644],[0.0385758,51.4413769],[0.0385389,51.4413853],[0.0384709,51.4413988],[0.0384114,51.4414109],[0.0383491,51.441427],[0.0382964,51.4414404],[0.038281,51.4414464],[0.0382685,51.4414529],[0.0382526,51.4414598],[0.0382429,51.4414644],[0.0381951,51.4414896],[0.0381551,51.4415105],[0.0381047,51.4415366],[0.0380838,51.4415475],[0.038074,51.4415531],[0.0380418,51.4415674],[0.0379834,51.441593],[0.0379218,51.4416224],[0.0378451,51.4416591],[0.0377725,51.441694],[0.0377202,51.4417181],[0.0376876,51.4417343],[0.0376566,51.44175],[0.0376244,51.4417651],[0.0376026,51.4417751],[0.0376014,51.4417762],[0.0375964,51.4417782],[0.0375925,51.4417786],[0.0375805,51.4417818],[0.0375693,51.4417844],[0.0375567,51.4417885],[0.0374801,51.4418067],[0.0373749,51.4418316],[0.0372997,51.4418485],[0.0372273,51.4418652],[0.037222,51.4418581],[0.0372104,51.4418609],[0.0371547,51.441874],[0.0371209,51.4418854],[0.0370495,51.4419096],[0.037038,51.4419136],[0.0369885,51.4419282],[0.036923,51.4419476],[0.0369349,51.4419745],[0.0368759,51.4419898],[0.0367878,51.4420245],[0.0367669,51.442043],[0.0366911,51.4420564],[0.0366734,51.4420664],[0.0366336,51.442089],[0.0365994,51.4421095],[0.0365802,51.4421211],[0.0365561,51.4421355],[0.0365259,51.442152],[0.0365006,51.4421661],[0.0364829,51.442176],[0.0364554,51.4421887],[0.0364546,51.442189],[0.0364281,51.4422013],[0.0364087,51.4422102],[0.0363877,51.4422199],[0.0363673,51.4422292],[0.0363523,51.442236],[0.0363358,51.4422435],[0.0363143,51.4422532],[0.0363075,51.4422558],[0.0362911,51.4422621],[0.0362759,51.4422681],[0.0362606,51.4422726],[0.0362459,51.4422768],[0.0362336,51.4422803],[0.0362131,51.4422864],[0.0361998,51.4422909],[0.0361745,51.4422994],[0.0361616,51.4423047],[0.0361397,51.4423137],[0.0361143,51.4423241],[0.0361087,51.4423264],[0.0360968,51.4423318],[0.0360858,51.4423366],[0.0360751,51.4423411],[0.0360645,51.4423452],[0.0360638,51.4423456],[0.0360513,51.4423539],[0.0360463,51.4423571],[0.0360335,51.4423642],[0.0360329,51.4423651],[0.0360264,51.4423679],[0.0360144,51.4423717],[0.0360074,51.4423737],[0.0359988,51.442377],[0.03599,51.4423785],[0.0359891,51.4423789],[0.0359828,51.4423794],[0.0359738,51.4423796],[0.0359678,51.4423793],[0.0359465,51.4423796],[0.0359397,51.4423807],[0.0359373,51.4423807],[0.0359315,51.4423812],[0.0359251,51.4423832],[0.0359171,51.442387],[0.0359098,51.4423913],[0.0359059,51.4423935],[0.0358979,51.4423963],[0.0358933,51.4423972],[0.0358854,51.4423974],[0.0358758,51.442397],[0.0358726,51.4423971],[0.0358598,51.4423974],[0.0358534,51.4423979],[0.0358475,51.4423979],[0.0358351,51.4423996],[0.0358192,51.4424042],[0.0358049,51.4424078],[0.035787,51.4424125],[0.0357688,51.4424164],[0.0357558,51.4424185],[0.0357461,51.4424201],[0.0357411,51.4424213],[0.0357278,51.4424242],[0.0357243,51.4424248],[0.0357134,51.442427],[0.0357037,51.4424289],[0.0357001,51.4424293],[0.0356839,51.4424323],[0.0356686,51.442434],[0.035649,51.4424356],[0.0356408,51.4424366],[0.0356303,51.4424378],[0.0356239,51.4424388],[0.0356099,51.4424412],[0.0356039,51.4424419],[0.0355843,51.442444],[0.0355772,51.4424455],[0.0355658,51.4424474],[0.0355563,51.4424493],[0.0355433,51.4424529],[0.0355347,51.4424556],[0.0355186,51.4424616],[0.0355001,51.4424688],[0.0354953,51.442471],[0.0354793,51.4424786],[0.0354627,51.4424855],[0.0354439,51.4424923],[0.0354412,51.4424938],[0.035431,51.4425004],[0.0354283,51.442503],[0.0354198,51.4425087],[0.0354112,51.4425184],[0.0354039,51.4425252],[0.0353922,51.4425332],[0.0353153,51.4425804],[0.0352998,51.4425893],[0.0352839,51.442597],[0.0352649,51.4426072],[0.035247,51.4426167],[0.0352305,51.4426251],[0.0352045,51.4426363],[0.0351879,51.4426439],[0.0351687,51.4426503],[0.0351438,51.4426584],[0.0351164,51.4426707],[0.0351045,51.4426751],[0.0350894,51.4426821],[0.0350682,51.4426939],[0.035067,51.4426943],[0.0350514,51.4427027],[0.0350399,51.4427098],[0.0350304,51.4427125],[0.03498,51.4427311],[0.0349468,51.4427415],[0.034916,51.4427529],[0.0348637,51.4427738],[0.0348311,51.4427866],[0.0348211,51.4427912],[0.0348009,51.4427998],[0.0347774,51.4428117],[0.0347716,51.4428153],[0.0347537,51.4428213],[0.034744,51.442826],[0.0347249,51.4428352],[0.0347051,51.4428453],[0.0346932,51.4428509],[0.0346779,51.4428579],[0.0346655,51.4428652],[0.0346531,51.4428735],[0.0346449,51.4428831],[0.034643,51.4428841],[0.0346191,51.442906],[0.0345928,51.4429307],[0.0345715,51.4429497],[0.0345561,51.4429642],[0.0345464,51.4429683],[0.0345125,51.4429835],[0.0344932,51.4429939],[0.0344531,51.4430063],[0.0344268,51.4430148],[0.0344137,51.4430192],[0.0344071,51.4430226],[0.0343873,51.4430363],[0.0343775,51.4430426],[0.0343488,51.4430569],[0.0343185,51.4430715],[0.0342901,51.4430854],[0.0342721,51.4430936],[0.0342564,51.4431014],[0.0342459,51.4431048],[0.0342199,51.4431117],[0.034213,51.4431132],[0.0342027,51.4431153],[0.0341841,51.4431188],[0.0341764,51.4431219],[0.0341685,51.4431225],[0.0341631,51.4431245],[0.0341444,51.4431276],[0.0341352,51.4431324],[0.0341195,51.443142],[0.0341054,51.4431498],[0.0340955,51.4431545],[0.0340913,51.4431578],[0.0340843,51.4431611],[0.0340807,51.4431641],[0.0340761,51.4431669],[0.0340703,51.4431738],[0.0340369,51.4432001],[0.034034,51.443202],[0.0340263,51.4432086],[0.0340116,51.4432183],[0.0340085,51.443221],[0.0339861,51.4432418],[0.0339469,51.443286],[0.0339214,51.4433182],[0.0339111,51.4433299],[0.0338731,51.4433741],[0.0338472,51.4434044],[0.0338271,51.443429],[0.0338216,51.4434337],[0.0338134,51.4434408],[0.0337955,51.4434514],[0.0337783,51.4434608],[0.0337671,51.4434651],[0.0337421,51.4434722],[0.0337238,51.4434766],[0.0336861,51.4434851],[0.0336575,51.4434916],[0.0336494,51.4434944],[0.0336396,51.4434968],[0.0336313,51.4434997],[0.0336256,51.4435009],[0.0336195,51.4435027],[0.0336119,51.4435057],[0.0336028,51.4435146],[0.0335935,51.4435233],[0.0335886,51.4435283],[0.0335864,51.4435321],[0.0335818,51.4435364],[0.0335541,51.4435481],[0.0335279,51.4435592],[0.033502,51.4435701],[0.0334816,51.4435788],[0.0334768,51.4435817],[0.0334711,51.4435835],[0.0334599,51.4435867],[0.0334537,51.4435889],[0.0334333,51.4435914],[0.0334244,51.443592],[0.0334149,51.4435931],[0.0334079,51.4435942],[0.0333931,51.4435975],[0.0333708,51.4436046],[0.0333352,51.4436166],[0.0333108,51.4436249],[0.0332751,51.443637],[0.0332529,51.4436445],[0.0332226,51.4436548],[0.0332116,51.4436586],[0.0331991,51.4436628],[0.0331865,51.4436677],[0.0331802,51.4436704],[0.0331749,51.4436717],[0.033169,51.443673],[0.0331624,51.4436739],[0.0331557,51.4436745],[0.0331483,51.4436738],[0.0331432,51.4436723],[0.033136,51.4436693],[0.0331255,51.4436653],[0.0331179,51.4436625],[0.0331096,51.4436594],[0.0330998,51.4436556],[0.0330972,51.4436553],[0.0330857,51.4436532],[0.0330814,51.443653],[0.0330735,51.4436525],[0.0330623,51.4436527],[0.0330512,51.4436544],[0.0330364,51.4436582],[0.0330075,51.4436686],[0.0330056,51.4436695],[0.0329895,51.4436772],[0.0329574,51.443691],[0.0329299,51.4437027],[0.032912,51.4437106],[0.0328979,51.443714],[0.0328893,51.4437168],[0.0328797,51.4437202],[0.032857,51.4437279],[0.0328275,51.4437391],[0.0327984,51.4437504],[0.0327658,51.443763],[0.0327541,51.4437675],[0.0327366,51.4437742],[0.032726,51.4437782],[0.0327128,51.4437822],[0.0327009,51.4437864],[0.0326888,51.443791],[0.0326808,51.4437941],[0.0326727,51.4437964],[0.0326662,51.4437978],[0.032665,51.443798],[0.0326387,51.4438035],[0.0326156,51.4438066],[0.0325757,51.4438142],[0.0325434,51.4438204],[0.0325164,51.4438256],[0.0324969,51.4438292],[0.032487,51.4438314],[0.0324744,51.4438333],[0.0324659,51.443835],[0.0324532,51.4438391],[0.0324471,51.4438418],[0.0324416,51.4438451],[0.0324233,51.443851],[0.0324068,51.4438574],[0.0323891,51.4438631],[0.0323529,51.4438736],[0.0323234,51.4438812],[0.0322846,51.4438913],[0.0322602,51.4438963],[0.0322434,51.4438996],[0.0322107,51.4439062],[0.0321936,51.4439096],[0.0321874,51.4439113],[0.0321783,51.4439132],[0.0321633,51.4439173],[0.0321514,51.4439208],[0.0321332,51.4439268],[0.0321114,51.4439348],[0.0320755,51.4439474],[0.0320596,51.443954],[0.0320536,51.4439567],[0.0320467,51.4439611],[0.0320246,51.443976],[0.0320198,51.4439795],[0.0320156,51.4439831],[0.032013,51.4439841],[0.0320107,51.4439862],[0.0320067,51.443989],[0.0320037,51.4439905],[0.0319989,51.4439934],[0.0319956,51.4439945],[0.0319927,51.4439959],[0.0319901,51.4439967],[0.0319868,51.4439983],[0.0319791,51.4440009],[0.0319639,51.4440041],[0.0319424,51.4440068],[0.0319186,51.4440097],[0.0319233,51.444008],[0.0319157,51.4440083],[0.0318858,51.44401],[0.0318415,51.4440087],[0.031791,51.4440072],[0.0317785,51.4440066],[0.0317424,51.4440058],[0.031715,51.4440051],[0.0316796,51.4440041],[0.0316692,51.4440041],[0.0316634,51.4440051],[0.0316579,51.4440056],[0.0316561,51.444006],[0.0316504,51.4440077],[0.0316459,51.4440094],[0.0316402,51.4440119],[0.0316325,51.4440151],[0.0316194,51.4440197],[0.0316146,51.4440217],[0.0316063,51.4440254],[0.0315948,51.4440297],[0.0315916,51.4440323],[0.0315139,51.4440695],[0.0314624,51.4440942],[0.0314019,51.4441233],[0.0313994,51.4441244],[0.0313376,51.4441539],[0.0312987,51.4441725],[0.0312411,51.4441775],[0.0312372,51.4441779],[0.0311992,51.444181],[0.0311589,51.4441841],[0.0311079,51.4441881],[0.0310854,51.4441951],[0.0310602,51.4442026],[0.031045,51.4442048],[0.031007,51.4442103],[0.030969,51.4442159],[0.0309532,51.4442181],[0.030951,51.4442182],[0.0309455,51.4442183],[0.0309429,51.4442187],[0.0309397,51.4442188],[0.0309348,51.4442183],[0.0309332,51.4442185],[0.0309303,51.4442181],[0.0309274,51.4442181],[0.0309231,51.444218],[0.0309165,51.4442173],[0.030912,51.4442166],[0.0309074,51.4442157],[0.0308763,51.4442156],[0.03083,51.4442155],[0.0308195,51.4442154],[0.0308103,51.4442157],[0.0307891,51.4442178],[0.0307854,51.4442188],[0.0307832,51.4442187],[0.030773,51.4442208],[0.0307597,51.4442238],[0.0307537,51.4442258],[0.0307423,51.4442306],[0.0306893,51.4442533],[0.0306504,51.4442745],[0.0306059,51.4442987],[0.0306042,51.4442979],[0.030562,51.4443199],[0.0305447,51.4443244],[0.0305232,51.4443277],[0.030503,51.4443264],[0.0304956,51.444324],[0.0304876,51.4443167],[0.0303167,51.4443145],[0.0302235,51.444006],[0.0301939,51.4439179],[0.030128,51.4437141],[0.0300784,51.4435602],[0.0300087,51.4433973],[0.0299637,51.4432903],[0.0299196,51.443145],[0.0298886,51.4430398],[0.0298487,51.4429312],[0.0298026,51.4427873],[0.0296779,51.4423937],[0.0296422,51.4422823],[0.0296077,51.4421733],[0.029588,51.4421086],[0.0295771,51.4420353],[0.0295738,51.4419912],[0.0295739,51.4419775],[0.0295742,51.4419524],[0.029576,51.4417731],[0.029577,51.4417626],[0.0295789,51.4417568],[0.029581,51.4417502],[0.0295837,51.4417464],[0.0295888,51.4417408],[0.029494,51.4417265],[0.0293862,51.4417102],[0.0293522,51.4417041],[0.0293465,51.4416788],[0.0293425,51.4416603],[0.0293391,51.4416445],[0.0293308,51.4416235],[0.0293204,51.4415969],[0.0293153,51.4415844],[0.029314,51.4415826],[0.0293105,51.4415793],[0.0293063,51.4415771],[0.0293044,51.4415765],[0.0292927,51.441569],[0.0292577,51.4415458],[0.0292526,51.4415432],[0.0292479,51.441541],[0.0292233,51.4415231],[0.0291737,51.4414875],[0.029148,51.4414689],[0.0291399,51.4414641],[0.0291373,51.4414605],[0.0291328,51.4414586],[0.0291281,51.4414563],[0.0291245,51.4414554],[0.0291224,51.4414553],[0.0291209,51.4414534],[0.029117,51.4414523],[0.0291117,51.4414499],[0.029103,51.4414458],[0.0291005,51.441444],[0.0290972,51.4414422],[0.0290883,51.441435],[0.0290812,51.4414276],[0.0290779,51.4414221],[0.029076,51.4414201],[0.029075,51.4414189],[0.0290736,51.4414103],[0.0290711,51.4414059],[0.0290713,51.441405],[0.0290714,51.441402],[0.0290721,51.4414008],[0.0290727,51.4413975],[0.0290687,51.4413865],[0.0290659,51.4413779],[0.029064,51.441374],[0.0290593,51.4413698],[0.0290542,51.4413647],[0.0290296,51.4413366],[0.0290077,51.4413111],[0.0290063,51.4413098],[0.0289887,51.4412896],[0.0289663,51.441264],[0.0289408,51.4412204],[0.0289351,51.4412032],[0.0289324,51.4411984],[0.02893,51.4411922],[0.0289204,51.4411746],[0.0289185,51.4411721],[0.0289116,51.4411611],[0.0289096,51.4411556],[0.0288945,51.4411358],[0.028878,51.4411128],[0.0288781,51.441109],[0.0288786,51.4411078],[0.0288789,51.4410978],[0.0288794,51.4410936],[0.0288802,51.4410888],[0.0288807,51.4410832],[0.0288781,51.4410781],[0.0288747,51.4410657],[0.0288636,51.4410409],[0.0288489,51.4410077],[0.0288311,51.4409682],[0.0288193,51.440942],[0.0288137,51.4409298],[0.0288117,51.4409283],[0.028812,51.440926],[0.0288099,51.4409216],[0.0288074,51.4409188],[0.0287899,51.4408885],[0.0287797,51.4408722],[0.0287789,51.4408682],[0.0287731,51.4408593],[0.028763,51.4408415],[0.0287456,51.4408072],[0.0287262,51.4407684],[0.0287165,51.4407487],[0.028713,51.4407373],[0.0286999,51.4407074],[0.0286751,51.440651],[0.0286637,51.4406251],[0.0286495,51.4405927],[0.0286428,51.4405772],[0.0286373,51.4405642],[0.0286367,51.4405631],[0.0286356,51.4405599],[0.0286335,51.4405541],[0.0286294,51.4405469],[0.0286258,51.4405418],[0.0286184,51.4405273],[0.0285997,51.4404909],[0.0285846,51.4404617],[0.0285747,51.4404408],[0.0285736,51.4404371],[0.0285666,51.4404037],[0.0285668,51.4403875],[0.0285657,51.4403833],[0.0285619,51.4403207],[0.0285583,51.4402682],[0.0285617,51.4402452],[0.0285656,51.4402204],[0.0285675,51.4402086],[0.0285678,51.4402059],[0.0285694,51.4402026],[0.0285691,51.4401992],[0.0285711,51.4401954],[0.0285722,51.4401883],[0.0285724,51.4401791],[0.0285735,51.4401682],[0.028576,51.4401371],[0.0285795,51.4401225],[0.0285888,51.440088],[0.0286035,51.4400348],[0.0286327,51.4399674],[0.0286582,51.4399085],[0.0286691,51.4398837],[0.0286721,51.4398739],[0.0286744,51.4398683],[0.0286754,51.4398637],[0.028678,51.4398594],[0.0286837,51.4398408],[0.0286896,51.4398217],[0.0286941,51.4398134],[0.0286968,51.4398016],[0.0286977,51.4397949],[0.0287006,51.439788],[0.0287025,51.4397828],[0.0287092,51.4397712],[0.0287143,51.4397629],[0.0287195,51.4397518],[0.0287205,51.4397467],[0.0287232,51.4397404],[0.0287406,51.4396977],[0.0287596,51.4396506],[0.0287697,51.4396251],[0.0287758,51.4396146],[0.0287784,51.439603],[0.0287833,51.4395896],[0.0288101,51.4395165],[0.0288329,51.4394551],[0.0288499,51.4394085],[0.0288547,51.439397],[0.0288577,51.4393803],[0.0288594,51.4393659],[0.0288614,51.4393438],[0.028864,51.4393363],[0.0288625,51.4393169],[0.0288624,51.4392988],[0.0288587,51.4392738],[0.0288437,51.4392343],[0.0288417,51.4392324],[0.0288397,51.4392254],[0.0288394,51.4392196],[0.0288456,51.4391826],[0.0288315,51.4391094],[0.0288283,51.4390952],[0.0288255,51.439078],[0.0288214,51.4390542],[0.0288067,51.439035],[0.0288086,51.4390195],[0.0288089,51.4390138],[0.0288074,51.4389796],[0.0288118,51.4389636],[0.0288185,51.4389385],[0.0288201,51.4389311],[0.028821,51.4389194],[0.0288199,51.4389028],[0.0288078,51.4388502],[0.0287896,51.438772],[0.028704,51.4387719],[0.028479,51.4387398],[0.028122,51.4386886],[0.0277675,51.4386383],[0.0275135,51.4386014],[0.0269789,51.4385249],[0.0267644,51.4384883],[0.0263329,51.4384117],[0.0261577,51.4383678],[0.0260317,51.4383458],[0.0259393,51.4384245],[0.0256662,51.4383743],[0.025264,51.4382957],[0.0251334,51.4382683],[0.0251074,51.4382664],[0.0250954,51.4382637],[0.0250651,51.438257],[0.0250202,51.4382471],[0.0248683,51.4382149],[0.0248421,51.4382114],[0.024764,51.438208],[0.0247559,51.4382076],[0.0247571,51.4381789],[0.0247708,51.4380572],[0.0247767,51.4379849],[0.0247831,51.4379377],[0.0247842,51.4379255],[0.0247866,51.4379156],[0.0248038,51.437829],[0.0248152,51.4377729],[0.0248323,51.4376975],[0.0248486,51.4376338],[0.0248557,51.4375984],[0.0248622,51.4375514],[0.0248681,51.4375066],[0.0248725,51.4374636],[0.0248758,51.4374123],[0.0248741,51.4373892],[0.024874,51.4373777],[0.0248723,51.4373694],[0.0248711,51.4373063],[0.0248706,51.437249],[0.024874,51.4372363],[0.0248835,51.4371973],[0.0248937,51.4371299],[0.0249126,51.4370951],[0.0249198,51.4370776],[0.0249373,51.4370404],[0.0249771,51.436966],[0.024979,51.4369607],[0.0249821,51.4369546],[0.0249876,51.4369439],[0.0249954,51.4369289],[0.0250045,51.4369116],[0.0250092,51.4369028],[0.0250125,51.4368964],[0.0250154,51.4368917],[0.0250173,51.4368872],[0.025021,51.4368801],[0.0250268,51.43687],[0.0250293,51.4368633],[0.0250332,51.4368567],[0.0250386,51.4368456],[0.0250416,51.4368379],[0.0250489,51.436821],[0.0250515,51.4368164],[0.0250544,51.4368125],[0.0250569,51.4368044],[0.0250623,51.4367939],[0.0250896,51.4367962],[0.0251098,51.4367787],[0.0251465,51.4366339],[0.0251908,51.4364593],[0.0252369,51.4362647],[0.0252698,51.4361442],[0.0252738,51.4360716],[0.0253079,51.4359985],[0.0253438,51.435914],[0.0253783,51.4358345],[0.0253841,51.4357588],[0.0253909,51.4357342],[0.0254793,51.4357418],[0.0255213,51.4357503],[0.025671,51.4358722],[0.0257841,51.4359642],[0.0258441,51.4359882],[0.0260314,51.4360666],[0.0260824,51.4360878],[0.0261727,51.4361254],[0.0263884,51.4362179],[0.0264802,51.4362545],[0.0266009,51.4363011],[0.0266638,51.4363269],[0.0268127,51.436388],[0.0268904,51.4364196],[0.0269629,51.436449],[0.0269901,51.43646],[0.0270653,51.4364905],[0.0270944,51.4365024],[0.0271229,51.436514],[0.0271551,51.4365271],[0.0271851,51.4365299],[0.0272512,51.4365361],[0.0273309,51.4365438],[0.0276897,51.4365469],[0.0276963,51.4365076],[0.0278056,51.4364978],[0.0279194,51.4364876],[0.0279817,51.4364823],[0.0280382,51.436477],[0.0280972,51.4364715],[0.0281522,51.4364677],[0.02817,51.4364684],[0.0282131,51.4364621],[0.0283381,51.436448],[0.0283957,51.4364415],[0.028454,51.4364349],[0.0285133,51.4364278],[0.0286425,51.4364146],[0.0286582,51.4364133],[0.0286925,51.4363206],[0.0287209,51.4362498],[0.0287458,51.4361887],[0.0287927,51.4361148],[0.0288132,51.4360211],[0.0288397,51.4359566],[0.0288425,51.4359462],[0.0288513,51.4359126],[0.0288621,51.4358807],[0.028871,51.4358516],[0.028875,51.4358364],[0.0288789,51.4358171],[0.0288871,51.4357843],[0.0288904,51.4357747],[0.0288898,51.4357688],[0.0288913,51.4357665],[0.0289012,51.4357253],[0.0289121,51.4356799],[0.0289277,51.4356164],[0.0289363,51.4355795],[0.0289434,51.4355558],[0.0289455,51.4355472],[0.0289488,51.4355287],[0.0289533,51.4354896],[0.0289601,51.4354379],[0.0289656,51.4353958],[0.0289746,51.4353288],[0.0289821,51.435271],[0.0289902,51.4352102],[0.0289959,51.4351681],[0.0290051,51.4350997],[0.0290127,51.4350419],[0.0290214,51.4349775],[0.0290275,51.4349315],[0.0290411,51.4349261],[0.0290477,51.4348775],[0.0290569,51.4348144],[0.029063,51.4347723],[0.0290626,51.4347561],[0.0290601,51.4347182],[0.0290596,51.4346993],[0.0290603,51.4346743],[0.029058,51.4346322],[0.0290566,51.4346086],[0.0290548,51.4345935],[0.029052,51.4345769],[0.0290437,51.4345401],[0.0290306,51.4344718],[0.0290155,51.4343943],[0.0290095,51.4343534],[0.0290016,51.4343487],[0.0289928,51.4343365],[0.0289543,51.434284],[0.0289169,51.4342313],[0.0288911,51.434195],[0.0287975,51.434148],[0.0287309,51.4341149],[0.0286472,51.4340742],[0.0285664,51.4340337],[0.0285956,51.4340186],[0.0286587,51.4339859],[0.0287165,51.4339556],[0.0287252,51.4339618],[0.0287754,51.4339329],[0.0288459,51.4338971],[0.0289386,51.4338499],[0.0290164,51.4338104],[0.0290968,51.4337695],[0.029158,51.433739],[0.0292343,51.433701],[0.0293156,51.4336604],[0.0293943,51.4336212],[0.0294428,51.4335972],[0.0294374,51.4335929],[0.0295652,51.4335304],[0.029641,51.4334932],[0.0297011,51.4334637],[0.0297523,51.433439],[0.0297874,51.4334216],[0.0297828,51.4334164],[0.0298084,51.4334032],[0.0298349,51.4333895],[0.0298774,51.4333675],[0.0298495,51.433346],[0.029868,51.4333371],[0.0298905,51.4333263],[0.0299223,51.4333059],[0.0299542,51.4332852],[0.029977,51.4332711],[0.0299928,51.4332617],[0.0299998,51.433255],[0.030023,51.4332369],[0.0300551,51.4332108],[0.0300815,51.433189],[0.0300872,51.4331912],[0.0300992,51.4331821],[0.0301146,51.433171],[0.0301308,51.4331592],[0.0301465,51.4331464],[0.0301571,51.4331393],[0.0301673,51.4331314],[0.0301779,51.4331257],[0.0301927,51.4331165],[0.0302144,51.4331046],[0.030235,51.4330945],[0.0302513,51.4330871],[0.0302637,51.4330818],[0.0302754,51.4330777],[0.03029,51.4330725],[0.0303074,51.4330666],[0.0303257,51.4330597],[0.0303329,51.4330575],[0.0303501,51.4330525],[0.0303598,51.4330503],[0.030389,51.4330425],[0.0303991,51.4330397],[0.030414,51.4330349],[0.030427,51.4330323],[0.030448,51.4330254],[0.030455,51.4330234],[0.0304923,51.4330091],[0.0304985,51.4330067],[0.0305218,51.4329977],[0.0305415,51.4329897],[0.0305652,51.4329805],[0.0305883,51.4329715],[0.0306168,51.4329587],[0.0306352,51.4329518],[0.0306544,51.4329425],[0.0306949,51.4329227],[0.0307391,51.4329007],[0.0307784,51.4328812],[0.0309096,51.4328172],[0.0309632,51.4327904],[0.0310182,51.432763],[0.031076,51.4327343],[0.0311442,51.4327077],[0.0312822,51.432643],[0.0313653,51.4326013],[0.0314004,51.4325829],[0.0312827,51.432432],[0.031194,51.4323351],[0.0311629,51.4323004],[0.0310387,51.4321954],[0.0310408,51.4321941],[0.0310481,51.4321883],[0.0310509,51.4321855],[0.0310727,51.4321666],[0.0311095,51.4321241],[0.0311328,51.4320942],[0.0311498,51.4321065],[0.0311602,51.4321114],[0.0312015,51.4321546],[0.0312601,51.4322156],[0.0313017,51.4322265],[0.0314019,51.4323281],[0.0314583,51.4323914],[0.0315808,51.4325553],[0.0317189,51.4325067],[0.031842,51.4324644],[0.0319462,51.4324282],[0.0320531,51.4323914],[0.0321543,51.4323568],[0.0321612,51.432353],[0.0321619,51.4323502],[0.0321974,51.4321808],[0.0322113,51.4321142],[0.0322871,51.4320496],[0.0322946,51.4320425],[0.0323931,51.4319588],[0.0324679,51.4318905],[0.0326965,51.4319925],[0.0328551,51.4320629],[0.032991,51.4321246],[0.0330837,51.432166],[0.0331772,51.4322079],[0.0332294,51.4322311],[0.0332606,51.4321937],[0.0332849,51.4321651],[0.0333208,51.4321228],[0.0333623,51.4320754],[0.0333967,51.4320359],[0.0334248,51.432006],[0.0334663,51.4319626],[0.0335509,51.4318748],[0.0336031,51.4318171],[0.0336596,51.4317552],[0.0336963,51.4317164],[0.0337102,51.4316951],[0.0337845,51.4317259],[0.0339176,51.4317801],[0.0340508,51.4318362],[0.0341835,51.4318921],[0.0342682,51.431927],[0.0343031,51.4319414],[0.0343407,51.431957],[0.034375,51.4319711],[0.034371,51.4319749],[0.0344215,51.4319957],[0.0344706,51.4320159],[0.0344667,51.4320196],[0.0344821,51.4320262],[0.0345289,51.432046],[0.034533,51.4320422],[0.034563,51.4320547],[0.0346138,51.4320756],[0.0346595,51.4320945],[0.0347044,51.4321131],[0.0347441,51.4321297],[0.0347814,51.4321453],[0.0348121,51.4321582],[0.0348349,51.4321677],[0.034842,51.4321708],[0.0348718,51.4321832],[0.0349114,51.4321996],[0.0349549,51.4322177],[0.0349861,51.4322307],[0.0350012,51.4322365],[0.0349972,51.4322402],[0.0350244,51.4322514],[0.0350646,51.4322678],[0.0350684,51.4322643],[0.0351059,51.4322801],[0.0351445,51.4322963],[0.0351838,51.4323128],[0.0351798,51.4323166],[0.0352111,51.4323294],[0.0352419,51.432342],[0.0352435,51.4323408],[0.0352461,51.4323383],[0.0352775,51.4323509],[0.0353274,51.4323717],[0.0353844,51.4323953],[0.0354221,51.432411],[0.0354737,51.4324324],[0.0355138,51.4324491],[0.0355547,51.4324661],[0.0355815,51.4324772],[0.0355853,51.4324786],[0.0356232,51.4324943],[0.0356752,51.432516],[0.0357446,51.432545],[0.0357903,51.4325639],[0.0358403,51.4325848],[0.0358967,51.4326083],[0.0359387,51.4326258],[0.0359913,51.4326473],[0.0359873,51.432651],[0.0360496,51.4326765],[0.0360536,51.4326727],[0.036068,51.4326783],[0.0361219,51.4327006],[0.0361721,51.4327215],[0.0361684,51.4327254],[0.0362334,51.4327525],[0.0362383,51.4327487],[0.0362687,51.4327613],[0.0363475,51.4327932],[0.0363745,51.4328045],[0.0364747,51.4328464],[0.0365239,51.4328664],[0.0365461,51.432876],[0.0365806,51.4328904],[0.0366086,51.4329017],[0.0366292,51.43291],[0.0366435,51.4329158],[0.0366538,51.4329201],[0.0366777,51.4329302],[0.0367066,51.432942],[0.0367322,51.4329526],[0.0367383,51.4329551],[0.0367409,51.4329562],[0.0367382,51.4329588],[0.0367369,51.43296],[0.0367642,51.4329713],[0.0367799,51.4329778],[0.0367893,51.4329817],[0.0367958,51.4329844],[0.0367992,51.4329859],[0.0368006,51.4329846],[0.0368032,51.4329822],[0.0369925,51.4330595],[0.0371362,51.4331184],[0.0372074,51.4331476],[0.0372515,51.4331657],[0.0373068,51.4331887],[0.0373394,51.4332024],[0.0373563,51.4332095],[0.0373682,51.4332142],[0.037411,51.4332318],[0.0374748,51.433258],[0.0375322,51.4332816],[0.0376001,51.4333085],[0.0376348,51.4333222],[0.0376824,51.4333409],[0.0376819,51.4333305],[0.0376802,51.4333079],[0.0376799,51.4333061],[0.0376763,51.433301],[0.0376736,51.4333002],[0.0376705,51.4332998],[0.0376776,51.4332807],[0.0376798,51.4332693],[0.0376802,51.4332633],[0.0376753,51.4332199],[0.0376698,51.4331699],[0.0376668,51.4331436],[0.0376619,51.4330987],[0.0376578,51.4330787],[0.0376442,51.4330128],[0.0376358,51.4329717],[0.0376227,51.4329165],[0.0376132,51.432877],[0.0375949,51.4328097],[0.0375808,51.4327574],[0.0375638,51.4326898],[0.0375515,51.4326397],[0.0375372,51.4325839],[0.0375386,51.4325018],[0.0375391,51.4324492],[0.0375397,51.432413],[0.037539,51.4324087],[0.0375383,51.4323948],[0.0375373,51.4323868],[0.0375348,51.4323804],[0.0375269,51.4323441],[0.0375187,51.4323173],[0.0375136,51.4323082],[0.0374994,51.4322723],[0.0374911,51.4322546],[0.037485,51.4322338],[0.0374804,51.4322045],[0.0374762,51.4321813],[0.0374755,51.4321673],[0.0374771,51.4321399],[0.03748,51.4320746],[0.0374826,51.4320054],[0.0374858,51.4319176],[0.0374884,51.4318456],[0.0374909,51.4317659],[0.0374943,51.4317123],[0.0374991,51.4316353],[0.0374999,51.4316187],[0.0374994,51.4316076],[0.0374992,51.4315997],[0.0375017,51.4315972],[0.0375027,51.4315952],[0.0375079,51.4315905],[0.0375522,51.4315145],[0.0375904,51.4314486],[0.0375971,51.4314378],[0.0375755,51.4314281],[0.037572,51.4314275],[0.0375662,51.4314241],[0.0375492,51.4314137],[0.0375284,51.4314014],[0.0375258,51.4313973],[0.0375238,51.4313961],[0.0375145,51.4313847],[0.0375139,51.4313816],[0.0375135,51.4313676],[0.0375165,51.431363],[0.0375266,51.4313363],[0.0375432,51.4312891],[0.0375636,51.4312672],[0.0375827,51.4312228],[0.037612,51.4311578],[0.0376387,51.4311029],[0.0376709,51.4310394],[0.0376948,51.4309787],[0.0377028,51.4309385],[0.0377131,51.4308828],[0.0377205,51.4308729],[0.0377473,51.4307783],[0.03778,51.4306503],[0.0378003,51.4305701],[0.037814,51.4305139],[0.0378233,51.4304735],[0.03784,51.4304094],[0.0378458,51.430389],[0.0378482,51.4303825],[0.0378547,51.4303678],[0.0378802,51.4303048],[0.0379222,51.4302047],[0.0379638,51.4301018],[0.0379862,51.4300439],[0.038002,51.4299977],[0.0380219,51.4299319],[0.0380371,51.4298857],[0.0380715,51.4297734],[0.0380934,51.4296974],[0.0381001,51.4296733],[0.038111,51.4296356],[0.0381292,51.429576],[0.0381416,51.429534],[0.0381427,51.4295307],[0.0381526,51.4294988],[0.0381605,51.4294801],[0.038116,51.4294785],[0.0381175,51.4294704],[0.0381201,51.4294537],[0.0381308,51.4294202],[0.0381415,51.4293861],[0.0381448,51.4293628],[0.0381582,51.429329],[0.0381767,51.4292815],[0.0381819,51.4292725],[0.0382022,51.4292252],[0.0382221,51.4291742],[0.038242,51.4291213],[0.038264,51.4290598],[0.0382809,51.429012],[0.0382796,51.4289973],[0.038277,51.4289403],[0.0382752,51.42888],[0.0382786,51.4288431],[0.0382772,51.4288123],[0.0382759,51.4287996],[0.0382761,51.4287965],[0.0382749,51.4287776],[0.0382802,51.4287655],[0.038283,51.42876],[0.0382854,51.428753],[0.0382911,51.4287354],[0.0382969,51.428723],[0.0383071,51.4286819],[0.0383138,51.428671],[0.0383151,51.4286652],[0.0383161,51.4286507],[0.0383151,51.4286377],[0.0383288,51.4284684],[0.0383351,51.4283505],[0.0383384,51.4282812],[0.0383357,51.4282416],[0.0383339,51.4282116],[0.0383339,51.4281976],[0.0383322,51.4281745],[0.0383258,51.428142],[0.0383253,51.428131],[0.0383262,51.4281196],[0.0383228,51.4280514],[0.0383216,51.4280009],[0.0381548,51.4279308],[0.0379848,51.4278582],[0.0379342,51.4278391],[0.0378905,51.4278243],[0.0378182,51.4278008],[0.0378295,51.4277496],[0.0378682,51.4275844],[0.0380302,51.4275838],[0.0383438,51.4275831],[0.0384478,51.4275841],[0.0384473,51.4275186],[0.0384516,51.427404],[0.0384516,51.4273097],[0.0384416,51.42726],[0.0384283,51.4271908],[0.0384413,51.4271415],[0.0384712,51.4270305],[0.038512,51.4268945],[0.0385405,51.4267817],[0.038564,51.4267058],[0.0386202,51.4265045],[0.0387538,51.4265122],[0.0387746,51.4264405],[0.0387964,51.4263014],[0.0388096,51.4261673],[0.0388277,51.4261605],[0.0388339,51.4260741],[0.0389268,51.4260763],[0.0389484,51.4259414],[0.0389673,51.4258277],[0.0390001,51.4256396],[0.039012,51.4255729],[0.0390223,51.4255274],[0.0390268,51.4255019],[0.0390318,51.4254615],[0.0390356,51.4254034],[0.0390348,51.4253769],[0.0390348,51.4252679],[0.0390335,51.4251846],[0.0390375,51.425161],[0.0390389,51.4251533],[0.0390404,51.4251451],[0.0390411,51.4251344],[0.0390416,51.4251206],[0.0390396,51.4250661],[0.039036,51.4250218],[0.0390358,51.4250133],[0.0390277,51.4249122],[0.0390231,51.4248322],[0.03902,51.4247796],[0.0390148,51.4247616],[0.0390196,51.4247316],[0.0390279,51.4246946],[0.0390287,51.4246909],[0.0390287,51.4246908],[0.0390293,51.4246881],[0.0390287,51.424688],[0.0389738,51.4246841],[0.0388585,51.424676],[0.0387417,51.4246678],[0.0387376,51.4246621],[0.0387128,51.4246527],[0.038684,51.4246416],[0.03865,51.4246278],[0.0386348,51.424617],[0.0386218,51.4246051],[0.0385653,51.4245532],[0.0384572,51.4244547],[0.038152,51.424179],[0.0378069,51.4238658],[0.0374815,51.4235705],[0.0372405,51.4233539],[0.0370052,51.4231369],[0.0368315,51.4229752],[0.0367203,51.4228693],[0.0366085,51.4227617],[0.036521,51.4226771],[0.0365145,51.4226711],[0.0363983,51.4225594],[0.0363228,51.4224867],[0.0362498,51.4224186],[0.0362048,51.4223887],[0.0361647,51.4224074],[0.0361034,51.4224369],[0.0359806,51.4224994],[0.0357682,51.4226133],[0.0355999,51.422709],[0.0355205,51.4227552],[0.0354726,51.4227831],[0.0354602,51.422791],[0.0354159,51.4228197],[0.0353576,51.4228574],[0.0353292,51.4228754],[0.0353183,51.4228846],[0.0353099,51.4228896],[0.035226,51.4229491],[0.0351456,51.423006],[0.0350486,51.4230744],[0.0349349,51.4231527],[0.0348472,51.4232145],[0.0347564,51.4232769],[0.0346972,51.4233187],[0.0346686,51.4233403],[0.0346591,51.423343],[0.0346486,51.4233513],[0.0346133,51.4233781],[0.0345782,51.4234048],[0.0345682,51.4234126],[0.0345535,51.4234223],[0.0345158,51.4234471],[0.0344576,51.423488],[0.0343837,51.4235381],[0.0343418,51.4235664],[0.0343364,51.42357],[0.0343118,51.4235912],[0.0342554,51.4236401],[0.0342037,51.4236869],[0.0341566,51.4237302],[0.0340937,51.4237898],[0.0340412,51.4238398],[0.0339937,51.4238848],[0.033954,51.4239228],[0.0339364,51.42394],[0.0339303,51.423946],[0.0339267,51.4239484],[0.0339246,51.4239512],[0.0339172,51.4239579],[0.0338914,51.4239755],[0.033855,51.4240015],[0.0338195,51.4240273],[0.0337977,51.4240447],[0.0337485,51.4240827],[0.0336757,51.4241342],[0.0336328,51.4241621],[0.0335612,51.4242103],[0.0335175,51.424235],[0.0334439,51.4242753],[0.0333319,51.424336],[0.0332401,51.4243855],[0.0331699,51.4244186],[0.0330795,51.424461],[0.0329791,51.4245083],[0.0329364,51.4245273],[0.0328587,51.4245612],[0.0327815,51.4245932],[0.0327367,51.4246215],[0.0327054,51.4246379],[0.0326621,51.4246781],[0.0326173,51.4247194],[0.0325588,51.42475],[0.0324331,51.4248165],[0.0323631,51.4248374],[0.0323101,51.4248538],[0.0321863,51.4249203],[0.0321143,51.4249585],[0.0320588,51.4249986],[0.031987,51.4250512],[0.0319638,51.4250664],[0.0319335,51.4250847],[0.0318505,51.425136],[0.0317678,51.4251873],[0.0316747,51.4252447],[0.0316165,51.4252802],[0.0315794,51.4253027],[0.0315262,51.4253352],[0.031496,51.4253531],[0.03147,51.425369],[0.0314423,51.4253853],[0.0314144,51.4254014],[0.0313653,51.4254285],[0.0313293,51.4254476],[0.0312893,51.4254691],[0.0312473,51.4254894],[0.0312343,51.425495],[0.031196,51.4255115],[0.0311833,51.4255164],[0.0311414,51.4255332],[0.0311015,51.4255501],[0.0310673,51.4255641],[0.0309125,51.4256245],[0.030702,51.4257035],[0.0304728,51.42579],[0.0302935,51.4258571],[0.03015,51.425912],[0.0300772,51.425952],[0.0300646,51.4259582],[0.0300347,51.4259767],[0.0300281,51.4259828],[0.0299795,51.4260154],[0.0298419,51.4261594],[0.0297494,51.4262471],[0.0297302,51.4262687],[0.0296996,51.4262989],[0.0296715,51.4263294],[0.029629,51.4263823],[0.0296151,51.4263955],[0.0295739,51.4264317],[0.029512,51.4264779],[0.0294523,51.426517],[0.0292764,51.4266319],[0.029136,51.4267243],[0.028895,51.4268836],[0.0287443,51.4269832],[0.0287426,51.4269842],[0.0284504,51.4271747],[0.0283228,51.4272555],[0.0282062,51.4273228],[0.0280916,51.4273905],[0.0278209,51.4275913],[0.027636,51.4277271],[0.0275515,51.4277892],[0.0274753,51.427845],[0.0273996,51.4279005],[0.0273333,51.4279491],[0.0272766,51.4279906],[0.0272049,51.4280433],[0.0271519,51.4280819],[0.0271565,51.4280882],[0.0271283,51.4281088],[0.0271043,51.4281271],[0.0270922,51.4281357],[0.0270921,51.4281345],[0.0270911,51.428132],[0.0270908,51.4281307],[0.0270899,51.4281296],[0.0270899,51.4281239],[0.0270884,51.4281254],[0.0270847,51.4281335],[0.0270445,51.4281619],[0.0270322,51.4281705],[0.0269991,51.4281923],[0.0269819,51.4282033],[0.0269507,51.4282228],[0.0269127,51.4282465],[0.0268783,51.428268],[0.0268604,51.4282785],[0.0268467,51.4282872],[0.0268321,51.4282965],[0.0268267,51.4282993],[0.0267969,51.4283173],[0.0267919,51.4283186],[0.0267256,51.4283561],[0.0266181,51.4284168],[0.0265204,51.4284724],[0.0264313,51.4285229],[0.0262815,51.4286078],[0.0261973,51.4286555],[0.0261485,51.4286833],[0.0261097,51.4287051],[0.026072,51.4287266],[0.0260625,51.428732],[0.0260531,51.4287369],[0.0260168,51.4287559],[0.0259938,51.4287679],[0.0259622,51.4287824],[0.0259365,51.4287931],[0.0259144,51.4288013],[0.0258723,51.4288182],[0.025834,51.4288339],[0.0258058,51.4288438],[0.0257594,51.4288598],[0.025733,51.4288686],[0.0256972,51.4288802],[0.0256557,51.4288932],[0.0256514,51.4288949],[0.0256409,51.4288981],[0.0256237,51.4289039],[0.0255663,51.4289233],[0.0255282,51.4289362],[0.0254971,51.4289466],[0.0254771,51.4289527],[0.0254572,51.4289604],[0.0254406,51.4289684],[0.0254326,51.4289733],[0.0253781,51.4289482],[0.0251834,51.4288597],[0.0250748,51.4288104],[0.0249534,51.4287552],[0.0249067,51.4287339],[0.0248682,51.4287164],[0.0248202,51.4286946],[0.0247696,51.4286716],[0.0247168,51.4286476],[0.0246952,51.4286378],[0.0246743,51.4286282],[0.0246546,51.4286193],[0.0246341,51.42861],[0.0246133,51.4286005],[0.0245947,51.428592],[0.0245749,51.4285831],[0.024556,51.4285744],[0.0245331,51.428564],[0.0245133,51.428555],[0.0244628,51.4285321],[0.0243569,51.4284838],[0.0243111,51.428463],[0.0242588,51.4284392],[0.0242157,51.4284196],[0.0241939,51.4284097],[0.0241549,51.4283983],[0.0241134,51.4283861],[0.0240725,51.4283742],[0.0240576,51.4283698],[0.0240358,51.4283648],[0.0240131,51.4283586],[0.0239899,51.4283518],[0.0239672,51.4283452],[0.0239505,51.4283386],[0.0239464,51.4283368],[0.0239377,51.4283337],[0.0239118,51.428324],[0.0238713,51.4283082],[0.0238123,51.4282859],[0.0237496,51.4282622],[0.023722,51.4282519],[0.0237165,51.4282403],[0.0237047,51.4282162],[0.0236873,51.4282065],[0.0236482,51.4281848],[0.0236121,51.4281646],[0.0235926,51.4281537],[0.0235769,51.4281448],[0.0235541,51.4281319],[0.0235345,51.4281208],[0.0235191,51.4281113],[0.0235159,51.4281089],[0.0235048,51.428102],[0.0234991,51.4280972],[0.0234922,51.4280923],[0.023486,51.4280865],[0.0234816,51.4280815],[0.0234622,51.4280635],[0.0234414,51.428058],[0.0234216,51.4280526],[0.0234268,51.4280495],[0.0233838,51.4280187],[0.0233469,51.4279924],[0.0233316,51.4279815],[0.0233168,51.4279709],[0.0233113,51.4279739],[0.0233089,51.4279719],[0.0233001,51.4279646],[0.0233005,51.4279619],[0.0233017,51.427952],[0.0232256,51.4279053],[0.0231801,51.4278773],[0.0231657,51.4278684],[0.023161,51.4278655],[0.0231556,51.4278622],[0.023152,51.42786],[0.0231487,51.427858],[0.0231473,51.4278573],[0.0231394,51.4278534],[0.023134,51.4278506],[0.0231307,51.4278486],[0.0231278,51.4278468],[0.0231266,51.427846],[0.0231234,51.427844],[0.0231229,51.4278437],[0.0231207,51.4278423],[0.0231182,51.4278405],[0.0231147,51.4278379],[0.0231115,51.4278362],[0.0231081,51.4278344],[0.0231052,51.4278324],[0.023105,51.4278323],[0.0231037,51.4278314],[0.0230991,51.4278287],[0.0230944,51.4278262],[0.0230868,51.4278219],[0.0230533,51.4278084],[0.0229615,51.4277727],[0.0229365,51.4277625],[0.0227853,51.4277014],[0.0227302,51.4276792],[0.022619,51.4276349],[0.022521,51.4275966],[0.0224966,51.427585],[0.0223578,51.4275178],[0.0223304,51.4275055],[0.0222772,51.4274818],[0.0222279,51.4274565],[0.0221869,51.4274341],[0.0221453,51.4274095],[0.0221066,51.4273896],[0.0220699,51.4273726],[0.0220514,51.4273655],[0.0220345,51.4273608],[0.02202,51.4273556],[0.0219899,51.4273449],[0.0219728,51.4273398],[0.0219656,51.4273349],[0.0219435,51.427323],[0.0219078,51.4273039],[0.0218509,51.4272741],[0.0217672,51.4272299],[0.0217135,51.4272011],[0.0216762,51.4271704],[0.0215779,51.4270933],[0.0215297,51.4270383],[0.0214619,51.4270098],[0.0213863,51.4269553],[0.0213057,51.4269139],[0.021278,51.4269007],[0.0212542,51.4268894],[0.0212325,51.4268797],[0.0212138,51.4268717],[0.0211923,51.4268627],[0.021178,51.4268576],[0.0211608,51.4268514],[0.0211381,51.426842],[0.0211123,51.4268325],[0.0211015,51.4268287],[0.0210929,51.4268261],[0.0210892,51.4268247],[0.0210819,51.4268239],[0.0210791,51.426824],[0.0210764,51.4268245],[0.0210721,51.4268245],[0.0210689,51.4268245],[0.0210571,51.4268244],[0.0210384,51.4268242],[0.0210251,51.426824],[0.0210115,51.4268235],[0.0209858,51.4268226],[0.0209648,51.4268218],[0.0209522,51.4268213],[0.0209365,51.4268208],[0.0209199,51.4268201],[0.0209121,51.4268198],[0.020908,51.4268197],[0.0209056,51.4268196],[0.0209005,51.4268195],[0.0208024,51.4268155],[0.0208037,51.4268237],[0.0205505,51.4268545],[0.0203785,51.426875],[0.0201882,51.4269024],[0.0199591,51.4269629],[0.0197826,51.4270095],[0.0196696,51.4270389],[0.019665,51.4270311],[0.0196385,51.4270313],[0.019559,51.4270312],[0.0195049,51.4270314],[0.0194511,51.4270317],[0.0194318,51.4270318],[0.0194083,51.4270315],[0.0193818,51.4270313],[0.0193663,51.4270312],[0.0193589,51.4270313],[0.0193465,51.4270315],[0.0193392,51.4270318],[0.0193133,51.4270329],[0.0192664,51.4270349],[0.0192294,51.4270365],[0.0191889,51.4270382],[0.0191773,51.4270387],[0.0191581,51.4270395],[0.0191437,51.4270401],[0.0191276,51.4270408],[0.0191161,51.4270413],[0.0191095,51.4270416],[0.0190867,51.4270426],[0.0188339,51.4270526],[0.0187565,51.4270567],[0.0187216,51.427058],[0.0187164,51.4270555],[0.0187095,51.4270523],[0.0187082,51.4270521],[0.0187004,51.4270485],[0.0186936,51.427045],[0.0186881,51.4270428],[0.0186805,51.4270399],[0.0186719,51.4270373],[0.0186665,51.427036],[0.0186479,51.4270321],[0.0186318,51.4270286],[0.0186164,51.427026],[0.0186057,51.4270209],[0.0185772,51.4270146],[0.0185009,51.4269977],[0.0184237,51.426979],[0.0183719,51.4269666],[0.0183241,51.4269506],[0.0182816,51.426948],[0.018215,51.4269435],[0.0181585,51.4269454],[0.0181313,51.4269446],[0.0180419,51.4269384],[0.0180374,51.4269382],[0.0179698,51.4269337],[0.0178958,51.4269292],[0.0178593,51.4269271],[0.0178355,51.4269239],[0.0178212,51.4269211],[0.0177509,51.426908],[0.0176489,51.4268891],[0.0175936,51.426879],[0.0175866,51.4268814],[0.0175522,51.4268749],[0.0175119,51.4268672],[0.0175066,51.4268663],[0.0175042,51.4268659],[0.0175011,51.4268649],[0.0174974,51.4268645],[0.0174921,51.4268621],[0.017485,51.4268604],[0.0174394,51.4268471],[0.0173565,51.4268216],[0.0173357,51.4268147],[0.0173113,51.4268065],[0.0172864,51.4267982],[0.0172672,51.4267918],[0.0172532,51.4267872],[0.0172424,51.4267841],[0.0172335,51.4267806],[0.0172234,51.4267776],[0.0172115,51.4267733],[0.0171952,51.4267657],[0.0171873,51.426762],[0.0171756,51.4267555],[0.017173,51.4267544],[0.0171159,51.4267294],[0.0170953,51.4267202],[0.0170656,51.4267072],[0.0170281,51.4266896],[0.0169918,51.4266728],[0.0169686,51.426662],[0.0169463,51.4266511],[0.0169046,51.4266313],[0.0168966,51.4266285],[0.0168374,51.4266067],[0.0167433,51.4265581],[0.0166521,51.4265101],[0.0165677,51.4264655],[0.016485,51.4264216],[0.0164094,51.4263814],[0.0163532,51.4263519],[0.0162944,51.4263212],[0.01625,51.426298],[0.0162422,51.4263052],[0.0162342,51.4263011],[0.0161856,51.4262761],[0.0161822,51.4262744],[0.0161512,51.4262582],[0.0161275,51.4262457],[0.0160947,51.4262284],[0.0160804,51.4262208],[0.0160789,51.4262199],[0.0160774,51.4262195],[0.0160756,51.4262184],[0.0160728,51.4262171],[0.0160687,51.4262156],[0.0160646,51.4262149],[0.0160607,51.4262138],[0.0160541,51.4262121],[0.0160429,51.4262096],[0.0159548,51.4261897],[0.0158942,51.4261858],[0.0158783,51.4261852],[0.0158255,51.4261811],[0.0157407,51.4261748],[0.0156758,51.4261708],[0.0156275,51.4261698],[0.0154749,51.4261684],[0.0153267,51.4261658],[0.015226,51.426164],[0.0150956,51.4261618],[0.0150104,51.426161],[0.0149971,51.4261607],[0.0149512,51.4261615],[0.0149378,51.4261622],[0.014908,51.4261647],[0.0148507,51.4261699],[0.0147983,51.4261754],[0.0146824,51.4261852],[0.0146703,51.4261864],[0.0146146,51.4261921],[0.0146125,51.426192],[0.0145442,51.4261891],[0.0144757,51.4261867],[0.0144029,51.4261844],[0.0143562,51.426183],[0.0143007,51.4261813],[0.0142325,51.4261792],[0.0141609,51.4261771],[0.0141493,51.4261766],[0.0140937,51.4261749],[0.0141025,51.4261409],[0.0141205,51.4260825],[0.0141376,51.4260264],[0.0141618,51.4259478],[0.014189,51.4258587],[0.014222,51.4257517],[0.0142486,51.4256647],[0.0142371,51.4256622],[0.0142594,51.4256002],[0.0143148,51.4254409],[0.0143266,51.4254075],[0.0143351,51.4253826],[0.01434,51.4253687],[0.0143536,51.4253299],[0.0143678,51.425291],[0.0143811,51.4252497],[0.014392,51.4252156],[0.0143155,51.4252054],[0.014285,51.4252007],[0.0141768,51.4251839],[0.0141035,51.4251721],[0.0140143,51.4251578],[0.0139451,51.4251479],[0.0138416,51.4251328],[0.0137727,51.4251228],[0.0137287,51.4251165],[0.0136782,51.425113],[0.0136128,51.4251085],[0.0135635,51.4251053],[0.0135123,51.4251017],[0.0135035,51.4250664],[0.0134986,51.4250467],[0.0134939,51.4250274],[0.0134864,51.4250101],[0.013483,51.4250009],[0.0134794,51.4249908],[0.0134777,51.4249877],[0.0134747,51.4249816],[0.0134738,51.4249792],[0.0134707,51.4249722],[0.0134653,51.4249633],[0.0134617,51.4249557],[0.0134572,51.424946],[0.0134529,51.4249364],[0.0134493,51.4249284],[0.0134469,51.424924],[0.0134462,51.4249226],[0.0134415,51.4249136],[0.0134346,51.4249003],[0.0134289,51.4248897],[0.0134242,51.4248811],[0.0134219,51.4248776],[0.013417,51.4248679],[0.0134113,51.4248567],[0.0134074,51.4248489],[0.0134044,51.4248429],[0.0134006,51.4248345],[0.0133983,51.4248289],[0.0133967,51.4248252],[0.0133947,51.4248213],[0.0133903,51.4248125],[0.0133894,51.4248102],[0.0133866,51.4248043],[0.0133842,51.4247989],[0.0133801,51.424789],[0.0133764,51.4247801],[0.0133734,51.4247727],[0.0133715,51.4247677],[0.0133702,51.4247644],[0.0133694,51.424762],[0.0133678,51.4247599],[0.0133646,51.4247523],[0.0133622,51.4247471],[0.0133567,51.4247357],[0.0133529,51.4247235],[0.0133481,51.4247101],[0.0133452,51.4247032],[0.013342,51.4246975],[0.0133393,51.4246848],[0.0133392,51.4246821],[0.0133253,51.4246756],[0.0133197,51.4246735],[0.0132921,51.4246633],[0.0132603,51.4246515],[0.0132482,51.4246464],[0.0132188,51.4246344],[0.0131892,51.4246224],[0.0131546,51.4246077],[0.0131299,51.4245973],[0.0131224,51.4245941],[0.0131119,51.4245889],[0.0130829,51.424575],[0.0130621,51.4245668],[0.0130403,51.4245581],[0.013018,51.4245477],[0.0129919,51.4245356],[0.0129693,51.4245251],[0.0129456,51.4245152],[0.0129224,51.4245054],[0.0128941,51.4244933],[0.0128665,51.4244816],[0.0128559,51.4244767],[0.0128305,51.4244651],[0.0127995,51.4244527],[0.0127886,51.4244485],[0.0127678,51.4244393],[0.0127563,51.4244337],[0.0127415,51.4244263],[0.0127315,51.4244214],[0.0127257,51.424418],[0.0127173,51.4244132],[0.0127119,51.4244102],[0.0126939,51.4244014],[0.0126762,51.4243927],[0.0126645,51.4243869],[0.0126557,51.4243824],[0.0126367,51.4243725],[0.0126258,51.4243667],[0.0126252,51.4243665],[0.0126157,51.4243616],[0.0126049,51.4243551],[0.012601,51.4243529],[0.0125483,51.4243282],[0.0125083,51.4243119],[0.0124307,51.4242782],[0.0124148,51.4242732],[0.012352,51.4242483],[0.0123192,51.424236],[0.0122913,51.4242257],[0.0122542,51.4242113],[0.0122102,51.4241942],[0.0121813,51.4241854],[0.0121577,51.4241772],[0.012117,51.4241659],[0.0119539,51.4241161],[0.0118566,51.424086],[0.011864,51.4240637],[0.0118356,51.4240527],[0.0118411,51.4240466],[0.0117887,51.4239165],[0.011722,51.4237558],[0.0115876,51.4237168],[0.0113078,51.4236389],[0.0112206,51.4236138],[0.0111717,51.4235963],[0.0110732,51.4235571],[0.0110185,51.4235303],[0.0109782,51.4235092],[0.0108961,51.4234592],[0.0108875,51.4234534],[0.0108503,51.4234254],[0.010789,51.423371],[0.0107562,51.423338],[0.0107201,51.4232992],[0.0106842,51.4232571],[0.0106232,51.4231916],[0.010483,51.4230439],[0.0104749,51.423035],[0.0102575,51.4228033],[0.0100682,51.4226019],[0.0099559,51.4224821],[0.0099322,51.4224923],[0.0097475,51.4225597],[0.0096979,51.4225769],[0.0094318,51.4226737],[0.0092298,51.4227478],[0.0091341,51.4227842],[0.00906,51.4228093],[0.0089513,51.4228454],[0.0088755,51.4228701],[0.0087175,51.4229132],[0.0085534,51.4229515],[0.0084401,51.4229743],[0.0080796,51.4230398],[0.007903,51.4226439],[0.0078181,51.4224525],[0.0077093,51.4222042],[0.0077035,51.4221921],[0.0075474,51.4218253],[0.0073624,51.4214028],[0.0072957,51.421415],[0.0070426,51.4214639],[0.006837,51.4215037],[0.006776,51.421384],[0.006816,51.4213754],[0.0067402,51.4212347],[0.0068831,51.4212073],[0.0068344,51.4211148],[0.0067995,51.4211204],[0.0067833,51.4210897],[0.0067025,51.4209452],[0.0065081,51.4209861],[0.0063648,51.4210158],[0.0062825,51.4210308],[0.0062226,51.4209368],[0.0061146,51.4207648],[0.0060714,51.4206907],[0.0060407,51.4206191],[0.00599,51.4205059],[0.0059918,51.4204617],[0.0059909,51.4203936],[0.0059901,51.4203264],[0.0059642,51.4202584],[0.0059141,51.4201702],[0.0058625,51.420072],[0.005818,51.4199893],[0.005762,51.4198896],[0.0057077,51.4198154],[0.0056669,51.4197727],[0.005631,51.4197355],[0.0056199,51.4197245],[0.0055975,51.4197019],[0.0055588,51.4196669],[0.0055437,51.4196594],[0.0055402,51.4196569],[0.0055233,51.4196429],[0.0055071,51.4196293],[0.005476,51.4196039],[0.0054637,51.4195939],[0.0054719,51.419588],[0.0054462,51.4195674],[0.0054106,51.4195404],[0.0053743,51.4195102],[0.0053148,51.4194634],[0.00519,51.4193562],[0.0052763,51.4192992],[0.0054639,51.4191749],[0.005532,51.4191298],[0.0055196,51.419123],[0.0054718,51.4190963],[0.005432,51.4190746],[0.0053744,51.4190448],[0.0053717,51.4190434],[0.0053318,51.4190192],[0.0053593,51.4189458],[0.0053746,51.4189106],[0.005401,51.4188342],[0.0054279,51.4187582],[0.005462,51.4186651],[0.0055716,51.4185856],[0.0056448,51.4185267],[0.0054416,51.4184191],[0.0050316,51.4182017],[0.0046786,51.4180114],[0.0044655,51.417906],[0.0040162,51.4176804],[0.0037045,51.4175242],[0.0035074,51.4174278],[0.0030777,51.4176845],[0.0027136,51.4179109],[0.0024817,51.4180557],[0.0022991,51.4181736],[0.0021311,51.4182941],[0.0018663,51.4184801],[0.0017168,51.4185862],[0.0015863,51.4185259],[0.0015194,51.4184908],[0.0013898,51.4184252],[0.0012745,51.4183677],[0.0011234,51.4182927],[0.0010321,51.4182471],[0.0009318,51.4181964],[0.0008959,51.4181783],[0.000858,51.4181596],[0.0008347,51.4181484],[0.0007989,51.4181299],[0.0007795,51.4181202],[0.0007362,51.4180989],[0.0006887,51.4180753],[0.0006511,51.4180567],[0.0005867,51.4180237],[0.0005743,51.4180184],[0.0005237,51.4179959],[0.0006051,51.4179341],[0.0005655,51.4179233],[0.0005065,51.4179052],[0.0004357,51.4178806],[0.000317,51.4178359],[0.0002531,51.4178148],[0.0001926,51.4177922],[0.0001649,51.4177804],[0.0001277,51.4177629],[0.0000772,51.417737],[-0.0000024,51.4176899],[-0.0000693,51.4176467],[-0.0001113,51.4176121],[-0.0001452,51.4175757],[-0.0001735,51.4175347],[-0.0001992,51.4174894],[-0.0002007,51.4174867],[-0.000207,51.4174742],[-0.0002119,51.4174626],[-0.0002152,51.417451],[-0.0002168,51.4174454],[-0.0002242,51.4174251],[-0.0002493,51.4173424],[-0.0002751,51.4172252],[-0.000291,51.4171199],[-0.0003023,51.4170169],[-0.0003106,51.4169513],[-0.0003177,51.41689],[-0.0003179,51.4168544],[-0.0003154,51.4168099],[-0.0003082,51.4167494],[-0.000293,51.4166845],[-0.0002964,51.4165745],[-0.0002997,51.4164831],[-0.0003018,51.4164508],[-0.0003056,51.4164332],[-0.0003163,51.416407],[-0.0003303,51.4163844],[-0.0003484,51.4163621],[-0.0003723,51.4163407],[-0.0003981,51.4163221],[-0.0004233,51.4163066],[-0.000492,51.4162722],[-0.0005312,51.4162538],[-0.0006335,51.4162062],[-0.0007792,51.4161381],[-0.0008769,51.4160921],[-0.0008623,51.4160734],[-0.000833,51.416033],[-0.0008092,51.415996],[-0.0007774,51.4159434],[-0.0007552,51.4159076],[-0.0008735,51.4158968],[-0.0010506,51.4158804],[-0.0012222,51.4158643],[-0.0013309,51.4158539],[-0.0014523,51.4158429],[-0.001544,51.4158343],[-0.0015676,51.4158327],[-0.0016388,51.4158281],[-0.0016449,51.4158275],[-0.0016917,51.4158244],[-0.0017175,51.4158227],[-0.0017669,51.4158179],[-0.0019231,51.4158025],[-0.0020769,51.4157874],[-0.0022705,51.4157683],[-0.0023322,51.4157624],[-0.0026395,51.4157321],[-0.0028021,51.4157164],[-0.0029663,51.4157004],[-0.0030878,51.4156885],[-0.0031946,51.4156781],[-0.0033209,51.4156658],[-0.0033787,51.4156602],[-0.0034176,51.4156513],[-0.0034064,51.4156237],[-0.0035005,51.4155877],[-0.0035782,51.4155579],[-0.0035739,51.415509],[-0.0035701,51.4154966],[-0.0035579,51.4154554],[-0.0035514,51.4154387],[-0.0035375,51.4154031],[-0.0035236,51.4153676],[-0.0035136,51.4153504],[-0.0034953,51.4153193],[-0.0034898,51.4153116],[-0.0034702,51.4152848],[-0.0034279,51.4152267],[-0.0033988,51.4151868],[-0.0033593,51.4151333],[-0.0033399,51.4151044],[-0.0033346,51.4150948],[-0.0033067,51.4150362],[-0.0033602,51.415022],[-0.0035728,51.4149659],[-0.0037583,51.414917],[-0.0039574,51.4148644],[-0.0041258,51.4148199],[-0.0042154,51.4147961],[-0.0042889,51.4147769],[-0.0042946,51.4147817],[-0.0043456,51.4147686],[-0.004461,51.4147386],[-0.004608,51.4147004],[-0.004724,51.4146704],[-0.0048351,51.4146414],[-0.0049333,51.414616],[-0.0049932,51.4146003],[-0.0050114,51.4146466],[-0.0050164,51.41466],[-0.0050201,51.4146693],[-0.0050257,51.4146837],[-0.0050364,51.4146947],[-0.0050416,51.4147001],[-0.0050437,51.4147018],[-0.0050441,51.414702],[-0.0050696,51.4147214],[-0.0050816,51.4147285],[-0.005115,51.414748],[-0.0051286,51.4147618],[-0.0051507,51.4148028],[-0.0051615,51.4148701],[-0.0051634,51.4148835],[-0.0051752,51.4149103],[-0.0051802,51.4149167],[-0.0052126,51.4149583],[-0.0052406,51.4149947],[-0.0052827,51.4150497],[-0.0053112,51.4150866],[-0.0053298,51.4151107],[-0.0053311,51.415113],[-0.005345,51.4151385],[-0.0053652,51.4151756],[-0.0053758,51.415197],[-0.0053957,51.4152381],[-0.005414,51.4152759],[-0.0054406,51.4153309],[-0.0054617,51.4153748],[-0.0054807,51.4154139],[-0.0054995,51.4154533],[-0.0055125,51.4154799],[-0.0055193,51.4155034],[-0.0055204,51.4155119],[-0.005539,51.415645],[-0.0055469,51.415712],[-0.0055508,51.415748],[-0.0055552,51.4157585],[-0.0055648,51.4157762],[-0.0055888,51.4158017],[-0.0056096,51.4158206],[-0.00563,51.415835],[-0.0056793,51.4158579],[-0.0057917,51.4159187],[-0.0058591,51.415955],[-0.0059273,51.4159918],[-0.0059662,51.4160126],[-0.0059915,51.4160342],[-0.0060026,51.4160273],[-0.0060514,51.4159965],[-0.0060536,51.4159975],[-0.0060613,51.4159936],[-0.006068,51.4159917],[-0.0060999,51.4159849],[-0.006135,51.4159794],[-0.0064571,51.4159795],[-0.0065796,51.4159791],[-0.0065969,51.4158756],[-0.0066275,51.4156888],[-0.006639,51.4156138],[-0.0066587,51.4154941],[-0.0066703,51.4154022],[-0.0066809,51.4153184],[-0.0066843,51.4152784],[-0.0066808,51.4152102],[-0.0066781,51.4151424],[-0.0066738,51.4150515],[-0.0066712,51.414985],[-0.0066656,51.4149491],[-0.0066539,51.4148727],[-0.0066409,51.4147883],[-0.0066261,51.4147085],[-0.0066178,51.414664],[-0.0066392,51.4146604],[-0.00673,51.4146449],[-0.0068338,51.4146273],[-0.0069227,51.4146123],[-0.0070041,51.4145985],[-0.007065,51.4145881],[-0.0071184,51.4145791],[-0.0071953,51.414566],[-0.0072349,51.4145593],[-0.0072676,51.4145538],[-0.0073098,51.4145466],[-0.00735,51.4145398],[-0.007389,51.4145332],[-0.0074254,51.414527],[-0.0074652,51.4145203],[-0.007502,51.4145135],[-0.0075291,51.4145086],[-0.0075644,51.4145021],[-0.0076053,51.4144946],[-0.0076039,51.4144923],[-0.0076432,51.4144855],[-0.0076901,51.4144774],[-0.0076917,51.414477],[-0.0077974,51.4144588],[-0.0077996,51.4144606],[-0.007876,51.4144478],[-0.0079906,51.4144286],[-0.0080727,51.4144147],[-0.00815,51.4144018],[-0.0081595,51.4144005],[-0.0082369,51.41439],[-0.0083017,51.4143812],[-0.0083572,51.4143737],[-0.0084031,51.4143674],[-0.008418,51.4143669],[-0.0084301,51.414364],[-0.0084602,51.4143541],[-0.0085048,51.4143394],[-0.0085551,51.4143228],[-0.0085961,51.4143093],[-0.0086275,51.4142989],[-0.008629,51.4142983],[-0.0086867,51.414273],[-0.0087445,51.4142452],[-0.008863,51.4141876],[-0.0089097,51.4141647],[-0.008979,51.4141272],[-0.0090569,51.4140847],[-0.0091015,51.4140586],[-0.0091233,51.4140376],[-0.0091543,51.4140081],[-0.0091646,51.4139973],[-0.0091834,51.4139733],[-0.00921,51.4139345],[-0.0092497,51.4138769],[-0.009298,51.4138609],[-0.0093053,51.4138585],[-0.0094156,51.4138257],[-0.0094529,51.4138153],[-0.0096857,51.4137723],[-0.0097792,51.4137464],[-0.0101093,51.4136499],[-0.0101089,51.4136405],[-0.0101956,51.4136173],[-0.0103384,51.4135784],[-0.0105359,51.4135575],[-0.010562,51.4135582],[-0.0107728,51.4135548],[-0.0109065,51.4135521],[-0.0111839,51.4135472],[-0.0113209,51.4135459],[-0.0113459,51.4135448],[-0.0113472,51.4135394],[-0.0114302,51.4135388],[-0.0115073,51.4135383],[-0.0115825,51.4135378],[-0.0116609,51.4135373],[-0.0117407,51.4135368],[-0.0117938,51.4135364],[-0.0118218,51.4135362],[-0.011905,51.4135355],[-0.0119234,51.4135353],[-0.0119642,51.4135332],[-0.0119795,51.4135339],[-0.012036,51.4135365],[-0.0120579,51.4135367],[-0.0121303,51.4135373],[-0.0122074,51.413538],[-0.0122297,51.4135382],[-0.0122878,51.4135408],[-0.0123641,51.4135442],[-0.0124411,51.4135476],[-0.0124489,51.413548],[-0.0125327,51.413551],[-0.012639,51.4135547],[-0.0129368,51.4135619],[-0.0132484,51.4135735],[-0.0133742,51.4135783],[-0.0133874,51.4135788],[-0.0134129,51.4135798],[-0.013804,51.4136099],[-0.014192,51.4136438],[-0.0142659,51.4136502],[-0.0142658,51.4136788],[-0.0142659,51.4137176],[-0.0142659,51.4137443],[-0.0142659,51.4137653],[-0.0142659,51.4137726],[-0.014266,51.4138132],[-0.0143064,51.4138183],[-0.0144005,51.4138302],[-0.0143885,51.4138883],[-0.014384,51.4139096],[-0.0144479,51.4139173],[-0.0144785,51.413921],[-0.0145384,51.4139284],[-0.0145643,51.4139315],[-0.0145447,51.4140076],[-0.0144877,51.4142312],[-0.0144469,51.4143907],[-0.0143899,51.4146142],[-0.0143432,51.4147969],[-0.0143097,51.4149272],[-0.014308,51.4149343],[-0.0143072,51.4149379],[-0.0141691,51.4149384],[-0.0141671,51.4150929],[-0.0143009,51.4151612],[-0.0143408,51.4151608],[-0.0143531,51.4150956],[-0.0143541,51.4150897],[-0.0144881,51.4150813],[-0.0146963,51.4150686],[-0.0149079,51.4150555],[-0.0151009,51.4150436],[-0.0152546,51.4150351],[-0.0153811,51.4150285],[-0.0155983,51.4150185],[-0.0158359,51.4150086],[-0.0159991,51.4150026],[-0.0162505,51.4149954],[-0.0164572,51.4149913],[-0.0165488,51.41499],[-0.0166798,51.4149901],[-0.01679,51.4149906],[-0.0168388,51.4149915],[-0.0168587,51.4149915],[-0.016981,51.4149937],[-0.0170786,51.4149973],[-0.0172737,51.4150048],[-0.0174534,51.4150171],[-0.0175728,51.4150243],[-0.0176839,51.4150328],[-0.0178501,51.4150457],[-0.0179676,51.4150554],[-0.0179929,51.4150568],[-0.0179069,51.4154057],[-0.017862,51.4155895],[-0.0178242,51.4157448],[-0.0180018,51.4157621],[-0.0184438,51.4158053],[-0.0187798,51.415838],[-0.0189888,51.4158579],[-0.0192337,51.4158805],[-0.0194291,51.4158986],[-0.0195363,51.4159085],[-0.0196547,51.4159195],[-0.0197038,51.4159241],[-0.0197737,51.4159307],[-0.0198402,51.4159369],[-0.0199085,51.4159433],[-0.0199519,51.4159475],[-0.020086,51.41596],[-0.0201639,51.4159674],[-0.0202105,51.4159716],[-0.020245,51.4159751],[-0.0202449,51.4159732],[-0.0202611,51.4159782],[-0.0203146,51.4159944],[-0.0203811,51.4160148],[-0.0204112,51.416024],[-0.0204389,51.4160323],[-0.0204674,51.4160382],[-0.0204868,51.4160401],[-0.0205112,51.4160339],[-0.0205338,51.4160236],[-0.0205531,51.4160122],[-0.0206089,51.4159789],[-0.0206038,51.4159736],[-0.0206383,51.4159546],[-0.0206601,51.4159499],[-0.0207163,51.4159463],[-0.0207537,51.4159506],[-0.020785,51.4159592],[-0.0210257,51.4160249],[-0.0210569,51.4160636],[-0.0210546,51.4161556],[-0.0210734,51.4161695],[-0.0213189,51.4162727],[-0.0214551,51.41634],[-0.0214934,51.416309],[-0.0215785,51.4163611],[-0.0217231,51.4164505],[-0.0218403,51.4165218],[-0.022005,51.4166226],[-0.0220253,51.4166402],[-0.0220458,51.4166555],[-0.0221999,51.4167422],[-0.0220425,51.4169189],[-0.0219273,51.4170498],[-0.0217237,51.4172793],[-0.0217949,51.4173025],[-0.0219598,51.417356],[-0.0221368,51.4174135],[-0.0221465,51.4174164],[-0.0225845,51.417565],[-0.0223148,51.4176815],[-0.0221604,51.4177655],[-0.0220058,51.4178524],[-0.0219238,51.4178987],[-0.0218389,51.417961],[-0.02175,51.4180268],[-0.0216827,51.4180763],[-0.0216426,51.4181055],[-0.0216101,51.4181357],[-0.0215808,51.4181674],[-0.0215545,51.4181969],[-0.0214861,51.4182719],[-0.0214225,51.4183429],[-0.0214107,51.41837],[-0.0213955,51.4184052],[-0.0213584,51.4184866],[-0.021322,51.4185673],[-0.0213127,51.4185903],[-0.0213016,51.4186146],[-0.0212869,51.41865],[-0.021267,51.4187159],[-0.0212607,51.418751],[-0.0212611,51.4187734],[-0.0212576,51.418804],[-0.0212522,51.4188733],[-0.0212535,51.4189267],[-0.0212542,51.4190481],[-0.0212534,51.4190798],[-0.0212503,51.419163],[-0.0212477,51.4192354],[-0.0212446,51.4192887],[-0.0212396,51.419366],[-0.0212335,51.419379],[-0.0212058,51.4194362],[-0.0211978,51.4194492],[-0.0211739,51.4194911],[-0.0211337,51.4195536],[-0.0210945,51.4196153],[-0.0210517,51.4196788],[-0.0210395,51.4196968],[-0.0210341,51.4197048],[-0.0210313,51.4197085],[-0.0210311,51.4197089],[-0.021007,51.4197402],[-0.0209971,51.4197533],[-0.0209904,51.4197621],[-0.0209502,51.4197982],[-0.0208751,51.4198657],[-0.0208261,51.4199101],[-0.0207852,51.4199468],[-0.0208551,51.4199839],[-0.02093,51.4200244],[-0.0210312,51.4200792],[-0.0211903,51.4201644],[-0.0212222,51.4201817],[-0.0212201,51.4201834],[-0.0213666,51.420262],[-0.0215029,51.4203324],[-0.0216061,51.4203851],[-0.0216753,51.4204429],[-0.0215317,51.4205429],[-0.0210734,51.4208492],[-0.0209549,51.4209277],[-0.0210241,51.4209764],[-0.0211073,51.4210271],[-0.0212108,51.4210903],[-0.0213086,51.4211531],[-0.0213387,51.421173],[-0.0214386,51.421237],[-0.0215435,51.4213072],[-0.0216423,51.4213721],[-0.0217464,51.42144],[-0.0218424,51.4215029],[-0.022015,51.4216139],[-0.0221172,51.4216792],[-0.022201,51.4217326],[-0.0222686,51.4217763],[-0.0223166,51.4217323],[-0.0223927,51.4216634],[-0.0224332,51.4216429],[-0.022526,51.4215974],[-0.0225712,51.4215756],[-0.0226006,51.4215576],[-0.0226152,51.4215739],[-0.0227067,51.4216783],[-0.0227971,51.4217814],[-0.0228627,51.421856],[-0.022944,51.4219489],[-0.0230324,51.422049],[-0.0230887,51.4221387],[-0.0231274,51.4221813],[-0.0231834,51.4222436],[-0.0232164,51.4222748],[-0.0233044,51.4223588],[-0.0233898,51.4224408],[-0.0234569,51.4225053],[-0.023542,51.4225777],[-0.0236179,51.4226407],[-0.0237085,51.4227151],[-0.0237264,51.4227288],[-0.0237945,51.4227708],[-0.0238941,51.422825],[-0.0239113,51.4228364],[-0.0239644,51.4228713],[-0.0240482,51.4229264],[-0.0241558,51.4229942],[-0.0242285,51.4230398],[-0.0242817,51.4230727],[-0.0243347,51.4231],[-0.0243662,51.4231174],[-0.0244099,51.4231386],[-0.0244674,51.4231652],[-0.0245546,51.4231974],[-0.02475,51.423261],[-0.0248734,51.4233008],[-0.0249571,51.4233285],[-0.0250454,51.4233506],[-0.0251572,51.4233788],[-0.0252378,51.4234],[-0.0253837,51.4234394],[-0.0254994,51.4234707],[-0.0255162,51.4234813],[-0.0255337,51.4234914],[-0.025546,51.4235038],[-0.0256124,51.4235675],[-0.025651,51.4236045],[-0.025673,51.4236254],[-0.025684,51.4236278],[-0.025765,51.4236679],[-0.0257827,51.4236678],[-0.0257941,51.4237442],[-0.0257954,51.4237534],[-0.0259895,51.4236122],[-0.0260153,51.4236249],[-0.026447,51.4238196],[-0.0267738,51.4239674],[-0.0269539,51.4240491],[-0.0271401,51.4241299],[-0.0272541,51.4241859],[-0.0273506,51.4242384],[-0.0275546,51.4243504],[-0.0276889,51.4244247],[-0.027788,51.424479],[-0.0278023,51.424478],[-0.0278235,51.424492],[-0.0278006,51.4244998],[-0.0278198,51.4245683],[-0.0278498,51.4246822],[-0.0278808,51.4246874],[-0.0279119,51.4246975],[-0.0279366,51.4247076],[-0.0280177,51.4247428],[-0.028345,51.4248869],[-0.0284136,51.4249162],[-0.0294697,51.4253799],[-0.0296447,51.4254558],[-0.0297933,51.425514],[-0.0301069,51.4256461],[-0.030242,51.4256834],[-0.0302992,51.4256906],[-0.0304251,51.4257071],[-0.0305997,51.4256957],[-0.0310216,51.4256497],[-0.0319975,51.4255367],[-0.0319426,51.4252731],[-0.0318201,51.4247108],[-0.0321007,51.4247045],[-0.0326817,51.4246876],[-0.0328516,51.4246825],[-0.0328997,51.4246827],[-0.0331599,51.4246853],[-0.0332154,51.4246566],[-0.0332421,51.4246583],[-0.0332411,51.4246465],[-0.0332506,51.4246241],[-0.0333752,51.4246353],[-0.0336046,51.4246561],[-0.0335933,51.4247085],[-0.0336624,51.4247157],[-0.034239,51.424755],[-0.0342383,51.424773],[-0.034227,51.425101],[-0.0342617,51.4250971],[-0.0344931,51.4250704],[-0.0348841,51.4250087],[-0.0356107,51.4250047],[-0.035874,51.4250028],[-0.0361572,51.4250048],[-0.0364972,51.4249943],[-0.0374855,51.4249929],[-0.0377576,51.4247169],[-0.0380855,51.4243843],[-0.0383105,51.4241344],[-0.0384762,51.4239582],[-0.0386173,51.4239894],[-0.0389634,51.4240698],[-0.0395373,51.4242044],[-0.0398105,51.4242422],[-0.0399209,51.4242513],[-0.0403157,51.4243019],[-0.040711,51.4243067],[-0.0410689,51.4242462],[-0.0411925,51.4241817],[-0.0413538,51.4240774],[-0.0416665,51.4238614],[-0.0417125,51.4238289],[-0.0416077,51.4236545],[-0.0428367,51.4232371],[-0.0428717,51.4232251],[-0.0429427,51.4233827],[-0.0430152,51.4234037],[-0.0433194,51.4232838],[-0.0435546,51.4231996],[-0.0437791,51.4231629],[-0.0438255,51.4231556],[-0.0436908,51.422906],[-0.0444296,51.4227528],[-0.0462885,51.4223666],[-0.0462659,51.4226288],[-0.0460187,51.4226229],[-0.046017,51.4227631],[-0.0460154,51.4228009],[-0.046891,51.4228128],[-0.0472419,51.4228114],[-0.0472417,51.4228159],[-0.0472312,51.4228598],[-0.0485537,51.4228459],[-0.0487471,51.4228311],[-0.049104,51.4227912],[-0.0493324,51.4227662],[-0.0497458,51.4227467],[-0.049769,51.4227456],[-0.0500079,51.4227109],[-0.050381,51.422665],[-0.0504877,51.4226227],[-0.0507377,51.4225612],[-0.0512536,51.4225392],[-0.0517738,51.4225173],[-0.0517621,51.4226907],[-0.0517647,51.4229695],[-0.0518091,51.4235817],[-0.0518651,51.4235845],[-0.0525312,51.4236171],[-0.0547804,51.4237273],[-0.0547883,51.4237085],[-0.0548915,51.4234827],[-0.0551547,51.4229385],[-0.0557921,51.4230714],[-0.0558078,51.4230744],[-0.0558308,51.4230073],[-0.0558401,51.4229912],[-0.0563107,51.4229855],[-0.056415,51.4229666],[-0.0564308,51.4229669],[-0.0565805,51.4229666],[-0.0567357,51.422971],[-0.0567887,51.4229719],[-0.0570144,51.4230125],[-0.0577479,51.4231164],[-0.0581251,51.423173],[-0.0581219,51.423182],[-0.0580807,51.4232721],[-0.0581302,51.4232909],[-0.0581939,51.4233149],[-0.0584304,51.4234038],[-0.0589269,51.423577],[-0.0592751,51.4236984],[-0.059604,51.4238135],[-0.0598749,51.4239043],[-0.0599855,51.4239421],[-0.0611102,51.4243537],[-0.0614871,51.4244877],[-0.0614863,51.4245109],[-0.0614655,51.4245596],[-0.0615342,51.4246453],[-0.0614398,51.4247737],[-0.0616788,51.424844],[-0.0620114,51.4249792],[-0.0621661,51.4250646],[-0.0623274,51.4251284],[-0.0626035,51.4251977],[-0.0626189,51.4251736],[-0.0628133,51.4252038],[-0.0629216,51.4252281],[-0.0634624,51.4252631],[-0.0634607,51.4253017],[-0.0634895,51.4253022],[-0.0644292,51.4253276],[-0.0645321,51.4250713],[-0.0646043,51.4250626],[-0.0646627,51.4250789],[-0.0648702,51.4251353],[-0.0648746,51.4252019],[-0.0648766,51.4252217],[-0.0650584,51.4252454],[-0.0650769,51.4252484],[-0.0652878,51.4252609],[-0.0655356,51.4252848],[-0.0658417,51.4253285],[-0.0660626,51.4250705],[-0.0667429,51.4253433],[-0.0669319,51.4253978],[-0.0674694,51.4256134],[-0.0679674,51.4258123],[-0.068007,51.4258282],[-0.0679347,51.4259062],[-0.0679151,51.4259265],[-0.0682441,51.4259706],[-0.0686631,51.4259955],[-0.0686904,51.4259968],[-0.0687874,51.4259121],[-0.0688425,51.4258357],[-0.0688818,51.4256169],[-0.0692291,51.4257413],[-0.0696067,51.4258942],[-0.0702745,51.4260913],[-0.070317,51.4261037],[-0.0703441,51.4261123],[-0.0703597,51.426117],[-0.0704009,51.4261303],[-0.0704435,51.4261436],[-0.0704847,51.4261568],[-0.0705271,51.4261701],[-0.0705713,51.4261816],[-0.070614,51.4261922],[-0.0706596,51.426202],[-0.0706654,51.426203],[-0.0707353,51.4262149],[-0.0708055,51.4262242],[-0.070877,51.4262325],[-0.0709486,51.4262391],[-0.070983,51.4262424],[-0.0710547,51.426248],[-0.0711264,51.4262528],[-0.0711983,51.4262558],[-0.0713461,51.4262636],[-0.0715508,51.4262859],[-0.071927,51.4263019],[-0.072219,51.4263031],[-0.0723805,51.4262932],[-0.0727888,51.4262658],[-0.073072,51.4262354],[-0.0733953,51.4262092],[-0.0735183,51.4262086],[-0.0736518,51.4262008],[-0.0738127,51.4261693],[-0.073859,51.4261638],[-0.0739067,51.4261574],[-0.0739356,51.4261534],[-0.0739544,51.4261501],[-0.0740023,51.4261428],[-0.0740486,51.4261345],[-0.074095,51.4261263],[-0.0741414,51.4261162],[-0.0741879,51.4261044],[-0.074239,51.42609],[-0.0742899,51.4260746],[-0.074341,51.4260575],[-0.0743892,51.4260403],[-0.0744374,51.4260213],[-0.0744857,51.4260014],[-0.0745325,51.4259815],[-0.0745545,51.425972],[-0.0745825,51.425959],[-0.0746117,51.425946],[-0.0746397,51.4259329],[-0.0746675,51.4259199],[-0.0746941,51.425906],[-0.0747219,51.425892],[-0.074747,51.4258772],[-0.0747736,51.4258623],[-0.0747972,51.4258474],[-0.0748209,51.4258315],[-0.0748446,51.4258148],[-0.0748669,51.4257981],[-0.0748862,51.4257805],[-0.0748937,51.4257743],[-0.0749133,51.4257557],[-0.0749327,51.4257372],[-0.0749493,51.4257186],[-0.0749659,51.4256991],[-0.0749811,51.4256795],[-0.0749964,51.42566],[-0.0750088,51.4256395],[-0.0750211,51.4256191],[-0.0750335,51.4255986],[-0.075043,51.4255781],[-0.0751051,51.4254881],[-0.075455,51.4249805],[-0.0754565,51.4249796],[-0.0756648,51.4246782],[-0.0765988,51.4231953],[-0.0776032,51.4217109],[-0.077899,51.421241],[-0.0780423,51.4210122],[-0.0782388,51.4207187],[-0.0783137,51.4206052],[-0.0783154,51.420603],[-0.0783179,51.4205974],[-0.0783307,51.4205697],[-0.0783408,51.4205478],[-0.0783769,51.4204716],[-0.078393,51.4204355],[-0.0784148,51.4203887],[-0.0784254,51.4203596],[-0.0784348,51.420328],[-0.0784523,51.4202681],[-0.0784559,51.4202532],[-0.0784669,51.4202097],[-0.0784733,51.4201805],[-0.0784785,51.4201588],[-0.0784879,51.4201228],[-0.0784966,51.420094],[-0.0785044,51.4200679],[-0.0785173,51.4200269],[-0.0785301,51.4200197],[-0.0785359,51.4200165],[-0.0785472,51.4200075],[-0.0785565,51.4199942],[-0.0785593,51.4199905],[-0.0785686,51.4199682],[-0.0785751,51.4199539],[-0.0785823,51.4199383],[-0.0785896,51.4199056],[-0.0785887,51.4198875],[-0.0785863,51.4198817],[-0.0785834,51.4198747],[-0.0784553,51.4198854],[-0.0784635,51.4198211],[-0.0784731,51.4197635],[-0.0784812,51.4197432],[-0.0784909,51.4197283],[-0.0785048,51.4197157],[-0.0788922,51.4194364],[-0.0793801,51.4190661],[-0.0795091,51.4189426],[-0.0795862,51.4188598],[-0.0797167,51.4186918],[-0.07979,51.4185946],[-0.0799129,51.4184422],[-0.0799605,51.4183849],[-0.0800222,51.4183092],[-0.080202,51.4180973],[-0.0802693,51.4180172],[-0.0804386,51.4178578],[-0.0806115,51.4177295],[-0.0807599,51.4176211],[-0.0808413,51.4175612],[-0.0809062,51.4175153],[-0.0809311,51.4174914],[-0.0809568,51.4174626],[-0.0810796,51.417287]]]}},{"type":"Feature","properties":{"kind":"routes","class":"major","routeCount":84},"geometry":{"type":"MultiLineString","coordinates":[[[-0.056326974243487926,51.422982550976016],[-0.0565609,51.4225431],[-0.0570144,51.4217725],[-0.0574633,51.4210989],[-0.0578869,51.4205033],[-0.0579673,51.4203989],[-0.0584349,51.4197932],[-0.0587264,51.4194292],[-0.059048,51.4190636],[-0.0591231,51.4189841],[-0.0595651,51.4185255],[-0.0599393,51.418177]],[[-0.0599393,51.418177],[-0.0600668,51.4180541]],[[-0.0600668,51.4180541],[-0.0603102,51.4177973],[-0.0607996,51.4173125],[-0.0612446,51.4168615],[-0.0615618,51.4165417],[-0.0616698,51.4164298],[-0.0618588,51.4162391],[-0.0621769,51.4159222],[-0.0622823,51.4158212],[-0.0624634,51.4156371],[-0.0626717,51.4154228],[-0.0629275,51.4151799],[-0.0630661,51.4150348],[-0.063307,51.4147924],[-0.063632,51.414467],[-0.0640593,51.4140335],[-0.0642981,51.4137965],[-0.0647081,51.4133835],[-0.0648606,51.4132295],[-0.0650361,51.4130502],[-0.0655042,51.4125573],[-0.0657801,51.4122627],[-0.0658796,51.4121578],[-0.0661339,51.4118595],[-0.0662567,51.4117007],[-0.066499,51.4113772],[-0.0667555,51.4110006],[-0.0670042,51.4105916],[-0.0671761,51.4103092],[-0.0672965,51.4101093],[-0.067557,51.409605],[-0.0678404,51.4091052],[-0.0680977,51.4086674],[-0.0682055,51.4084775],[-0.0685352,51.4078991],[-0.0687833,51.4074697],[-0.0689162,51.4072374],[-0.0692694,51.4066167],[-0.0696092,51.4060165],[-0.06980659032681186,51.40565578390837]],[[-0.0268551,51.4108552],[-0.0268628,51.4108436],[-0.0261412,51.4106645],[-0.0261305,51.4106798],[-0.026121,51.4106935],[-0.026762,51.4108436],[-0.0268551,51.4108552]],[[-0.0272087,51.4109183],[-0.0267568,51.4108555],[-0.0264062,51.410775]],[[-0.0272087,51.4109183],[-0.0278255,51.4110822],[-0.0280147,51.4111306],[-0.028249,51.4111659],[-0.0287505,51.4112211],[-0.0292266,51.4112803],[-0.0297225,51.4113305],[-0.030347,51.4113839],[-0.0309749,51.4114131],[-0.0318404,51.4114354],[-0.0326738,51.4114397],[-0.0332279,51.4114262],[-0.0338289,51.4113977]],[[-0.0338289,51.4113977],[-0.0341645,51.4113788]],[[-0.0341645,51.4113788],[-0.0350251,51.4113205],[-0.0353636,51.4112897]],[[-0.0353636,51.4112897],[-0.0357698,51.4112579]],[[-0.0357698,51.4112579],[-0.0369942,51.4111051],[-0.037569,51.4110253],[-0.0381439,51.4109255],[-0.039087,51.4107489],[-0.0398565,51.4105815],[-0.0403096,51.4104747],[-0.0407268,51.4103615],[-0.0409806,51.4102989]],[[-0.0409806,51.4102989],[-0.0412551,51.4102044],[-0.0414201,51.4101445],[-0.0420972,51.4099472],[-0.0423989,51.4098604],[-0.0427281,51.4097824]],[[-0.0427281,51.4097824],[-0.0431569,51.4096366],[-0.043575,51.4094889]],[[-0.043575,51.4094889],[-0.0440399,51.4093193]],[[-0.0489996,51.407045],[-0.048489,51.4072889],[-0.047512,51.4077545],[-0.0463669,51.4083014],[-0.0454827,51.4087197],[-0.0450557,51.4089074],[-0.0445546,51.4091139],[-0.0440399,51.4093193]],[[-0.0489996,51.407045],[-0.049183,51.406927],[-0.0493582,51.406831],[-0.0494158,51.406803],[-0.0498755,51.4065809],[-0.0499866,51.4065261],[-0.0502546,51.4063757],[-0.0504225,51.4063035],[-0.0506186,51.4062255]],[[-0.0552317,51.4039951],[-0.0532748,51.4049357],[-0.0522881,51.4054257],[-0.0512969,51.4058901],[-0.0506186,51.4062255]],[[-0.0552317,51.4039951],[-0.0555314,51.4038496]],[[-0.0555314,51.4038496],[-0.0561355,51.4035603],[-0.0566027,51.403331],[-0.057077,51.4031038],[-0.0575746,51.4028609],[-0.0585239,51.402419],[-0.0589962,51.4022437],[-0.0594962,51.4020986],[-0.0599927,51.4019872],[-0.0604296,51.4019051],[-0.0609833,51.4018083]],[[-0.0609833,51.4018083],[-0.0613476,51.4017341],[-0.0615843,51.4016869],[-0.0618707,51.4016258],[-0.0620503,51.4015838],[-0.0621734,51.4015421],[-0.062192513579918854,51.40153361372623]],[[-0.060202791778226974,51.39953457265451],[-0.0601317,51.3994875],[-0.0600046,51.3993949],[-0.0598897,51.3993002],[-0.0598141458504216,51.39922933805997]],[[-0.0601504,51.4178905],[-0.0603272,51.4177116],[-0.0606038,51.4174383],[-0.0607523,51.4172894],[-0.0608151,51.4172264],[-0.0608628,51.4171745],[-0.0610354,51.4170001],[-0.0611869,51.4168477],[-0.0613418,51.4166947],[-0.0613045,51.4166832],[-0.0611411,51.4168413],[-0.0608916,51.4170713],[-0.0608299,51.4171408],[-0.0607894,51.4171839],[-0.0605673,51.4173845],[-0.0605176,51.4174378],[-0.0604058,51.4175482],[-0.0602643,51.4176955],[-0.0600767,51.4178757],[-0.0601067,51.4178818],[-0.0600524,51.4179294],[-0.0600648,51.4179365],[-0.0601024,51.4179436],[-0.0601504,51.4178905]],[[-0.0660869,51.4116712],[-0.0657892,51.412033],[-0.0657833,51.4120385],[-0.0657717,51.4120493],[-0.0657608,51.4120594],[-0.065748,51.4120714],[-0.0657392,51.412082],[-0.0658118,51.4121068],[-0.0658006,51.4121195],[-0.06575,51.412177],[-0.0657346,51.4121945],[-0.0657248,51.4122057],[-0.065656,51.4121822],[-0.0655168,51.4123788],[-0.0655121,51.4123866],[-0.0654663,51.4124623],[-0.0651661,51.4127743],[-0.0649626,51.412974],[-0.0649939,51.4129852],[-0.0650108,51.4129918],[-0.0650692,51.4129271],[-0.0652279,51.4127634],[-0.065396,51.4125913],[-0.0655665,51.4124128],[-0.0656716,51.4122951],[-0.0657695,51.4121863],[-0.0659723,51.4119601],[-0.0661371,51.4117566],[-0.0661808,51.4116996],[-0.0661087,51.411677],[-0.0660869,51.4116712]],[[-0.05627190495202448,51.422985969893276],[-0.0565186,51.4225263],[-0.0569608,51.4217605],[-0.0574221,51.421087],[-0.0579098,51.420402],[-0.0581211,51.4201298],[-0.0584071,51.4197617],[-0.058723,51.4193659],[-0.0588473,51.4192214],[-0.0591937,51.4188513],[-0.0595456,51.4184923],[-0.0599068,51.418164]],[[-0.0600264,51.418042],[-0.0599068,51.418164]],[[-0.06978092127580891,51.40561261551411],[-0.0695915,51.4059817],[-0.0693043,51.4064976],[-0.0689737,51.4070375],[-0.0685933,51.407732],[-0.0685214,51.407853],[-0.0681618,51.4084603],[-0.0677905,51.4091079],[-0.0671317,51.410302],[-0.0668225,51.4108149],[-0.0667053,51.4109957],[-0.0664579,51.411355],[-0.0662137,51.4116797],[-0.0660929,51.4118433],[-0.0660056,51.4119487],[-0.0657407,51.4122431],[-0.0654623,51.4125456],[-0.064986,51.4130389],[-0.0646685,51.4133589],[-0.0642952,51.4137363],[-0.0640153,51.4140151],[-0.0635648,51.4144731],[-0.0632688,51.4147725],[-0.0628855,51.4151607],[-0.0626392,51.4154084],[-0.0624271,51.4156243],[-0.0621441,51.4159124],[-0.0618356,51.4162239],[-0.0616364,51.416419],[-0.0615256,51.4165367],[-0.0612095,51.4168518],[-0.0607713,51.4172929],[-0.0602768,51.4177884],[-0.0600264,51.418042]],[[-0.05589088624239506,51.422990584867016],[-0.0559466,51.422865],[-0.0561558,51.4224405],[-0.0565829,51.4216174],[-0.0567522,51.4213451],[-0.0569251,51.4211146]],[[-0.0569251,51.4211146],[-0.0571752,51.4208455]],[[-0.0571752,51.4208455],[-0.0573655,51.4206522],[-0.0576077,51.4204506],[-0.057851,51.4202821],[-0.0581004,51.4201184]],[[-0.0581004,51.4201184],[-0.058731,51.4197282]],[[-0.058731,51.4197282],[-0.0600452,51.4189183],[-0.060625,51.4185731]],[[-0.060625,51.4185731],[-0.0610559,51.4183069]],[[-0.0610559,51.4183069],[-0.0611495,51.4182458],[-0.0615091,51.4180199],[-0.0619344,51.4177816],[-0.0624277,51.4175477],[-0.0628384,51.4173809],[-0.0631914,51.4172574],[-0.0635215,51.4171554],[-0.0640217,51.4170205],[-0.0643726,51.4169436],[-0.0646403,51.4168945],[-0.0649554,51.4168398],[-0.0651947,51.416808],[-0.065546,51.4167688],[-0.0659681,51.416734],[-0.066398,51.4167159]],[[-0.066398,51.4167159],[-0.0666133,51.4167171],[-0.0668196,51.4167179]],[[-0.0668196,51.4167179],[-0.0671017,51.4167237],[-0.067427,51.4167287],[-0.0677887,51.4167536],[-0.067953,51.4167667]],[[-0.067953,51.4167667],[-0.0682875,51.4168043],[-0.068553,51.4168376]],[[-0.068553,51.4168376],[-0.0688506,51.4168916],[-0.0691309,51.4169553],[-0.0694167,51.4170258]],[[-0.0694167,51.4170258],[-0.0695562,51.4170582],[-0.0698619,51.4171318],[-0.0701817,51.4172176],[-0.070434,51.4172943],[-0.0706809,51.4173789],[-0.0719441,51.4178511]],[[-0.06983775187861298,51.40570818920196],[-0.0694848,51.4063501],[-0.0691284,51.4069747],[-0.0685788,51.4079249],[-0.0684663,51.4081207],[-0.0679724,51.4090111],[-0.0676329,51.4096077],[-0.0674296,51.4099544],[-0.0673016,51.4101835],[-0.0672441,51.4102827],[-0.0671196,51.4104992],[-0.0667311,51.4111239],[-0.0664498,51.4115234],[-0.0661939,51.4118494],[-0.0658482,51.4122519],[-0.0655546,51.4125702],[-0.0651122,51.4130284],[-0.0645502,51.413594],[-0.0644136,51.4137361],[-0.0636754,51.4144767],[-0.0633386,51.4148177],[-0.062977,51.4151842],[-0.0627325,51.415424],[-0.0625798,51.4155795],[-0.0625083,51.4156448],[-0.0622131,51.4159358],[-0.0619069,51.4162419],[-0.0615908,51.4165531],[-0.0612828,51.4168696],[-0.0608241,51.4173235],[-0.0603405,51.4178115],[-0.0601025,51.4180654]],[[-0.0601025,51.4180654],[-0.0599754,51.4181855]],[[-0.0599754,51.4181855],[-0.0595631,51.4185874],[-0.0593932,51.4187533],[-0.0589442,51.4192208],[-0.0586123,51.4196088],[-0.058419,51.4198498],[-0.0580243,51.4204209],[-0.0575102,51.4211152],[-0.0570626,51.4217803],[-0.0566258,51.4225446],[-0.05641853955461507,51.42296666720674]],[[0.1074764,51.3947226],[0.1063327,51.3946913],[0.1054192,51.3946615],[0.1039906,51.3946161],[0.1039906,51.394591],[0.1050421,51.3946069],[0.1061259,51.3946352],[0.1074777,51.3946896],[0.1074764,51.3947226]],[[0.0425415,51.3999093],[0.0430154,51.399917],[0.0435087,51.3999287],[0.0443385,51.3999774],[0.044995,51.4000198],[0.0451412,51.4000293]],[[0.0175001,51.3999934],[0.0182131,51.3999477],[0.0192113,51.3999185],[0.0212269,51.3998859],[0.0212243,51.3999042],[0.0191588,51.3999546],[0.0182241,51.3999821],[0.0176416,51.400011],[0.0175013,51.4000171],[0.0175001,51.3999934]],[[0.0018668,51.4060887],[0.0017837,51.4060477],[0.0020492,51.4058436],[0.0027828,51.4052747],[0.0034426,51.404787],[0.0034949,51.4048154],[0.0018668,51.4060887]],[[-0.007699,51.4143023],[-0.0076457,51.4141961],[-0.00751,51.4139257],[-0.0072471,51.4134742],[-0.0068888,51.4129226]],[[0.1476959171161244,51.392572193720824],[0.1466236,51.3926246],[0.1445766,51.3927306],[0.1425211,51.392824],[0.1404943,51.3929231],[0.139209,51.3929838]],[[0.139209,51.3929838],[0.1389901,51.3929889]],[[0.1389901,51.3929889],[0.1367166,51.3930915],[0.1345076,51.3931979],[0.1331116,51.3932638],[0.1291269,51.3934563],[0.1264754,51.393601],[0.1246356,51.3937445]],[[0.1246356,51.3937445],[0.1226769,51.3938838],[0.1200637,51.3940625],[0.1177494,51.3942154],[0.116448,51.3943047],[0.1153573,51.3943808],[0.1149429,51.3944166]],[[0.1149429,51.3944166],[0.1137634,51.394504]],[[0.1137634,51.394504],[0.1134464,51.394523],[0.1127539,51.3945613],[0.1119871,51.3946292]],[[0.1119871,51.3946292],[0.1117029,51.3946439]],[[0.1117029,51.3946439],[0.1109192,51.3946767],[0.1102573,51.3946987],[0.1089951,51.3947197],[0.1083053,51.3947124],[0.1074844,51.3946741],[0.1059918,51.3946192],[0.1050584,51.3945977],[0.1046328,51.3945941],[0.1038171,51.3945741],[0.1030583,51.3945714],[0.1022012,51.3945686],[0.100346,51.3946126],[0.0950506,51.3949459],[0.0944591,51.3949588],[0.0938688,51.3949588],[0.0927449,51.3949395],[0.091606,51.3948956],[0.0905081,51.3948425]],[[0.0905081,51.3948425],[0.0893919,51.3947876],[0.0880806,51.3947316],[0.0873908,51.3947124],[0.0867814,51.3947033],[0.0857954,51.3946987],[0.0847577,51.3947243],[0.0842019,51.3947508],[0.0835806,51.3947893],[0.0829848,51.3948324],[0.0822421,51.3949029],[0.0815697,51.3949789],[0.0806864,51.3951019],[0.079797,51.3952444],[0.0789583,51.3954018]],[[0.0789583,51.3954018],[0.0787779,51.3954383]],[[0.0787779,51.3954383],[0.077996,51.3956082],[0.0772104,51.3958067],[0.0768817,51.3958897],[0.0764423,51.3960116],[0.0755402,51.3962701],[0.0748502,51.3964963],[0.0742421,51.3967037],[0.073609,51.3969362],[0.0732598,51.3970738],[0.072498,51.3973865],[0.0719262,51.3976324],[0.0713119,51.3978878],[0.0705467,51.3982078],[0.0698367,51.3985028],[0.0693973,51.3986779],[0.0689897,51.3988436],[0.068572,51.3989916],[0.0681126,51.3991532],[0.0676498,51.3993022],[0.067152,51.3994617],[0.0666425,51.3996107],[0.0660644,51.3997598],[0.0655315,51.3998901],[0.0649902,51.4000099],[0.0645325,51.4001069],[0.0639034,51.4002274]],[[0.0639034,51.4002274],[0.063822,51.4002418]],[[0.063822,51.4002418],[0.0630495,51.4003642],[0.0625277,51.4004393],[0.0618428,51.4005217],[0.0612915,51.4005801],[0.0607017,51.4006322],[0.0603191,51.4006624],[0.0600132,51.4006799],[0.0594012,51.4007075]],[[0.0594012,51.4007075],[0.0592819,51.4007097]],[[0.0592819,51.4007097],[0.0588862,51.4007193]],[[0.0588862,51.4007193],[0.0585683,51.4007249],[0.0583038,51.4007296],[0.0575097,51.4007187],[0.0562152,51.4006662],[0.0552702,51.4006095],[0.0546027,51.4005763],[0.0539932,51.400541],[0.0532017,51.4004967],[0.0524244,51.400454],[0.0509558,51.4003695],[0.0501608,51.400329],[0.0493917,51.400284],[0.0488861,51.4002604],[0.0484845,51.4002383],[0.0477332,51.4001963],[0.0471413,51.4001639],[0.0465294,51.400127],[0.045824,51.4000809],[0.0451662,51.4000237],[0.044544,51.3999693],[0.043915,51.3999261],[0.0431679,51.3998989],[0.04295,51.3998942],[0.0424579,51.3998837],[0.0402581,51.3997971],[0.0390343,51.399731],[0.0379813,51.3996779],[0.0367708,51.3996324]],[[0.0367708,51.3996324],[0.0366214,51.399627]],[[0.0366214,51.399627],[0.0355844,51.3995972],[0.0343898,51.3995789],[0.0332461,51.3995736],[0.0326678,51.3995807]],[[0.0326678,51.3995807],[0.0324371,51.3995818]],[[0.0324371,51.3995818],[0.0314282,51.3995925],[0.0306444,51.3996178],[0.0295225,51.3996532],[0.0284676,51.3996874],[0.0274618,51.3997162],[0.0265732,51.3997451],[0.0258441,51.3997645],[0.0249554,51.3997928],[0.024318,51.3998123],[0.0233188,51.39984],[0.022337,51.3998642],[0.02147,51.3998721],[0.0205436,51.3998794],[0.0192062,51.3998988],[0.0182086,51.3999296],[0.0177481,51.3999626],[0.0175144,51.3999794]],[[0.0175144,51.3999794],[0.0165636,51.40005]],[[0.0165636,51.40005],[0.0155789,51.4000829],[0.0147922,51.4001112],[0.0142372,51.4001455],[0.0137805,51.4001879],[0.0133651,51.4002346],[0.0129685,51.4002838],[0.0125731,51.4003404],[0.0121164,51.4004212],[0.0117304,51.4004904],[0.0112723,51.4005912],[0.0106793,51.4007387],[0.0102159,51.400867],[0.0097204,51.4010195],[0.0093398,51.4011486],[0.0088884,51.4013203],[0.0084837,51.4014878],[0.0080897,51.4016594],[0.0077117,51.4018335],[0.0073712,51.402006],[0.0070773,51.4021685],[0.0066566,51.4024093],[0.0063508,51.4026042],[0.0060369,51.4028209],[0.0057939,51.403],[0.0055788,51.4031608],[0.0051728,51.4034749],[0.0048082,51.4037673],[0.0044223,51.4040748],[0.004087,51.404313],[0.0037839,51.4045338],[0.0034727,51.4047454],[0.0031775,51.4049587],[0.0027488,51.4052745],[0.0023815,51.4055619],[0.0020218,51.405841],[0.0018887,51.4059443],[0.0016464,51.4061278]],[[0.0016464,51.4061278],[0.0013563,51.4063436]],[[0.0013563,51.4063436],[0.001076,51.4065219],[0.0007121,51.4067308]],[[0.0007121,51.4067308],[0.000363,51.4069399],[0.000021100000000000025,51.4071274],[-0.0002674,51.4072632],[-0.0006827,51.4074414],[-0.0010233,51.4075872],[-0.0015749,51.4077897],[-0.002025,51.4079638],[-0.0023388,51.4080963],[-0.0025779,51.4082004],[-0.0028396,51.4083353],[-0.0030694,51.4084436]],[[-0.0030694,51.4084436],[-0.0036746,51.4088062]],[[-0.0036746,51.4088062],[-0.0039428,51.4089976],[-0.0042059,51.4091967],[-0.0044156,51.4093758],[-0.0046627,51.4095999],[-0.0048456,51.409799],[-0.0049632,51.4099273],[-0.0051862,51.4101881],[-0.0053692,51.4104663],[-0.0055668,51.4107637],[-0.0057672,51.4110769],[-0.0059181,51.4113301],[-0.0060637,51.4115742],[-0.0063007,51.411997],[-0.0066377,51.4126]],[[-0.0066377,51.4126],[-0.0068769,51.4129922],[-0.007055,51.4132697],[-0.0072114,51.4135263],[-0.007341,51.4137491],[-0.007479,51.4139759],[-0.0075852,51.4141783],[-0.0076382,51.4142846]],[[-0.0076382,51.4142846],[-0.0076505,51.4143092],[-0.0077025,51.4144234]],[[-0.0077025,51.4144234],[-0.007724405644466984,51.41447136856453]],[[-0.0067214,51.4129656],[-0.0070808,51.4135478],[-0.0073812,51.4140731],[-0.0075207,51.4143407]],[[0.0212243,51.3999042],[0.0191588,51.3999546],[0.0182241,51.3999821],[0.0176416,51.400011],[0.0175013,51.4000171],[0.0175013,51.4000402],[0.0212256,51.3999225],[0.0212243,51.3999042]],[[0.0425422,51.3999267],[0.0449901,51.4000579],[0.0451212,51.400065]],[[0.1074764,51.3947226],[0.1074748,51.394755],[0.1061929,51.3947231],[0.1039815,51.3946403],[0.1039906,51.3946161],[0.1063327,51.3946913],[0.1074764,51.3947226]],[[-0.007676009622201571,51.41447983351941],[-0.0076556,51.4144329]],[[-0.0076556,51.4144329],[-0.0076051,51.414316],[-0.007595,51.4142969]],[[-0.007595,51.4142969],[-0.0073954,51.4139201],[-0.0071579,51.4135331],[-0.0069993,51.4132775],[-0.0068585,51.4130506],[-0.0066808,51.4127561],[-0.0064343,51.412363]],[[-0.0064343,51.412363],[-0.0060476,51.4116608]],[[-0.0060476,51.4116608],[-0.0057093,51.4111191]],[[-0.0057093,51.4111191],[-0.0055228,51.4108095],[-0.0053892,51.4105838],[-0.0052249,51.410343],[-0.0050647,51.4101223],[-0.0048283,51.4098407],[-0.004652,51.4096599],[-0.0043862,51.40941],[-0.0041552,51.4092092],[-0.0038907,51.4090168],[-0.003582,51.408809]],[[-0.003582,51.408809],[-0.0029886,51.4084466]],[[-0.0029886,51.4084466],[-0.0026528,51.4082753],[-0.0023055,51.4081211],[-0.0018489,51.4079304],[-0.0013747,51.4077538],[-0.0009246,51.4075888],[-0.0004272,51.4073903],[0.00013049999999999997,51.4071414],[0.0006567,51.4068873],[0.001214,51.4065743]],[[0.001214,51.4065743],[0.0015815,51.4063184]],[[0.0015815,51.4063184],[0.0018096,51.4061531]],[[0.0018096,51.4061531],[0.0021579,51.4058899],[0.0030333,51.4052029],[0.0032733,51.4050128],[0.0033479,51.4049537],[0.0038634,51.4045554],[0.0045766,51.4039939],[0.0053058,51.4034215],[0.0056931,51.4031174],[0.0060332,51.4028669],[0.0063328,51.4026658],[0.0066654,51.40245],[0.0069806,51.4022584],[0.0072869,51.402092],[0.007615,51.4019243],[0.008069,51.401701],[0.0085348,51.4015007],[0.0090119,51.4013077],[0.0094927,51.4011311],[0.010208,51.4009023],[0.01064,51.4007795],[0.0111248,51.4006653],[0.0116245,51.4005456],[0.0121625,51.4004387],[0.0126593,51.4003612],[0.013007,51.400314],[0.0133365,51.4002687],[0.0137051,51.4002254],[0.0141792,51.4001829],[0.0147218,51.4001542],[0.0162829,51.4000978],[0.0165689,51.4000875]],[[0.0165689,51.4000875],[0.0175073,51.4000571]],[[0.0175073,51.4000571],[0.0195588,51.3999927],[0.0205947,51.3999598],[0.0223694,51.3999034],[0.0235582,51.3998626],[0.0247604,51.3998344],[0.0265112,51.3997778],[0.0305856,51.3996503],[0.031354,51.3996252],[0.0322389,51.3996175],[0.0324961,51.3996166]],[[0.0324961,51.3996166],[0.0327349,51.399613]],[[0.0327349,51.399613],[0.0340417,51.3996111],[0.0348917,51.3996187],[0.0357935,51.3996358],[0.0366054,51.3996581]],[[0.0366054,51.3996581],[0.036756,51.3996646]],[[0.036756,51.3996646],[0.0375475,51.39969],[0.0388817,51.3997566],[0.040251,51.3998251],[0.0414029,51.3998905],[0.0420527,51.3999266],[0.0428081,51.399964],[0.0438754,51.4000275],[0.0448541,51.4000719],[0.0449265,51.4000752]],[[0.0449265,51.4000752],[0.0458104,51.4001359],[0.0466275,51.4001799],[0.0475869,51.400232],[0.048426,51.4002775],[0.0509467,51.4004145],[0.0531274,51.4005383],[0.0552776,51.4006599]],[[0.0552776,51.4006599],[0.0562072,51.4007088]],[[0.0562072,51.4007088],[0.0567103,51.4007349],[0.0571705,51.4007521],[0.057954,51.4007703],[0.0586891,51.4007662],[0.0589252,51.4007587]],[[0.0589252,51.4007587],[0.05931,51.400749]],[[0.05931,51.400749],[0.0600368,51.4007187],[0.0604912,51.4006916],[0.0611144,51.4006457],[0.0615638,51.4005946],[0.0621618,51.4005321],[0.0622713,51.400518],[0.0630066,51.4004082],[0.0638354,51.4002793]],[[0.0638354,51.4002793],[0.0639186,51.4002646]],[[0.0639186,51.4002646],[0.0648683,51.4000829],[0.065336,51.3999755],[0.0658773,51.3998515],[0.0664219,51.3997098],[0.0669465,51.3995649],[0.0673608,51.3994461],[0.0678353,51.3992939],[0.0683331,51.3991219],[0.0689429,51.398903],[0.0695811,51.3986571],[0.0701775,51.3984069],[0.0709961,51.3980661],[0.0714455,51.3978753],[0.072356,51.3974876],[0.0726196,51.3973806],[0.0732214,51.3971363],[0.073908,51.3968643],[0.0743691,51.3966944],[0.0748803,51.3965182],[0.075465,51.3963316],[0.0760932,51.3961398],[0.0766629,51.3959876],[0.0771256,51.3958646],[0.0778139,51.3956895],[0.0784471,51.3955384],[0.0787973,51.3954649]],[[0.0787973,51.3954649],[0.0789871,51.3954319]],[[0.0789871,51.3954319],[0.0798187,51.3952757],[0.0801105,51.3952241],[0.0805949,51.395149],[0.0810293,51.3950794],[0.0815811,51.3950126],[0.0820126,51.3949576],[0.0824177,51.3949192],[0.0829622,51.3948688],[0.0833394,51.3948367],[0.0838164,51.3948065],[0.0842538,51.3947836],[0.0846501,51.3947607],[0.08513,51.3947497],[0.0858154,51.3947342],[0.0863423,51.3947333],[0.0871525,51.3947424],[0.0878467,51.394758],[0.0884719,51.3947827],[0.0892366,51.3948257],[0.0900292,51.3948523],[0.0906236,51.3948825],[0.0913838,51.3949192],[0.092081,51.3949494],[0.0927062,51.3949741],[0.0933887,51.394986],[0.0939582,51.3949915],[0.0944425,51.3949915],[0.0950354,51.3949814],[0.0956328,51.3949604],[0.096327,51.3949274],[0.0968906,51.3948898],[0.097529,51.394845],[0.0980574,51.3947946],[0.0985726,51.3947561],[0.0991259,51.3947195],[0.0997174,51.3946847],[0.1002619,51.3946591],[0.1009942,51.3946353],[0.1016195,51.3946169],[0.1022667,51.3946206],[0.1030167,51.3946398],[0.1038195,51.3946536],[0.1048572,51.394693],[0.105842,51.3947241],[0.1067168,51.3947607],[0.1071958,51.3947737],[0.1074256,51.39478],[0.1078997,51.3947854],[0.1084809,51.3947818],[0.1092015,51.3947754],[0.109997,51.3947479],[0.1108527,51.3947186],[0.1117039,51.3946782]],[[0.1117039,51.3946782],[0.1119944,51.3946597]],[[0.1119944,51.3946597],[0.1130161,51.3945803],[0.1137132,51.3945428],[0.1137772,51.3945391]],[[0.1137772,51.3945391],[0.1149542,51.3944536]],[[0.1149542,51.3944536],[0.1153306,51.3944118],[0.116107,51.394356],[0.1168937,51.3943028],[0.117833,51.3942378],[0.1186931,51.394182],[0.1202782,51.3940785],[0.1217195,51.3939814],[0.1229714,51.3938862],[0.1241764,51.3938056],[0.125167,51.3937351],[0.1263001,51.3936581],[0.1274376,51.3935803],[0.1284224,51.3935253],[0.1296464,51.3934667],[0.1306518,51.3934209],[0.131754,51.3933669],[0.133006,51.3933083],[0.1341977,51.393246],[0.1351532,51.3932057],[0.1359296,51.3931654],[0.1367427,51.3931242],[0.1374692,51.3930922],[0.1381458,51.3930638],[0.1390019,51.3930248]],[[0.1390019,51.3930248],[0.1392182,51.3930178]],[[0.1392182,51.3930178],[0.1402828,51.392964],[0.1412529,51.3929182],[0.1422553,51.3928651],[0.1435087,51.3928074],[0.144589,51.3927597],[0.1457176,51.3927011],[0.1468242,51.3926443],[0.14769870680310485,51.39260602625613]],[[0.02507947335504734,51.42881252151385],[0.0252387,51.4287106],[0.0260541,51.4282014],[0.0265986,51.4278489],[0.0276775,51.4271892],[0.0290991,51.4263407],[0.0307723,51.4253388],[0.0319184,51.4246491],[0.0331298,51.423893],[0.0337427,51.4234995],[0.0342493,51.4231723],[0.0347413,51.4228459],[0.0356626,51.4222782],[0.0364088,51.4218598]],[[0.0364088,51.4218598],[0.0419732,51.4184388]],[[0.0419732,51.4184388],[0.0429547,51.417784],[0.043588,51.4173432],[0.0441972,51.4169246],[0.0448645,51.4164572],[0.0453586,51.4161163]],[[0.0453586,51.4161163],[0.0455686,51.4159444]],[[0.0455686,51.4159444],[0.046018,51.4155788]],[[0.046018,51.4155788],[0.046132,51.4154848]],[[0.046132,51.4154848],[0.0468806,51.414837],[0.0487443,51.4130073],[0.0491603,51.4126135],[0.0505068,51.4112412],[0.0519068,51.4098792],[0.0530322,51.4088901],[0.0533763,51.4085983],[0.0536838,51.4083429],[0.0548303,51.4074039]],[[0.0548303,51.4074039],[0.0550226,51.4072533]],[[0.0550226,51.4072533],[0.0559729,51.4064935],[0.0565109,51.4060537],[0.0570672,51.4056014],[0.0579309,51.4049209],[0.0583152,51.4046431]],[[0.0583152,51.4046431],[0.0584689,51.4045212]],[[0.0584689,51.4045212],[0.0585583,51.4044557],[0.0587831,51.4042644],[0.0591323,51.4039891],[0.0593027,51.4038548],[0.0597704,51.4034463],[0.0602132,51.4030356],[0.0604704,51.4027636],[0.0607526,51.4024839]],[[0.0607526,51.4024839],[0.0608767,51.4023519]],[[0.0608767,51.4023519],[0.0614026,51.4018069],[0.0621895,51.4010096],[0.0625946,51.4006332]],[[0.0625946,51.4006332],[0.0629186,51.4003068]],[[0.0629186,51.4003068],[0.0646205,51.3985596]],[[0.0646205,51.3985596],[0.0649139,51.3982649]],[[0.0649139,51.3982649],[0.0653352,51.3978231],[0.0662992,51.3968122],[0.0669307,51.3961712],[0.0676976,51.3953821],[0.0684677,51.3945951],[0.0688386,51.3942146],[0.0690433,51.3940015],[0.0699907,51.3930153]],[[0.0699907,51.3930153],[0.0701314,51.3928714],[0.0717102,51.3912813],[0.0725451,51.3904255],[0.0734953,51.3894725],[0.0742542,51.3887433],[0.07458,51.3884375],[0.0751132,51.3878945],[0.0754242,51.3875606],[0.0759128,51.3870511],[0.0765728,51.3863529],[0.0767855,51.3861396]],[[0.0767855,51.3861396],[0.0768961,51.3860303]],[[0.0768961,51.3860303],[0.0773174,51.3855959],[0.078493,51.3843416],[0.0795821,51.3832513],[0.0805657,51.3822667],[0.0811753,51.3816564],[0.0826462,51.3800811],[0.083694,51.3790378],[0.0849135,51.3777877],[0.0850623,51.3776354],[0.0853355,51.3773556],[0.0854717,51.3772158],[0.0859305,51.3767445],[0.0864719,51.3761704],[0.086961,51.3756145],[0.087306,51.3751943],[0.0875054,51.3749548]],[[0.0875054,51.3749548],[0.0884084,51.3738683],[0.088817,51.3733799],[0.0892407,51.3728736]],[[0.0892407,51.3728736],[0.0896315,51.3724267]],[[0.0896315,51.3724267],[0.0898748,51.3721445]],[[0.0898748,51.3721445],[0.0901179,51.3718438],[0.0902156,51.3717319],[0.0903557,51.3715744]],[[0.0903557,51.3715744],[0.0905003,51.3713923]],[[0.0905003,51.3713923],[0.090963,51.3707848],[0.0916521,51.3698803],[0.0928877,51.3683204],[0.0937357,51.3673034],[0.0942136,51.3667769],[0.0944716,51.3665308]],[[0.0944716,51.3665308],[0.0950254,51.3660186]],[[0.0950254,51.3660186],[0.096017,51.365077],[0.0970776,51.3641423],[0.0981582,51.36328],[0.0992953,51.3624424],[0.1004076,51.3616885],[0.1016089,51.3609312],[0.1057519,51.3582904],[0.1072457,51.3573307]],[[0.1072457,51.3573307],[0.1083553,51.3566177],[0.1089816,51.3562007],[0.1098243,51.3555949],[0.1115079,51.354253],[0.1139337,51.3521584],[0.1149511,51.3513351],[0.1157966,51.3507175],[0.116063,51.350537]],[[0.116063,51.350537],[0.1205779,51.3483322],[0.1223865,51.3475931]],[[0.1223865,51.3475931],[0.1234636,51.3472876],[0.1246616,51.3469767],[0.1256179,51.3467669],[0.1278303,51.3463623],[0.1308886,51.3457754],[0.1330385,51.3453436],[0.1338588,51.3451799],[0.134604,51.3449932],[0.1360387,51.3445995],[0.13698627292734783,51.34426897828205]],[[0.13696376096393528,51.344230446000665],[0.1360098,51.3445632],[0.1345789,51.3449559],[0.1338369,51.3451419],[0.1330187,51.3453051],[0.1308692,51.3457368],[0.1278117,51.3463236],[0.125598,51.3467284],[0.1246384,51.3469389],[0.1234378,51.3472505],[0.1223534,51.3475581]],[[0.1223534,51.3475581],[0.1205414,51.3482818],[0.1160114,51.3505061]],[[0.1160114,51.3505061],[0.1157478,51.3506909],[0.1149008,51.3513096],[0.1138818,51.3521342],[0.1114562,51.3542287],[0.1097743,51.3555692],[0.1089333,51.3561738],[0.1083048,51.3566007],[0.1071972,51.3573087]],[[0.1071972,51.3573087],[0.1057056,51.3582621],[0.1015627,51.3609028],[0.1003608,51.3616605],[0.0992468,51.3624156],[0.098108,51.3632545],[0.0970257,51.3641181],[0.0959635,51.3650542],[0.0949715,51.3659962]],[[0.0949715,51.3659962],[0.0944177,51.3665085]],[[0.0944177,51.3665085],[0.0941583,51.3667558],[0.0936788,51.3672841],[0.0928299,51.3683021],[0.0915938,51.3698627],[0.0914553,51.3700452],[0.0913865,51.3701359],[0.0904464,51.3713748]],[[0.0904464,51.3713748],[0.0903003,51.3715572]],[[0.0903003,51.3715572],[0.0900499,51.3718524],[0.0898092,51.3721506]],[[0.0898092,51.3721506],[0.089551,51.3724518]],[[0.089551,51.3724518],[0.0891282,51.3729405]],[[0.0891282,51.3729405],[0.0886883,51.3734646],[0.0880204,51.3742783],[0.0878351,51.3744999],[0.0874664,51.3749406]],[[0.0874664,51.3749406],[0.0869127,51.375601],[0.0864673,51.3760861],[0.0861956,51.3763898],[0.0859312,51.3766726],[0.0858452,51.3767646],[0.0852917,51.3773407],[0.0844709,51.3781661],[0.0836487,51.3790205],[0.0825907,51.3800603],[0.0811198,51.3816356],[0.0784413,51.3843314],[0.0772618,51.3855734],[0.0768509,51.385995]],[[0.0768509,51.385995],[0.0767243,51.3861251]],[[0.0767243,51.3861251],[0.0762267,51.3866319],[0.0756276,51.3871919],[0.0751231,51.3876848],[0.0744859,51.3883243],[0.0738816,51.3889658],[0.07344,51.3894515],[0.0724947,51.3904004],[0.0716467,51.3912678],[0.0701581,51.3927897],[0.0699192,51.3930399]],[[0.0699192,51.3930399],[0.0694716,51.3934968],[0.0689235,51.3940594],[0.0681868,51.3948109],[0.0676739,51.3953311],[0.067019,51.3960055],[0.0663942,51.3966424],[0.0656825,51.3973647],[0.065178,51.3978807],[0.0647944,51.3983129]],[[0.0647944,51.3983129],[0.0645032,51.3986134]],[[0.0645032,51.3986134],[0.0628269,51.4003213]],[[0.0628269,51.4003213],[0.0625211,51.4006422]],[[0.0625211,51.4006422],[0.0620639,51.4010638],[0.0613656,51.4017715],[0.0608479,51.4023258]],[[0.0608479,51.4023258],[0.0607227,51.4024553]],[[0.0607227,51.4024553],[0.0603382,51.4028262],[0.0599974,51.4031503],[0.0596246,51.4035129],[0.0594695,51.4036485],[0.0584178,51.4045024]],[[0.0584178,51.4045024],[0.0582407,51.4046312]],[[0.0582407,51.4046312],[0.0578815,51.4048834],[0.0556227,51.4067028],[0.0549655,51.4072403]],[[0.0549655,51.4072403],[0.0547844,51.4073902]],[[0.0547844,51.4073902],[0.0546499,51.4074907],[0.0536817,51.4082761],[0.0529803,51.4088658],[0.0518481,51.4098584],[0.0504614,51.4112308],[0.0491163,51.4125914],[0.0487028,51.4129923],[0.0468115,51.414835],[0.0460844,51.4154626]],[[0.0460844,51.4154626],[0.0459682,51.4155578]],[[0.0459682,51.4155578],[0.045534,51.4159068]],[[0.045534,51.4159068],[0.0452956,51.4160937]],[[0.0452956,51.4160937],[0.0446884,51.4165351],[0.0440069,51.417007],[0.0433995,51.4174285],[0.0419352,51.418419]],[[0.0419352,51.418419],[0.0387269,51.4203758],[0.0363689,51.4218158]],[[0.0363689,51.4218158],[0.0354619,51.4223589],[0.034774,51.4227848],[0.0342856,51.4231044],[0.0335602,51.4235673],[0.0327042,51.4240867],[0.0319354,51.424582],[0.0312076,51.425017],[0.0303371,51.4255386],[0.0293204,51.4261477],[0.0283677,51.4267259],[0.0276837,51.4271339],[0.0272908,51.427372],[0.0259322,51.4281876],[0.0249714691974691,51.42876341597776]],[[-0.05332373044377952,51.39499545649751],[-0.0530026,51.3952341],[-0.0523477,51.3957648],[-0.0519338,51.396089],[-0.0515205,51.3964268],[-0.0512377,51.396674],[-0.051205,51.3967026],[-0.051075,51.3968398],[-0.0508873,51.3970377],[-0.0506512,51.3972945],[-0.0504513,51.3975184],[-0.0502154,51.3977386],[-0.0499348,51.3979941],[-0.0495263,51.3983499]],[[-0.05986253182484499,51.39921749929234],[-0.059946,51.3992858],[-0.0600372,51.3993648],[-0.0601787,51.3994611],[-0.060250565373455994,51.39950838131134]],[[-0.0506186,51.4062255],[-0.0501082,51.4064961],[-0.0500169,51.4065494],[-0.049519,51.4067969],[-0.0494483,51.4068307],[-0.0489996,51.407045]],[[-0.0427281,51.4097824],[-0.0422425,51.4099387],[-0.0414915,51.4101622],[-0.0409806,51.4102989]],[[-0.03321322951441828,51.424657722395246],[-0.0332323,51.4245608],[-0.0333342,51.4241443]],[[-0.0346799,51.4184728],[-0.034819,51.4179225],[-0.0349456,51.4173632],[-0.035076,51.4168038],[-0.0351288,51.4165074],[-0.0351474,51.4163693]],[[-0.0403167,51.4086755],[-0.0405497,51.4085113],[-0.0406959,51.4084001],[-0.0408474,51.4082712],[-0.04107,51.4080738],[-0.0413436,51.4078111],[-0.041577,51.4075409],[-0.0417348,51.4073457],[-0.0420673,51.4068647]],[[-0.0505051,51.3971827],[-0.050361,51.3973502],[-0.050082,51.3975803],[-0.0496762,51.3979416],[-0.0495053,51.3981138],[-0.0493827,51.3982297],[-0.0490135,51.3985707],[-0.0485736,51.3989857]],[[-0.0278565,51.3911943],[-0.0277014,51.3911076],[-0.0273246,51.3908903],[-0.0269554,51.390658],[-0.0265964,51.3904199],[-0.0262477,51.3901804],[-0.0259666,51.3899455],[-0.0257872,51.3897965],[-0.0255249,51.3895605],[-0.0254994,51.3895738],[-0.025934,51.3899695],[-0.0262286,51.3902038],[-0.0265277,51.390422],[-0.0265686,51.3904464],[-0.0269361,51.39068],[-0.0273,51.3909078],[-0.0276773,51.3911251],[-0.0278315,51.3912104],[-0.0278565,51.3911943]],[[-0.0160014,51.3822463],[-0.013306,51.3807749],[-0.0132827,51.3808104],[-0.0138451,51.3811169],[-0.0138858,51.3811582],[-0.0144458,51.3814599],[-0.0145715,51.3815256],[-0.0145781,51.3815207],[-0.0146374,51.381553],[-0.0146104,51.3815758],[-0.0146653,51.3816052],[-0.0146938,51.381584],[-0.0149491,51.3817234],[-0.0151263,51.3817931],[-0.0159759,51.3822623],[-0.0160014,51.3822463]],[[0.0065521,51.3768515],[0.0065549,51.3768382],[0.0068611,51.37685],[0.0071506,51.3768516],[0.0075279,51.3768431],[0.0078222,51.3768279],[0.0081077,51.3768024],[0.0083911,51.3767688],[0.0086197,51.3767366],[0.0088667,51.3766927],[0.0090597,51.3766576],[0.0092564,51.3766158],[0.0095056,51.3765589],[0.0102933,51.3763659],[0.0103136,51.376401],[0.0094784,51.3766002],[0.0090297,51.376697],[0.0087582,51.3767458],[0.0085588,51.3767744],[0.0081781,51.3768232],[0.0079163,51.3768449],[0.0075923,51.3768642],[0.0073327,51.3768733],[0.0071388,51.376872],[0.0068702,51.3768696],[0.0065521,51.3768515]],[[-0.033300674366420244,51.424628601066644],[-0.0333131,51.4245767],[-0.0337157,51.4230489],[-0.0340026,51.4217784]],[[-0.0340026,51.4217784],[-0.0340255,51.4216612]],[[-0.0340255,51.4216612],[-0.0344586,51.4198077],[-0.0346298,51.4188746],[-0.0347335,51.4184726],[-0.0348029,51.4181749],[-0.0349498,51.4176033],[-0.0350195,51.4172786],[-0.0350887,51.4169808],[-0.0351491,51.4167405],[-0.0351879,51.416519],[-0.0352145,51.4162373]],[[-0.0352145,51.4162373],[-0.0352151,51.4161748]],[[-0.0352151,51.4161748],[-0.0352191,51.416001],[-0.0352102,51.4158087],[-0.0352053,51.4153278],[-0.0351866,51.4148682],[-0.0351864,51.4143393],[-0.0351809,51.4141334],[-0.0352049,51.413932],[-0.0352232,51.4130093],[-0.0352139,51.4124386],[-0.0352301,51.4122137],[-0.0352585,51.4120609]],[[-0.0352585,51.4120609],[-0.0352779,51.4119734]],[[-0.0352779,51.4119734],[-0.0353712,51.411721],[-0.0354901,51.411471],[-0.0356575,51.4112402],[-0.0358557,51.4110166],[-0.0360132,51.4108634],[-0.0361251,51.4107765],[-0.0362413,51.4106854],[-0.0363682,51.4105964],[-0.03663,51.4104318],[-0.0368565,51.4103168],[-0.0371269,51.4101805],[-0.0374392,51.4100519],[-0.0378429,51.409901],[-0.0383122,51.4097216],[-0.0388108,51.4095159],[-0.0392148,51.4093356],[-0.0396668,51.4091029],[-0.0399524,51.408941],[-0.0403869,51.4086495],[-0.0406511,51.4084515],[-0.0409328,51.4082262],[-0.0410325,51.408138]],[[-0.0410325,51.408138],[-0.0412573,51.4079292],[-0.0413713,51.4078148],[-0.0416221,51.4075189],[-0.0417535,51.4073566],[-0.0422854,51.4065581],[-0.0423858,51.4063912],[-0.0426482,51.4060289],[-0.0430156,51.405495],[-0.0432139,51.4052323],[-0.0436431,51.4046071],[-0.0439919,51.4041272],[-0.0442955,51.4037484],[-0.044946,51.4029309],[-0.0452887,51.4025122],[-0.0456181,51.4021429],[-0.0461911,51.4014819],[-0.0466663,51.4009778],[-0.0471252,51.4004822],[-0.0476088,51.4000114],[-0.0479334,51.3996554],[-0.0482992,51.3993126],[-0.0485933,51.3990281],[-0.0489833,51.3986541]],[[-0.0489833,51.3986541],[-0.0491706,51.3984735],[-0.0493505,51.3983084],[-0.0496908,51.3980058],[-0.0501236,51.3976243],[-0.050335,51.3974329],[-0.0504107,51.3973494],[-0.050505,51.3972434],[-0.0505914,51.3971364],[-0.0506757,51.3970106],[-0.0507398,51.3969016],[-0.0507865,51.3967963],[-0.0508213,51.3967146],[-0.0508933,51.3964996],[-0.050914,51.3963873],[-0.0509272,51.396256],[-0.0509328,51.3961402],[-0.0509349,51.3960365],[-0.0509218,51.3959286],[-0.050907,51.3958142],[-0.0508787,51.3957264],[-0.0508508,51.3956332]],[[-0.0508508,51.3956332],[-0.0508053,51.3955285],[-0.0507474,51.3954047],[-0.0506812,51.3952878],[-0.0506116,51.395172],[-0.0505471,51.3950771],[-0.0504648,51.3949685],[-0.0503277,51.3948327],[-0.0502008,51.3947289],[-0.050059,51.3946201],[-0.0499354,51.3945356],[-0.0498031,51.3944511],[-0.0496501,51.3943693],[-0.0494788,51.3942865],[-0.0492812,51.394205],[-0.049101,51.3941304],[-0.0488894,51.394064],[-0.0487374,51.3940161],[-0.0485193,51.3939667],[-0.0482891,51.3939214],[-0.0480169,51.3938797],[-0.0477659,51.3938529],[-0.0474183,51.3938279],[-0.0469094,51.3937979],[-0.0453531,51.3937059],[-0.0445529,51.3936554],[-0.0437704,51.393612],[-0.0416805,51.3934874]],[[-0.0416805,51.3934874],[-0.0413855,51.3934699]],[[-0.0413855,51.3934699],[-0.0407502,51.3934303],[-0.039892,51.3933817]],[[-0.039892,51.3933817],[-0.0381372,51.3932736],[-0.0363965,51.3931678],[-0.035754,51.3931292]],[[-0.035754,51.3931292],[-0.0355203,51.3931122]],[[-0.0355203,51.3931122],[-0.0345941,51.3930473],[-0.0340228,51.3929905],[-0.0336857,51.3929499],[-0.0332408,51.3928838],[-0.0327848,51.3928088],[-0.0324339,51.3927403],[-0.0318916,51.3926276],[-0.0313818,51.3925034],[-0.030963,51.3923872],[-0.0305196,51.3922547],[-0.030064,51.3921082],[-0.0293549,51.3918456],[-0.0286718,51.3915611],[-0.0281636,51.3913337]],[[-0.0281636,51.3913337],[-0.0279071,51.3912032]],[[-0.0279071,51.3912032],[-0.0275034,51.3909766],[-0.0272717,51.3908387],[-0.0271212,51.3907428],[-0.0267579,51.3905058],[-0.0264565,51.3902947],[-0.0261278,51.3900463],[-0.025768,51.3897491],[-0.0255077,51.3895218],[-0.0252016,51.3892314],[-0.0250596,51.3890913]],[[-0.0250596,51.3890913],[-0.0248119,51.3888374]],[[-0.0248119,51.3888374],[-0.024329,51.3883487],[-0.0237723,51.38781]],[[-0.0237723,51.38781],[-0.0235333,51.3875879]],[[-0.0235333,51.3875879],[-0.0232475,51.3873239],[-0.0229292,51.3870364]],[[-0.0229292,51.3870364],[-0.0228315,51.3869513]],[[-0.0228315,51.3869513],[-0.0223298,51.3865153],[-0.0218844,51.3861507],[-0.0216226,51.3859402]],[[-0.0216226,51.3859402],[-0.0210583,51.3855025],[-0.0206634,51.3852047],[-0.0199042,51.3846525],[-0.0193742,51.3842902],[-0.0188478,51.3839403],[-0.0173535,51.3830112],[-0.016738,51.3826467],[-0.0163822,51.3824423],[-0.0160594,51.382261],[-0.0152938,51.3818399],[-0.0144917,51.3814027],[-0.0138751,51.381065],[-0.0133396,51.3807749],[-0.0127135,51.3804278],[-0.0123246,51.3802147],[-0.0117404,51.3799],[-0.0112422,51.3796393],[-0.0106915,51.379381],[-0.0103462,51.3792301],[-0.0100097,51.3790958],[-0.0094163,51.3788707],[-0.0091258,51.3787638],[-0.0088267,51.3786605],[-0.0086154,51.3785914],[-0.0083623,51.3785146]],[[-0.0083623,51.3785146],[-0.0082222,51.3784721],[-0.0079577,51.3783953],[-0.0073112,51.3782296],[-0.0069016,51.378133],[-0.0063711,51.3780183],[-0.0057804,51.3779064],[-0.0051033,51.3777856],[-0.0038173,51.377558],[-0.0031121,51.377434],[-0.0025124,51.3773283]],[[-0.0025124,51.3773283],[-0.0005194000000000002,51.3769782],[-0.0001048,51.3769162],[0.0002651,51.3768662],[0.0009558,51.3767916],[0.0015913,51.3767401],[0.0019276,51.3767213],[0.0022497,51.3767065],[0.0026845,51.3766905],[0.0034124,51.3766801]],[[0.0034124,51.3766801],[0.0035858,51.3766818]],[[0.0035858,51.3766818],[0.0038834,51.3766847]],[[0.0038834,51.3766847],[0.0041519,51.3766924]],[[0.0041519,51.3766924],[0.0043402,51.3767012],[0.0047131,51.3767223],[0.0053338,51.3767654],[0.0060386,51.376824],[0.0063561,51.3768633],[0.0064118,51.3768684],[0.0066629,51.3768916],[0.006943,51.3769044],[0.0072694,51.3769035],[0.0075049,51.3769013],[0.007719,51.3768934],[0.0080872,51.3768701],[0.0082912,51.3768517],[0.0084681,51.3768303],[0.0087463,51.3767897],[0.0090799,51.3767321],[0.009441,51.3766546],[0.0102534,51.376464]],[[-0.0133426,51.3807191],[-0.0142691,51.3812239],[-0.0147429,51.381483],[-0.0160423,51.3821924],[-0.0160675,51.3821756],[-0.015597,51.3819111],[-0.0152609,51.3817266],[-0.0151284,51.3816351],[-0.0147868,51.3814531],[-0.0144455,51.3812668],[-0.0144079,51.3812463],[-0.0143564,51.3812183],[-0.0143458,51.3812125],[-0.0143374,51.3812078],[-0.0143232,51.3812002],[-0.0143116,51.3811937],[-0.0141567,51.3811079],[-0.0139765,51.3810115],[-0.0137585,51.3809122],[-0.0133587,51.3806944],[-0.0133426,51.3807191]],[[-0.0256298,51.3895006],[-0.0257961,51.3896537],[-0.0260188,51.3898504],[-0.026236,51.3900311],[-0.0264654,51.3902044],[-0.0265169,51.3902411],[-0.0267403,51.3904002],[-0.0269911,51.3905651],[-0.0272097,51.3907048],[-0.0274779,51.3908697],[-0.0277153,51.3910069],[-0.0279057,51.3911115],[-0.0279245,51.391099],[-0.0277247,51.3909893],[-0.0274833,51.3908517],[-0.0272204,51.3906914],[-0.0270005,51.3905492],[-0.0267497,51.3903843],[-0.0264788,51.3901926],[-0.0262481,51.3900186],[-0.0260322,51.3898433],[-0.0258136,51.3896453],[-0.0256493,51.3894939],[-0.0256298,51.3895006]],[[-0.0485406,51.3991833],[-0.049077,51.3986679],[-0.0491206,51.3986268],[-0.0494232,51.398342],[-0.0496457,51.3981324],[-0.0503344,51.3975186],[-0.0505576,51.397289],[-0.0506585,51.3971668]],[[-0.0403545,51.4087359],[-0.0407254,51.4084645],[-0.04083,51.4083825],[-0.0410124,51.4082311],[-0.0411317,51.4081332],[-0.0413074,51.4079734],[-0.0414174,51.4078655],[-0.0415421,51.407725],[-0.0416422,51.4075942],[-0.0417808,51.4074146],[-0.0421362,51.4068918]],[[-0.0353211,51.416281],[-0.0352972,51.416617],[-0.0352339,51.4169441],[-0.0351759,51.4172478],[-0.0350149,51.4179216],[-0.03493,51.4181845]],[[-0.0335113,51.424151],[-0.0334125,51.4245706],[-0.033393772407991136,51.42463698398468]],[[0.0101965,51.3763777],[0.0094111,51.3765666],[0.0092355,51.3766046],[0.0090503,51.3766435],[0.0088597,51.3766798],[0.0086225,51.3767201],[0.0083808,51.3767556],[0.008093,51.3767892],[0.0078056,51.3768132],[0.0075198,51.3768265],[0.0071468,51.3768377],[0.0068512,51.3768343],[0.00668,51.3768301],[0.0065484,51.3768246],[0.0062852,51.3768091],[0.0059323,51.3767816],[0.0052725,51.3767292],[0.0050418,51.376714],[0.0044479,51.3766742],[0.0041376,51.3766615]],[[0.0041376,51.3766615],[0.0038609,51.3766543]],[[0.0038609,51.3766543],[0.0035731,51.3766495]],[[0.0035731,51.3766495],[0.0033994,51.3766486]],[[0.0033994,51.3766486],[0.0028284,51.376654],[0.0025723,51.3766607],[0.0019078,51.3766894],[0.0015822,51.3767087],[0.0009485,51.376758],[0.0005552,51.3767984],[0.0002594,51.3768335],[-0.0004144,51.3769276],[-0.000738,51.3769806],[-0.0010278,51.3770298],[-0.0014054,51.3770974],[-0.0018524,51.3771766],[-0.0023808,51.3772701],[-0.0029471,51.3773699],[-0.0033881,51.3774482],[-0.0041577,51.3775836],[-0.0049683,51.3777282],[-0.0057694,51.3778724],[-0.0064655,51.3780051],[-0.007192,51.3781653],[-0.0076941,51.378291],[-0.008021,51.3783803],[-0.0082442,51.3784452],[-0.008386,51.3784872]],[[-0.008386,51.3784872],[-0.008666,51.3785744],[-0.0089495,51.378666],[-0.0092385,51.3787691],[-0.0096068,51.3789035],[-0.0098326,51.3789898],[-0.0100717,51.3790806],[-0.0103225,51.3791863],[-0.0107058,51.3793501],[-0.0110219,51.3794979],[-0.0112633,51.3796148],[-0.0117316,51.3798573],[-0.0122009,51.3801135],[-0.0126195,51.3803413],[-0.0131496,51.3806323],[-0.0136022,51.3808773],[-0.0140989,51.3811493],[-0.0144913,51.381361],[-0.0149964,51.381638],[-0.0153982,51.3818519],[-0.0156523,51.3819921],[-0.0161167,51.3822495],[-0.0164414,51.3824376],[-0.0166351,51.3825435],[-0.0170226,51.3827692],[-0.0175467,51.3830865],[-0.0189111,51.3839385],[-0.0194316,51.3842853],[-0.01979,51.3845271],[-0.0202608,51.3848658],[-0.0206015,51.3851111],[-0.0210334,51.3854344],[-0.021675,51.3859308],[-0.0220405,51.3862278],[-0.0225184,51.3866192],[-0.0228736,51.3869245]],[[-0.0228736,51.3869245],[-0.0229562,51.3869984]],[[-0.0229562,51.3869984],[-0.0232236,51.387232],[-0.0234228,51.3874148],[-0.0235091,51.3874944]],[[-0.0235091,51.3874944],[-0.0237845,51.3877511]],[[-0.0237845,51.3877511],[-0.0243242,51.3882693],[-0.0247394,51.3886789],[-0.0249666,51.3889112]],[[-0.0249666,51.3889112],[-0.02521,51.3891592]],[[-0.02521,51.3891592],[-0.0254716,51.3894197],[-0.0257485,51.3896766],[-0.0259785,51.3898753],[-0.0261364,51.3900036],[-0.0264256,51.3902256],[-0.0266939,51.3904162],[-0.0269456,51.3905856],[-0.0271702,51.3907297],[-0.0274239,51.3908812],[-0.0276824,51.3910259],[-0.0279477,51.3911719]],[[-0.0279477,51.3911719],[-0.028202,51.3913035]],[[-0.028202,51.3913035],[-0.0287105,51.3915261],[-0.0290259,51.3916629],[-0.0293065,51.391779],[-0.029572,51.3918862],[-0.0298064,51.3919739],[-0.0301195,51.3920806],[-0.0304205,51.3921849],[-0.0307064,51.3922779],[-0.0310362,51.3923713],[-0.0313712,51.392461],[-0.0317138,51.3925521],[-0.0319604,51.3926025],[-0.0323983,51.392696],[-0.0328037,51.3927772],[-0.0331743,51.3928385],[-0.0335048,51.392889],[-0.0338708,51.3929371],[-0.034159,51.3929725],[-0.0344736,51.3930023],[-0.0347179,51.3930188],[-0.0350575,51.3930419],[-0.0355196,51.3930735]],[[-0.0355196,51.3930735],[-0.0357593,51.3930872]],[[-0.0357593,51.3930872],[-0.0362328,51.3931179],[-0.0366949,51.3931453],[-0.037371,51.3931873],[-0.038212,51.3932349],[-0.0389767,51.3932835],[-0.0397171,51.3933265],[-0.0405937,51.3933836],[-0.041378,51.3934298]],[[-0.041378,51.3934298],[-0.0416805,51.3934492]],[[-0.0416805,51.3934492],[-0.0425215,51.3934978],[-0.0432165,51.3935398],[-0.0437981,51.3935761],[-0.044413,51.393611],[-0.0451119,51.3936511],[-0.0457009,51.3936872],[-0.0463308,51.3937266],[-0.0467373,51.3937472],[-0.0472453,51.3937799],[-0.0475661,51.3938009],[-0.0478079,51.3938169],[-0.0480332,51.3938427],[-0.0482891,51.3938814],[-0.0484701,51.3939178],[-0.0485785,51.3939414],[-0.0487339,51.3939837],[-0.0489292,51.3940379],[-0.0490981,51.3940944],[-0.0493932,51.3942029],[-0.0496128,51.3943074],[-0.0497767,51.3943919],[-0.0499432,51.3944889],[-0.0500868,51.394585],[-0.0502122,51.394681],[-0.0503512,51.3948002],[-0.0504938,51.394935],[-0.0506223,51.3950975],[-0.0506697,51.3951789],[-0.0507767,51.39535],[-0.0508553,51.3955175],[-0.0508967,51.3956253],[-0.0509324,51.3957191],[-0.0509498,51.3958059],[-0.0509712,51.3959206],[-0.0509822,51.3960107],[-0.0509847,51.3961317],[-0.0509767,51.396259],[-0.0509622,51.3963936],[-0.0509373,51.3965046],[-0.0508809,51.3966956],[-0.050832,51.3968078],[-0.0507616,51.396953],[-0.0506344,51.3971446],[-0.0505349,51.3972526],[-0.0504466,51.3973557],[-0.0503511,51.3974514],[-0.0501451,51.3976411],[-0.0497105,51.3980179],[-0.0493805,51.3983198],[-0.0491948,51.398486],[-0.0490143,51.3986672],[-0.0486213,51.3990435],[-0.0483305,51.3993331],[-0.0480685,51.3995818],[-0.0479461,51.3997012],[-0.0478037,51.3998504],[-0.0476377,51.4000276],[-0.0471635,51.4004946],[-0.0467,51.4009872],[-0.0462355,51.4014991],[-0.0456616,51.4021549],[-0.045326,51.4025298],[-0.0449956,51.4029447],[-0.0443524,51.4037569],[-0.044042,51.4041407],[-0.0436949,51.4046203],[-0.0432577,51.4052365],[-0.0430614,51.4055022],[-0.0426969,51.406042],[-0.0424413,51.4064014],[-0.0423313,51.4065635],[-0.0422216,51.4067132],[-0.0420995,51.4069111],[-0.041923,51.4071715],[-0.0417656,51.4073942],[-0.0416261,51.4075778],[-0.0415336,51.4076907],[-0.041437,51.4078064],[-0.0413271,51.4079193],[-0.0411997,51.4080381],[-0.0410427,51.408183],[-0.0408496,51.4083424],[-0.0406324,51.4085058],[-0.0403789,51.4086871],[-0.0401951,51.4088158],[-0.0399663,51.4089761],[-0.0396923,51.4091288],[-0.0393342,51.4093078],[-0.0390753,51.4094258],[-0.0388353,51.4095396],[-0.03839,51.4097228],[-0.0376208,51.4100347],[-0.0374119,51.4101143],[-0.0371917,51.4102041],[-0.0369743,51.4103019],[-0.0367768,51.4103975],[-0.0366036,51.410494],[-0.0364632,51.410582],[-0.0363313,51.4106732],[-0.0361553,51.4108065],[-0.0359828,51.4109546],[-0.035819,51.4111133],[-0.0357131,51.4112422],[-0.0355571,51.411466],[-0.0354417,51.4116773],[-0.0353774,51.4118321],[-0.0353255,51.4119842]],[[-0.0353255,51.4119842],[-0.0353074,51.4120747]],[[-0.0353074,51.4120747],[-0.0352859,51.4122404],[-0.035273,51.4124572],[-0.0352744,51.4129712],[-0.0352769,51.413363],[-0.0352802,51.4137439],[-0.0352454,51.4141602],[-0.0352492,51.4143709],[-0.0352472,51.4146709],[-0.0352464,51.4149503],[-0.0352861,51.4154115],[-0.0352933,51.4158056],[-0.0353058,51.4159205],[-0.0353068,51.4161667]],[[-0.0353068,51.4161667],[-0.0353057,51.4162053]],[[-0.0353057,51.4162053],[-0.0353021,51.4162398]],[[-0.0353021,51.4162398],[-0.0352581,51.416521],[-0.0352093,51.4168739],[-0.0351279,51.4172445],[-0.0350321,51.4175898],[-0.0349334,51.4179586],[-0.034848,51.4183019],[-0.0348124,51.418481],[-0.0346942,51.4190389],[-0.0345887,51.4194629],[-0.0344906,51.4198582],[-0.0343859,51.4202997],[-0.0342738,51.420789],[-0.0340867,51.4216293]],[[-0.0340867,51.4216293],[-0.0340678,51.4217367]],[[-0.0340678,51.4217367],[-0.0337611,51.4230545],[-0.033368,51.4245573],[-0.03335058448508309,51.42463308736944]],[[0.0893854,51.373364],[0.0892712,51.3733295],[0.0892436,51.3733456],[0.0892232,51.3733695],[0.0892972,51.3733909],[0.0887088,51.3741278],[0.0884013,51.3744759],[0.0881143,51.3747857],[0.0878273,51.3751021],[0.0875081,51.3754554],[0.0875364,51.3754642],[0.0878609,51.3751152],[0.0881521,51.3747978],[0.0884301,51.3744866],[0.0887397,51.374136],[0.0893854,51.373364]],[[0.0761555,51.3868786],[0.0762027,51.3868959],[0.0759535,51.387174],[0.0755476,51.3876546],[0.0751859,51.388053],[0.0749377,51.3882989],[0.0746128,51.3886441],[0.0744153,51.3888056],[0.0743609,51.3887839],[0.0743212,51.3887673],[0.074651,51.3884543],[0.0751428,51.3879553],[0.0755245,51.38755],[0.0761555,51.3868786]],[[0.0559612,51.4065214],[0.0560167,51.4065494],[0.056477,51.4062105],[0.0569986,51.4058047],[0.0571722,51.4056696],[0.0576216,51.4053143],[0.0582329,51.4048309],[0.0581503,51.4047878],[0.0579515,51.4049311],[0.0575303,51.4052649],[0.0569056,51.4057599],[0.0567964,51.4058464],[0.0565211,51.4060667],[0.0561325,51.4063821],[0.0559612,51.4065214]],[[0.0450556,51.4163466],[0.0451224,51.4163755],[0.0447481,51.4166737],[0.0443464,51.4169882],[0.0442863,51.4170333],[0.0439185,51.4173094],[0.0437649,51.4174219],[0.0428433,51.4180786],[0.0428132,51.4180618],[0.0437037,51.4174293],[0.0436252,51.4173866],[0.0427178,51.4180242],[0.042696,51.4180093],[0.043627,51.4173487],[0.0438202,51.4172105],[0.0441678,51.4169673],[0.0442964,51.4168773],[0.0448049,51.4165225],[0.0450556,51.4163466]],[[0.087484,51.3754402],[0.0881241,51.3747356],[0.0884567,51.3743706],[0.0887124,51.3740808],[0.0891952,51.3734873]],[[0.087366,51.3755728],[0.087484,51.3754402]],[[0.087366,51.3755728],[0.0870221,51.3759022]],[[0.0868933,51.3760443],[0.0869439,51.3759896],[0.0870221,51.3759022]],[[0.0868933,51.3760443],[0.0866315,51.3762516],[0.086255,51.3765606],[0.0859247,51.3768217]],[[0.0859247,51.3768217],[0.0855214,51.3772327],[0.0853826,51.3773742],[0.0849278,51.3778445],[0.083747,51.3790605],[0.0827017,51.380102],[0.0812308,51.3816772],[0.0791133,51.3838033],[0.0785783,51.3843405],[0.0773577,51.3856109],[0.0769293,51.3860562]],[[0.0769293,51.3860562],[0.0768139,51.386174]],[[0.0768139,51.386174],[0.0766091,51.3863696],[0.076191,51.3868096],[0.0755089,51.3875414],[0.0751273,51.3879451],[0.0746271,51.3884473],[0.0735454,51.3894963],[0.0725818,51.3904485],[0.071752,51.391297],[0.0713026,51.3917536],[0.0702374,51.3928476]],[[0.0702374,51.3928476],[0.0701382,51.3929495],[0.069729,51.3933675],[0.0694566,51.3936458],[0.0689053,51.3942087],[0.067507,51.3956451],[0.066335,51.3968365],[0.0650492,51.398196],[0.0650312,51.398215]],[[0.0650312,51.398215],[0.0647415,51.3985088]],[[0.0647415,51.3985088],[0.0646108,51.3986423],[0.0629932,51.400295]],[[0.0629932,51.400295],[0.0626713,51.4006225]],[[0.0626713,51.4006225],[0.0616297,51.4016462],[0.0612722,51.402012],[0.0609196,51.4023896]],[[0.0609196,51.4023896],[0.0607944,51.4025215]],[[0.0607944,51.4025215],[0.0602807,51.4030287],[0.059797,51.4035049],[0.0592699,51.4039755],[0.0587109,51.4044576],[0.0585328,51.4046061]],[[0.0585328,51.4046061],[0.0583867,51.4047301]],[[0.0583867,51.4047301],[0.0578477,51.4051502],[0.0571878,51.4056858],[0.0564989,51.4062148],[0.0550884,51.4072598]],[[0.0550884,51.4072598],[0.054908,51.4073989]],[[0.054908,51.4073989],[0.0537747,51.4083189],[0.053531,51.4085218],[0.0530671,51.4089116],[0.05256,51.4093538],[0.0519459,51.4098957],[0.0505625,51.4112602],[0.049253,51.4126279],[0.0488019,51.4130322],[0.046948,51.4148314],[0.0461847,51.4155093]],[[0.0461847,51.4155093],[0.0460709,51.4156011]],[[0.0460709,51.4156011],[0.0456089,51.4160097]],[[0.0456089,51.4160097],[0.0454196,51.4161673]],[[0.0454196,51.4161673],[0.044942,51.4165553],[0.0444247,51.4169547],[0.0439688,51.4172994],[0.0434412,51.4176846],[0.043048,51.417954],[0.0426435,51.4182361],[0.0423643,51.418428],[0.0421635,51.4185489]],[[0.0421635,51.4185489],[0.0360228,51.4222971]],[[0.0360228,51.4222971],[0.0356408,51.4225036],[0.035104,51.4228172],[0.0345346,51.4231474],[0.0336025,51.4236932],[0.0327671,51.4241862],[0.0320901,51.4245895],[0.0315025,51.4249408],[0.0309609,51.4252672],[0.0302573,51.4256894],[0.0291705,51.4263422],[0.0276862,51.4272353],[0.0259704,51.4282874],[0.02512071836982511,51.428831245079486]],[[0.0453384,51.4163288],[0.0453134,51.4163154],[0.0449339,51.4166155],[0.0445124,51.4169461],[0.0440744,51.4172815],[0.0434704,51.4177229],[0.0430179,51.4180392],[0.0430453,51.4180541],[0.0435124,51.4177397],[0.0440869,51.4173276],[0.0446513,51.4169308],[0.0447192,51.416876],[0.0446886,51.4168512],[0.0453384,51.4163288]],[[0.0560592,51.4066076],[0.0565625,51.4062362],[0.0572404,51.4057219],[0.0573423,51.4056398],[0.0580533,51.4050675],[0.0582766,51.4048877],[0.0583037,51.4049017],[0.0583285,51.4049496],[0.0581288,51.4051087],[0.0574186,51.4056744],[0.0568992,51.4060881],[0.0564219,51.4063873],[0.0560841,51.4066209],[0.0560592,51.4066076]],[[0.02519437547133933,51.4288646888506],[0.0254715,51.4286714],[0.0269269,51.4277687],[0.0286454,51.4267232],[0.0294812,51.4262185],[0.030371,51.4256788],[0.0323295,51.4245081],[0.0341719,51.4234037],[0.035422,51.422674],[0.0357315,51.4224961],[0.0360609,51.422322]],[[0.0360609,51.422322],[0.0421936,51.4185725]],[[0.0421936,51.4185725],[0.0423927,51.4184543],[0.0426286,51.4182944],[0.0434838,51.4177022],[0.044659,51.4168229],[0.0454233,51.4162109]],[[0.0454233,51.4162109],[0.0456298,51.4160427]],[[0.0456298,51.4160427],[0.0461149,51.4156196]],[[0.0461149,51.4156196],[0.0462238,51.4155274]],[[0.0462238,51.4155274],[0.0465081,51.4152799],[0.0469969,51.4148449],[0.0488477,51.4130479],[0.0492771,51.4126479],[0.0506005,51.4112756],[0.0519834,51.409911],[0.053109,51.4089309],[0.0538456,51.4083156],[0.0545921,51.4077065],[0.054974,51.4074024]],[[0.054974,51.4074024],[0.0551287,51.4072805]],[[0.0551287,51.4072805],[0.0565334,51.406231],[0.0572226,51.4057119],[0.0578835,51.4051744],[0.058432,51.4047468]],[[0.058432,51.4047468],[0.0585684,51.4046303]],[[0.0585684,51.4046303],[0.0591181,51.4041842],[0.0595808,51.4037584],[0.0598365,51.4035464],[0.0603604,51.4030259],[0.0608363,51.4025585]],[[0.0608363,51.4025585],[0.0609631,51.40243]],[[0.0609631,51.40243],[0.061326,51.4020316],[0.0616836,51.4016687],[0.0627636,51.4006087]],[[0.0627636,51.4006087],[0.0630844,51.4002817]],[[0.0630844,51.4002817],[0.0640861,51.3992553],[0.0648744,51.3984476]],[[0.0648744,51.3984476],[0.065163,51.3981603]],[[0.065163,51.3981603],[0.0663955,51.3968641],[0.0670237,51.3962106],[0.0675693,51.3956607],[0.0689716,51.3942238],[0.069675,51.3935087],[0.0698962,51.3932775],[0.0700148,51.3931535],[0.0708095,51.3923343]],[[0.0708095,51.3923343],[0.0718174,51.3913171],[0.0726417,51.3904797],[0.0735937,51.3895233],[0.0742456,51.3889518],[0.07463,51.3886495],[0.0749637,51.3883068],[0.0752102,51.3880588],[0.0755733,51.3876632],[0.075978,51.38718],[0.0766667,51.3863998],[0.07685,51.3862179]],[[0.07685,51.3862179],[0.0769851,51.38608]],[[0.0769851,51.38608],[0.0772577,51.3857932],[0.0781837,51.3848164],[0.0786259,51.3843499],[0.0812863,51.3816981],[0.0827572,51.3801228],[0.0837852,51.3790932],[0.0842898,51.3785816],[0.0851495,51.3776923],[0.0854403,51.377389],[0.0856842,51.3771413]],[[0.0856842,51.3771413],[0.0859783,51.3768837],[0.0863074,51.376612],[0.0865475,51.3764083]],[[0.0865475,51.3764083],[0.0867281,51.3762514],[0.0868832,51.3761167],[0.0869922,51.375998],[0.087366,51.3755728]],[[-0.0694167,51.4170258],[-0.0690009,51.416943],[-0.0686335,51.4168819],[-0.0682821,51.4168348]],[[-0.0682821,51.4168348],[-0.0679484,51.416797],[-0.0677935,51.4167842],[-0.0674294,51.4167609],[-0.0670959,51.4167459],[-0.0667864,51.4167468]],[[-0.0667864,51.4167468],[-0.0665772,51.4167457],[-0.0663534,51.4167489]],[[-0.0663534,51.4167489],[-0.0659842,51.4167663],[-0.0655611,51.4167995],[-0.0652119,51.4168415],[-0.0649829,51.4168718],[-0.0646551,51.4169253],[-0.0643907,51.4169729],[-0.0640259,51.417055],[-0.0635721,51.4171769],[-0.0632073,51.4172836],[-0.06286,51.417414],[-0.0624596,51.4175742],[-0.0619677,51.4178048],[-0.0615384,51.4180459],[-0.0611764,51.4182684],[-0.0610867,51.4183277]],[[-0.0610867,51.4183277],[-0.0606587,51.418596]],[[-0.0606587,51.418596],[-0.0600799,51.4189433],[-0.0597259,51.4191689],[-0.059412,51.4193998],[-0.0591304,51.4196254],[-0.0588275,51.419908],[-0.058538,51.4202055],[-0.058256,51.4205236],[-0.0579529,51.4208846],[-0.0577142,51.4211942],[-0.0574755,51.4215108],[-0.0572154,51.4218876],[-0.0569687,51.4222742],[-0.0567787,51.4225916],[-0.05657818184757284,51.4229666046456]],[[0.0174952,51.4001002],[0.0176551,51.4000953],[0.0212155,51.399979],[0.0212146,51.3999955],[0.0182279,51.4001096],[0.0176606,51.4001183],[0.0174962,51.4001208],[0.0174952,51.4001002]],[[0.14770189352721905,51.3926446739456],[0.1464558,51.3927075],[0.145336,51.3927625],[0.1440753,51.3928257],[0.1431418,51.3928705],[0.142135,51.3929154],[0.1412955,51.3929557],[0.140315,51.3930024],[0.1392273,51.3930517]],[[0.1392273,51.3930517],[0.1390137,51.3930607]],[[0.1390137,51.3930607],[0.1382808,51.3930967],[0.1369966,51.3931581],[0.1359223,51.3932121],[0.1348039,51.3932671],[0.1337325,51.3933138],[0.1330162,51.3933495],[0.1318259,51.3934099],[0.1307076,51.3934585],[0.1295642,51.3935153],[0.1283857,51.3935656],[0.1271426,51.3936398],[0.1261695,51.3937158],[0.1251568,51.3937772],[0.1239665,51.3938651],[0.1228349,51.3939448],[0.1217195,51.394018],[0.1206847,51.3940904],[0.1195957,51.3941655],[0.1184847,51.3942525],[0.1175982,51.3943175],[0.1169788,51.3943569],[0.1162127,51.3944082],[0.1151354,51.3944778],[0.1149521,51.3944911]],[[0.1149521,51.3944911],[0.1137853,51.3945712]],[[0.1137853,51.3945712],[0.113358,51.394606],[0.11268,51.3946426],[0.1120031,51.3946961]],[[0.1120031,51.3946961],[0.111705,51.3947168]],[[0.111705,51.3947168],[0.1113928,51.394736],[0.1107852,51.3947561],[0.110091,51.3947873],[0.1095259,51.3948028],[0.1088023,51.3948148],[0.1081331,51.3948193],[0.1074682,51.3948083],[0.1066272,51.3947854],[0.1056233,51.3947459],[0.1050157,51.3947305],[0.1042716,51.3947021],[0.103777,51.3946829],[0.1034042,51.3946719],[0.1028303,51.3946609],[0.1023078,51.3946563],[0.1017384,51.39466],[0.1012614,51.3946682],[0.1006493,51.3946856],[0.100074,51.3947067],[0.0989806,51.394769],[0.0981675,51.3948312],[0.097598,51.394877],[0.0972047,51.3949091],[0.0967556,51.3949411],[0.0963593,51.3949704],[0.0958749,51.3949952],[0.0954889,51.3950116],[0.0949415,51.3950235],[0.0943603,51.3950355],[0.0937292,51.3950373],[0.0931142,51.3950281],[0.0922865,51.3950016],[0.0915174,51.3949631],[0.0904269,51.3949118],[0.0895375,51.3948761],[0.0888741,51.3948431],[0.0883663,51.3948202],[0.0877733,51.3947992],[0.0872684,51.3947845],[0.086517,51.3947763],[0.0859358,51.3947745],[0.0853883,51.3947809],[0.0846295,51.3948083],[0.0839074,51.3948431],[0.0829857,51.3949081],[0.0820755,51.3949968],[0.0811477,51.3951114],[0.0804067,51.3952163],[0.0798305,51.3953106],[0.0790177,51.395464]],[[0.0790177,51.395464],[0.0788245,51.395502]],[[0.0788245,51.395502],[0.0780379,51.3956765],[0.0768501,51.3959778],[0.076257,51.3961424],[0.0757374,51.3962915],[0.075004,51.396526],[0.0743608,51.396746],[0.0738697,51.3969252],[0.0732198,51.3971775],[0.07262,51.3974204],[0.0719317,51.3977049],[0.0712251,51.3980093],[0.0708074,51.3981781],[0.070201,51.3984366],[0.0696163,51.3986763],[0.0689747,51.3989296],[0.0683616,51.3991516],[0.0678604,51.3993236],[0.0673826,51.3994685],[0.0669683,51.3995936],[0.0664504,51.3997374],[0.0659008,51.3998781],[0.0653495,51.4000084],[0.0648934,51.4001116],[0.0643321,51.4002252],[0.0639285,51.4002966]],[[0.0639285,51.4002966],[0.0638447,51.4003116]],[[0.0638447,51.4003116],[0.0629664,51.4004522],[0.0624576,51.4005285],[0.061203,51.400666],[0.0607018,51.4007088],[0.0602407,51.4007432],[0.0597362,51.4007734],[0.0593382,51.4007883]],[[0.0593382,51.4007883],[0.0589643,51.4007981]],[[0.0589643,51.4007981],[0.058109,51.4008036],[0.0573723,51.4007922],[0.056268,51.4007421],[0.055421,51.4006973],[0.0539558,51.400615],[0.0525124,51.4005347],[0.0513797,51.4004711],[0.0504058,51.4004201],[0.0497392,51.4003826],[0.0489203,51.4003356],[0.048249,51.4002971],[0.0471465,51.4002328],[0.0471046,51.4002304],[0.0459736,51.4001689],[0.045038,51.4001178],[0.0429438,51.4000021],[0.0426056,51.3999834],[0.041513,51.3999229],[0.0402515,51.3998573],[0.0390588,51.399794],[0.0376196,51.3997227],[0.0367399,51.3996905]],[[0.0367399,51.3996905],[0.0365946,51.3996832]],[[0.0365946,51.3996832],[0.0363503,51.3996762],[0.0350131,51.3996485],[0.0339072,51.399639],[0.0329118,51.3996367],[0.0327992,51.3996379]],[[0.0327992,51.3996379],[0.0325685,51.3996403]],[[0.0325685,51.3996403],[0.0321327,51.3996449],[0.031313,51.3996573],[0.0304782,51.3996862],[0.0295659,51.3997115],[0.0285431,51.3997469],[0.0272493,51.3997857],[0.0261416,51.3998182],[0.0251811,51.3998453],[0.0242349,51.3998747],[0.0230355,51.3999095],[0.0221308,51.3999395],[0.0213101,51.3999654],[0.0205915,51.3999872],[0.0198454,51.4000114],[0.0185913,51.4000426],[0.0176544,51.4000796],[0.0175123,51.4000845]],[[0.0175123,51.4000845],[0.0165685,51.4001154]],[[0.0165685,51.4001154],[0.0157084,51.4001437],[0.0152212,51.4001615],[0.0149011,51.4001721],[0.0143789,51.4001997],[0.0139577,51.4002304],[0.0135459,51.4002728],[0.0131653,51.4003229],[0.0127611,51.40038],[0.0123211,51.4004478],[0.0120075,51.4005044],[0.0117185,51.4005586],[0.0112511,51.4006622],[0.0108393,51.4007648],[0.0103728,51.4008903],[0.0099913,51.4010022],[0.0096758,51.4011047],[0.0093274,51.4012255],[0.0089185,51.4013793],[0.0086096,51.4015053],[0.0082121,51.4016768],[0.0078079,51.40187],[0.0074311,51.4020586],[0.0070627,51.4022571],[0.0067341,51.4024527],[0.0064848,51.40261],[0.006192,51.4028021],[0.0059267,51.4029941],[0.0056792,51.4031774],[0.0054752,51.4033441],[0.0052269,51.4035344],[0.0049284,51.4037736],[0.0044515,51.4041394],[0.0039422,51.4045413],[0.0034775,51.4049045],[0.0028978,51.4053586],[0.0021873,51.4059169],[0.0020941,51.405988],[0.0018655,51.4061625]],[[0.0018655,51.4061625],[0.0016558,51.4063166]],[[0.0016558,51.4063166],[0.0013967,51.4065066],[0.001167,51.4066632],[0.0009039,51.4068257],[0.0006261,51.4069881],[0.0002868,51.4071864],[-0.000023000000000000017,51.4073497],[-0.0002901,51.4074747],[-0.0006267,51.4076313],[-0.0010113,51.4077962],[-0.0012451,51.4079004]],[[-0.0012451,51.4079004],[-0.0017392,51.4080903],[-0.0023295,51.4083011],[-0.0026688,51.4084069],[-0.0031325,51.4085351]],[[-0.0031325,51.4085351],[-0.0036038,51.4086605],[-0.0040873,51.4087665]],[[-0.0040873,51.4087665],[-0.0047997,51.4088995],[-0.0051535,51.4089556],[-0.0058495,51.4090475],[-0.0068829,51.4091498]],[[-0.0068829,51.4091498],[-0.0123884,51.4097111],[-0.0176543,51.4102179],[-0.0223185,51.41068],[-0.02463,51.4109025],[-0.0255375,51.4109998],[-0.0264527,51.4110877],[-0.0276609,51.411208],[-0.0287343,51.4113124],[-0.0292654,51.4113631],[-0.0299197,51.4114266],[-0.0304778,51.4114614],[-0.0309974,51.411488],[-0.0316291,51.4115109],[-0.0320934,51.4115133],[-0.0328321,51.4115112],[-0.0333847,51.4114991],[-0.0339752,51.4114665]],[[-0.0339752,51.4114665],[-0.0342523,51.4114486]],[[-0.0342523,51.4114486],[-0.035101,51.411384],[-0.0353673,51.4113649]],[[-0.0353673,51.4113649],[-0.0357894,51.4113224]],[[-0.0357894,51.4113224],[-0.0371077,51.4111802],[-0.0383523,51.4110798],[-0.0386679,51.4110702],[-0.0390031,51.4110656],[-0.0394392,51.4110592],[-0.0399504,51.4110805],[-0.040433,51.4111057],[-0.0407153,51.4111343],[-0.0410159,51.4111644],[-0.0415062,51.4112323],[-0.0418645,51.4112894],[-0.0424632,51.4114057],[-0.0431311,51.4115587],[-0.0437241,51.4117238],[-0.0443249,51.4119146],[-0.0446518,51.4120316],[-0.0449912,51.4121638],[-0.0452691,51.4122768],[-0.0454214,51.4123344],[-0.0456442,51.4124392],[-0.0459694,51.4125963],[-0.046085,51.4126541],[-0.0462324,51.412731],[-0.046694,51.4129921]],[[-0.046694,51.4129921],[-0.0468821,51.4131054]],[[-0.0468821,51.4131054],[-0.047288,51.4133717],[-0.0474925,51.4135165],[-0.0477051,51.4136745],[-0.0478782,51.4138125],[-0.0480869,51.4139848]],[[-0.0480869,51.4139848],[-0.0483783,51.4142417],[-0.0485776,51.4144313],[-0.0489121,51.414762],[-0.0490853,51.4149376]],[[-0.0490853,51.4149376],[-0.0492677,51.4151206]],[[-0.0492677,51.4151206],[-0.0496069,51.4154547],[-0.0499795,51.415821],[-0.0506171,51.4164559],[-0.0509518,51.4167862]],[[-0.0509518,51.4167862],[-0.0512186,51.4170279]],[[-0.0512186,51.4170279],[-0.0513143,51.4171194]],[[-0.0513143,51.4171194],[-0.0514592,51.4172527]],[[-0.0514592,51.4172527],[-0.0516379,51.4174194],[-0.0518061,51.4175613],[-0.0521735,51.4178391],[-0.0524589,51.4180701],[-0.0526935,51.4182632],[-0.0529599,51.4184641],[-0.0531971,51.4186452],[-0.0534904,51.4188511],[-0.0538624,51.4191162],[-0.0544407,51.4194981],[-0.0550655,51.4198938],[-0.0554845,51.4201502],[-0.0559168,51.4203891],[-0.0566033,51.4207781],[-0.0570196,51.4209922],[-0.0573522,51.4211536]],[[-0.0573522,51.4211536],[-0.057529,51.4212404]],[[-0.057529,51.4212404],[-0.0576022,51.4212726]],[[-0.0576022,51.4212726],[-0.0650782,51.4250503],[-0.06555224125788653,51.425287175769256]],[[0.0212146,51.3999955],[0.0182279,51.4001096],[0.0176606,51.4001183],[0.0174962,51.4001208],[0.017497,51.4001382],[0.0182157,51.4001372],[0.0193682,51.4000942],[0.0212142,51.4000108],[0.0212146,51.3999955]],[[0.107475,51.3948476],[0.1074721,51.3948831],[0.1065,51.3948721],[0.1058778,51.3948486],[0.1039759,51.3947567],[0.1039761,51.3947262],[0.1051683,51.3947751],[0.10632,51.3948272],[0.1067553,51.3948397],[0.107475,51.3948476]],[[-0.06545042115557265,51.42527658460701],[-0.0650466,51.4250748],[-0.0575759,51.4213005]],[[-0.0575759,51.4213005],[-0.0575106,51.4212717]],[[-0.0575106,51.4212717],[-0.0573346,51.4211797]],[[-0.0573346,51.4211797],[-0.0569927,51.4210217],[-0.0566033,51.4208155],[-0.0561958,51.4205927],[-0.0557053,51.4203153],[-0.0552136,51.420025],[-0.0544204,51.4195222],[-0.0538349,51.4191356],[-0.0533631,51.4188029],[-0.0532644,51.4187378],[-0.0530538,51.4185812],[-0.0526618,51.4182861],[-0.052346,51.4180432],[-0.0520836,51.4178282],[-0.0517949,51.4175969],[-0.0516015,51.4174343],[-0.0514191,51.4172723]],[[-0.0514191,51.4172723],[-0.0512973,51.4171542]],[[-0.0512973,51.4171542],[-0.0511771,51.4170458]],[[-0.0511771,51.4170458],[-0.0509097,51.4168035]],[[-0.0509097,51.4168035],[-0.0505744,51.4164727],[-0.0499368,51.4158377],[-0.0495642,51.4154714],[-0.0492195,51.4151373]],[[-0.0492195,51.4151373],[-0.0490445,51.4149573]],[[-0.0490445,51.4149573],[-0.0486219,51.414534],[-0.048535,51.4144481]],[[-0.048535,51.4144481],[-0.0483345,51.4142595],[-0.0481797,51.4141198]],[[-0.0468594,51.4131401],[-0.0472465,51.4133954],[-0.047459,51.4135428],[-0.0476615,51.4136955],[-0.0478406,51.4138334],[-0.0480511,51.4140087],[-0.0481797,51.4141198]],[[-0.0466793,51.4130254],[-0.0468594,51.4131401]],[[-0.0391079,51.4110975],[-0.0398933,51.4111082],[-0.040426,51.4111414],[-0.0408523,51.4111826],[-0.0413609,51.4112467],[-0.0417085,51.4112973],[-0.0420091,51.4113495],[-0.0424658,51.4114389],[-0.0428932,51.4115339],[-0.0432611,51.411628],[-0.0436378,51.4117317],[-0.0441987,51.4119141],[-0.0444315,51.4119937],[-0.0446831,51.4120845],[-0.0450556,51.4122311],[-0.0454127,51.4123809],[-0.0457082,51.4125157],[-0.0459491,51.4126329],[-0.0462846,51.4128057],[-0.0464919,51.4129201],[-0.0466793,51.4130254]],[[-0.0391079,51.4110975],[-0.0388494,51.4110983],[-0.0384665,51.411106],[-0.038091,51.4111275],[-0.0376626,51.411162],[-0.0373412,51.4111912],[-0.0368635,51.4112411],[-0.0363588,51.4112933],[-0.0357912,51.4113525]],[[-0.0357912,51.4113525],[-0.0353664,51.4113947]],[[-0.0353664,51.4113947],[-0.0351891,51.4114108],[-0.0346745,51.4114561],[-0.034331,51.4114769]],[[-0.034331,51.4114769],[-0.0340085,51.4114991]],[[-0.0340085,51.4114991],[-0.0335812,51.4115183],[-0.0330826,51.4115375],[-0.0326357,51.4115467],[-0.0320952,51.411546],[-0.0315252,51.4115398],[-0.0307434,51.4115091],[-0.0302115,51.4114746],[-0.0296513,51.4114346],[-0.0292404,51.4113951],[-0.0288306,51.411354],[-0.0285181,51.4113191],[-0.0255257,51.4110326],[-0.0246211,51.4109342],[-0.0239053,51.4108687],[-0.0176504,51.410247],[-0.007065,51.4092016],[-0.0065855,51.4091549],[-0.0058897,51.4090833],[-0.00525,51.4090025]],[[-0.00525,51.4090025],[-0.0045555,51.4088917],[-0.0039331,51.4087667],[-0.0034309,51.4086518],[-0.0029501,51.4085243],[-0.0026056,51.4084243],[-0.0021421,51.4082744],[-0.0017243,51.4081184],[-0.0011985,51.4079221]],[[-0.0011985,51.4079221],[-0.0010336,51.4078487],[-0.0007371,51.407727],[-0.000438,51.4075888],[-0.00009210000000000002,51.4074205],[0.0002846,51.4072239],[0.0006104,51.4070389],[0.0010084,51.4068081],[0.0013811,51.4065765],[0.0017804,51.4063108]],[[0.0017804,51.4063108],[0.0019834,51.4061792]],[[0.0019834,51.4061792],[0.0022906,51.4059792],[0.0025417,51.4057859],[0.0028114,51.4055735],[0.0031747,51.4052769],[0.0035045,51.4050001],[0.0036462,51.4048811],[0.0040869,51.4045212],[0.0045477,51.4041288],[0.0050111,51.4037581],[0.0054598,51.4033956],[0.0057283,51.4031865],[0.0059927,51.4029807],[0.0062759,51.4027933],[0.0066084,51.4025675],[0.0068502,51.402425],[0.0071213,51.4022634],[0.0075406,51.4020351],[0.0078438,51.4018834],[0.0082418,51.4017051],[0.0085343,51.4015776],[0.0089937,51.4013877],[0.0093997,51.4012352],[0.0098779,51.4010727],[0.0102865,51.4009494],[0.0106952,51.4008361],[0.0111854,51.4007094],[0.0116755,51.4005945],[0.0120615,51.4005261],[0.0124381,51.4004603],[0.0129136,51.4003895],[0.0133877,51.4003237],[0.0138939,51.4002695],[0.0144575,51.4002295],[0.0151854,51.4001878],[0.0157191,51.4001696],[0.0165729,51.4001658]],[[0.0165729,51.4001658],[0.0175152,51.4001566]],[[0.0175152,51.4001566],[0.0182153,51.4001571],[0.0193852,51.4001146],[0.0206171,51.4000555],[0.0223543,51.3999706],[0.0231021,51.3999375],[0.023928,51.3999171],[0.0251283,51.3998777],[0.0259536,51.3998553],[0.0268489,51.399827],[0.0276677,51.3998017],[0.0287481,51.3997716],[0.0300853,51.3997304],[0.0310845,51.3996903],[0.0322338,51.399675],[0.0326247,51.3996702]],[[0.0326247,51.3996702],[0.0328392,51.3996657]],[[0.0328392,51.3996657],[0.0330129,51.3996667],[0.0341868,51.3996691],[0.0353058,51.3996785],[0.0365762,51.399713]],[[0.0365762,51.399713],[0.0367265,51.3997194]],[[0.0367265,51.3997194],[0.037748,51.3997639],[0.038902,51.3998199],[0.0397867,51.399862],[0.0402546,51.399887],[0.0412557,51.3999458],[0.0422681,51.4000239],[0.0431836,51.4001074],[0.0439755,51.4001574],[0.0449232,51.4002053],[0.0449698,51.4002077],[0.0456846,51.400221],[0.0462106,51.4002311],[0.0477461,51.4003127],[0.0489239,51.4003826],[0.0495738,51.4004222],[0.0503205,51.4004597],[0.0521632,51.4005577],[0.0533176,51.4006212],[0.0543664,51.4006833],[0.0553071,51.400741],[0.0561757,51.4007875],[0.0571814,51.400825],[0.0574556,51.4008298],[0.058086,51.4008407],[0.0585463,51.4008443],[0.0590033,51.4008375]],[[0.0590033,51.4008375],[0.0593663,51.4008276]],[[0.0593663,51.4008276],[0.0598759,51.4008088],[0.0605426,51.4007709],[0.0612113,51.4007164],[0.0618123,51.4006567],[0.0629101,51.4005096],[0.0638596,51.4003524]],[[0.0638596,51.4003524],[0.0639427,51.4003379]],[[0.0639427,51.4003379],[0.0647977,51.4001784],[0.0653583,51.4000508],[0.0658993,51.3999211],[0.0664941,51.3997668],[0.0671546,51.399586]],[[0.0671546,51.399586],[0.067941,51.3993408],[0.0687129,51.399076],[0.0694513,51.3987936],[0.0702782,51.3984488],[0.0719639,51.3977513],[0.0727925,51.3974031],[0.0736593,51.3970504],[0.0742527,51.3968267],[0.0748608,51.3966099],[0.0755056,51.3964014],[0.0761366,51.3962125]],[[0.0761366,51.3962125],[0.0768455,51.3960179],[0.0779614,51.3957312],[0.0788477,51.3955336]],[[0.0788477,51.3955336],[0.0790454,51.3954929]],[[0.0790454,51.3954929],[0.0798544,51.3953454],[0.0808522,51.3951849],[0.0814496,51.3951044],[0.0822377,51.3950091],[0.0829848,51.3949386],[0.0836892,51.3948791],[0.0845229,51.3948434],[0.0853463,51.3948177],[0.0863384,51.3948058],[0.0872689,51.394815],[0.0877826,51.3948269],[0.088493,51.3948553],[0.0893707,51.3949011],[0.0903687,51.3949423],[0.0914269,51.3949908],[0.0926113,51.3950403],[0.0934053,51.3950613],[0.0940203,51.3950686],[0.0947571,51.3950595],[0.0953133,51.3950494],[0.0959767,51.3950238],[0.0963906,51.3950018],[0.0968118,51.3949716],[0.0972962,51.3949322],[0.0979464,51.3948846],[0.0985011,51.3948397],[0.0989928,51.3948031],[0.1001229,51.3947426],[0.1005798,51.3947299],[0.1010799,51.3947161],[0.102006,51.3947161],[0.1027002,51.3947234],[0.1032975,51.3947426],[0.1039683,51.3947719],[0.1045979,51.3948067],[0.1054095,51.394847],[0.1063195,51.3948754],[0.1072559,51.3949056],[0.1080837,51.3949029],[0.108885,51.3948827],[0.1095983,51.3948534],[0.1101194,51.3948296],[0.1111673,51.3947738],[0.1117059,51.3947472]],[[0.1117059,51.3947472],[0.1120112,51.3947298]],[[0.1120112,51.3947298],[0.1127113,51.3946767],[0.113338,51.3946364],[0.1137913,51.3946032]],[[0.1137913,51.3946032],[0.1149539,51.3945243]],[[0.1149539,51.3945243],[0.115086,51.3945164],[0.1161149,51.3944468],[0.1172376,51.394369],[0.1185864,51.3942884],[0.1197621,51.3941831],[0.1211417,51.3940924],[0.1226819,51.3939855],[0.1246584,51.3938465],[0.1265018,51.3937183],[0.1291512,51.3935656],[0.1331394,51.3933763],[0.1345352,51.3933065],[0.1367332,51.3932055],[0.1390255,51.3930966]],[[0.1390255,51.3930966],[0.1392365,51.3930856]],[[0.1392365,51.3930856],[0.1405012,51.393026],[0.1425564,51.3929315],[0.1446026,51.3928357],[0.1466471,51.3927273],[0.14770459954218834,51.392677491730396]],[[0.0874358,51.3754191],[0.0879754,51.3748282],[0.0882152,51.3745611],[0.0885321,51.3741938],[0.0886437,51.3740647],[0.0887117,51.3739834],[0.0888344,51.3738338],[0.0890105,51.3736266],[0.0892232,51.3733695],[0.0892436,51.3733456],[0.0892021,51.3733309],[0.0891746,51.3733622],[0.0889294,51.3736512],[0.0887913,51.3738176],[0.088481,51.3741946],[0.0882242,51.3744916],[0.0877478,51.3750421],[0.0874139,51.3754123],[0.0874358,51.3754191]],[[-0.0251073,51.4109285],[-0.0255464,51.4109725],[-0.0259589,51.4110139],[-0.0285256,51.4112713],[-0.0285316,51.4112615]],[[0.0877857,51.3750506],[0.0879453,51.3748777],[0.0883306,51.3744543],[0.0886444,51.3740843],[0.0891532,51.373474],[0.0892265,51.3733861]],[[0.0870221,51.3759022],[0.0877857,51.3750506]],[[0.0702374,51.3928476],[0.0698962,51.3932775],[0.0697001,51.3935808],[0.06953,51.3938468],[0.069336,51.394163]],[[0.069336,51.394163],[0.0691439,51.3944935],[0.0689016,51.3949261],[0.0685842,51.3954691],[0.0684155,51.395737],[0.0682334,51.3960007],[0.0680546,51.3962217],[0.0678541,51.3964479],[0.0676687,51.3966303],[0.0674615,51.3968211],[0.0672193,51.3970275],[0.0669437,51.397237],[0.066688,51.3974048],[0.0665068,51.3975207],[0.0662776,51.3976585],[0.0660827,51.3977691],[0.0657637,51.397929],[0.0654649,51.398069],[0.0651766,51.3981973],[0.0645139,51.3984854],[0.0640969,51.398669],[0.0636764,51.3988554],[0.0634857,51.3989522]],[[0.0634857,51.3989522],[0.0632275,51.3990832],[0.0629889,51.3992173],[0.0626404,51.3994391],[0.0623899,51.3996057],[0.0620249,51.399846],[0.0617733,51.4000074],[0.0615677,51.4001246],[0.0612807,51.4002719],[0.061081,51.4003589],[0.0608731,51.4004378],[0.0605932,51.4005218],[0.0603463,51.4005844],[0.0600533,51.4006397],[0.059791,51.4006743],[0.0594012,51.4007075]],[[0.0007121,51.4067308],[0.0004183,51.4068857],[0.00005229999999999997,51.4070632],[-0.0002281,51.4071848],[-0.0006756,51.4073664],[-0.0012458,51.4075914],[-0.0018869,51.4078421],[-0.0024438,51.4080637],[-0.0029407,51.4082628],[-0.0033587,51.4084186],[-0.0038008,51.4085677],[-0.0042428,51.4086994],[-0.0046675,51.4088043],[-0.0052031,51.4089151],[-0.0056229,51.4089856],[-0.0061753,51.4090563],[-0.0068829,51.4091498]],[[-0.0533228,51.4188194],[-0.0538409,51.4191883],[-0.0538676,51.4192073],[-0.054338,51.4195143],[-0.05439,51.4195483],[-0.0551137,51.4200046]],[[-0.0280304,51.4113017],[-0.0280298,51.4112943],[-0.0268634,51.4111855],[-0.0261268,51.4111078],[-0.0258593,51.4110822],[-0.025785,51.4110751],[-0.0252093,51.4110201]],[[-0.00525,51.4090025],[-0.004651,51.4088869],[-0.0040873,51.4087665]],[[-0.0031325,51.4085351],[-0.0025669,51.4083559],[-0.0019511,51.4081291],[-0.0014478,51.4079347],[-0.0008925,51.4076985],[-0.00011720000000000003,51.4073297],[0.0001907,51.4071764],[0.000525,51.4069893],[0.001214,51.4065743]],[[0.05931,51.400749],[0.0596455,51.4007265],[0.0600132,51.4006799],[0.0604165,51.400601],[0.060726,51.4005221],[0.0610046,51.4004279],[0.0612384,51.4003272],[0.0615425,51.4001835],[0.061814,51.4000277],[0.0620203,51.3998969],[0.0622109,51.3997674],[0.0630478,51.3992246],[0.0632875,51.3990891],[0.0635005,51.3989755]],[[0.0635005,51.3989755],[0.0643745,51.3986031],[0.0654542,51.3981134]],[[0.0654542,51.3981134],[0.0658118,51.3979442],[0.0661534,51.3977666],[0.0664375,51.3976028],[0.0666822,51.3974506],[0.0669052,51.3973042],[0.0671232,51.3971445],[0.0672703,51.3970321],[0.0674382,51.3968836],[0.0677113,51.3966418],[0.0679586,51.3963869],[0.0681839,51.3961303],[0.0683403,51.3959226],[0.0684831,51.3957141],[0.0687388,51.3952904],[0.0692383,51.3944523],[0.0695184,51.3940209],[0.0697975,51.3936142],[0.0701058,51.3931956],[0.0704318,51.3927761],[0.0708095,51.3923343]],[[0.0865475,51.3764083],[0.0868403,51.3761016],[0.0868933,51.3760443]],[[-0.0649715,51.4133324],[-0.0653384,51.4129526],[-0.0653479,51.4129426],[-0.0654621,51.4128234],[-0.0655105,51.4127728],[-0.0655704,51.4127581],[-0.0655748,51.4127533],[-0.0656066,51.4127189],[-0.0656184,51.4127061],[-0.065629,51.4126946],[-0.0656413,51.4126813],[-0.0656521,51.4126696],[-0.0656453,51.4126675],[-0.0657098,51.4125962],[-0.06574,51.4125647],[-0.0658704,51.412421],[-0.065892,51.4123662],[-0.0659529,51.4123],[-0.0659972,51.4122519],[-0.0660155,51.412232],[-0.0660244,51.4122215],[-0.0660607,51.4121786],[-0.0660634,51.412176],[-0.0660767,51.4121598],[-0.066362,51.4118233],[-0.0663161,51.4118059],[-0.066148,51.4120065],[-0.0659211,51.4122566],[-0.0657129,51.412486],[-0.0656961,51.412489],[-0.0655316,51.4126762],[-0.065309,51.4129109],[-0.0651097,51.4131157],[-0.0649159,51.413314],[-0.0649715,51.4133324]],[[-0.0615217,51.4167713],[-0.0614706,51.4167542],[-0.0612828,51.4169456],[-0.06115,51.4170792],[-0.0610071,51.4172228],[-0.0608188,51.4174129],[-0.0605561,51.4176758],[-0.0604205,51.4178131],[-0.0602314,51.4180032],[-0.0602908,51.4180218],[-0.0606768,51.4176297],[-0.0606971,51.4176091],[-0.0607621,51.4175431],[-0.0608394,51.4174717],[-0.0608583,51.4174543],[-0.0608864,51.4174283],[-0.0609074,51.4174089],[-0.060932,51.4173862],[-0.0609414,51.4173773],[-0.0609727,51.4173476],[-0.0609927,51.4173287],[-0.0610356,51.417286],[-0.0610577,51.417264],[-0.0611001,51.4172162],[-0.0612458,51.4170472],[-0.0615217,51.4167713]],[[-0.066188,51.4119278],[-0.0663196,51.4117629],[-0.0664744,51.4115679],[-0.0665168,51.4115119],[-0.0666463,51.4113279],[-0.0667922,51.4111143],[-0.066997,51.4107855],[-0.0671103,51.4106008],[-0.0673675,51.4101675],[-0.0674859,51.4099637],[-0.0676699,51.4096169],[-0.0678623,51.4092839],[-0.0679178,51.4091772],[-0.0681968,51.40868],[-0.068576,51.4080186],[-0.0688795,51.4074921],[-0.06904,51.4072179],[-0.0694621,51.4064697],[-0.06986777775548791,51.40575689227637]],[[-0.0601316,51.4180737],[-0.0602347,51.4179772],[-0.0603876,51.4178208],[-0.0608643,51.4173326],[-0.061315,51.4168804],[-0.0616286,51.4165673],[-0.061944,51.4162493],[-0.0620785,51.4161173],[-0.0622687,51.4159285],[-0.0625391,51.4156522],[-0.0627566,51.4154513],[-0.0630243,51.415195],[-0.0633981,51.4148252],[-0.0637459,51.414478],[-0.0644801,51.4137331],[-0.0646482,51.4135634],[-0.0650122,51.4131902],[-0.0652001,51.4129942],[-0.0653701,51.4128189],[-0.065875,51.4122854],[-0.0659291,51.4122251],[-0.066188,51.4119278]],[[-0.0600069,51.4181966],[-0.0601316,51.4180737]],[[-0.0600069,51.4181966],[-0.059446,51.4187582],[-0.0592197,51.4189897],[-0.0589312,51.4193065],[-0.0585375,51.4198069],[-0.0580514,51.4204275],[-0.057557,51.421125],[-0.0571053,51.4217984],[-0.0566714,51.4225557],[-0.05646696142503283,51.422966827532214]],[[-0.0264385,51.4107268],[-0.0267816,51.4108058],[-0.0269885,51.4108591],[-0.0271562,51.4108997],[-0.0272087,51.4109183]],[[0.060565,51.4023073],[0.0603824,51.4025403],[0.0602344,51.4027521],[0.0600824,51.4029611],[0.059917,51.4031685],[0.059784,51.4033361],[0.0596246,51.4035129]],[[0.064147,51.4007932],[0.0645595,51.4005902],[0.0651325,51.400338],[0.0656982,51.400106],[0.0662969,51.3998773],[0.0671546,51.399586]],[[0.063991,51.4008665],[0.064147,51.4007932]],[[0.0611254,51.4025597],[0.0616768,51.4021697],[0.0622582,51.4018008],[0.0626951,51.4015397],[0.0634749,51.4011185],[0.063991,51.4008665]],[[0.0609727,51.4026804],[0.0611254,51.4025597]],[[0.0598365,51.4035464],[0.0609727,51.4026804]],[[0.0590559,51.4005796],[0.0593164,51.4005332],[0.0596353,51.4004718],[0.0598811,51.4004196],[0.0601534,51.4003524],[0.0604266,51.4002769],[0.0610723,51.4000631],[0.0613668,51.3999411],[0.0617497,51.3997729],[0.0620487,51.3996244],[0.0623009,51.3994839],[0.0624405,51.3994018],[0.0625867,51.399307],[0.0628623,51.3991194],[0.0630971,51.3989432],[0.063305,51.3987785],[0.0634693,51.3986433],[0.0642531,51.3979734],[0.065036,51.3973023],[0.0663222,51.3961988],[0.0669696,51.3956437],[0.0673112,51.3953539],[0.0676678,51.3950487],[0.0689785,51.3939253],[0.0694716,51.3934968],[0.0699907,51.3930153]],[[0.0590286,51.4005461],[0.0593163,51.4004977],[0.0596282,51.4004366],[0.060005,51.4003489],[0.0602885,51.4002744],[0.0606737,51.4001499],[0.0609926,51.4000496],[0.0612631,51.3999494],[0.0615017,51.3998433],[0.0617557,51.3997261],[0.062005,51.3996023],[0.0623169,51.3994291],[0.0625271,51.3992935],[0.0627303,51.3991608],[0.0629111,51.399037],[0.0630788,51.3989029],[0.0630973,51.3988882],[0.0632761,51.3987459],[0.063445,51.3986125],[0.0636234,51.3984592],[0.063875,51.398244],[0.0643511,51.3978342],[0.065074,51.3972165],[0.0658005,51.396596],[0.0661644,51.3962827],[0.0667491,51.3957815],[0.0673452,51.3952746],[0.0678731,51.3948212],[0.0683559,51.3944094],[0.0686483,51.3941551],[0.0689824,51.3938684],[0.0699192,51.3930399]],[[0.0186616,51.4101296],[0.0184516,51.4098945],[0.0181756,51.4095914],[0.017672,51.4090725],[0.0171676,51.4085581],[0.0172224,51.4085382],[0.0177275,51.4090541],[0.0182339,51.409577],[0.0184911,51.4098581],[0.0186987,51.4101152],[0.0186616,51.4101296]],[[0.0210969,51.4131466],[0.0212238,51.41341],[0.0213316,51.4136761],[0.0214287,51.4139595],[0.0214599,51.414082],[0.0215134,51.4142766],[0.0215535,51.4144899],[0.0215874,51.4147378],[0.0216105,51.414953]],[[0.0190816,51.4106218],[0.0189471,51.4104342],[0.018718,51.4101086],[0.0185099,51.4098515],[0.0182497,51.4095704],[0.0177458,51.4090465]],[[0.0190816,51.4106218],[0.0191401,51.4107076],[0.0192815,51.4109103],[0.0193779,51.4110206]],[[0.0193779,51.4110206],[0.0199471,51.4116088],[0.020366,51.4120589],[0.020722,51.4124982],[0.0209173,51.4127899],[0.0211175,51.4131342],[0.0212515,51.413408],[0.0213547,51.4136742],[0.0214516,51.4139581],[0.0214557,51.4139714],[0.0215362,51.4142735],[0.0215754,51.4144882],[0.0216151,51.4147387],[0.0216361,51.4149509],[0.0216977,51.4159256],[0.0217435,51.4167498],[0.0218041,51.4173965],[0.0218983,51.4179683],[0.0220458,51.4185766],[0.0221965,51.4190185],[0.022409,51.4195457],[0.0225702,51.4198917]],[[0.0225702,51.4198917],[0.0226216,51.4199951]],[[0.0226216,51.4199951],[0.0229474,51.4205716],[0.0238655,51.4220177]],[[0.0238655,51.4220177],[0.0239747,51.4221785]],[[0.0239747,51.4221785],[0.0239972,51.4222141],[0.024037,51.4222678],[0.0240727,51.4223308],[0.024264,51.4226357],[0.0245118,51.4230933],[0.024779,51.4235754],[0.0250014,51.4239504],[0.025222,51.4243274],[0.0254728,51.4248438],[0.0255792,51.4251262],[0.0256505,51.4254096],[0.0257065,51.4257663],[0.0257187,51.4261193],[0.0257131,51.4264036],[0.0256994,51.4268451],[0.0256698,51.4271661],[0.025594,51.4274754],[0.025527,51.4276707],[0.0254481,51.4278589],[0.0253557,51.4280493],[0.025254,51.4282205],[0.0251045,51.4284349],[0.0249111,51.4286384],[0.02483384024203057,51.42870079494325]],[[0.0217085,51.4149601],[0.0216883,51.4147381],[0.0216535,51.4144838],[0.0216092,51.4142697],[0.0215261,51.413951],[0.0214268,51.4136666],[0.0213209,51.4133931],[0.0212024,51.4131246]],[[0.024850985633277804,51.42870858180844],[0.0249382,51.428656],[0.0251119,51.4285278],[0.0252794,51.4283627],[0.0254087,51.4282098],[0.0255097,51.428057],[0.0256009,51.4278834],[0.0256661,51.4277176],[0.025708,51.4275463],[0.0257388,51.427279],[0.0257561,51.4268436],[0.0257724,51.4263943],[0.0257596,51.4258731],[0.0256992,51.4254651],[0.0256288,51.4251328],[0.0255331,51.4248948],[0.0253941,51.4245679],[0.0252379,51.4242609],[0.0249075,51.4236967],[0.024773,51.4234579],[0.0245561,51.4230857],[0.0242777,51.4225614],[0.0241741,51.4224083],[0.0240691,51.422235],[0.0240192,51.4221702]],[[0.0240192,51.4221702],[0.0239253,51.4220065]],[[0.0239253,51.4220065],[0.0229939,51.4205589],[0.0226682,51.4199861]],[[0.0226682,51.4199861],[0.022618,51.4198857]],[[0.022618,51.4198857],[0.022451,51.4195384],[0.0222409,51.4190083],[0.0220984,51.41857],[0.0219466,51.4179643],[0.0218532,51.4173934],[0.0217949,51.4167527],[0.0217388,51.4159256],[0.0216805,51.4149615],[0.0216618,51.4147372],[0.0216244,51.4144868],[0.0215847,51.4142712],[0.0215007,51.4139523],[0.021404,51.4136703],[0.0212947,51.4133965],[0.0211637,51.4131265],[0.0209644,51.4127818],[0.020768,51.412486],[0.0204127,51.4120438],[0.0199919,51.4115912],[0.0194289,51.4110041]],[[0.0194289,51.4110041],[0.0191903,51.4107594]],[[0.0191903,51.4107594],[0.0190816,51.4106218]],[[-0.0723907,51.4179342],[-0.0723769,51.4179502],[-0.0723693,51.4179597],[-0.0721249,51.4178721],[-0.0719311,51.4178021],[-0.0717821,51.4177441],[-0.0714822,51.4176316],[-0.0712275,51.417537],[-0.0710154,51.4174579],[-0.0706044,51.417305],[-0.0702884,51.4172033],[-0.0701046,51.41715],[-0.0698556,51.417086],[-0.0696978,51.4170474],[-0.0697015,51.4170361],[-0.069766,51.4170507],[-0.0698615,51.417073],[-0.0700625,51.4171199],[-0.0701875,51.4171495],[-0.0703141,51.4171887],[-0.070447,51.4172279],[-0.0706337,51.4172905],[-0.0709672,51.4174148],[-0.0712546,51.417518],[-0.0715272,51.417616],[-0.0717742,51.4177051],[-0.0721377,51.4178377],[-0.0723907,51.4179342]],[[-0.0723627,51.4179657],[-0.0722297,51.4179208],[-0.0719701,51.4178245],[-0.0707081,51.4173561],[-0.0704522,51.4172676],[-0.0702023,51.4171906],[-0.0698753,51.4171044],[-0.0694355,51.4169974],[-0.0691351,51.4169364],[-0.0688722,51.4168875],[-0.068553,51.4168376]],[[-0.0729937,51.4182125],[-0.0729097,51.4181778],[-0.0723627,51.4179657]],[[-0.0735412,51.4185055],[-0.0733676,51.4184068],[-0.0732987,51.4183676],[-0.073194,51.4183097],[-0.073082,51.4182525],[-0.0730393,51.4182323],[-0.0729937,51.4182125]],[[-0.07822357027241705,51.42074144771016],[-0.0778331,51.4204813],[-0.0775036,51.4202821],[-0.0773905,51.4202137],[-0.0768101,51.4199595],[-0.0762565,51.4196877],[-0.0760286,51.4195801],[-0.0751454,51.4192028],[-0.0746965,51.4190089],[-0.074259,51.4188225],[-0.0740714,51.4187425],[-0.0737322,51.4185966],[-0.0736377,51.4185529],[-0.0735412,51.4185055]],[[-0.0722922,51.4180432],[-0.0722569,51.4180789],[-0.0718983,51.4179509],[-0.0715847,51.4178336],[-0.0712416,51.4177057],[-0.0709388,51.4175923],[-0.0707016,51.4175027],[-0.0704753,51.4174176],[-0.0702139,51.4173206],[-0.0697633,51.417164],[-0.0697661,51.4171602],[-0.0697783,51.4171438],[-0.0698701,51.4171716],[-0.0700378,51.4172285],[-0.0702425,51.4172981],[-0.0704773,51.4173787],[-0.0722922,51.4180432]],[[-0.07818551363383588,51.42079829057745],[-0.0778336,51.42057],[-0.0775053,51.4203428],[-0.0767833,51.4199752],[-0.0762231,51.4196928],[-0.076075,51.4196255],[-0.0759981,51.4195898],[-0.0751833,51.4192448],[-0.0746648,51.4190185],[-0.0740458,51.4187543],[-0.073734,51.4186199]],[[-0.0735133,51.4185253],[-0.073734,51.4186199]],[[-0.0728994,51.4183139],[-0.0729748,51.4183353],[-0.0730441,51.4183559],[-0.073124,51.418381],[-0.0731944,51.418404],[-0.0732915,51.4184382],[-0.073388,51.4184728],[-0.0735133,51.4185253]],[[-0.0728994,51.4183139],[-0.0728326,51.4182933],[-0.0727831,51.4182762],[-0.0721575,51.418053]],[[-0.0721575,51.418053],[-0.0701024,51.4172928],[-0.0698458,51.4172026],[-0.0696638,51.4171437],[-0.0694844,51.4170933]],[[-0.0694844,51.4170933],[-0.0689848,51.4169669],[-0.0686147,51.4168888],[-0.0682821,51.4168348]],[[-0.0720367,51.4169895],[-0.0720911,51.4170635],[-0.0721488,51.4171446],[-0.0723191,51.4173595],[-0.0724586,51.4175235],[-0.0727931,51.4178652],[-0.0728095,51.4178588],[-0.0727337,51.4177774],[-0.0727547,51.4177691],[-0.072746,51.4177595],[-0.0723568,51.4173401],[-0.0721907,51.4171344],[-0.0720566,51.4169477],[-0.0720005,51.4168676],[-0.0719524,51.4167875],[-0.0719147,51.4167144],[-0.0718745,51.4166116],[-0.0718476,51.4165358],[-0.0718294,51.4164471],[-0.0718184,51.4163734],[-0.0718027,51.4162356],[-0.0717706,51.4162371],[-0.0717867,51.4163718],[-0.0718014,51.4164705],[-0.0718162,51.4165416],[-0.071843,51.4166185],[-0.0718819,51.4167138],[-0.0719127,51.4167866],[-0.071953,51.4168594],[-0.0719993,51.4169351],[-0.0720367,51.4169895]],[[-0.07304134198127686,51.412765290270045],[-0.0729912,51.4128822],[-0.0727832,51.4133553],[-0.0726195,51.4137185],[-0.0724691,51.4140731],[-0.0723816,51.4142702],[-0.0722145,51.4146459],[-0.0719709,51.4152094],[-0.0718746,51.4154532],[-0.0718094,51.4156724],[-0.0717524,51.4160579],[-0.0717465,51.4162529],[-0.0717904,51.416528],[-0.0718172,51.4166151],[-0.071857,51.416715],[-0.0718977,51.4168039],[-0.0719461,51.4168921],[-0.0719786,51.4169451],[-0.0720738,51.4170787],[-0.0725229,51.41762],[-0.0728157,51.4179068]],[[-0.0728157,51.4179068],[-0.0730413,51.4181342],[-0.0730547,51.4181494]],[[-0.0730547,51.4181494],[-0.0730944,51.4181858],[-0.0731583,51.418242],[-0.0732066,51.4182812],[-0.0732604,51.4183225],[-0.0733143,51.4183619],[-0.0733872,51.4184118],[-0.0734377,51.418444],[-0.0735412,51.4185055]],[[-0.072421,51.417587],[-0.0725176,51.4176916],[-0.0726182,51.4177944],[-0.0727188,51.4178939],[-0.0726864,51.4179056],[-0.0725938,51.4178131],[-0.0725607,51.4178252],[-0.0724888,51.4177466],[-0.07246,51.4177565],[-0.0722953,51.4175835],[-0.0720734,51.4173005],[-0.0719082,51.4170685],[-0.0718005,51.4168815],[-0.0717164,51.4166612],[-0.0716789,51.4164874],[-0.0716561,51.4163141],[-0.0716928,51.4163099],[-0.0717183,51.4164479],[-0.0717384,51.4165482],[-0.0717652,51.4166628],[-0.0717773,51.4167013],[-0.0718269,51.4168075],[-0.0718752,51.4168953],[-0.0719154,51.4169606],[-0.0719543,51.4170191],[-0.0720013,51.417086],[-0.0720817,51.4171948],[-0.0722118,51.4173528],[-0.0723124,51.4174699],[-0.072421,51.417587]],[[-0.073734,51.4186199],[-0.0735771,51.4185468],[-0.0735224,51.4185191]],[[-0.0730314,51.4181741],[-0.0730719,51.4182112],[-0.0731434,51.4182715],[-0.073194,51.4183097],[-0.0733414,51.4184151],[-0.0734069,51.4184545],[-0.0735224,51.4185191]],[[-0.0727762,51.4179198],[-0.0728102,51.4179537],[-0.0730104,51.4181535],[-0.0730314,51.4181741]],[[-0.0727762,51.4179198],[-0.0724966,51.4176447],[-0.072287,51.4173982],[-0.0720377,51.4170886],[-0.0719409,51.4169527],[-0.0718589,51.4168149],[-0.0718074,51.4166973],[-0.0717629,51.4165461],[-0.0717384,51.4163897],[-0.0717128,51.4162256],[-0.0717035,51.4159766],[-0.0717443,51.4156703],[-0.0718665,51.4153153],[-0.0721016,51.4147577],[-0.0722273,51.4144913],[-0.0724684,51.4139338],[-0.0727041,51.4134054],[-0.0729634,51.412832],[-0.07299674186120479,51.41275401004092]],[[-0.0285316,51.4112615],[-0.0285377,51.4112518],[-0.0262872,51.4110102]],[[-0.0573154,51.4030884],[-0.0557568,51.4038372],[-0.0557453,51.4038291],[-0.0557372,51.4038234],[-0.055634,51.4038698],[-0.0556211,51.4038593],[-0.0574364,51.4029968],[-0.0574553,51.4030135],[-0.0573154,51.4030884]],[[-0.0263259,51.41099],[-0.0276858,51.4111366],[-0.0285435,51.4112314],[-0.0290637,51.4112951],[-0.0295234,51.4113472],[-0.0299801,51.4113835],[-0.0304114,51.4114136],[-0.0308706,51.4114381],[-0.0316355,51.4114666],[-0.0322837,51.4114745],[-0.0331209,51.4114627]],[[-0.0331209,51.4114627],[-0.033476,51.4114524],[-0.0339149,51.4114318]],[[-0.034213,51.4114136],[-0.0339149,51.4114318]],[[-0.0353737,51.4113234],[-0.0349208,51.4113646],[-0.034213,51.4114136]],[[-0.0357872,51.4112862],[-0.0353737,51.4113234]],[[-0.0436491,51.4094996],[-0.0431745,51.4096707],[-0.0428852,51.4097721],[-0.0425766,51.4098705],[-0.042128,51.4100132],[-0.0416386,51.4101546],[-0.0410021,51.4103269],[-0.0404849,51.4104637],[-0.0398343,51.4106237],[-0.0394675,51.4107013],[-0.0390739,51.410784],[-0.0386622,51.4108698],[-0.0378928,51.4110038],[-0.037558,51.4110552],[-0.0370595,51.4111312],[-0.0364899,51.4112047],[-0.0360219,51.4112601],[-0.0357872,51.4112862]],[[-0.0440682,51.4093469],[-0.0436491,51.4094996]],[[-0.0440682,51.4093469],[-0.0445891,51.4091424],[-0.0450803,51.4089381],[-0.0454961,51.4087582],[-0.0464039,51.4083206],[-0.0475131,51.4078035],[-0.0485002,51.4073564],[-0.0494687,51.4068908],[-0.0504372,51.4064175],[-0.0513638,51.405938],[-0.0523142,51.4054536],[-0.0533112,51.404961],[-0.0552649,51.4040217]],[[-0.0552649,51.4040217],[-0.0555638,51.4038756]],[[-0.0555638,51.4038756],[-0.0565005,51.4034225],[-0.0574027,51.4029865],[-0.0579594,51.4027199],[-0.0585375,51.40246],[-0.058926,51.4023072],[-0.0592162,51.4022064],[-0.0596246,51.4020889],[-0.0602049,51.4019758],[-0.0607168,51.401887],[-0.061229,51.401816],[-0.0616228,51.401777],[-0.0621249,51.4017429]],[[-0.0621249,51.4017429],[-0.0625675,51.4017302],[-0.0628814,51.4017276],[-0.0634907,51.4017526],[-0.0638723,51.4017791],[-0.0642717,51.4018306],[-0.06456922251548916,51.40188440080837]],[[-0.06455583683625665,51.40191437410878],[-0.064419,51.4018904],[-0.0640575,51.4018327],[-0.0636848,51.4017937],[-0.0634159,51.4017742],[-0.0627933,51.4017477],[-0.0621249,51.4017429]]]}},{"type":"Feature","properties":{"kind":"routes","class":"other","routeCount":168},"geometry":{"type":"MultiLineString","coordinates":[[[-0.068582,51.4038287],[-0.0683824,51.4039811],[-0.0681296,51.4041668],[-0.0680526,51.4042222],[-0.0677364,51.4044681]],[[-0.0677364,51.4044681],[-0.0675529,51.4045964]],[[-0.0675529,51.4045964],[-0.0674475,51.4046589],[-0.0674134,51.4046791],[-0.067352,51.4047128],[-0.0671032,51.40485],[-0.0669585,51.4049299],[-0.0664705,51.4052016],[-0.0664112,51.4052333],[-0.0659941,51.405457],[-0.0655999,51.4056661],[-0.0655239,51.4057064],[-0.0652757,51.405839],[-0.0651136,51.405926],[-0.064838,51.4060738],[-0.0645332,51.4062392],[-0.0641679,51.4064326],[-0.063922,51.4065527],[-0.0636425,51.40669],[-0.0629551,51.4070168],[-0.0626027,51.4071843],[-0.0616856,51.4076221],[-0.0611533,51.407872],[-0.0604986,51.4081823],[-0.0602632,51.4082932],[-0.0600634,51.4083873],[-0.0597744,51.4085255],[-0.0596839,51.4085687],[-0.0595362,51.4086395]],[[-0.0595362,51.4086395],[-0.0593923,51.4087096],[-0.0592817,51.4087637],[-0.0591035,51.4088483],[-0.0590644,51.4088667],[-0.0583992,51.409181],[-0.0580918,51.409331],[-0.0578175,51.4094685],[-0.0577187,51.4095241],[-0.0575432,51.4096246],[-0.057426,51.4096931],[-0.0573358,51.4097499],[-0.057286,51.4097839],[-0.057245,51.4098121],[-0.0571808,51.4098604],[-0.0565543,51.4103173],[-0.0564575,51.4103858],[-0.0563662,51.4104502],[-0.0555875,51.4110188],[-0.0552448,51.4112687],[-0.0551253,51.4113564],[-0.0548511,51.4115504]],[[-0.0548511,51.4115504],[-0.0544164,51.4118681],[-0.0538747,51.4122565],[-0.0536842,51.412397]],[[-0.0536842,51.412397],[-0.053577,51.4124741],[-0.0525071,51.4132433]],[[-0.0525071,51.4132433],[-0.0522654,51.4134204]],[[-0.0522654,51.4134204],[-0.0518032,51.4137459]],[[-0.0518032,51.4137459],[-0.0516564,51.4138659]],[[-0.0516564,51.4138659],[-0.0515593,51.4139495],[-0.0513802,51.4140609],[-0.0511999,51.4141509],[-0.0507917,51.41435],[-0.049914,51.4146943],[-0.0498192,51.4147289],[-0.049584,51.4148201],[-0.0492384,51.4149686],[-0.0490519,51.4150488],[-0.0487874,51.4151624],[-0.048312,51.415367],[-0.0481389,51.415428]],[[-0.0486205,51.4157812],[-0.0482356,51.4155102],[-0.0481389,51.415428]],[[-0.0511118,51.4172922],[-0.0510148,51.4172125],[-0.0508937,51.4171189],[-0.0508301,51.4170767],[-0.0507119,51.4169983],[-0.0506407,51.416962],[-0.0501717,51.4167505],[-0.0499437,51.4166359],[-0.0496633,51.416446],[-0.0493134,51.4162099],[-0.0487552,51.4158575],[-0.0486205,51.4157812]],[[-0.0513496,51.4177006],[-0.051277,51.4175398],[-0.0511977,51.4174095],[-0.0511118,51.4172922]],[[-0.0517023,51.419149],[-0.0516915,51.419096],[-0.0516883,51.4190802],[-0.0515859,51.4184962],[-0.0515715,51.4184252],[-0.0515519,51.4183256],[-0.0514676,51.4180242],[-0.0513788,51.4177725],[-0.0513496,51.4177006]],[[-0.0532832,51.4195729],[-0.0532183,51.4195279],[-0.0520153,51.4192244],[-0.0519799,51.4192159],[-0.0517023,51.419149]],[[-0.05175560246082702,51.42251806610171],[-0.0519438,51.4220779],[-0.052118,51.4217158],[-0.0523039,51.4213584],[-0.0525442,51.4209463],[-0.0529435,51.4202735],[-0.053265,51.4197171],[-0.0532899,51.4196383],[-0.0532832,51.4195729]],[[-0.07396252182371316,51.426148862227286],[-0.0739658,51.4261443],[-0.0740822,51.4260994],[-0.0742514,51.4260342],[-0.0743741,51.4259889]],[[-0.0743741,51.4259889],[-0.074429,51.425944],[-0.0745224,51.4258801],[-0.0745928,51.4258449]],[[-0.0745928,51.4258449],[-0.0747332,51.4257839],[-0.0748061,51.4257451],[-0.0748474,51.4257208],[-0.0748793,51.4257001],[-0.074904,51.4256897],[-0.0749621,51.4256631]],[[-0.0749621,51.4256631],[-0.0749888,51.4256497],[-0.07500850309301027,51.4256399908543]],[[-0.0759525,51.424208],[-0.0758758,51.4243376],[-0.0757178,51.424589],[-0.07563087224405352,51.424727291817774]],[[-0.0772743,51.422146],[-0.07671026890299645,51.423030560414574]],[[-0.07607505815016417,51.42402683831812],[-0.0760747,51.4240274],[-0.0760487,51.424067],[-0.0759525,51.424208]],[[-0.0775749,51.4216934],[-0.0775485,51.4217314],[-0.0772743,51.422146]],[[-0.0776113,51.4216386],[-0.0775749,51.4216934]],[[-0.07795667705761365,51.42114890990383],[-0.0779328,51.4211795],[-0.077879,51.4212584],[-0.0778169,51.4213466],[-0.0778151,51.4213491],[-0.0776113,51.4216386]],[[-0.0656255,51.412052],[-0.0656381,51.4120353],[-0.0656556,51.412012],[-0.0660145,51.4115496],[-0.0660475,51.4115107],[-0.0661132,51.41147]],[[-0.0661991,51.4115203],[-0.0661132,51.41147]],[[-0.0665468,51.4117706],[-0.0661991,51.4115203]],[[-0.0669274,51.4120354],[-0.0667893,51.4119364],[-0.0667171,51.4118869],[-0.0666138,51.411816],[-0.0665468,51.4117706]],[[-0.0671605,51.4121946],[-0.0670338,51.4121118],[-0.0669274,51.4120354]],[[-0.0672436,51.4122541],[-0.0672176,51.4122347],[-0.0671883,51.4122128],[-0.0671605,51.4121946]],[[-0.0678238,51.4126757],[-0.0675757,51.4124971],[-0.0673958,51.4123677],[-0.0673382,51.4123247],[-0.0672436,51.4122541]],[[-0.0680062,51.412807],[-0.0678238,51.4126757]],[[-0.0686015,51.4132466],[-0.0685499,51.4132093],[-0.068515,51.413184],[-0.0684535,51.4131396],[-0.0684109,51.4131098],[-0.0683575,51.4130724],[-0.0682769,51.4130161],[-0.0682431,51.4129917],[-0.0682245,51.4129772],[-0.0680062,51.412807]],[[-0.0705377,51.4146623],[-0.0704103,51.4145609],[-0.07017,51.4143763],[-0.0700729,51.4143017],[-0.069626,51.4139736],[-0.0695757,51.4139336],[-0.0694914,51.4138772],[-0.0691988,51.4136691],[-0.06889,51.4134519],[-0.0687299,51.4133393],[-0.0686015,51.4132466]],[[-0.0707788,51.4148311],[-0.0705377,51.4146623]],[[-0.0710972,51.4150598],[-0.0707788,51.4148311]],[[-0.0714504,51.4153241],[-0.0714105,51.415288],[-0.0713178,51.4152196],[-0.0712464,51.415167],[-0.0710972,51.4150598]],[[-0.0716095,51.4154533],[-0.0715596,51.4154116],[-0.0714504,51.4153241]],[[-0.0716546,51.4154898],[-0.0716095,51.4154533]],[[-0.0719138,51.4156684],[-0.0716546,51.4154898]],[[-0.0720762,51.4157891],[-0.0719138,51.4156684]],[[-0.0723355,51.41598],[-0.072227,51.4158976],[-0.0720762,51.4157891]],[[-0.072396,51.4160259],[-0.0723355,51.41598]],[[-0.0724304,51.4160533],[-0.072396,51.4160259]],[[-0.0725784,51.416176],[-0.0725307,51.4161333],[-0.0724304,51.4160533]],[[-0.0726435,51.4162344],[-0.0725784,51.416176]],[[-0.0729645,51.416576],[-0.0728377,51.4164256],[-0.0727852,51.4163721],[-0.07271,51.416294],[-0.0726435,51.4162344]],[[-0.0730807,51.416714],[-0.0730492,51.4166752],[-0.0730037,51.4166225],[-0.0729645,51.416576]],[[-0.0733731,51.4170745],[-0.0731187,51.4167607],[-0.0730807,51.416714]],[[-0.0734445,51.4171629],[-0.0734128,51.4171235],[-0.0733731,51.4170745]],[[-0.0735276,51.4172644],[-0.0734445,51.4171629]],[[-0.0736696,51.4174377],[-0.0735453,51.4172859],[-0.0735276,51.4172644]],[[-0.0738039,51.4176059],[-0.0737784,51.4175757],[-0.073743,51.4175284],[-0.0737121,51.4174896],[-0.0736696,51.4174377]],[[-0.073921,51.4177574],[-0.0738772,51.4177046],[-0.0738741,51.4177009],[-0.0738039,51.4176059]],[[-0.0742649,51.4181076],[-0.0742485,51.4180925],[-0.0741399,51.4179896],[-0.074041,51.4178901],[-0.0739607,51.4178044],[-0.0739558,51.4177992],[-0.073921,51.4177574]],[[-0.0743323,51.4181699],[-0.0742649,51.4181076]],[[-0.0749561,51.4186648],[-0.0749027,51.4186259],[-0.0746656,51.4184399],[-0.0744929,51.4183058],[-0.0743323,51.4181699]],[[-0.075141,51.4187998],[-0.0749561,51.4186648]],[[-0.0752288,51.4188638],[-0.075187,51.4188333],[-0.075141,51.4187998]],[[-0.0753195,51.4189326],[-0.0752564,51.4188858],[-0.0752288,51.4188638]],[[-0.0756533,51.419151],[-0.0755702,51.4191007],[-0.0753922,51.4189851],[-0.0753195,51.4189326]],[[-0.0779343,51.4198975],[-0.0778917,51.419893],[-0.0777881,51.4198789],[-0.0777084,51.4198654],[-0.077634,51.4198499],[-0.0775513,51.419831],[-0.0774964,51.4198171],[-0.0773627,51.4197832],[-0.0772712,51.4197565],[-0.0769982,51.419674],[-0.0767381,51.4195861],[-0.0766429,51.4195559],[-0.0765893,51.4195389],[-0.0763386,51.4194533],[-0.0763111,51.4194429],[-0.0761597,51.4193857],[-0.0761063,51.4193656],[-0.075961,51.4193083],[-0.0759481,51.4193019],[-0.0758366,51.4192463],[-0.0756533,51.419151]],[[-0.0781954,51.4199206],[-0.0781279,51.419917],[-0.0780877,51.4199152],[-0.0779343,51.4198975]],[[-0.0784553,51.4198854],[-0.0783481,51.4199045],[-0.0783082,51.4199097],[-0.0781954,51.4199206]],[[-0.0784553,51.4198854],[-0.0784635,51.4198211],[-0.0784731,51.4197635],[-0.0784812,51.4197432],[-0.0784909,51.4197283],[-0.0785048,51.4197157],[-0.0788922,51.4194364],[-0.0793801,51.4190661],[-0.0795091,51.4189426],[-0.0795862,51.4188598],[-0.0797167,51.4186918],[-0.07979,51.4185946],[-0.0799129,51.4184422],[-0.0799605,51.4183849],[-0.0800222,51.4183092],[-0.080202,51.4180973],[-0.0802693,51.4180172],[-0.0804386,51.4178578],[-0.0806115,51.4177295],[-0.0807599,51.4176211],[-0.0808413,51.4175612],[-0.0809062,51.4175153],[-0.0809311,51.4174914],[-0.0809568,51.4174626]],[[-0.0809568,51.4174626],[-0.0810796,51.417287]],[[-0.0580925,51.4232678],[-0.05808960171535934,51.42327548085351]],[[-0.0614713,51.4198937],[-0.0612614,51.4199752],[-0.0612275,51.4199905],[-0.0607022,51.4202072],[-0.0604647,51.4203129],[-0.0602509,51.4204186],[-0.0601895,51.4204527],[-0.0601275,51.4204917],[-0.060072,51.42053],[-0.0599254,51.4206427],[-0.059815,51.4207373],[-0.0596896,51.4208495],[-0.0595716,51.4209711],[-0.0595348,51.4210085],[-0.0593933,51.4211701],[-0.0593303,51.421238],[-0.059005,51.4216144],[-0.0588471,51.4218056],[-0.0587493,51.4219264],[-0.0585599,51.4221906],[-0.0584727,51.422328],[-0.0583995,51.4224588],[-0.0583678,51.4225337],[-0.0583065,51.4226751],[-0.0582787,51.4227888],[-0.0582521,51.4228695],[-0.0581938,51.4230365],[-0.0581876,51.4230505],[-0.0581134,51.4232197],[-0.0580925,51.4232678]],[[-0.0614713,51.4198937],[-0.0614465,51.4196323],[-0.0614403,51.4195053],[-0.0614191,51.4194581]],[[-0.0614191,51.4194581],[-0.0614008,51.4192999]],[[-0.0614008,51.4192999],[-0.0613581,51.4188811]],[[-0.0613581,51.4188811],[-0.0613549,51.4188294],[-0.0613494,51.4187991],[-0.0613392,51.4187703],[-0.0613124,51.4187272]],[[-0.0613124,51.4187272],[-0.0612274,51.4186231]],[[-0.0612274,51.4186231],[-0.0611978,51.4185985],[-0.0611645,51.4185766],[-0.0610633,51.4185299]],[[-0.0610633,51.4185299],[-0.0607991,51.4184086]],[[-0.0607991,51.4184086],[-0.0604926,51.4182897]],[[-0.0604926,51.4182897],[-0.060428,51.4182649],[-0.0602243,51.4181928]],[[-0.0602243,51.4181928],[-0.0598554,51.418062]],[[-0.0598554,51.418062],[-0.0594897,51.4179334],[-0.0593049,51.4178775],[-0.0591297,51.4178175],[-0.0586283,51.4176375],[-0.0585656,51.4176139],[-0.0583247,51.41753],[-0.0582811,51.4175148],[-0.0582194,51.4174918],[-0.0581104,51.417451]],[[-0.0581104,51.417451],[-0.0569962,51.4170155],[-0.0568003,51.4169376],[-0.0558359,51.4165762],[-0.0557808,51.4165556],[-0.0556862,51.4165216],[-0.0556817,51.41652]],[[-0.0556817,51.41652],[-0.0555217,51.4164595],[-0.0554003,51.4164103],[-0.0551671,51.4163246]],[[-0.0551671,51.4163246],[-0.0543617,51.4160185]],[[-0.0543617,51.4160185],[-0.0540562,51.4159038],[-0.0538323,51.4158262],[-0.053628,51.4157523]],[[-0.053628,51.4157523],[-0.0534578,51.4156907],[-0.0533791,51.4156528],[-0.0533094,51.4156075],[-0.0531706,51.4154676],[-0.0531078,51.4154103],[-0.0527646,51.4150888],[-0.052692,51.4150209],[-0.0523628,51.4147394],[-0.0522019,51.4145745],[-0.0520906,51.4144605],[-0.0518303,51.4141383],[-0.0518142,51.4141184],[-0.0517442,51.4140088],[-0.0516564,51.4138659]],[[-0.0598918,51.4090178],[-0.0597566,51.4089031],[-0.0597064,51.4088506],[-0.0596163,51.4087466],[-0.0595362,51.4086395]],[[-0.0611852,51.4093766],[-0.0609202,51.4093445],[-0.0606743,51.4093019],[-0.0604361,51.4092525],[-0.0603204,51.4092224],[-0.0602047,51.4091852],[-0.0600423,51.4091148],[-0.0599585,51.4090663],[-0.0598918,51.4090178]],[[-0.0661132,51.41147],[-0.0656293,51.4111194],[-0.0655361,51.4110553],[-0.0650653,51.4106987],[-0.0644972,51.4102999],[-0.0644396,51.4102625],[-0.064247,51.4101367],[-0.0641294,51.4100689],[-0.0640776,51.410038],[-0.0639011,51.4099406],[-0.0638129,51.4099017],[-0.0637673,51.409883],[-0.0634844,51.409785],[-0.0634686,51.409781],[-0.0634042,51.4097638],[-0.0632794,51.4097305],[-0.0632373,51.4097209],[-0.0631884,51.4097093],[-0.0630772,51.4096829],[-0.0628598,51.4096313],[-0.0626826,51.4095994],[-0.0626764,51.4095988],[-0.0624329,51.4095586],[-0.0622567,51.4095293],[-0.0620542,51.4094961],[-0.0619342,51.4094764],[-0.0617371,51.4094487],[-0.0615023,51.4094156],[-0.0614657,51.4094109],[-0.0614405,51.4094076],[-0.0614255,51.4094058],[-0.0611852,51.4093766]],[[-0.07858184859946876,51.41987482958615],[-0.078576,51.4199296],[-0.07856905551774532,51.41996719786096],[-0.0785632,51.4199989]],[[-0.07842715012406859,51.42035371660419],[-0.0784003,51.4203782]],[[-0.0784003,51.4203782],[-0.0783656,51.4204595],[-0.07832,51.420556]],[[-0.07832,51.420556],[-0.0782945,51.4206161]],[[-0.0782945,51.4206161],[-0.07823181212306424,51.42072913736326]],[[0.0979548,51.3738638],[0.0980733,51.3740412],[0.0982941,51.3743591],[0.0983915,51.3744838],[0.0984778,51.3745823],[0.0986208,51.3747546]],[[0.0986208,51.3747546],[0.09874,51.374885],[0.098795,51.374952],[0.0988452,51.3750191],[0.0989048,51.3751127],[0.099149,51.3755002]],[[0.099149,51.3755002],[0.0991923,51.375563],[0.0992152,51.3755917],[0.0992408,51.3756166],[0.0993241,51.3756723]],[[0.0993241,51.3756723],[0.0993531,51.3757461],[0.0993779,51.3757967]],[[0.0993779,51.3757967],[0.099472,51.3759696],[0.0995631,51.3761483],[0.099658,51.3763505],[0.099712,51.3764504],[0.0997409,51.3764983],[0.0997724,51.3765455],[0.0998345,51.3766245],[0.0999766,51.3767974],[0.1000417,51.3768818],[0.1002105,51.3771089]],[[0.1002105,51.3771089],[0.1002506,51.3771628],[0.1004172,51.3773767],[0.1004767,51.3774446],[0.1005403,51.377507],[0.1009106,51.3778459],[0.1010023,51.3779354],[0.1017325,51.3786477],[0.1019716,51.3789062]],[[0.1019716,51.3789062],[0.102107,51.3790107],[0.1022796,51.379144],[0.1023907,51.3792312],[0.1029358,51.3796938]],[[0.1029358,51.3796938],[0.1030181,51.3797518],[0.1031789,51.3798934]],[[0.1031789,51.3798934],[0.1031641,51.3800054],[0.1031155,51.3800961]],[[0.1031155,51.3800961],[0.1029342,51.380251],[0.1027936,51.3804153],[0.1026847,51.3806869],[0.1025194,51.3809439],[0.1024735,51.3810004],[0.1022878,51.3812189],[0.1022614,51.3812642],[0.1022725,51.3813068]],[[0.1022725,51.3813068],[0.1025577,51.3817039]],[[0.1025577,51.3817039],[0.1029741,51.3822728],[0.1029987,51.3823984]],[[0.1029987,51.3823984],[0.1040613,51.3824127],[0.1048143,51.3823752],[0.1053031,51.3822959],[0.1056026,51.3821913],[0.1058185,51.3820936]],[[0.1058185,51.3820936],[0.1059851,51.3819921],[0.1062638,51.3817646]],[[0.1062638,51.3817646],[0.1063925,51.3817822],[0.1066044,51.3818182],[0.1068015,51.381886],[0.1069104,51.3819218],[0.1070379,51.3819671],[0.1072107,51.3820463]],[[0.1072107,51.3820463],[0.1073172,51.3821006]],[[0.1073172,51.3821006],[0.1074742,51.3821807],[0.1076067,51.3822507],[0.1076426,51.3822679],[0.1078297,51.382385]],[[0.1078297,51.382385],[0.107802,51.3824682]],[[0.107802,51.3824682],[0.1079152,51.382592],[0.1079678,51.3826501],[0.1079969,51.3826891],[0.1080251,51.3827238],[0.1080586,51.3827651],[0.1083659,51.3831172],[0.1086976,51.3834943],[0.1087575,51.3835516],[0.1092522,51.3840252],[0.1094604,51.3842346],[0.1097128,51.3844884],[0.1098465,51.3846211],[0.1100705,51.3848433],[0.1110549,51.3858348],[0.1110967,51.38588],[0.1116013,51.386414]],[[0.1116013,51.386414],[0.1118097,51.3864058],[0.1119717,51.3863694],[0.1122215,51.3862926],[0.1123156,51.3862656],[0.1129813,51.3860514],[0.1132567,51.3859705]],[[0.1147536,51.3919127],[0.1147379,51.3918419],[0.1147515,51.3917815],[0.1147758,51.3916733],[0.1148243,51.3914577],[0.1148488,51.391349],[0.1148366,51.39119],[0.1148751,51.3910432],[0.1148882,51.3909011],[0.1147981,51.3905994],[0.1146574,51.3904016],[0.114529,51.3902522],[0.1144823,51.3902023],[0.1144349,51.3901324],[0.1143345,51.3899843],[0.1141521,51.3895876],[0.1140732,51.3893126],[0.1139982,51.389031],[0.1139349,51.388831],[0.1138175,51.3883431],[0.1138008,51.3882737],[0.1137561,51.3877879],[0.1137364,51.387574],[0.1137324,51.3875085],[0.1136774,51.3869965],[0.1136235,51.3866839],[0.1135928,51.3865646],[0.1134977,51.3863002],[0.1134749,51.3862387],[0.1134297,51.3861869],[0.1132567,51.3859705]],[[0.1147536,51.3919127],[0.1148536,51.3919204],[0.1152124,51.3919482],[0.1154416,51.3919439],[0.1157228,51.3919072],[0.1164273,51.3918151],[0.1165557,51.3918025],[0.1184748,51.3916149],[0.1188904,51.3915925]],[[0.1188904,51.3915925],[0.1193636,51.3915593],[0.1200456,51.3914857],[0.1202888,51.3914503]],[[0.1202888,51.3914503],[0.1206415,51.3914101],[0.121005,51.3913276]],[[0.121005,51.3913276],[0.1211772,51.3912686],[0.1213291,51.3912007],[0.1214955,51.3910933],[0.1215763,51.3910334],[0.1216429,51.3909736],[0.1218406,51.390769]],[[0.1218406,51.390769],[0.1219122,51.3906647],[0.1219837,51.3905472],[0.1220063,51.390483],[0.1220181,51.3904076],[0.1220493,51.3902685],[0.1220659,51.3901323],[0.1220863,51.3900035],[0.1220959,51.3897425],[0.1221001,51.3896016],[0.1221004,51.389403],[0.1221039,51.3891795],[0.1220986,51.3888954],[0.1221247,51.388706],[0.1221745,51.388581]],[[0.1221745,51.388581],[0.1222283,51.3885049],[0.1223509,51.3883649],[0.1225458,51.3881781]],[[0.1225458,51.3881781],[0.1227361,51.3880296],[0.1228302,51.3879636],[0.1230278,51.3878113]],[[0.1230278,51.3878113],[0.1232998,51.3876831]],[[0.1232998,51.3876831],[0.1236661,51.3875154],[0.1240334,51.387396],[0.1246496,51.3872996]],[[0.1246496,51.3872996],[0.125074,51.3873005]],[[0.125074,51.3873005],[0.1256593,51.387361],[0.1262302,51.3874174],[0.1270981,51.387502],[0.1274158,51.387533],[0.1275779,51.3875316],[0.1279193,51.3875159],[0.1282363,51.3875129],[0.1291629,51.387531],[0.1294807,51.3875139],[0.1297884,51.38746],[0.1301193,51.3873749],[0.1302635,51.3873403],[0.1304519,51.3872843],[0.1309565,51.3871204],[0.1312171,51.3870357],[0.1315038,51.3869406],[0.131595,51.3869096]],[[0.131595,51.3869096],[0.1316901,51.3868852],[0.1317825,51.3868635]],[[0.1317825,51.3868635],[0.1319273,51.386825]],[[0.1319273,51.386825],[0.1326897,51.3866546]],[[0.1326897,51.3866546],[0.133059,51.3865213]],[[0.133059,51.3865213],[0.1334789,51.3863812],[0.134087,51.3861892],[0.1343766,51.3861101],[0.1347168,51.3860464],[0.1351437,51.3859765],[0.1367884,51.3859235],[0.1376801,51.3858757],[0.1381195,51.3858447],[0.1382491,51.3858355],[0.1390736,51.3857408],[0.1401862,51.3854982],[0.141754,51.3851577],[0.1424996,51.3850558],[0.1427097,51.3850131],[0.1429206,51.3849702],[0.1433117,51.384849],[0.1442455,51.3844203],[0.1446593,51.3842744],[0.1449453,51.3842033],[0.1451123,51.3841745],[0.1452181,51.3841563],[0.1452654,51.3841481],[0.1458983,51.3841154],[0.146046,51.3840988],[0.1461542,51.3840748],[0.1463516,51.3840072],[0.1463576,51.3840051],[0.146772,51.3838317],[0.1470747,51.3837635],[0.1472447,51.3837532],[0.1474071,51.3837434],[0.1482701,51.3837835],[0.1496357,51.3838095],[0.1497153,51.3837956],[0.14977777235417325,51.3837847557423]],[[0.0895027,51.3733955],[0.0895347,51.3733615],[0.08963,51.3732601]],[[0.0896637,51.3731365],[0.0896345,51.3731974],[0.0896296,51.373223],[0.08963,51.3732601]],[[0.0898724,51.3728342],[0.0898023,51.3729424],[0.0897281,51.3730461],[0.0896637,51.3731365]],[[0.0903495,51.3720807],[0.0903511,51.3721221],[0.0903451,51.3721437],[0.0903336,51.3721681],[0.0902208,51.3723359],[0.0900221,51.3726206],[0.0898724,51.3728342]],[[0.0906807,51.3719805],[0.0903495,51.3720807]],[[0.091178,51.3718509],[0.0906807,51.3719805]],[[0.0921478,51.3717911],[0.0919438,51.3717929],[0.0917257,51.3717971],[0.0914556,51.3718117],[0.0913675,51.3718194],[0.0912824,51.3718309],[0.091178,51.3718509]],[[0.0957867,51.3731924],[0.0957193,51.3731736],[0.0955234,51.3731108],[0.0952987,51.3730364],[0.0950639,51.3729552],[0.0947429,51.3728455],[0.0945671,51.3727822],[0.0943404,51.3726913],[0.0942015,51.3726264],[0.0940657,51.3725547],[0.093869,51.372452],[0.0936078,51.3723207],[0.09338,51.3722058],[0.093365,51.3721983],[0.0931678,51.372099],[0.0930307,51.3720278],[0.092875,51.3719506],[0.0927296,51.3718797],[0.0926669,51.3718523],[0.0926081,51.3718307],[0.092551,51.3718145],[0.0924875,51.3718039],[0.0924218,51.3717977],[0.0923207,51.371795],[0.0921478,51.3717911]],[[0.0957867,51.3731924],[0.0959421,51.3732536],[0.0960081,51.3732706],[0.0960681,51.3732802],[0.0961399,51.3732893],[0.0962295,51.3732965],[0.0962894,51.3732988],[0.0964536,51.3732956],[0.0968929,51.3732871],[0.0971472,51.3732815],[0.0972553,51.3732791],[0.0973354,51.3732791],[0.0974688,51.373285]],[[0.0974688,51.373285],[0.0975222,51.3733015],[0.0975813,51.3733057],[0.0975996,51.3733045]],[[0.0975996,51.3733045],[0.097622,51.3733558],[0.0976509,51.3734071],[0.0977134,51.3734973],[0.097837,51.3736874],[0.0979548,51.3738638]],[[0.1077254,51.3826452],[0.107802,51.3824682]],[[0.1074951,51.3832596],[0.1076747,51.3827793],[0.1077134,51.3826758],[0.1077254,51.3826452]],[[0.1077872,51.3853122],[0.1075927,51.3849322],[0.1074094,51.3842895],[0.1073836,51.3838342],[0.1074951,51.3832596]],[[0.1092818,51.3878733],[0.109174,51.3876907],[0.1091173,51.3875979],[0.1086533,51.3867862],[0.108435,51.3864046],[0.1081548,51.385967],[0.1077872,51.3853122]],[[0.1111018,51.3922183],[0.1110391,51.3920613],[0.1110312,51.3920415],[0.1109168,51.3917497],[0.1108892,51.3916862],[0.1106924,51.3912339],[0.1105422,51.3908938],[0.1103912,51.3905425],[0.1103794,51.3905137],[0.1101537,51.3899614],[0.1100066,51.389625],[0.1098565,51.3892819],[0.1097439,51.3890008],[0.1095962,51.3886321],[0.1094492,51.3882652],[0.1093644,51.3880727],[0.1092818,51.3878733]],[[0.1118122,51.3942628],[0.1117553,51.3939923],[0.1116963,51.3937864],[0.1116609,51.3936627],[0.111654,51.3936385],[0.1115163,51.3932773],[0.1114312,51.3930627],[0.1113719,51.3929095],[0.1112458,51.392596],[0.1111018,51.3922183]],[[0.1118833,51.394769],[0.1118481,51.3945159],[0.1118264,51.3943388],[0.1118122,51.3942628]],[[0.1119368,51.395095],[0.1118833,51.394769]],[[0.1119525,51.3951862],[0.1119368,51.395095]],[[0.1123652,51.3963396],[0.1122353,51.396099],[0.1121335,51.3958669],[0.1120788,51.3957541],[0.1120136,51.3955029],[0.1119525,51.3951862]],[[0.1125823,51.3966782],[0.1124537,51.3964776],[0.1123652,51.3963396]],[[0.1131575,51.4015958],[0.113151,51.4013049],[0.1131481,51.4012331],[0.1131442,51.4010985],[0.1131324,51.4006843],[0.1131258,51.4004559],[0.1131242,51.4003522],[0.1131223,51.4002298],[0.1131218,51.4001009],[0.1131204,51.3997306],[0.1131206,51.3996177],[0.1131216,51.3989365],[0.1131253,51.3984263],[0.1131261,51.3983201],[0.113109,51.3977685],[0.1129487,51.3973962],[0.1128601,51.3971902],[0.1127283,51.3969265],[0.1125823,51.3966782]],[[0.1131575,51.4015958],[0.113092,51.4016249],[0.1130819,51.4016341],[0.1130791,51.4016439],[0.1130691,51.4020341],[0.1130691,51.4020722],[0.11306,51.4023152],[0.1131645,51.4023958]],[[0.1132474,51.4068332],[0.1132222,51.4060764],[0.113215,51.4054805],[0.1131645,51.4023958]],[[0.1132474,51.4068332],[0.1132108,51.4068528],[0.1131953,51.4068684],[0.1131917,51.4068992],[0.1131891,51.4069352],[0.1132393,51.406985]],[[0.1127965,51.4091202],[0.1128621,51.4086335],[0.1129111,51.4083064],[0.1129746,51.4079807],[0.1131647,51.407332],[0.1132049,51.4071771],[0.1132393,51.406985]],[[0.1127917,51.4091744],[0.1127965,51.4091202]],[[0.1127917,51.4091744],[0.1125913,51.4108964],[0.1125792,51.4110195],[0.1125439,51.411246]],[[0.1125439,51.411246],[0.1125074,51.4114649]],[[0.1125074,51.4114649],[0.1124969,51.4115668],[0.1124892,51.4116756],[0.1124861,51.4117172],[0.1124897,51.4118983]],[[0.1124897,51.4118983],[0.1124972,51.4120199],[0.1126113,51.4125675],[0.1126206,51.41261],[0.1126148,51.4126449],[0.1126067,51.4126622],[0.1125603,51.4127246]],[[0.1125603,51.4127246],[0.1125344,51.4127458],[0.1125111,51.4127696]],[[0.1125111,51.4127696],[0.1124862,51.4128232],[0.112456,51.4128648],[0.1124059,51.4129489]],[[0.1124059,51.4129489],[0.1123844,51.4129844],[0.1123706,51.4130195],[0.1123613,51.4130688],[0.1123675,51.4131349],[0.1123863,51.413178],[0.11240349723889091,51.4132010462998]],[[0.0892355,51.3558867],[0.0892522,51.3558009],[0.0892943,51.3556778],[0.089345,51.3555385],[0.0893876,51.3554331],[0.0894328,51.3553321],[0.0894978,51.3552034],[0.0895358,51.3551313],[0.0895906,51.3550344],[0.0896437,51.3549411],[0.0896713,51.3548868],[0.0897023,51.3548121],[0.0897191,51.3547614],[0.0897304,51.3547107],[0.0897476,51.3546092],[0.0897643,51.3544779],[0.0897765,51.3543725],[0.0897814,51.3542866],[0.089789,51.3539314],[0.0897894,51.3538179],[0.089786,51.3537091],[0.0897771,51.353629],[0.0897362,51.353349],[0.0896956,51.3531276],[0.0896678,51.3529571],[0.089597,51.3525784]],[[0.0953626,51.3527827],[0.0951093,51.3528873],[0.0949171,51.3529875],[0.0947867,51.353062],[0.0947126,51.3531131],[0.0945859,51.3532159],[0.0944907,51.3533109],[0.0944424,51.353362],[0.0944098,51.3534075],[0.0943938,51.3534377],[0.0943744,51.3534841],[0.0943528,51.3535484],[0.0943267,51.3536379],[0.0940847,51.3545304],[0.0940248,51.3547349],[0.0939469,51.3550289],[0.0937711,51.35575],[0.0937448,51.3558543],[0.0937358,51.3558852],[0.0937214,51.3559135],[0.093708,51.3559305],[0.0936816,51.3559547],[0.0936476,51.3559762],[0.0935981,51.3559976],[0.0935423,51.3560144],[0.0934587,51.3560322],[0.0933883,51.3560452],[0.0933238,51.3560531],[0.0932201,51.356062],[0.0931323,51.3560662],[0.0930639,51.3560684],[0.0929102,51.3560705],[0.0927072,51.3560701],[0.092428,51.3560636],[0.0921058,51.3560489],[0.0917784,51.3560328],[0.0910832,51.3559963],[0.0903271,51.3559447],[0.0901732,51.3559354],[0.089925,51.3559232],[0.0895246,51.3559036],[0.0893958,51.3558955],[0.0892355,51.3558867]],[[0.0953626,51.3527827],[0.0955064,51.3529007],[0.0962364,51.3530612],[0.0965507,51.3531191],[0.0967911,51.3531888],[0.0973328,51.3534008],[0.0977122,51.3535388],[0.0989626,51.3540244],[0.0999425,51.3543993],[0.1024178,51.3553599],[0.1030202,51.3555944],[0.1036701,51.355856],[0.1037621,51.3558992]],[[0.1037621,51.3558992],[0.104785,51.3563769],[0.1051526,51.3565485],[0.105733,51.3568258]],[[0.1052093,51.3572719],[0.105513,51.3570198],[0.105733,51.3568258]],[[0.1069353,51.3572748],[0.1064878,51.3572757],[0.1052637,51.357272],[0.1052093,51.3572719]],[[0.1075764,51.3572757],[0.1069353,51.3572748]],[[0.1084637,51.3572677],[0.1079764,51.3572697],[0.1077725,51.3572717],[0.1075764,51.3572757]],[[0.1084637,51.3572677],[0.1084698,51.357398],[0.1084664,51.357542],[0.1085015,51.3576145],[0.1086424,51.3577002],[0.1089186,51.3578683],[0.1095877,51.3582523]],[[0.1095877,51.3582523],[0.1103223,51.3587302],[0.1109609,51.3591606],[0.1114299,51.3595696],[0.1128267,51.3607766],[0.1131494,51.3613537]],[[0.1131494,51.3613537],[0.1130446,51.3613729],[0.1127373,51.3614292],[0.1124837,51.3614252],[0.1114377,51.3613125],[0.1100282,51.3611562],[0.1095807,51.3611119],[0.1092083,51.3610751],[0.1077294,51.3610527],[0.1049458,51.3609867],[0.1032554,51.3609323]],[[0.1032554,51.3609323],[0.1030363,51.3607868]],[[0.1030363,51.3607868],[0.1026986,51.3609929]],[[0.1026986,51.3609929],[0.1017064,51.3616037],[0.1007285,51.362226],[0.1000608,51.3627057],[0.0994816,51.3631516],[0.0988956,51.3636824],[0.0984457,51.364153],[0.0978025,51.3649197],[0.0975019,51.3654166],[0.096244,51.3668679],[0.0957632,51.3674555],[0.095669,51.3675371],[0.0956272,51.3675592],[0.0955888,51.3675717],[0.0955283,51.3675856]],[[0.095637,51.3678025],[0.0955283,51.3675856]],[[0.095637,51.3678025],[0.0954426,51.3678637],[0.0952381,51.3681125],[0.0948959,51.368559],[0.0945964,51.3689483],[0.0936154,51.3701743],[0.0929144,51.3711145],[0.0924616,51.3715048],[0.0922041,51.3717231],[0.0921774,51.3717507],[0.0921478,51.3717911]],[[0.08963,51.3732601],[0.0896808,51.3733533]],[[0.0896808,51.3733533],[0.0897308,51.373394]],[[0.0897308,51.373394],[0.0897755,51.3734606],[0.0897881,51.3734903],[0.089791,51.3735202],[0.0897874,51.3735638],[0.0897751,51.373609],[0.0897521,51.3736593],[0.0897093,51.3737189],[0.0897022,51.3737259]],[[0.0897022,51.3737259],[0.0896356,51.3737911],[0.0896124,51.373803],[0.0895844,51.3738047],[0.0894,51.3737495]],[[0.0894,51.3737495],[0.0895979,51.3735063]],[[0.0895979,51.3735063],[0.08966,51.3734538],[0.0897308,51.373394]],[[0.1119368,51.395095],[0.1117779,51.3950984]],[[0.1117779,51.3950984],[0.1117009,51.3951051],[0.1116126,51.3951132],[0.1115524,51.395123],[0.1114882,51.3951362]],[[0.1108816,51.3951036],[0.1113446,51.3951205],[0.1114882,51.3951362]],[[0.1071905,51.3954618],[0.1075027,51.3951892],[0.1099731,51.3951266],[0.1108816,51.3951036]],[[0.1071905,51.3954618],[0.1072503,51.3955808],[0.10725,51.3956776],[0.1072398,51.3957687]],[[0.1072398,51.3957687],[0.107226,51.3958353],[0.1072111,51.3959766],[0.1071755,51.3962195],[0.1071244,51.3965681],[0.1070764,51.3970442],[0.1070756,51.3970517],[0.107156,51.3972524],[0.1072657,51.3974228]],[[0.1072657,51.3974228],[0.1069721,51.397525],[0.1066605,51.3976892]],[[0.1066605,51.3976892],[0.1062339,51.3978274],[0.1058748,51.3978688],[0.1055992,51.3978723],[0.1054072,51.3978535],[0.1053435,51.3978473],[0.1049591,51.3977878],[0.1046044,51.3976869],[0.1043011,51.3976074],[0.1036844,51.3972882],[0.1032213,51.3970947],[0.1030606,51.3970941],[0.1029102,51.3971191],[0.1015186,51.3975804],[0.1008159,51.3978087],[0.1003042,51.3980393],[0.1000407,51.3980951],[0.0995016,51.3981584],[0.0986551,51.3983439],[0.0967326,51.3988868],[0.0959643,51.399097],[0.0949412,51.3994295],[0.0942891,51.399516],[0.0936826,51.3996106],[0.0927366,51.399864],[0.0902506,51.4003836],[0.0892876,51.4006562],[0.089128,51.4007069],[0.0881275,51.4010742]],[[0.0881275,51.4010742],[0.0882853,51.4013226],[0.0886682,51.4019255],[0.0887133,51.4019948],[0.0892287,51.4029382],[0.0895362,51.4035262],[0.0896293,51.4036644],[0.0896703,51.403726],[0.0898486,51.4039629],[0.0900453,51.4041743],[0.0902377,51.404351],[0.0904843,51.4045527],[0.0907116,51.4047032],[0.0909416,51.404843],[0.0912027,51.4049804],[0.0917773,51.4052423],[0.0928226,51.4056334],[0.0940852,51.4061091],[0.0941719,51.406142],[0.094703,51.4063435],[0.0952085,51.4065677],[0.0954308,51.4066947],[0.0955929,51.4067939],[0.0960191,51.4070636]],[[0.1038381,51.4042799],[0.1026433,51.4044229],[0.1026037,51.4044276],[0.1024667,51.404444],[0.1019264,51.4045086],[0.1013481,51.4045778],[0.1005526,51.404673],[0.0994236,51.4048066],[0.098955,51.4048767],[0.0987082,51.4049419],[0.0981472,51.4051596],[0.0978379,51.4053365],[0.0974504,51.4056743],[0.0972127,51.4060098],[0.0970238,51.4064454],[0.0968047,51.4066283],[0.0960191,51.4070636]],[[0.1038381,51.4042799],[0.1039381,51.4046037],[0.1041349,51.4052506],[0.1041473,51.4052898],[0.1042637,51.4056575],[0.1042864,51.405883],[0.1043069,51.406027],[0.1043108,51.40606],[0.1043494,51.4063908],[0.1043838,51.4066855],[0.1043286,51.4072724],[0.1043022,51.4076678],[0.1042755,51.4079165],[0.1042223,51.4084124],[0.104179,51.408766]],[[0.104179,51.408766],[0.1064459,51.4088602],[0.1071849,51.4088936]],[[0.1071849,51.4088936],[0.1071551,51.4091823],[0.1071302,51.4092991],[0.1070939,51.4093875],[0.1070478,51.4094864],[0.1069717,51.4096045],[0.1068702,51.4097236],[0.1067714,51.4098224],[0.1066932,51.4098839],[0.1059127,51.410464]],[[0.1059127,51.410464],[0.1063162,51.4106999],[0.106439,51.410786],[0.1065333,51.4108624],[0.1066103,51.4109364],[0.1066936,51.4110292],[0.1067623,51.4111242],[0.1068257,51.411233],[0.1068763,51.4113468],[0.1068938,51.4114004],[0.1069131,51.4114836],[0.1069243,51.4115479],[0.1069308,51.4116457],[0.1069259,51.4117251],[0.1069197,51.4117938],[0.1066371,51.4130052],[0.1066073,51.4131043],[0.1065684,51.4131893],[0.1065296,51.413253],[0.1064772,51.4133198],[0.1064075,51.4133932],[0.1063238,51.4134676],[0.1062487,51.413525],[0.1061464,51.4135856],[0.1060346,51.4136436],[0.1059381,51.4136857],[0.1058177,51.4137283],[0.105667,51.4137693],[0.1055424,51.4137949],[0.1054204,51.413813],[0.1052948,51.4138268],[0.1050094,51.4138479],[0.1049007,51.4138471],[0.1047959,51.4138354],[0.1046691,51.4138104],[0.1045734,51.4137782],[0.1045,51.4137446],[0.104424,51.4136966],[0.1043546,51.4136379],[0.1043034,51.4135768],[0.1042734,51.4135172],[0.1041693,51.4132544],[0.1038985,51.4124948],[0.1037943,51.4122833],[0.1034066,51.4115714],[0.1033825,51.4115155],[0.1033864,51.4114554],[0.1034133,51.4114045],[0.1034592,51.4113674]],[[0.1034592,51.4113674],[0.1035108,51.411349],[0.1036154,51.411325],[0.104066,51.4112288],[0.1042705,51.4111822],[0.1048107,51.4110549]],[[0.0207088,51.3042368],[0.0205252,51.3043099],[0.0201647,51.3044765]],[[0.0201647,51.3044765],[0.0201571,51.304533],[0.0210998,51.3062792],[0.0212355,51.3065306],[0.0214181,51.306878],[0.0215461,51.3071215],[0.0217447,51.3075022],[0.0218805,51.3077623],[0.0218953,51.3077907],[0.0219735,51.3078677],[0.0221213,51.3079394]],[[0.0221213,51.3079394],[0.0263455,51.3100336]],[[0.0263912,51.310216],[0.0263605,51.3100934],[0.0263455,51.3100336]],[[0.0256009,51.3150378],[0.0256893,51.3149181],[0.0258357,51.3148486],[0.0261523,51.3148116],[0.0262846,51.3147499],[0.0263276,51.3147029],[0.0263624,51.314648],[0.0264828,51.3143248],[0.0268605,51.3131928],[0.0265823,51.3112844],[0.0265415,51.3110044],[0.0264653,51.3105381],[0.0263912,51.310216]],[[0.0262547,51.3151404],[0.0256009,51.3150378]],[[0.0262547,51.3151404],[0.0263463,51.3149925],[0.0264571,51.3148774],[0.0265877,51.3147984],[0.0267575,51.3147326],[0.0271816,51.314657],[0.0274762,51.314575],[0.0276662,51.3144374],[0.0280964,51.3137937],[0.0283937,51.3135672],[0.0284348,51.3135333],[0.0286961,51.3134276],[0.0291882,51.3132325]],[[0.029513,51.3131255],[0.029495,51.313106],[0.0294713,51.3130891],[0.0294428,51.3130754],[0.0294105,51.3130654],[0.0293757,51.3130595],[0.0293398,51.313058],[0.0293041,51.3130609],[0.02927,51.3130681],[0.0292388,51.3130793],[0.0292128,51.3130934],[0.0291914,51.3131102],[0.0291754,51.3131292],[0.0291654,51.3131497],[0.0291616,51.3131711],[0.0291643,51.3131925],[0.0291732,51.3132132],[0.0291882,51.3132325],[0.0292078,51.3132492],[0.0292318,51.3132633],[0.0292595,51.3132746],[0.02929,51.3132825],[0.0293222,51.313287],[0.0293552,51.3132877],[0.0293879,51.3132848],[0.0294192,51.3132783],[0.0294509,51.3132672],[0.0294785,51.3132524],[0.0295009,51.3132345],[0.0295172,51.3132141],[0.0295268,51.3131922],[0.0295293,51.3131696],[0.0295247,51.313147],[0.029513,51.3131255]],[[0.029513,51.3131255],[0.0304305,51.3128039],[0.0314988,51.3123879],[0.0321852,51.3120796],[0.0327536,51.3117813],[0.0332008,51.3115136],[0.0332903,51.3114459],[0.0341759,51.3107913],[0.0342694,51.3107598]],[[0.0342694,51.3107598],[0.0343701,51.3107522],[0.0344672,51.3107666],[0.0346375,51.31086],[0.0350513,51.3110973],[0.0351637,51.3111618]],[[0.03433,51.3119768],[0.0346923,51.311619],[0.0350529,51.3112876],[0.0351637,51.3111618]],[[0.0334963,51.3135559],[0.0335191,51.3133851],[0.0335225,51.3133594],[0.0335673,51.3130872],[0.0336814,51.3128107],[0.0337672,51.3126573],[0.0338898,51.3124744],[0.0339016,51.3124575],[0.0341016,51.3122026],[0.034228,51.3120802],[0.03433,51.3119768]],[[0.03287,51.3167829],[0.0330515,51.3161105],[0.0331098,51.3158544],[0.0331936,51.3153276],[0.0332137,51.3152232],[0.0332326,51.315125],[0.0332783,51.3148878],[0.033312,51.3147127],[0.0333562,51.3144963],[0.0333814,51.3143361],[0.0334588,51.3138649],[0.0334963,51.3135559]],[[0.0328002,51.3169503],[0.03287,51.3167829]],[[0.0296545,51.3194133],[0.0302251,51.3190167],[0.0307047,51.3187241],[0.0310661,51.31849],[0.0319561,51.3179478],[0.0323898,51.3174685],[0.0327063,51.3171253],[0.0328002,51.3169503]],[[0.0296545,51.3194133],[0.0291842,51.319736],[0.0289673,51.3199591],[0.0288327,51.3201599],[0.0287742,51.3202471]],[[0.0287742,51.3202471],[0.0287018,51.3202852],[0.0286616,51.3203392],[0.0286804,51.3203976]],[[0.0286804,51.3203976],[0.0286508,51.3205611],[0.0285402,51.3207792],[0.0283664,51.3210589],[0.0279861,51.321513],[0.0276571,51.3218428],[0.0268937,51.3226397],[0.0268669,51.3227908]],[[0.0268669,51.3227908],[0.0263742,51.3233317],[0.0258911,51.3238063],[0.0246195,51.3247454],[0.0241184,51.3250779],[0.0233905,51.3255481],[0.0231722,51.3257395]],[[0.0231722,51.3257395],[0.022986,51.3260038],[0.0228582,51.3263404],[0.0227296,51.3267718],[0.0227298,51.3268019],[0.0227312,51.3270029],[0.0227834,51.3275025],[0.0228256,51.3276537],[0.0228385,51.3276998],[0.0230035,51.3280202],[0.0233079,51.3285649],[0.0235439,51.3288126],[0.0238776,51.3289899],[0.0243096,51.3291207],[0.0244762,51.3291436],[0.0252171,51.3292255],[0.0256812,51.3293168],[0.025893,51.3293831],[0.0261644,51.3294977],[0.026416,51.3296812],[0.0265955,51.3299215]],[[0.0265955,51.3299215],[0.0271616,51.3311349],[0.0273714,51.331711],[0.0274397,51.3321431],[0.0275997,51.3332559],[0.0277172,51.3336712],[0.028029,51.3341448],[0.0284415,51.3346316],[0.0287992,51.3349515],[0.0292741,51.3352225],[0.0297654,51.3355261],[0.029832,51.335571],[0.0299015,51.3356254],[0.0299681,51.335688],[0.0300276,51.3357594]],[[0.0300276,51.3357594],[0.0301009,51.3358725],[0.0301849,51.3360165],[0.0304049,51.3364906],[0.0305297,51.3369511],[0.0306205,51.3376193],[0.0307042,51.3384927],[0.0307057,51.3395216],[0.0307269,51.3400386]],[[0.0307269,51.3400386],[0.0307339,51.340142],[0.0307245,51.3405061],[0.0306625,51.3407898],[0.0304587,51.3413581],[0.0304342,51.3415806],[0.0304533,51.3417812],[0.0305344,51.3420032],[0.0306893,51.3422194],[0.0309145,51.3424339],[0.032178,51.3434344],[0.0325298,51.3437178],[0.0326586,51.3438216],[0.0331466,51.3442265],[0.0339237,51.3447893],[0.0351364,51.3456352],[0.0353412,51.3458295],[0.0362227,51.3472193],[0.0364329,51.3476014],[0.0364661,51.3476936]],[[0.0364661,51.3476936],[0.0364463,51.3478226],[0.0364479,51.3479857],[0.0364136,51.3481204]],[[0.0364136,51.3481204],[0.0364014,51.3481685],[0.0363111,51.3483692]],[[0.0363111,51.3483692],[0.0356571,51.3497506],[0.0353234,51.350474],[0.0351763,51.3506386],[0.0349971,51.3507358],[0.0347991,51.3507996],[0.0340645,51.3509304],[0.0327565,51.3511366],[0.0324015,51.3512378],[0.0320951,51.3513705],[0.0318497,51.3514914],[0.031648,51.3515929],[0.0314681,51.3517135],[0.0314164,51.3517808],[0.031383,51.3518242],[0.0313411,51.3519384],[0.031345,51.3520609],[0.0313933,51.3521827],[0.032034,51.3530364],[0.0324338,51.3536915],[0.0326,51.3538994],[0.0327518,51.3540893],[0.0328855,51.3541902]],[[0.0328855,51.3541902],[0.0328159,51.354221],[0.0327851,51.3542564],[0.0327778,51.3542908],[0.03279,51.3543262],[0.0328142,51.3543521],[0.0328496,51.3543725],[0.0328878,51.3543839]],[[0.0328878,51.3543839],[0.0329368,51.3543903],[0.0330035,51.3543833],[0.0330707,51.3543529],[0.0330983,51.354323],[0.0331111,51.3543026]],[[0.0331111,51.3543026],[0.0331906,51.3543269],[0.0332506,51.3543543],[0.0340695,51.3548776],[0.0353783,51.3557242],[0.0367025,51.3565868],[0.0370722,51.3568799],[0.037213,51.357039],[0.0373507,51.3572227],[0.0373768,51.3572688],[0.0374798,51.3574444],[0.0375433,51.3576141],[0.0376173,51.3582575],[0.0376661,51.3584555],[0.037832,51.3587836],[0.0380436,51.3591082],[0.0385132,51.3598543]],[[0.0385132,51.3598543],[0.0389632,51.3604914],[0.0389992,51.3605399],[0.0390959,51.360712],[0.0391567,51.3608908],[0.0391859,51.3611194],[0.0391648,51.3615738],[0.0391344,51.3620767],[0.0391073,51.362492],[0.039078,51.3632664],[0.039078,51.3637164],[0.0390594,51.3643104]],[[0.0390594,51.3643104],[0.03906,51.3644885],[0.0390363,51.3653379],[0.0390163,51.3661803],[0.0389976,51.3665923],[0.0389886,51.3667264],[0.0389745,51.3669417],[0.0389707,51.3669975],[0.0389649,51.3670979],[0.0389592,51.3671396],[0.0389577,51.3671684]],[[0.0389577,51.3671684],[0.0388991,51.3672065],[0.0388981,51.3672468]],[[0.0388981,51.3672468],[0.0388979,51.3673099]],[[0.0388979,51.3673099],[0.0390011,51.3673101]],[[0.0390011,51.3673101],[0.0391139,51.3673082],[0.0394037,51.3672978],[0.039462,51.3672618]],[[0.0407363,51.3672293],[0.0404532,51.3672331],[0.0401701,51.367238],[0.039462,51.3672618]],[[0.0487526,51.3667252],[0.0485273,51.3667656],[0.0481648,51.3668383],[0.047811,51.3669169],[0.0474607,51.3669937],[0.047122,51.3670717],[0.0467765,51.3671481],[0.0464005,51.3672292],[0.0460447,51.3673009],[0.045889,51.3673314],[0.0455669,51.3673864],[0.0454202,51.3674041],[0.0452175,51.3674189],[0.0450342,51.367426],[0.0449201,51.3674274],[0.0448439,51.3674271],[0.0447744,51.3674237],[0.0446918,51.3674182],[0.0446013,51.3674093],[0.0442436,51.3673674],[0.044128,51.367356],[0.0440133,51.3673481],[0.0438998,51.3673433],[0.0437156,51.3673384],[0.0431282,51.3673273],[0.0430068,51.3673224],[0.0428923,51.3673172],[0.0425309,51.3672966],[0.0421664,51.3672695],[0.0420136,51.3672612],[0.0418541,51.3672545],[0.0411683,51.367237],[0.0409398,51.367232],[0.0407363,51.3672293]],[[0.0511243,51.3665072],[0.0507299,51.3665434],[0.0500594,51.3666],[0.0492349,51.3666671],[0.049042,51.3666872],[0.0487526,51.3667252]],[[0.0511243,51.3665072],[0.051491,51.3665014]],[[0.051491,51.3665014],[0.0515572,51.3665015],[0.0516225,51.3665083],[0.0516852,51.3665216]],[[0.0516852,51.3665216],[0.0517399,51.3665436],[0.0517867,51.3665719]],[[0.0517867,51.3665719],[0.0518343,51.3666079]],[[0.0518343,51.3666079],[0.051871,51.3666239],[0.0519141,51.366631],[0.0519774,51.3666303]],[[0.0519774,51.3666303],[0.0525342,51.366418]],[[0.0525342,51.366418],[0.052816,51.3663408],[0.0529582,51.3663198],[0.0531018,51.3663058],[0.0532646,51.3663036],[0.0533804,51.3663149]],[[0.0533804,51.3663149],[0.0536997,51.3664619]],[[0.0536997,51.3664619],[0.0537981,51.3665267],[0.0540635,51.3666958]],[[0.0540635,51.3666958],[0.0543312,51.3668478],[0.0543967,51.366885],[0.054686,51.367057],[0.055015,51.3672175]],[[0.055015,51.3672175],[0.0552356,51.3673256],[0.0554588,51.3674739]],[[0.0554588,51.3674739],[0.0555608,51.3675254],[0.0563181,51.3678325],[0.0565135,51.3679237],[0.0565339,51.3679332],[0.0567611,51.368039],[0.0573487,51.3683022],[0.0577866,51.3685222],[0.0581554,51.3687125],[0.0585348,51.3689226],[0.0586098,51.3689669],[0.0586695,51.3690028],[0.0588521,51.3691156]],[[0.0588521,51.3691156],[0.0589587,51.3691824],[0.0592094,51.369337],[0.0594177,51.3694496],[0.0596962,51.3695771],[0.0603481,51.369822],[0.0605529,51.3698977],[0.061285,51.3701856],[0.0617592,51.3703683],[0.0625451,51.370683],[0.0629871,51.3708639],[0.0634196,51.3710409],[0.0638379,51.3712215],[0.0643665,51.3714888],[0.064438,51.3715191],[0.0652321,51.3718745],[0.0654109,51.3719474],[0.0656957,51.3720634],[0.0657845,51.3720954],[0.0665083,51.3723561],[0.0665776,51.372377],[0.0670192,51.3725442],[0.067499,51.3728367],[0.0677967,51.3730062],[0.0680992,51.3731785],[0.0682841,51.3732695],[0.0682867,51.3732703],[0.0684227,51.3733102],[0.0685846,51.3733334],[0.0687592,51.3733561],[0.0688265,51.3733614],[0.0689998,51.373362],[0.0693348,51.3733632],[0.0696878,51.3733704],[0.0699294,51.3733931],[0.0703126,51.3734291],[0.0709218,51.3734398],[0.071114,51.3734363],[0.0714305,51.3734333],[0.0718008,51.3734167],[0.072202,51.373405],[0.0743571,51.373342],[0.0744857,51.3733363],[0.0746756,51.373328],[0.0749309,51.3733214],[0.0751536,51.3733178],[0.0751991,51.373317]],[[0.0751991,51.373317],[0.0756169,51.3733081],[0.0758155,51.3733038],[0.0759256,51.3733014],[0.0760257,51.3733069],[0.0761632,51.3733204]],[[0.0761632,51.3733204],[0.0763441,51.3732888],[0.0765643,51.3732695],[0.0766087,51.3732657],[0.0768455,51.3732538]],[[0.0768455,51.3732538],[0.0772175,51.3732476]],[[0.0772175,51.3732476],[0.0774713,51.3732434],[0.0779576,51.373235],[0.0781578,51.3732243],[0.0785231,51.3732069]],[[0.0785231,51.3732069],[0.0787094,51.3731894],[0.0788773,51.3731685],[0.0791448,51.3731285],[0.0792556,51.373112]],[[0.0792556,51.373112],[0.0794577,51.3730819],[0.0797465,51.3730429],[0.0799095,51.373019]],[[0.0799095,51.373019],[0.0799496,51.3730131],[0.0800088,51.3730059]],[[0.0800088,51.3730059],[0.0802954,51.3729708]],[[0.0802954,51.3729708],[0.0808042,51.3729233]],[[0.0808042,51.3729233],[0.0819572,51.3728155]],[[0.0819572,51.3728155],[0.0820971,51.3728061]],[[0.0820971,51.3728061],[0.0821425,51.3728021]],[[0.0821425,51.3728021],[0.0821805,51.3727987],[0.0822201,51.3727951],[0.082263,51.3727912]],[[0.082263,51.3727912],[0.0823361,51.3727838],[0.0823813,51.3727801],[0.0831332,51.3727168],[0.0834006,51.3727006]],[[0.0834006,51.3727006],[0.0836388,51.372689],[0.0843608,51.3726756],[0.0845639,51.3726709],[0.0846512,51.3726649]],[[0.0846512,51.3726649],[0.0847188,51.3726603],[0.0848493,51.3726478],[0.0850238,51.3726252]],[[0.0850238,51.3726252],[0.0850713,51.3726197],[0.0851953,51.3726061]],[[0.0851953,51.3726061],[0.0852567,51.3725993],[0.0853004,51.372595],[0.0854239,51.3725897],[0.0854765,51.3725877]],[[0.0854765,51.3725877],[0.0855853,51.3725889],[0.0857034,51.372595],[0.0858545,51.3726073],[0.0860252,51.3726243],[0.0861933,51.3726461],[0.0863577,51.3726716],[0.086514,51.3726973],[0.0866077,51.3727131],[0.0867072,51.3727286],[0.0867928,51.3727403],[0.0868918,51.3727492],[0.0869938,51.3727548],[0.0871203,51.3727608],[0.0872096,51.3727642],[0.0873032,51.3727662],[0.0873915,51.3727666],[0.0874981,51.3727647],[0.0878143,51.3727566],[0.0879856,51.3727533],[0.0881258,51.3727536],[0.0882238,51.3727534],[0.0882986,51.3727538]],[[0.0882986,51.3727538],[0.0883906,51.3727528],[0.0884971,51.3727497],[0.0885606,51.372747],[0.0886384,51.3727402],[0.0886815,51.3727332],[0.0887232,51.3727243],[0.0887601,51.3727137],[0.0888003,51.3726993],[0.088839,51.3726839],[0.0889168,51.3726487],[0.089126,51.372555],[0.0894085,51.3724302],[0.0895909,51.3723535]],[[0.0895909,51.3723535],[0.0898234,51.3722628],[0.0899995,51.3721971]],[[0.0903495,51.3720807],[0.0899995,51.3721971]],[[0.1004844,51.3753438],[0.0999661,51.3754932],[0.0999096,51.3755092],[0.0997172,51.3755638],[0.0993241,51.3756723]],[[0.1004844,51.3753438],[0.100261,51.3750451]],[[0.1114786,51.3864659],[0.1116013,51.386414]],[[0.1100137,51.3872839],[0.1101681,51.3871957],[0.1111288,51.3866504],[0.1113213,51.3865411],[0.1114786,51.3864659]],[[0.1099259,51.3873418],[0.1100137,51.3872839]],[[0.1097048,51.3875131],[0.1098766,51.3873807],[0.1099259,51.3873418]],[[0.1092818,51.3878733],[0.1094468,51.3877194],[0.1097048,51.3875131]],[[0.1092818,51.3878733],[0.1090954,51.3880332],[0.1087309,51.3882179],[0.1077847,51.3886024],[0.1073927,51.3886967],[0.1067562,51.3888349],[0.1061361,51.3889731],[0.1060657,51.3890338],[0.1058299,51.3890952],[0.1057208,51.3891102],[0.1054786,51.3891512],[0.1041215,51.3893762],[0.1039378,51.3894048]],[[0.1046072,51.3910252],[0.1044141,51.3905402],[0.1042614,51.3901723],[0.103954,51.3894434],[0.1039378,51.3894048]],[[0.1046072,51.3910252],[0.1045656,51.3916578],[0.1046585,51.3917373],[0.1047186,51.3918766],[0.1051771,51.3925919],[0.1054567,51.3929209],[0.105571,51.3932135]],[[0.0914426,51.3938044],[0.0916484,51.3940562],[0.093305,51.3943683],[0.0960621,51.3943465],[0.0965668,51.3943165],[0.0986418,51.3941802],[0.0995011,51.3940449],[0.1005356,51.3940239],[0.1018517,51.394024],[0.1031898,51.393962],[0.1039413,51.3938434],[0.1048059,51.3936047],[0.105571,51.3932135]],[[0.0921242,51.3922191],[0.0921665,51.3923467],[0.0917753,51.3928835],[0.0913097,51.3935062],[0.0912976,51.3936032],[0.0914426,51.3938044]],[[0.0970995,51.3917791],[0.0958619,51.3918795],[0.0949039,51.391954],[0.0943977,51.3920023],[0.0921242,51.3922191]],[[0.0970995,51.3917791],[0.0969938,51.3915177],[0.0969164,51.3910704],[0.0968969,51.390958],[0.0968906,51.3909246],[0.0968209,51.3905579]],[[0.0968209,51.3905579],[0.096018,51.3906785],[0.0952728,51.3907311],[0.0949367,51.390736],[0.0945734,51.3907412],[0.0930622,51.3908816],[0.0907996,51.3911027]],[[0.0907996,51.3911027],[0.0908003,51.3910685],[0.0907822,51.3910363],[0.0907475,51.3910098],[0.0907004,51.3909923],[0.0906563,51.3909862]],[[0.0906563,51.3909862],[0.0906017,51.3909896],[0.0905523,51.3910045],[0.0905141,51.3910289],[0.0904916,51.3910601],[0.0904872,51.3910927]],[[0.0904872,51.3910927],[0.0886602,51.3909935],[0.0879718,51.3909568],[0.087752,51.3909451],[0.0872047,51.3909159],[0.0852364,51.3908111],[0.0836022,51.3907257],[0.082402,51.3906641],[0.0818491,51.3906352],[0.0816068,51.3906226],[0.0798739,51.3905326],[0.0797368,51.3905264]],[[0.0797368,51.3905264],[0.0782984,51.3904522],[0.0766996,51.3903709],[0.0764456,51.390358],[0.0761796,51.3903445],[0.0755526,51.3903126],[0.0747771,51.3902737]],[[0.0751039,51.3898776],[0.0749265,51.3900786],[0.0748135,51.3902102],[0.0747771,51.3902737]],[[0.0756925,51.3892217],[0.0753122,51.3896385],[0.0751039,51.3898776]],[[0.0756925,51.3892217],[0.0756128,51.3891951],[0.0755283,51.3891784],[0.0748698,51.3891223],[0.0747881,51.3891256],[0.074738,51.3891359],[0.0746968,51.3891524],[0.0745948,51.389262]],[[0.0745948,51.389262],[0.0745393,51.3893227],[0.0745277,51.3893385],[0.0745231,51.3893573],[0.0745314,51.3893783],[0.074544,51.389398],[0.0749926,51.3898232],[0.0750335,51.3898499],[0.0751039,51.3898776]],[[0.0775767,51.3871056],[0.0774727,51.3871605],[0.0773154,51.3873465],[0.0763122,51.3885077],[0.0761118,51.3887454],[0.0757464,51.3891659],[0.0756925,51.3892217]],[[0.0775767,51.3871056],[0.0769974,51.386249]],[[0.0769974,51.386249],[0.0769081,51.3861284],[0.076759,51.3859429]],[[0.076759,51.3859429],[0.0764006,51.3855583]],[[0.0764006,51.3855583],[0.0758722,51.3858559],[0.074373,51.3873404],[0.0742602,51.3874504],[0.0740715,51.3876389],[0.073478,51.3882269],[0.0733807,51.3883233],[0.0732731,51.3884321],[0.0731375,51.3885616],[0.0730042,51.3886947]],[[0.0730042,51.3886947],[0.0728658,51.3888313]],[[0.0728658,51.3888313],[0.0725407,51.3891593],[0.072315,51.389394],[0.0719858,51.3897284],[0.0718568,51.3898544],[0.0718188,51.389883],[0.0717812,51.3899048],[0.0717378,51.3899196]],[[0.0717378,51.3899196],[0.0716957,51.3899251],[0.0716392,51.3899219],[0.0715732,51.3899068],[0.0714326,51.389873],[0.0710337,51.3897763],[0.070703,51.3896824],[0.069842,51.3894328],[0.0688826,51.3891273],[0.0677444,51.3887924],[0.067131,51.388651],[0.0664868,51.3885327],[0.0662336,51.3884995],[0.06595,51.3884788],[0.065407,51.3884646]],[[0.065407,51.3884646],[0.0645221,51.3885606],[0.064395,51.3885791],[0.0643342,51.3885855]],[[0.0643342,51.3885855],[0.0641572,51.3881953],[0.0639911,51.3878666],[0.063484,51.3872024]],[[0.063484,51.3872024],[0.063189,51.3868328]],[[0.063189,51.3868328],[0.0623661,51.3860927],[0.0619483,51.3856315],[0.0617796,51.3853757],[0.0611979,51.3844936],[0.0610709,51.3843572]],[[0.0610709,51.3843572],[0.06112,51.3843273],[0.0611506,51.384289],[0.0611594,51.3842466],[0.0611454,51.3842047],[0.06111,51.384168],[0.0610647,51.3841434],[0.0610099,51.384128],[0.0609503,51.3841232],[0.0608911,51.3841293],[0.0608371,51.3841458]],[[0.0608371,51.3841458],[0.0595784,51.3830628],[0.0589239,51.382478],[0.0586824,51.3822761],[0.0585163,51.3821374],[0.0583305,51.3819824],[0.0582499,51.381887]],[[0.0557608,51.3825031],[0.057074,51.382187],[0.0582499,51.381887]],[[0.0566055,51.3862457],[0.0565732,51.3861184],[0.0563895,51.3853896],[0.0559582,51.3832369],[0.0557608,51.3825031]],[[0.0590069,51.3858968],[0.0579237,51.3860117],[0.0566055,51.3862457]],[[0.0590069,51.3858968],[0.0590382,51.38593],[0.0592875,51.3860149],[0.0593962,51.3860256],[0.0594423,51.3860125],[0.0595594,51.3858947],[0.0595892,51.3858289]],[[0.0614521,51.386963],[0.0612751,51.3865831],[0.061141,51.3862726],[0.0610195,51.3861171],[0.0608798,51.3859969],[0.0607119,51.3859289],[0.0604771,51.3858641],[0.0601684,51.3858054],[0.0595892,51.3858289]],[[0.0614521,51.386963],[0.061723,51.3869204],[0.0620449,51.3868936],[0.0622891,51.3868795]],[[0.0622891,51.3868795],[0.063189,51.3868328]],[[0.063189,51.3868328],[0.0637179,51.3868014],[0.0639758,51.3867537],[0.0642752,51.3866732],[0.0646533,51.3865723],[0.0668072,51.3859635],[0.0676912,51.3857492],[0.0684895,51.3855456]],[[0.06891,51.3848814],[0.0685667,51.3850582],[0.0684294,51.3852564],[0.0684895,51.3855456]],[[0.06891,51.3848814],[0.0691332,51.3848547],[0.0695366,51.3848975],[0.0699486,51.3851653]],[[0.0699486,51.3851653],[0.0707983,51.384935],[0.0716566,51.3847499],[0.0723018,51.3845781],[0.0724825,51.3844536],[0.0730072,51.3842798],[0.0734165,51.3841674],[0.0741897,51.3840334],[0.0748049,51.3839248],[0.0752039,51.3838792],[0.0756199,51.3838387],[0.076336,51.3837977],[0.0763967,51.3837939],[0.0779998,51.3836928]],[[0.0804319,51.3812503],[0.0805291,51.3815499],[0.080521,51.3816562],[0.0804771,51.3816869],[0.0804333,51.3817079],[0.0799555,51.3818475],[0.0783284,51.3823313],[0.0782228,51.3823751],[0.0781871,51.3823899],[0.0780873,51.3824572],[0.0780709,51.3824683],[0.0780574,51.3824852],[0.0779543,51.3826147],[0.0779142,51.3827508],[0.0779212,51.3829491],[0.0779329,51.3830621],[0.0779998,51.3836928]],[[0.0774291,51.3772891],[0.0778163,51.3776376],[0.0782893,51.3780515],[0.0784374,51.3781818],[0.0785312,51.3783029],[0.0786053,51.3784219],[0.0788641,51.3790376],[0.0789253,51.3791502],[0.0789839,51.3792768],[0.0790157,51.3793267],[0.0790934,51.3794809],[0.0792273,51.3797252],[0.0792559,51.3797733],[0.0794564,51.3801426],[0.0795303,51.3802698],[0.0796348,51.3804502],[0.0797768,51.3806637],[0.0798925,51.3807922],[0.0804319,51.3812503]],[[0.0764163,51.3753132],[0.0764515,51.375402],[0.076555,51.3757647],[0.0766934,51.3762873],[0.0767562,51.3764766],[0.0768175,51.3766184],[0.0769373,51.3768126],[0.0769974,51.3768847],[0.077157,51.3770483],[0.0774291,51.3772891]],[[0.0760525,51.3734901],[0.076026,51.3735094],[0.0758672,51.3736251],[0.0757828,51.3736968],[0.0757343,51.3737396],[0.0757034,51.3737719],[0.0756732,51.3738367],[0.0756728,51.3739193],[0.0756998,51.3741219],[0.0757193,51.3742366],[0.0757849,51.3743617],[0.0761035,51.3747772],[0.0763813,51.3752392],[0.0764163,51.3753132]],[[0.0761632,51.3733204],[0.0761378,51.3734017],[0.0761029,51.3734415],[0.0760525,51.3734901]],[[0.0536997,51.3664619],[0.0536375,51.3663902],[0.0535637,51.3663374],[0.053498,51.3662956]],[[0.053498,51.3662956],[0.053433,51.3662432],[0.0533967,51.3661913],[0.053384,51.3661402]],[[0.053384,51.3661402],[0.0533833,51.3661076],[0.053397,51.3660643]],[[0.053397,51.3660643],[0.0537977,51.3658661]],[[0.0537977,51.3658661],[0.0542225,51.3656361],[0.0544501,51.3655061]],[[0.0544501,51.3655061],[0.0546875,51.3653636],[0.0547452,51.3653159],[0.0548018,51.3652485]],[[0.0548018,51.3652485],[0.054948,51.365152],[0.0550977,51.3650531]],[[0.0552724,51.3651696],[0.0550977,51.3650531]],[[0.0569731,51.3655619],[0.0566756,51.3654998],[0.0563693,51.3654562],[0.0560585,51.3654413],[0.0558269,51.3654259],[0.0556535,51.3653868],[0.0554167,51.3652486],[0.0552724,51.3651696]],[[0.0584589,51.365841],[0.058032,51.3660515],[0.0579403,51.3660967],[0.057874,51.3661295],[0.05782,51.366129],[0.0577709,51.3661163],[0.0576979,51.3660723],[0.0576729,51.366059],[0.0576135,51.3660155],[0.0575632,51.3659554],[0.0575111,51.3658781],[0.0574641,51.3658242],[0.0573207,51.3657217],[0.0571434,51.3656325],[0.0569731,51.3655619]],[[0.0581167,51.3655649],[0.0582121,51.3656419],[0.0583429,51.3657474],[0.0584589,51.365841]],[[0.0578806,51.36538],[0.0579335,51.365422],[0.0580736,51.3655312],[0.0581167,51.3655649]],[[0.0895493,51.3734644],[0.0895998,51.3734217],[0.0896808,51.3733533]],[[0.1012249,51.3751168],[0.1011675,51.3751337],[0.100646,51.3752872],[0.1004844,51.3753438]],[[0.1012249,51.3751168],[0.1014971,51.375095],[0.1020014,51.3751019],[0.102142,51.375101]],[[0.102142,51.375101],[0.1021983,51.3751152],[0.102259,51.3751206],[0.102321,51.3751165],[0.1023792,51.3751031],[0.1024188,51.3750872],[0.1024518,51.3750677],[0.1024809,51.3750423],[0.1025008,51.375015],[0.1025123,51.3749841],[0.1025136,51.3749527],[0.1025024,51.3749168],[0.1024734,51.3748786],[0.1024442,51.3748558],[0.1024089,51.3748368],[0.1023752,51.3748242],[0.102308,51.3748104]],[[0.102308,51.3748104],[0.1022367,51.3748088],[0.1021611,51.3748217],[0.1020951,51.3748487],[0.1020523,51.3748805]],[[0.1020523,51.3748805],[0.1013627,51.3750633],[0.1012249,51.3751168]],[[0.0975996,51.3733045],[0.0976393,51.3732973],[0.0976893,51.3732771],[0.0977227,51.3732507]],[[0.0977227,51.3732507],[0.0977416,51.3732192],[0.097744,51.3731857],[0.0977299,51.3731532],[0.0977005,51.373125]],[[0.0977005,51.373125],[0.0976587,51.3731038]],[[0.0976587,51.3731038],[0.0975854,51.3729384],[0.0975024,51.372811]],[[0.0960879,51.368812],[0.0964906,51.3698559],[0.0967299,51.3705348],[0.0968338,51.3708549],[0.0968443,51.3708892],[0.0971714,51.3718577],[0.0971851,51.3719014],[0.0974081,51.3725376],[0.0975024,51.372811]],[[0.0960879,51.368812],[0.0959443,51.3684761],[0.0958027,51.3681626],[0.095637,51.3678025]],[[0.0955283,51.3675856],[0.0952875,51.3671121],[0.0952341,51.367009],[0.0950909,51.3667454],[0.0950347,51.3666427],[0.0949674,51.3665365],[0.0948959,51.3664489],[0.0948176,51.3663657],[0.0945117,51.3660912],[0.093855,51.365432],[0.0937701,51.3653583],[0.0936997,51.3652641],[0.0932972,51.3648688],[0.0931152,51.3646919],[0.0929337,51.3645123],[0.0926733,51.3642608]],[[0.0926733,51.3642608],[0.0926303,51.3641332],[0.092628,51.3641034],[0.0926333,51.3640739],[0.0926539,51.3640414]],[[0.0926539,51.3640414],[0.0926811,51.3640114]],[[0.0926811,51.3640114],[0.0926915,51.3639776],[0.0926841,51.3639435],[0.0926596,51.3639127],[0.0926195,51.3638879]],[[0.0926195,51.3638879],[0.0925687,51.3638726]],[[0.0925687,51.3638726],[0.0924833,51.3638377],[0.092345,51.3637722],[0.0921009,51.3636741]],[[0.0921009,51.3636741],[0.0920155,51.3636125],[0.091965,51.3635674],[0.0918951,51.3634935],[0.0917978,51.3633915],[0.0916343,51.3632183],[0.0914735,51.3630595],[0.0912524,51.3628435],[0.0910798,51.3626759],[0.0910316,51.3626294],[0.0909605,51.3625599],[0.0907405,51.3623448],[0.090547,51.3621553],[0.0902647,51.3618882],[0.0900219,51.3616632],[0.0898073,51.3614654],[0.0896033,51.3612756],[0.0893963,51.3610798],[0.0892462,51.3609379],[0.0891774,51.3608705],[0.0890782,51.3607761],[0.0889873,51.3606818],[0.0889091,51.360593],[0.088849,51.3605161]],[[0.088849,51.3605161],[0.0887225,51.3603311],[0.0886992,51.3602895],[0.0886813,51.360249],[0.0886635,51.3601925],[0.0886581,51.3601553],[0.0886553,51.3600654],[0.0886579,51.3599512],[0.0886715,51.3597548],[0.0886836,51.3596527],[0.0886986,51.3595092],[0.0887322,51.3592427],[0.0887572,51.3590295],[0.0887816,51.3587912],[0.0888046,51.3586036],[0.088841,51.3582956],[0.0888869,51.3579037],[0.0889223,51.3575978],[0.0889836,51.3571358],[0.0890305,51.3568367],[0.0890855,51.3565037],[0.0891255,51.3562989],[0.0891748,51.3561121],[0.0892034,51.3559747],[0.0892355,51.3558867]],[[0.089597,51.3525784],[0.0895845,51.3524979],[0.0895372,51.3522255],[0.0895254,51.3521543],[0.0894968,51.3519825],[0.0894749,51.351867],[0.0894476,51.351756],[0.0893779,51.3515214],[0.0893616,51.3514575],[0.0892635,51.3510621],[0.0892407,51.35097],[0.0892146,51.3508424],[0.0891995,51.3507375]],[[0.0891995,51.3507375],[0.0891614,51.3504712],[0.0891473,51.3503462]],[[0.0891473,51.3503462],[0.0891826,51.3502404],[0.0891843,51.3501546],[0.0891911,51.3500554]],[[0.0891911,51.3500554],[0.0892071,51.3500093],[0.0892035,51.349947],[0.0891764,51.3498871],[0.0891475,51.3498527]],[[0.0891475,51.3498527],[0.089104,51.349747],[0.0890961,51.3496953],[0.0890846,51.3495855]],[[0.0890846,51.3495855],[0.0891714,51.3494687],[0.0892541,51.3493532],[0.0893371,51.3492301],[0.0894202,51.349098],[0.0895184,51.3489329],[0.0896016,51.3487967],[0.0897966,51.3484746],[0.089866,51.3483703],[0.0899416,51.3482701],[0.0900172,51.3481751],[0.0901018,51.3480778],[0.0901893,51.3479858],[0.090278,51.3478943],[0.090374,51.3478029],[0.0905254,51.3476716],[0.0906802,51.3475415],[0.0910474,51.3472324],[0.0912544,51.347058],[0.0914116,51.3469296],[0.0915813,51.3468003],[0.0917561,51.3466794],[0.0919329,51.3465609],[0.0921196,51.3464444],[0.0925493,51.3461798],[0.0926743,51.3461041],[0.0928071,51.3460299],[0.0929431,51.3459612],[0.0930832,51.3458958],[0.0932273,51.3458343],[0.0933797,51.3457741],[0.09353,51.3457205],[0.0936846,51.3456711],[0.0938423,51.3456249],[0.0940055,51.345584],[0.0941672,51.345547],[0.0943308,51.3455147],[0.0945058,51.345485],[0.0946727,51.3454614],[0.0948437,51.3454427],[0.0950183,51.3454266],[0.0952742,51.3454079],[0.0955369,51.3453886],[0.0957947,51.3453705],[0.0960488,51.3453519],[0.0963123,51.3453313],[0.0965718,51.3453107],[0.0968226,51.3452861],[0.0970857,51.345255],[0.0972478,51.345234],[0.0974339,51.3452087],[0.0976128,51.3451825],[0.0977929,51.3451531],[0.0979607,51.3451249],[0.0981275,51.3450943],[0.0982985,51.3450614],[0.0985212,51.3450161],[0.0987612,51.3449615],[0.0989857,51.3449078],[0.0992194,51.3448496],[0.0993905,51.3448051]],[[0.0993905,51.3448051],[0.0997009,51.344724],[0.0998685,51.3446791],[0.1000269,51.3446374],[0.1001914,51.3445965],[0.100355,51.3445605],[0.1005269,51.3445284],[0.1007008,51.3444995],[0.1008647,51.3444762],[0.1010338,51.3444579],[0.1011969,51.3444434],[0.101379,51.3444308],[0.1015548,51.3444253],[0.1017335,51.3444223],[0.1019106,51.3444255],[0.1020892,51.3444324],[0.1022646,51.3444432],[0.102438,51.3444597],[0.1026196,51.3444814],[0.1027956,51.3445054],[0.1029934,51.3445395],[0.1031553,51.3445729],[0.1033184,51.3446114],[0.1034822,51.344655],[0.103859,51.3447588],[0.1041887,51.3448483],[0.1044381,51.3449087],[0.1046184,51.344946],[0.1047857,51.3449782],[0.1049884,51.345009],[0.1051986,51.3450374],[0.1054773,51.3450674],[0.1057622,51.3450922],[0.1059695,51.3451039],[0.1062156,51.3451128],[0.1064354,51.3451161],[0.1065966,51.3451153],[0.1067729,51.3451123],[0.1069883,51.3451029],[0.1073028,51.345084],[0.1077051,51.3450562],[0.1080431,51.3450352],[0.1083288,51.3450148],[0.1089131,51.3449749],[0.1091754,51.3449578],[0.1095251,51.3449327],[0.1099881,51.3449024],[0.1102627,51.3448729]],[[0.1102627,51.3448729],[0.1104574,51.3448915],[0.1105297,51.3448861],[0.1106156,51.3448779],[0.1107856,51.3448533],[0.1109323,51.3448195],[0.1110659,51.3447792]],[[0.1110659,51.3447792],[0.1111219,51.3447794],[0.1111762,51.3447708],[0.1112253,51.344754],[0.1112698,51.3447271]],[[0.1112698,51.3447271],[0.1113029,51.3446899],[0.1113164,51.3446483],[0.111309,51.3446061],[0.1112814,51.3445673],[0.1112363,51.3445355]],[[0.1112363,51.3445355],[0.1111793,51.3445141],[0.1111147,51.3445043],[0.1110657,51.344505]],[[0.1110657,51.344505],[0.1110559,51.3444012],[0.1110567,51.3442636]],[[0.1110567,51.3442636],[0.1110484,51.3440368],[0.1110372,51.3439864],[0.1110206,51.3439419],[0.110989,51.343888],[0.1108567,51.3436985],[0.110832,51.3436538],[0.1108081,51.3435939],[0.1107747,51.3435],[0.1107285,51.3433411],[0.1107047,51.3432364],[0.1106854,51.3431351],[0.1106685,51.3430296],[0.1106598,51.3429058],[0.110653,51.342759],[0.1106512,51.3425123],[0.1106521,51.3423311],[0.1106567,51.3421203],[0.1106629,51.341981],[0.1106722,51.3418955],[0.1106804,51.3418318],[0.1107,51.341751],[0.1107334,51.3416527],[0.1107778,51.3415526],[0.1108279,51.341454],[0.1109869,51.3411533],[0.1110971,51.340954],[0.1111803,51.3408035],[0.1112642,51.3406551],[0.1113491,51.3405035],[0.1114336,51.3403534],[0.1115012,51.3402375],[0.1115675,51.340124],[0.1116555,51.3399752],[0.1117505,51.3398283],[0.1118501,51.3396839],[0.1119551,51.3395383],[0.1120344,51.3394355],[0.1120743,51.3393893],[0.112179,51.339259],[0.1122782,51.3391459],[0.1124122,51.3390061],[0.1125549,51.3388896],[0.1126827,51.3387915],[0.1131305,51.3384588],[0.1133528,51.3382727],[0.1134738,51.3381659],[0.113676,51.3379809],[0.1138641,51.3377756],[0.1139829,51.3376306]],[[0.1139829,51.3376306],[0.1141528,51.3374138],[0.1147312,51.3365996],[0.115229,51.3356505],[0.1159757,51.3341598],[0.1162151,51.3335031],[0.1163704,51.3328406],[0.1164657,51.3316842],[0.1165061,51.3314173],[0.116568,51.3311607],[0.1166471,51.3309006],[0.1167827,51.3304234],[0.1168569,51.3302357],[0.1169476,51.3300664],[0.1170572,51.3298964],[0.1174004937311966,51.32950311203611]],[[0.08615497345097022,51.30047568688983],[0.0860255,51.300457]],[[0.0748399,51.3159079],[0.0748947,51.3158377],[0.0749308,51.3157806],[0.0749987,51.3156448],[0.0751443,51.3153215],[0.0758532,51.3139328],[0.076534,51.3128317],[0.0766964,51.3125907],[0.0768254,51.31244],[0.0768817,51.3123743],[0.0771881,51.3120165],[0.0775326,51.311661],[0.0777822,51.311439],[0.0780824,51.3112456],[0.0791505,51.310615],[0.0797188,51.3102892],[0.0797708,51.3102619],[0.0800578,51.3101076],[0.0801832,51.3100206],[0.080293,51.3099139],[0.0804515,51.3096611],[0.0806146,51.3090992],[0.0807281,51.3088842],[0.0809701,51.3084259],[0.080996,51.3083853],[0.0818713,51.3070149],[0.0819057,51.3069611],[0.0826438,51.3058128],[0.0826758,51.3057499],[0.0827049,51.3057007],[0.0830643,51.3050416],[0.0838969,51.3042191],[0.0840957,51.3040188],[0.0842297,51.3038838],[0.0847341,51.3033086],[0.0847744,51.3032526],[0.0855105,51.3022927],[0.0859483,51.3013858],[0.0860518,51.3009347],[0.0860109,51.3005957],[0.0860255,51.300457]],[[0.0733459,51.3183435],[0.073491,51.3182364],[0.0736293,51.3181222],[0.0737289,51.318027],[0.0737957,51.3179531],[0.0738413,51.3178929],[0.0738868,51.3178268],[0.0739132,51.3177801],[0.0739528,51.3176932],[0.0739904,51.3175783],[0.0740032,51.317514],[0.0740161,51.3174394],[0.0740477,51.3172537],[0.0740936,51.3170805],[0.0741999,51.3167456],[0.0742444,51.3166137],[0.0742772,51.3165457],[0.0743224,51.3164845],[0.0744934,51.3163091],[0.0748399,51.3159079]],[[0.0728359,51.3186288],[0.0729914,51.318548],[0.0731674,51.3184509],[0.0732567,51.3184001],[0.0733459,51.3183435]],[[0.0709156,51.3204206],[0.0708915,51.3202928],[0.070883,51.3202121],[0.0708871,51.3200586],[0.0709046,51.3198542],[0.0709135,51.3198109],[0.0709285,51.3197725],[0.0709521,51.319737],[0.0710624,51.319624],[0.0711935,51.3195093],[0.071358,51.3193861],[0.0715851,51.3192487],[0.0724037,51.3188476],[0.0725959,51.3187508],[0.0727332,51.3186847],[0.0728359,51.3186288]],[[0.0710824,51.3215054],[0.0710844,51.3213014],[0.0710863,51.3212069],[0.0710817,51.3211159],[0.0710524,51.3209411],[0.071031,51.3207713],[0.0710111,51.3206712],[0.0709855,51.3205916],[0.0709156,51.3204206]],[[0.0725208,51.3257018],[0.0724784,51.3256363],[0.0723698,51.3254631],[0.0723079,51.325371],[0.0722558,51.3252971],[0.0721681,51.3251884],[0.0720868,51.3250939],[0.0717211,51.3247017],[0.0716632,51.3246363],[0.0716248,51.3245859],[0.0715267,51.3244251],[0.0714809,51.3243487],[0.0714608,51.3243025],[0.0714462,51.324253],[0.0714141,51.3240915],[0.0713748,51.3239429],[0.0713597,51.3238665],[0.0713524,51.3237955],[0.0713549,51.3236624],[0.0713513,51.3235566],[0.0713281,51.3233771],[0.0713135,51.3233036],[0.0712956,51.3232313],[0.0712541,51.3231046],[0.0712282,51.3230115],[0.0711716,51.3227511],[0.0710901,51.322482],[0.0710731,51.3224013],[0.0710619,51.3223217],[0.0710532,51.3221356],[0.0710555,51.3218443],[0.0710607,51.3217266],[0.0710824,51.3215054]],[[0.0780347,51.3365701],[0.0773738,51.3357872],[0.0771659,51.3356255],[0.0768057,51.3353873],[0.0764972,51.335158],[0.0762314,51.334968],[0.076026,51.3347711],[0.0759654,51.3346621],[0.075917,51.3345454],[0.0758796,51.3344523],[0.0758585,51.334368],[0.0758315,51.3341715],[0.075814,51.3339094],[0.0758105,51.3337068],[0.0758068,51.3336227],[0.0757909,51.3335411],[0.0757611,51.3334489],[0.0757362,51.3334053],[0.0757032,51.3333642],[0.0756381,51.3333062],[0.0753658,51.3331196],[0.0753044,51.3330737],[0.0752357,51.3330157],[0.075185,51.3329692],[0.0750741,51.3328541],[0.0749558,51.3327213],[0.0746522,51.3323817],[0.0744144,51.3320871],[0.0743718,51.3320191],[0.0743371,51.3319456],[0.0742771,51.331793],[0.0741615,51.3315279],[0.0741255,51.3314395],[0.0741044,51.331349],[0.0740919,51.3312692],[0.0740882,51.3311692],[0.0740888,51.3310836],[0.0741009,51.3309386],[0.0741378,51.3307205],[0.0741762,51.3304917],[0.0741861,51.3304125],[0.0741939,51.3302294],[0.0741917,51.3301847],[0.0741792,51.3300778],[0.0741696,51.3300278],[0.0741323,51.3298942],[0.074095,51.3297963],[0.0740397,51.3296749],[0.074023,51.3296206],[0.0740145,51.3295801],[0.0740103,51.3295181],[0.0740104,51.3294338],[0.0740163,51.3290873],[0.0740082,51.3289372],[0.0740018,51.3288645],[0.0739873,51.3287915],[0.0739685,51.3287275],[0.0739421,51.3286593],[0.07391,51.3285982],[0.0737718,51.3284065],[0.0737336,51.3283552],[0.0736684,51.3282873],[0.0734405,51.3280955],[0.0733665,51.3280389],[0.0733281,51.3280077],[0.0732935,51.3279704],[0.0731424,51.3277804],[0.0730682,51.3276741],[0.0730166,51.327588],[0.0729817,51.3275128],[0.0729681,51.3274687],[0.072958,51.3274206],[0.0729465,51.3273334],[0.0729379,51.327267],[0.0729543,51.3269616],[0.0729537,51.3266224],[0.072949,51.3265733],[0.0729407,51.3265314],[0.072895,51.3264085],[0.0728686,51.3263585],[0.0728393,51.3263128],[0.072746,51.3261861],[0.0727217,51.32615],[0.072696,51.3261],[0.0726441,51.3259924],[0.0725533,51.3257733],[0.0725208,51.3257018]],[[0.0782097,51.3368271],[0.0780347,51.3365701]],[[0.0829935,51.3439041],[0.0829526,51.3436441],[0.0827321,51.3432086],[0.0823061,51.3427291],[0.0820111,51.342273],[0.0813627,51.341435],[0.0812418,51.3413193],[0.0810452,51.3411312],[0.0807792,51.3407607],[0.0803416,51.3401703],[0.0802131,51.3399339],[0.0802316,51.3395052],[0.0802127,51.3392217],[0.0799501,51.3387428],[0.0794001,51.3380964],[0.0791067,51.3377296],[0.0787377,51.3374669],[0.0784625,51.3371985],[0.0782097,51.3368271]],[[0.0881881,51.3498164],[0.0880927,51.3497796],[0.0879963,51.349736],[0.0877451,51.3496399],[0.0874868,51.3495289],[0.0872783,51.3494342],[0.0869935,51.3492981],[0.086621,51.3491266],[0.0863805,51.3490244],[0.086098,51.3489151],[0.0859414,51.3488593],[0.0857075,51.3487797],[0.0854183,51.3486869],[0.0850591,51.3485767],[0.084809,51.3485003],[0.0846614,51.3484521],[0.0845194,51.3483993],[0.0843931,51.3483452],[0.0836659,51.3480646],[0.0826036,51.3476323],[0.0823609,51.3474822],[0.0821995,51.3472868],[0.0820892,51.3467944],[0.0821274,51.3465777],[0.0825172,51.3460586],[0.0825976,51.3458872],[0.0825692,51.3457169],[0.0823679,51.345258],[0.0823542,51.3450934],[0.0824007,51.3448867],[0.0824513,51.3448244],[0.0826919,51.3445284],[0.0829287,51.3441904],[0.082969,51.3440125],[0.0829935,51.3439041]],[[0.0881881,51.3498164],[0.0882896,51.3498811]],[[0.0882896,51.3498811],[0.0883886,51.3499244],[0.0884481,51.3499611],[0.088514,51.3500105]],[[0.088514,51.3500105],[0.0885248,51.350042],[0.0885394,51.3500661],[0.0885723,51.350105]],[[0.0885723,51.350105],[0.0886693,51.3501638],[0.0887637,51.3501908],[0.0888498,51.3501993]],[[0.0888498,51.3501993],[0.0889297,51.3501952],[0.0889728,51.350188]],[[0.0889728,51.350188],[0.0890309,51.3502249],[0.0891036,51.3502827],[0.0891473,51.3503462]],[[0.0921009,51.3636741],[0.0922937,51.3638269],[0.0923292,51.3638627],[0.0923475,51.363901],[0.0923542,51.363955]],[[0.0923542,51.363955],[0.0923531,51.3639902],[0.0923705,51.3640237],[0.0924045,51.3640519],[0.0924513,51.3640715]],[[0.0924513,51.3640715],[0.0924938,51.364103],[0.0925773,51.3641832],[0.0926733,51.3642608]],[[0.0975024,51.372811],[0.0975006,51.3729472],[0.0974939,51.373],[0.097479,51.3730528],[0.0974486,51.3731209]],[[0.0974486,51.3731209],[0.0974144,51.3731513]],[[0.0974144,51.3731513],[0.0973986,51.3731872],[0.0974032,51.3732242],[0.0974275,51.3732582],[0.0974688,51.373285]],[[0.100261,51.3750451],[0.1001044,51.3748341],[0.1000161,51.3747301],[0.0998615,51.3745575],[0.0997763,51.3744473],[0.0996918,51.3743189],[0.099566,51.3741113],[0.0994808,51.3739677],[0.0993608,51.3737662],[0.0992411,51.3735623],[0.0992165,51.3735176],[0.0991969,51.373471],[0.0991748,51.3733951],[0.0991573,51.3733287],[0.099143,51.3732552],[0.0991381,51.373152]],[[0.0988124,51.3731654],[0.0991381,51.373152]],[[0.0983435,51.3731727],[0.0985821,51.373169],[0.0988124,51.3731654]],[[0.0983435,51.3731727],[0.0981341,51.3731438],[0.0980297,51.3731384],[0.0977968,51.3731201],[0.0977005,51.373125]],[[0.0976587,51.3731038],[0.0976085,51.3730916],[0.0975548,51.3730896],[0.0974973,51.3730995],[0.0974486,51.3731209]],[[0.0974144,51.3731513],[0.0972115,51.373184],[0.0971224,51.3731978],[0.0970069,51.3732089],[0.0968914,51.3732171],[0.0967769,51.373221],[0.0965572,51.3732259],[0.0963627,51.3732263],[0.0962635,51.3732236],[0.0961564,51.3732138],[0.0960076,51.3731937],[0.0959583,51.3731874],[0.0957867,51.3731924]],[[0.1276102,51.3575471],[0.1277722,51.3574554],[0.1278902,51.3573783],[0.1279228,51.3573544],[0.1279366,51.3573389],[0.1279551,51.3573131]],[[0.1279551,51.3573131],[0.1278701,51.3572882],[0.1277974,51.3572632],[0.1277274,51.3572364],[0.1276349,51.3571969],[0.1275657,51.3571694],[0.1274922,51.3571451],[0.1272753,51.3570813],[0.1269556,51.3569858],[0.1268686,51.3569585],[0.1267132,51.3569109],[0.1265811,51.3568755],[0.126478,51.3568461],[0.1264068,51.3568235],[0.1263119,51.3567866],[0.1262082,51.3567382],[0.1261026,51.356683],[0.1260159,51.3566329],[0.1259302,51.3565756],[0.1257659,51.3564584],[0.1256862,51.3564044]],[[0.1256862,51.3564044],[0.125562,51.3563355],[0.1254612,51.3562891]],[[0.1229533,51.3580219],[0.1229904,51.3579849],[0.1230437,51.3579433],[0.1231284,51.3578868],[0.1233965,51.3577132],[0.1236746,51.3575335],[0.1241814,51.3572053],[0.1247012,51.356869],[0.1249195,51.3567249],[0.1250612,51.356625],[0.1251491,51.3565597],[0.1252722,51.3564601],[0.1253554,51.3563856],[0.1254612,51.3562891]],[[0.1229533,51.3580219],[0.122836,51.3581014],[0.1227421,51.3581574]],[[0.1227421,51.3581574],[0.1227172,51.3581759]],[[0.1227172,51.3581759],[0.1226515,51.3582242],[0.1226235,51.3582377],[0.1225848,51.3582493],[0.1225653,51.3582552],[0.1225201,51.3582639],[0.1224257,51.358275]],[[0.1224257,51.358275],[0.1223878,51.3582792],[0.1223543,51.3582912],[0.1223294,51.3583097],[0.1223161,51.3583323],[0.1223158,51.3583563]],[[0.1223158,51.3583563],[0.1223003,51.3583971],[0.1222907,51.3584159],[0.1222745,51.3584341],[0.1221561,51.3585356]],[[0.1148443,51.362622],[0.1156158,51.3621972],[0.1191682,51.3602444],[0.1210317,51.3592053],[0.1215445,51.3589073],[0.1221561,51.3585356]],[[0.1141602,51.3629987],[0.1143682,51.3628842],[0.1148443,51.362622]],[[0.1138048,51.3631941],[0.1141602,51.3629987]],[[0.1115663,51.3644566],[0.1117263,51.3643673],[0.1124581,51.363959],[0.1133422,51.3634656],[0.1137168,51.3632466],[0.1138048,51.3631941]],[[0.111028,51.3640851],[0.111317,51.3642665],[0.1114546,51.3643801],[0.1114893,51.3644038],[0.1115663,51.3644566]],[[0.1108774,51.3639729],[0.111028,51.3640851]],[[0.0960879,51.368812],[0.0969252,51.3686415],[0.0971429,51.3685846],[0.0973369,51.3684964],[0.0982431,51.3680219],[0.0987417,51.3677269],[0.0990607,51.3674624],[0.0993852,51.3671027],[0.0995368,51.3669231],[0.0998193,51.3666825],[0.1008439,51.3660092],[0.1016473,51.3654835],[0.1019464,51.3652948],[0.1021138,51.3651892],[0.1023251,51.365056],[0.102466,51.3649671],[0.1025048,51.3649432],[0.1026542,51.3648484],[0.1027507,51.3647875],[0.1031307,51.3645764],[0.1038394,51.3641282],[0.1040661,51.364027],[0.104187,51.3639911],[0.1042855,51.3639619],[0.1045113,51.3639241],[0.1047247,51.3639077],[0.1068797,51.3639284],[0.1073723,51.3639632],[0.1075369,51.3639797],[0.1078463,51.3640107],[0.1082031,51.3640344],[0.108621,51.3640463],[0.1088534,51.3640415],[0.1091926,51.3640291],[0.109509,51.363992],[0.1098872,51.3639198],[0.1103441,51.3637943],[0.1105159,51.3637891],[0.110657,51.3638395],[0.1108774,51.3639729]],[[0.0819572,51.3728155],[0.0819715,51.3728871]],[[0.0819715,51.3728871],[0.0820361,51.3732108],[0.0821598,51.3735983]],[[0.0821598,51.3735983],[0.0820329,51.3736316],[0.0819156,51.3736904],[0.0817843,51.3737956],[0.0817107,51.373904],[0.0816831,51.3740417],[0.0819209,51.3747526],[0.0820682,51.3751962],[0.0821924,51.3755193],[0.0822852,51.3757911],[0.0823753,51.3760663],[0.0825275,51.3765191],[0.0826538,51.3768806],[0.0827445,51.3771526],[0.0828569,51.3774704]],[[0.0810865,51.3777851],[0.0814829,51.3777821],[0.0815182,51.3777819],[0.081629,51.3777797],[0.0817859,51.377761],[0.0818182,51.3777572],[0.0819142,51.3777372],[0.081992,51.3777045],[0.0822995,51.3775822],[0.0824669,51.3775367],[0.0828569,51.3774704]],[[0.0810865,51.3777851],[0.0810825,51.3775653],[0.0810523,51.3775414],[0.0809176,51.3775187],[0.0805914,51.3775205],[0.0802655,51.3775219]],[[0.0802655,51.3775219],[0.0802429,51.3775221],[0.0797985,51.3775266],[0.079695,51.3775276],[0.0792717,51.3775322],[0.079135,51.3775313],[0.0788594,51.3775318],[0.0787887,51.3775003],[0.0787455,51.3774593],[0.0787234,51.3774119],[0.0787181,51.3773521],[0.0787278,51.3771605],[0.0786775,51.3770842],[0.0780901,51.3770867],[0.0779242,51.37709],[0.0774291,51.3772891]],[[0.0804319,51.3812503],[0.0805105,51.3812311],[0.0807951,51.3812155],[0.0810086,51.3812069],[0.0812307,51.3811996],[0.0812955,51.3811979]],[[0.081919,51.381211],[0.0813981,51.3811915],[0.0812955,51.3811979]],[[0.081919,51.381211],[0.0822243,51.3812177],[0.0823825,51.3812207],[0.0825651,51.3812291],[0.0827184,51.3812462],[0.0828942,51.3812678],[0.0830881,51.3813008],[0.0832233,51.3813265],[0.0833302,51.3813339],[0.0834814,51.381335],[0.0836333,51.3813214],[0.0837773,51.3812934],[0.0839337,51.3812387],[0.084074,51.3811798],[0.0842663,51.38111],[0.0843657,51.3810882],[0.0844717,51.3810736],[0.084571,51.3810623],[0.084686,51.3810547],[0.0847983,51.3810564],[0.0849251,51.381063],[0.0851881,51.3810986],[0.085728,51.3812065],[0.0861647,51.3812947],[0.0866369,51.3813966],[0.0868003,51.3814444],[0.086912,51.3814897],[0.0870276,51.3815464],[0.0871078,51.3815862],[0.087182,51.3816349],[0.0873247,51.3817463]],[[0.0873247,51.3817463],[0.0876213,51.3820114],[0.0877352,51.3821006],[0.0881475,51.3823504],[0.088393,51.3825335]],[[0.0776498,51.3872141],[0.0777882,51.3871975],[0.0781835,51.3870933],[0.0783162,51.3870447],[0.0785552,51.3869163],[0.079418,51.3864187],[0.080701,51.3857004],[0.0812826,51.3853892],[0.0816365,51.385188],[0.0825345,51.3846853],[0.0836352,51.3840918],[0.0839244,51.3839302],[0.0842195,51.3837714],[0.0842997,51.3837357],[0.084354,51.3837168],[0.0844212,51.3836987],[0.0845723,51.3836602],[0.0848253,51.383596],[0.085315,51.3834596],[0.0863052,51.3831753],[0.0881494,51.382626],[0.088393,51.3825335]],[[0.0776498,51.3872141],[0.0775767,51.3871056]],[[0.0643342,51.3885855],[0.0628401,51.3887631],[0.0624521,51.3888361],[0.0614754,51.3890095],[0.0596351,51.3893683],[0.0593355,51.3894267],[0.0589312,51.3895324],[0.0585005,51.3896494],[0.057759,51.3898444],[0.0574576,51.3899245],[0.0570484,51.3900322],[0.0565898,51.390154],[0.0561394,51.3902751],[0.0559128,51.3903336],[0.0555251,51.3904372],[0.0551425,51.3905376],[0.0548785,51.3906015],[0.0547619,51.3906226],[0.0546732,51.390632],[0.054552,51.3906406],[0.05444,51.3906438],[0.0543094,51.3906382],[0.0541893,51.3906272],[0.0540762,51.3906119],[0.0538868,51.3905811],[0.0538614,51.390577],[0.0537326,51.3905566]],[[0.0549213,51.3943247],[0.0548267,51.3941816],[0.0547619,51.3940858],[0.0546626,51.393928],[0.0546062,51.3938268],[0.0545471,51.3936942],[0.0545302,51.3936392],[0.0545083,51.3935568],[0.054454,51.3933159],[0.0544053,51.3931039],[0.054312,51.3926606],[0.0542164,51.39231],[0.0541132,51.3917686],[0.0540499,51.3914994],[0.0540085,51.3913625],[0.0538777,51.3910594],[0.0538241,51.3909442],[0.0537878,51.3908733],[0.0537061,51.3907093],[0.0536964,51.3906635],[0.0537003,51.3906415],[0.053703,51.3906265],[0.0537326,51.3905566]],[[0.0558386,51.395778],[0.0558209,51.3956887],[0.0557996,51.3956172],[0.0557121,51.3954318],[0.0556814,51.3953694],[0.0556375,51.3953042],[0.0555717,51.3952114],[0.0555185,51.3951404],[0.0554542,51.395061],[0.0552656,51.3948216],[0.0551697,51.3946915],[0.055047,51.3945101],[0.0549213,51.3943247]],[[0.0558386,51.395778],[0.0557668,51.3957846],[0.0551006,51.3958735],[0.0546664,51.3959357],[0.0545538,51.3959523],[0.0538751,51.3960317],[0.0535882,51.3960654],[0.0525383,51.3961978],[0.0519428,51.3962807],[0.0510382,51.3963932],[0.0506091,51.3964477],[0.0503866,51.3964754],[0.0490484,51.3966387],[0.0486419,51.3966895],[0.0480785,51.3967539],[0.0477283,51.3967931],[0.0476256,51.3968041],[0.0474892,51.396819],[0.046969,51.3968731],[0.046662,51.3969088],[0.0464352,51.3969395],[0.0462406,51.396955],[0.0461406,51.3969587],[0.0460782,51.3969571]],[[0.0460782,51.3969571],[0.0460865,51.3970358],[0.0461053,51.3972892],[0.0461077,51.3974012],[0.046102,51.3974993],[0.0460833,51.3976008],[0.0460257,51.3979007],[0.0460098,51.3979787],[0.0459861,51.3980939],[0.0459326,51.3983968],[0.0458551,51.3989424],[0.0458514,51.3989979]],[[0.0458514,51.3989979],[0.0458985,51.3990143],[0.0461866,51.3990369],[0.0463145,51.3990433],[0.046471,51.3990509],[0.0466474,51.3990616],[0.0468584,51.3990645],[0.0469458,51.3990649],[0.047425,51.3990671],[0.047547,51.3990675],[0.0475811,51.3990679],[0.0479992,51.3990676],[0.0485296,51.3990651],[0.0490145,51.3990651],[0.0491956,51.3990655],[0.0522101,51.3990522],[0.0528409,51.3990506],[0.0536167,51.3990516],[0.0538408,51.3990574],[0.0543038,51.3990672],[0.0555831,51.39911],[0.0559119,51.3991272],[0.0561002,51.3991354],[0.0561895,51.3991314]],[[0.0561895,51.3991314],[0.056255,51.3991414],[0.0562788,51.3991442],[0.0564322,51.3991624],[0.0569469,51.3993079],[0.0579117,51.3995965],[0.0580242,51.3996737]],[[0.0580242,51.3996737],[0.0580685,51.3996562],[0.059793,51.3991956],[0.0599985,51.3991283],[0.0601059,51.3990931],[0.0601472,51.3990796]],[[0.0601472,51.3990796],[0.0602042,51.3990977],[0.0602558,51.3991103],[0.0603276,51.3991161],[0.0603624,51.399109],[0.0606623,51.3990117],[0.0604919,51.3988247]],[[0.0604919,51.3988247],[0.0601908,51.398935],[0.0601653,51.3989601],[0.0601358,51.3990086],[0.0601365,51.3990362],[0.0601378,51.3990555],[0.0601472,51.3990796]],[[0.0557681,51.4005458],[0.0558143,51.4004019],[0.055864,51.4002462],[0.0559559,51.399952],[0.0560279,51.3996932],[0.056069,51.3995335],[0.0561395,51.3992979],[0.0561692,51.3991827],[0.0561895,51.3991314]],[[0.0556618,51.4008282],[0.0557681,51.4005458]],[[0.0551207,51.4019892],[0.0551558,51.4019394],[0.0552794,51.4016626],[0.0552985,51.4016177],[0.055557,51.4010559],[0.0556174,51.4009247],[0.0556618,51.4008282]],[[0.0582194,51.4044717],[0.0580941,51.4043887],[0.0577571,51.4041962],[0.0570725,51.4037713],[0.0564171,51.4033631],[0.0559109,51.403044],[0.055533,51.4028028],[0.0553938,51.4026948],[0.0552803,51.4025854],[0.0552052,51.4024657],[0.0551815,51.4023524],[0.0551573,51.4022376],[0.0551321,51.4020705],[0.0551207,51.4019892]],[[0.0587067,51.4048099],[0.0582194,51.4044717]],[[0.0624108,51.4078245],[0.062301,51.407684],[0.0622219,51.4075527],[0.0621644,51.4074296],[0.0621106,51.4072792],[0.0620894,51.407206],[0.0620556,51.4071018],[0.0620191,51.4070019],[0.0618682,51.4066907],[0.0616475,51.4063557],[0.0614937,51.4062216],[0.0613439,51.4061613],[0.0607581,51.4060377],[0.0605529,51.4060067],[0.0604291,51.4059786],[0.0602566,51.4058995],[0.0595845,51.4054179],[0.0590453,51.4050487],[0.0589792,51.4050001],[0.0588674,51.4049214],[0.0587613,51.4048454],[0.0587067,51.4048099]],[[0.0648246,51.4094118],[0.0634773,51.408578],[0.0632298,51.4084138],[0.0629944,51.4082726],[0.0627677,51.4081273],[0.0625961,51.4079927],[0.0624492,51.4078604],[0.0624108,51.4078245]],[[0.0651938,51.4096195],[0.065055,51.4095428],[0.0648246,51.4094118]],[[0.0657522,51.4098872],[0.0653308,51.4096953],[0.0651938,51.4096195]],[[0.0657522,51.4098872],[0.0657441,51.4099267],[0.0665025,51.410472],[0.0669831,51.4108896],[0.0684594,51.4122868],[0.0689876,51.4130149],[0.0690152,51.4130678],[0.0691277,51.4132695],[0.0692098,51.4133885],[0.0693177,51.4135663],[0.0694511,51.4140057],[0.0695285,51.4144577],[0.069602,51.4150917],[0.0696332,51.4154122],[0.069622,51.4157712],[0.0696209,51.415805],[0.0696104,51.4161417],[0.0695852,51.4162354]],[[0.0695852,51.4162354],[0.069535,51.4162876],[0.069322,51.4165084],[0.0691166,51.4167137],[0.0690571,51.416772],[0.0688219,51.4169993],[0.0685056,51.4173047],[0.0683444,51.417471],[0.0683261,51.4174902],[0.0682969,51.4175205]],[[0.0682969,51.4175205],[0.0681674,51.4176512],[0.0681228,51.4176978],[0.0680351,51.4177869],[0.0678999,51.417941],[0.0677764,51.4180577],[0.0676265,51.4182086],[0.0674695,51.418353],[0.0673454,51.4184735],[0.0672017,51.4186068],[0.0670986,51.4187026],[0.0668693,51.4189106]],[[0.0977227,51.3732507],[0.0978052,51.3732279],[0.0978916,51.3732111],[0.0979537,51.3732078],[0.0980338,51.3732086],[0.098137,51.373207],[0.0983435,51.3731727]],[[0.0892355,51.3558867],[0.0890975,51.3558774],[0.089025,51.3558742],[0.088958,51.3558805],[0.0888914,51.3558962],[0.088849,51.3559174],[0.0887964,51.3559583],[0.088682,51.3560667],[0.0885668,51.3561736],[0.0884525,51.3562725],[0.0883856,51.3563243],[0.0883187,51.3563694],[0.0882436,51.3564151],[0.0881644,51.3564591],[0.0879965,51.356545],[0.0878543,51.3566102],[0.0874404,51.3567859],[0.0872648,51.356857],[0.0870428,51.3569421],[0.0868361,51.3570251],[0.0867688,51.3570572],[0.0867094,51.3570933],[0.0866606,51.3571317],[0.0866152,51.3571732],[0.0865707,51.3572296],[0.086545,51.3572769],[0.0865262,51.3573288],[0.086502,51.3574009],[0.0864624,51.3574613],[0.0864086,51.3575052]],[[0.0864086,51.3575052],[0.0863393,51.3575113],[0.0862834,51.3575074],[0.0861951,51.3574891]],[[0.0861951,51.3574891],[0.0861897,51.3574688],[0.0861791,51.3574493]],[[0.0861791,51.3574493],[0.0861635,51.3574312],[0.0861434,51.3574149],[0.0861193,51.3574009],[0.0860918,51.3573895],[0.0860618,51.3573811],[0.0860299,51.3573759],[0.0859971,51.357374],[0.0859642,51.3573755]],[[0.0859642,51.3573755],[0.0859322,51.3573803],[0.0859018,51.3573883],[0.0858736,51.3573995],[0.0858487,51.3574135]],[[0.0858487,51.3574135],[0.0856698,51.3574617],[0.0855456,51.3575265]],[[0.0847215,51.357806],[0.0848692,51.3577674],[0.084929,51.3577499],[0.0850845,51.3576934],[0.0853807,51.357586],[0.0855456,51.3575265]],[[0.0847215,51.357806],[0.0846682,51.3577617],[0.0845927,51.3577105],[0.0845209,51.3576678],[0.0840433,51.3574353],[0.0839813,51.357405],[0.0835657,51.3572019],[0.0830771,51.357005]],[[0.0659285,51.3514167],[0.0673898,51.3513628],[0.0686944,51.3514432],[0.0696729,51.3516576],[0.0707543,51.3520757],[0.0721162,51.3525031],[0.0730298,51.3527558],[0.0742378,51.3529458],[0.0744389,51.3529697],[0.0754796,51.3531166],[0.0758334,51.3531683],[0.0761613,51.3532683],[0.0764644,51.3534152],[0.0770105,51.3537394],[0.0772449,51.3538511],[0.0776408,51.3539971],[0.0781995,51.3542327],[0.0783898,51.3543349],[0.0785875,51.3544575],[0.0790064,51.3547648],[0.0791803,51.3549156],[0.0798386,51.3555426],[0.0799781,51.3557384],[0.0804022,51.3559987],[0.0807642,51.3561589],[0.0830771,51.357005]],[[0.0640273,51.3494848],[0.0640415,51.3494937],[0.0643924,51.3497391],[0.0647452,51.3499729],[0.0652087,51.3501766],[0.0656722,51.3503856],[0.0657924,51.3506751],[0.0659285,51.3514167]],[[0.0629769,51.3488645],[0.0630856,51.3489177],[0.0635281,51.3491699],[0.0640273,51.3494848]],[[0.0563007,51.3415772],[0.0563375,51.3417425],[0.0565925,51.3420585],[0.0574357,51.3428351],[0.0582616,51.3436125],[0.058631,51.3440328],[0.0587963,51.344249],[0.0591685,51.3447344],[0.0596564,51.345171],[0.0600083,51.3455463],[0.0601054,51.3456964],[0.0604976,51.3463022],[0.0610345,51.3468651],[0.0611443,51.3471509],[0.061349,51.3473966],[0.0618292,51.347729],[0.0622056,51.3481249],[0.0625146,51.3485109],[0.0629769,51.3488645]],[[0.0530934,51.3379443],[0.0536031,51.3380639],[0.0538138,51.3381199],[0.0539522,51.3381847],[0.0541259,51.3383454],[0.0544022,51.3388263],[0.0544427,51.3389519],[0.0544759,51.339055],[0.0545507,51.339222],[0.0545712,51.3392678],[0.0548305,51.3397633],[0.0549447,51.3399608],[0.055184,51.340302],[0.055479,51.3406121],[0.0557837,51.341037],[0.0563007,51.3415772]],[[0.0540087,51.3360318],[0.0540047,51.336097],[0.0539865,51.3361579],[0.0539518,51.3362281],[0.0539262,51.3362824],[0.0537655,51.3365786],[0.0536162,51.3368298],[0.0535463,51.3369834],[0.0533314,51.3375153],[0.0530934,51.3379443]],[[0.0540087,51.3360318],[0.0540549,51.335964]],[[0.0540549,51.335964],[0.0541377,51.3358289],[0.0542349,51.3357246]],[[0.0542349,51.3357246],[0.053874,51.3358872]],[[0.053874,51.3358872],[0.0536798,51.3357714],[0.0532632,51.3355189],[0.0529701,51.3353536],[0.0527894,51.3352676],[0.0526504,51.3352193],[0.0525213,51.335179]],[[0.0525213,51.335179],[0.0523506,51.3351322],[0.0522589,51.3350953],[0.0521481,51.3350169]],[[0.0521481,51.3350169],[0.0520644,51.3349252],[0.052008,51.3347887],[0.0519553,51.3345266],[0.0518982,51.3342868],[0.0518944,51.3342673],[0.0517871,51.3338582],[0.05173,51.3336917],[0.0516202,51.3334508],[0.0514617,51.3329264],[0.0514407,51.3328399],[0.0514358,51.332751],[0.0514452,51.3326986],[0.0514614,51.3326581],[0.0514928,51.3326189],[0.0516374,51.332508],[0.0518259,51.3323763],[0.0520871,51.3322283],[0.0523331,51.3320878],[0.0526146,51.3319608],[0.0534306,51.3317067],[0.0536009,51.3316581],[0.0536831,51.3316261],[0.0537581,51.3315855],[0.0538286,51.331538],[0.0538844,51.3314904],[0.0539451,51.331392],[0.0539778,51.3313421],[0.0540608,51.3311602],[0.0541292,51.3309968],[0.0541322,51.3309422],[0.0541122,51.3307895],[0.0540896,51.3306874],[0.0540829,51.3305842],[0.0540932,51.330443],[0.0541004,51.3303834],[0.0541059,51.3303369],[0.0541277,51.3300318],[0.054151,51.3298863],[0.0541851,51.3296884],[0.0542211,51.3293744],[0.0542423,51.3291671],[0.0542539,51.328996],[0.0542531,51.3288276],[0.0542039,51.3286203],[0.0541576,51.3282895],[0.0541488,51.3281279],[0.0541518,51.3279533],[0.0542665,51.3275064],[0.0543943,51.3270969],[0.0544681,51.3267194],[0.0545309,51.3263841],[0.0545846,51.3261889],[0.0547115,51.3259527],[0.0547612,51.3258083],[0.0547901,51.3256421],[0.0548363,51.3251893]],[[0.0548363,51.3251893],[0.0548254,51.3248868],[0.0548865,51.3246775],[0.0552936,51.3237974],[0.0553157,51.3236402],[0.0553531,51.3235326],[0.0554066,51.3234544],[0.0555115,51.3233813],[0.0557378,51.3233346]],[[0.0557378,51.3233346],[0.0560691,51.3233388]],[[0.0560691,51.3233388],[0.056333,51.3233542],[0.0569892,51.3233738],[0.0574611,51.3233879],[0.0575889,51.3233539],[0.057627,51.3232849],[0.0576413,51.3232591],[0.0576728,51.3231544],[0.0576547,51.3230497],[0.0576459,51.3229685],[0.0579097,51.3223211],[0.058225,51.3215749],[0.058486,51.3210831],[0.058625,51.3209792],[0.0586547,51.3209644],[0.0589554,51.3208149],[0.0590286,51.3207799],[0.05917,51.3207123],[0.0592827,51.3206204],[0.0593532,51.320468],[0.059374,51.320342],[0.0594105,51.320274]],[[0.0594105,51.320274],[0.0594866,51.3202147]],[[0.0594866,51.3202147],[0.0596863,51.3200995],[0.0598078,51.3200294],[0.0599306,51.3198273],[0.0599936,51.3197235],[0.0602663,51.319511]],[[0.0602663,51.319511],[0.0603524,51.3194052],[0.0603846,51.3193011],[0.0603777,51.3191875],[0.0602928,51.3190325],[0.0602841,51.3190165],[0.0602194,51.3189561],[0.0601384,51.3188804]],[[0.0601384,51.3188804],[0.0592002,51.3182081],[0.0589393,51.3180068],[0.0586202,51.3178104],[0.058587,51.3177792],[0.0585311,51.3176226],[0.0587829,51.316967],[0.0587167,51.3161105],[0.0586974,51.3158072],[0.058677,51.3157417]],[[0.058677,51.3157417],[0.0586674,51.3157274],[0.0586581,51.315714],[0.0586491,51.3157019],[0.0585476,51.3156347],[0.057558,51.3154366],[0.0564483,51.3150786],[0.0561542,51.3150144],[0.0553926,51.314848],[0.0543115,51.3147618],[0.0542622,51.3147675],[0.0528434,51.3149714],[0.0526697,51.3149773],[0.0524712,51.314984],[0.0518094,51.31497],[0.0509872,51.3149609],[0.0507947,51.3149414],[0.0499949,51.3149409],[0.0495365,51.314933],[0.0491644,51.3149135],[0.0481098,51.3148161]],[[0.0481098,51.3148161],[0.0478309,51.314788],[0.0475536,51.314788],[0.0472806,51.3148039]],[[0.047213,51.3148172],[0.0472806,51.3148039]],[[0.0450105,51.3152874],[0.0455429,51.3151841],[0.0457036,51.3151602],[0.0462313,51.3150819],[0.0471815,51.3148257],[0.047213,51.3148172]],[[0.0437693,51.3155403],[0.0442692,51.3154384],[0.0450105,51.3152874]],[[0.0404563,51.3158952],[0.0409265,51.3156681],[0.0413086,51.3155584],[0.0417384,51.3155204],[0.0430343,51.315561],[0.0434697,51.3155537],[0.0435485,51.3155498],[0.0437693,51.3155403]],[[0.0389102,51.3166064],[0.0393519,51.3164393],[0.0404563,51.3158952]],[[0.0363523,51.317062],[0.0375032,51.3169081],[0.0380888,51.3168205],[0.0385639,51.3167077],[0.0389102,51.3166064]],[[0.03287,51.3167829],[0.0336494,51.3169087],[0.0354331,51.3170839],[0.0357462,51.3171045],[0.0360035,51.3170992],[0.0363523,51.317062]],[[0.0402366,51.3119489],[0.0399328,51.3120215],[0.0396182,51.312049],[0.0392615,51.3120888],[0.038472,51.3122168],[0.0383671,51.3122338],[0.0379842,51.3122724],[0.0378632,51.3122666],[0.0375801,51.312236],[0.0374801,51.3122161],[0.0371285,51.3121828],[0.0362625,51.3121301],[0.0359993,51.3121166],[0.0355882,51.3120991],[0.0353207,51.3120928],[0.0349428,51.3120837],[0.0346127,51.3120575],[0.034494,51.3120299],[0.0344254,51.3120136],[0.03433,51.3119768]],[[0.0433311,51.3073633],[0.0433385,51.3073984],[0.0433807,51.3075658],[0.0433552,51.3079322],[0.0432016,51.3090763],[0.0431802,51.3092941],[0.0431363,51.309489],[0.0427001,51.3102034],[0.0426258,51.3111728],[0.042609,51.3112797],[0.0425123,51.3113483],[0.0423612,51.3113753],[0.0421365,51.3113663],[0.041838,51.3113904],[0.0410578,51.3115818],[0.0409522,51.3116077],[0.0406926,51.3117227],[0.0403934,51.3118785],[0.0402366,51.3119489]],[[0.0433311,51.3073633],[0.0422083,51.307507],[0.0421687,51.3075161],[0.042038,51.3075412],[0.0418501,51.3075938],[0.0412933,51.307759],[0.0410102,51.3078452],[0.040513,51.3079721],[0.0398137,51.3081422],[0.039253,51.3083229],[0.0389329,51.3084293],[0.0387872,51.3084777],[0.0380432,51.3087444],[0.0377619,51.3088935],[0.0376004,51.3090257],[0.0374691,51.309164],[0.0369402,51.309712],[0.0368474,51.3098171],[0.0365436,51.310065],[0.0363766,51.310188],[0.0357757,51.3106306],[0.0356962,51.3106996]],[[0.0991381,51.373152],[0.0997468,51.3731286],[0.1001607,51.3730955],[0.1006078,51.3730443],[0.1015834,51.3728666]],[[0.1015834,51.3728666],[0.1028389,51.372621],[0.1041285,51.3723801],[0.1060156,51.3720156],[0.1074809,51.3717354]],[[0.1074809,51.3717354],[0.1084438,51.3715428],[0.1086414,51.3715089]],[[0.1086414,51.3715089],[0.1089776,51.3715437],[0.1090717,51.3715668],[0.1091239,51.3715878],[0.1091861,51.371623],[0.1092354,51.3716555],[0.1092856,51.3717118]],[[0.1092856,51.3717118],[0.1092773,51.3718914]],[[0.1092773,51.3718914],[0.1092916,51.3719261],[0.1093519,51.3719462],[0.1094462,51.3719608]],[[0.1111001,51.3720236],[0.1106807,51.3720128],[0.1103206,51.3720006],[0.1101843,51.3719953],[0.1097172,51.3719833],[0.1096958,51.3719826],[0.1096593,51.3719803],[0.1095989,51.371975],[0.1094462,51.3719608]],[[0.1111001,51.3720236],[0.1111107,51.3721097],[0.1110605,51.3726334],[0.111037,51.3728274]],[[0.111037,51.3728274],[0.1117141,51.3728049]],[[0.0690249,51.4205058],[0.0691289,51.4202211],[0.0692233,51.4199535],[0.0692752,51.4198115],[0.0693269,51.4196668],[0.0694237,51.4193898],[0.0694286,51.4193737],[0.0695924,51.4188402],[0.0696254,51.4187384],[0.069797,51.4181929],[0.0698626,51.4180197],[0.070096,51.4175254],[0.0700952,51.4174733]],[[0.0700952,51.4174733],[0.0700393,51.4172447],[0.0699619,51.4170046],[0.0698255,51.4167126],[0.0695852,51.4162354]],[[0.0695852,51.4162354],[0.0697239,51.4160876],[0.0698889,51.4159016],[0.0713651,51.4145288],[0.071842,51.4141182]],[[0.071842,51.4141182],[0.0725589,51.4135888],[0.07266,51.4135141]],[[0.07266,51.4135141],[0.0732835,51.4130605]],[[0.0732835,51.4130605],[0.0734495,51.4129512],[0.0738182,51.4127015],[0.0739232,51.412629],[0.0740954,51.4125315],[0.0741946,51.4124622]],[[0.0741946,51.4124622],[0.0744735,51.4123091],[0.0746148,51.4122323],[0.0746299,51.4122202]],[[0.0746299,51.4122202],[0.0750814,51.4119997],[0.0755159,51.4117948],[0.0757595,51.4116825],[0.0758273,51.4116515],[0.0759326,51.4115982],[0.0764816,51.4113221],[0.0766251,51.411231],[0.0769913,51.4110115],[0.0770378,51.4109871]],[[0.0770378,51.4109871],[0.0772519,51.4108802],[0.0776066,51.4106962],[0.0778875,51.4105478],[0.0779633,51.4105114],[0.078029,51.4104734],[0.0781036,51.4104187],[0.0786547,51.4099294],[0.0792893,51.4093645],[0.0794274,51.4092587],[0.0795872,51.4091333],[0.079848,51.4089453],[0.0800413,51.4088394],[0.0801226,51.4088049],[0.0802091,51.4087683]],[[0.0802091,51.4087683],[0.0805495,51.4086607],[0.0808628,51.4085563],[0.0810332,51.4084829],[0.0811513,51.408433],[0.0812847,51.4083493],[0.0814142,51.4082607],[0.0815654,51.4081451],[0.0817044,51.4080309],[0.0818437,51.4078997],[0.0819943,51.4077196],[0.0820597,51.4076284],[0.0822506,51.4073501],[0.0823725,51.4071686],[0.0824418,51.4070557],[0.0829217,51.406388],[0.0831302,51.4060837],[0.0833218,51.405801],[0.083483,51.4055206],[0.0836878,51.4052248],[0.0838585,51.4050237],[0.084093,51.4048101],[0.0850032,51.4040973],[0.0852393,51.4038405],[0.0858039,51.4030865],[0.0866949,51.4020579],[0.0873631,51.4011265]],[[0.0873631,51.4011265],[0.0874917,51.4006804],[0.0876369,51.4003175],[0.087633,51.4002379],[0.0876057,51.3996748],[0.087388,51.399001],[0.0874295,51.3977984],[0.0872429,51.3968239],[0.0872367,51.3968002],[0.0871067,51.3963052],[0.0871045,51.3961727]],[[0.0871045,51.3961727],[0.0871281,51.3960678],[0.0871496,51.3959531],[0.0874319,51.3950593]],[[0.0874319,51.3950593],[0.0876628,51.3945213]],[[0.0876628,51.3945213],[0.0878997,51.3941854],[0.0881302,51.3939998]],[[0.0881302,51.3939998],[0.0884616,51.3937448],[0.0889498,51.3933691],[0.0893314,51.3930273],[0.0897669,51.3926371],[0.0898012,51.3925835],[0.0898956,51.3924389],[0.0906299,51.3911825]],[[0.0906299,51.3911825],[0.0906845,51.3911797],[0.0907343,51.3911654],[0.0907733,51.3911413],[0.0907996,51.3911027]],[[0.0906563,51.3909862],[0.0896098,51.3886471],[0.0895436,51.388531],[0.0894651,51.3884269],[0.0893736,51.3883554],[0.0892796,51.3882983],[0.0891131,51.3882351],[0.0888505,51.3881753],[0.0886244,51.3881451],[0.088446,51.38812],[0.088302,51.3880843],[0.0881728,51.3880422],[0.0880427,51.3879265],[0.0879499,51.3878143],[0.0879089,51.3877092],[0.0878688,51.387588],[0.0877953,51.3873294],[0.0877761,51.3872162],[0.0877412,51.3870114],[0.0873608,51.3859232],[0.0873313,51.3857382],[0.0875503,51.3854944],[0.0885303,51.3849635],[0.088802,51.3848401],[0.0889634,51.3847669],[0.0896902,51.3843854],[0.0900888,51.3841719],[0.0901396,51.3841314],[0.090259,51.3840583],[0.0908499,51.3836777],[0.0911888,51.3834832],[0.0912951,51.3834323],[0.0914002,51.38339],[0.0916029,51.3833194],[0.0916463,51.3833061],[0.0918605,51.3832448],[0.0920835,51.3832008],[0.0922281,51.3831808],[0.0923839,51.3831617],[0.0925353,51.3831511],[0.092711,51.383145],[0.0930198,51.3831574],[0.0932987,51.3831773],[0.0933435,51.3831831]],[[0.0933435,51.3831831],[0.094363,51.3834129],[0.0946204,51.3834536],[0.0953579,51.3834664],[0.0956761,51.3834087],[0.0959797,51.3833402]],[[0.0959797,51.3833402],[0.0976513,51.3828134],[0.0981711,51.3826496],[0.098595,51.382516],[0.0989767,51.3824506],[0.0993184,51.3824023],[0.0995661,51.3823817],[0.0999961,51.382403],[0.1003749,51.3824591],[0.1007155,51.3824899],[0.1011461,51.3824978],[0.1021846,51.3824434],[0.1029987,51.3823984]],[[0.1062638,51.3817646],[0.105851,51.3816804],[0.1057206,51.3816409]],[[0.1057206,51.3816409],[0.1055804,51.3815932],[0.1053598,51.3814851],[0.1042333,51.3808905],[0.1040442,51.3807854],[0.1039645,51.3807341],[0.103782,51.3805998],[0.1036495,51.3804851],[0.103599,51.3804254],[0.1034426,51.3802222],[0.1033608,51.3801161],[0.1033365,51.3800845]],[[0.1033365,51.3800845],[0.1032759,51.380011],[0.1032717,51.3800059],[0.1031789,51.3798934]],[[0.053498,51.3662956],[0.0533108,51.3661915],[0.0532841,51.3661767],[0.0532226,51.3661401]],[[0.0532226,51.3661401],[0.0531681,51.3661136],[0.0531084,51.3660896]],[[0.0531084,51.3660896],[0.0528522,51.3661934]],[[0.0528522,51.3661934],[0.0525513,51.3663167]],[[0.0525513,51.3663167],[0.0522984,51.3664182]],[[0.0522984,51.3664182],[0.0519906,51.3665417],[0.0518343,51.3666079]],[[0.0518343,51.3666079],[0.0517706,51.3666359],[0.0516251,51.3667007]],[[0.0516251,51.3667007],[0.0515011,51.3667557],[0.0513978,51.3668092],[0.0511497,51.3669486]],[[0.0495431,51.3684551],[0.0499789,51.3679551],[0.0504376,51.3674537],[0.0507796,51.3671802],[0.0511497,51.3669486]],[[0.0488012,51.3695769],[0.0488703,51.3694709],[0.0489856,51.3692803],[0.0491699,51.3689675],[0.0494365,51.368586],[0.0495431,51.3684551]],[[0.0455006,51.3731019],[0.0456431,51.3725009],[0.0456786,51.3723351],[0.0457278,51.372186],[0.0458361,51.3719726],[0.0459702,51.3717738],[0.0460855,51.3716227],[0.0461971,51.3714814],[0.0463088,51.3713838],[0.0463755,51.3713269],[0.0464533,51.3712598],[0.0465354,51.3711898],[0.0466073,51.37114],[0.0466833,51.3710862],[0.0467483,51.3710529],[0.0469145,51.3709656],[0.0471531,51.3708404],[0.047463,51.3706713],[0.0476804,51.3705391],[0.0479302,51.3703728],[0.0480725,51.3702725],[0.048222,51.370168],[0.0484396,51.3699864],[0.0485992,51.369829],[0.0487153,51.3696962],[0.0488012,51.3695769]],[[0.0448574,51.3746739],[0.0449321,51.3745315],[0.0450056,51.37438],[0.0450616,51.3742765],[0.0450979,51.3742056],[0.0451472,51.3741],[0.0452205,51.373924],[0.0452745,51.3738121],[0.045283,51.3737917],[0.0453131,51.3737194],[0.0453481,51.3736261],[0.0454022,51.373469],[0.0455006,51.3731019]],[[0.0444753,51.3753658],[0.0445578,51.3752211],[0.0446167,51.3751169],[0.0447573,51.3748584],[0.0448574,51.3746739]],[[0.0426415,51.3791511],[0.0427503,51.3789885],[0.0427739,51.3789559],[0.0428909,51.3787944],[0.0430766,51.3784991],[0.0431454,51.3783821],[0.0431896,51.3783049],[0.043285,51.378123],[0.0433806,51.377921],[0.0434233,51.3778256],[0.0434681,51.3777138],[0.0436344,51.3772386],[0.0437569,51.3768852],[0.0438343,51.3766764],[0.04394,51.3764066],[0.0440238,51.3762121],[0.0440758,51.3761033],[0.0441377,51.3759778],[0.0442002,51.3758595],[0.0442898,51.3756965],[0.0444383,51.3754312],[0.0444753,51.3753658]],[[0.0425728,51.3792519],[0.0426415,51.3791511]],[[0.0399065,51.383016],[0.0400835,51.382779],[0.0402439,51.3825473],[0.0404841,51.3822047],[0.0407977,51.3817762],[0.0421153,51.3798623],[0.042261,51.379687],[0.0424916,51.3793652],[0.0425728,51.3792519]],[[0.0393161,51.383762],[0.0394105,51.3836462],[0.0395914,51.3834235],[0.039631,51.3833693],[0.0396997,51.3832752],[0.0397138,51.383256],[0.0399065,51.383016]],[[0.0363676,51.3877523],[0.0364493,51.3876414],[0.0368133,51.3871549],[0.0374214,51.3864308],[0.0376022,51.386206],[0.0378026,51.3859446],[0.0378621,51.3858632],[0.0380716,51.3855755],[0.0386792,51.3846886],[0.038974,51.3842591],[0.0392116,51.3839098],[0.0393161,51.383762]],[[0.0362136,51.3879803],[0.0363676,51.3877523]],[[0.0360526,51.3882191],[0.0360855,51.3881635],[0.0362136,51.3879803]],[[0.0360526,51.3882191],[0.0359499,51.3882577],[0.0358832,51.3884165]],[[0.0358832,51.3884165],[0.0358643,51.388492]],[[0.0358643,51.388492],[0.035864,51.3885102],[0.0358695,51.3885834]],[[0.0358695,51.3885834],[0.0358578,51.3885956],[0.0358473,51.3886161]],[[0.0358473,51.3886161],[0.0357591,51.3886662],[0.0357271,51.3886928],[0.0356748,51.3887299]],[[0.0356748,51.3887299],[0.0355811,51.3888478]],[[0.0355811,51.3888478],[0.035597,51.3889099]],[[0.0355786,51.3889331],[0.035597,51.3889099]],[[0.0343592,51.3902189],[0.034521,51.3900823],[0.0346295,51.3899843],[0.0348493,51.3897904],[0.0350139,51.3896405],[0.0351583,51.3894988],[0.0352464,51.389396],[0.0353796,51.3892307],[0.0355643,51.3889544],[0.0355786,51.3889331]],[[0.0341304,51.3904269],[0.03421,51.3903624],[0.0343592,51.3902189]],[[0.0276607,51.3943413],[0.0280642,51.394118],[0.0282212,51.3940414],[0.0288054,51.3937572],[0.0295261,51.3933982],[0.030044,51.3931429],[0.030083,51.3931237],[0.0303835,51.3929842],[0.0305352,51.3928999],[0.0305947,51.3928653],[0.030754,51.3927792],[0.031525,51.3923533],[0.0316282,51.3922935],[0.031965,51.3921009],[0.0322151,51.3919328],[0.0323505,51.3918491],[0.0325065,51.3917537],[0.0326212,51.3916724],[0.0327669,51.3915719],[0.0329866,51.3913804],[0.0331943,51.3912138],[0.0332767,51.3911422],[0.033336,51.3910911],[0.0334751,51.3909774],[0.0337216,51.390761],[0.0338013,51.3906977],[0.0340253,51.3905107],[0.0341304,51.3904269]],[[0.0272295,51.3945772],[0.0276607,51.3943413]],[[0.0264411,51.3950256],[0.0267557,51.3948416],[0.026936,51.3947362],[0.0272295,51.3945772]],[[0.0263207,51.3951],[0.026373,51.3950684],[0.0264411,51.3950256]],[[0.0259264,51.3953285],[0.0261209,51.3952199],[0.0262406,51.3951492],[0.0262726,51.3951295],[0.0263207,51.3951]],[[0.0257746,51.3954144],[0.0259264,51.3953285]],[[0.0210446,51.3979778],[0.0212836,51.3978562],[0.0216573,51.3976673],[0.0219115,51.3975411],[0.0219729,51.3975138],[0.022161,51.3974237],[0.0222974,51.3973603],[0.0223511,51.3973372],[0.0225136,51.3972639],[0.0226549,51.3971977],[0.0231179,51.3969888],[0.0232279,51.396934],[0.023827,51.3966319],[0.0239012,51.3965984],[0.0239708,51.396561],[0.0240253,51.3965299],[0.0240937,51.396499],[0.0241665,51.3964613],[0.0242915,51.3963859],[0.0243772,51.3963357],[0.024522,51.3962441],[0.0245714,51.3962116],[0.024677,51.3961448],[0.0247468,51.3960999],[0.0248683,51.3960203],[0.0249677,51.3959547],[0.0251377,51.3958252],[0.0254582,51.3956094],[0.0255447,51.3955512],[0.0255661,51.395537],[0.0256044,51.3955115],[0.0256381,51.3954899],[0.025664,51.3954734],[0.0257746,51.3954144]],[[0.0210446,51.3979778],[0.0207371,51.398081],[0.0206219,51.3981367],[0.0204832,51.3982331],[0.0204088,51.3982945],[0.0203421,51.3983582]],[[0.0203421,51.3983582],[0.0202092,51.3983996],[0.0201544,51.3984258],[0.0201146,51.3984448],[0.0198642,51.3985688]],[[0.0193968,51.3985796],[0.0195046,51.3985631],[0.0196053,51.3985554],[0.0197335,51.3985594],[0.0198642,51.3985688]],[[0.0188905,51.3987154],[0.0190093,51.3986836],[0.0192402,51.3986181],[0.0193968,51.3985796]],[[0.017292,51.3991486],[0.0173697,51.3990824],[0.0173945,51.3990683],[0.0174395,51.3990459],[0.0174905,51.3990247],[0.0176285,51.3989714],[0.0177889,51.398932],[0.0178379,51.3989232],[0.0182868,51.3988447],[0.0184941,51.3988068],[0.0188905,51.3987154]],[[0.017292,51.3991486],[0.0172345,51.3991949],[0.0172162,51.399223],[0.017096,51.3993877],[0.0170478,51.3994603],[0.0170071,51.3995571],[0.0169827,51.3996392],[0.0169747,51.3997298],[0.0169716,51.3997459],[0.0169838,51.3998877],[0.0170118,51.4001101],[0.017018,51.4002505]],[[0.017018,51.4002505],[0.0170186,51.4003354],[0.0170182,51.4003579],[0.017017,51.4003712]],[[0.017017,51.4003712],[0.0169602,51.4004022],[0.0169596,51.4004307],[0.016939,51.4005099],[0.016888,51.4005932],[0.0168744,51.4006098],[0.0166208,51.4009192]],[[0.0166208,51.4009192],[0.0165009,51.4010816],[0.0164638,51.4011319],[0.015865,51.4018883]],[[0.015865,51.4018883],[0.0157336,51.402078],[0.0155764,51.4022975],[0.0155508,51.4023333],[0.0155504,51.4024057]],[[0.0155504,51.4024057],[0.0155206,51.4024531]],[[0.016827,51.4027403],[0.0167514,51.4027253],[0.0163025,51.4026223],[0.0160575,51.402594],[0.0157128,51.4025198],[0.0156652,51.4025088],[0.0155206,51.4024531]],[[0.0169438,51.4027479],[0.016827,51.4027403]],[[0.0171653,51.4027531],[0.0170909,51.4027514],[0.0169438,51.4027479]],[[0.0174308,51.4027619],[0.017264,51.4027564],[0.0171653,51.4027531]],[[0.0175159,51.4027641],[0.0174308,51.4027619]],[[0.017767,51.4027792],[0.0175159,51.4027641]],[[0.0178312,51.402784],[0.017767,51.4027792]],[[0.017942,51.4027993],[0.0178909,51.4027923],[0.0178312,51.402784]],[[0.0187241,51.4028914],[0.0186315,51.4028875],[0.0185175,51.4028828],[0.0184694,51.4028792],[0.0182876,51.4028662],[0.017942,51.4027993]],[[0.0187241,51.4028914],[0.0187802,51.4029257],[0.0188042,51.4029415]],[[0.0187931,51.4031444],[0.0188042,51.4029415]],[[0.0187931,51.4031444],[0.0187044,51.4031853],[0.0186427,51.4037179],[0.01864,51.4037613],[0.0186381,51.4037915]],[[0.0186381,51.4037915],[0.0186418,51.4038735],[0.0186507,51.4039555]],[[0.0186507,51.4039555],[0.0186734,51.4041009],[0.0186765,51.404118],[0.0186947,51.4042267],[0.0187067,51.4043295],[0.0187166,51.4044696],[0.0187212,51.4045886],[0.0187208,51.4046952],[0.0187127,51.4048438],[0.0186956,51.4049787],[0.018694,51.4050323]],[[0.018694,51.4050323],[0.0186672,51.4053716]],[[0.0186672,51.4053716],[0.0186103,51.4061289],[0.0186054,51.4061679],[0.0186014,51.4061991]],[[0.0186014,51.4061991],[0.0185764,51.406307]],[[0.0174667,51.4061817],[0.0175748,51.4061913],[0.017996,51.4062358],[0.0181889,51.4062535],[0.0182573,51.4062585],[0.0183087,51.4062626],[0.0184659,51.4062817],[0.0185764,51.406307]],[[0.0154659,51.4059237],[0.0155467,51.4059557],[0.0156305,51.4059735],[0.0156419,51.4059754],[0.015677,51.4059812],[0.0162659,51.4060364],[0.0174667,51.4061817]],[[0.0154659,51.4059237],[0.0154697,51.40601],[0.0154705,51.4060275],[0.015484,51.4063482],[0.015471,51.4063849]],[[0.015471,51.4063849],[0.0154325,51.406425],[0.0153517,51.4065042],[0.0152239,51.4066115],[0.014914,51.4068818],[0.0147333,51.407037],[0.0147069,51.40706],[0.0146645,51.4070971],[0.0140168,51.4076841],[0.0139456,51.4077467]],[[0.0139456,51.4077467],[0.013923,51.4077903],[0.0139141,51.4078334],[0.0139102,51.4078662],[0.0139011,51.4080553],[0.0139106,51.4081804],[0.0139397,51.4083055],[0.0139695,51.4083638],[0.0140006,51.408422],[0.014091,51.4085574]],[[0.014091,51.4085574],[0.014157,51.4086562],[0.0142092,51.4087371]],[[0.0142092,51.4087371],[0.014235,51.4087771],[0.014252,51.4088054],[0.0143358,51.4089397]],[[0.0143358,51.4089397],[0.0145111,51.4088637],[0.0145705,51.4088392],[0.0149239,51.4086902]],[[0.0149239,51.4086902],[0.0152309,51.4085578]],[[0.0152309,51.4085578],[0.0155564,51.4084233]],[[0.0155564,51.4084233],[0.0158136,51.4086895],[0.0158525,51.4087104],[0.0159109,51.4087255],[0.0159716,51.4087271]],[[0.0159716,51.4087271],[0.0161019,51.4086839],[0.0161612,51.4086652],[0.0162285,51.4086292],[0.0162484,51.4086091]],[[0.0165392,51.4088105],[0.0164526,51.4087192],[0.0163765,51.4086658],[0.0162484,51.4086091]],[[0.0891475,51.3498527],[0.0890696,51.3498033],[0.0890616,51.3498005],[0.0889983,51.3497779],[0.0888905,51.3497612],[0.0887786,51.3497666]],[[0.0887786,51.3497666],[0.0887041,51.3497866],[0.0886388,51.3498158]],[[0.0886388,51.3498158],[0.088508,51.3498304],[0.0884446,51.3498358],[0.0883858,51.3498373],[0.0883083,51.3498332],[0.0881881,51.3498164]],[[0.1110657,51.344505],[0.1109974,51.344518],[0.1109523,51.3445364],[0.1109157,51.3445611]],[[0.1109157,51.3445611],[0.1108227,51.3446297],[0.1107524,51.3446764],[0.1106817,51.3447132],[0.1105917,51.3447522],[0.1105051,51.3447845],[0.1104347,51.3448092],[0.1102627,51.3448729]],[[0.0890846,51.3495855],[0.0889609,51.3496749],[0.0888814,51.3497258],[0.0887786,51.3497666]],[[0.0886388,51.3498158],[0.0885878,51.34985],[0.0885378,51.3499084],[0.0885169,51.349965],[0.088514,51.3500105]],[[0.0779998,51.3836928],[0.0779901,51.3838695],[0.0779177,51.3839881],[0.0774734,51.3845746],[0.0771827,51.3848714],[0.0770177,51.3850341],[0.0765739,51.3854129],[0.0764006,51.3855583]],[[0.0537326,51.3905566],[0.053605,51.3904821],[0.0534894,51.3904612],[0.0533908,51.3904608]],[[0.0533908,51.3904608],[0.0532827,51.3904415],[0.0531015,51.3904051],[0.0528824,51.3903605],[0.0524271,51.3902637],[0.0521809,51.390205],[0.0519911,51.3901536],[0.0515666,51.3900166],[0.0512668,51.3899277],[0.0509077,51.3898507],[0.0504368,51.3897681],[0.0499408,51.3896874],[0.0495494,51.3896185],[0.049491,51.3896078],[0.0494349,51.3895975],[0.0493385,51.3895792],[0.0492152,51.3895541],[0.0487405,51.3894472],[0.0486544,51.3894303],[0.0485325,51.3894124],[0.0484406,51.3893998],[0.0483815,51.3893939],[0.0483193,51.3893928],[0.0482124,51.3893941],[0.0480702,51.3894036],[0.04779,51.3894309],[0.0475531,51.3894785],[0.0474194,51.389512],[0.0472849,51.389548],[0.0469385,51.3896496],[0.0467609,51.3897049],[0.0466007,51.3897595],[0.0463159,51.389858],[0.0461543,51.3899158],[0.0460335,51.3899506],[0.0459414,51.3899697],[0.0458447,51.3899885],[0.0457462,51.3900031],[0.0456136,51.3900159],[0.0454797,51.3900212],[0.0453455,51.3900188],[0.0452123,51.3900088],[0.0447831,51.3899319],[0.0446605,51.3899161]],[[0.0446605,51.3899161],[0.0445615,51.389879],[0.0445325,51.3898706],[0.0444026,51.3898304],[0.0443022,51.3898001],[0.0439317,51.3897324],[0.0437673,51.3897027],[0.0436618,51.3896758],[0.0435576,51.3896438],[0.0433532,51.3895751],[0.0431163,51.3894918],[0.0429769,51.3894432],[0.0425468,51.3892748],[0.0424155,51.3892332],[0.0423853,51.3892243],[0.0422809,51.3892166]],[[0.0376651,51.3888441],[0.0378639,51.3888645],[0.0380976,51.3888873],[0.0383483,51.3889131],[0.0391509,51.3889926],[0.0398371,51.3890562],[0.0399039,51.3890641],[0.0400327,51.3890854],[0.0401248,51.3891054],[0.0402046,51.3891188],[0.0405238,51.3891627],[0.0407786,51.3891925],[0.0409179,51.3892043],[0.0410712,51.3892117],[0.0412556,51.3892075],[0.0417233,51.3892025],[0.0418677,51.3892032],[0.0420192,51.3892062],[0.0421606,51.3892055],[0.0422809,51.3892166]],[[0.0376651,51.3888441],[0.0375865,51.3888361],[0.0372036,51.3887963],[0.0369047,51.3887567],[0.0364124,51.3887059]],[[0.0364124,51.3887059],[0.0363727,51.3886677]],[[0.0363727,51.3886677],[0.0361845,51.3886222]],[[0.0361845,51.3886222],[0.0361587,51.3886179],[0.0360849,51.3886011]],[[0.0360849,51.3886011],[0.0360727,51.3885864],[0.0360491,51.3885699]],[[0.0360491,51.3885699],[0.0360168,51.3885577],[0.0359799,51.3885521],[0.0359497,51.3885528],[0.0359207,51.388558],[0.0358993,51.3885654],[0.0358695,51.3885834]],[[0.0152495,51.4057849],[0.0153031,51.4058173],[0.0153481,51.4058477],[0.015379,51.4058696],[0.0154659,51.4059237]],[[0.0144283,51.4056296],[0.0145611,51.405617],[0.0146271,51.4056236],[0.014876,51.4056647],[0.0149788,51.4056884],[0.015095,51.4057219],[0.0151784,51.4057527],[0.0152495,51.4057849]],[[0.014261,51.4056947],[0.0144283,51.4056296]],[[0.0120448,51.4070039],[0.0121779,51.4068945],[0.0122548,51.4068359],[0.0123413,51.406781],[0.0125332,51.4066726],[0.012785,51.4065273],[0.0130123,51.4064059],[0.0133352,51.4062178],[0.0133897,51.4061881],[0.0135215,51.4060976],[0.0140282,51.4058215],[0.014261,51.4056947]],[[0.0119895,51.4070454],[0.0120448,51.4070039]],[[0.0116367,51.4073221],[0.011727,51.4072427],[0.0119895,51.4070454]],[[0.0110752,51.4082701],[0.0115284,51.4075063],[0.0116367,51.4073221]],[[0.01084,51.4086946],[0.0108845,51.4086138],[0.0109059,51.4085749],[0.0110752,51.4082701]],[[0.0107727,51.4088024],[0.01084,51.4086946]],[[0.0105023,51.4093918],[0.0106668,51.4090102],[0.0106888,51.4089672],[0.010699,51.408947],[0.0107727,51.4088024]],[[0.0061628,51.415546],[0.0068953,51.4146168],[0.0072908,51.4141231],[0.0077043,51.4135729],[0.0080137,51.41318],[0.0083067,51.4128027],[0.0088212,51.4121483],[0.0088587,51.4120996],[0.0091939,51.4116707],[0.0096809,51.4110476],[0.0099279,51.4106674],[0.0099783,51.4105771],[0.010056,51.4104192],[0.0101578,51.4102297],[0.0102294,51.4100797],[0.0103885,51.4097537],[0.0105023,51.4093918]],[[0.0061074,51.4156154],[0.0061628,51.415546]],[[0.0060677,51.4156627],[0.0061074,51.4156154]],[[0.0060136,51.4157378],[0.0060677,51.4156627]],[[0.0058351,51.4158839],[0.0059763,51.4157676],[0.0060136,51.4157378]],[[0.003549,51.4174172],[0.0041539,51.4170308],[0.0045461,51.416754],[0.0051612,51.4163232],[0.0055488,51.4160511],[0.0058351,51.4158839]],[[0.0035212522497664617,51.417434575022206],[0.003549,51.4174172]],[[0.0924513,51.3640715],[0.0925059,51.3640805],[0.0925621,51.3640778],[0.0926128,51.3640643],[0.0926539,51.3640414]],[[0.0926811,51.3640114],[0.0927176,51.363984],[0.0927414,51.3639702],[0.0928245,51.3639402],[0.0929318,51.3639045],[0.093038,51.3638715],[0.0931236,51.3638546],[0.0931982,51.3638471]],[[0.0931982,51.3638471],[0.0932528,51.363856],[0.093309,51.3638534],[0.093354,51.3638429],[0.0934008,51.3638169],[0.093428,51.363787],[0.0934384,51.3637532],[0.093431,51.3637191],[0.0934289,51.363712]],[[0.0934289,51.363712],[0.0936619,51.3636463],[0.0943157,51.3633774],[0.0949431,51.3631312]],[[0.0949431,51.3631312],[0.094982,51.3630681],[0.0949994,51.3629602],[0.0943895,51.3623356],[0.0943308,51.3623097],[0.0941372,51.3623474]],[[0.0941372,51.3623474],[0.0944572,51.3626831],[0.0947863,51.3629866],[0.0949431,51.3631312]],[[0.0934289,51.363712],[0.0934065,51.3636883],[0.0933664,51.3636635],[0.0933156,51.3636482],[0.0932595,51.3636442],[0.0932044,51.3636518],[0.0931861,51.3636588],[0.0931564,51.3636703],[0.0931206,51.3636975],[0.0931011,51.3637306]],[[0.0931011,51.3637306],[0.0930224,51.3637889],[0.0929789,51.3638154],[0.0929189,51.3638404],[0.0928589,51.3638586],[0.0927816,51.3638752],[0.0927347,51.363883],[0.0926866,51.3638875],[0.0926195,51.3638879]],[[0.0925687,51.3638726],[0.0925126,51.3638686],[0.0924575,51.3638762],[0.0924095,51.3638947],[0.0923737,51.3639219],[0.0923542,51.363955]],[[0.1066605,51.3976892],[0.1068244,51.397847],[0.1068325,51.3979284],[0.1065596,51.3981437],[0.1060371,51.398754],[0.1056509,51.3991071],[0.1054129,51.3992931],[0.1051898,51.3994527],[0.1048752,51.3996371],[0.104436,51.3999176],[0.1043188,51.3999924],[0.1034394,51.4005647],[0.1032583,51.4006807],[0.1030944,51.4008055],[0.1029754,51.4009217],[0.1027929,51.4011281]],[[0.1027929,51.4011281],[0.1026978,51.4012773],[0.1026216,51.4014664],[0.1026049,51.4020368],[0.1027398,51.4023544],[0.1027874,51.4024664],[0.1032842,51.4032826],[0.1034043,51.4034799],[0.10365,51.4038836],[0.1038381,51.4042799]],[[0.0960191,51.4070636],[0.0967615,51.407638],[0.0970303,51.4078112],[0.0972967,51.4079602],[0.0974073,51.4080178],[0.0976396,51.4081153],[0.0978208,51.4081864],[0.0980759,51.4082782],[0.0982984,51.4083452],[0.0985758,51.4084157],[0.0989165,51.4084841],[0.0993055,51.4085351],[0.0994883,51.4085551],[0.099533,51.4085583],[0.099562,51.4085612],[0.1004764,51.4086086],[0.1019226,51.4086732]],[[0.1019226,51.4086732],[0.1027101,51.4087095],[0.1029746,51.4087191],[0.104179,51.408766]],[[0.1127965,51.4091202],[0.1125777,51.4091123],[0.1122666,51.4091038],[0.1088246,51.4089579],[0.1071849,51.4088936]],[[0.1230278,51.3878113],[0.1227215,51.3876824],[0.1225446,51.387637],[0.122348,51.3876096],[0.1221957,51.3876055],[0.1220235,51.3876177],[0.1217881,51.3876678],[0.1216221,51.3877313],[0.1214895,51.3878091],[0.1213692,51.3878927],[0.121226,51.3880698],[0.1210738,51.3882961],[0.1208494,51.3886277],[0.1207919,51.3887914],[0.1207677,51.388897],[0.1207322,51.3892365],[0.1206923,51.3896581],[0.1206857,51.389734],[0.1206741,51.3898144],[0.120664,51.389868],[0.1206583,51.3899618],[0.1206369,51.3900579],[0.1206047,51.3901451],[0.1205588,51.3902364],[0.1204157,51.3903831],[0.120355,51.3904362],[0.1202872,51.3904821],[0.1202069,51.3905277],[0.1200703,51.3905962],[0.1198562,51.3906673],[0.1197115,51.3907176],[0.1193819,51.3908346],[0.1192785,51.3908803],[0.1191892,51.3909282],[0.119098,51.3909962],[0.1189894,51.3911063],[0.1189043,51.3912548],[0.1188711,51.3914788],[0.1188904,51.3915925]],[[0.121168,51.3914294],[0.121005,51.3913276]],[[0.1230624,51.3913059],[0.1224841,51.3913436],[0.1222843,51.3913566],[0.1221884,51.3913629],[0.1219515,51.3913783],[0.1215944,51.3914016],[0.121168,51.3914294]],[[0.1230624,51.3913059],[0.1230182,51.3914291],[0.1229429,51.3916389],[0.122823,51.391973]],[[0.1240978,51.392021],[0.1237475,51.3920454],[0.1235243,51.3920542],[0.1232814,51.3920325],[0.122823,51.391973]],[[0.1249355,51.3934612],[0.1249346,51.3934003],[0.1248849,51.3933411],[0.124829,51.3932933],[0.1247921,51.3932347],[0.1248117,51.3931285],[0.1248612,51.3930704],[0.12493,51.3930007],[0.1249842,51.3929491],[0.1250598,51.3928724],[0.1251099,51.3927723],[0.1251547,51.3926636],[0.125156,51.3925643],[0.1251204,51.3924224],[0.1250328,51.3922959],[0.1249144,51.3921964],[0.1247179,51.3920849],[0.1245806,51.39204],[0.1244372,51.3920115],[0.1240978,51.392021]],[[0.1249355,51.3934612],[0.124831,51.3935229],[0.1246992,51.3935576],[0.123936,51.3935996],[0.1229856,51.3936444],[0.1219808,51.3936893]],[[0.1146791,51.3938781],[0.1150503,51.3938464],[0.1153096,51.3938206],[0.1162789,51.3937346],[0.1165604,51.3937096],[0.1167987,51.3936869],[0.1170051,51.3936106],[0.1173001,51.3934949],[0.1180433,51.3934375],[0.1190193,51.3933621],[0.1199737,51.3932885],[0.120518,51.3932464],[0.1207435,51.3933098],[0.1210827,51.3936544],[0.1213139,51.3937055],[0.1219808,51.3936893]],[[0.1141633,51.3939221],[0.1146791,51.3938781]],[[0.1141633,51.3939221],[0.1141693,51.3944222]],[[0.1142162,51.3946304],[0.1141693,51.3944222]],[[0.1143973,51.3959293],[0.1143473,51.3956032],[0.1142596,51.3950317],[0.1142162,51.3946304]],[[0.1123652,51.3963396],[0.1126635,51.3962666],[0.1143973,51.3959293]],[[0.1208981,51.3754238],[0.1208224,51.375305],[0.1207792,51.3752338],[0.1204118,51.3746859],[0.1203722,51.3746291],[0.1203257,51.3745701],[0.1202746,51.3745125],[0.1202156,51.3744546],[0.1201586,51.3744115],[0.1200967,51.3743698],[0.1200359,51.3743359],[0.1199838,51.3743103],[0.1199298,51.374286],[0.1198537,51.3742572],[0.1197764,51.3742325],[0.1197181,51.3742162],[0.1196543,51.3742019],[0.1195558,51.3741838],[0.1194073,51.3741593],[0.1192889,51.3741394],[0.1191792,51.3741262],[0.1191006,51.3741186],[0.1190284,51.3741154],[0.1189546,51.374118],[0.1188889,51.3741227],[0.1188084,51.3741343],[0.1187166,51.3741536],[0.1186372,51.3741747],[0.1185415,51.3742092],[0.1184362,51.3742528],[0.1181795,51.3743388],[0.118114,51.3743684]],[[0.118114,51.3743684],[0.1176962,51.3739531],[0.1174476,51.373706]],[[0.1174476,51.373706],[0.116923,51.3739256],[0.1167055,51.3740106],[0.1159841,51.3742968]],[[0.1159841,51.3742968],[0.116055,51.3743957],[0.1161044,51.3744773],[0.1161324,51.3745448],[0.1161566,51.3746111],[0.1161794,51.3747127],[0.1161906,51.3748088],[0.1161943,51.3749077],[0.1161827,51.3750494],[0.116145,51.3753155],[0.1160823,51.3757283],[0.1160443,51.3760201],[0.1159156,51.3769199],[0.115845,51.3773577]],[[0.1105579,51.377959],[0.1117103,51.3777441],[0.1123543,51.3776308],[0.1130392,51.377511],[0.1133551,51.3774587],[0.1137645,51.377403],[0.1141814,51.3773634],[0.1146831,51.3773339],[0.1150728,51.3773366],[0.115233,51.3773377],[0.115845,51.3773577]],[[0.1105579,51.377959],[0.1104985,51.3779063],[0.1104017,51.3778842]],[[0.1104017,51.3778842],[0.1102998,51.3779014],[0.1102331,51.3779524],[0.1102264,51.3780181]],[[0.1102264,51.3780181],[0.1095009,51.3781518],[0.1090524,51.3782323],[0.1088919,51.3782528]],[[0.1085549,51.3806689],[0.1085729,51.3806272],[0.108648,51.3803668],[0.1086962,51.3801427],[0.1087655,51.3795496],[0.108881,51.3783875],[0.1088919,51.3782528]],[[0.1080525,51.3818311],[0.1082797,51.3813127],[0.1085061,51.3807962],[0.1085549,51.3806689]],[[0.1080199,51.381909],[0.1080525,51.3818311]],[[0.1080199,51.381909],[0.1077624,51.3820582],[0.107714,51.3820697],[0.107668,51.3820802],[0.1076428,51.3820889],[0.1076147,51.3820953],[0.107496,51.3821024]],[[0.107496,51.3821024],[0.1072107,51.3820463]],[[0.0528522,51.3661934],[0.0527074,51.3662294],[0.052571,51.366258],[0.0524319,51.366281],[0.0521209,51.3663396],[0.0518138,51.366394]],[[0.0518138,51.366394],[0.0517535,51.3664048]],[[0.0517535,51.3664048],[0.0514964,51.3664517],[0.0513194,51.3664802],[0.0511243,51.3665072]],[[0.039462,51.3672618],[0.0393943,51.3672429],[0.039328,51.3672437],[0.0391724,51.3672453],[0.0391099,51.3672445],[0.039001,51.3672461]],[[0.039001,51.3672461],[0.0388981,51.3672468]],[[0.0388981,51.3672468],[0.0387563,51.3672438],[0.0386736,51.3672442],[0.0385487,51.3672438],[0.038487,51.3672701]],[[0.0319247,51.3673342],[0.0325576,51.3674512],[0.0327083,51.3674746],[0.0328521,51.3674917],[0.0331178,51.367519],[0.0332659,51.3675313],[0.0334139,51.3675378],[0.0337308,51.3675442],[0.0338398,51.3675451],[0.0341281,51.3675429],[0.0344554,51.3675376],[0.0349697,51.3675155],[0.0351863,51.3675016],[0.0353865,51.3674853],[0.0356434,51.3674547],[0.0358957,51.3674212],[0.0363806,51.3673658],[0.0368465,51.3673187],[0.0369621,51.3673087],[0.03768,51.3672743],[0.0378705,51.3672685],[0.038487,51.3672701]],[[0.0249877,51.36758],[0.0253134,51.3676263],[0.0256917,51.3676901],[0.0259602,51.3677349],[0.0261062,51.3677575],[0.0262524,51.3677751],[0.0263844,51.3677865],[0.0265175,51.3677922],[0.0266451,51.3677963],[0.0268616,51.3677979],[0.0271354,51.3677954],[0.0273635,51.3677879],[0.0277075,51.3677727],[0.0279883,51.3677576],[0.0281326,51.3677476],[0.0282983,51.3677338],[0.0284518,51.3677123],[0.0285636,51.3676922],[0.0286785,51.3676657],[0.02893,51.3676023],[0.0291816,51.3675313],[0.0294308,51.3674591],[0.029663,51.3673958],[0.0298566,51.3673484],[0.030053,51.367307],[0.0302548,51.367271],[0.0304523,51.3672423],[0.0306141,51.3672254],[0.0307742,51.3672169],[0.0309031,51.3672178],[0.0310319,51.3672224],[0.0311949,51.3672307],[0.0312912,51.367238],[0.0314022,51.3672504],[0.031633,51.3672834],[0.0319247,51.3673342]],[[0.0249877,51.36758],[0.0248378,51.3681169],[0.0246606,51.3684746],[0.0245939,51.3686093],[0.0243334,51.3690687],[0.0240379,51.3697195],[0.0238219,51.3700971],[0.0236507,51.3703896],[0.0236146,51.3704513],[0.0233332,51.3707992]],[[0.0233332,51.3707992],[0.0232145,51.370939],[0.0230356,51.3711378],[0.0226615,51.3715554],[0.0224383,51.3717791],[0.0224243,51.3717931],[0.0221754,51.3720396],[0.021875,51.3722968],[0.0218649,51.3723063],[0.0217251,51.3724375],[0.0216027,51.3725397],[0.0212891,51.3727246],[0.0208525,51.3731951],[0.0206088,51.3734914],[0.0205491,51.3735641],[0.0199338,51.3744687],[0.0189642,51.3755148],[0.0185129,51.3759353],[0.0180602,51.3763571],[0.0180347,51.3763808],[0.0177209,51.3766697]],[[0.0177209,51.3766697],[0.0175028,51.3768683],[0.0174361,51.3769792],[0.0174214,51.3770037],[0.0174234,51.3770251],[0.0174357,51.3771551],[0.0174822,51.377372],[0.0175233,51.377445]],[[0.0175233,51.377445],[0.0173888,51.3774647],[0.0164097,51.377568],[0.015571,51.3776502],[0.0152451,51.3776822],[0.0140039,51.3777295]],[[0.0140039,51.3777295],[0.0135483,51.3777456],[0.0132197,51.3777536],[0.0128552,51.3777478]],[[0.0128552,51.3777478],[0.0121199,51.3777439],[0.0119085,51.3777409],[0.0118098,51.377741],[0.0117363,51.3777452],[0.011667,51.3777519],[0.0114843,51.3777764],[0.0112825,51.3777988],[0.011194,51.3778087],[0.0110778,51.3778188],[0.0109638,51.3778275],[0.0105709,51.377854],[0.0103202,51.377872]],[[0.0103202,51.377872],[0.0103138,51.3777756],[0.0103197,51.3777548],[0.0103315,51.3777342],[0.0103826,51.3776822],[0.0105267,51.3775661],[0.0106462,51.3774723],[0.0109761,51.3772205],[0.0110356,51.3771744],[0.0110778,51.3771378],[0.0111339,51.3770775],[0.0111795,51.3770182],[0.0112252,51.3769416],[0.0112595,51.3768793],[0.011286,51.3768131],[0.0113008,51.3767574],[0.0113089,51.3767167],[0.0113125,51.376638],[0.0113084,51.3765592],[0.0113051,51.3765279],[0.0112976,51.3764889],[0.0112851,51.3764522],[0.0112666,51.3764137],[0.0112205,51.3763465],[0.0111827,51.3763036],[0.0111417,51.3762645],[0.0110537,51.376192],[0.0107969,51.3760144],[0.0107423,51.3759751],[0.0106945,51.3759298],[0.0106615,51.3758934],[0.0106196,51.3758588],[0.0105501,51.3758185]],[[0.002155,51.3742605],[0.0022446,51.3742805],[0.0023305,51.3742936],[0.0024129,51.3743023],[0.0025089,51.3743067],[0.0026836,51.3743121],[0.0029041,51.3743156],[0.0030182,51.3743207],[0.0030946,51.3743246],[0.0031769,51.3743315],[0.00329,51.3743456],[0.0033979,51.374365],[0.0034911,51.3743877],[0.0035703,51.3744132],[0.0036407,51.3744452],[0.0037351,51.3744976],[0.0038777,51.3745799],[0.0041743,51.3747499],[0.0044328,51.3748946],[0.0047856,51.3750756],[0.005135,51.375246],[0.0055246,51.3754309],[0.0058354,51.3755747],[0.0060148,51.3756481],[0.0062206,51.3757229],[0.0064108,51.375787],[0.0066096,51.375848],[0.00683,51.3759115],[0.0070195,51.3759548],[0.0070936,51.3759712],[0.0073061,51.3760062],[0.0074409,51.3760233],[0.0075785,51.3760351],[0.0077141,51.3760389],[0.007835,51.3760375],[0.0079644,51.3760298],[0.0091473,51.3759174],[0.0097878,51.3758653],[0.0102729,51.3758317],[0.0103979,51.375823],[0.0105501,51.3758185]],[[0.002155,51.3742605],[0.0020841,51.3742389],[0.002027,51.3742129],[0.0019616,51.3741709],[0.0018996,51.3741246],[0.0017975,51.3740462],[0.0016139,51.3738994],[0.0013962,51.373739],[0.0009423,51.3734322],[0.000465,51.3731101],[0.0003699,51.3730353],[0.0002895,51.3729641],[0.0002165,51.3728914],[0.0001549,51.3728223],[0.0000945,51.3727461],[-0.0000884,51.3724923],[-0.0001568,51.3723876],[-0.0002607,51.3722418],[-0.000382,51.3720853],[-0.0005354,51.371904],[-0.0006898,51.3717326],[-0.0008342,51.3715767],[-0.0009931,51.3714367],[-0.0011404,51.3713114],[-0.0012235,51.371242]],[[-0.0012235,51.371242],[-0.0011527,51.3711764],[-0.0011378,51.3711217],[-0.0011513,51.3710716]],[[-0.0011513,51.3710716],[-0.001194,51.3710229],[-0.0012607,51.3709863],[-0.0013011,51.3709739]],[[-0.0013011,51.3709739],[-0.0013883,51.3709631],[-0.0014761,51.3709716],[-0.0015556,51.3709992]],[[-0.0019636,51.3706936],[-0.0015556,51.3709992]],[[-0.0024906,51.3703518],[-0.002178,51.3705596],[-0.0019636,51.3706936]],[[-0.002608,51.3702879],[-0.0024906,51.3703518]],[[-0.0027466,51.3702047],[-0.002608,51.3702879]],[[-0.0057703,51.3683587],[-0.0055537,51.3684741],[-0.005288,51.3686329],[-0.0051953,51.3686902],[-0.0029851,51.3700571],[-0.0027466,51.3702047]],[[-0.0057703,51.3683587],[-0.005741,51.3683251],[-0.0057319,51.3682874],[-0.0057438,51.3682499],[-0.0057674,51.3682233],[-0.0057889,51.3682084],[-0.005823,51.3681932],[-0.0058808,51.3681808],[-0.0059351,51.3681806],[-0.005987,51.3681907],[-0.0060315,51.3682102],[-0.0060519,51.3682268]],[[-0.0068906,51.3679028],[-0.0062036,51.3681661],[-0.0060519,51.3682268]],[[-0.018428,51.363962],[-0.0180254,51.36404],[-0.0178614,51.3640717],[-0.0170512,51.3642308],[-0.0164669,51.3643765],[-0.0140398,51.3652708],[-0.013509,51.3654647],[-0.0068906,51.3679028]],[[-0.019797947477062455,51.36362316085627],[-0.0197929,51.3636251],[-0.0195391,51.3636964],[-0.0193119,51.3637602],[-0.0189017,51.3638644],[-0.018805,51.363889],[-0.018428,51.363962]],[[0.053874,51.3358872],[0.0539471,51.3359545],[0.0540087,51.3360318]],[[0.0529421,51.338189],[0.0530934,51.3379443]],[[0.0522398,51.3393738],[0.0522714,51.339259],[0.0524943,51.3387225],[0.0529421,51.338189]],[[0.0525604,51.3407046],[0.0525698,51.3404621],[0.0525532,51.3403318],[0.0525229,51.3402],[0.0523777,51.3398747],[0.0522322,51.3394876],[0.0522398,51.3393738]],[[0.0508218,51.3434471],[0.05088,51.3431668],[0.0510065,51.3427807],[0.0512317,51.3424495],[0.0512726,51.3423893],[0.0520316,51.3416695],[0.0523149,51.3411066],[0.0525208,51.3408063],[0.0525604,51.3407046]],[[0.044228,51.3467055],[0.0447807,51.3463943],[0.0455441,51.346022],[0.0459104,51.3457992],[0.0464148,51.3454031],[0.0470675,51.3449661],[0.0472794,51.3448973],[0.0477722,51.3448334],[0.0480197,51.3447811],[0.0482914,51.3446868],[0.0490907,51.3442703],[0.0496317,51.3439452],[0.0500447,51.3437671],[0.0506489,51.3435745],[0.0507509,51.3435244],[0.0508218,51.3434471]],[[0.0427199,51.3475735],[0.0428114,51.3475369],[0.0428733,51.3474985],[0.043347,51.3472224],[0.0441945,51.3467251],[0.044228,51.3467055]],[[0.0427199,51.3475735],[0.0426364,51.3475715],[0.0422426,51.3475633],[0.0419248,51.3475416],[0.041324,51.3474727],[0.0399292,51.3472931],[0.0387051,51.3471493],[0.037964,51.3471434],[0.0375434,51.3472614],[0.0372229,51.3474115],[0.0372001,51.3474222],[0.0369496,51.3475709],[0.036803,51.3476544],[0.0367154,51.3476736],[0.0366225,51.3476811],[0.0364661,51.3476936]],[[0.0328878,51.3543839],[0.0328512,51.3544366],[0.0328222,51.3544886],[0.0327341,51.3550358],[0.0326108,51.3554734],[0.0324605,51.3560069],[0.0322804,51.3566237],[0.0322144,51.3568496],[0.0321969,51.3569096],[0.0320229,51.3574533]],[[0.0320229,51.3574533],[0.0320056,51.3575073],[0.0318916,51.357818],[0.0316957,51.3582107],[0.0307722,51.3593107],[0.0303588,51.3597395],[0.0300304,51.3600122],[0.0294561,51.3604234],[0.0285079,51.3612003],[0.0281811,51.361472],[0.02785,51.3617533]],[[0.02785,51.3617533],[0.0277216,51.361867],[0.0276666,51.3619179],[0.0276114,51.3619776],[0.0275367,51.362064],[0.0274849,51.3621254],[0.0274498,51.3621742],[0.027396,51.3622608]],[[0.027396,51.3622608],[0.027305,51.3624477],[0.0271701,51.3626712],[0.0271565,51.3627013],[0.0271368,51.362751]],[[0.0271368,51.362751],[0.0271704,51.36281],[0.0271892,51.362843],[0.027196,51.3628631],[0.0271986,51.3628829],[0.0271977,51.3629048],[0.0271887,51.362935],[0.0271752,51.3629593],[0.0271352,51.3630132]],[[0.0271352,51.3630132],[0.0267708,51.3635516],[0.0262024,51.3643906],[0.0261746,51.3644346],[0.026042,51.3646444],[0.0258113,51.3651234],[0.0255879,51.3656793],[0.0250983,51.3671534],[0.0249877,51.36758]],[[0.0175233,51.377445],[0.0175927,51.3775031],[0.0176543,51.3775902],[0.0176838,51.3776672],[0.0176891,51.3777494],[0.0176707,51.3780579],[0.0176059,51.3784183],[0.0176836,51.3786152],[0.0179731,51.3789734],[0.0181607,51.379209],[0.0182157,51.3793329],[0.0182584,51.3794345],[0.0182839,51.3795056],[0.0182795,51.3795791],[0.0182626,51.3796459],[0.0182213,51.3797418],[0.0181737,51.379822],[0.0181069,51.3799525],[0.0180685,51.3800398],[0.0180485,51.3801368],[0.0180441,51.3802023],[0.018051,51.3803092],[0.0180472,51.3804117]],[[0.0180472,51.3804117],[0.0180446,51.3804862],[0.0180303,51.3805405],[0.0180107,51.3805882],[0.0179882,51.3806343],[0.0179105,51.3808157],[0.0178749,51.3808986],[0.0178509,51.3809752],[0.0177274,51.3815252],[0.0174745,51.381954],[0.0173279,51.3822024],[0.0171637,51.382572],[0.0171117,51.3828062],[0.0170803,51.3829177],[0.0170919,51.3830803],[0.0171288,51.3839029],[0.0171822,51.3841666],[0.0172702,51.3844741],[0.0174046,51.3847253],[0.0175222,51.3849451],[0.0176212,51.3852695],[0.0176956,51.3856891],[0.0177236,51.3860074],[0.0175783,51.3865671],[0.0175142,51.3866599],[0.01748,51.3868677],[0.017475,51.3871392],[0.0175148,51.3875556],[0.0175222,51.3878832],[0.0174535,51.3882662]],[[0.0174535,51.3882662],[0.0174502,51.3885214],[0.0174411,51.388857],[0.0174511,51.3891945],[0.0174549,51.390002],[0.0173457,51.3906612],[0.0173204,51.3909835],[0.0173377,51.3911764],[0.0173981,51.391346],[0.017496,51.3915279],[0.0176829,51.3917429],[0.0177292,51.3917962],[0.0178788,51.3919373],[0.0179038,51.3919657],[0.0179668,51.392052]],[[0.0147891,51.396379],[0.0155962,51.3958],[0.0156721,51.3957131],[0.0162033,51.3942341],[0.0165518,51.3933756],[0.0166317,51.3932559],[0.0177698,51.3921539],[0.0178431,51.3921105],[0.0178891,51.3920977],[0.0179668,51.392052]],[[0.0151133,51.3982162],[0.0151136,51.3981648],[0.0150927,51.3980757],[0.0147214,51.3965776],[0.0147146,51.3965097],[0.0147379,51.3964474],[0.0147891,51.396379]],[[0.0151133,51.3982162],[0.015039,51.3982798],[0.0149948,51.39832],[0.0148762,51.3983924]],[[0.0148762,51.3983924],[0.0150579,51.3984591]],[[0.0150579,51.3984591],[0.0152896,51.3985409],[0.0155088,51.3986173],[0.0156082,51.3986524],[0.015665,51.3986703],[0.0157262,51.3986829],[0.0157944,51.3986933],[0.0158794,51.3987025],[0.0159093,51.3987008],[0.0160175,51.3986946],[0.0160671,51.3986918],[0.0163178,51.3986747],[0.0164431,51.3986705],[0.0165729,51.398685],[0.0167636,51.3987914],[0.0169215,51.398903],[0.017125,51.3990413],[0.0171813,51.3990802],[0.017292,51.3991486]],[[0.0166532,51.4081739],[0.0167519,51.4081399],[0.0168107,51.4081061],[0.0168374,51.4080882],[0.0168574,51.4080699],[0.0168672,51.4080377]],[[0.0168461,51.4079706],[0.0168672,51.4080377]],[[0.0168461,51.4079706],[0.0169275,51.4079454],[0.0170638,51.407892]],[[0.0170638,51.407892],[0.0172184,51.4078145],[0.0173687,51.4076972]],[[0.0173687,51.4076972],[0.017572,51.4075582]],[[0.017572,51.4075582],[0.0177463,51.4074246]],[[0.0177463,51.4074246],[0.0180425,51.4071361]],[[0.0180425,51.4071361],[0.0184735,51.4067019]],[[0.0184735,51.4067019],[0.0185918,51.4066173]],[[0.0185918,51.4066173],[0.0187933,51.4065492],[0.0188803,51.4065213]],[[0.0188803,51.4065213],[0.0189769,51.4064951],[0.0190788,51.4064764]],[[0.0190788,51.4064764],[0.0193338,51.4064833]],[[0.0193338,51.4064833],[0.0199312,51.4065999]],[[0.0199312,51.4065999],[0.0203818,51.4066887]],[[0.0203818,51.4066887],[0.0216442,51.4069133],[0.0226151,51.4070675],[0.0228575,51.4070984],[0.0232431,51.40711],[0.0243625,51.4070497],[0.0260969,51.4069165],[0.026473,51.4068975],[0.0267551,51.4068796],[0.0270099,51.4068633],[0.0271513,51.4068484],[0.0272962,51.4068302],[0.0273403,51.4068246],[0.0275367,51.4068022],[0.0278863,51.4067605],[0.028138,51.4067296],[0.0287931,51.406649],[0.0290428,51.4066202],[0.0296691,51.406561],[0.030299,51.4064848],[0.0306601,51.4064533],[0.0310022,51.4064065],[0.0313629,51.4063515],[0.0316037,51.406311],[0.0319167,51.4062657],[0.0322028,51.4062271],[0.0323043,51.4062134],[0.0324988,51.4061942],[0.0325249,51.4061916],[0.0325806,51.4061863],[0.0330649,51.4061399],[0.0332274,51.4061279],[0.0334349,51.4061127],[0.0335105,51.4061071]],[[0.0335105,51.4061071],[0.0336245,51.406121],[0.0337363,51.4061135],[0.0338279,51.4061025],[0.0339595,51.4060805]],[[0.0339595,51.4060805],[0.0340777,51.4060619],[0.0340821,51.40606],[0.0341828,51.4060306]],[[0.0341828,51.4060306],[0.0342113,51.4060152],[0.0342638,51.4059531]],[[0.0342638,51.4059531],[0.0343676,51.4059087],[0.0344941,51.4058514],[0.0351249,51.4055064],[0.0355685,51.4053315],[0.0356742,51.405276],[0.0357943,51.4052286],[0.0366806,51.4048785],[0.0369083,51.4047658]],[[0.0369083,51.4047658],[0.0372399,51.4045744],[0.0374689,51.4044671],[0.037743,51.4043951],[0.0379566,51.4043458],[0.0381242,51.4043129],[0.0383381,51.4042476],[0.0385669,51.4041491],[0.0386386,51.4041225],[0.0390645,51.403951],[0.0391993,51.4038921],[0.0393893,51.4038161],[0.0398359,51.4036373],[0.0401908,51.4034601],[0.040945,51.403096],[0.0410687,51.4030363],[0.041429,51.4028625],[0.0420964,51.4025239],[0.0421109,51.4025165],[0.0427149,51.4022101],[0.0429498,51.4020748],[0.0433126,51.4018523],[0.0433455,51.4018365],[0.0433707,51.4018244],[0.0434214,51.4018],[0.0434797,51.401772],[0.0436191,51.4017175]],[[0.0436191,51.4017175],[0.0437105,51.4016895],[0.0438035,51.4016654],[0.0442302,51.4015852],[0.044328,51.4015704],[0.0443891,51.4015611],[0.0444704,51.4015488],[0.0445708,51.4015389],[0.0446759,51.4015316],[0.0447333,51.4015275],[0.0448043,51.401523],[0.0448294,51.4015213],[0.0450158,51.4015012],[0.0451805,51.4014873],[0.0452146,51.4014844],[0.045482,51.4014669],[0.0456087,51.4014613],[0.0457602,51.4014591],[0.0460118,51.4014602],[0.0462985,51.4014675],[0.0469054,51.4015014],[0.0474083,51.4015267],[0.047503,51.4015312],[0.047563,51.4015344],[0.0481563,51.4015654],[0.0488088,51.4015994],[0.0490415,51.4016078],[0.0496843,51.4016503],[0.0504246,51.4016949],[0.0506876,51.4017079],[0.0510022,51.4017282],[0.0518444,51.4017759],[0.0523299,51.4018086],[0.0525299,51.4018228],[0.0531585,51.4018676],[0.0533375,51.4018757],[0.0539415,51.4019171],[0.0543954,51.4019447],[0.0546649,51.4019572],[0.0548735,51.4019613],[0.0549973,51.401974],[0.055054,51.4019798],[0.0551207,51.4019892]],[[0.0741946,51.4124622],[0.0739794,51.4124104],[0.0732428,51.4122276],[0.0726061,51.4120725],[0.0723415,51.4120081],[0.0717922,51.4118743],[0.0714034,51.4117568],[0.0712343,51.411703],[0.0701271,51.4113014],[0.0690573,51.4108583],[0.0689512,51.4108143],[0.0688891,51.4107897],[0.0684105,51.4106001],[0.0663253,51.4100331],[0.0659118,51.4099303],[0.0657522,51.4098872]],[[0.0750047,51.4125778],[0.074867,51.4125579],[0.0741946,51.4124622]],[[0.0809403,51.4146481],[0.0808297,51.4145394],[0.080589,51.4143132],[0.0804356,51.4141794],[0.0803744,51.4141291],[0.0803064,51.4140813],[0.0802128,51.4140225],[0.0800772,51.4139497],[0.0799573,51.4138954],[0.0798246,51.4138469],[0.0795972,51.4137766],[0.0793097,51.4136753],[0.0790923,51.4135952],[0.0788202,51.4134787],[0.0782761,51.4132236],[0.0779375,51.4131123],[0.07759,51.4130283],[0.0774389,51.4129961],[0.0769901,51.4129006],[0.0766382,51.4128257],[0.0758688,51.4126735],[0.0750047,51.4125778]],[[0.0906326,51.4167569],[0.0903959,51.4166946],[0.0902673,51.4166629],[0.0896772,51.4165337],[0.0896185,51.4165213],[0.0895593,51.4165089],[0.0892538,51.4164502],[0.0867133,51.4160434],[0.0857019,51.4158867],[0.0847366,51.4157275],[0.0837279,51.4155096],[0.0830355,51.4153574],[0.0823064,51.4151974],[0.0820065,51.4151143],[0.0817757,51.4150426],[0.0813653,51.4148996],[0.0811797,51.4148032],[0.0810602,51.4147386],[0.0809403,51.4146481]],[[0.0961444,51.4185335],[0.0960772,51.4185337],[0.0957135,51.4185252],[0.0954948,51.4185034],[0.0949718,51.4184572],[0.0946365,51.4184141],[0.0940876,51.4183175],[0.0935479,51.418191],[0.0932389,51.4181008],[0.0930577,51.4180387],[0.0928594,51.4179507],[0.0925865,51.4177962],[0.0924694,51.4177244],[0.0923968,51.4176772],[0.0920072,51.4174245],[0.091702,51.4172256],[0.091411,51.4170639],[0.0911804,51.4169612],[0.0908919,51.4168458],[0.0906326,51.4167569]],[[0.0961444,51.4185335],[0.0964215,51.4185673],[0.0968363,51.4185387],[0.097069,51.4185265],[0.0971609,51.4185343],[0.097251,51.4185663],[0.0973188,51.4186225],[0.0973558,51.4186765]],[[0.0973558,51.4186765],[0.0973011,51.4187764],[0.0973086,51.4188672],[0.0973150492131365,51.41890675517391]],[[0.0165058,51.4082071],[0.0166532,51.4081739]],[[0.0185918,51.4066173],[0.0186397,51.4065637],[0.0186667,51.4065258],[0.0186877,51.4064848],[0.0187177,51.4063713]],[[0.0187177,51.4063713],[0.0187559,51.4062141],[0.0187676,51.4061359]],[[0.0187676,51.4061359],[0.0187727,51.4060686],[0.0187701,51.4060076],[0.0187641,51.4059331],[0.0187669,51.4056531],[0.0187852,51.4054657],[0.0188255,51.4051561],[0.0188312,51.4051135],[0.0188722,51.4048576],[0.0188836,51.4046998],[0.0188904,51.4045195],[0.0188944,51.4044095],[0.0188938,51.4043108],[0.0188858,51.4041236],[0.0188827,51.4040856],[0.0188792,51.4040604],[0.0188719,51.403936],[0.0188663,51.4037336],[0.0188703,51.4036289]],[[0.0188703,51.4036289],[0.0188701,51.4033674],[0.0188565,51.4031863],[0.0187931,51.4031444]],[[0.0155504,51.4024057],[0.0156371,51.4023582],[0.0157134,51.4022477]],[[0.0157134,51.4022477],[0.0158191,51.4020946],[0.0159456,51.4019097]],[[0.0159456,51.4019097],[0.0163882,51.4013575],[0.0165142,51.4012013],[0.0165484,51.401159]],[[0.0165484,51.401159],[0.0167189,51.4009478]],[[0.0167189,51.4009478],[0.0169407,51.4006731],[0.0170158,51.4005794],[0.017048,51.4005158],[0.0170694,51.4004556],[0.0170696,51.4004033],[0.017017,51.4003712]],[[0.0150579,51.3984591],[0.0150546,51.3983963],[0.0150886,51.3983624],[0.0151305,51.3983022],[0.0151133,51.3982162]],[[-0.0060519,51.3682268],[-0.0060712,51.3682487],[-0.0060827,51.368269],[-0.0060847,51.3683029],[-0.0060701,51.3683356],[-0.0060403,51.3683639],[-0.0059921,51.3683875]],[[-0.012349,51.3725153],[-0.0123026,51.3724682],[-0.0122619,51.372435],[-0.0122186,51.372405],[-0.0121719,51.3723761],[-0.0121232,51.3723489],[-0.0120755,51.3723285],[-0.0120086,51.3723043],[-0.0119479,51.372287],[-0.0118746,51.3722719],[-0.0117869,51.3722591],[-0.0116376,51.3722481],[-0.0116215,51.3722469],[-0.0115537,51.3722404],[-0.0115435,51.3722385],[-0.0115051,51.3722314],[-0.0114539,51.3722195],[-0.0113969,51.3722006],[-0.0113454,51.3721779],[-0.0112966,51.3721525],[-0.0112481,51.3721257],[-0.0112008,51.3720937],[-0.0111477,51.3720565],[-0.0110782,51.3720024],[-0.0110289,51.3719573],[-0.0109748,51.3719028],[-0.0109142,51.3718323],[-0.0108878,51.371801],[-0.0108303,51.3717327],[-0.0108125,51.3717115],[-0.0107234,51.3716053],[-0.010681,51.3715548],[-0.0106251,51.3714869],[-0.0105949,51.3714503],[-0.010537,51.3713803],[-0.0105126,51.3713509],[-0.0104697,51.3713014],[-0.0104545,51.3712865],[-0.0104222,51.3712546],[-0.0103715,51.3712138],[-0.0103481,51.3711973],[-0.0103178,51.371176],[-0.0102556,51.3711382],[-0.0102446,51.3711326],[-0.0101869,51.3711035],[-0.0101784,51.3710997],[-0.010116,51.3710716],[-0.0100452,51.3710416],[-0.0099709,51.3710139],[-0.0099147,51.370995],[-0.0098945,51.3709882],[-0.0097669,51.3709534],[-0.0097039,51.3709362],[-0.0096332,51.3709201],[-0.0095332,51.3709033],[-0.0094864,51.3708977],[-0.0094556,51.370895],[-0.0094159,51.3708941],[-0.0093482,51.370895],[-0.0092831,51.3709009],[-0.009255,51.370905],[-0.0092378,51.3709075],[-0.0092175,51.3709105],[-0.0091531,51.3709233],[-0.0091005,51.3709363],[-0.009024,51.370957],[-0.0089839,51.3709683],[-0.0089109,51.370989],[-0.0088445,51.3710059],[-0.0087965,51.3710154],[-0.0087475,51.3710212],[-0.0087033,51.3710241],[-0.00865,51.3710241],[-0.0085972,51.3710232],[-0.0085487,51.3710183],[-0.0084998,51.3710094],[-0.0084524,51.370998],[-0.0084039,51.3709824],[-0.0083561,51.3709641],[-0.0083097,51.3709406],[-0.0082685,51.3709157],[-0.0082345,51.370889],[-0.0082027,51.3708576],[-0.0081752,51.370827],[-0.0081292,51.370774],[-0.008115,51.3707564],[-0.0080854,51.3707199],[-0.0080174,51.370636],[-0.0078843,51.3704754],[-0.0077656,51.3703399],[-0.0076836,51.3702517],[-0.0076201,51.370181],[-0.0074942,51.3700451],[-0.0074295,51.3699753],[-0.0072721,51.3698029],[-0.0071941,51.3697175],[-0.0070296,51.369535],[-0.0068904,51.3693742],[-0.0067585,51.3692272],[-0.0065512,51.3689992],[-0.0062819,51.3687016],[-0.0060468,51.368443],[-0.0059921,51.3683875]],[[-0.0146095,51.3757685],[-0.0146138,51.3756603],[-0.0146079,51.3756303],[-0.0145891,51.3755781],[-0.0145651,51.3755258],[-0.0145457,51.3754934],[-0.0145257,51.3754599],[-0.0144741,51.3753897],[-0.014343,51.3752125],[-0.0143335,51.3751994],[-0.0142278,51.375055],[-0.0141891,51.3750022],[-0.0141352,51.3749285],[-0.0141254,51.3749152],[-0.0141135,51.3748993],[-0.0140815,51.3748563],[-0.0140088,51.3747675],[-0.0139649,51.3747084],[-0.0139337,51.3746671],[-0.0138531,51.374558],[-0.0138462,51.3745492],[-0.0138113,51.3745009],[-0.0137528,51.374422],[-0.0137261,51.3743853],[-0.0136881,51.3743362],[-0.0135441,51.3741321],[-0.01352,51.3740972],[-0.0134033,51.3739285],[-0.0133651,51.3738752],[-0.0131446,51.3735749],[-0.0130911,51.3735052],[-0.0130281,51.3734199],[-0.012957,51.3733257],[-0.0129329,51.373293],[-0.0128328,51.373157],[-0.0128176,51.3731365],[-0.0127482,51.3730429],[-0.0127338,51.3730235],[-0.0126669,51.3729332],[-0.0126444,51.3729029],[-0.0126188,51.3728683],[-0.0125701,51.3728037],[-0.0124591,51.3726564],[-0.0124083,51.3725885],[-0.012349,51.3725153]],[[-0.0239382,51.3775544],[-0.023869,51.3775254],[-0.0238094,51.3775035],[-0.0237524,51.3774857],[-0.0237196,51.3774763],[-0.0236838,51.3774688],[-0.0236311,51.3774592],[-0.023527,51.3774453],[-0.0234154,51.3774295],[-0.0233667,51.3774237],[-0.0232684,51.377412],[-0.0230746,51.3773876],[-0.0229815,51.3773764],[-0.0226545,51.3773399],[-0.0222251,51.3772932],[-0.0219825,51.3772663],[-0.021808,51.3772456],[-0.0216267,51.3772217],[-0.0215316,51.3772099],[-0.0213481,51.3771873],[-0.0211473,51.3771585],[-0.0208036,51.3771056],[-0.0205477,51.3770663],[-0.0204421,51.3770489],[-0.0203871,51.3770396],[-0.0203296,51.3770286],[-0.0202532,51.3770081],[-0.0201728,51.3769839],[-0.0201484,51.3769757],[-0.0200925,51.376957],[-0.0199648,51.3769084],[-0.0198307,51.3768567],[-0.0196844,51.3768058],[-0.019606,51.3767805],[-0.0193888,51.3767171],[-0.0191741,51.3766584],[-0.0188936,51.3765816],[-0.0187672,51.3765475],[-0.0185346,51.3764864],[-0.0182304,51.3764066],[-0.0177405,51.376281],[-0.0174992,51.3762188],[-0.0172541,51.3761601],[-0.0170643,51.3761165],[-0.0169437,51.3760923],[-0.016833,51.3760702],[-0.0166173,51.3760312],[-0.0165164,51.3760144],[-0.0164105,51.3759968],[-0.0162305,51.3759699],[-0.0161198,51.3759542],[-0.0159165,51.3759268],[-0.0156622,51.3758937],[-0.0154207,51.375864],[-0.0152323,51.3758408],[-0.0148767,51.3757981],[-0.0148104,51.3757907],[-0.0147637,51.3757856],[-0.0146095,51.3757685]],[[-0.0239382,51.3775544],[-0.0239885,51.3775191],[-0.0240366,51.3774964],[-0.0240976,51.3774818],[-0.0241698,51.3774701],[-0.0242513,51.3774708],[-0.0243345,51.3774885],[-0.0243989,51.377515]],[[-0.0243989,51.377515],[-0.0245059,51.3775247],[-0.0246014,51.377534],[-0.0248348,51.3775543]],[[-0.0248348,51.3775543],[-0.0249361,51.3775388],[-0.0250211,51.3775254],[-0.0250952,51.3775092],[-0.0251524,51.3774949],[-0.0252381,51.3774709],[-0.0253679,51.377435],[-0.0255466,51.3773823],[-0.0256406,51.3773588]],[[-0.0256406,51.3773588],[-0.025789,51.3773308]],[[-0.025789,51.3773308],[-0.0258433,51.3773209],[-0.0258887,51.3773137],[-0.0259727,51.3773028],[-0.0260237,51.3772987],[-0.0260726,51.3772964],[-0.026110196037405546,51.377295901672554]],[[0.0155423,51.401783],[0.015865,51.4018883]],[[0.0143358,51.4089397],[0.0143355,51.4090345],[0.0143342,51.4090863],[0.0143334,51.409116],[0.0143302,51.4091491],[0.0143262,51.4091768]],[[0.0143262,51.4091768],[0.0143051,51.4095695]],[[0.0143051,51.4095695],[0.0143031,51.4096264],[0.0143148,51.4101637],[0.0143584,51.4106755],[0.0144039,51.4111236],[0.014406,51.4111726],[0.0144536,51.4116028],[0.0144629,51.4116305],[0.0144744,51.4116648],[0.0144772,51.4116689],[0.0144968,51.4117157],[0.014535,51.4117787],[0.0146334,51.411876],[0.0148364,51.4120731],[0.0149931,51.4122287]],[[0.0149931,51.4122287],[0.0152262,51.4125357],[0.0154041,51.4128529],[0.0155706,51.4130584],[0.0159243,51.4134275],[0.0162501,51.4137647],[0.0165238,51.4140049],[0.0167656,51.4141774],[0.0168457,51.4142376]],[[0.0168457,51.4142376],[0.0168672,51.4142914],[0.0168896,51.4143142],[0.0169639,51.4143674],[0.0170035,51.41439],[0.0170497,51.4144068]],[[0.0170497,51.4144068],[0.0171862,51.4146433]],[[0.0171862,51.4146433],[0.0173085,51.4148281],[0.0174335,51.414957]],[[0.0174335,51.414957],[0.0174791,51.4149918]],[[0.0174791,51.4149918],[0.0175238,51.4150715],[0.0175868,51.4151336],[0.01763,51.4151948],[0.0176664,51.4152681],[0.0176785,51.4153436],[0.0176821,51.4154238]],[[0.0172293,51.4163296],[0.0173338,51.4160726],[0.017459,51.4158137],[0.0176821,51.4154238]],[[0.0171394,51.4167398],[0.0172293,51.4163296]],[[0.0171218,51.4167988],[0.0171394,51.4167398]],[[0.017964,51.4195193],[0.0177553,51.419387],[0.01763,51.4192472],[0.0175387,51.4191169],[0.017398,51.4188684],[0.0173295,51.4187298],[0.017274,51.4186019],[0.0171733,51.4181535],[0.0170669,51.4177478],[0.0169938,51.4174782],[0.0169774,51.4173445],[0.0169923,51.4172522],[0.0170435,51.4171091],[0.0171032,51.4169289],[0.0171218,51.4167988]],[[0.0215126,51.4209051],[0.0213105,51.4208162],[0.0210535,51.4207014],[0.0203813,51.4204401],[0.020346,51.4204263],[0.020143,51.4203481],[0.0200575,51.420314],[0.0195975,51.4201344],[0.0195068,51.4201024],[0.0194321,51.4200745],[0.0190519,51.4199321],[0.0188609,51.419865],[0.0185521,51.4197626],[0.0181773,51.419628],[0.017964,51.4195193]],[[0.0221104,51.4216198],[0.0220955,51.4215291],[0.0220474,51.4214068],[0.0219975,51.421345],[0.0216172,51.4209616],[0.0215126,51.4209051]],[[0.020955886573448025,51.4268214462926],[0.0209528,51.4268032],[0.0209533,51.4267017],[0.0209535,51.4266461],[0.0209623,51.42659],[0.0210024,51.4264738],[0.0212605,51.4260869],[0.02166,51.425846],[0.0219324,51.4257114],[0.0220625,51.4256336],[0.0221288,51.4255804],[0.0221537,51.4255605],[0.0221689,51.4255456],[0.0222896,51.4254275],[0.0223076,51.4254099],[0.022324,51.425371],[0.0223766,51.4252467],[0.0223812,51.4252357],[0.0223984,51.4251951],[0.0224305,51.4251193],[0.0224554,51.4250603],[0.0224352,51.4249808],[0.0224238,51.4249359],[0.0223858,51.4247867],[0.0223765,51.4247501],[0.0223696,51.424723],[0.022307,51.4245967],[0.0222899,51.4245622],[0.0222329,51.4244472],[0.0222108,51.4244026],[0.0221518,51.4242836],[0.0221234,51.4242262],[0.0219107,51.4237972],[0.0216843,51.4233683],[0.0215797,51.4231416],[0.0215439,51.422945],[0.0216389,51.4223926],[0.0217558,51.4221989],[0.0218154,51.422143],[0.0220355,51.421858],[0.0220559,51.4218316],[0.0221043,51.4216787],[0.0221104,51.4216198]],[[0.03825698849144215,51.429079400353466],[0.0384676,51.4291209],[0.0394315,51.4293062],[0.0402814,51.4294207],[0.0406316,51.4294824],[0.0407523,51.4295114]],[[0.0407523,51.4295114],[0.0408378,51.4295274]],[[0.0408378,51.4295274],[0.0416245,51.4297102]],[[0.0416245,51.4297102],[0.0419252,51.4297689],[0.0424433,51.4298409]],[[0.0424433,51.4298409],[0.0425969,51.4298607],[0.0429307,51.4298927],[0.0431474,51.4299117],[0.0434413,51.4299292],[0.0438553,51.4299414],[0.0442398,51.4299389],[0.044428,51.4299334],[0.0445941,51.4299242],[0.0451637,51.4298601],[0.0452897,51.429842],[0.0459218,51.4297107],[0.0476586,51.4292352],[0.048615,51.4289658],[0.0489926,51.4288613],[0.0492889,51.4287873],[0.0496034,51.4287472],[0.0498368,51.4287355]],[[0.0498368,51.4287355],[0.0500753,51.4287371],[0.0507172,51.4287413],[0.0513025,51.4287723],[0.0517271,51.428812],[0.0520201,51.4288559],[0.0522536,51.4289064],[0.0525207,51.4289722],[0.0526611,51.4290044],[0.0529131,51.4290672],[0.053114,51.4291235],[0.0531936,51.4291458],[0.0532575,51.4291624],[0.053291306614682295,51.429171948009405]],[[0.014728,51.3983204],[0.0148762,51.3983924]],[[0.012101,51.396957],[0.0124274,51.3971301],[0.012591,51.3972127],[0.0129283,51.397377],[0.0135901,51.397719],[0.0142331,51.3980627],[0.0145604,51.3982359],[0.014728,51.3983204]],[[0.0091317,51.395859],[0.009271,51.3959336],[0.0093715,51.3959714],[0.0098543,51.3961203],[0.0103573,51.3962464],[0.010645,51.3963252],[0.0109381,51.3964202],[0.0111076,51.3964882],[0.0115414,51.3966824],[0.012101,51.396957]],[[0.0047353,51.3936241],[0.0052995,51.3938476],[0.0054599,51.3939171],[0.0057737,51.3940531],[0.0059908,51.3941472],[0.0061508,51.3942165],[0.0063354,51.3942965],[0.0064103,51.3943304],[0.0066897,51.3944647],[0.0070188,51.394623],[0.0071475,51.3946899],[0.0072151,51.394725],[0.007571,51.3949388],[0.0078214,51.3950959],[0.0079363,51.3951661],[0.0082572,51.3953622],[0.0089891,51.3957761],[0.0091317,51.395859]],[[0.000593,51.3921489],[0.0009955,51.3922922],[0.0012696,51.3923898],[0.0014746,51.3924628],[0.0016234,51.3925158],[0.0018545,51.3925981],[0.0020231,51.3926582],[0.0023376,51.3927702],[0.0027443,51.392915],[0.0037405,51.3932698],[0.0047353,51.3936241]],[[0.0001385,51.391982],[0.000593,51.3921489]],[[0.0006301,51.3915186],[0.00013849999999999995,51.391982]],[[0.0026734,51.3881174],[0.0022596,51.3889214],[0.002044,51.3893582],[0.0018568,51.3896795],[0.0017629,51.3898384],[0.0010727,51.3909215],[0.0008071,51.3913167],[0.0006301,51.3915186]],[[0.0033362,51.3828199],[0.002965,51.38323],[0.0028675,51.3833698],[0.0027757,51.3836304],[0.0027105,51.3838647],[0.0026661,51.3840299],[0.0026439,51.3842179],[0.0026517,51.3844539],[0.0026738,51.3851183],[0.0026859,51.3855501],[0.0027459,51.3858548],[0.0027686,51.386144],[0.0027735,51.3862483],[0.0027757,51.3862959],[0.0027942,51.3870581],[0.0027972,51.3871821],[0.0027998,51.3872693],[0.0027923,51.3874464],[0.002789,51.3875255],[0.002773,51.3878422],[0.0026734,51.3881174]],[[0.0034622,51.3826771],[0.0033362,51.3828199]],[[0.0037726,51.3823699],[0.0035468,51.3825899],[0.0034622,51.3826771]],[[0.0048069,51.3817546],[0.0044681,51.3819355],[0.0042539,51.3820431],[0.0040822,51.3821331],[0.0038988,51.3822649],[0.0037726,51.3823699]],[[0.010148,51.3778911],[0.0100889,51.3779027],[0.0100283,51.3779191],[0.0099201,51.3779596],[0.0095972,51.3781028],[0.0092998,51.3782347],[0.0090499,51.378294],[0.0087186,51.3783313],[0.0085258,51.3783528],[0.0082728,51.3783875],[0.0077457,51.3785695],[0.0072328,51.3788222],[0.0062335,51.3792998],[0.0053862,51.3797028],[0.0052497,51.379787],[0.0051557,51.3798844],[0.00503,51.3800546],[0.0049184,51.3802249],[0.0048156,51.3803931],[0.0047376,51.3805745],[0.0047086,51.380681],[0.004715,51.3807875],[0.0047562,51.3810071],[0.0048778,51.3815118],[0.0048777,51.3816111],[0.00486,51.3816829],[0.0048069,51.3817546]],[[0.0103202,51.377872],[0.010148,51.3778911]],[[-0.0011513,51.3710716],[-0.0010246,51.3709699],[-0.0009885,51.3709436],[-0.0008743,51.3708717]],[[-0.0008743,51.3708717],[-0.0006993,51.3707617],[0.000047500000000000016,51.3702924],[0.0003194,51.3701103],[0.0004238,51.3700546]],[[0.0004238,51.3700546],[0.0005077,51.3700126],[0.0005838,51.3699817],[0.0006629,51.3699569],[0.0007435,51.3699352],[0.0008241,51.3699158]],[[0.0008241,51.3699158],[0.0008065,51.3698691],[0.0007959,51.3698202]],[[0.0007959,51.3698202],[0.0007938,51.369774],[0.0007968,51.3697117],[0.0008073,51.3696621],[0.0008237,51.3696104],[0.0008413,51.3695845],[0.000859,51.369564],[0.0008836,51.3695436],[0.0009596,51.3694922],[0.001432,51.3691928],[0.0017141,51.3689926]],[[0.0017141,51.3689926],[0.0013456,51.368799],[0.0002578000000000001,51.3682638]],[[0.0002578,51.3682638],[0.001376,51.367497]],[[0.001376,51.367497],[0.0012553,51.367415],[0.0011077,51.3672978],[0.0010658,51.3672504]],[[-0.0781814,51.4205333],[-0.07832,51.420556]],[[-0.07297805100229238,51.42624548492066],[-0.072556,51.4262743],[-0.0720712,51.4262967],[-0.0713148,51.426257]],[[-0.0713148,51.426257],[-0.07120863419733042,51.426256345377126]],[[-0.06971942604096458,51.42592747089349],[-0.06954181146534673,51.425867924955114]],[[-0.06888034617907156,51.42562499404629],[-0.0685253,51.4254917],[-0.0679856,51.4252876],[-0.0677687,51.4252056],[-0.0676341,51.4251547],[-0.0673444,51.4250534],[-0.0667244,51.4248165],[-0.0661729,51.4245778],[-0.0658997,51.4244509],[-0.0658147,51.4244097],[-0.0646784,51.4238797],[-0.0642508,51.4236319],[-0.0637602,51.4233475],[-0.0635447,51.4231822],[-0.0634898,51.4231401],[-0.063276,51.4229761]],[[-0.063276,51.4229761],[-0.0629898,51.4227563],[-0.0629221,51.4226917]],[[-0.0629221,51.4226917],[-0.062564,51.4223475],[-0.0623678,51.4220975],[-0.0621785,51.4218561],[-0.0618443,51.4213567],[-0.061743,51.4211183],[-0.0615757,51.4207154],[-0.0614713,51.4198937]],[[-0.0516564,51.4138659],[-0.0515688,51.4137349],[-0.0514819,51.4135912]],[[-0.0514819,51.4135912],[-0.0512686,51.4132993],[-0.0511888,51.4131885],[-0.0510599,51.4130431],[-0.0509203,51.4129286],[-0.0506289,51.4127578],[-0.0504492,51.4126537],[-0.0504344,51.4126454],[-0.0499531,51.4123756],[-0.0495931,51.4121739],[-0.0495664,51.4121594],[-0.0489068,51.4117693],[-0.0487902,51.4117081],[-0.048331,51.4114551],[-0.0482894,51.4114345],[-0.0481455,51.4113559],[-0.048002,51.4112817],[-0.0479432,51.4112513],[-0.0478528,51.4112048],[-0.0473444,51.4109251],[-0.0469317,51.4106869]],[[-0.0469317,51.4106869],[-0.0465345,51.4104826],[-0.0459512,51.4101828]],[[-0.0459512,51.4101828],[-0.0456191,51.4100143],[-0.044973,51.4097577]],[[-0.044973,51.4097577],[-0.0447404,51.4096785],[-0.0444598,51.4095728],[-0.0444131,51.4095583],[-0.0442243,51.4095034],[-0.0441718,51.4094932]],[[-0.0441718,51.4094932],[-0.0440065,51.4094849],[-0.0436594,51.4094089],[-0.0435756,51.4093893],[-0.043216,51.409299]],[[-0.043216,51.409299],[-0.0428628,51.409252]],[[-0.0428628,51.409252],[-0.0424629,51.4091965],[-0.0418086,51.4090976],[-0.0415528,51.4090546],[-0.0413281,51.4090216],[-0.0411715,51.4089956],[-0.0408904,51.4089462],[-0.0405211,51.4088731],[-0.0403932,51.4088497]],[[-0.0403932,51.4088497],[-0.0402737,51.4088301],[-0.0401951,51.4088158],[-0.0401023,51.4088015],[-0.0400234,51.4087891]],[[-0.0400234,51.4087891],[-0.0398867,51.4087673],[-0.0393144,51.4086771],[-0.0388483,51.4085975],[-0.0385999,51.4085555],[-0.0385494,51.4085468],[-0.0379255,51.4084424],[-0.0376884,51.4084044],[-0.0376062,51.4083905],[-0.0374557,51.4083626],[-0.0373191,51.4083328],[-0.0371831,51.4083007],[-0.0370023,51.4082532],[-0.036846,51.4082102],[-0.03661,51.4081449],[-0.0364818,51.4081117],[-0.0362995,51.4080654],[-0.0361762,51.4080356],[-0.0360823,51.4080148],[-0.0359675,51.4079942],[-0.0358566,51.4079786],[-0.0355869,51.4079465],[-0.0352655,51.4079106],[-0.0349633,51.407872],[-0.034403,51.4078138],[-0.0339658,51.407768],[-0.0337449,51.407744],[-0.0336246,51.4077277],[-0.0335067,51.4077081],[-0.0333535,51.4076786],[-0.0332008,51.4076428],[-0.0330451,51.4076026],[-0.0328175,51.4075364],[-0.0327311,51.4075064],[-0.0326761,51.4074855],[-0.032562,51.4074366],[-0.0325133,51.4074107],[-0.0324202,51.4073608],[-0.0322892,51.4072834],[-0.0322376,51.4072513],[-0.032186,51.4072153]],[[-0.032186,51.4072153],[-0.0321504,51.4072386],[-0.0320988,51.4072569],[-0.0320372,51.407268],[-0.0319717,51.4072647],[-0.0319104,51.4072487]],[[-0.0319104,51.4072487],[-0.0318645,51.4072245],[-0.0318407,51.4072006],[-0.0318288,51.4071705],[-0.0318318,51.4070942],[-0.0318239,51.4070383],[-0.0318082,51.4069807],[-0.0317928,51.4069455],[-0.0317951,51.4069129],[-0.0318154,51.4068819]],[[-0.0318154,51.4068819],[-0.03174,51.4068532],[-0.0317062,51.4068438],[-0.0316655,51.4068353],[-0.0316181,51.4068284],[-0.0314715,51.4068079],[-0.0312836,51.4067799],[-0.0310524,51.4067405],[-0.0308074,51.4066985],[-0.0305884,51.4066573],[-0.0301212,51.4065711],[-0.030009,51.4065506],[-0.0298435,51.4065259],[-0.0297201,51.4065067],[-0.0296385,51.406496],[-0.0295423,51.4064858],[-0.0294075,51.4064748]],[[-0.0294075,51.4064748],[-0.0293199,51.4064739],[-0.0292215,51.406476],[-0.0291376,51.4064797],[-0.0290612,51.4064852],[-0.0289633,51.4064934],[-0.028852,51.4065086],[-0.0287402,51.4065281],[-0.0285923,51.4065587],[-0.0284871,51.4065875],[-0.0284055,51.4066151],[-0.0283221,51.406652],[-0.0282495,51.4066887],[-0.0281785,51.406733],[-0.0281074,51.4067833],[-0.028054,51.4068331],[-0.0280058,51.4068838],[-0.0279655,51.4069417],[-0.0279253,51.4070102],[-0.027862,51.407128],[-0.0278533,51.4071443],[-0.0277954,51.4072487],[-0.0277588,51.407307],[-0.0277225,51.4073578],[-0.0276785,51.4074049],[-0.0276383,51.40744],[-0.0275911,51.4074717],[-0.027542,51.4074999],[-0.0275076,51.4075178],[-0.0274477,51.4075411],[-0.0273822,51.4075614],[-0.0273165,51.4075773],[-0.0272401,51.4075884],[-0.0271396,51.407598],[-0.0269044,51.4076144],[-0.0267873,51.4076194],[-0.0267236,51.4076231],[-0.0266384,51.407628],[-0.0264424,51.4076392],[-0.0256612,51.4076842],[-0.0256048,51.4076851],[-0.0255513,51.4076826],[-0.0254426,51.4076739]],[[-0.0254426,51.4076739],[-0.0254196,51.407738],[-0.0254116,51.4077601],[-0.0253157,51.4080196],[-0.0252489,51.4081914],[-0.0252361,51.4082253],[-0.0251817,51.4083782],[-0.0251518,51.4084741],[-0.0250689,51.4088272]],[[-0.0250689,51.4088272],[-0.0249313,51.4088122],[-0.024822,51.4087968],[-0.0246574,51.4087731],[-0.0245109,51.4087495],[-0.0244156,51.4087308],[-0.0243358,51.408711],[-0.0242597,51.4086894],[-0.0241781,51.4086609],[-0.0241011,51.4086306],[-0.0240361,51.408601],[-0.0239743,51.408568],[-0.0239128,51.4085318],[-0.0235619,51.4083075],[-0.023498,51.4082703],[-0.0234271,51.4082362],[-0.0233479,51.4082042],[-0.0232656,51.4081754],[-0.0231713,51.4081478],[-0.0230767,51.4081234],[-0.0229355,51.4080913],[-0.0228142,51.4080671],[-0.0227293,51.408055],[-0.0226394,51.4080473],[-0.0225489,51.4080463],[-0.022387,51.4080553],[-0.0220933,51.4080827],[-0.021986,51.4080912],[-0.021902,51.4080954],[-0.0218216,51.4080937],[-0.0217703,51.40809],[-0.0217166,51.4080806],[-0.0216407,51.4080619],[-0.021428,51.4079999],[-0.0213188,51.4079609],[-0.0212137,51.4079197],[-0.0211342,51.4078836],[-0.0210872,51.4078573],[-0.0210421,51.4078245],[-0.0210025,51.4077846],[-0.0209348,51.4077123],[-0.0208793,51.4076638],[-0.020819,51.4076164],[-0.0207563,51.4075722],[-0.0206894,51.4075296],[-0.0206032,51.4074825],[-0.0204988,51.4074275],[-0.0203733,51.4073683],[-0.0202687,51.4073134],[-0.0201817,51.4072557]],[[-0.0201817,51.4072557],[-0.0201256,51.4072528],[-0.0200531,51.4072446],[-0.019882,51.4072217],[-0.0195516,51.4071759],[-0.0193444,51.4071551],[-0.0191344,51.4071379],[-0.0188774,51.4071289],[-0.0185454,51.4071191],[-0.0182261,51.4071005],[-0.0179913,51.4070819],[-0.0177077,51.4070542],[-0.0175346,51.4070251],[-0.0173254,51.4069704],[-0.0171628,51.4069252],[-0.0171178,51.4069149],[-0.016845,51.4068318],[-0.0166917,51.4067871],[-0.0162018,51.4066259],[-0.0160983,51.4065934],[-0.0157272,51.4064702],[-0.0157089,51.4064641],[-0.0156185,51.4064364],[-0.0155287,51.4064127],[-0.0154478,51.4063937],[-0.0153671,51.4063788],[-0.0152777,51.4063657],[-0.0152091,51.4063561],[-0.0151157,51.4063437],[-0.0149821,51.4063295]],[[-0.0149821,51.4063295],[-0.014786,51.4063131],[-0.0146288,51.4063039],[-0.014438,51.4062967],[-0.0142822,51.406294],[-0.0141163,51.4062958],[-0.0139973,51.4062998],[-0.0138541,51.4063079],[-0.0137566,51.4063155],[-0.0136706,51.406325],[-0.0134672,51.4063527],[-0.0132572,51.4063861],[-0.0119912,51.4066169],[-0.0117159,51.4066525],[-0.0115295,51.4066701],[-0.0113261,51.4066794],[-0.0095291,51.4066895],[-0.0093244,51.4066967],[-0.0087428,51.406717],[-0.0085277,51.4067245],[-0.0084625,51.4067268],[-0.008238,51.4067346],[-0.0077888,51.4067351],[-0.0077406,51.4067352],[-0.0077259,51.4067352],[-0.0075163,51.4067695],[-0.0074219,51.4067849],[-0.0073075,51.4068036],[-0.0072467,51.4068135],[-0.0071446,51.4068352],[-0.0069321,51.4068805],[-0.0063471,51.4070055],[-0.0058139,51.4071179],[-0.0056827,51.4071461],[-0.005625,51.4071585],[-0.0055932,51.4071653],[-0.0055037,51.4071845],[-0.0048764,51.4073193],[-0.0045529,51.4073887],[-0.0039986,51.4075078],[-0.0039745,51.4075131]],[[-0.0039745,51.4075131],[-0.003926,51.4075238],[-0.0038338,51.4075429]],[[-0.0038338,51.4075429],[-0.0036873,51.407563],[-0.0036148,51.4075685]],[[-0.0036148,51.4075685],[-0.0035679,51.4075712]],[[-0.0035679,51.4075712],[-0.0034682,51.4075693],[-0.003433,51.407567],[-0.0033979,51.407561],[-0.0033308,51.407537]],[[-0.0033308,51.407537],[-0.0033034,51.4075282],[-0.0032287,51.4074983],[-0.003079,51.4074302],[-0.0030386,51.40741]],[[-0.0030386,51.40741],[-0.0029519,51.4073666],[-0.0028249,51.4073001],[-0.0026528,51.4071992]],[[-0.0026528,51.4071992],[-0.0025628,51.4071464],[-0.0025177,51.4071198]],[[-0.0025177,51.4071198],[-0.0022957,51.406989]],[[-0.0022957,51.406989],[-0.0022576,51.4069702],[-0.002186,51.406939],[-0.0021193,51.4069127],[-0.0020436,51.4068875],[-0.0019407,51.4068578],[-0.0017452,51.4068066],[-0.0013961,51.4067172]],[[-0.0013961,51.4067172],[-0.0012158,51.40668],[-0.0010734,51.4066542],[-0.0008859,51.4066256],[-0.0006685,51.4065912],[-0.0004236,51.4065558]],[[-0.0004236,51.4065558],[-0.000218,51.4065256],[0.0001257,51.40647]],[[0.0001257,51.40647],[0.0003874,51.4064311]],[[0.0003874,51.4064311],[0.0008389,51.4063599],[0.0011004,51.406311],[0.0012983,51.4062688]],[[0.0012983,51.4062688],[0.0013917,51.4062541],[0.001531,51.4062412],[0.001552,51.4062399],[0.0016198,51.4062358],[0.0018142,51.4062331]],[[0.0018142,51.4062331],[0.0019175,51.4062357],[0.0019708,51.4062372],[0.0020045,51.4062381]],[[0.0020045,51.4062381],[0.0021108,51.4062543]],[[0.0021108,51.4062543],[0.0022394,51.4062898],[0.002286,51.406304]],[[0.002286,51.406304],[0.0023997,51.4063415],[0.0024525,51.4063576],[0.0025682,51.4063817],[0.0027402,51.4064075],[0.003013,51.4064317],[0.0030663,51.406436],[0.0036902,51.4064764],[0.003897,51.406504],[0.0039714,51.4065165],[0.0041257,51.4065471],[0.004264,51.4065832],[0.0043838,51.4066298],[0.004531,51.4066958],[0.0051897,51.4070236],[0.005436,51.4071596],[0.0055293,51.4072022],[0.0056139,51.4072244],[0.0057182,51.4072405],[0.0057616,51.4072414],[0.0058498,51.4072433],[0.0059721,51.4072387],[0.0061002,51.4072276],[0.00617,51.4072155]],[[0.00617,51.4072155],[0.0062483,51.4071992],[0.0064212,51.4071558],[0.0066399,51.407097],[0.0068258,51.407053],[0.0069092,51.4070332],[0.0070795,51.4069851],[0.0072765,51.406932]],[[0.0072765,51.406932],[0.007484,51.4068746],[0.0075402,51.4068571],[0.0076024,51.4068353],[0.0076574,51.4068133],[0.0077075,51.4067902],[0.0077963,51.4067429],[0.0078479,51.4067198],[0.007899,51.4067018],[0.0079513,51.4066872],[0.0080116,51.4066753],[0.0080764,51.406667],[0.0081584,51.4066625],[0.0082217,51.4066609],[0.008289,51.4066629],[0.0083495,51.4066713],[0.0084005,51.4066847],[0.008453,51.406701],[0.0085445,51.4067375],[0.0086126,51.4067743],[0.0086564,51.4068036],[0.0087136,51.406845],[0.0088751,51.4069792]],[[0.0088751,51.4069792],[0.0089457,51.4070382],[0.0089943,51.4070741],[0.0090395,51.4071042],[0.0090888,51.4071321],[0.0091402,51.4071554],[0.0091927,51.4071745],[0.0092674,51.4071972],[0.0093419,51.4072143],[0.0094282,51.4072284],[0.009516,51.4072391],[0.0095791,51.4072436],[0.009639,51.4072449],[0.0096956,51.4072409],[0.0097627,51.4072313],[0.0100151,51.4071787],[0.0101338,51.4071533],[0.0102066,51.4071406],[0.0102801,51.4071306],[0.010351,51.4071227],[0.0104294,51.4071177],[0.0104598,51.4071163],[0.0105019,51.4071155],[0.0105768,51.4071163],[0.0106648,51.4071195],[0.0107498,51.4071282],[0.0108248,51.4071386]],[[0.0108248,51.4071386],[0.0110494,51.4071713],[0.0114407,51.4072619]],[[0.0114407,51.4072619],[0.0116367,51.4073221]],[[0.0185764,51.406307],[0.018548,51.4064568],[0.01853,51.4065239],[0.0184735,51.4067019]],[[0.0173687,51.4076972],[0.0171981,51.4077448],[0.0170948,51.4077833],[0.0170451,51.4078064],[0.0169512,51.4078453]],[[0.0169512,51.4078453],[0.016829,51.4078959]],[[0.016829,51.4078959],[0.0167725,51.4079245],[0.0166094,51.4080195]],[[0.0159843,51.4082536],[0.0161848,51.4081792],[0.016512,51.4080553],[0.0165592,51.4080383],[0.0166094,51.4080195]],[[0.0158565,51.4083043],[0.0159843,51.4082536]],[[0.0155564,51.4084233],[0.0158565,51.4083043]],[[0.0133503,51.3895195],[0.0133192,51.3900369],[0.013303,51.3902526],[0.0132848,51.3904947],[0.0132748,51.3906286],[0.0132488,51.3910288],[0.0132201,51.3915052],[0.0131718,51.3921809],[0.0131171,51.3930861],[0.013108,51.3931843],[0.0130731,51.3932579],[0.0130072,51.3933223],[0.0126493,51.3935023],[0.0125849,51.3935541],[0.0125392,51.3936148],[0.0125279,51.3936693],[0.0125367,51.3937115],[0.0125541,51.3937479],[0.0126685,51.3938913],[0.0131478,51.3944882],[0.0138026,51.3952663],[0.0144949,51.3960967],[0.0146085,51.3962753],[0.0147891,51.396379]],[[0.0133503,51.3895195],[0.0133037,51.389519],[0.01295,51.3895148],[0.0120478,51.3895179],[0.0118591,51.3895067],[0.011608,51.389498],[0.0111969,51.3895023],[0.0106751,51.3895656],[0.0105398,51.3895819],[0.0102948,51.3896005],[0.009927,51.3896316],[0.0093905,51.3896316],[0.0089729,51.3896338],[0.0088642,51.3896351],[0.0087534,51.3896214],[0.0083453,51.3895148],[0.0082097,51.3895072],[0.0080455,51.3895175],[0.0080043,51.3895217],[0.0079059,51.3895317],[0.0065754,51.3896763],[0.0064598,51.3897008],[0.0063582,51.3897428],[0.0061408,51.3898648]],[[0.0044064,51.3885384],[0.0043245,51.3888682],[0.0043274,51.3889322],[0.0043652,51.3889572],[0.0044195,51.3889869],[0.00536,51.3893902],[0.0055871,51.3895031],[0.0061408,51.3898648]],[[0.0026734,51.3881174],[0.0032518,51.3883326],[0.0033352,51.3883624],[0.0037514,51.3884554],[0.0044064,51.3885384]],[[0.0008241,51.3699158],[0.0010062,51.3698874],[0.0011831,51.3698669],[0.0013017,51.3698674],[0.0014078,51.3698699],[0.0015214,51.3698782],[0.0016318,51.3698942],[0.0017206,51.3699115],[0.001835,51.3699405],[0.0021098,51.3700232],[0.0027064,51.370192],[0.0031696,51.3703301],[0.0033633,51.3703878],[0.0034676,51.3704155],[0.0035721,51.3704386],[0.0036149,51.3704466],[0.0038807,51.3704642]],[[0.0038807,51.3704642],[0.0040032,51.3704873],[0.0041354,51.3705081],[0.0042836,51.3705267],[0.0044206,51.3705417],[0.0045649,51.3705527],[0.0046986,51.3705583],[0.004829,51.3705575],[0.0049725,51.3705525],[0.0050712,51.3705451],[0.0051495,51.3705348],[0.0052704,51.3705098],[0.0053921,51.3704775],[0.0055432,51.37043],[0.0056748,51.37038],[0.0057623,51.3703409],[0.0058537,51.3702959],[0.0063976,51.3699953],[0.0065417,51.3699186],[0.0067065,51.3698507],[0.0068644,51.3697952],[0.0070376,51.3697451],[0.007182,51.3697105],[0.0073664,51.3696866],[0.007862,51.3696463],[0.0081246,51.3696304],[0.008728,51.3695998],[0.0090535,51.3695864],[0.0096209,51.3695626],[0.0098032,51.3695517],[0.0099009,51.3695432],[0.0100102,51.3695295],[0.0101282,51.3695015]],[[0.0101282,51.3695015],[0.0104803,51.3693686],[0.0114917,51.3690027],[0.0116502,51.3689513],[0.0117999,51.3689059],[0.0120672,51.3688315],[0.012634,51.3686786],[0.0131059,51.3685524],[0.013413,51.3684703],[0.0134636,51.3684564]],[[0.0134636,51.3684564],[0.013515,51.3684416],[0.0135727,51.3684248],[0.0136303,51.368408]],[[0.0136303,51.368408],[0.0141449,51.3682598],[0.0148621,51.368048],[0.0160292,51.3676942],[0.0161709,51.3676555],[0.0163169,51.3676209],[0.0164469,51.3675934],[0.017016,51.3674839],[0.0173087,51.3674317],[0.0176013,51.367387]],[[0.0176013,51.367387],[0.0179583,51.3673337],[0.0181158,51.3673135],[0.0182612,51.3673009],[0.0184121,51.3672912],[0.0185528,51.3672879],[0.0187012,51.3672885],[0.0195448,51.3673044],[0.0202506,51.3673276],[0.0203079,51.3673295],[0.0204111,51.3673323],[0.0205072,51.3673351]],[[0.0222125,51.3655169],[0.0219739,51.3657998],[0.021922,51.365855],[0.0217398,51.3660419],[0.0209434,51.3668959],[0.0206749,51.3671838],[0.0205254,51.3673029],[0.0205072,51.3673351]],[[0.0268462,51.362899],[0.0258056,51.3633251],[0.0256171,51.3634183],[0.0247899,51.3638272],[0.023721,51.3646073],[0.0235018,51.364768],[0.0232403,51.3649597],[0.0228547,51.365173],[0.0227283,51.3652429],[0.0222125,51.3655169]],[[0.0271368,51.362751],[0.0270511,51.3628019],[0.0269806,51.3628369],[0.0268462,51.362899]],[[0.0331111,51.3543026],[0.0331041,51.3542715],[0.0330928,51.3542429],[0.0330594,51.3542135],[0.0330019,51.3541904],[0.0329451,51.3541837],[0.0328855,51.3541902]],[[0.0268669,51.3227908],[0.027036,51.3227061],[0.0275135,51.32223],[0.0278466,51.3218723],[0.0283087,51.3214045],[0.0285312,51.3211175],[0.0288236,51.3205796],[0.0289405,51.3204417]],[[0.0289405,51.3204417],[0.0290111,51.3203872],[0.0290137,51.3203139],[0.0289513,51.3202694]],[[0.0289513,51.3202694],[0.0289995,51.3201577],[0.0290827,51.3200492],[0.0292982,51.319782],[0.0296545,51.3194133]],[[0.0356962,51.3106996],[0.0352494,51.3110874],[0.0351637,51.3111618]],[[0.0462025,51.3067359],[0.0451593,51.307001],[0.044488,51.3071691],[0.0438929,51.3072837],[0.0433311,51.3073633]],[[0.0481666,51.3061894],[0.0477976,51.306296],[0.0474002,51.3064161],[0.04676,51.3065918],[0.0462025,51.3067359]],[[0.0494832,51.3049601],[0.0493658,51.3051078],[0.0492342,51.3052734],[0.0489435,51.3056234],[0.0488535,51.3057368],[0.0486881,51.305918],[0.048615,51.3059826],[0.0485094,51.3060548],[0.0483926,51.3061061],[0.0481666,51.3061894]],[[0.0516309,51.302781],[0.0514704,51.3029902],[0.0514136,51.3030643],[0.0511695,51.3033476],[0.0507113,51.3038325],[0.0504918,51.3040542],[0.0500081,51.3045045],[0.0494832,51.3049601]],[[0.0521493,51.3019869],[0.0516818,51.3027072],[0.0516309,51.302781]],[[0.0524097,51.3015288],[0.0523005,51.3017578],[0.0521993,51.3019111],[0.0521493,51.3019869]],[[0.0525771,51.3010032],[0.0525667,51.3010357],[0.0524674,51.3013475],[0.0524097,51.3015288]],[[0.0525972,51.3008593],[0.0525771,51.3010032]],[[0.0556957,51.2926932],[0.0554577,51.2930277],[0.0552603,51.293379],[0.054854,51.2943521],[0.0544183,51.2953322],[0.0543675,51.2954532],[0.0543307,51.2955402],[0.0543061,51.2955987],[0.0542247,51.2960309],[0.0542056,51.2964485],[0.0541833,51.2966195],[0.0541146,51.2968677],[0.0539682,51.2972839],[0.0538251,51.297685],[0.0537526,51.2978882],[0.0537326,51.2979442],[0.0535894,51.2982934],[0.0535775,51.2983168],[0.0532898,51.298884],[0.053135,51.2992464],[0.0530154,51.2995761],[0.0527904,51.3001967],[0.0526804,51.3004999],[0.0525972,51.3008593]],[[0.0558936,51.2924319],[0.0556957,51.2926932]],[[0.055936128786681125,51.29237913072916],[0.0558936,51.2924319]],[[0.0176821,51.4154238],[0.0177488,51.4153537],[0.0177643,51.4153139],[0.0177652,51.4152484],[0.017775,51.4151937],[0.0178002,51.4151559]],[[0.0178002,51.4151559],[0.0178464,51.4150667],[0.0178474,51.415064],[0.0178473,51.4150614],[0.0178468,51.4150582],[0.0178468,51.4150489]],[[0.0178468,51.4150489],[0.0181351,51.4149464],[0.0183605,51.4148686]],[[0.0183605,51.4148686],[0.0184848,51.4148245]],[[0.0184848,51.4148245],[0.0184991,51.4148054],[0.018518,51.4147689],[0.0185252,51.4147413],[0.0185281,51.4147117],[0.0185445,51.4146807]],[[0.0185445,51.4146807],[0.0185274,51.4146548],[0.0184835,51.4146119],[0.0182149,51.414317],[0.0180907,51.4141696],[0.0180408,51.4141103],[0.0180119,51.4140767],[0.0179839,51.4140588]],[[0.0179839,51.4140588],[0.0178254,51.4140439],[0.0177523,51.4140473]],[[0.0177523,51.4140473],[0.0177028,51.4140583],[0.017315,51.4141881],[0.0171707,51.4142317]],[[0.0171707,51.4142317],[0.0170083,51.414252],[0.0169727,51.4142513],[0.0169017,51.4142499],[0.0168457,51.4142376]],[[0.0162484,51.4086091],[0.0162639,51.4085859],[0.016271,51.4085591],[0.0162642,51.4085311],[0.0162397,51.408501]],[[0.0162397,51.408501],[0.016226,51.4084551],[0.0161777,51.4083936],[0.016166,51.4083582],[0.0161789,51.4083155],[0.0162046,51.4082888],[0.0162647,51.4082612]],[[0.0162647,51.4082612],[0.0164406,51.4082219],[0.0165058,51.4082071]],[[0.0198642,51.3985688],[0.0199368,51.3985763],[0.0199974,51.3985815],[0.0200452,51.3985856],[0.0201608,51.3986015]],[[0.0201608,51.3986015],[0.0202292,51.3986074],[0.0203137,51.3986032],[0.0203857,51.398595]],[[0.0203857,51.398595],[0.0204356,51.3984632],[0.0204882,51.3983841],[0.0205372,51.3983253],[0.0205868,51.3982752],[0.0206945,51.3981992],[0.020935,51.398062],[0.0210446,51.3979778]],[[0.035597,51.3889099],[0.0356961,51.3888816],[0.0357563,51.3888303],[0.0358029,51.3888045]],[[0.0358029,51.3888045],[0.0358821,51.3887583]],[[0.0358821,51.3887583],[0.0358944,51.3887423],[0.0359546,51.3887058]],[[0.0359546,51.3887058],[0.0359958,51.3887046],[0.0360173,51.3887003],[0.0360371,51.3886938]],[[0.0360371,51.3886938],[0.0360679,51.3886759],[0.0360862,51.3886548],[0.0360932,51.3886317],[0.0360915,51.3886162],[0.0360849,51.3886011]],[[0.0360491,51.3885699],[0.0360306,51.3885045],[0.0360257,51.3884554]],[[0.0360257,51.3884554],[0.036026,51.3884322],[0.036026,51.3883801],[0.0360376,51.3883295]],[[0.0360376,51.3883295],[0.0360584,51.3882804],[0.0360526,51.3882191]],[[0.0511497,51.3669486],[0.0517505,51.3667121],[0.0518007,51.3666929],[0.0518285,51.3666822],[0.0519774,51.3666303]],[[0.0525342,51.366418],[0.0528382,51.3662989],[0.0530755,51.3662026],[0.0531513,51.3661713]],[[0.0531513,51.3661713],[0.0532226,51.3661401]],[[0.0532226,51.3661401],[0.0533038,51.3661049],[0.053397,51.3660643]],[[0.054793506869733034,51.427584088213415],[0.0546948,51.4275198],[0.0546606,51.4274975],[0.0543429,51.4272927],[0.0537935,51.426953],[0.0536199,51.4268446]],[[0.0536199,51.4268446],[0.0535286,51.426781]],[[0.0535286,51.426781],[0.053454,51.426725],[0.0533835,51.4266671],[0.0533026,51.4265978],[0.0532711,51.4265656],[0.0532141,51.4265175],[0.0531891,51.4264908],[0.0531591,51.426456],[0.0531118,51.4263869],[0.0530961,51.4263627],[0.0530547,51.4262833],[0.0530284,51.4262359],[0.0529716,51.4261304],[0.0529581,51.4261136],[0.0528803,51.4260339]],[[0.0528803,51.4260339],[0.0528458,51.4260002],[0.0527371,51.4259055],[0.0525224,51.4257545],[0.0524538,51.4257034],[0.0523134,51.425599],[0.0522407,51.4255467],[0.0521134,51.4254372],[0.05197,51.4252827],[0.0518991,51.4252152],[0.0518317,51.425151]],[[0.0518317,51.425151],[0.0517661,51.4250927],[0.051418,51.4247651],[0.0511003,51.4244482],[0.0509526,51.424307],[0.0508776,51.4242429],[0.0508114,51.4241852],[0.050651,51.4240581],[0.0505753,51.423996]],[[0.0505753,51.423996],[0.050549,51.4239751],[0.050491,51.4239289]],[[0.050491,51.4239289],[0.0501338,51.4236375],[0.0498882,51.423392]],[[0.0498882,51.423392],[0.0498386,51.4233377],[0.0495843,51.4230502],[0.0492854,51.4226875]],[[0.0492854,51.4226875],[0.0492329,51.4225652],[0.0490826,51.4223628],[0.0489008,51.422119],[0.048786,51.4219564],[0.0486849,51.421825],[0.0485945,51.4216836],[0.0484215,51.4213789],[0.0483564,51.4212232],[0.0483235,51.421111],[0.048234,51.420843],[0.0481578,51.4206502],[0.0480269,51.4204695],[0.0478732,51.4203198]],[[0.0478732,51.4203198],[0.0477856,51.4202145]],[[0.0477856,51.4202145],[0.0477272,51.4200915],[0.0476633,51.4200355],[0.0471274,51.4192936],[0.0466241,51.418499],[0.0464524,51.4182956],[0.0462791,51.4180723],[0.0461949,51.4179637],[0.0461511,51.4177179],[0.0461263,51.4175783],[0.0459203,51.4166469],[0.0458516,51.4165292],[0.0457216,51.4163892],[0.0456274,51.4162693],[0.0455572,51.4161616]],[[0.0455572,51.4161616],[0.0454473,51.4159129],[0.0454384,51.4158279],[0.0455255,51.4157369]],[[0.0455255,51.4157369],[0.0457486,51.4154693],[0.0458527,51.4151829],[0.0458945,51.4150678],[0.0459203,51.4147413],[0.0458385,51.414514],[0.0456733,51.414299],[0.0454035,51.4140047],[0.0453132,51.4138681],[0.0452927,51.4138099]],[[0.03515,51.4098411],[0.0352832,51.4098519],[0.0361142,51.4099916],[0.037087,51.410114],[0.0372568,51.4101294],[0.0382439,51.4102499],[0.0386127,51.4103203],[0.0389376,51.4104422],[0.0391213,51.4105126],[0.0392522,51.4105636],[0.0394486,51.4106733],[0.0395948,51.4107674],[0.0396888,51.4108843],[0.0398488,51.4111643],[0.0398851,51.4112768],[0.0399577,51.4116267],[0.0400522,51.4119423],[0.0401762,51.4124254],[0.0401994,51.4124804],[0.0402349,51.4125794],[0.0403971,51.4129377],[0.0404923,51.413093],[0.0407514,51.413443],[0.0407597,51.4134859],[0.0408189,51.4135518],[0.0409998,51.4137019],[0.0411201,51.4137776],[0.0412591,51.4138655],[0.0414733,51.4139336],[0.0417719,51.4139364],[0.0420848,51.4139103],[0.0434581,51.4138233],[0.0451592,51.4138109],[0.0451874,51.4138107],[0.0452927,51.4138099]],[[0.0350171,51.4098288],[0.03515,51.4098411]],[[0.0345675,51.4097936],[0.0346049,51.4097962],[0.0350171,51.4098288]],[[0.0340983,51.40976],[0.0342119,51.409768],[0.0342693,51.4097722],[0.0343201,51.4097758],[0.0344111,51.4097823],[0.0345675,51.4097936]],[[0.0318669,51.4096504],[0.0320333,51.4096487],[0.0321544,51.4096473],[0.0323693,51.4096561],[0.0323899,51.409657],[0.0327305,51.4096797],[0.0328744,51.4096902],[0.0331124,51.4097025],[0.0332804,51.4097112],[0.0335101,51.409725],[0.0339218,51.4097491],[0.0339959,51.4097534],[0.0340983,51.40976]],[[0.0280493,51.4102388],[0.028089,51.4102535],[0.0281564,51.410274],[0.0284055,51.4103302],[0.0286568,51.410369],[0.0288487,51.4103807],[0.0289575,51.4103856],[0.0290946,51.4103791],[0.0291817,51.4103748],[0.0293105,51.4103616],[0.0293852,51.4103497],[0.029551,51.4103192],[0.029735,51.4102705],[0.029863,51.4102312],[0.0299968,51.4101861],[0.0305157,51.4099431],[0.0306769,51.4098804],[0.0308494,51.4098239],[0.030988,51.4097859],[0.0314624,51.409692],[0.0318669,51.4096504]],[[0.0280493,51.4102388],[0.0280705,51.4102176],[0.0280797,51.4101933],[0.0280761,51.4101685],[0.028062,51.4101477],[0.0280388,51.4101304],[0.0280087,51.4101179],[0.0279796,51.4101121],[0.0279491,51.4101108],[0.0279191,51.4101142],[0.027887,51.4101239],[0.0278606,51.4101389],[0.0278422,51.410158]],[[0.0278422,51.410158],[0.0278336,51.4101779],[0.0278338,51.4101986],[0.0278427,51.4102185],[0.0278603,51.4102365],[0.027885,51.4102509]],[[0.0216953,51.4141208],[0.0219916,51.4140902],[0.0222355,51.4140678],[0.0225353,51.4140358],[0.0227006,51.4140073],[0.0228751,51.4139692],[0.0232274,51.413867],[0.0233728,51.4138312],[0.0235367,51.4137974],[0.0239417,51.4137416],[0.0241349,51.4137051],[0.0243158,51.4136667],[0.0245244,51.4136048],[0.0246371,51.4135641],[0.0246942,51.4135418],[0.024739,51.4135195],[0.0247864,51.4134866],[0.0248368,51.4134364],[0.0249164,51.4133216],[0.0249713,51.4132126],[0.0251215,51.4128337],[0.0252296,51.4125894],[0.0252739,51.412489],[0.0255159,51.4119246],[0.0255338,51.4118933],[0.0255548,51.4118566],[0.0256044,51.411778],[0.0256663,51.4117002],[0.0257794,51.4115982],[0.0258641,51.4115425],[0.0259682,51.4114967],[0.0261158,51.4114477],[0.02633,51.4113848],[0.0266763,51.4112787],[0.0267991,51.411232],[0.0269034,51.4111795],[0.0269517,51.4111437],[0.0274569,51.4107886],[0.0274994,51.4107516],[0.0275572,51.4107075],[0.0275811,51.4106876],[0.0275994,51.4106688],[0.0276461,51.4106092],[0.0278119,51.4103249],[0.0278485,51.4102879],[0.027885,51.4102509]],[[0.0213154,51.4141526],[0.0216232,51.4141268],[0.0216953,51.4141208]],[[0.021231,51.414161],[0.0213154,51.4141526]],[[0.0206996,51.414199],[0.021231,51.414161]],[[0.0188582,51.4147247],[0.0189884,51.414683],[0.0192844,51.4145787],[0.0196499,51.4144294],[0.0198875,51.4143407],[0.0199788,51.4143049],[0.0200527,51.4142765],[0.0201578,51.4142401],[0.0202866,51.414219],[0.0204617,51.4142075],[0.0206996,51.414199]],[[0.0187236,51.4147506],[0.0187817,51.4147472],[0.0188582,51.4147247]],[[0.0187236,51.4147506],[0.0186484,51.4147283],[0.0186101,51.4147114]],[[0.0186101,51.4147114],[0.0185863,51.4147003],[0.0185445,51.4146807]],[[0.0155565,51.3882594],[0.0174535,51.3882662]],[[0.0155565,51.3882594],[0.0155463,51.3875643],[0.0155263,51.3868524],[0.0155242,51.3864849],[0.015509,51.3864096],[0.0154401,51.3863372],[0.0147788,51.3856177],[0.0143865,51.3852377],[0.0139975,51.3848433],[0.0136664,51.3844942],[0.0133822,51.3842007],[0.0130319,51.383839]],[[0.0130319,51.383839],[0.0128551,51.3836479]],[[0.0128551,51.3836479],[0.0123437,51.3831379],[0.012112,51.3827468]],[[0.0052654,51.3820997],[0.0056482,51.3820031],[0.0059571,51.3819495],[0.0060139,51.3819396],[0.0071094,51.382133],[0.0074681,51.3821964],[0.0082062,51.3823368],[0.0086689,51.3824487],[0.0096375,51.3826946],[0.0108391,51.3828928],[0.0111318,51.3828789],[0.0115172,51.3828606],[0.012112,51.3827468]],[[0.0048069,51.3817546],[0.0050981,51.381926],[0.0052654,51.3820997]],[[0.027654,51.3097974],[0.0263455,51.3100336]],[[0.0292388,51.3130793],[0.0289846,51.3128441],[0.0288737,51.3126476],[0.0288232,51.3125454],[0.0281258,51.3110085],[0.027919,51.3105188],[0.0276793,51.3098645],[0.027654,51.3097974]],[[0.0388979,51.3673099],[0.0389032,51.3673924],[0.0389166,51.367559],[0.0389651,51.3676025]],[[0.0389651,51.3676025],[0.0389785,51.3677289],[0.0390564,51.368329],[0.0390696,51.3684949],[0.0391023,51.3689449],[0.0391279,51.3692887],[0.0391462,51.3694688],[0.0391485,51.3695275],[0.0391508,51.3695863],[0.0391546,51.3696146],[0.0391797,51.369919],[0.0392462,51.3707867],[0.0393386,51.3719914],[0.0393424,51.3720432],[0.0393612,51.372252],[0.0394211,51.3731396],[0.0394388,51.3733854],[0.0394569,51.3736297],[0.0394837,51.3739839],[0.0395019,51.37424],[0.0395095,51.3742844],[0.0395378,51.3744499],[0.0395976,51.3746877],[0.0396914,51.3749591],[0.0397518,51.3751021],[0.0398135,51.3752483],[0.0399626,51.3755438],[0.0402177,51.3759663],[0.0409336,51.3769926],[0.0417271,51.3780944],[0.0418016,51.3781979],[0.0423193,51.3789724],[0.0424821,51.3792159],[0.0425728,51.3792519]],[[0.007846212558286813,51.42251587742822],[0.0080477,51.4224829],[0.008221,51.4224509],[0.0083779,51.4224157],[0.0085321,51.4223731],[0.0095162,51.4220213],[0.0113334,51.4213574],[0.0117855,51.4211952],[0.012233,51.4210359],[0.0123088,51.4210085],[0.0130715,51.4207334],[0.0132233,51.420688],[0.0133708,51.4206528],[0.0136175,51.420622],[0.0137669,51.420612],[0.0139447,51.4206088],[0.0141033,51.42062],[0.0142499,51.4206383],[0.0153491,51.4208351],[0.015736,51.4208754]],[[0.015736,51.4208754],[0.016045,51.4207724],[0.0163748,51.4206261],[0.0166136,51.4205157],[0.0168376,51.4203995],[0.01703,51.4202997],[0.0170562,51.4202857],[0.0172359,51.420177],[0.0173834,51.4200649],[0.017496,51.419988],[0.0176838,51.4198056],[0.0178474,51.419635],[0.017964,51.4195193]],[[0.0257746,51.3954144],[0.0259251,51.3954919],[0.0259783,51.3955193],[0.0269718,51.3959284],[0.0273683,51.3960919],[0.0275085,51.396156],[0.0283477,51.396534],[0.0284873,51.3965994],[0.0288637,51.3967811],[0.0289796,51.3968371],[0.0291639,51.3969447],[0.0294617,51.3971218],[0.030118,51.3975212],[0.0302525,51.3976304],[0.0304184,51.3977965],[0.0305205,51.3978944],[0.0311839,51.3985024],[0.031606,51.3988929],[0.0317559,51.3990461],[0.0318475,51.3991196],[0.0318796,51.3991439],[0.03217,51.3993494]],[[0.03217,51.3993494],[0.0324428,51.3995037],[0.0325813,51.3995764],[0.0327815,51.3996848],[0.0329503,51.3997854],[0.0331991,51.3999047]],[[0.0331991,51.3999047],[0.0333967,51.3999642],[0.0336403,51.4000246],[0.0342579,51.4000329],[0.0348521,51.4001185],[0.0352515,51.4002149],[0.0353706,51.4002776],[0.0354732,51.400366],[0.03573,51.4008445],[0.0357362,51.4008531],[0.0357783,51.4009118],[0.0359074,51.4010132]],[[0.0359074,51.4010132],[0.0359844,51.4009254],[0.0362963,51.4003661],[0.0364441,51.4001221],[0.0366585,51.3997422]],[[0.0366585,51.3997422],[0.0367398,51.3995959]],[[0.0367398,51.3995959],[0.0369516,51.3992075]],[[0.0369516,51.3992075],[0.0371184,51.3988867],[0.0373579,51.3984535],[0.0373835,51.3984287]],[[0.0373835,51.3984287],[0.0374253,51.3984184],[0.0374936,51.3984232],[0.0398949,51.3986285],[0.0405846,51.398692]],[[0.0405846,51.398692],[0.0408943,51.3987227],[0.04133,51.3987494],[0.0414992,51.3987569],[0.0415719,51.3987602],[0.0416843,51.3987648],[0.0418513,51.3987759],[0.042263,51.3988032],[0.0422953,51.3988047],[0.0434456,51.3988655],[0.044078,51.3988926],[0.0443999,51.3989088],[0.0448406,51.3989242],[0.0457927,51.3989824],[0.0458514,51.3989979]],[[0.0446605,51.3899161],[0.0446292,51.3899737],[0.0446013,51.3900482],[0.0445918,51.3901115],[0.0445985,51.3901815],[0.04465,51.3903542],[0.0447142,51.390562],[0.0448222,51.3909224],[0.0448538,51.3910196],[0.0449116,51.3912248],[0.0449874,51.3914837],[0.0450067,51.3915429],[0.0450403,51.3916842],[0.0450546,51.3917666],[0.0450649,51.3918966],[0.0450801,51.3922202],[0.0450926,51.3925885],[0.0450931,51.3927122],[0.0451081,51.3931986],[0.0451114,51.3933849],[0.0451057,51.393495],[0.0450962,51.3937263],[0.0451115,51.393841],[0.0451349,51.3939439],[0.0451708,51.3940927],[0.0452197,51.3942521],[0.0452585,51.3943838],[0.045295,51.394487],[0.0453154,51.3945818],[0.0453192,51.3947883],[0.0453178,51.3949327],[0.0453244,51.3950753],[0.0453394,51.3953389],[0.0453528,51.3954089],[0.0453729,51.3954855],[0.0454441,51.3956369],[0.04551,51.3957415],[0.04557,51.3958041],[0.0456435,51.3958666],[0.045732,51.3959408],[0.0458151,51.396004],[0.0458781,51.3960654],[0.0459516,51.3961655],[0.0459974,51.3962565],[0.046027,51.3963575],[0.0460328,51.3964286],[0.0460548,51.3966426],[0.0460759,51.3968827],[0.0460782,51.3969571]],[[0.0422809,51.3892166],[0.0423101,51.3891531],[0.0423464,51.3890885],[0.0423476,51.3889785],[0.0422873,51.3888546],[0.0421859,51.3886281],[0.0421307,51.388485],[0.0420678,51.3882824],[0.0420633,51.3881287],[0.0420803,51.3879867],[0.0421035,51.3878981],[0.0421269,51.3878429],[0.042169,51.3877761],[0.0422049,51.3877394],[0.0422902,51.3876727],[0.0423605,51.3876377],[0.0424952,51.3875851],[0.0427512,51.3874917],[0.0429409,51.3874012],[0.0430014,51.3873521],[0.0430458,51.3873014],[0.043075,51.3872479],[0.0430868,51.3871842],[0.043081,51.3871032],[0.0430502,51.3870048],[0.0430023,51.3868515],[0.042979,51.3867795],[0.0429311,51.3866688],[0.0428749,51.3864807],[0.0428545,51.3863661],[0.0428405,51.3862537],[0.0428395,51.3861919],[0.0428453,51.3861325],[0.0428311,51.3859984],[0.0428167,51.3857214],[0.0428154,51.385599],[0.0428087,51.3855341],[0.0428067,51.3854573],[0.0428077,51.385369],[0.0428332,51.3850849],[0.0428823,51.3846669],[0.0428818,51.3845954],[0.0428601,51.384541],[0.0428323,51.3844923],[0.0425509,51.3841054],[0.0423859,51.3839073],[0.0423309,51.3838577],[0.0422493,51.3838032],[0.0421525,51.3837659],[0.0417403,51.3836232],[0.0415945,51.3835738],[0.0413344,51.3834904],[0.0408593,51.383339],[0.0407708,51.3833122],[0.0406177,51.3832659],[0.0402295,51.3831432],[0.0401171,51.3830989],[0.0400527,51.3830768],[0.0400421,51.3830733],[0.0399853,51.3830545],[0.0399065,51.383016]],[[0.0554588,51.3674739],[0.0556229,51.3673496],[0.0556591,51.367334],[0.0557171,51.367309],[0.0557497,51.3672949],[0.055854,51.3672479],[0.0559431,51.3671875],[0.0561395,51.3670412],[0.0559816,51.3668934]],[[-0.0129637,51.3812368],[-0.0128794,51.381279],[-0.0128599,51.3812918],[-0.0128214,51.381321],[-0.0127211,51.3813849],[-0.0126091,51.3814486],[-0.0125025,51.3815003],[-0.0123645,51.3815549],[-0.0122915,51.381581],[-0.01221,51.3816058],[-0.0120686,51.3816443],[-0.0119223,51.3816829],[-0.0117716,51.3817222],[-0.0116219,51.3817612],[-0.0114657,51.3818016],[-0.0112969,51.3818459],[-0.0110947,51.381896],[-0.0106441,51.3820119],[-0.0104391,51.3820644],[-0.0103201,51.382093],[-0.0102458,51.3821099],[-0.0101913,51.3821215],[-0.0100858,51.3821403],[-0.0100005,51.3821536],[-0.0099096,51.382165],[-0.0098043,51.3821756],[-0.0096912,51.3821859],[-0.0095549,51.3821957],[-0.0094408,51.3821998],[-0.0093323,51.3822004],[-0.0092535,51.3821992],[-0.0091748,51.3821964],[-0.0090393,51.3821882],[-0.0088752,51.3821738],[-0.0087609,51.3821601],[-0.0086096,51.3821367],[-0.0085071,51.3821181],[-0.008379,51.3820907],[-0.008252,51.3820593],[-0.0081441,51.382029],[-0.0079875,51.381978],[-0.007803,51.3819092],[-0.0076511,51.3818501],[-0.0075455,51.3818125],[-0.0074601,51.3817871],[-0.0072809,51.381746],[-0.0070923,51.3817269],[-0.0069224,51.3817369],[-0.0067772,51.3817538],[-0.0065433,51.3818056],[-0.0053355,51.382247],[-0.0043051,51.3826069],[-0.0038065,51.3827913],[-0.0032478,51.3830453],[-0.0028646,51.3832284],[-0.0025335,51.383455],[-0.0021654,51.3837539],[-0.0014937,51.3843939],[-0.0000671999999999999,51.38572],[0.00017749999999999998,51.3859473],[0.0002672,51.3860307],[0.0005774,51.3863191],[0.0006733,51.3864083],[0.0009074,51.3866258],[0.0009851,51.3866981],[0.0012241,51.3869202],[0.0023663,51.3879819],[0.0025275,51.3880787],[0.0026734,51.3881174]],[[-0.0129637,51.3812368],[-0.0130108,51.381303],[-0.013017,51.3813169],[-0.013021,51.3813377],[-0.0130212,51.3813592],[-0.0130073,51.3815148],[-0.012987,51.3816877],[-0.0129702,51.3818545]],[[-0.0129702,51.3818545],[-0.0129019,51.3823838],[-0.0128748,51.3825535],[-0.0128387,51.3827097],[-0.0128245,51.3827475],[-0.0128061,51.3827822],[-0.0127817,51.3828136],[-0.0127518,51.3828413],[-0.0127152,51.3828667],[-0.0126688,51.3828919],[-0.0126078,51.3829176],[-0.0125413,51.3829432],[-0.0124631,51.3829717],[-0.0123157,51.3830239],[-0.0121114,51.3830926],[-0.0116289,51.3832499],[-0.0113768,51.3833287],[-0.0110317,51.3834301],[-0.0104775,51.3835985],[-0.0100406,51.383731],[-0.0097639,51.3838171],[-0.0096771,51.3838481],[-0.0095963,51.3838821],[-0.0095315,51.383916],[-0.0094795,51.3839506],[-0.0094411,51.3839909],[-0.0094116,51.3840335],[-0.0093891,51.3840806],[-0.0093727,51.3841307],[-0.0093627,51.3841856],[-0.0093575,51.384251],[-0.0093587,51.3843158],[-0.0093677,51.3843775],[-0.0093818,51.3844442],[-0.0094117,51.3845472],[-0.0096387,51.3852299],[-0.0100123,51.3862643],[-0.0101177,51.3865665],[-0.0101757,51.3867434],[-0.010292,51.3870848],[-0.0103195,51.387182],[-0.010331,51.3872306],[-0.0103356,51.387275],[-0.0103334,51.3873408],[-0.0103198,51.387444]],[[-0.0103907,51.3875798],[-0.0103198,51.387444]],[[-0.0125769,51.3920774],[-0.0124818,51.3918776],[-0.0123297,51.3915491],[-0.0114135,51.3900486],[-0.011033,51.3894283],[-0.0108475,51.3891269],[-0.0107833,51.3889886],[-0.0104561,51.3877886],[-0.0104157,51.3876457],[-0.0103907,51.3875798]],[[-0.0159199,51.397536],[-0.0154811,51.3963151],[-0.0154331,51.396169],[-0.0153858,51.3960502],[-0.015349,51.3959659],[-0.0152867,51.395844],[-0.0150941,51.3955307],[-0.0148755,51.3952646],[-0.0144786,51.3948102],[-0.013437,51.3936044],[-0.0130802,51.3930375],[-0.0125769,51.3920774]],[[-0.0178764,51.3990838],[-0.0177436,51.3990313],[-0.0176795,51.3990059],[-0.0176428,51.3989912],[-0.0175165,51.398941],[-0.0174198,51.3989062],[-0.0173043,51.3988685],[-0.0171266,51.3988181],[-0.0170179,51.3987904],[-0.0169008,51.3987638],[-0.0167631,51.3987367],[-0.0165767,51.3987055],[-0.0165068,51.3986926],[-0.0164669,51.398682],[-0.0164234,51.3986683],[-0.0163832,51.3986504],[-0.0163452,51.3986196],[-0.0163248,51.3985906],[-0.0163113,51.3985573],[-0.0162608,51.3984045],[-0.0159199,51.397536]],[[-0.0178764,51.3990838],[-0.0178952,51.3990708],[-0.0179398,51.3990496],[-0.0179979,51.3990346],[-0.0180536,51.3990319],[-0.0181534,51.399043]],[[-0.0181534,51.399043],[-0.0181682,51.3990494],[-0.0182295,51.399075],[-0.0182606,51.3991089],[-0.0182732,51.3991414],[-0.0182752,51.3991774]],[[-0.0222156,51.3982226],[-0.0220515,51.3982461],[-0.0215905,51.3983602],[-0.0210306,51.3985335],[-0.0203844,51.3987496],[-0.0201311,51.3988395],[-0.019951,51.3988882],[-0.0198267,51.3989287],[-0.0197075,51.3989654],[-0.0195499,51.3990043],[-0.0193894,51.3990442],[-0.0191781,51.3991006],[-0.0191259,51.3991095],[-0.019052,51.399122],[-0.0187976,51.3991619],[-0.0187047,51.3991747],[-0.0186178,51.3991866],[-0.0185781,51.3991906],[-0.0185648,51.3991908],[-0.0185312,51.3991906],[-0.0184704,51.3991877],[-0.0182752,51.3991774]],[[-0.0225056,51.3981934],[-0.0222156,51.3982226]],[[-0.0287645,51.3966813],[-0.0278912,51.3968868],[-0.027249,51.3970574],[-0.0260201,51.3973883],[-0.0255741,51.3974991],[-0.0245136,51.3977616],[-0.0232411,51.3980706],[-0.0229947,51.3981118],[-0.0225056,51.3981934]],[[-0.0294075,51.4064748],[-0.029434,51.4063345],[-0.0294477,51.406252],[-0.0294981,51.4059489],[-0.0295138,51.4058388],[-0.029542,51.4056419],[-0.0295559,51.4055534],[-0.0295791,51.4053119],[-0.0295829,51.4050967],[-0.0295902,51.4049965],[-0.0296038,51.404906],[-0.0296253,51.4048179],[-0.0296517,51.4047362],[-0.0296823,51.4046617],[-0.0297182,51.4045799],[-0.0298631,51.4042612],[-0.0298966,51.4041831],[-0.0299251,51.4041039],[-0.0300267,51.4037503],[-0.0301029,51.4035227],[-0.0301606,51.4033681],[-0.0302113,51.4032496],[-0.0302782,51.4031109],[-0.0303999,51.4028594],[-0.0305591,51.4025309],[-0.0306652,51.4022852],[-0.0307111,51.4021763],[-0.0307501,51.4020583],[-0.0307804,51.401943],[-0.030809,51.4017811],[-0.0308561,51.4015141],[-0.0308601,51.4014527],[-0.0308647,51.4013756],[-0.0308636,51.4012406],[-0.0308394,51.4011011],[-0.0308085,51.4008337],[-0.0306825,51.4002887],[-0.0305653,51.3997882],[-0.0305512,51.3997463],[-0.0304842,51.3993924],[-0.0304022,51.3990877],[-0.0303171,51.39884],[-0.0302533,51.3986999],[-0.0301681,51.3985639],[-0.0299444,51.3982703],[-0.0297642,51.3980247],[-0.029694,51.3979387],[-0.0288514,51.3967989],[-0.0287645,51.3966813]],[[-0.0318154,51.4068819],[-0.0318426,51.4068576],[-0.0318836,51.4068395],[-0.0319315,51.4068304],[-0.0320013,51.4068279],[-0.0320673,51.4068386],[-0.0321074,51.4068544],[-0.0321416,51.4068727]],[[-0.0321416,51.4068727],[-0.0321645,51.4069041],[-0.0321718,51.4069381],[-0.0321655,51.406989],[-0.0321669,51.4070393],[-0.0321816,51.4070909],[-0.0321991,51.4071298],[-0.0322073,51.4071637],[-0.0322002,51.4071952],[-0.032186,51.4072153]],[[-0.0319104,51.4072487],[-0.031853,51.4073029],[-0.0318296,51.4073304],[-0.031805,51.4073683],[-0.0317855,51.4074091],[-0.031755,51.4074707],[-0.0316906,51.4076423],[-0.0316776,51.4076738],[-0.0315713,51.407881],[-0.031541,51.4079525],[-0.0314271,51.4082197],[-0.0312354,51.4086282],[-0.0310847,51.4089252],[-0.0309618,51.4091983],[-0.0308867,51.4093594],[-0.0308246,51.4094911],[-0.0307576,51.4096199],[-0.0306954,51.4097462],[-0.0305586,51.4099871],[-0.0304931,51.4100856],[-0.0304231,51.4101817],[-0.0303648,51.4102609],[-0.0303203,51.4103134],[-0.0301937,51.4104508],[-0.0301393,51.4105079],[-0.0300627,51.4105817],[-0.0299813,51.4106514]],[[-0.0299813,51.4106514],[-0.0300817,51.4106636],[-0.030568,51.4106393],[-0.0306877,51.4106354],[-0.0311193,51.4106276],[-0.0311386,51.4106278],[-0.0313009,51.4106287],[-0.0313679,51.4106308],[-0.031439,51.4106317],[-0.0322449,51.410652],[-0.0326907,51.410712],[-0.0328955,51.4107725],[-0.0330128,51.4108283],[-0.0334932,51.4110751],[-0.0338647,51.4112796]],[[-0.0338647,51.4112796],[-0.0338971,51.4112974],[-0.0340813,51.4114218],[-0.0341785,51.4114968],[-0.0341966,51.4115236]],[[-0.0341966,51.4115236],[-0.0342274,51.4115691],[-0.0342488,51.4116294],[-0.0342485,51.4116762],[-0.0342478,51.4117549],[-0.034213,51.4119182],[-0.0342,51.4120286],[-0.0342747,51.4121808],[-0.0342919,51.4122133],[-0.0344173,51.412324],[-0.0346524,51.4124382],[-0.0348409,51.4125363],[-0.034948,51.4126367],[-0.034978,51.4127494],[-0.034986,51.4128808],[-0.0349697,51.4131918],[-0.0349673,51.4134141],[-0.0349622,51.4136414],[-0.0349547,51.413744],[-0.0349553,51.413793],[-0.0349584,51.4138372]],[[-0.0349584,51.4138372],[-0.0348603,51.4138414],[-0.034743,51.4138568],[-0.0346524,51.4138776],[-0.0345881,51.4138958]],[[-0.0345881,51.4138958],[-0.0343062,51.4139763]],[[-0.0343062,51.4139763],[-0.0337983,51.4141156],[-0.0332562,51.4142696]],[[-0.0338334,51.4157975],[-0.0338305,51.4156849],[-0.0337916,51.4153339],[-0.0337462,51.4152059],[-0.0336776,51.4149856],[-0.0335808,51.4147932],[-0.0334383,51.4145554],[-0.0333718,51.4144597],[-0.0332971,51.4143418],[-0.0332724,51.4143194],[-0.0332562,51.4142696]],[[-0.0338288,51.4159571],[-0.0338334,51.4157975]],[[-0.033546,51.4169132],[-0.0335676,51.4168648],[-0.0336944,51.4165884],[-0.0337822,51.4163034],[-0.0338235,51.4160882],[-0.0338288,51.4159571]],[[-0.0277667,51.4157884],[-0.027882,51.4158098],[-0.0283657,51.4159213],[-0.0287586,51.4160072],[-0.0296623,51.4161681],[-0.0298447,51.4162041],[-0.0299445,51.4162199],[-0.0304407,51.4163087],[-0.0305411,51.4163322],[-0.0307626,51.4163748],[-0.0313909,51.4164956],[-0.0320435,51.4166211],[-0.0334853,51.4169032],[-0.033546,51.4169132]],[[-0.02614,51.4192236],[-0.0262893,51.4189082],[-0.0264588,51.4185503],[-0.0265384,51.4183823],[-0.026682,51.418079],[-0.0269376,51.4175392],[-0.0270303,51.4173495],[-0.0276022,51.4161358],[-0.0276512,51.4160323],[-0.0277561,51.4158109],[-0.0277667,51.4157884]],[[-0.027089,51.4224545],[-0.0269715,51.4223964],[-0.0268714,51.4223395],[-0.0268181,51.4223031],[-0.0267562,51.4222519],[-0.0266551,51.4221598],[-0.0265548,51.4220718],[-0.0264588,51.4219796],[-0.0264011,51.4219148],[-0.0262962,51.4217823],[-0.0262235,51.4216943],[-0.0261428,51.4215794],[-0.0260621,51.4214557],[-0.0260049,51.4213533],[-0.0259534,51.4212456],[-0.025891,51.4211072],[-0.0258484,51.4209999],[-0.025813,51.4208953],[-0.0257878,51.4208038],[-0.0257667,51.4207039],[-0.0257498,51.4205748],[-0.025743,51.4204835],[-0.0257453,51.420377],[-0.0257565,51.4202714],[-0.0257775,51.4201508],[-0.0258111,51.4200049],[-0.0258464,51.4198925],[-0.0258874,51.4197819],[-0.0259345,51.4196739],[-0.02614,51.4192236]],[[-0.0271611,51.4224862],[-0.027089,51.4224545]],[[-0.030731,51.4237392],[-0.0306082,51.4236971],[-0.0304407,51.4236394],[-0.0303063,51.4235951],[-0.030205,51.423562],[-0.030026,51.4235035],[-0.0295501,51.4233461],[-0.0291018,51.4231959],[-0.0287131,51.4230652],[-0.028351,51.4229424],[-0.0281168,51.4228599],[-0.0278691,51.4227721],[-0.0276543,51.4226912],[-0.0274438,51.4226062],[-0.027337,51.4225616],[-0.0271611,51.4224862]],[[-0.0308515,51.4237822],[-0.030731,51.4237392]],[[-0.031812,51.4247268],[-0.0317916,51.4246328],[-0.031758,51.4245165],[-0.0317344,51.4244543],[-0.0316917,51.4243706],[-0.0316269,51.4242694],[-0.0315619,51.4241904],[-0.0315275,51.4241569],[-0.0314761,51.4241142],[-0.0314043,51.4240649],[-0.0313288,51.4240191],[-0.0312089,51.4239533],[-0.0310845,51.423889],[-0.030939,51.4238186],[-0.0308882,51.4237963],[-0.0308515,51.4237822]],[[-0.03198391059578869,51.42553827352462],[-0.0319312,51.425293],[-0.0318262,51.4247874],[-0.031812,51.4247268]],[[-0.0604926,51.4182897],[-0.0605302,51.4182563],[-0.0605447,51.4182432],[-0.0607646,51.4180702],[-0.0609805,51.4179375],[-0.061263,51.4177487]],[[-0.061263,51.4177487],[-0.0618033,51.4174636],[-0.0619193,51.4174044],[-0.0619555,51.4173833],[-0.0619852,51.4173594],[-0.0621449,51.417193],[-0.0622079,51.4171315],[-0.0623769,51.4169776],[-0.0627391,51.416628],[-0.0627784,51.416594],[-0.062807,51.416572],[-0.0628585,51.4165441],[-0.062975,51.4164932],[-0.0630919,51.4164534],[-0.0631847,51.4164216],[-0.0632995,51.4163854],[-0.0634829,51.4163356],[-0.0635119,51.4163282],[-0.0637076,51.4162783],[-0.0643689,51.4161414],[-0.0650934,51.415978],[-0.0654397,51.4159147],[-0.0659818,51.4158133]],[[-0.0659818,51.4158133],[-0.0661701,51.4157667],[-0.0662813,51.4157352],[-0.0664394,51.4156807],[-0.0665369,51.4156372],[-0.0666196,51.4155933],[-0.0667114,51.4155374],[-0.0668348,51.4154408],[-0.0669448,51.4153394],[-0.0669949,51.4152813],[-0.0670918,51.4151359],[-0.0672255,51.4148571],[-0.0673831,51.4144541],[-0.0675493,51.4140029],[-0.0676726,51.413667],[-0.0677689,51.413411],[-0.0677921,51.4133504],[-0.0679475,51.4129158]],[[-0.0679475,51.4129158],[-0.0680062,51.412807]],[[-0.0595362,51.4086395],[-0.0594731,51.40855],[-0.0594422,51.4085054],[-0.0594162,51.4084717]],[[-0.0594162,51.4084717],[-0.0592514,51.4082644],[-0.0591005,51.4080545]],[[-0.0591005,51.4080545],[-0.0590464,51.4079776],[-0.0588836,51.4077454],[-0.0587166,51.4075076],[-0.0586144,51.4073714],[-0.0585207,51.4072564],[-0.0584362,51.4071594],[-0.0582745,51.4069871],[-0.0580741,51.4067712],[-0.0578609,51.4065391],[-0.057842,51.4065184],[-0.0576642,51.4063326],[-0.0574608,51.4061136],[-0.0573373,51.4059857],[-0.0572253,51.4058707]],[[-0.0572253,51.4058707],[-0.05712,51.4057485],[-0.0571129,51.4057402],[-0.0569755,51.4055915]],[[-0.0569755,51.4055915],[-0.0563583,51.4049692]],[[-0.0563583,51.4049692],[-0.0557612,51.4043265]],[[-0.0557612,51.4043265],[-0.0556964,51.4042525],[-0.05568,51.4042307]],[[-0.05568,51.4042307],[-0.0554494,51.4040557],[-0.0554372,51.4040464],[-0.0552719,51.4039061],[-0.0551703,51.4038073],[-0.0550723,51.4036334]],[[-0.0550723,51.4036334],[-0.0550135,51.4036009]],[[-0.0550135,51.4036009],[-0.05486,51.403366],[-0.0546124,51.4031041],[-0.054528,51.403013],[-0.0543791,51.4028646],[-0.054162,51.4026494],[-0.0539843,51.4024731],[-0.053363,51.4019546],[-0.053223,51.4018278]],[[-0.0505516,51.4033672],[-0.0508069,51.4032294],[-0.0520254,51.4025468],[-0.0521574,51.4024648],[-0.0522841,51.4023862],[-0.052646,51.4021572],[-0.0529012,51.4020127],[-0.0531263,51.4018782],[-0.0531428,51.4018683],[-0.053223,51.4018278]],[[-0.0499656,51.4037525],[-0.050031,51.4037393],[-0.0500975,51.4037617],[-0.0502223,51.4038496],[-0.0502615,51.403868],[-0.0503031,51.4038753],[-0.0503578,51.403871],[-0.0504076,51.4038563],[-0.0506965,51.4037012],[-0.0507247,51.4036732],[-0.0507316,51.4036494],[-0.0507275,51.4036183],[-0.0507055,51.4035878],[-0.0505752,51.4034952],[-0.0505423,51.403457],[-0.0505382,51.4034163],[-0.0505516,51.4033672]],[[-0.0487797,51.4044031],[-0.0499656,51.4037525]],[[-0.0480322,51.4048239],[-0.0484416,51.4046006],[-0.0487797,51.4044031]],[[-0.0478303,51.4049725],[-0.0479739,51.4048784],[-0.0480322,51.4048239]],[[-0.0429095,51.4091401],[-0.042941,51.4090703],[-0.042978,51.4089999],[-0.043027,51.4089327],[-0.0430565,51.4088963],[-0.0431569,51.4087723],[-0.0432477,51.4086553],[-0.0432816,51.4086117],[-0.0434537,51.4083998],[-0.0435752,51.4082582],[-0.0437749,51.4080444],[-0.0440089,51.4078071],[-0.0444231,51.4074202],[-0.0445127,51.4073226],[-0.0447729,51.4070346],[-0.0448547,51.4069573],[-0.0449317,51.406899],[-0.0450564,51.4068043],[-0.0453693,51.406575],[-0.045432,51.406529],[-0.0457624,51.4063157],[-0.0457897,51.406298],[-0.0462497,51.4059684],[-0.0463495,51.4059097],[-0.04678,51.4056398],[-0.0469292,51.4055447],[-0.0473948,51.4052642],[-0.0476154,51.4051121],[-0.0478303,51.4049725]],[[-0.0428628,51.409252],[-0.0429095,51.4091401]],[[-0.0249831,51.4102662],[-0.0250943,51.409917],[-0.0251538,51.4097255],[-0.0251661,51.4096877],[-0.0251867,51.4096216],[-0.025194,51.4095767],[-0.0251956,51.4095331],[-0.0251911,51.4094907],[-0.0251501,51.4092715],[-0.0250826,51.4089245],[-0.0250689,51.4088272]],[[-0.0249831,51.4102662],[-0.0249529,51.4103607],[-0.0249458,51.4104028],[-0.0249455,51.4104475],[-0.0249488,51.4105095],[-0.0249755,51.4107535],[-0.0249907,51.410843]],[[-0.0249907,51.410843],[-0.0250262,51.4110744]],[[-0.0250262,51.4110744],[-0.0250889,51.4112711],[-0.0250984,51.4113099],[-0.0251211,51.4114033],[-0.025117,51.4115062],[-0.0251147,51.4115637],[-0.0250716,51.4117211],[-0.0249912,51.4118623],[-0.024895,51.4120328],[-0.0248129,51.412143],[-0.0246529,51.4123716],[-0.0245686,51.4124771],[-0.0243955,51.4126751],[-0.0242329,51.4129038],[-0.0241624,51.4130342]],[[-0.0241624,51.4130342],[-0.0241539,51.4130535]],[[-0.0241539,51.4130535],[-0.0241486,51.4130679],[-0.024144,51.4130959],[-0.0241454,51.4131221],[-0.0241586,51.413219]],[[-0.0241586,51.413219],[-0.0240302,51.4132061]],[[-0.0240302,51.4132061],[-0.0239711,51.4132016]],[[-0.0239711,51.4132016],[-0.02391,51.4131944],[-0.0238789,51.4131908]],[[-0.0238789,51.4131908],[-0.0238005,51.4131834]],[[-0.0238005,51.4131834],[-0.0234694,51.4131521],[-0.0232436,51.4131315],[-0.0230217,51.4131112],[-0.0228237,51.4130916],[-0.0226083,51.4130703],[-0.0223511,51.4130455],[-0.0218843,51.4130028],[-0.0215628,51.412969],[-0.0215098,51.4129634],[-0.021375,51.4129493],[-0.0213103,51.4129427],[-0.0212424,51.4129358],[-0.0209717,51.4129081],[-0.0206101,51.4128712],[-0.0204262,51.4128535],[-0.020271,51.4128386],[-0.0198943,51.4128023],[-0.0198581,51.412799],[-0.0197682,51.4127907],[-0.0195396,51.4127698],[-0.0195246,51.4127684],[-0.0192001,51.4127389],[-0.0189062,51.412709],[-0.0186608,51.4126844],[-0.0177145,51.4125945],[-0.0164266,51.4124775],[-0.0159856,51.4124334],[-0.0150434,51.4123712],[-0.0146637,51.4123567],[-0.0144497,51.4123453],[-0.0143836,51.4123426],[-0.0134513,51.4123148],[-0.0130151,51.4123008],[-0.0128095,51.4122945],[-0.0126018,51.4122903],[-0.012468,51.4122857],[-0.0120641,51.4122785],[-0.0119946,51.4122768],[-0.0116156,51.4122823],[-0.0110625,51.4122892],[-0.0108033,51.4122943],[-0.0107562,51.4122927],[-0.010481,51.4122952],[-0.0103341,51.4122966],[-0.0101565,51.4123092],[-0.0099942,51.4123402],[-0.0098096,51.4124227],[-0.0096466,51.4125132],[-0.0095116,51.4126038],[-0.0094126,51.4126915],[-0.0092732,51.4128293],[-0.0091918,51.4130052]],[[-0.0091918,51.4130052],[-0.0091299,51.4129865],[-0.0090644,51.4129514],[-0.0090386,51.4129039],[-0.0086753,51.4122493],[-0.0085199,51.4120183],[-0.0083123,51.4117414],[-0.0078276,51.4111721],[-0.0067112,51.4101453],[-0.0065772,51.4100505],[-0.0061533,51.4098776],[-0.0057532,51.4098149],[-0.0053069,51.4098845],[-0.0051096,51.4099492],[-0.005096,51.4099515]],[[-0.005096,51.4099515],[-0.0047553,51.4100642],[-0.0044919,51.4101831]],[[-0.0044919,51.4101831],[-0.0043191,51.4102424],[-0.0042562,51.4102537],[-0.0041731,51.4102605],[-0.0040418,51.4102364],[-0.0039006,51.4101825],[-0.0037622,51.4101123],[-0.0034945,51.4099162],[-0.0028674,51.4094575],[-0.0025986,51.4093152],[-0.0023967,51.4092464],[-0.0022974,51.4092678],[-0.0022458,51.4092789]],[[-0.0022458,51.4092789],[-0.0024055,51.409433],[-0.0039647,51.4108689],[-0.0043737,51.4112926],[-0.0046852,51.4116404],[-0.0051483,51.412192],[-0.0054363,51.4126104]],[[-0.0038615,51.4122895],[-0.0046683,51.4124501],[-0.0052332,51.4125991],[-0.005353,51.4126155],[-0.0054363,51.4126104]],[[-0.0034532,51.4122653],[-0.0038615,51.4122895]],[[0.0011408,51.4120459],[0.0009613,51.4121196],[0.0004804,51.4122447],[0.0003315,51.4122839],[-0.000007899999999999975,51.4123632],[-0.0001279,51.4123912],[-0.0009604,51.4124501],[-0.0017436,51.4123659],[-0.002205,51.4123163],[-0.0031405,51.4122467],[-0.0034532,51.4122653]],[[0.0011408,51.4120459],[0.0014235,51.4118602],[0.0019157,51.4114289],[0.0030479,51.4102177],[0.0042495,51.4090399],[0.0055848,51.4078145],[0.0058212,51.4076023],[0.0059773,51.4074621],[0.0061092,51.4073531],[0.0061267,51.4073342],[0.0061386,51.4073163],[0.0061491,51.4072985],[0.0061653,51.4072572],[0.00617,51.4072155]],[[0.0053333,51.3988357],[0.0055998,51.3987317],[0.0057007,51.39867],[0.0059692,51.3984889],[0.0062054,51.3983295],[0.0065565,51.3980889],[0.0067851,51.3979224],[0.0069135,51.3978289],[0.0069317,51.3978102],[0.007324,51.397407],[0.0076338,51.397082],[0.0079033,51.3968004],[0.0080767,51.3966173],[0.0081935,51.3965034],[0.0084767,51.3962951],[0.00871,51.3961262],[0.0088942,51.395996],[0.0091317,51.395859]],[[-0.0002088,51.401046],[-0.0000638,51.4010167],[0.0019063000000000003,51.4002287],[0.0042653,51.3992683],[0.0053333,51.3988357]],[[-0.0002088,51.401046],[-0.0000969,51.4013876],[-0.000055,51.4014605],[0.0000376,51.4015497],[0.0001629,51.401622],[0.0010188,51.4019467],[0.0014583,51.4021063],[0.0016972,51.4022043],[0.0019115,51.4023289],[0.0021049,51.4024385],[0.0023097,51.4025287],[0.0024744,51.4025909],[0.0026192,51.402626],[0.0027924,51.4026542],[0.0029873,51.4026762],[0.0032569,51.4026916],[0.0035025,51.4026961],[0.0038593,51.4027027],[0.0041574,51.4027092],[0.0042882,51.4027143],[0.0043777,51.4027236],[0.0044605,51.4027418],[0.0045678,51.4027799],[0.0046894,51.4028326]],[[0.0010022,51.4055348],[0.0010703,51.4055181],[0.0011071,51.4055078],[0.0011438,51.4054974],[0.0012209,51.4054688],[0.0012808,51.4054389],[0.0013269,51.4054037],[0.0014476,51.4053],[0.0035292000000000006,51.4036101],[0.0036338,51.4035253],[0.0037696,51.4034138],[0.0040546,51.4032042],[0.0043811,51.4030247],[0.0046894,51.4028326]],[[-0.0014402,51.4030395],[-0.0009363,51.4032967],[-0.000623,51.4034653],[-0.0004897,51.4035453],[-0.0003836,51.4036432],[-0.0002779,51.4037624],[-0.0001957,51.4038712],[-0.0001197,51.4039631],[-0.0000145,51.4040505],[0.000118,51.4041461],[0.0002766,51.4042519],[0.0004088,51.4043373],[0.000494,51.404396],[0.0005692,51.4044637],[0.0006343,51.4045315],[0.0006709,51.4046056],[0.0007355,51.4046817],[0.0007652,51.4047477],[0.0007861,51.4048053],[0.0008338,51.4049498],[0.0008769,51.405051],[0.0010022,51.4055348]],[[-0.0057813,51.4050582],[-0.0049783,51.4047719],[-0.004636,51.404635],[-0.0041692,51.4044484],[-0.0039149,51.4043467],[-0.0037149,51.4042667],[-0.0036976,51.4042598],[-0.003246,51.4040096],[-0.002811,51.4037685],[-0.0024082,51.4035467],[-0.0022163,51.403439],[-0.0021613,51.4034085],[-0.0014402,51.4030395]],[[-0.007084,51.402364],[-0.0069965,51.402539],[-0.0066496,51.4030656],[-0.0063363,51.403535],[-0.0061443,51.4038399],[-0.0061018,51.4039401],[-0.0059961,51.404252],[-0.0059747,51.4044005],[-0.0059676,51.4046214],[-0.0059317,51.4047242],[-0.0058,51.405016],[-0.0057813,51.4050582]],[[-0.007084,51.402364],[-0.0094887,51.4033014],[-0.0098409,51.4034634],[-0.0105155,51.4039122],[-0.0107992,51.4041109],[-0.0110868,51.4042786],[-0.012282,51.4048658],[-0.0137304,51.4056697],[-0.0141306,51.4058378],[-0.0147815,51.4061],[-0.0148708,51.4061372],[-0.0149111,51.4061601],[-0.0149428,51.4061879],[-0.0149615,51.4062144],[-0.0149744,51.406249],[-0.0149809,51.4062805],[-0.0149821,51.4063295]],[[-0.0311664,51.3960105],[-0.0309205,51.3960738],[-0.0306102,51.3961652],[-0.0298865,51.396365],[-0.0293989,51.3965028],[-0.0289274,51.3966355],[-0.0287645,51.3966813]],[[-0.0410798,51.3991929],[-0.0410234,51.3991352],[-0.0409727,51.3990862],[-0.0409346,51.3990494],[-0.040447,51.3989795],[-0.0403651,51.3989655],[-0.0402358,51.3989314],[-0.0402257,51.3989282],[-0.0397684,51.3987824],[-0.0393376,51.398633],[-0.0385359,51.3983529],[-0.0373524,51.3979373],[-0.0369619,51.3978033],[-0.0365503,51.3976606],[-0.0360935,51.3974987],[-0.0349361,51.3970978],[-0.0340741,51.3967998],[-0.0333982,51.396572],[-0.0319953,51.396081],[-0.0318613,51.3960375],[-0.0317977,51.3960197],[-0.0317087,51.3960014],[-0.0316308,51.3959908],[-0.0315461,51.3959853],[-0.0314658,51.3959812],[-0.0313958,51.3959823],[-0.0313307,51.3959859],[-0.0312631,51.395994],[-0.0311664,51.3960105]],[[-0.0410798,51.3991929],[-0.0412981,51.3991084],[-0.0413762,51.3990817],[-0.041474,51.399054],[-0.0415324,51.3990399],[-0.0416111,51.3990208],[-0.0417483,51.3989965],[-0.0418713,51.3989847],[-0.0419028,51.3989834],[-0.0420018,51.3989792],[-0.0421327,51.3989818],[-0.0422537,51.3989883],[-0.0423747,51.3990007]],[[-0.0423747,51.3990007],[-0.0424828,51.3990073],[-0.0425411,51.3990109],[-0.0425569,51.3990111],[-0.0426216,51.399012],[-0.0426968,51.3990055],[-0.0427719,51.3989891],[-0.0427963,51.3989814],[-0.0428432,51.3989667],[-0.0429288,51.3989243],[-0.0429871,51.3988808],[-0.0431161,51.3987874]],[[-0.0431161,51.3987874],[-0.0433821,51.3984239]],[[-0.0433821,51.3984239],[-0.0434725,51.3983638],[-0.0435199,51.398308],[-0.0435784,51.3982779],[-0.0436106,51.3982637],[-0.0436416,51.3982589],[-0.0436776,51.3982577]],[[-0.0436776,51.3982577],[-0.0437138,51.3982697],[-0.043835,51.3983318]],[[-0.043835,51.3983318],[-0.0440101,51.3984241],[-0.0443433,51.398612]],[[-0.0443433,51.398612],[-0.0444807,51.3986569],[-0.0445138,51.3986637],[-0.0445326,51.3986676],[-0.0446031,51.3986741],[-0.0447164,51.3986676]],[[-0.0464714,51.3982989],[-0.046144,51.3983904],[-0.0457473,51.3984904],[-0.0454274,51.3985496],[-0.0453076,51.3985681],[-0.0451837,51.39859],[-0.0447164,51.3986676]],[[-0.0467643,51.3982227],[-0.0466692,51.3982476],[-0.0465171,51.3982873],[-0.0464714,51.3982989]],[[-0.0471117,51.3980997],[-0.0470288,51.3981321],[-0.0469734,51.3981537],[-0.0467643,51.3982227]],[[-0.0471117,51.3980997],[-0.0473247,51.3979648],[-0.0475736,51.3978326],[-0.0478227,51.3977067]],[[-0.047953,51.3973777],[-0.0479138,51.3975547],[-0.0478657,51.3976466],[-0.0478227,51.3977067]],[[-0.048892,51.3966271],[-0.048695,51.3966804],[-0.0484706,51.396746],[-0.0483269,51.3967981],[-0.0481834,51.3968758],[-0.0481101,51.3969529],[-0.0480418,51.3970438],[-0.0479987,51.397144],[-0.0479793,51.3972223],[-0.047953,51.3973777]],[[-0.048892,51.3966271],[-0.0488715,51.3965904],[-0.04887,51.3965623],[-0.0488863,51.3965247],[-0.0489154,51.3964975],[-0.0489645,51.3964735],[-0.0490502,51.3964604],[-0.0491115,51.3964675],[-0.0491677,51.3964885]],[[-0.0504305,51.3951933],[-0.0501985,51.3953737],[-0.0500419,51.395531],[-0.0499341,51.3957423],[-0.049825,51.3959449],[-0.0496779,51.3961095],[-0.0495243,51.3962437],[-0.0493933,51.3963477],[-0.0491677,51.3964885]],[[-0.0507285,51.3949637],[-0.0504305,51.3951933]],[[-0.05179806953955455,51.39401567835794],[-0.051789,51.3940749],[-0.0517324,51.394192],[-0.0516252,51.3943206],[-0.0509518,51.3948068],[-0.0507285,51.3949637]],[[0.0747278,51.4122758],[0.0746299,51.4122202]],[[0.0668693,51.4189106],[0.0668399,51.4189372],[0.0666749,51.4190868]],[[0.0666749,51.4190868],[0.0666018,51.4191513],[0.0664526,51.4192708],[0.0664215,51.4192959],[0.0662292,51.4194508],[0.0661377,51.419512],[0.0652993,51.4200366]],[[0.065173,51.4201068],[0.065233,51.4200735],[0.0652993,51.4200366]],[[0.0609658,51.4228048],[0.0614638,51.4224184],[0.0617466,51.4222086],[0.0620534,51.4220055],[0.062064,51.4219993],[0.0623901,51.4217841],[0.0626736,51.4216066],[0.0630788,51.421362],[0.0634809,51.4211232],[0.0635358,51.421089],[0.0638564,51.4208995],[0.0642509,51.4206682],[0.0646962,51.4204071],[0.0651042,51.4201501],[0.065173,51.4201068]],[[0.05858794533936317,51.42460255852182],[0.0591571,51.4242014],[0.0596239,51.4238727],[0.0598386,51.4237055],[0.0601033,51.4235009],[0.0603547,51.4232945],[0.0609658,51.4228048]],[[0.0873631,51.4011265],[0.087782,51.401178],[0.0881275,51.4010742]],[[0.1114882,51.3951362],[0.1115389,51.3951587],[0.1115922,51.3951763],[0.1116333,51.3951858],[0.111677,51.3951904],[0.1117816,51.3951929]],[[0.1117816,51.3951929],[0.1119525,51.3951862]],[[0.1039378,51.3894048],[0.1016873,51.3897743],[0.0996275,51.3901114],[0.0994156,51.3901482],[0.0992677,51.3901717],[0.0989739,51.3902177],[0.098335,51.3903202],[0.0980897,51.3903531],[0.0979262,51.3903795],[0.0973882,51.3904663],[0.0968209,51.3905579]],[[0.09812075270449792,51.41845259297308],[0.0980555,51.4184375],[0.0979393,51.4184186]],[[0.0979393,51.4184186],[0.0977925,51.4184165]],[[0.0977925,51.4184165],[0.097433,51.4184183],[0.096963,51.4184519],[0.0966331,51.4184772],[0.0963703,51.4184993],[0.0962613,51.4185142],[0.0961444,51.4185335]],[[0.0342638,51.4059531],[0.0341105,51.4059629],[0.034086,51.405969],[0.0340556,51.4059764]],[[0.0340556,51.4059764],[0.0340337,51.4059817],[0.0339234,51.4060046]],[[0.0339234,51.4060046],[0.0336107,51.4060521],[0.0335105,51.4061071]],[[0.0193338,51.4064833],[0.019115,51.4064065],[0.0189921,51.4063776],[0.0189141,51.4063643],[0.0188717,51.4063622],[0.0187981,51.4063631],[0.0187177,51.4063713]],[[0.0185764,51.406307],[0.0187177,51.4063713]],[[-0.0784003,51.4203782],[-0.078377,51.4203225],[-0.0784203,51.4200666],[-0.0784233,51.4200315],[-0.0784276,51.4199952],[-0.0784553,51.4198854]],[[-0.0217364,51.4204143],[-0.0216013,51.4205437],[-0.021476,51.4206637],[-0.0212325,51.4208183],[-0.0210891,51.4208931],[-0.020987603791039346,51.420950715529244]],[[-0.0219244,51.420228],[-0.0218243,51.4203255],[-0.0217513,51.4203993],[-0.0217364,51.4204143]],[[-0.0226526,51.4191931],[-0.0224009,51.4195907],[-0.0222528,51.4198147],[-0.0220616,51.4200756],[-0.0219244,51.420228]],[[-0.0232084,51.4183904],[-0.0230927,51.4185497],[-0.0227539,51.4190456],[-0.0226519,51.4191821],[-0.0226526,51.4191931]],[[-0.0250183,51.4152428],[-0.0248729,51.4155156],[-0.0248574,51.4155413],[-0.0248402,51.4155698],[-0.0247861,51.4156907],[-0.0247043,51.4158736],[-0.0245111,51.4163598],[-0.024464,51.4164785],[-0.0244506,51.4165085],[-0.0243431,51.4167492],[-0.0240217,51.417231],[-0.0237516,51.4175276],[-0.0233911,51.4180308],[-0.0232084,51.4183904]],[[-0.0241586,51.413219],[-0.024176,51.4133032],[-0.0242161,51.4133937],[-0.0242695,51.4135144],[-0.0244653,51.4138964],[-0.0244961,51.4139656],[-0.0248355,51.4146698],[-0.0248683,51.414741],[-0.0249299,51.4148643],[-0.024998,51.4150085],[-0.0250115,51.4151163],[-0.025014,51.4151659],[-0.0250183,51.4152428]],[[-0.0321416,51.4068727],[-0.0322099,51.4068442],[-0.0322707,51.4068156],[-0.0323805,51.4067572],[-0.0324669,51.4067058],[-0.0325855,51.4066248],[-0.0327703,51.4064874],[-0.0328478,51.4064316],[-0.0333083,51.4060968],[-0.0335142,51.405937],[-0.0336212,51.4058442],[-0.0337022,51.4057681],[-0.0337637,51.4057005],[-0.0338138,51.4056356],[-0.0338804,51.4055287],[-0.0339234,51.405413],[-0.0339307,51.4053836],[-0.0339414,51.4053402],[-0.0339454,51.4052992],[-0.033957,51.4051803],[-0.0339745,51.4050373],[-0.0339879,51.4049606],[-0.0339942,51.4049241],[-0.0340307,51.4048278],[-0.0340696,51.4047654],[-0.0341244,51.4047004],[-0.0342058,51.4046192],[-0.0344919,51.4043963],[-0.0347757,51.4041799],[-0.0351127,51.4039674],[-0.0357125,51.4035944],[-0.0357816,51.4035503],[-0.0359145,51.4034658],[-0.0360196,51.4033998],[-0.0363681,51.4031807],[-0.0364032,51.4031583],[-0.036928,51.4028219],[-0.0373578,51.4025556],[-0.0374086,51.4025236],[-0.0376589,51.4023397],[-0.0378005,51.4022271],[-0.0379116,51.402129],[-0.0379756,51.4020694],[-0.0380583,51.4019869],[-0.0382055,51.4018403],[-0.0384323,51.4016143],[-0.0384955,51.4015513],[-0.0386698,51.4013679],[-0.0387918,51.4012444],[-0.0389172,51.4011213],[-0.0390382,51.400996],[-0.0391548,51.400883],[-0.0391669,51.4008697],[-0.0393,51.4007345],[-0.039426,51.4006094],[-0.0395395,51.4004926],[-0.0396698,51.4003671],[-0.0397965,51.4002512],[-0.0399279,51.4001353],[-0.0399344,51.4001223],[-0.0400586,51.4000184],[-0.0402035,51.3998972],[-0.0403332,51.3997797],[-0.040475,51.399667],[-0.040613,51.3995515],[-0.0407488,51.3994361],[-0.040862,51.399342],[-0.0410203,51.3992303],[-0.0410798,51.3991929]],[[-0.0474985,51.3983065],[-0.0473396,51.3982586],[-0.0472581,51.3982187],[-0.0472154,51.398185],[-0.0471117,51.3980997]],[[-0.0477885,51.3983961],[-0.0476205,51.3983485],[-0.0474985,51.3983065]],[[-0.0477885,51.3983961],[-0.0478786,51.3983213],[-0.0479633,51.3982809],[-0.0480474,51.3982659],[-0.048139,51.3982861]],[[-0.0484863,51.3983906],[-0.0483721,51.3983607],[-0.0482359,51.3983119],[-0.048139,51.3982861]],[[-0.0484863,51.3983906],[-0.0485646,51.3983858],[-0.0486436,51.3983757],[-0.0487496,51.3983567]],[[0.1072657,51.3974228],[0.1077835,51.397325],[0.1082081,51.3973499],[0.1083097,51.3973558],[0.1084489,51.397364],[0.1088012,51.3973536],[0.1090284,51.3973253],[0.1093801,51.3972665],[0.1096313,51.3972159],[0.1099598,51.3971431],[0.1101492,51.3971012],[0.11102,51.3969018],[0.1112836,51.3967352],[0.1115297,51.3965797],[0.1121704,51.3963864],[0.1123652,51.3963396]],[[0.1078297,51.382385],[0.1078608,51.3823095]],[[0.1078608,51.3823095],[0.1076729,51.3822056],[0.107496,51.3821024]],[[0.06472632524262611,51.42561099325544],[0.0647298,51.4256054]],[[0.066177,51.4259174],[0.0655773,51.4257888],[0.0655268,51.425778],[0.065449,51.4257611],[0.0647298,51.4256054]],[[0.0723937,51.4244196],[0.0721663,51.4244853],[0.0719075,51.4245834],[0.0713996,51.4247401],[0.0709449,51.4248761],[0.0702914,51.4250774],[0.0702755,51.4250823],[0.0698169,51.425224],[0.0694552,51.4253358],[0.0693333,51.4253735],[0.0690947,51.4254473],[0.0690174,51.4254699],[0.0689909,51.4254777],[0.0688532,51.4255202],[0.0687862,51.42554],[0.0687582,51.4255486],[0.068639,51.4255848],[0.068603,51.4255957],[0.0685554,51.4256102],[0.0685194,51.4256212],[0.068405,51.425656],[0.0683195,51.425682],[0.0682869,51.4256919],[0.068087,51.4257527],[0.0680545,51.4257626],[0.0680249,51.4257716],[0.067987,51.4257831],[0.0679466,51.4257954],[0.0678436,51.425827],[0.0678167,51.4258352],[0.067616,51.4258967],[0.067582,51.4259071],[0.0675361,51.4259212],[0.0673316,51.4259839],[0.0672786,51.4260001],[0.0671811,51.42603],[0.0670824,51.4260474],[0.0669866,51.4260554],[0.0669349,51.4260547],[0.0668873,51.4260539],[0.0668477,51.4260512],[0.0667917,51.4260473],[0.0666538,51.4260218],[0.0665674,51.4260029],[0.066177,51.4259174]],[[0.0723937,51.4244196],[0.0723684,51.4243695],[0.0721582,51.4239748],[0.0719969,51.4237405],[0.0717747,51.4234718],[0.071224,51.4229114],[0.07098,51.4226503],[0.0703214,51.4218734],[0.0699427,51.4214029],[0.0697179,51.4212302],[0.0694512,51.4210478],[0.0690631,51.4207826],[0.0689638,51.4207875]],[[0.0689638,51.4207875],[0.0690249,51.4205058]],[[0.11336152558046535,51.4130150163891],[0.1140577,51.412879],[0.1144842,51.4127985]],[[0.1144842,51.4127985],[0.1154563,51.4126066],[0.1173142,51.412233]],[[0.1173142,51.412233],[0.11982,51.4117402]],[[0.11982,51.4117402],[0.1213422,51.4114547],[0.12365,51.410988],[0.1253127,51.4106614]],[[0.1253127,51.4106614],[0.1254941,51.4106247]],[[0.1254941,51.4106247],[0.1283981,51.410045],[0.1296388,51.4098349],[0.1306655,51.409705],[0.1316945,51.4096107],[0.1328758,51.4095591],[0.1343574,51.4095053],[0.1399393,51.4094915],[0.1407951,51.4094943]],[[0.1407951,51.4094943],[0.1411728,51.4094996]],[[0.1411728,51.4094996],[0.1415113,51.4094999],[0.1428732,51.4094859],[0.143525,51.4094675],[0.1441821,51.409419],[0.1449332,51.4093487],[0.1457351,51.4092366],[0.1467144,51.4090598],[0.1472488,51.4089406],[0.1479158,51.4087832],[0.1487145987499844,51.40854356037501]],[[-0.0759525,51.424208],[-0.0759600374389771,51.42420945524812]],[[-0.0486106,51.3984638],[-0.0485502,51.3984172],[-0.0484863,51.3983906]],[[-0.048139,51.3982861],[-0.0479097,51.39843]],[[-0.0479097,51.39843],[-0.0477885,51.3983961]],[[-0.0743741,51.4259889],[-0.0744642,51.4259763],[-0.0745157,51.4259597],[-0.0745772,51.4259423]],[[-0.0745772,51.4259423],[-0.0745873,51.425922],[-0.0746141,51.4259005],[-0.0746493,51.4258871],[-0.0746881,51.4258821],[-0.07472924136568777,51.425887671226604]],[[-0.0278436,51.3796747],[-0.0278442,51.3796376],[-0.0278334,51.3794916],[-0.02782685659267947,51.37936158164675]],[[-0.0242939,51.3863172],[-0.0244718,51.3861199],[-0.0245979,51.3859726],[-0.0246914,51.38586],[-0.0248283,51.3857035],[-0.0249543,51.3855448],[-0.0250865,51.3853742],[-0.0251811,51.3852314],[-0.0252716,51.3850783],[-0.0253616,51.384933],[-0.0254881,51.3847116],[-0.0257572,51.3841901],[-0.0260056,51.3837012],[-0.0261622,51.3833855],[-0.0262688,51.3831719],[-0.0263567,51.3829993],[-0.0265541,51.3826179],[-0.0268935,51.3819536],[-0.0272415,51.3812819],[-0.0274301,51.3809084],[-0.0275655,51.3806327],[-0.0276081,51.3805273],[-0.0276389,51.3804505],[-0.0276681,51.3803721],[-0.0277055,51.3802556],[-0.0277967,51.379968],[-0.0278181,51.3798981],[-0.0278349,51.3798295],[-0.0278414,51.3797628],[-0.0278436,51.3796747]],[[-0.0242513,51.386359],[-0.0242939,51.3863172]],[[-0.0242513,51.386359],[-0.0242177,51.3864157],[-0.02416,51.3864768],[-0.0241037,51.3865346],[-0.0240645,51.3865678]],[[-0.0240645,51.3865678],[-0.0240446,51.3866574],[-0.0240147,51.386722]],[[-0.0263487,51.3894779],[-0.0262424,51.3893219],[-0.0260939,51.3891357],[-0.0260779,51.3891147],[-0.0259307,51.3889215],[-0.0258798,51.3888602],[-0.0257823,51.3887427],[-0.0256734,51.3886068],[-0.0255702,51.3884818],[-0.0249952,51.3878093],[-0.0245984,51.3873404],[-0.0241923,51.3868455],[-0.0241494,51.3868056],[-0.0240809,51.3867574],[-0.0240147,51.386722]],[[-0.0271911,51.3902806],[-0.0271334,51.3902448],[-0.0270725,51.3902023],[-0.0270015,51.3901504],[-0.0269541,51.3901123],[-0.0269066,51.3900727],[-0.0267476,51.3899419],[-0.0266516,51.3898548],[-0.0265873,51.3897865],[-0.0265186,51.389706],[-0.0264325,51.3896021],[-0.0263906,51.38954],[-0.0263487,51.3894779]],[[-0.0414347,51.3934016],[-0.0411473,51.3930614],[-0.0409199,51.3928014],[-0.0408927,51.3927699],[-0.0404526,51.3922744],[-0.0403767,51.3921837],[-0.0403244,51.3921286],[-0.0402382,51.3920534],[-0.0401874,51.3920174],[-0.0401254,51.3919841],[-0.0400484,51.3919491],[-0.0399789,51.3919234],[-0.0398959,51.3918958],[-0.0398108,51.3918735],[-0.039728,51.3918556],[-0.0396361,51.3918424],[-0.0395418,51.3918336],[-0.0394243,51.3918292],[-0.0393139,51.3918275],[-0.0391752,51.3918271],[-0.0390441,51.3918274],[-0.0388524,51.3918306],[-0.0388076,51.3918316],[-0.0386483,51.3918354],[-0.0384779,51.391842],[-0.0382762,51.3918496],[-0.0380031,51.3918582],[-0.0379083,51.3918628],[-0.0378485,51.3918653],[-0.0377892,51.3918679],[-0.0377367,51.3918686],[-0.0374111,51.3918732],[-0.0372215,51.3918785],[-0.0371024,51.3918846],[-0.0370087,51.3918914],[-0.0369108,51.3918995],[-0.036815,51.3919091],[-0.0366765,51.3919255],[-0.036367,51.3919675],[-0.0360378,51.3920087],[-0.0359361,51.3920216],[-0.0358716,51.3920305],[-0.0357144,51.3920505],[-0.0349935,51.3921412],[-0.0348431,51.3921571],[-0.0347415,51.3921658],[-0.0346555,51.3921722],[-0.034576,51.3921761],[-0.0344791,51.3921773],[-0.0343747,51.3921752],[-0.0342732,51.3921697],[-0.0341584,51.3921595],[-0.0340478,51.3921486],[-0.0339706,51.3921381],[-0.0337693,51.3921039],[-0.0336053,51.392071],[-0.0334432,51.3920346],[-0.03319,51.3919774],[-0.0327986,51.3918895],[-0.0321032,51.3917276],[-0.0313482,51.3915564],[-0.0302332,51.3913015],[-0.0291075,51.3910451],[-0.0289622,51.3910093],[-0.028818,51.390972],[-0.0287194,51.3909445],[-0.0285872,51.3909045],[-0.0284631,51.3908645],[-0.0283673,51.3908301],[-0.0282555,51.3907862],[-0.0281433,51.3907383],[-0.0279516,51.3906521],[-0.0279113,51.3906341],[-0.0275863,51.3904853],[-0.0274691,51.3904308],[-0.0273739,51.3903836],[-0.0273026,51.3903459],[-0.0271911,51.3902806]],[[-0.0415469,51.3935408],[-0.0414347,51.3934016]],[[-0.0435246,51.3980074],[-0.0435257,51.3978425],[-0.043516,51.3977246],[-0.0435088,51.3976369],[-0.0434788,51.3975086],[-0.0434397,51.3973408],[-0.0434185,51.3972744],[-0.0432722,51.396843],[-0.043137,51.3964219],[-0.0430832,51.396266],[-0.0428788,51.3956352],[-0.0428223,51.3954748],[-0.0426318,51.3950628],[-0.0426261,51.3950492],[-0.0424494,51.3947106],[-0.0420582,51.3941667],[-0.041897,51.3939691],[-0.0417492,51.3937812],[-0.0415469,51.3935408]],[[-0.0435246,51.3980074],[-0.043564,51.3981058],[-0.0436127,51.3981751],[-0.0436389,51.3982176],[-0.0436557,51.3982383],[-0.0436776,51.3982577]],[[-0.0488202,51.3987165],[-0.0485432,51.3986181],[-0.0482204,51.3985165],[-0.0479097,51.39843]],[[-0.0490088,51.3987937],[-0.0488202,51.3987165]],[[-0.0503634,51.3994836],[-0.0499987,51.3992978],[-0.0493028,51.398931],[-0.0490444,51.3988078],[-0.0490088,51.3987937]],[[-0.050585,51.3995982],[-0.0504519,51.3995288],[-0.0503634,51.3994836]],[[-0.0507417,51.3996849],[-0.0506563,51.3996377],[-0.050585,51.3995982]],[[-0.050955,51.3997974],[-0.0507417,51.3996849]],[[-0.051262,51.3999634],[-0.050955,51.3997974]],[[-0.0517431,51.4004485],[-0.051693,51.4003888],[-0.0514828,51.4001385],[-0.0513639,51.4000345],[-0.051262,51.3999634]],[[-0.053223,51.4018278],[-0.0530696,51.4017017],[-0.0524376,51.401149],[-0.0523413,51.4010521],[-0.0518791,51.4005844],[-0.0518001,51.4005071],[-0.0517431,51.4004485]],[[-0.0550723,51.4036334],[-0.0552539,51.4037734],[-0.0553279,51.4038442],[-0.0554862,51.4039639]],[[-0.0554862,51.4039639],[-0.05568,51.4042307]],[[-0.0572253,51.4058707],[-0.0572911,51.4058392],[-0.0576645,51.4056601],[-0.0583084,51.4053585],[-0.0591636,51.404964],[-0.0593669,51.4048662],[-0.0599984,51.4045653],[-0.0606448,51.4042592],[-0.0608424,51.4041666],[-0.0617599,51.4037277],[-0.0618788,51.4036781],[-0.0623462,51.4034412],[-0.062456,51.4033736],[-0.062697,51.4031657],[-0.0627508,51.4031216],[-0.0632336,51.4027382],[-0.063576,51.4024933],[-0.0636612,51.4024274]],[[-0.0636612,51.4024274],[-0.0636937,51.4024478],[-0.0637203,51.4024615],[-0.0645813,51.4029062],[-0.066842,51.4041162],[-0.0669836,51.4042109],[-0.0672781,51.4044029],[-0.0675529,51.4045964]],[[-0.0481389,51.415428],[-0.048017,51.4154679],[-0.0474936,51.4156555],[-0.0472937,51.4157258],[-0.0467302,51.4159145],[-0.046049,51.416146],[-0.0454343,51.4163529],[-0.0450673,51.4164732],[-0.0449948,51.4164896],[-0.0449593,51.4164894],[-0.0449141,51.4164845]],[[-0.0449141,51.4164845],[-0.0443963,51.4172049]],[[-0.0443963,51.4172049],[-0.0443834,51.4172217],[-0.0443736,51.4172351]],[[-0.0443736,51.4172351],[-0.0443527,51.4172644],[-0.0443315,51.4172925],[-0.0443194,51.417309],[-0.0442293,51.417432]],[[-0.0442293,51.417432],[-0.0441477,51.417533],[-0.0441289,51.4175669],[-0.0441078,51.417605]],[[-0.0441078,51.417605],[-0.0440896,51.4176378]],[[-0.0440896,51.4176378],[-0.0438767,51.418022],[-0.0435513,51.4185446],[-0.043402,51.4187678]],[[-0.043402,51.4187678],[-0.0432851,51.4189489],[-0.042965,51.4194187]],[[-0.042965,51.4194187],[-0.0426964,51.4198032],[-0.0423649,51.4202801],[-0.042228,51.42046],[-0.0420622,51.4206386],[-0.041678,51.4209517],[-0.0415561,51.4210659],[-0.0415116,51.4211207],[-0.0414785,51.4211716]],[[-0.0414785,51.4211716],[-0.0415066,51.4212327],[-0.0417668,51.4215829],[-0.0421304,51.422125],[-0.0425565,51.4226887],[-0.0426383,51.422835],[-0.0429208,51.4232888],[-0.0429677,51.4233715],[-0.042980224684477715,51.42339356921895]],[[0.0360371,51.3886938],[0.0361211,51.3886997],[0.0362115,51.388704],[0.0362824,51.3887089]],[[0.0362824,51.3887089],[0.0363574,51.3887141]],[[0.0363574,51.3887141],[0.0364124,51.3887059]],[[0.0533908,51.3904608],[0.0534548,51.3905129],[0.0535821,51.3905415],[0.0537326,51.3905566]],[[-0.0474985,51.3983065],[-0.0473569,51.3983072],[-0.0472689,51.3982941]],[[-0.0472689,51.3982941],[-0.0471562,51.3982671],[-0.047111,51.3982577],[-0.0469326,51.3982317],[-0.0467643,51.3982227]],[[-0.0447164,51.3986676],[-0.0445877,51.3987162],[-0.0444956,51.3987386],[-0.0443378,51.3987769]],[[-0.0443378,51.3987769],[-0.0440915,51.3988545],[-0.0435112,51.3990599]],[[-0.0435112,51.3990599],[-0.0433331,51.3991229],[-0.0433083,51.3991302]],[[-0.0433083,51.3991302],[-0.043219,51.3991261],[-0.0431534,51.3991152],[-0.0430973,51.3990979],[-0.0430557,51.3990693],[-0.0430322,51.3990384],[-0.0430234,51.3990268],[-0.0430198,51.3989821],[-0.0430342,51.3989329],[-0.0430557,51.398886],[-0.0431161,51.3987874]],[[-0.0433821,51.3984239],[-0.043398,51.3983477],[-0.0434144,51.3982691],[-0.0434378,51.398214],[-0.0434682,51.3981448],[-0.0435246,51.3980074]],[[-0.0240147,51.386722],[-0.0239802,51.3867479],[-0.0239415,51.3867632],[-0.0238943,51.3867684],[-0.023855,51.3867649],[-0.0237999,51.3867483]],[[-0.0237999,51.3867483],[-0.0237707,51.3867267],[-0.0237521,51.3867022],[-0.0237415,51.3866578],[-0.0237368,51.3865397],[-0.0237472,51.3864887],[-0.0237663,51.3864532],[-0.0237975,51.3864302]],[[-0.0237975,51.3864302],[-0.0238395,51.3864241],[-0.0239047,51.3864247],[-0.0239672,51.3864375],[-0.0239915,51.3864438]],[[-0.0239915,51.3864438],[-0.0240903,51.3864146],[-0.0241665,51.386397],[-0.0242513,51.386359]],[[-0.0736501,51.4128662],[-0.0736344,51.4129244]],[[-0.0736344,51.4129244],[-0.07362,51.4129861],[-0.0736058,51.4130471],[-0.0736032,51.4130584],[-0.0735966,51.4130842],[-0.0735714,51.4131827],[-0.0735656,51.4132111],[-0.0735103,51.4134839],[-0.0734982,51.4135511],[-0.073483,51.4135814],[-0.0734417,51.4136296],[-0.0733359,51.4137216]],[[-0.0733359,51.4137216],[-0.0731706,51.4138655]],[[-0.0731706,51.4138655],[-0.0729392,51.4140668],[-0.0727187,51.4142819],[-0.072664,51.414378],[-0.0726563,51.4144426],[-0.0726671,51.4144967],[-0.0727768,51.4147083],[-0.0728531,51.414889],[-0.0729259,51.4149956],[-0.0729767,51.4150504],[-0.0730166,51.4150837],[-0.0732163,51.4152501],[-0.0733874,51.4153927]],[[-0.0733874,51.4153927],[-0.0734831,51.4154725]],[[-0.0734831,51.4154725],[-0.0731481,51.4156515],[-0.0729995,51.4157254]],[[-0.0729995,51.4157254],[-0.0728483,51.4158006]],[[-0.0728483,51.4158006],[-0.0726831,51.4158827],[-0.0724597,51.4159928],[-0.072396,51.4160259]],[[-0.078377,51.4203225],[-0.0783447,51.4202528],[-0.0783553,51.4201624],[-0.0783543,51.4201215],[-0.078347,51.4200845],[-0.0783275,51.4200524],[-0.0782978,51.4200218],[-0.0782515,51.4199847],[-0.0782227,51.4199709],[-0.0781829,51.4199583],[-0.0781291,51.4199468],[-0.0779814,51.419921],[-0.0778917,51.419893]],[[0.1117141,51.3728049],[0.1120926,51.3727947],[0.1121851,51.3727923],[0.1123065,51.3727903],[0.1124315,51.3727914],[0.1125698,51.372798],[0.1126643,51.3728052],[0.1128358,51.3728214],[0.1137821,51.3729154],[0.1143952,51.3729771],[0.1144781,51.3729952],[0.114576,51.3730267],[0.1146708,51.373063],[0.1147452,51.3730965],[0.1148142,51.3731362],[0.1148695,51.3731752],[0.114918,51.3732155],[0.1150042,51.3732967],[0.1155336,51.3738319]],[[0.1155336,51.3738319],[0.1158818,51.3741785],[0.1159276,51.3742294],[0.1159841,51.3742968]],[[0.115845,51.3773577],[0.1158057,51.3776312]],[[0.1216642,51.3767419],[0.1212459,51.3768124],[0.1208057,51.3769199],[0.1205574,51.3769818],[0.1200783,51.3770972],[0.1193983,51.3772538],[0.1184861,51.3774328],[0.1178836,51.3775347],[0.1173856,51.3776078],[0.1169656,51.3776352],[0.1167932,51.3776464],[0.1162128,51.3776472],[0.1158057,51.3776312]],[[0.122945,51.3767781],[0.1225468,51.3767144],[0.122269,51.3766943],[0.1220867,51.3766941],[0.1218654,51.3767106],[0.1216642,51.3767419]],[[0.122945,51.3767781],[0.1231124,51.376431],[0.123248,51.3760861],[0.1233252,51.3759264],[0.1233284,51.3759211],[0.1235938,51.3754874],[0.1239043,51.3750245],[0.1241186,51.374747],[0.1241814,51.3745408],[0.1241792,51.3744091],[0.1241311,51.3740349]],[[0.1241311,51.3740349],[0.1241582,51.3736213],[0.1241804,51.3733935],[0.1241838,51.3733727],[0.1241674,51.3731067],[0.1241155,51.3728505]],[[0.1241155,51.3728505],[0.1240697,51.3727344],[0.1239351,51.3725095],[0.1238049,51.3723788],[0.1236435,51.372167]],[[0.1236435,51.372167],[0.123285,51.3717174],[0.123171,51.3715275],[0.1231091,51.3712911],[0.1230899,51.3711109],[0.123065,51.3708037],[0.1230176,51.3704634],[0.1228829,51.3697517]],[[0.1228829,51.3697517],[0.1206523,51.369662],[0.1200125,51.3696397],[0.1194696,51.3696184],[0.1186837,51.3695862],[0.1183981,51.3695766],[0.1179784,51.36958],[0.1176042,51.3696153],[0.1172829,51.3696676],[0.1161053,51.3699282],[0.1151926,51.3701987]],[[0.1151926,51.3701987],[0.1147653,51.3703638],[0.1144408,51.37053],[0.1137586,51.3709916],[0.113631,51.37107],[0.1131182,51.3713592],[0.112674,51.371572],[0.1122153,51.3717601],[0.1116383,51.3719025],[0.1112366,51.371988],[0.1111001,51.3720236]],[[0.1094462,51.3719608],[0.1094635,51.371491]],[[0.1094635,51.371491],[0.1094014,51.3714887],[0.1092947,51.3714863]],[[0.1092947,51.3714863],[0.1091352,51.3714824],[0.1090773,51.3714814],[0.1088548,51.3714882],[0.1086414,51.3715089]],[[-0.0059921,51.3683875],[-0.005934,51.3683993],[-0.0058729,51.3683981],[-0.005816,51.368384],[-0.0057703,51.3683587]],[[-0.0015556,51.3709992],[-0.0016135,51.3710412],[-0.0016403,51.3710806],[-0.0016485,51.3711358],[-0.0016294,51.3711767]],[[-0.0016294,51.3711767],[-0.0015784,51.3712296],[-0.0015482,51.3712499],[-0.0014835,51.3712722]],[[-0.0014835,51.3712722],[-0.0013962,51.3712824],[-0.0013102,51.3712737],[-0.0012235,51.371242]],[[0.0205072,51.3673351],[0.0231535,51.3674478],[0.0232959,51.367454],[0.0235271,51.3674687],[0.0237788,51.367486],[0.0242576,51.3675205],[0.0246105,51.3675426],[0.024728,51.3675511],[0.0248477,51.3675617],[0.0249877,51.36758]],[[0.038487,51.3672701],[0.0385454,51.3673049],[0.038654,51.3673066],[0.038758,51.3673082],[0.0388979,51.3673099]],[[0.0390011,51.3673101],[0.039001,51.3672461]],[[0.039001,51.3672461],[0.038999,51.3672046],[0.0389577,51.3671684]],[[0.0437693,51.3155403],[0.0438688,51.31579]],[[0.0438688,51.31579],[0.0443683,51.3156859],[0.0448825,51.3155787]],[[0.0448825,51.3155787],[0.0451216,51.3155262]],[[0.0451216,51.3155262],[0.0450105,51.3152874]],[[0.0038807,51.3704642],[0.0036658,51.3703745],[0.0034517,51.370311],[0.0032376,51.3702451],[0.0027203,51.3700933],[0.0021233,51.3699213],[0.0018713,51.369851],[0.0016864,51.3698064],[0.0015557,51.3697824],[0.0014069,51.3697688],[0.0012694,51.3697669],[0.0011883,51.36977],[0.0010527,51.3697809],[0.0009503,51.3697945],[0.0007959,51.3698202]],[[0.0007959,51.3698202],[0.0006988,51.3698408],[0.0006129,51.3698637],[0.0005251,51.369892],[0.0004466,51.3699206],[0.0003753,51.36995],[0.000311,51.3699809]],[[0.000311,51.3699809],[0.0002066,51.3700375],[-0.0010979,51.3708812],[-0.0011348,51.3709051],[-0.0013011,51.3709739]],[[0.1125111,51.4127696],[0.1124388,51.4128068],[0.1123749,51.4128581],[0.1123209,51.4129142],[0.1122679,51.4129561],[0.1122305,51.4129787],[0.1121891,51.4130017],[0.1121328,51.4130245],[0.1120606,51.4130497],[0.1119398,51.4130865],[0.10984877253751327,51.413618713085604]],[[0.10230325280622804,51.41636436217297],[0.1020317,51.4164892],[0.10158590487708469,51.416712605146614]],[[0.09819506113522704,51.418407992581464],[0.0981386,51.4184141],[0.0979393,51.4184186]],[[0.0449657,51.4363745],[0.04511584743951946,51.4362726998813]],[[0.043055,51.4374826],[0.0431914,51.4373972],[0.0434757,51.4372734],[0.0435585,51.4372353],[0.043664,51.4371867],[0.0436715,51.4371833],[0.0437187,51.4371615],[0.0439816,51.4370161],[0.0440487,51.4369682],[0.0442639,51.4368465],[0.0445916,51.4366365],[0.0447257,51.4365404],[0.0449657,51.4363745]],[[0.043055,51.4374826],[0.0430036,51.4374726],[0.0429569,51.4374748],[0.0428991,51.4374942],[0.0428706,51.4375173],[0.0428533,51.4375616]],[[0.0414187,51.4375747],[0.042268,51.4375961],[0.0425302,51.4375807],[0.0427379,51.4375629],[0.0428533,51.4375616]],[[0.0414187,51.4375747],[0.0414171,51.437549],[0.0414028,51.437525],[0.0413772,51.4375048],[0.0413429,51.4374907],[0.0413033,51.4374838]],[[0.0413033,51.4374838],[0.0412675,51.4374844],[0.0412332,51.4374909],[0.0412031,51.437503],[0.0411794,51.4375198]],[[0.0407177,51.4374074],[0.0411794,51.4375198]],[[0.0395939,51.4351775],[0.0396657,51.4352482],[0.0396787,51.4352919],[0.0396922,51.4353323],[0.0396925,51.4353787],[0.0396888,51.435453],[0.03968,51.4355034],[0.0396692,51.435569],[0.0396473,51.4356859],[0.0396131,51.4358581],[0.0395138,51.4363486],[0.039496,51.4364389],[0.0394684,51.4365893],[0.0394528,51.43671],[0.0394418,51.4368115],[0.0394494,51.4368764],[0.0394698,51.4369332],[0.0395575,51.4370173],[0.0396033,51.4370576],[0.0396514,51.4370922],[0.039709,51.4371264],[0.0397642,51.4371518],[0.0398231,51.4371811],[0.0398914,51.4372032],[0.0400666,51.4372456],[0.0402656,51.4372973],[0.0407177,51.4374074]],[[0.0335681,51.4323809],[0.0338495,51.4325071],[0.0339558,51.4325556],[0.0342727,51.4327005],[0.0344866,51.4327997],[0.0347571,51.4329205],[0.0350481,51.4330538],[0.0352326,51.4331364],[0.0355192,51.4332705],[0.0358851,51.433439],[0.0362177,51.4335856],[0.0365203,51.433727],[0.0367117,51.4338142],[0.0367423,51.4338281],[0.0368515,51.433878],[0.0368965,51.4338985],[0.0369585,51.4339268],[0.0370852,51.4339819],[0.0372235,51.4340466],[0.0373568,51.4341063],[0.0374504,51.4341512],[0.0374651,51.4341583],[0.0376145,51.4342313],[0.0377669,51.4343006],[0.0378405,51.4343341],[0.0378656,51.4343462],[0.0381873,51.4345008],[0.038306,51.4345606],[0.0383926,51.4346042],[0.0386077,51.4347035],[0.0388025,51.4348003],[0.0391723,51.4349706],[0.0392429,51.4350041],[0.0393357,51.4350481],[0.0393714,51.4350651],[0.0394955,51.4351249],[0.0395072,51.4351305],[0.0395939,51.4351775]],[[0.033232,51.4322239],[0.03323433087865649,51.43222518926726],[0.033264,51.4322416],[0.0333898,51.4322996],[0.0335681,51.4323809]],[[0.0891474,51.4196171],[0.0889805,51.4195852]],[[0.0891474,51.4196171],[0.0893291,51.4193717]],[[0.0893291,51.4193717],[0.0894567,51.419234],[0.0895995,51.4190797],[0.0896517,51.4189581],[0.0897494,51.4187304],[0.0898913,51.4183999],[0.090433,51.4171797],[0.0905486,51.4169351],[0.0905873,51.4168505],[0.0906131,51.4167939],[0.0906326,51.4167569]],[[0.0105501,51.3758185],[0.010529,51.3758527],[0.0105232,51.375885],[0.0105293,51.3759223],[0.0105546,51.3759574],[0.0105875,51.3759881],[0.010697,51.3760724],[0.0109906,51.3762655],[0.0110348,51.3763007],[0.0110757,51.3763391],[0.0111121,51.3763813],[0.0111357,51.3764175],[0.0111566,51.3764644],[0.0111704,51.3765257],[0.0111792,51.376607],[0.01118,51.3766597],[0.0111747,51.3767105],[0.0111602,51.3767876],[0.0111415,51.3768526],[0.0111136,51.3769195],[0.0110796,51.3769784],[0.0110438,51.3770298],[0.0110029,51.3770766],[0.0109513,51.3771272],[0.0108647,51.3772025],[0.0105685,51.3774337],[0.0103728,51.3775747],[0.01027,51.3776572],[0.0102315,51.3776892],[0.0101992,51.377727],[0.0101777,51.3777615],[0.0101628,51.3778062],[0.010148,51.3778911]],[[0.0411794,51.4375198],[0.041163,51.4375417],[0.0411576,51.4375656],[0.0411636,51.4375894],[0.0411805,51.4376111]],[[0.0411805,51.4376111],[0.041209,51.4376298],[0.0412273,51.437636],[0.0412453,51.4376421],[0.041286,51.4376466],[0.0413269,51.437643],[0.041361,51.437633],[0.0413891,51.4376173],[0.0414088,51.4375973],[0.0414187,51.4375747]],[[0.0428533,51.4375616],[0.0428645,51.4375899],[0.0428841,51.4376097],[0.0429199,51.4376286],[0.0429599,51.4376383],[0.0430067,51.4376392],[0.0430626,51.4376259],[0.0430959,51.4376028],[0.0431088,51.4375929]],[[0.0431088,51.4375929],[0.0431244,51.4375641],[0.0431195,51.4375326],[0.0430915,51.4375009],[0.043055,51.4374826]],[[0.1139531,51.4130954],[0.1139561,51.4130483],[0.1139545,51.4130228],[0.1139477,51.4129571]],[[0.1139477,51.4129571],[0.1139166,51.412861],[0.113871,51.4127725],[0.1138311,51.4127185],[0.1137494,51.4126585],[0.1136955,51.4126224],[0.1136604,51.412605],[0.113617,51.4125892],[0.1135708,51.4125758],[0.1132184,51.41253]],[[0.1132184,51.41253],[0.1130116,51.4124592],[0.1129533,51.4124452],[0.1129051,51.4124274],[0.1128616,51.4124084],[0.1128143,51.4123809],[0.1127804,51.4123512],[0.1127573,51.4123228],[0.1127409,51.4122969],[0.1127259,51.4122662],[0.112711,51.4122239],[0.1127012,51.4121803],[0.1126962,51.4121476],[0.1126847,51.4120704],[0.1126722,51.4119881],[0.1126573,51.4118916],[0.1126448,51.4118103],[0.1126388,51.4117716],[0.1126253,51.4116209],[0.1126214,51.4115859],[0.1126196,51.4115274],[0.112621,51.4114349]],[[0.1048107,51.4110549],[0.1049996,51.4110008],[0.105135,51.4109515],[0.1052885,51.4108827],[0.1054148,51.4108153],[0.105548,51.4107358],[0.1059127,51.410464]],[[0.0894,51.3737495],[0.0893354,51.3737297]],[[0.0893354,51.3737297],[0.089378,51.3736768],[0.0895493,51.3734644]],[[0.1026986,51.3609929],[0.1032554,51.3609323]],[[0.0221213,51.3079394],[0.0229903,51.3072579]],[[0.0229903,51.3072579],[0.0222404,51.3059316],[0.0217986,51.3051501],[0.0213277,51.3043437],[0.021232,51.3042083]],[[0.021232,51.3042083],[0.0211562,51.3041585],[0.02106,51.3041338],[0.0209493,51.304141],[0.0207088,51.3042368]],[[0.0550977,51.3650531],[0.0556197,51.3646949],[0.0559691,51.3644359],[0.0570911,51.363635],[0.0573388,51.3634682],[0.0577967,51.3631535],[0.0579702,51.3630539],[0.0590203,51.3624512],[0.0600774,51.361912],[0.0604502,51.3617743],[0.0606586,51.3617102],[0.0609331,51.3616258],[0.0615625,51.3614358],[0.0630172,51.3610424],[0.0637782,51.3608506],[0.0638687,51.3608266]],[[0.0638687,51.3608266],[0.0641722,51.3607678]],[[0.0641722,51.3607678],[0.0642699,51.3607667]],[[0.0642699,51.3607667],[0.0643921,51.3607657],[0.0646171,51.3607477],[0.0646677,51.3607436],[0.0647272,51.3607375],[0.064911,51.3606865]],[[0.0671522,51.3608179],[0.0669804,51.3607873],[0.0668122,51.3607595],[0.0666407,51.3607331],[0.0664788,51.3607135],[0.066355,51.3607022],[0.0662199,51.3606933],[0.0660492,51.3606852],[0.0658837,51.360681],[0.0656938,51.360678],[0.0655257,51.3606791],[0.0653619,51.3606792],[0.0651179,51.3606819],[0.064911,51.3606865]],[[0.0756241,51.3623568],[0.0755021,51.362362],[0.07538,51.3623647],[0.075139,51.3623664],[0.074939,51.3623633],[0.0747762,51.3623566],[0.0745855,51.3623437],[0.0744122,51.3623269],[0.0742297,51.3623031],[0.0740657,51.3622786],[0.0738462,51.362241],[0.0736453,51.3622038],[0.0734477,51.3621642],[0.0730978,51.3620903],[0.0727026,51.3620065],[0.0723167,51.3619261],[0.0719193,51.3618398],[0.0714107,51.3617302],[0.0707281,51.361584],[0.0699765,51.3614223],[0.0688368,51.3611786],[0.0684533,51.3610966],[0.0676292,51.3609188],[0.0671522,51.3608179]],[[0.0756241,51.3623568],[0.0758393,51.3623694],[0.0759603,51.3623568],[0.076141,51.3623327],[0.0762906,51.3623068],[0.0764327,51.3622777],[0.0765738,51.3622435],[0.0767427,51.3622005],[0.076796,51.3621874],[0.0768742,51.3621694],[0.0769443,51.3621582],[0.0770371,51.3621483]],[[0.0770371,51.3621483],[0.0771035,51.3621591],[0.0771717,51.3621552],[0.0772176,51.3621441]],[[0.0772176,51.3621441],[0.0772338,51.3621371],[0.0772825,51.362107],[0.0773121,51.3620684]],[[0.0773121,51.3620684],[0.0773748,51.3620404],[0.0774956,51.3619879],[0.0776516,51.3619232],[0.0777125,51.3618939],[0.0778587,51.3617922]],[[0.0857167,51.3578427],[0.0855781,51.3579791],[0.0854393,51.3581065],[0.0852911,51.35824],[0.0851353,51.3583775],[0.0849977,51.3584915],[0.0848422,51.3586128],[0.0847605,51.358673],[0.0845975,51.3587931],[0.084427,51.3589116],[0.0842549,51.3590246],[0.0840774,51.3591366],[0.0838961,51.3592446],[0.0837101,51.3593525],[0.0835231,51.359454],[0.0833344,51.3595547],[0.0831392,51.3596539],[0.0829386,51.359749],[0.0827354,51.3598442],[0.0825348,51.3599306],[0.0823247,51.3600164],[0.0821146,51.3600981],[0.0819012,51.3601831],[0.0816929,51.3602652],[0.081477,51.3603483],[0.0812635,51.3604319],[0.0804137,51.3607661],[0.0797143,51.3610391],[0.079288,51.3612046],[0.0788735,51.3613736],[0.0785608,51.3615017],[0.0782431,51.3616339],[0.0779267,51.3617646],[0.0778587,51.3617922]],[[0.0857167,51.3578427],[0.085853,51.3577386],[0.085948,51.3576774],[0.0860614,51.3576176]],[[0.0860614,51.3576176],[0.0860915,51.3576092],[0.086119,51.3575979]],[[0.086119,51.3575979],[0.0862099,51.3575695],[0.0862862,51.357553],[0.0863454,51.3575362],[0.0864086,51.3575052]],[[0.0652993,51.4200366],[0.0654258,51.4200821],[0.0655303,51.4201197],[0.0658017,51.420275],[0.0658823,51.4203199],[0.0664493,51.4206571],[0.0669014,51.4208607],[0.0671353,51.4209523],[0.068535,51.421383]],[[0.068535,51.421383],[0.068786,51.4210667],[0.0689638,51.4207875]],[[0.0823066,51.3735732],[0.0821598,51.3735983]],[[0.0823066,51.3735732],[0.0822065,51.3732819],[0.0821548,51.373068],[0.0821122,51.3728747]],[[0.0821122,51.3728747],[0.0820971,51.3728061]],[[0.1221561,51.3585356],[0.1222971,51.3584936],[0.1223758,51.358457],[0.1224512,51.3584121]],[[0.1224512,51.3584121],[0.1224819,51.3584052],[0.1225086,51.3583918],[0.1225276,51.3583739],[0.122537,51.3583533]],[[0.122537,51.3583533],[0.1225912,51.3583244],[0.1226397,51.358309],[0.1227097,51.3582935],[0.1228034,51.3582805]],[[0.1228034,51.3582805],[0.1228376,51.3582792],[0.1228696,51.3582715],[0.1228964,51.358258],[0.1229154,51.3582402],[0.1229211,51.35823]],[[0.1229211,51.35823],[0.1230073,51.3582394],[0.1230656,51.358243],[0.1231217,51.3582442],[0.1231767,51.3582421],[0.1233986,51.3582278],[0.1235312,51.3582145],[0.1239002,51.3581741],[0.1244265,51.3581271],[0.1245644,51.3581329],[0.1250145,51.3581949],[0.1251238,51.3582038],[0.1252512,51.3582002],[0.126149,51.3581047],[0.1262466,51.3580888],[0.1263036,51.358079],[0.1264322,51.3580453],[0.1266269,51.3579784],[0.1269532,51.357849],[0.1272064,51.357735],[0.127465,51.3576194],[0.1276102,51.3575471]],[[0.0578122,51.3653254],[0.0578806,51.36538]],[[0.057796,51.3653125],[0.0578122,51.3653254]],[[0.0577785,51.3652985],[0.057796,51.3653125]],[[0.0576364,51.3652202],[0.0577785,51.3652985]],[[0.0576364,51.3652202],[0.0570719,51.3655001],[0.0569731,51.3655619]],[[0.0548018,51.3652485],[0.0546808,51.3652698],[0.0546017,51.3653058],[0.0544459,51.3653998],[0.0542371,51.3655241],[0.0541565,51.3655721],[0.0539593,51.3656793],[0.0536161,51.3658508],[0.0534879,51.3659104]],[[0.0534879,51.3659104],[0.053235,51.3660311],[0.0531084,51.3660896]],[[0.0531084,51.3660896],[0.0531245,51.3661315],[0.0531513,51.3661713]],[[0.0531513,51.3661713],[0.0531784,51.3661985],[0.053209,51.3662241],[0.05326,51.3662587],[0.0533174,51.3662891],[0.0533804,51.3663149]],[[0.0622891,51.3868795],[0.0624874,51.3869105],[0.0628327,51.3869896],[0.0632108,51.3871042],[0.063484,51.3872024]],[[0.0904872,51.3910927],[0.0905013,51.3911258],[0.0905326,51.3911538],[0.0905774,51.3911735],[0.0906299,51.3911825]],[[0.112621,51.4114349],[0.1126231,51.4114188],[0.1126253,51.4113894],[0.112681,51.4109016],[0.1126827,51.4108878],[0.1127917,51.4091744]],[[-0.0002492,51.392379],[0.0001385,51.391982]],[[-0.0031274,51.3953537],[-0.0023941,51.3945547],[-0.0013691,51.3935655],[-0.0013089,51.3935011],[-0.0007034,51.3928442],[-0.0002492,51.392379]],[[-0.0031811,51.3954152],[-0.0031274,51.3953537]],[[-0.0082741,51.3991935],[-0.0081047,51.3991072],[-0.0066277,51.3983025],[-0.00495,51.3974017],[-0.0045887,51.3971121],[-0.0043586,51.3968478],[-0.0039499,51.3963668],[-0.0031811,51.3954152]],[[-0.0094788,51.3991262],[-0.00898,51.399204],[-0.0087386,51.3992291],[-0.0085913,51.3992352],[-0.0082741,51.3991935]],[[-0.0134922,51.3993787],[-0.0127168,51.3993591],[-0.0107485,51.3991107],[-0.0101164,51.3990748],[-0.0096399,51.3991011],[-0.0094788,51.3991262]],[[-0.0144728,51.3993984],[-0.0138042,51.3993812],[-0.0134922,51.3993787]],[[-0.0178894,51.3992086],[-0.0177993,51.3992436],[-0.0177507,51.3992584],[-0.017624,51.399266],[-0.0174542,51.3992973],[-0.0172887,51.39932],[-0.0172178,51.3993333],[-0.0170582,51.399352],[-0.0168402,51.3993712],[-0.0160999,51.3994215],[-0.0152404,51.3994156],[-0.0146917,51.3994035],[-0.0144728,51.3993984]],[[-0.0178894,51.3992086],[-0.0178529,51.3991704],[-0.0178472,51.3991426],[-0.0178549,51.3991148],[-0.0178764,51.3990838]],[[-0.0182752,51.3991774],[-0.0182614,51.3991996],[-0.0182321,51.3992299],[-0.0181793,51.3992496],[-0.0181314,51.3992615]],[[-0.0201817,51.4072557],[-0.020085,51.4071785],[-0.0200055,51.4070874],[-0.0199345,51.407003],[-0.0199055,51.406966],[-0.0198586,51.4069061],[-0.0197756,51.4067969],[-0.0196824,51.4066618],[-0.019611,51.4065489],[-0.0195749,51.4064852],[-0.019554,51.4064346],[-0.019535,51.4063811],[-0.0195255,51.4063341],[-0.0195261,51.4062858],[-0.019534,51.4062328],[-0.0195596,51.4061615],[-0.0195994,51.4060928],[-0.0196423,51.4060285],[-0.0196698,51.405981],[-0.0196903,51.4059313],[-0.0197123,51.4058694],[-0.0197343,51.4058012],[-0.0197493,51.4057438],[-0.0197664,51.4056691],[-0.019771,51.405629],[-0.019773,51.4055684],[-0.0197723,51.4054965],[-0.0197612,51.4053683],[-0.0197496,51.4052507],[-0.0197328,51.4051416],[-0.0197113,51.405031],[-0.019685,51.4049142],[-0.0196621,51.4048401],[-0.0196232,51.4047217],[-0.019578,51.4046071],[-0.019533,51.4044954],[-0.0194744,51.404349],[-0.0193997,51.4041625],[-0.0193085,51.4039251],[-0.0192212,51.4036935],[-0.0191269,51.4034584],[-0.0189721,51.4030666],[-0.0189328,51.4029672],[-0.0188909,51.4028593],[-0.0188417,51.4027213],[-0.0188208,51.4026512],[-0.018801,51.4025805],[-0.0187801,51.4024912],[-0.0187632,51.4023709],[-0.0187464,51.4022755],[-0.0187309,51.4022041],[-0.0187128,51.4021429],[-0.0186969,51.4021001],[-0.0186745,51.4020523],[-0.0186439,51.401995],[-0.0185995,51.4019226],[-0.0185689,51.4018762],[-0.0185028,51.4017826],[-0.0184072,51.4016383],[-0.0183417,51.4015341],[-0.0182763,51.4014292],[-0.0182101,51.401325],[-0.0181685,51.4012586],[-0.0181373,51.4011975],[-0.0181167,51.4011452],[-0.0181075,51.4010952],[-0.0181033,51.4010371],[-0.0181106,51.4009576],[-0.0181229,51.4008819],[-0.0181369,51.4008074],[-0.0181624,51.4007045],[-0.0181781,51.4006225],[-0.0181867,51.4005531],[-0.0181971,51.4004449],[-0.018204,51.4003473],[-0.0182087,51.4002213],[-0.0182132,51.4001419],[-0.0182125,51.4000507],[-0.018213,51.3999828],[-0.0182118,51.3999124],[-0.0182086,51.3998208],[-0.0181985,51.3995837],[-0.0181878,51.3994548],[-0.0181804,51.3993983],[-0.0181665,51.3993429],[-0.0181314,51.3992615]],[[-0.043216,51.409299],[-0.0435162,51.4093166],[-0.0436425,51.4093291],[-0.0438983,51.4093831],[-0.044056,51.409423],[-0.0441718,51.4094932]],[[-0.0181314,51.3992615],[-0.0180789,51.3992622],[-0.0180287,51.3992577],[-0.0179734,51.3992439],[-0.0179248,51.3992259],[-0.0178894,51.3992086]],[[0.0328244,51.307693],[0.03283770809891707,51.30747831448761]],[[0.027654,51.3097974],[0.0275376,51.3094496],[0.0275399,51.3093475],[0.0276065,51.3092563],[0.0277586,51.3091839],[0.0284125,51.3089824],[0.029327,51.3087083],[0.0300399,51.3084967],[0.0317485,51.3079894],[0.0326325,51.3077289],[0.0327713,51.3076975],[0.0328244,51.307693]],[[0.0157792,51.3284928],[0.0160731,51.3284714],[0.016365,51.3284306],[0.0166914,51.3283843],[0.0170059,51.3283289],[0.0172359,51.3282804],[0.0174506,51.328225],[0.018932,51.3277639],[0.019092,51.3277097],[0.0192435,51.3276452],[0.0194832,51.3274815],[0.0206486,51.3263158],[0.0210688,51.3260789],[0.0215498,51.3259135],[0.0218258,51.3258476],[0.0225518,51.3256741],[0.0227378,51.3256443],[0.0229085,51.3256631],[0.0231722,51.3257395]],[[0.010556,51.3315522],[0.0107811,51.3315032],[0.0109997,51.3314437],[0.0113936,51.3312817],[0.0116783,51.3311178],[0.011842,51.3309074],[0.0119435,51.3306247],[0.0121719,51.3301642],[0.0127522,51.329641],[0.0136105,51.3287292],[0.0137597,51.3285745],[0.0138228,51.3285025],[0.0139256,51.3284379],[0.0139971,51.3284187],[0.0140749,51.3284145],[0.0142109,51.3284367],[0.0145537,51.3284832],[0.0149043,51.3285089],[0.0153315,51.3285142],[0.0157792,51.3284928]],[[0.0033213,51.3321677],[0.0049054,51.3318283],[0.0076452,51.331518],[0.0082572,51.3314446],[0.008563,51.3314261],[0.0088704,51.3314193],[0.0091772,51.3314337],[0.0094798,51.3314622],[0.0101315,51.3315615],[0.0104461,51.3315692],[0.010556,51.3315522]],[[0.001499834947886526,51.3331538955341],[0.0020211,51.3327386],[0.0023896,51.3325178],[0.0027758,51.3323301],[0.0028869,51.3322843],[0.0030092,51.3322446],[0.0033213,51.3321677]],[[0.0008427941148822116,51.33359320151603],[0.0009157,51.3335563],[0.001230085687713265,51.33335926799814]],[[-0.0651223,51.4123809],[-0.0652456,51.4123578],[-0.0653432,51.412335],[-0.0654204,51.4123022],[-0.0654839,51.4122511],[-0.0656255,51.412052]],[[-0.0643451,51.412407],[-0.0645412,51.4123986],[-0.0648044,51.4123907],[-0.0651223,51.4123809]],[[0.0559816,51.3668934],[0.0558466,51.3667963],[0.055683,51.3667745],[0.055623,51.3668138],[0.0552677,51.3670469],[0.05526,51.3670521],[0.0552074,51.3670876],[0.055015,51.3672175]],[[0.0858487,51.3574135],[0.085828,51.3574299],[0.0858118,51.3574482],[0.0858008,51.357468],[0.0857951,51.3574886],[0.085795,51.3575095],[0.0858005,51.3575301]],[[0.0858005,51.3575301],[0.0858114,51.3575498],[0.0858274,51.3575682]],[[0.0858274,51.3575682],[0.0858131,51.3576469],[0.0857914,51.3577141],[0.0857167,51.3578427]],[[0.0778587,51.3617922],[0.0777428,51.3618113],[0.0776324,51.3618452],[0.0775323,51.3618709],[0.077438,51.3618963],[0.0773031,51.3619154],[0.0772152,51.3619252]],[[0.0772152,51.3619252],[0.0771569,51.3619122],[0.077095,51.361911],[0.0770355,51.3619217],[0.076984,51.3619432],[0.0769456,51.3619736],[0.076924,51.3620099]],[[0.076924,51.3620099],[0.0767953,51.3620805],[0.0767309,51.3621081],[0.0766965,51.3621195],[0.076619,51.3621425],[0.0764796,51.3621756],[0.0763282,51.3622136],[0.0761809,51.362247],[0.0760438,51.362273],[0.0759218,51.3622936],[0.0758193,51.3623063],[0.0756241,51.3623568]],[[0.064911,51.3606865],[0.064712,51.3606733],[0.0645381,51.3606849],[0.0644759,51.3606917],[0.0643391,51.3607082],[0.0641722,51.3607678]],[[0.0750047,51.4125778],[0.0750321,51.4124352]],[[0.0750321,51.4124352],[0.0747278,51.4122758]],[[0.1132393,51.406985],[0.1132759,51.4069454],[0.1132831,51.406925],[0.1132848,51.4069007],[0.1132846,51.4068662],[0.1132474,51.4068332]],[[0.1131645,51.4023958],[0.1132558,51.4023151],[0.1132535,51.402189],[0.113251,51.4021506],[0.1132505,51.4019923],[0.1132454,51.4017327]],[[0.1132454,51.4017327],[0.1132328,51.4016393],[0.1131575,51.4015958]],[[0.1078608,51.3823095],[0.1078851,51.3822436],[0.1078952,51.382216]],[[0.1078952,51.382216],[0.1079138,51.3821644]],[[0.1079138,51.3821644],[0.1079271,51.3821325],[0.1080199,51.381909]],[[0.1102264,51.3780181],[0.1102891,51.3780774],[0.1103972,51.3780994]],[[0.1103972,51.3780994],[0.1104967,51.378078],[0.1105578,51.3780246],[0.1105579,51.377959]],[[0.1216642,51.3767419],[0.1216558,51.3766946],[0.1216396,51.3766388],[0.1216128,51.3765701],[0.121587,51.3765103],[0.1215361,51.3764045],[0.1215134,51.376361],[0.1214601,51.3762704],[0.1213322,51.3760819],[0.1212593,51.3759748],[0.1208981,51.3754238]],[[-0.0491677,51.3964885],[-0.0492066,51.3965189],[-0.0492282,51.3965678],[-0.04922,51.3966063],[-0.0491911,51.3966408],[-0.0491624,51.3966593],[-0.0491079,51.3966783],[-0.0490209,51.3966831],[-0.0489619,51.3966705],[-0.0489134,51.396646],[-0.048892,51.3966271]],[[-0.0478227,51.3977067],[-0.0477877,51.3977626],[-0.0477427,51.3978184],[-0.0476098,51.3979146]],[[-0.0476098,51.3979146],[-0.0475034,51.3979811]],[[-0.0475034,51.3979811],[-0.0473569,51.3980462],[-0.0472982,51.3980663],[-0.0471117,51.3980997]],[[-0.0433083,51.3991302],[-0.0431937,51.3991787],[-0.0431326,51.3991932],[-0.0430697,51.3992024],[-0.0429996,51.399198],[-0.0429354,51.3991878],[-0.0428573,51.3991665],[-0.0428214,51.3991514],[-0.0427201,51.3991087],[-0.0426633,51.3990866],[-0.0426329,51.3990747],[-0.0425327,51.399041],[-0.0424714,51.3990254],[-0.0423747,51.3990007]],[[0.0174791,51.4149918],[0.0175851,51.4150272],[0.0176893,51.4150484],[0.0177742,51.4150439],[0.0178468,51.4150489]],[[0.0184848,51.4148245],[0.0185346,51.4148208],[0.0186464,51.4147946]],[[0.0186464,51.4147946],[0.0187058,51.4147735],[0.0187236,51.4147506]],[[0.027885,51.4102509],[0.0279135,51.4102603],[0.0279449,51.4102647],[0.0279771,51.4102639],[0.0280167,51.4102552],[0.0280493,51.4102388]],[[0.1373696449762276,51.34599779717684],[0.1372703,51.3460455],[0.1371572,51.3460995],[0.1370742,51.3461311],[0.1370361,51.34614],[0.1369975,51.3461458],[0.1369011,51.3461546]],[[0.1369011,51.3461546],[0.136806,51.3461466],[0.136677,51.3461443]],[[0.136677,51.3461443],[0.1365498,51.3461552],[0.1364442,51.3461777],[0.1363378,51.3462091]],[[0.1363378,51.3462091],[0.1362209,51.3462545]],[[0.1362209,51.3462545],[0.1361306,51.3463125],[0.1360495,51.346382],[0.1360045,51.3464347],[0.1359633,51.3465149],[0.1359452,51.3466],[0.135936,51.3466737]],[[0.135936,51.3466737],[0.1359477,51.346729],[0.1359688,51.3467862]],[[0.1359688,51.3467862],[0.135921,51.3469612],[0.135903,51.3470051],[0.1358757,51.3470501],[0.1358406,51.3470854],[0.135801,51.3471192],[0.1356776,51.3472122]],[[0.1348607,51.3474711],[0.1352758,51.3473411],[0.1356776,51.3472122]],[[0.1254612,51.3562891],[0.125573,51.3561836],[0.1257724,51.3559924],[0.1258975,51.3558588],[0.1260152,51.3557267],[0.1261399,51.3555763],[0.1262883,51.3553991],[0.1263283,51.3553534],[0.1266023,51.3550147],[0.126777,51.3548014],[0.1269361,51.3546072],[0.1271088,51.3543942],[0.127289,51.3541777],[0.1274611,51.3539662],[0.1276389,51.3537474],[0.127811,51.3535373],[0.1279864,51.353323],[0.128136,51.3531413],[0.128323,51.3529117],[0.1284811,51.3527184],[0.1285923,51.352585],[0.1287077,51.3524429],[0.1288273,51.3522956],[0.1290014,51.3520808],[0.1291085,51.3519493],[0.1292092,51.3518269],[0.129314,51.3516968],[0.1294218,51.3515659],[0.1295497,51.3514081],[0.1296536,51.3512819],[0.1297591,51.3511531],[0.1299118,51.3509682],[0.1300212,51.3508352],[0.1301438,51.3506838],[0.1302589,51.3505428],[0.1303775,51.3503992],[0.1304919,51.3502585],[0.1306103,51.3501157],[0.1307352,51.3499751],[0.1308642,51.3498375],[0.1309963,51.3497058],[0.1311403,51.3495727],[0.131295,51.3494469],[0.13146,51.3493235],[0.1316199,51.3492136],[0.1317377,51.3491352],[0.1319002,51.3490342],[0.1321491,51.3488886],[0.1324377,51.3487257],[0.1327217,51.3485664],[0.1330114,51.3484031],[0.1333014,51.34824],[0.1335852,51.34808],[0.1338735,51.3479164],[0.1340659,51.3478098],[0.1342616,51.347708],[0.1344525,51.3476205],[0.1345666,51.3475741],[0.13471,51.3475208],[0.1348607,51.3474711]],[[0.1131494,51.3613537],[0.1140243,51.362844],[0.1140987,51.3629287],[0.1141602,51.3629987]],[[0.088849,51.3605161],[0.0890389,51.3604609],[0.0890644,51.3604504],[0.0890842,51.3604375],[0.0890959,51.3604152],[0.0890994,51.360389],[0.0890954,51.3603224],[0.0890979,51.3602987],[0.0891076,51.3602751],[0.0891289,51.360244],[0.0891562,51.3602121],[0.08919,51.3601836],[0.0892302,51.3601604],[0.0892766,51.3601433],[0.0893277,51.3601293],[0.0893822,51.3601197],[0.089446,51.3601137],[0.0907487,51.3600446],[0.0919341,51.3599745],[0.0919757,51.3599701],[0.0925087,51.3599142],[0.0930236,51.3598546],[0.0945117,51.3596825],[0.0951893,51.3596807],[0.09583,51.359679],[0.0965928,51.3596754],[0.0969605,51.3596552],[0.0992443,51.3595201],[0.0996837,51.3594952],[0.1000062,51.3594683],[0.1003741,51.3593935],[0.1007759,51.3592734],[0.1011178,51.3591156],[0.1013663,51.3589541],[0.1016017,51.3587767],[0.1017643,51.3586281],[0.1019403,51.3584841],[0.1021116,51.3583697],[0.1023628,51.3582395],[0.102662,51.3580793],[0.1037425,51.357505],[0.1041773,51.3573563],[0.1046093,51.3572786],[0.1052093,51.3572719]],[[0.1229211,51.35823],[0.1229247,51.3582195],[0.1229237,51.3581981]],[[0.1229237,51.3581981],[0.1229197,51.3581334],[0.122924,51.3581186],[0.1229533,51.3580219]],[[0.1356776,51.3472122],[0.1358823,51.3471687],[0.1360061,51.3471349],[0.1361337,51.3471083],[0.1362213,51.3470948],[0.1363451,51.3470777]],[[0.1363451,51.3470777],[0.1364581,51.347105],[0.1365834,51.3471226]],[[0.1365834,51.3471226],[0.1367215,51.3471314],[0.1368614,51.3471242],[0.1370075,51.3470997]],[[0.1370075,51.3470997],[0.1370881,51.3470742],[0.1371931,51.3470364],[0.1372734,51.3469948]],[[0.1372734,51.3469948],[0.1373708,51.3469214],[0.1374343,51.3468537],[0.1374681,51.3467997],[0.1374935,51.3467474],[0.1375128,51.3466875],[0.1375192,51.3466423],[0.1375131,51.3465867],[0.1374949,51.3465289]],[[0.1374949,51.3465289],[0.1374575,51.346467],[0.1374173,51.346415],[0.1373743,51.3463752]],[[0.1373743,51.3463752],[0.1373657,51.3462943],[0.1373651,51.3462574],[0.1373837,51.3461396],[0.1373936,51.3461069],[0.1374058,51.3460792],[0.1374232,51.3460547],[0.13743690918436433,51.34604025520087]],[[0.1112698,51.3447271],[0.1114106,51.3446692],[0.1114909,51.3446523],[0.1115688,51.3446438],[0.1117264,51.3446328]],[[0.1117264,51.3446328],[0.1118874,51.3446586],[0.1119847,51.3446665]],[[0.1119847,51.3446665],[0.1120488,51.3446692],[0.1121128,51.3446688],[0.1122115,51.3446649],[0.1123217,51.3446571],[0.1124539,51.3446444],[0.1126515,51.3446227],[0.1128269,51.3446045],[0.1129969,51.3445902],[0.1131724,51.3445761],[0.1133447,51.3445651],[0.1135133,51.3445581],[0.1137615,51.3445547],[0.1139813,51.3445515],[0.1145936,51.3445421],[0.115067,51.3445348],[0.1154024,51.3445303],[0.1156379,51.3445262],[0.1158974,51.3445215],[0.116193,51.344511],[0.1164288,51.3444985],[0.1166941,51.3444797],[0.1169522,51.3444595],[0.1173314,51.3444239],[0.1177082,51.3443898],[0.1179788,51.3443667],[0.1182421,51.3443476],[0.118508,51.3443327]],[[0.118508,51.3443327],[0.1186367,51.3443291],[0.1187637,51.3443277],[0.1187897,51.3443263],[0.1188171,51.3443271],[0.1190037,51.344329],[0.1192144,51.3443349],[0.1193926,51.3443424],[0.1195591,51.3443515],[0.1197278,51.3443635],[0.1198975,51.3443779],[0.1200659,51.3443954]],[[0.1200659,51.3443954],[0.1202342,51.3444158],[0.1204084,51.3444383],[0.1206579,51.344478],[0.1208231,51.3445073],[0.1209862,51.3445389],[0.1211527,51.3445736],[0.1213247,51.3446127],[0.1215094,51.3446584],[0.1216982,51.3447103],[0.1219531,51.3447859]],[[0.1219531,51.3447859],[0.1223366,51.3449588],[0.1224875,51.3450179],[0.1226582,51.3450898],[0.1228266,51.3451653],[0.1230347,51.3452615],[0.1232741,51.3453748],[0.1235141,51.3454788],[0.1238551,51.3456218],[0.124013,51.3456876],[0.1241574,51.3457457],[0.124321,51.3458071],[0.1244949,51.3458699],[0.124641,51.3459219]],[[0.124641,51.3459219],[0.124745,51.3459204],[0.1247705,51.3459175],[0.1247922,51.3459102],[0.1248088,51.3459],[0.12483,51.3458697]],[[0.12483,51.3458697],[0.1248458,51.3458427],[0.1248629,51.345828],[0.1248889,51.3458169],[0.12490291537963585,51.3458127663191]],[[0.12483,51.3458697],[0.1245352,51.345767],[0.1243196,51.3456871],[0.1241049,51.3456019],[0.1237063,51.3454321],[0.1234038,51.3453019],[0.1231706,51.3451979],[0.1228901,51.3450801],[0.1226164,51.3449746],[0.1224616,51.3449183],[0.1223738,51.3448915],[0.1219531,51.3447859]],[[0.1117264,51.3446328],[0.1116014,51.3445906],[0.1114722,51.3445599],[0.1113481,51.344541],[0.1112363,51.3445355]],[[0.0010658,51.3672504],[0.0009951,51.3671705],[0.0008771,51.3669896],[0.0008234,51.366844],[0.0008449,51.3666798],[0.0008717,51.3665526],[0.0009522,51.3663868],[0.0010231,51.3662902],[0.0011624,51.3661677],[0.0013258,51.3660662],[0.0015785,51.3659533]],[[0.0015785,51.3659533],[0.0015451,51.365919],[0.0013152,51.365793],[-0.0003788000000000001,51.3648741],[-0.0016241999999999997,51.3642099],[-0.0017537,51.3641439],[-0.001815,51.3641243],[-0.0018767,51.3641123],[-0.001958,51.3641015],[-0.002026,51.3640921]],[[-0.002026,51.3640921],[-0.0020188,51.3640353],[-0.0020108,51.3639694],[-0.0020087,51.3638936]],[[-0.0020087,51.3638936],[-0.0020093,51.3637333],[-0.0020056,51.3636497],[-0.001999,51.3635714],[-0.0019898,51.3635065],[-0.0019763,51.3634439],[-0.0019589,51.3633807],[-0.0019332,51.3633139],[-0.0018702,51.3631722],[-0.0017931,51.3630096],[-0.0017579,51.3629455],[-0.0017131,51.3628714],[-0.0016584,51.3627899],[-0.0014698,51.3625014],[-0.0013861,51.3623797],[-0.0013489,51.3623299],[-0.0013075,51.3622837],[-0.0012568,51.3622414],[-0.0011958,51.3622032],[-0.0011176,51.3621635],[-0.0010227,51.3621268],[-0.0009092,51.3620878],[-0.0007899,51.3620526],[-0.00020870000000000003,51.3619028],[-0.000085,51.3618681],[0.0000436,51.3618297],[0.0001819,51.3617853],[0.0006272,51.3616372],[0.0010576,51.3614902],[0.00278,51.3608885]],[[0.0040448,51.3662813],[0.0041561,51.3659443],[0.0037499,51.3640772],[0.0037671,51.3635413],[0.0039216,51.3626142],[0.0037499,51.3620943],[0.00278,51.3608885]],[[0.0035679,51.3664524],[0.0040448,51.3662813]],[[0.0044479,51.367498],[0.0035679,51.3664524]],[[0.0017141,51.3689926],[0.0018204,51.3689169],[0.0023003,51.3685802],[0.0028035,51.3682377],[0.0029942,51.36812],[0.0033074,51.3679507],[0.0036345,51.3677979],[0.0044479,51.367498]],[[0.000311,51.3699809],[0.0002486,51.3699552],[0.0001862,51.3699365],[0.0001174,51.3699225],[0.0000507,51.3699129],[-0.000023000000000000003,51.3699079],[-0.0001107,51.3699071],[-0.00026,51.3699167],[-0.0006264,51.3699734],[-0.0020958,51.3702285],[-0.0023257,51.3702684],[-0.0024906,51.3703518]],[[0.0855456,51.3575265],[0.085667,51.3575253],[0.0857338,51.3575266],[0.0858005,51.3575301]],[[0.0858274,51.3575682],[0.0858481,51.3575846],[0.0858728,51.3575987],[0.085901,51.35761],[0.0859318,51.3576182],[0.0859638,51.3576231],[0.0859967,51.3576246],[0.0860295,51.3576228],[0.0860614,51.3576176]],[[-0.0670959,51.4164529],[-0.0670783,51.4164511],[-0.0670619,51.4164457],[-0.0659999,51.4159211],[-0.0659546,51.4159],[-0.0659329,51.4158883],[-0.065921,51.4158756],[-0.0659206,51.4158603],[-0.06593,51.4158452],[-0.0659478,51.4158293],[-0.0659818,51.4158133]],[[-0.0623933,51.4184154],[-0.0632059,51.4181631],[-0.0639388,51.4179071],[-0.0643394,51.4177568],[-0.0645448,51.4176761],[-0.0646705,51.4176233],[-0.0655189,51.4172526],[-0.0664981,51.4167729],[-0.0667558,51.4166446],[-0.0670629,51.4165011],[-0.0670745,51.416491],[-0.0670959,51.4164529]],[[-0.0623933,51.4184154],[-0.0617836,51.4185886]],[[-0.0617836,51.4185886],[-0.0616203,51.4186381],[-0.0614567,51.4186852]],[[-0.0614567,51.4186852],[-0.061409,51.4186986],[-0.0613124,51.4187272]],[[0.0402366,51.3119489],[0.0402937,51.3120352],[0.0403056,51.3121292],[0.0402352,51.3123058]],[[0.0402352,51.3123058],[0.0400409,51.3128217],[0.0400341,51.3129577],[0.0400481,51.3130904],[0.0401332,51.313334],[0.0402757,51.3136168]],[[0.0402757,51.3136168],[0.0403718,51.3138075]],[[0.0403718,51.3138075],[0.0404707,51.3140728],[0.0404887,51.3142407],[0.0404856,51.3144288],[0.0403981,51.3152527],[0.0403495,51.3157492],[0.0403768,51.3158351],[0.0404563,51.3158952]],[[-0.0248348,51.3775543],[-0.0246091,51.3776105],[-0.0245453,51.3776338],[-0.0244881,51.3776653]],[[-0.0244881,51.3776653],[-0.0244694,51.377709],[-0.0244294,51.3777532],[-0.0243878,51.3777843],[-0.0243282,51.3778079],[-0.0242631,51.3778247],[-0.0241953,51.3778289],[-0.0241175,51.3778202],[-0.0240469,51.3778011],[-0.0239931,51.3777764],[-0.023958,51.3777518],[-0.0239323,51.377718],[-0.0239087,51.3776636],[-0.0239072,51.3776214],[-0.0239189,51.3775841],[-0.0239382,51.3775544]],[[-0.014608,51.3758569],[-0.0146095,51.3757685]],[[-0.0146043,51.3760734],[-0.0146056,51.3759481],[-0.014608,51.3758569]],[[-0.014334,51.3771111],[-0.0143478,51.3770722],[-0.0143626,51.3770304],[-0.0143803,51.3769814],[-0.0144092,51.3769014],[-0.0144719,51.3767251],[-0.0145087,51.3766225],[-0.0145372,51.3765276],[-0.0145479,51.3764859],[-0.0145702,51.3763835],[-0.0145853,51.3762955],[-0.0145955,51.3762116],[-0.0146043,51.3760734]],[[-0.0142331,51.3793541],[-0.0141403,51.3792084],[-0.0141124,51.3791604],[-0.0140756,51.3790906],[-0.0140684,51.3790722],[-0.0140466,51.3790017],[-0.0140316,51.3789189],[-0.014024,51.3788534],[-0.0140227,51.3788427],[-0.0140195,51.3787949],[-0.0140156,51.3787378],[-0.0140169,51.3786881],[-0.0140224,51.3785872],[-0.0140256,51.3785091],[-0.0140281,51.3784495],[-0.0140302,51.3784121],[-0.0140332,51.3783573],[-0.014034,51.3783436],[-0.0140407,51.3782252],[-0.0140419,51.3782035],[-0.0140433,51.3781789],[-0.014048,51.3780968],[-0.0140503,51.3780572],[-0.0140527,51.3780277],[-0.0140574,51.3779689],[-0.0140588,51.3779515],[-0.0140673,51.377847],[-0.014072,51.3778026],[-0.0140728,51.377795],[-0.0140801,51.3777255],[-0.0140903,51.3776724],[-0.0140993,51.3776253],[-0.0141006,51.3776183],[-0.0141154,51.3775634],[-0.0141372,51.3775083],[-0.0141731,51.37743],[-0.014197,51.3773852],[-0.0142219,51.3773384],[-0.014253,51.3772802],[-0.0142739,51.3772384],[-0.0142988,51.3771886],[-0.014334,51.3771111]],[[-0.0144531,51.379629],[-0.0144001,51.3795628],[-0.01426,51.3793877],[-0.0142331,51.3793541]],[[-0.0145767,51.3797835],[-0.0144531,51.379629]],[[-0.0145767,51.3797835],[-0.0146559,51.3798582]],[[-0.0146559,51.3798582],[-0.0146939,51.3798897],[-0.0147345,51.3799222]],[[-0.0147345,51.3799222],[-0.0147709,51.3799503],[-0.0149219,51.3800571],[-0.0149795,51.3800988],[-0.0151137,51.3801946]],[[-0.0151137,51.3801946],[-0.0152321,51.3802792],[-0.0153111,51.3803345],[-0.015345,51.3803582],[-0.0153832,51.380385],[-0.0154063,51.3804012],[-0.0155019,51.3804681],[-0.0155389,51.380494],[-0.0155557,51.3805058],[-0.0158008,51.3806774],[-0.0159047,51.3807501],[-0.0159507,51.3807826],[-0.0160013,51.3808183],[-0.0162281,51.3809783],[-0.0162558,51.3809979],[-0.016391,51.3810933],[-0.0164056,51.3811033],[-0.0164614,51.3811414],[-0.0166197,51.3812497],[-0.0166502,51.3812706],[-0.0166832,51.3812932],[-0.0168313,51.3813944],[-0.0169822,51.3814975],[-0.0170545,51.3815469],[-0.0171077,51.3815832],[-0.0172038,51.3816489],[-0.0172528,51.3816822],[-0.0173038,51.3817168],[-0.0174214,51.3817967],[-0.0174587,51.3818221],[-0.01757,51.3818976],[-0.0176342,51.381941],[-0.0177904,51.382045],[-0.0178499,51.3820866],[-0.0179644,51.3821667],[-0.0180393,51.3822171],[-0.0180816,51.3822456],[-0.0182038,51.3823279],[-0.0182234,51.3823411],[-0.0182362,51.3823497],[-0.0182726,51.382375],[-0.0183887,51.3824557],[-0.0184598,51.3825051],[-0.0184664,51.3825097],[-0.0185189,51.3825463],[-0.0186299,51.3826235],[-0.0186689,51.3826506],[-0.0187477,51.3827054],[-0.0188414,51.382772],[-0.0188752,51.382796],[-0.0189149,51.3828242],[-0.0189608,51.3828569],[-0.0189871,51.3828754],[-0.018994,51.3828803],[-0.019124,51.382971]],[[-0.019124,51.382971],[-0.0192255,51.3830404],[-0.0193483,51.3831243],[-0.0194858,51.3832183],[-0.0197008,51.3833653]],[[-0.0197008,51.3833653],[-0.0199877,51.3835713],[-0.0203952,51.3838503],[-0.0209607,51.3842404],[-0.021629,51.3847031],[-0.022285,51.3851674],[-0.0227271,51.3854782],[-0.0230875,51.3857295],[-0.0231808,51.3858004]],[[-0.0231808,51.3858004],[-0.0233171,51.3859104]],[[-0.0233171,51.3859104],[-0.0234337,51.3860087],[-0.0235402,51.3861101],[-0.0236208,51.3862008],[-0.0236863,51.3862877],[-0.0237397,51.3863744],[-0.0237975,51.3864302]],[[-0.0239915,51.3864438],[-0.0240353,51.3864718],[-0.0240605,51.3865112],[-0.0240645,51.3865678]],[[-0.0443433,51.398612],[-0.0443807,51.3986574],[-0.0443888,51.3986952],[-0.0443823,51.3987159]],[[-0.0443823,51.3987159],[-0.0443749,51.3987393],[-0.0443378,51.3987769]],[[0.030024572465680115,51.44343439648005],[0.0300395,51.4434322]],[[0.030323517221261885,51.44431458775826],[0.0302264,51.4439769],[0.0300846,51.4435531],[0.0300395,51.4434322]],[[-0.0475034,51.3979811],[-0.0474401,51.3980683],[-0.0474269,51.3980914],[-0.0474095,51.398139],[-0.0474087,51.3981893],[-0.0474464,51.3982624],[-0.0474985,51.3983065]],[[0.0389651,51.3676025],[0.0390104,51.3675571],[0.0390057,51.3674225],[0.0390046,51.36739],[0.0390011,51.3673101]],[[0.1219692,51.4129837],[0.1219189,51.4129051],[0.1217782,51.4126965],[0.1216788,51.4125493]],[[0.1218036,51.4137168],[0.1218336,51.4136668],[0.1219157,51.4135297],[0.1219629,51.4134808],[0.1219828,51.4134601],[0.122078,51.4133106],[0.1220686,51.4131389],[0.1219692,51.4129837]],[[0.1218036,51.4137168],[0.1217388,51.4137443],[0.12169920210685202,51.413756054227875]],[[0.11563294114127584,51.41314458882612],[0.115609,51.4131152],[0.1155543,51.4130348]],[[0.1155543,51.4130348],[0.1155511,51.4129856]],[[0.1155511,51.4129856],[0.1155222,51.4129288],[0.1154901,51.4128808],[0.1154534,51.4128496],[0.1154245,51.4128286],[0.1153978,51.4128149],[0.1153654,51.4128031],[0.1153282,51.4127936],[0.1152881,51.4127896],[0.1152454,51.4127885],[0.1151795,51.4127939],[0.1151142,51.4128029],[0.115006,51.4128266],[0.1149242,51.4128475],[0.1143942,51.4129858],[0.1143058,51.4130041],[0.1142588,51.4130061],[0.1142043,51.4130034],[0.1141189,51.4129896],[0.1139477,51.4129571]],[[0.1132184,51.41253],[0.113095,51.4125378],[0.1129918,51.4125453],[0.1129083,51.4125568],[0.1128365,51.4125734],[0.1127554,51.4126018],[0.1127114,51.4126196],[0.1126721,51.4126395],[0.1126161,51.4126754],[0.1125603,51.4127246]],[[0.1217822124733012,51.41377235618797],[0.1218036,51.4137168]],[[0.1216788,51.4125493],[0.1215716,51.4123904],[0.1216057,51.4123231]],[[-0.0703915,51.4261313],[-0.07041704501838528,51.426135340580856],[-0.070523,51.4261521],[-0.0706246,51.4261843],[-0.0706451,51.4261902],[-0.0707189061279906,51.426212109054696]],[[0.0167189,51.4009478],[0.0166208,51.4009192]],[[0.0166208,51.4009192],[0.0165397,51.4008928]],[[0.0165397,51.4008928],[0.0157253,51.4006563],[0.0157041,51.4006508],[0.0153194,51.40054],[0.0151533,51.4004948],[0.0148644,51.4005034],[0.0146404,51.4005389],[0.0144799,51.400582],[0.0142997,51.4006469],[0.0141596,51.4007169],[0.0140475,51.4007829],[0.0139573,51.4008488],[0.0136648,51.4011115],[0.0136633,51.4011363]],[[0.0136633,51.4011363],[0.0136974,51.4011596],[0.0142136,51.4013492],[0.0155423,51.401783]],[[0.1217132,51.399366],[0.1214872,51.3996856],[0.1210003,51.4003744],[0.1209694,51.4004181]],[[0.1209694,51.4004181],[0.1197131,51.400366],[0.1196597,51.4003638],[0.1186236,51.4003111],[0.1182548,51.4003352],[0.1180888,51.4003894],[0.1176349,51.4005873],[0.1174181,51.4006598],[0.1171482,51.4007297],[0.1164748,51.400885]],[[0.1164748,51.400885],[0.1163436,51.4006874],[0.1162364,51.4005058],[0.1161768,51.4003926],[0.1161479,51.4003261],[0.1161231,51.4002547],[0.1160322,51.3999047],[0.1159653,51.3996304],[0.1158989,51.3993672],[0.1158738,51.3992591],[0.115854,51.3991582],[0.1158327,51.3990529],[0.1158208,51.3989732],[0.11581,51.3988561],[0.1158077,51.3987523],[0.1158081,51.3986646],[0.115813,51.3985399],[0.1158219,51.3984006],[0.1158375,51.3982055],[0.115856,51.3979834],[0.1158614,51.3978772],[0.1158605,51.3977915],[0.1158535,51.3977188],[0.1158433,51.397648],[0.1158156,51.397535],[0.1157369,51.39732],[0.1154566,51.3965337],[0.1153384,51.3963293],[0.1152914,51.3962452],[0.1152488,51.3961583],[0.1151999,51.3960452],[0.1151513,51.3959296],[0.115108,51.3958057],[0.1151129,51.3957081]],[[0.1143973,51.3959293],[0.1151129,51.3957081]],[[0.1142393,51.393532],[0.1142244,51.393599],[0.1141996,51.3936915],[0.1141633,51.3939221]],[[0.1144463,51.3930466],[0.1142562,51.3934816],[0.1142393,51.393532]],[[0.1145668,51.3926984],[0.1144463,51.3930466]],[[0.1147536,51.3919127],[0.1147114,51.3919865],[0.1146867,51.3920666],[0.1146402,51.3923116],[0.1145668,51.3926984]],[[0.1192316,51.382857],[0.1187279,51.3829734],[0.1184597,51.38307],[0.1180898,51.3832032],[0.1178614,51.3833047],[0.117511,51.3834596],[0.1174661,51.3834795],[0.1173772,51.3835195],[0.1169984,51.3836897],[0.1163678,51.3839906],[0.11608,51.3840845],[0.1157126,51.3841541],[0.1153518,51.3842392],[0.115097,51.3843425],[0.1148797,51.3844631],[0.1146908,51.3845857],[0.1145183,51.3847299],[0.1144002,51.3848607],[0.1142756,51.3850352],[0.1141077,51.3853122],[0.1139241,51.3855344],[0.1137071,51.3857068],[0.1135719,51.3858105],[0.1134193,51.3858917],[0.1132567,51.3859705]],[[0.1255212,51.3811178],[0.1241823,51.3815273],[0.1235105,51.3818824],[0.1225072,51.3824195],[0.1221897,51.3825134],[0.1217514,51.3825966],[0.1206851,51.3827433],[0.1197105,51.3828535],[0.119384,51.3828903],[0.1193431,51.3828862],[0.1192316,51.382857]],[[0.1255212,51.3811178],[0.1254532,51.380934],[0.1253005,51.3805298],[0.1252835,51.3804923]],[[0.1208861,51.3820014],[0.1209979,51.3820088],[0.1210753,51.3820048],[0.1217222,51.3819097],[0.1218739,51.3818614],[0.122242,51.3816872],[0.1231039,51.3811778],[0.1238908,51.3808612],[0.1245592,51.3806453],[0.1252835,51.3804923]],[[0.1208861,51.3820014],[0.120938,51.3818441],[0.1211481,51.3814688],[0.1219313,51.38034],[0.12233,51.3796235],[0.1223664,51.3794684],[0.122333,51.3792617],[0.1222574,51.3790046]],[[0.1213475,51.3790709],[0.1215331,51.3790896],[0.1222574,51.3790046]],[[0.1213475,51.3790709],[0.1213943,51.3788712],[0.1215492,51.3784329]],[[0.1215492,51.3784329],[0.1216134,51.3782912],[0.1217134,51.378125],[0.1218316,51.3779719],[0.1221057,51.3777148],[0.1223409,51.3774739],[0.1227263,51.3771263],[0.1227741,51.3770659]],[[0.1227741,51.3770659],[0.1228677,51.3769162],[0.122945,51.3767781]],[[0.0798722,51.3639242],[0.0798965,51.3639732],[0.0799177,51.3640263],[0.0799459,51.3641947],[0.0799915,51.3643889],[0.0800787,51.3646502],[0.0801538,51.3648746],[0.0802544,51.3650839],[0.0802881,51.365148],[0.0804381,51.3653058],[0.0806849,51.3655579],[0.0807492,51.3656064],[0.0810416,51.3658007],[0.0814741,51.3660201],[0.0817591,51.3661155],[0.0820622,51.3663123],[0.082266,51.3664655],[0.0826241,51.3667117],[0.0830761,51.3670089],[0.0833859,51.367178],[0.0838003,51.367461],[0.0845017,51.3680036],[0.0847645,51.3682925],[0.0849406,51.3684909],[0.0851556,51.3687288],[0.0854328,51.3689509],[0.0855869,51.3690772],[0.0858474,51.3692739],[0.0864917,51.3696835],[0.086922,51.3699912],[0.0870781,51.3700991],[0.0873522,51.3702724],[0.0879904,51.3706062],[0.0882361,51.3707628],[0.0883506,51.3708423],[0.0885053,51.3709346],[0.088592,51.3709797],[0.0886693,51.3710138],[0.0887371,51.371042],[0.0888104,51.371069],[0.0888985,51.3710957],[0.0892236,51.371188],[0.0897899,51.3713497],[0.0898895,51.3713761],[0.0899636,51.3713916],[0.0900415,51.3714052],[0.0901708,51.3714243],[0.0902386,51.3714388],[0.0905839,51.3715442],[0.0906934,51.3715794],[0.0908029,51.3716195],[0.0909261,51.3716761],[0.0910581,51.3717459],[0.0911092,51.3717754],[0.0911407,51.3718025],[0.091178,51.3718509]],[[0.0800224,51.3637233],[0.0800505,51.3637877],[0.0800452,51.3638455],[0.0799701,51.3638991],[0.0798722,51.3639242]],[[0.0800224,51.3637233],[0.080572,51.3634786],[0.0813987,51.3632168],[0.0815062,51.3632133]],[[0.0815062,51.3632133],[0.0815028,51.3632529],[0.0815213,51.3632909],[0.0815595,51.3633226],[0.0816303,51.3633483],[0.0816933,51.3633533],[0.0817553,51.3633445],[0.0818088,51.363323],[0.0818542,51.363282],[0.0818702,51.3632515]],[[0.0864346,51.3609248],[0.086518,51.3610703],[0.0865425,51.3611904],[0.0865174,51.3613122],[0.0864447,51.3614344],[0.0858649,51.362095],[0.0858549,51.3621066],[0.0856842,51.3622854],[0.0855685,51.3623403],[0.0841134,51.3626866],[0.0834344,51.3628556],[0.0826533,51.3630394],[0.0819588,51.3632464],[0.0818702,51.3632515]],[[0.0807,51.3618713],[0.0807875,51.3618159],[0.0814752,51.3615428],[0.0826646,51.3610777],[0.0840676,51.3605395],[0.0841653,51.3605054],[0.0842728,51.3604998],[0.0845511,51.3605176],[0.0845881,51.3605206],[0.0857962,51.3606201],[0.0860042,51.3606612],[0.0861854,51.360726],[0.0862966,51.3608004],[0.0864346,51.3609248]],[[0.0807,51.3618713],[0.0806143,51.3618761],[0.0805381,51.3619056],[0.0805006,51.361954],[0.0805151,51.3620107],[0.0805655,51.3620502],[0.0806384,51.3620709]],[[0.0806384,51.3620709],[0.0805747,51.3621016],[0.0799083,51.3623258],[0.0784148,51.362662]],[[0.0772176,51.3621441],[0.0772719,51.3621929],[0.0776181,51.3623217],[0.0779258,51.3624218],[0.0781297,51.3625124],[0.0782954,51.3625955],[0.0784148,51.362662]],[[0.0773121,51.3620684],[0.077319,51.3620259],[0.0773024,51.3619843],[0.0772644,51.3619488],[0.0772152,51.3619252]],[[0.064911,51.3606865],[0.0648601,51.3607916],[0.0648378,51.3608276],[0.0647367,51.36099],[0.0646422,51.3611419],[0.0646094,51.3612053],[0.0644203,51.3615705],[0.0642764,51.3618484],[0.0641192,51.3620445],[0.0639806,51.3621329],[0.0638725,51.362242],[0.0637768,51.3625243],[0.0637493,51.3629597],[0.0635418,51.3642356],[0.0634671,51.3645892],[0.0632959,51.3648714],[0.0631397,51.3650435],[0.0630055,51.3651475],[0.0627919,51.3652936],[0.0626384,51.3653715],[0.0623006,51.3655431],[0.062016,51.3657014],[0.0618209,51.36581],[0.0616821,51.3659],[0.0612201,51.3662095],[0.0605843,51.3666804],[0.0602385,51.3671264]],[[0.0602385,51.3671264],[0.0601135,51.3673305],[0.0600749,51.3675488],[0.0600842,51.3675908],[0.0600636,51.3676621],[0.0599716,51.3678285],[0.0599488,51.3678697],[0.0596401,51.3683929],[0.0594328,51.3687289],[0.059377,51.3688035],[0.0592936,51.3688881],[0.0591838,51.3689514],[0.0590369,51.369038],[0.0588903,51.3690953],[0.0588521,51.3691156]],[[0.0806384,51.3620709],[0.0807068,51.3620649],[0.0807721,51.3620397],[0.0808228,51.3620004],[0.0808167,51.3619442],[0.0807746,51.3618947],[0.0807,51.3618713]],[[0.0818702,51.3632515],[0.0818586,51.3632038],[0.0818288,51.3631688],[0.0817788,51.3631411],[0.0817195,51.3631269],[0.0816559,51.3631262],[0.0815958,51.3631391],[0.0815464,51.3631641],[0.0815062,51.3632133]],[[0.0796562,51.3637367],[0.0797488,51.3636881],[0.0798105,51.3636697],[0.0798883,51.3636772],[0.0800224,51.3637233]],[[0.0796562,51.3637367],[0.0797509,51.3637957],[0.079789,51.3638334],[0.0798306,51.3638728],[0.0798722,51.3639242]],[[0.1239456,51.399873],[0.1232456,51.4003121],[0.1231324,51.400376],[0.1229933,51.4003964],[0.1222245,51.4004457],[0.1209694,51.4004181]],[[0.1218918,51.3991133],[0.1228557,51.3994683],[0.1237761,51.3998073],[0.1239456,51.399873]],[[0.1218918,51.3991133],[0.1217132,51.399366]],[[0.0222125,51.3655169],[0.021766,51.3656588],[0.0204271,51.3661966],[0.0182107,51.3670956],[0.0176559,51.3673214],[0.0176231,51.3673398],[0.0176063,51.367358],[0.0176013,51.367387]],[[-0.0257705,51.4108013],[-0.0256354,51.4107703],[-0.0255253,51.410745],[-0.0254878,51.4106848],[-0.0255955,51.410513],[-0.0256428,51.4104362]],[[-0.0256428,51.4104362],[-0.0249831,51.4102662]],[[0.0187177,51.4063713],[0.0188164,51.4064182],[0.0189254,51.4064494],[0.0190788,51.4064764]],[[0.0737106,51.4263864],[0.0736543,51.4263218],[0.0729481,51.4255624],[0.0728233,51.4254342],[0.0727486,51.425307],[0.0726667,51.4249845],[0.0725642,51.424745],[0.0724797,51.424567],[0.0723937,51.4244196]],[[0.0737106,51.4263864],[0.0738693,51.42635],[0.0740509,51.4263196],[0.0741234,51.4263219],[0.0743723,51.4263298],[0.0744003,51.4263345],[0.0746106,51.42637],[0.0746552,51.4263821],[0.0748714,51.4264409],[0.0750373,51.4265063],[0.0751564,51.4265686],[0.075282,51.426647],[0.0753833,51.4267014],[0.0754656,51.426764],[0.0755362,51.4268313],[0.0755467,51.4268436],[0.0755974,51.4269031],[0.0756119,51.4269261],[0.0756355,51.4269637],[0.0756719,51.4270216],[0.0757168,51.4271177],[0.0757268,51.4271475],[0.0757535,51.4272274],[0.075789,51.4273122],[0.07586,51.4274229],[0.0759024,51.4274746],[0.0760001,51.427594],[0.0760408,51.4276426],[0.0761749,51.4277741],[0.0762628,51.4278656],[0.0763189,51.4279468],[0.0763451,51.4279878],[0.0763776,51.4280554],[0.0764157,51.4281391],[0.0764262,51.4281898],[0.0764343,51.4282429],[0.0764401,51.4283053],[0.0764374,51.4283433],[0.0764267,51.4283996],[0.0764119,51.4284554],[0.0764038,51.428481],[0.0763939,51.4285061],[0.0763583,51.4285765],[0.0762938,51.4286615],[0.0762062,51.4287559],[0.0757778,51.4290267],[0.0752971,51.4293252],[0.0751192,51.4294357],[0.0750137,51.4295016],[0.0749775,51.4295243],[0.0749274,51.4295559],[0.0748669,51.4295964],[0.0747751,51.4296559],[0.0741468,51.4300492],[0.0740207,51.4301839],[0.0739465,51.4303252],[0.0739207,51.4304111],[0.0739073,51.4304971],[0.0739107,51.4305873],[0.0739212,51.4307334],[0.0739234,51.4307645],[0.073926,51.4308012],[0.0739268,51.4308125],[0.0739219,51.430863],[0.0739081,51.4309196],[0.073887,51.4309665],[0.073879,51.4309841],[0.0738746,51.4309939],[0.0738418,51.431028],[0.0737946,51.4310801],[0.0737125,51.431144],[0.0736607,51.4311738],[0.0736129,51.4312013]],[[0.0736129,51.4312013],[0.07344802153443931,51.43124667386494]],[[0.07309331125027752,51.431344305687865],[0.07305317883067865,51.43135535643626]],[[0.06617196759762106,51.425925311333636],[0.066177,51.4259174]],[[-0.026009,51.4105258],[-0.0259162,51.4105037],[-0.0256428,51.4104362]],[[-0.026009,51.4105258],[-0.0259657,51.4106005],[-0.0259406,51.4106416],[-0.0258656,51.4107648],[-0.0258246,51.4107912],[-0.0257705,51.4108013]],[[-0.0237056,51.3870242],[-0.0237171,51.3869369],[-0.0237316,51.3868754],[-0.0237487,51.3868263],[-0.0237575,51.3868042],[-0.0237678,51.3867855],[-0.0237999,51.3867483]],[[-0.0236482,51.3875374],[-0.0237056,51.3870242]],[[-0.0236131,51.3878187],[-0.0236318,51.3876725],[-0.0236482,51.3875374]],[[-0.0235457,51.3883884],[-0.0235611,51.3882624],[-0.0236131,51.3878187]],[[-0.0234003,51.3911067],[-0.0234314,51.390575],[-0.0234504,51.3901445],[-0.0234743,51.3897758],[-0.023493,51.3892705],[-0.0235212,51.3886187],[-0.0235345,51.3884933],[-0.0235457,51.3883884]],[[-0.0232064,51.3926938],[-0.0232655,51.3925882],[-0.023293,51.3925297],[-0.0233098,51.3924859],[-0.0233238,51.3924372],[-0.0233302,51.3923912],[-0.0233353,51.3923102],[-0.0233534,51.3918834],[-0.0233759,51.391524],[-0.0234003,51.3911067]],[[-0.0231611,51.3946186],[-0.0232521,51.3936234],[-0.0232911,51.3929759],[-0.023285,51.3929155],[-0.0232779,51.392866],[-0.0232684,51.3928215],[-0.0232538,51.3927806],[-0.0232064,51.3926938]],[[-0.022145,51.395595],[-0.0225204,51.3952897],[-0.0226591,51.3951741],[-0.0228362,51.39502],[-0.0230105,51.3948623],[-0.0230478,51.3948245],[-0.0230832,51.3947825],[-0.0231131,51.3947388],[-0.0231389,51.3946872],[-0.0231611,51.3946186]],[[-0.0220488,51.3956761],[-0.022145,51.395595]],[[-0.0200244,51.3971238],[-0.0201004,51.3970661],[-0.0201519,51.3970319],[-0.0202131,51.3969978],[-0.0203271,51.3969509],[-0.0205134,51.3968754],[-0.0206024,51.3968337],[-0.0206781,51.3967921],[-0.0207473,51.3967453],[-0.0208269,51.3966841],[-0.0213746,51.3962323],[-0.0220488,51.3956761]],[[-0.0200244,51.3971238],[-0.0200617,51.39716],[-0.0200823,51.3971936],[-0.0200877,51.3972355],[-0.0200726,51.3972815],[-0.0200429,51.3973184],[-0.0199983,51.397344],[-0.0199392,51.3973632],[-0.0198636,51.3973704]],[[-0.0198636,51.3973704],[-0.01986,51.3974153],[-0.0198477,51.3974431],[-0.0198124,51.3974935],[-0.0195894,51.3976817],[-0.0193722,51.3978809]],[[-0.0193722,51.3978809],[-0.0190464,51.3981798],[-0.0186049,51.3985774],[-0.0184721,51.3986975],[-0.0181815,51.3989218],[-0.0181493,51.3989468],[-0.0181345,51.3989893],[-0.0181534,51.399043]],[[-0.0082741,51.3991935],[-0.008245,51.3992462],[-0.0081415,51.3993119],[-0.007352,51.3994604],[-0.0067779,51.3995956],[-0.0061303,51.3998002],[-0.0057152,51.3999655],[-0.0052156,51.400244],[-0.0046954,51.4005895],[-0.00442,51.400824],[-0.0039101,51.4013243],[-0.0036087,51.40162],[-0.0031055,51.4020985],[-0.002925,51.4022637],[-0.0027663,51.4023783],[-0.0025635,51.4025005],[-0.0022539,51.4026248],[-0.0019298,51.4027648],[-0.0014402,51.4030395]],[[0.0010022,51.4055348],[0.0010875,51.4057674],[0.00112,51.4058448],[0.001245,51.4061193],[0.0012623,51.4061581],[0.0012983,51.4062688]],[[0.0642699,51.3607667],[0.0643223,51.3607392],[0.0643391,51.3607082],[0.0643463,51.3606755],[0.0643599,51.3606517],[0.0643824,51.3606279],[0.0644439,51.3605416]],[[0.0683669,51.3594772],[0.0678968,51.3594341],[0.0676876,51.3594094],[0.0669385,51.3592876],[0.0667856,51.3592713],[0.066561,51.3592587],[0.0663602,51.3592574],[0.0662165,51.3592675],[0.0661198,51.3592859],[0.0660413,51.3593069],[0.0658914,51.3593592],[0.0657476,51.3594308],[0.0656196,51.3595092],[0.0655103,51.3595799],[0.0654074,51.3596585],[0.0650471,51.3600232],[0.0649236,51.3601488],[0.0648422,51.3602306],[0.06477,51.3602932],[0.0646998,51.3603501],[0.0646249,51.3604074],[0.0644439,51.3605416]],[[0.0683669,51.3594772],[0.0686307,51.35949],[0.0687655,51.3594918],[0.068923,51.3594885],[0.0692212,51.359474],[0.0693846,51.359465],[0.0695736,51.3594522],[0.0697196,51.3594385],[0.0698314,51.359422],[0.0700017,51.3593903],[0.0701691,51.3593634],[0.0703844,51.3593357],[0.0705433,51.3593197],[0.0707195,51.3593034],[0.0708332,51.3592953],[0.070922,51.3592921],[0.0709983,51.3592933],[0.0710658,51.3593003],[0.0711541,51.3593148],[0.0712402,51.3593341],[0.071349,51.3593636]],[[0.071349,51.3593636],[0.0717404,51.3594862],[0.0718933,51.359523]],[[0.0718933,51.359523],[0.0719875,51.3595425],[0.0720732,51.3595568],[0.0721518,51.3595678],[0.0722414,51.3595793],[0.0723271,51.3595884],[0.0724101,51.3595953],[0.0724949,51.3596003],[0.0725831,51.3596041],[0.0726906,51.3596075],[0.0728046,51.3596086],[0.0728927,51.3596062],[0.0729836,51.3596015],[0.073223,51.359584],[0.0737995,51.3595293]],[[0.0737995,51.3595293],[0.0742769,51.3594839],[0.0753162,51.3593726],[0.075691,51.3593371]],[[0.075691,51.3593371],[0.0764151,51.3592371]],[[0.0847215,51.357806],[0.0845849,51.3578481],[0.0844446,51.3578972],[0.0838812,51.3581074],[0.0836454,51.3581987],[0.0835711,51.3582263],[0.0834926,51.3582483],[0.0834044,51.3582669],[0.0832203,51.3583035],[0.0830016,51.3583411],[0.08269,51.3583909],[0.0823671,51.3584385],[0.0794641,51.3588299],[0.0764151,51.3592371]],[[0.0644439,51.3605416],[0.06431,51.3605989],[0.0642522,51.3606302],[0.0641552,51.3606826],[0.0638687,51.3608266]],[[-0.0198636,51.3973704],[-0.0197974,51.3973657],[-0.0197511,51.3973544],[-0.0197048,51.3973341],[-0.0196656,51.397304],[-0.0196452,51.3972688],[-0.0196369,51.3972291],[-0.0196431,51.3971886],[-0.0196751,51.3971425],[-0.0197259,51.3971094],[-0.0197839,51.3970895],[-0.0198435,51.3970836],[-0.0199087,51.3970879],[-0.0199697,51.3971014],[-0.0200244,51.3971238]],[[0.14882667506685454,51.40840270487255],[0.147889,51.4086828],[0.1469114,51.4089113],[0.1464235,51.4090083],[0.1453946,51.409179],[0.1445335,51.4092985],[0.1437879,51.4093554],[0.1428661,51.4093807],[0.1413286,51.4093938],[0.1411728,51.4093926]],[[0.1411728,51.4093926],[0.140778,51.4093926]],[[0.140778,51.4093926],[0.1406799,51.409392],[0.1399221,51.4094058],[0.1343946,51.4094166],[0.1328548,51.4094587],[0.1316844,51.4095114],[0.1306267,51.4096056],[0.1295959,51.4097392],[0.1283435,51.4099504],[0.1254089,51.4105344]],[[0.1254089,51.4105344],[0.1252438,51.410568]],[[0.1252438,51.410568],[0.1197643,51.4116429]],[[0.1197643,51.4116429],[0.1172682,51.4121366]],[[0.1172682,51.4121366],[0.115405,51.4125091],[0.1144327,51.4126987]],[[0.1144327,51.4126987],[0.114004,51.4127814],[0.11317827472336468,51.412944460943066]],[[0.1125311676759098,51.41308125038054],[0.1118721,51.4132237]],[[0.1118721,51.4132237],[0.1110922,51.4134062],[0.11106000309075006,51.413414403057814]]]}},{"type":"Feature","properties":{"kind":"stops"},"geometry":{"type":"MultiPoint","coordinates":[[-0.0333131,51.4245767],[0.044659,51.4168229],[0.1083048,51.3566007],[-0.0255257,51.4110326],[0.0084681,51.3768303],[0.1382491,51.3858355],[-0.0533631,51.4188029],[0.0578835,51.4051744],[-0.0144917,51.3814027],[-0.0561355,51.4035603],[-0.0431569,51.4096366],[0.0032733,51.4050128],[-0.0614443,51.4093355],[-0.0655535,51.4120799],[-0.0718605,51.4157186],[-0.0587258,51.4089692],[-0.024437,51.3870018],[-0.0414322,51.3932364],[-0.0383503,51.3917863],[-0.0338738,51.3920696],[-0.0293982,51.3910425],[-0.043591,51.3976595],[-0.049519,51.4067969],[-0.0410301,51.3930516],[-0.0371366,51.3919377],[-0.0334728,51.392117],[-0.0008956,51.4032281],[-0.0495263,51.3983499],[-0.0686758,51.4132109],[-0.0702388,51.4143434],[-0.0629985,51.4070451],[-0.0666922,51.4161687],[-0.0532106,51.4199963],[-0.0698839,51.4142445],[0.1125074,51.4114649],[-0.0264385,51.4107268],[-0.0276609,51.411208],[0.0886384,51.3727402],[0.0112384,51.382944],[0.1248941,51.3812456],[0.1252728,51.3806731],[0.1231701,51.3819828],[0.1157863,51.398144],[0.1159661,51.3980933],[0.1175995,51.400653],[0.1236235,51.400141],[0.1222801,51.3815755],[-0.0668161,51.4120417],[-0.0667868,51.4118437],[-0.0643557,51.4124361],[-0.0658316,51.4119144],[-0.0255987,51.4108125],[-0.026865,51.4107963],[0.0454252,51.4005068],[-0.0564703,51.4051552],[-0.0563705,51.4048402],[0.0165318,51.4082475],[0.0167028,51.4082106],[0.0161474,51.4087354],[0.0164765,51.4088279],[0.0169388,51.4002455],[0.0167755,51.4006663],[0.0170661,51.4006268],[0.0171397,51.4004831],[0.1064305,51.35733],[0.1062517,51.3572233],[-0.026563,51.3896581],[-0.0268527,51.3901592],[-0.0498733,51.3993123],[0.0458709,51.4168252],[0.0459598,51.4165548],[0.0110634,51.3761268],[0.0108677,51.3762374],[-0.0460495,51.4103151],[-0.0474846,51.4109232],[0.0230877,51.4139639],[0.0226237,51.4139411],[-0.0153093,51.3802394],[-0.0141001,51.3792991],[-0.013062,51.3815784],[-0.0129454,51.3814857],[0.0364449,51.4099807],[-0.0432278,51.4093756],[-0.0441526,51.4094054],[0.0591648,51.4052046],[0.0593064,51.4051351],[-0.0395793,51.4086434],[-0.0405292,51.4089371],[-0.0738807,51.4178784],[-0.0736318,51.4172619],[0.0680305,51.4212678],[-0.005,51.4073477],[-0.0050418,51.4072108],[0.0820665,51.3755955],[0.0820241,51.3749228],[0.0826394,51.3772378],[0.0827467,51.3770556],[-0.0317733,51.4249136],[-0.0338586,51.4162775],[-0.0335535,51.4166555],[0.0871309,51.3727026],[0.0886935,51.3727974],[0.0896682,51.3735325],[0.089612,51.3734823],[0.089563,51.3734155],[0.0895642,51.3731117],[-0.0527653,51.4194578],[-0.0617741,51.4174041],[-0.0590718,51.4177168],[-0.0574199,51.4172511],[0.0735353,51.3884834],[0.0733263,51.3885207],[-0.0049177,51.4125794],[-0.0047162,51.4124329],[0.0032054,51.4064087],[0.0003597,51.4064879],[0.0008694,51.4052662],[0.1071841,51.395767],[0.1073774,51.3956784],[0.0564267,51.3823009],[0.1028665,51.3940358],[0.1002057,51.3940024],[0.1051248,51.3933666],[0.0965431,51.3943601],[0.0966704,51.3942067],[-0.0600091,51.4091801],[-0.0588664,51.4090445],[-0.0603292,51.4083398],[-0.0633934,51.406716],[-0.0645636,51.4063011],[-0.0678883,51.4128497],[-0.072796,51.4158646],[-0.0728585,51.4156933],[0.0438884,51.3073362],[0.0429343,51.3073575],[0.0921858,51.3925029],[0.0916611,51.3929095],[0.114132,51.3853716],[0.1035578,51.3894979],[0.1030736,51.3894899],[0.1208791,51.3696229],[-0.0559808,51.4108358],[-0.054712,51.4115558],[0.0621909,51.4076604],[0.0629761,51.4082114],[-0.0183651,51.3640296],[-0.0182652,51.3639367],[-0.0007962,51.3709079],[-0.0020273,51.370732],[-0.0021522,51.3704951],[0.0659443,51.4196871],[-0.0325029,51.4067616],[-0.0304651,51.4066799],[-0.0312954,51.4067273],[0.0962472,51.4073205],[0.096453,51.4068734],[0.0802099,51.3622937],[0.0818634,51.4151364],[0.0818061,51.4150011],[-0.0581948,51.4067644],[-0.0575034,51.4062666],[-0.0090955,51.4067324],[0.0323256,51.34365],[0.03221,51.3433692],[0.0725844,51.3188157],[0.1145493,51.3924398],[0.114734,51.3922473],[-0.0431254,51.4089085],[-0.0431985,51.4086007],[0.0450498,51.3938511],[0.0452431,51.3939717],[0.1065539,51.410977],[0.0021528,51.3927677],[0.0009604,51.3922196],[-0.0103397,51.3869434],[-0.0101976,51.3869661],[0.0086183,51.3896497],[0.0273932,51.3677993],[0.0276219,51.3676845],[0.0191062,51.375244],[0.0199558,51.3745629],[0.0326761,51.4097256],[0.0328836,51.4096385],[0.0460914,51.4297268],[0.0455684,51.4297498],[0.0790702,51.3866538],[0.0788386,51.3866298],[0.0897271,51.4165774],[0.0894124,51.416396],[0.0889655,51.4196478],[-0.0511547,51.4030858],[-0.0536524,51.4022913],[-0.05388,51.4022794],[-0.0054246,51.4050187],[-0.0053037,51.4048282],[-0.0280289,51.4067772],[-0.0345924,51.4044027],[-0.0340334,51.4047068],[-0.0325503,51.4065692],[-0.0034104,51.3955095],[-0.0028044,51.3951078],[-0.024987,51.4154508],[-0.0246045,51.4159002],[-0.0309021,51.4007891],[-0.0305804,51.4000372],[0.0996976,51.4086208],[0.0989559,51.4084359],[0.0926976,51.4056566],[0.0924562,51.4054256],[-0.0350457,51.4129546],[-0.0348854,51.4131839],[0.088712,51.4009346],[0.0884168,51.4016809],[0.0427351,51.3858755],[0.0428919,51.3858399],[0.1162309,51.3937836],[0.1171486,51.3934886],[0.07211,51.4245346],[0.072474,51.4247382],[0.0727068,51.4248394],[0.0712505,51.424674],[-0.0732888,51.4138424],[-0.0727872,51.4141516],[0.0820964,51.3850015],[0.0822927,51.3847351],[0.02362,51.3968033],[0.022787,51.3970629],[-0.0273339,51.3812952],[-0.0274574,51.3806202],[-0.0629943,51.4097116],[0.0050445,51.393797],[0.0045184,51.3934664],[0.095072,51.3919906],[0.0169306,51.4060579],[0.0167618,51.4027806],[0.0165326,51.4027447],[0.0139055,51.4059589],[0.0133392,51.4061772],[0.0021782,51.4110333],[0.0021789,51.4112658],[0.0438683,51.3761753],[0.0444781,51.3756482],[0.0354954,51.3889172],[0.0040608,51.4171859],[0.002756,51.417842],[0.0112341,51.4077929],[0.0106157,51.4070701],[0.0113844,51.4079663],[0.0189291,51.3987947],[0.0191558,51.3985738],[0.0147532,51.4068812],[0.013788,51.4078855],[0.0198393,51.4064843],[0.0198545,51.4066392],[-0.0155769,51.4064824],[0.0178368,51.4062853],[0.0166507,51.4060185],[0.016058,51.4206901],[0.0165086,51.4206532],[0.0644287,51.4092288],[0.0667016,51.4100783],[0.0147615,51.3970547],[0.0153903,51.3960368],[0.1070899,51.3820493],[0.1057331,51.381604],[0.0268953,51.3307942],[0.027582,51.3325353],[0.0346804,51.3109618],[0.0356199,51.3106639],[0.034939,51.3115006],[0.0265444,51.3116754],[0.0264786,51.3101984],[0.0031265,51.3614483],[0.0040328,51.3657979],[0.0037362,51.3631974],[-0.0364789,51.3976893],[-0.0360681,51.3974274],[0.0887605,51.3936016],[0.0882464,51.3938003],[0.0400147,51.4036221],[0.0388672,51.4039856],[0.0530425,51.4018974],[0.0538181,51.4018531],[0.054368,51.3906942],[0.052987,51.3903341],[-0.0198283,51.4058029],[-0.0195864,51.4065732],[0.0449092,51.3156335],[0.0320304,51.3079774],[0.0314779,51.3080076],[0.1016609,51.3443702],[0.0971192,51.3686459],[0.1007365,51.3661655],[0.0996729,51.3667125],[0.1021015,51.3652695],[0.103073,51.3645409],[0.1073573,51.3640129],[0.1068735,51.3638813],[0.0444772,51.3154576],[0.1044993,51.3563182],[0.1038294,51.3558521],[0.1239025,51.3723816],[0.1276255,51.3575817],[0.0959707,51.3670558],[0.0977456,51.3651246],[0.0966428,51.3686504],[0.0630428,51.3865622],[0.0011492,51.3672178],[0.0733009,51.4313112],[0.0129541,51.4206717],[-0.0673059,51.4149205],[-0.0664433,51.4156034],[0.0095371,51.3960707],[0.0085285,51.396136],[0.0084372,51.3954187],[-0.0510313,51.4030022],[0.038037,51.3888195],[0.0775208,51.4106717],[0.075142,51.412039],[0.0697692,51.4214009],[0.0694371,51.420934],[0.0690969,51.4205359],[0.0694597,51.4109605],[0.0707497,51.4115976],[0.0923383,51.3910084],[0.0924497,51.390883],[0.0667601,51.4188708],[0.0725933,51.4134713],[0.0734719,51.4130016],[0.0757983,51.4126137],[0.0995655,51.4048385],[0.0984475,51.4049805],[0.0011381,51.3694321],[0.0012581,51.3692085],[0.0023345,51.3701306],[0.0029688,51.3701088],[0.0015342,51.373935],[0.0013906,51.373682],[0.0796795,51.3623105],[-0.0248375,51.412208],[-0.0246044,51.4122668],[0.1080839,51.4089702],[0.1064678,51.4087979],[0.0245973,51.3684211],[0.0249603,51.3679933],[-0.0593193,51.4082167],[-0.0782138,51.4203678],[-0.0780983,51.4208027],[-0.0775248,51.4216129],[-0.0771423,51.4197851],[-0.0775231,51.4197668],[-0.0648001,51.4175951],[-0.0621988,51.4185561],[0.0742742,51.3163584],[0.0742387,51.3168494],[0.0803063,51.3393063],[0.004237,51.3992177],[0.0062417,51.3983702],[0.0074234,51.3971622],[0.0541709,51.3306606],[0.0709377,51.3207603],[0.096156,51.3907005],[0.0954158,51.3906665],[-0.0011697,51.4032334],[0.0420768,51.3988366],[0.041313,51.398699],[0.1025944,51.3972683],[0.1021148,51.3973422],[-0.0492874,51.4042021],[-0.0472983,51.4052479],[-0.0491592,51.4120044],[-0.0493481,51.411944],[-0.0098846,51.4035575],[-0.0102736,51.4036822],[0.0430742,51.4299482],[0.0420302,51.4296957],[-0.0073937,51.3698582],[-0.0075541,51.3701842],[0.1082749,51.3716393],[0.1085168,51.3714974],[0.1094293,51.3700399],[0.1096234,51.3696362],[0.1181753,51.3695282],[0.1004035,51.3900322],[0.1005419,51.3899078],[0.0680229,51.3889412],[0.0671467,51.3886012],[0.0888949,51.3607417],[0.0892762,51.360906],[0.004714,51.3811957],[0.0048898,51.3812539],[0.0987504,51.3596027],[0.0984045,51.3595272],[0.0170331,51.3833595],[0.0172112,51.3837567],[-0.0764133,51.423349],[0.0468581,51.3450124],[0.0469274,51.3451388],[0.0532595,51.337811],[0.0516321,51.333728],[0.0358485,51.34645],[0.053827,51.3358832],[0.0522031,51.3320836],[-0.0050044,51.4099429],[0.0385172,51.4291561],[0.0529039,51.4291305],[0.0525332,51.4289306],[0.0826398,51.3584434],[0.0818748,51.35846],[0.1127308,51.3776025],[0.1122462,51.3775897],[-0.0067741,51.3983208],[-0.0067794,51.3984883],[-0.0059437,51.3999418],[-0.065894,51.4054495],[0.1143149,51.3848134],[0.1137649,51.3855236],[0.1137313,51.3857568],[-0.023356,51.3899059],[0.1154361,51.3738904],[0.1163593,51.3740748],[-0.0475974,51.3984084],[-0.0479992,51.3976161],[-0.0486615,51.3966225],[-0.0428026,51.3991914],[-0.0431952,51.3985529],[-0.0459888,51.3983692],[0.0161543,51.4017621],[0.0160212,51.4019317],[-0.0381028,51.4085144],[0.0543591,51.4278963],[0.0407043,51.4374874],[0.0399364,51.4370785],[-0.0156484,51.3964229],[-0.0154593,51.3964275],[0.1138891,51.3624371],[0.1044001,51.3610162],[0.1038516,51.3609108],[0.1224988,51.3876994],[0.122783,51.3880571],[0.1231379,51.3876697],[0.0769567,51.3733211],[0.0755953,51.3742156],[0.0739388,51.3732857],[0.0819884,51.37335],[0.0822383,51.3730529],[0.0797582,51.3808213],[0.0798379,51.3819451],[-0.0373671,51.4026147],[-0.0367603,51.402828],[0.0803221,51.390597],[0.0788992,51.3904335],[0.1460578,51.3841524],[0.1452582,51.3840995],[0.0056238,51.4077088],[0.0060023,51.4075828],[0.0715403,51.3594858],[0.0701518,51.3593194],[0.0645728,51.361098],[0.0649111,51.3600798],[0.0646271,51.3613696],[0.0650076,51.3602137],[0.0889196,51.3567094],[0.0892195,51.3563357],[0.0560412,51.3644767],[0.0541552,51.3654889],[0.0579838,51.3653722],[0.0582438,51.3655765],[0.049725,51.3683718],[0.0493073,51.3686304],[0.0727272,51.3620827],[0.0726788,51.3619521],[0.0506022,51.3436543],[0.0511376,51.3424465],[0.0093711,51.4112599],[0.0102239,51.4104189],[0.0376649,51.358823],[0.0389666,51.3603115],[0.0224049,51.3719179],[0.0224383,51.3717791],[-0.0750299,51.4255164],[-0.02147,51.4129765],[-0.0207416,51.4127923],[0.1098877,51.37814],[0.1095487,51.3780919],[0.1117166,51.3728551],[0.0631842,51.3710211],[0.0639281,51.3711902],[0.1100828,51.3656444],[0.1102011,51.3657612],[0.0014666,51.3901326],[-0.004396,51.3826795],[-0.004431,51.3825339],[0.1024097,51.3817441],[0.1030884,51.4043239],[0.0125795,51.3834746],[0.0128814,51.3836093],[-0.0289763,51.3910538],[-0.0406439,51.3996416],[-0.0405716,51.3994665],[0.0234017,51.4071499],[0.0249638,51.4069596],[0.0367887,51.4339228],[0.0377189,51.4342049],[0.0894998,51.352546],[0.0896165,51.3522405],[0.0890323,51.3495172],[0.0893912,51.3492798],[0.0892676,51.3507357],[-0.0278687,51.4226858],[-0.0271446,51.4225421],[0.1048668,51.4110961],[0.0390933,51.3702167],[0.0392972,51.3707024],[-0.0160129,51.3964813],[0.0277756,51.3961843],[0.0108382,51.3773998],[0.0103923,51.3775017],[0.0178738,51.378995],[0.0183422,51.379368],[0.0132241,51.3903968],[0.0133287,51.3908348],[0.0130807,51.3924114],[0.0132095,51.3928315],[0.0060091,51.3794614],[0.0067949,51.3789886],[-0.0072736,51.3993736],[0.0170259,51.3775615],[0.0159752,51.3775784],[0.0174618,51.3923493],[0.017575,51.392466],[0.0178679,51.3766289],[0.0179216,51.3764064],[-0.0169239,51.3988814],[-0.017181,51.3988227],[-0.0333059,51.4110596],[-0.0332299,51.4108628],[0.0082247,51.4130092],[0.0326851,51.3541656],[0.0336443,51.3545052],[0.0328331,51.3549605],[0.0231917,51.3285212],[0.0247016,51.3291189],[-0.0260653,51.4195497],[-0.0256641,51.4202706],[0.0371874,51.3095695],[0.1007231,51.362173],[0.0064749,51.3758354],[0.005373,51.3752631],[0.0440874,51.3467363],[0.0434177,51.3472773],[0.0266821,51.3947917],[0.0249671,51.3960646],[0.0129264,51.3686641],[0.0126123,51.3686191],[0.0420174,51.3783571],[0.0443623,51.3988471],[0.0449831,51.3989767],[0.0585215,51.3155716],[0.0329476,51.3161586],[0.0330845,51.3163061],[0.0353214,51.3171259],[0.0345033,51.3169263],[-0.0679056,51.4132762],[0.0768195,51.3852674],[0.0772809,51.384618],[0.1011395,51.3549341],[0.0994692,51.3541594],[0.077016,51.3538107],[0.0751774,51.353017],[0.0810298,51.3081816],[0.0735102,51.4262573],[0.0735521,51.4260742],[0.0345111,51.3899777],[0.0345884,51.3901545],[-0.0425563,51.4201584],[-0.0422008,51.4204396],[0.0188557,51.4055448],[0.0186435,51.404681],[0.1100896,51.3871525],[0.1105643,51.3870439],[-0.0131039,51.3994053],[-0.0134043,51.3993049],[0.0274199,51.3620747],[0.0284135,51.3613845],[0.0361125,51.3485929],[0.0374864,51.3672196],[0.0468534,51.3671754],[0.046375,51.3671688],[0.0323574,51.3566691],[0.0322246,51.3565057],[0.059593,51.3622354],[0.0585345,51.3626587],[0.0369931,51.4101539],[0.0387469,51.4102983],[0.0968796,51.3712277],[0.0971285,51.3715018],[0.0266392,51.3135878],[0.0268751,51.3134141],[0.0020877,51.4024848],[0.004098,51.4026743],[0.000986,51.4050609],[-0.0044618,51.3967546],[-0.0046657,51.397183],[-0.0438796,51.4181566],[-0.0438334,51.4179549],[0.0699296,51.4169065],[0.1084672,51.3833735],[0.1095398,51.3842424],[0.0576953,51.32282],[0.0547182,51.3255756],[0.0616325,51.38513],[0.0898243,51.3910969],[0.0898149,51.3910106],[0.0461442,51.3714664],[-0.0235283,51.3907843],[-0.0233011,51.3917868],[-0.0218996,51.3957388],[-0.0236204,51.3869812],[0.0589658,51.3824377],[0.0420028,51.388087],[-0.0615526,51.4193745],[-0.0613555,51.419201],[-0.004314,51.369317],[-0.0047187,51.368907],[-0.0005749,51.3620552],[-0.0243534,51.3871541],[0.0425876,51.3843073],[0.0425245,51.3839588],[0.0519743,51.3150232],[0.04916,51.366725],[0.0560445,51.3668469],[0.0541799,51.3668031],[0.0544091,51.3667432],[0.0446692,51.4138677],[0.0446048,51.4137639],[0.0161279,51.4137549],[0.0173158,51.4141167],[0.0938101,51.4182611],[0.0930341,51.4178732],[0.0306214,51.3393435],[0.0307958,51.339548],[0.0863247,51.402367],[0.0870543,51.4016976],[0.1056446,51.3979192],[0.1055064,51.3978367],[0.1044716,51.3892541],[0.1047494,51.3920911],[0.1050123,51.3921582],[0.0932549,51.3997696],[0.0933836,51.3996418],[-0.0632794,51.4025732],[0.1072137,51.3609981],[0.1206957,51.3899068],[0.0963801,51.3989289],[0.0791419,51.4093893],[0.0811713,51.408475],[-0.02522,51.4080523],[-0.0263708,51.4076983],[-0.0241086,51.3979269],[-0.0241998,51.3977996],[0.0337341,51.3125601],[0.0142972,51.3852628],[0.014171,51.3849405],[0.1052532,51.3892319],[0.1230891,51.3706434],[0.1063633,51.3984718],[0.1056865,51.3990028],[0.0823853,51.3455089],[0.0216953,51.422155],[0.0220988,51.4212826],[0.028556,51.3134158],[0.0278815,51.31425],[0.0215504,51.3881518],[0.0173678,51.3887483],[0.0176316,51.3874823],[0.0169694,51.3882043],[0.0037399,51.388526],[0.0026845,51.3873166],[0.0024439,51.3887439],[0.0020147,51.3875684],[0.0229483,51.3070093],[0.0883874,51.3563745],[0.0884741,51.3561094],[0.1126056,51.4102012],[0.1129788,51.4086384],[0.104655,51.4088296],[0.1036303,51.408685],[0.1119685,51.4090604],[0.0301988,51.3362661],[0.0303659,51.3362065],[0.1143157,51.3949841],[0.0570604,51.342593],[0.122358,51.3913956],[0.1232382,51.3919819],[0.0147222,51.4120152],[0.0151834,51.4123767],[0.0475896,51.4338699],[0.054216,51.4273769],[0.0540785,51.4270771],[0.0444744,51.4366569],[0.0081568,51.3824072],[0.009636,51.3826663],[0.0628541,51.348678],[0.0629668,51.3489427],[0.0544121,51.3391203],[0.0528694,51.3381439],[0.0659438,51.3509932],[0.1115592,51.3930443],[-0.0452752,51.4066872],[-0.0449046,51.4068133],[0.0425258,51.3155986],[0.0408726,51.3156221],[0.0789767,51.3588532],[0.0792848,51.3589024],[0.0602951,51.3461583],[0.0589863,51.3443657],[0.1059017,51.3821283],[0.1025351,51.3792481],[0.1012299,51.3782731],[0.0932651,51.3647586],[0.0915233,51.3632356],[0.0914041,51.3629178],[0.0946137,51.3624776],[0.1003107,51.3750347],[0.1003821,51.3754206],[0.0873593,51.3950347],[0.0875699,51.3949293],[-0.018825,51.4021688],[-0.0188403,51.4029364],[0.0649734,51.388565],[0.0637937,51.3885977],[0.0601429,51.3893271],[0.0591782,51.3894022],[0.0631593,51.3871243],[0.0641372,51.3879416],[0.1008888,51.3825643],[0.0998,51.3823457],[-0.0025918,51.4095018],[-0.054288,51.4160656],[-0.0536954,51.4157045],[0.058821,51.424555],[0.0583748,51.4247164],[0.0416374,51.3803863],[0.0427817,51.3790452],[-0.0141336,51.4061701],[0.0714707,51.3733777],[0.070556,51.3734814],[0.1189882,51.3933887],[0.1194825,51.3932335],[0.0459302,51.3978059],[0.0548865,51.3958111],[0.0481754,51.3967694],[0.0482013,51.3966626],[0.0789096,51.354779],[0.0801007,51.3557303],[0.0306897,51.3981208],[0.0310236,51.3983182],[0.0895764,51.3888009],[0.0040728,51.3671809],[-0.0522045,51.4146925],[-0.0513723,51.4135837],[-0.0510651,51.4142562],[-0.0513276,51.4174005],[-0.0513777,51.417985],[0.0951094,51.3835274],[0.0939848,51.3832907],[-0.0143158,51.4059358],[-0.0135204,51.405466],[0.0524365,51.3351031],[0.0729078,51.388934],[0.0728394,51.3887069],[0.0708092,51.3896433],[0.0853849,51.3908626],[0.0847423,51.3907381],[0.035977,51.3674467],[0.0056032,51.3895977],[0.0050418,51.3892034],[0.0786703,51.3788692],[0.0790946,51.3793901],[0.0819145,51.3777837],[0.0817415,51.3777154],[0.0195259,51.4145438],[0.0190908,51.4145741],[0.0347445,51.4057646],[0.0325553,51.4061429],[-0.0487901,51.4150944],[0.0051465,51.4163466],[0.0066545,51.4150269],[0.0168648,51.417395],[0.0170879,51.4170872],[0.0476553,51.3705975],[0.0562094,51.315082],[0.0544498,51.3147166],[0.0455062,51.3958513],[0.0460131,51.3961712],[-0.0190767,51.3991711],[-0.0192962,51.3990216],[0.0684892,51.417373],[0.0139526,51.3979782],[0.0134117,51.3975444],[0.1159954,51.3757681],[0.1209293,51.3753969],[0.1162839,51.3776985],[0.1165923,51.3776013],[0.0147815,51.4207469],[0.0149744,51.4206667],[0.0108566,51.421572],[0.010377,51.4216067],[0.080612,51.3729804],[0.0789374,51.3731147],[0.0902867,51.3915624],[0.0903123,51.3900117],[0.1097596,51.3887973],[0.1086296,51.3869209],[0.1127154,51.344659],[0.1114569,51.34449],[0.1109472,51.3441448],[0.1111098,51.3441252],[0.1116486,51.3398245],[0.0691075,51.4165594],[0.1135883,51.3869733],[0.1137717,51.387252],[0.0390144,51.3628531],[0.0391965,51.3625721],[0.0391239,51.365023],[0.1205826,51.3828153],[0.1173607,51.3834531],[0.1203621,51.3827384],[0.1197824,51.3772241],[0.1198005,51.3771155],[0.023519,51.3253769],[0.0238713,51.3253237],[0.1108139,51.3640131],[0.1110907,51.3640546],[0.0986631,51.3638344],[0.1004018,51.3625191],[-0.004357,51.4112132],[-0.0034653,51.4104961],[0.1036627,51.4004742],[0.1028262,51.4009274],[0.0511469,51.4313341],[0.0055597,51.3819826],[-0.0310794,51.4105742],[-0.0308087,51.4106849],[-0.0108915,51.3835312],[-0.0100488,51.383681],[-0.01257,51.3814107],[0.0944436,51.3919538],[-0.0178651,51.3763638],[-0.0190245,51.3765585],[0.0852017,51.3576997],[0.0838128,51.3580658],[0.0840337,51.3573569],[0.0678268,51.3514387],[0.0692696,51.3515096],[-0.0429386,51.3955218],[-0.004132,51.4011953],[-0.0040395,51.4010092],[-0.0068754,51.402894],[-0.0064614,51.4032532],[0.0041915,51.4030411],[0.0004988,51.4063397],[0.1217151,51.4127533],[-0.0075556,51.4067098],[-0.0091452,51.3992012],[-0.0094629,51.3990516],[0.0283088,51.4103638],[0.0305157,51.4099431],[0.0916817,51.3939287],[0.0928323,51.3943186],[-0.0671773,51.4048919],[-0.0472229,51.4054299],[-0.0643396,51.41008],[-0.0652773,51.4109496],[0.0260954,51.3099846],[0.0276375,51.3100244],[0.0278676,51.3101336],[0.0879133,51.3827478],[0.086702,51.3829685],[0.0586611,51.3164198],[0.0588381,51.3165037],[0.0602054,51.3190533],[0.0594445,51.318287],[0.124054,51.3749289],[0.0758945,51.4276098],[0.0762175,51.427744],[0.0779682,51.3366133],[0.0540823,51.3919992],[0.04346,51.3896768],[0.043296,51.3895194],[0.0455301,51.4014445],[0.0459373,51.4015212],[-0.0219036,51.3848012],[-0.0211306,51.3844371],[0.0843064,51.360556],[0.0850011,51.3604983],[0.0311886,51.3926075],[0.0301874,51.3930054],[0.1103794,51.3905137],[0.0939689,51.3657054],[0.0582852,51.3689027],[0.0593756,51.3685974],[0.0579308,51.3685419],[0.1129454,51.3971685],[0.1119225,51.3955084],[0.1108751,51.3950513],[0.1142526,51.395379],[-0.0181223,51.382193],[-0.0636589,51.4231726],[-0.0629245,51.4228062],[0.0008379,51.3654527],[-0.0013404,51.3642704],[0.0494449,51.3048899],[-0.0095977,51.3822354],[0.0002483,51.4008477],[0.0001892,51.4009606],[0.0286538,51.3123751],[0.0241626,51.314776],[0.1179448,51.3444027],[0.1175915,51.344326],[-0.0291383,51.3970804],[-0.0293935,51.3976848],[0.0134195,51.3949293],[0.013714,51.3950578],[0.0659072,51.4204122],[-0.0309081,51.4164576],[-0.0322152,51.4165831],[0.1216494,51.3993404],[0.1225296,51.3992139],[0.1035272,51.4035397],[0.089652,51.4039047],[0.0896935,51.4036787],[-0.0186216,51.3827161],[0.0073994,51.3895618],[-0.0294905,51.4056821],[-0.0295797,51.4061566],[-0.0242945,51.4087673],[-0.0245779,51.4087001],[0.04823,51.4016011],[0.049414,51.4015928],[0.026793,51.4112737],[0.0263639,51.4112725],[0.0166881,51.3988884],[0.016738,51.3987384],[0.0161494,51.3986195],[0.033571,51.4000664],[0.0356854,51.4006292],[0.0183756,51.41974],[0.0187564,51.4197403],[-0.0591715,51.4215781],[-0.0593875,51.421089],[0.0224014,51.3081553],[0.1130025,51.39808],[0.1042305,51.3724183],[0.1047808,51.3721968],[0.0953013,51.3674015],[0.0958309,51.3679447],[0.0210922,51.4261973],[0.0221063,51.4256603],[0.0764708,51.375767],[0.076261,51.3749011],[-0.052256,51.4217642],[-0.0517692,51.4223656],[-0.0234039,51.4181431],[-0.0229188,51.418587],[0.0463737,51.306751],[0.0455329,51.3068497],[0.0273156,51.3220888],[0.0277715,51.322067],[0.0621188,51.4218494],[0.0629174,51.4214779],[0.0028423,51.383307],[0.0027184,51.3841162],[-0.0468608,51.4159023],[-0.0489122,51.4158772],[-0.0471572,51.4156937],[0.1139609,51.3892604],[0.1142155,51.3895311],[0.0392797,51.3727291],[0.0394291,51.372454],[0.1198909,51.391455],[0.0300758,51.3085435],[0.029037,51.3087353],[0.0397498,51.3082299],[0.0390372,51.3083291],[-0.0304104,51.3962575],[-0.0307304,51.3960453],[0.0947414,51.3530006],[0.1382613,51.385887],[0.1376769,51.3858283],[0.1316113,51.3869213],[0.0995865,51.3764362],[0.1002618,51.3771017],[0.1131238,51.4064971],[0.1133045,51.4054821],[-0.0597128,51.4047588],[-0.0587472,51.4050768],[-0.0641321,51.4161282],[0.0811212,51.3633756],[0.074843,51.3594752],[0.0737085,51.3594953],[0.0913487,51.3718962],[0.0914155,51.3717707],[0.0889069,51.3711834],[0.0887261,51.3709911],[0.0804969,51.3655453],[0.0813822,51.3658969],[0.0837575,51.3673737],[0.0810722,51.3616312],[0.0405116,51.3832694],[0.0394595,51.3834889],[0.0403447,51.3825824],[0.0581352,51.3220892],[0.0361368,51.4007627],[-0.0301002,51.4038512],[-0.0300496,51.4034815],[0.1145813,51.3772936],[0.0297353,51.4066082],[0.0283457,51.4066719],[0.0077409,51.4133427],[-0.000143,51.4124595],[-0.0016788,51.4123149],[0.1234702,51.3582711],[0.1219239,51.358575],[0.0574639,51.3634509],[-0.0236555,51.3881249],[0.0034349,51.4037507],[0.0046975,51.406843],[-0.0310151,51.4093805],[-0.0309431,51.4090318],[-0.0133423,51.3737023],[-0.0126896,51.3730528],[0.0448861,51.3914025],[0.0451465,51.3921976],[-0.02738,51.4167349],[-0.0271172,51.4169056],[-0.0290042,51.4161009],[-0.0294466,51.4160711],[0.1228721,51.3936967],[0.1233465,51.3935896],[0.0370911,51.3475669],[0.0880803,51.3852144],[0.0873496,51.3862136],[0.0601015,51.3676956],[0.1128412,51.371418],[0.1123152,51.3614514],[0.1114596,51.3612755],[-0.0605722,51.4080696],[-0.0167715,51.4124458],[0.0980289,51.3537285],[0.0965464,51.353065],[0.0757436,51.3903782],[0.075391,51.3902569],[0.040196,51.4127575],[0.0402006,51.4124157],[0.1030718,51.3579345],[0.1023731,51.358167],[0.0752833,51.412654],[0.074782,51.4122372],[-0.0335448,51.4145605],[-0.0334804,51.4147963],[0.0368849,51.3887933],[-0.0448889,51.3986943],[-0.0252626,51.4093534],[-0.0251349,51.4096604],[0.1155036,51.3700473],[0.0771927,51.3873574],[0.0774336,51.3872812],[0.0310363,51.3588682],[0.0309884,51.3591837],[0.1080691,51.3815268],[0.1087274,51.3805056],[-0.0358633,51.407913],[-0.0352436,51.4079551],[0.0744957,51.3892504],[0.0505793,51.4287876],[0.049193,51.4287874],[0.0972439,51.3724176],[0.0986767,51.3731042],[0.0984509,51.3732319],[0.0978299,51.3738853],[0.0982242,51.3741634],[-0.0186413,51.3985897],[-0.0190313,51.3981157],[-0.0525564,51.4132678],[-0.0522185,51.4133146],[-0.051146,51.4129847],[0.1040916,51.4054659],[0.1043013,51.4055345],[0.1069062,51.3610771],[0.1098956,51.3585304],[0.1092755,51.3579892],[0.0960202,51.3530728],[0.0941388,51.354019],[0.0941057,51.3547423],[0.089795,51.3558699],[0.0892337,51.3554775],[0.0752432,51.3837819],[0.0692776,51.3848107],[0.0580432,51.3860568],[0.0062637,51.4199345],[0.0067527,51.4199352],[0.1237659,51.3920815],[0.1096713,51.3972652],[-0.0400783,51.3988194],[0.0071739,51.3976372],[0.0634434,51.3642659],[0.0632799,51.3649916],[0.0821818,51.3632444],[0.0834283,51.3629179],[0.0834441,51.3627913],[0.082128,51.3631317],[0.0834259,51.3673272],[0.1219374,51.3801284],[0.1221347,51.3801283],[0.055064,51.3946838],[0.0552457,51.3946622],[0.0371484,51.3989333],[0.0369279,51.3991187],[-0.0084218,51.4117527],[-0.0079366,51.4113218],[0.1130013,51.4016843],[0.1133309,51.4017279],[0.0877662,51.3869266],[-0.0183396,51.3997836],[-0.0181223,51.4003858],[0.0502139,51.3897845],[0.0503021,51.3896767],[0.0126059,51.3895711],[0.012142,51.389464],[-0.0663697,51.4037858],[-0.0664471,51.4039826],[-0.0256833,51.3845286],[-0.0256945,51.3840216],[-0.0427818,51.4229227],[-0.0424178,51.4226335],[0.0936899,51.3555572],[0.0777967,51.3772029],[0.0776267,51.3771427],[0.0795302,51.3775809],[0.0791304,51.3774836],[0.0394678,51.3121177],[0.0432361,51.3094362],[0.0520552,51.3019686],[0.0523653,51.3018053],[-0.0141702,51.4123903],[-0.0126502,51.4122429],[0.1137418,51.3631538],[0.1148805,51.3626663],[0.1119969,51.3601444],[0.1124208,51.3603409],[0.103409,51.3447004],[0.0400156,51.3672943],[0.038879,51.3665363],[0.0391007,51.3680499],[0.0403965,51.3671616],[0.1123939,51.411462],[0.1127101,51.4114313],[0.1064895,51.4131217],[0.0499834,51.4236794],[0.0503511,51.4237569],[0.0035199,51.3996212],[0.1153203,51.3960162],[0.1227441,51.3772169],[0.077888,51.3623618],[0.1038143,51.4121175],[-0.0274694,51.3970637],[-0.0266928,51.3971406],[0.0142548,51.4096258],[0.0144108,51.4103108],[0.0552549,51.2932177],[0.0556371,51.2929184],[0.0541476,51.2959372],[0.0542517,51.2967034],[-0.0183584,51.4071495],[-0.0187851,51.4070885],[0.0540693,51.3280619],[0.0543858,51.327405],[-0.0792958,51.4190385],[-0.0009562,51.3850335],[-0.0009928,51.3847783],[-0.0220865,51.3773233],[-0.0230247,51.3773223],[-0.0146601,51.3764637],[-0.0159872,51.3759746],[-0.0154677,51.3758069],[-0.0106165,51.3713906],[-0.0107855,51.3717684],[-0.0682878,51.4254738],[-0.0685471,51.4254284],[0.0824695,51.3612231],[0.0008822,51.4018119],[0.0555496,51.3406337],[0.0154826,51.4018297],[0.0467885,51.3989941],[0.0461605,51.3990705],[-0.0118405,51.3905706],[-0.0116324,51.3905477],[0.0968987,51.3914489],[0.0971646,51.3916556],[0.1047064,51.393718],[0.10435,51.3906229],[0.1045188,51.3905314],[0.0561457,51.384689],[-0.014099,51.3942161],[-0.013836,51.3941624],[-0.0276858,51.4111366],[0.0206171,51.4000555],[0.1452654,51.3841481],[-0.0701024,51.4172928],[0.0444247,51.4169547],[0.0755733,51.3876632],[0.0564989,51.4062148],[-0.0724966,51.4176447],[-0.060398,51.4178093],[-0.0550655,51.4198938],[-0.0498755,51.4065809],[-0.0441987,51.4119141],[-0.0441928,51.4119934],[-0.0463885,51.4127377],[-0.0462324,51.412731],[0.1042716,51.3947021],[0.1071958,51.3947737],[0.1072559,51.3949056],[-0.007479,51.4139759],[0.0083808,51.3767556],[-0.0144913,51.381361],[-0.0261278,51.3900463],[-0.0266939,51.3904162],[-0.0501236,51.3976243],[-0.0493805,51.3983198],[-0.0409328,51.4082262],[-0.0403789,51.4086871],[-0.0352337,51.4165249],[-0.0350016,51.4179733],[-0.0725229,51.41762],[0.1376801,51.3858757],[0.146046,51.3840988],[-0.0720448,51.4177527],[-0.0719441,51.4178511],[-0.0719701,51.4178245],[-0.0612095,51.4168518],[-0.062671,51.4032702],[0.112621,51.4114349],[0.1083553,51.3566177],[0.0746271,51.3884473],[0.0541338,51.335953],[0.0880526,51.3745362],[-0.0069993,51.4132775],[0.0177481,51.3999626],[0.0205947,51.3999598],[0.1046328,51.3945941],[0.04295,51.3998942],[0.0020218,51.405841],[0.0448541,51.4000719],[0.088817,51.3733799],[0.0878351,51.3744999],[0.0890126,51.3734294],[0.0206552,51.3041884],[-0.0781814,51.4205333],[-0.0757178,51.424589],[-0.0776113,51.4216386],[-0.0775485,51.4217314],[-0.0775749,51.4216934],[0.0934763,51.3702826],[0.0941093,51.3696345],[0.0954475,51.3679651],[0.0210995,51.3064712],[0.0448825,51.3155787],[0.0223938,51.3078184],[0.0494535,51.3990944],[0.0592072,51.3992887],[0.0545563,51.3990134],[0.0565786,51.3992686],[0.0567717,51.3991814],[0.0753489,51.3838908],[0.0643572,51.3867163],[0.0681713,51.3857019],[0.0681338,51.3855714],[-0.0793801,51.4190661],[0.0896637,51.3731365],[0.1128601,51.3971902],[0.1120136,51.3955029],[0.1109168,51.3917497],[0.1108816,51.3951036],[0.10725,51.3956776],[0.1072398,51.3957687],[0.1096313,51.3972159],[0.0165058,51.4082071],[0.0166532,51.4081739],[0.0581167,51.3655649],[0.0578806,51.36538],[0.0559691,51.3644359],[0.0542371,51.3655241],[0.0895027,51.3733955],[0.0895979,51.3735063],[0.0895493,51.3734644],[0.0871203,51.3727608],[0.0747278,51.4122758],[0.1035378,51.3938884],[0.1140733,51.3373848],[0.1165463,51.331744],[0.1107331,51.3425784],[0.1141052,51.3375792],[0.1163744,51.3317509],[0.1118629,51.3398044],[0.0781659,51.3366252],[0.0729192,51.318484],[0.0857726,51.3488863],[0.0857461,51.3487491],[0.0748558,51.3327477],[0.083069,51.3439039],[0.0770874,51.3121202],[0.0710741,51.3206229],[0.0730372,51.3272907],[0.0811968,51.3082066],[0.0750063,51.3326771],[0.0752369,51.3152719],[0.0356962,51.3106996],[0.0564059,51.341628],[0.0545393,51.3389638],[0.0523364,51.3321723],[0.0352127,51.3121413],[0.0476864,51.4198772],[0.047445,51.4198272],[0.066597,51.4190204],[0.0745948,51.389262],[-0.0486875,51.3983087],[-0.0485384,51.3984942],[0.0161019,51.4086839],[0.0165392,51.4088105],[0.0242658,51.3089251],[0.0264545,51.3146557],[0.1216788,51.4125493],[0.1174652,51.4005594],[0.0893157,51.3735245],[0.0891952,51.3734873],[0.0891532,51.373474],[0.1132454,51.4017327],[0.1128621,51.4086335],[0.1157228,51.3919072],[0.113215,51.4054805],[0.1316356,51.3868658],[0.1215829,51.391119],[0.0884728,51.3734996],[0.0176544,51.4000796],[0.0035045,51.4050001],[0.0020941,51.405988],[0.0429438,51.4000021],[0.0449232,51.4002053],[-0.0650122,51.4131902],[-0.0660929,51.4118433],[0.0177458,51.4090465],[0.0175953,51.4091048],[0.0214557,51.4139714],[0.0212947,51.4133965],[-0.0260306,51.4112129],[-0.0565005,51.4034225],[0.1157027,51.3918434],[0.1157221,51.3919631],[0.1105352,51.390478],[0.1114312,51.3930627],[-0.0264062,51.410775],[0.0446038,51.3749876],[0.0551888,51.3958887],[0.0606417,51.3840819],[0.0525207,51.4289722],[0.110796,51.3917738],[0.0529131,51.4290672],[-0.0655717,51.4123326],[-0.065639,51.4125691],[-0.0496754,51.406646],[-0.0497513,51.406707],[-0.043164,51.4095755],[-0.041192,51.4077701],[-0.0351796,51.4171994],[-0.0350003,51.4172473],[-0.0264919,51.4107598],[-0.0266199,51.4111609],[-0.0274124,51.4111358],[-0.0710599,51.4174786],[-0.07229,51.4170504],[-0.0721875,51.4171077],[0.0193635,51.3999722],[0.0193554,51.4000668],[-0.0495393,51.3980842],[-0.0495996,51.3981751],[-0.0560574,51.4035711],[-0.0565382,51.4034333],[-0.0268072,51.4112445],[-0.0268195,51.4110999],[0.0438313,51.4000775],[0.0438253,51.4000971],[0.0438317,51.3999959],[0.0438414,51.3999693],[0.0193635,51.3999515],[0.0193554,51.4000499],[0.108499,51.3563601],[0.0877911,51.3744286],[0.0884203,51.3739315],[0.0441781,51.4171848],[0.0439092,51.4172126],[0.0439219,51.4170167],[0.0571938,51.4057543],[0.057097,51.4056686],[0.0751297,51.387773],[0.0752619,51.3878421],[0.0569183,51.4055887],[0.0084328,51.3766196],[-0.0710517,51.4175852],[0.0179332,51.4093339],[0.0178864,51.409351],[-0.0608766,51.417388],[-0.0606971,51.4173134],[0.1057341,51.3946568],[0.1057269,51.3947749],[-0.0072939,51.4136125],[-0.0071211,51.4136532],[-0.045192,51.4123673],[-0.0452806,51.4122835],[0.0885912,51.3740154],[0.0884468,51.3743969],[-0.0412454,51.4078139],[-0.0267771,51.3903027],[-0.0266779,51.3903854],[-0.014705,51.3814434],[-0.0146421,51.3815186],[0.0882502,51.3739149],[0.0884747,51.3739473],[0.0883288,51.374375],[0.0884786,51.3744175],[0.0026393,51.4054378],[0.002815,51.4054759],[0.0213537,51.4140498],[0.0214555,51.4140424],[-0.049684,51.3981769],[-0.0543035,51.419353],[-0.0542182,51.419412],[0.1299753,51.3459738],[0.1295888,51.345955],[0.0084414,51.3766463],[-0.0452608,51.4123],[-0.0451756,51.4123813],[0.105729,51.3946856],[0.1057254,51.3948046],[-0.0710278,51.4176114],[-0.0710443,51.4174979]]}},{"type":"Feature","properties":{"kind":"station","name":"St Mary Cray"},"geometry":{"type":"Point","coordinates":[0.1057186,51.394738]}},{"type":"Feature","properties":{"kind":"station","name":"Bromley North"},"geometry":{"type":"Point","coordinates":[0.0177978,51.409198]}},{"type":"Feature","properties":{"kind":"station","name":"Penge West"},"geometry":{"type":"Point","coordinates":[-0.060661,51.4175031]}},{"type":"Feature","properties":{"kind":"station","name":"Orpington"},"geometry":{"type":"Point","coordinates":[0.0887195,51.3736037]}},{"type":"Feature","properties":{"kind":"station","name":"Knockholt"},"geometry":{"type":"Point","coordinates":[0.1308295,51.3457689]}},{"type":"Feature","properties":{"kind":"station","name":"Crystal Palace"},"geometry":{"type":"Point","coordinates":[-0.0712666,51.4176595]}},{"type":"Feature","properties":{"kind":"station","name":"Elmstead Woods"},"geometry":{"type":"Point","coordinates":[0.0446574,51.4167981]}},{"type":"Feature","properties":{"kind":"station","name":"Chislehurst"},"geometry":{"type":"Point","coordinates":[0.0578673,51.4051626]}},{"type":"Feature","properties":{"kind":"station","name":"Petts Wood"},"geometry":{"type":"Point","coordinates":[0.0745614,51.388626]}},{"type":"Feature","properties":{"kind":"station","name":"Chelsfield"},"geometry":{"type":"Point","coordinates":[0.1083284,51.3566115]}},{"type":"Feature","properties":{"kind":"station","name":"New Beckenham"},"geometry":{"type":"Point","coordinates":[-0.0352069,51.4169395]}},{"type":"Feature","properties":{"kind":"station","name":"Clock House"},"geometry":{"type":"Point","coordinates":[-0.0408182,51.4083449]}},{"type":"Feature","properties":{"kind":"station","name":"West Wickham"},"geometry":{"type":"Point","coordinates":[-0.0147334,51.3815143]}},{"type":"Feature","properties":{"kind":"station","name":"Eden Park"},"geometry":{"type":"Point","coordinates":[-0.0263691,51.3901801]}},{"type":"Feature","properties":{"kind":"station","name":"Elmers End"},"geometry":{"type":"Point","coordinates":[-0.0497025,51.398012]}},{"type":"Feature","properties":{"kind":"station","name":"Anerley"},"geometry":{"type":"Point","coordinates":[-0.065494,51.4125768]}},{"type":"Feature","properties":{"kind":"station","name":"Shortlands"},"geometry":{"type":"Point","coordinates":[0.0021679,51.4059051]}},{"type":"Feature","properties":{"kind":"station","name":"Penge East"},"geometry":{"type":"Point","coordinates":[-0.0541364,51.4193151]}},{"type":"Feature","properties":{"kind":"station","name":"Kent House"},"geometry":{"type":"Point","coordinates":[-0.045213,51.4122745]}},{"type":"Feature","properties":{"kind":"station","name":"Beckenham Junction"},"geometry":{"type":"Point","coordinates":[-0.0259866,51.4110623]}},{"type":"Feature","properties":{"kind":"station","name":"Bickley"},"geometry":{"type":"Point","coordinates":[0.0443369,51.4000641]}},{"type":"Feature","properties":{"kind":"station","name":"Bromley South"},"geometry":{"type":"Point","coordinates":[0.0182769,51.4000405]}},{"type":"Feature","properties":{"kind":"station","name":"Ravensbourne"},"geometry":{"type":"Point","coordinates":[-0.0076295,51.4143132]}},{"type":"Feature","properties":{"kind":"station","name":"Hayes"},"geometry":{"type":"Point","coordinates":[0.0095073,51.3765959]}},{"type":"Feature","properties":{"kind":"station","name":"Sundridge Park"},"geometry":{"type":"Point","coordinates":[0.021475,51.4139567]}},{"type":"Feature","properties":{"kind":"station","name":"Birkbeck"},"geometry":{"type":"Point","coordinates":[-0.0565394,51.4034563]}},{"type":"Feature","properties":{"kind":"station","name":"Crystal Palace Bus Station"},"geometry":{"type":"Point","coordinates":[-0.0778177,51.4207685]}},{"type":"Feature","properties":{"kind":"station","name":"Kent House"},"geometry":{"type":"Point","coordinates":[-0.0453113,51.4121179]}}]}
