{"type":"FeatureCollection","properties":{"borough":"Havering","generatedAt":"2026-09-30T14:32:11.457Z","source":"© OpenStreetMap contributors, ODbL 1.0","majorRouteCount":54,"otherRouteCount":84,"stopCount":842,"stationCount":12},"features":[{"type":"Feature","properties":{"kind":"boundary"},"geometry":{"type":"Polygon","coordinates":[[[0.1381569,51.623543],[0.1381781,51.6234958],[0.1382533,51.6233879],[0.1383922,51.6231851],[0.1385929,51.6229598],[0.1387546,51.6227848],[0.1389771,51.6225235],[0.1391135,51.6223805],[0.139291,51.6221975],[0.1394559,51.622018],[0.1396426,51.6218045],[0.1398798,51.6215227],[0.1400519,51.6213224],[0.1401483,51.6212419],[0.1404092,51.6210376],[0.1407326,51.6208064],[0.1408723,51.6206628],[0.1411894,51.620328],[0.141315,51.6201919],[0.1413913,51.620113],[0.1415722,51.6199308],[0.1416856,51.6198108],[0.1417742,51.6197189],[0.1418385,51.6196405],[0.1418951,51.6195616],[0.1419626,51.6194682],[0.1419988,51.6194187],[0.1420581,51.6193357],[0.1420956,51.6192878],[0.1421159,51.6192664],[0.1421893,51.6192005],[0.1422617,51.6191352],[0.1423467,51.6190618],[0.142445,51.6189574],[0.1425582,51.6188333],[0.1427481,51.6186284],[0.142859,51.6185022],[0.1429714,51.6183843],[0.1431637,51.6181737],[0.1431783,51.6181532],[0.1432359,51.6180695],[0.143247,51.6180533],[0.1432969,51.6179715],[0.143318,51.6179373],[0.1433346,51.61791],[0.1433611,51.6178673],[0.1433871,51.6178288],[0.1434087,51.6177957],[0.1434258,51.6177736],[0.1435099,51.6176636],[0.1436731,51.6174499],[0.1437445,51.6173769],[0.1438342,51.6172727],[0.1438951,51.6172025],[0.1440005,51.6170814],[0.144077,51.6170006],[0.1441418,51.6169563],[0.1442232,51.6169009],[0.1442754,51.6168652],[0.1442982,51.6168472],[0.1443161,51.6168315],[0.1443294,51.6168201],[0.1443384,51.6168101],[0.1443469,51.6168026],[0.1443531,51.6167949],[0.1444495,51.616673],[0.1444708,51.6166387],[0.1445394,51.6165277],[0.1445783,51.6164669],[0.1446535,51.616344],[0.1447073,51.6162586],[0.1447444,51.6161969],[0.1447639,51.6161712],[0.1447819,51.6161437],[0.1447935,51.616124],[0.1448006,51.6161072],[0.1448205,51.6160641],[0.1448354,51.616032],[0.1448666,51.6159685],[0.1448778,51.615949],[0.1448883,51.6159358],[0.1449039,51.6159104],[0.1449174,51.6158852],[0.1449291,51.6158611],[0.144935,51.6158389],[0.1449434,51.6158085],[0.1449535,51.6157803],[0.144958,51.6157645],[0.1449737,51.6157219],[0.1449805,51.6157114],[0.144984,51.6157029],[0.1449857,51.6156968],[0.1449889,51.6156753],[0.1449982,51.6156493],[0.1449976,51.6156426],[0.1450041,51.6156347],[0.1450071,51.6156281],[0.1450247,51.6155856],[0.1450414,51.6155455],[0.1450503,51.6155233],[0.1450664,51.6154816],[0.1450867,51.6154289],[0.1451021,51.6153891],[0.1451138,51.6153588],[0.1451154,51.6153521],[0.1451185,51.6153482],[0.1451197,51.6153443],[0.1451203,51.6153424],[0.1451199,51.6153337],[0.1451272,51.6153177],[0.1451301,51.6153146],[0.1451318,51.6153134],[0.1451452,51.6152892],[0.1451456,51.6152853],[0.145149,51.6152737],[0.1451676,51.6152406],[0.1451822,51.6152212],[0.1452059,51.6151937],[0.1452139,51.6151855],[0.1452258,51.6151722],[0.1452365,51.6151606],[0.145249,51.6151424],[0.1452527,51.6151355],[0.1452665,51.6151024],[0.1452747,51.6150738],[0.1452796,51.6150459],[0.1452832,51.6150175],[0.1452852,51.6149982],[0.1452864,51.6149743],[0.145285,51.614967],[0.1452855,51.6149567],[0.1452897,51.6149403],[0.145292,51.6149205],[0.1452953,51.6149053],[0.1453309,51.6148127],[0.1453387,51.6147899],[0.1453771,51.6147187],[0.1454308,51.6146206],[0.1454573,51.6145766],[0.1454861,51.6145322],[0.145494,51.6145257],[0.1455331,51.6144858],[0.145564,51.614458],[0.1455881,51.61444],[0.1456571,51.6143918],[0.1457773,51.6143114],[0.1458541,51.6142581],[0.1459416,51.6141941],[0.1460015,51.6141463],[0.146009,51.6141389],[0.1460866,51.6140701],[0.1460921,51.6140628],[0.1460979,51.6140576],[0.1462071,51.6139443],[0.1463683,51.6138032],[0.1464208,51.6137601],[0.1464321,51.6137493],[0.1464438,51.6137399],[0.1464545,51.61373],[0.1464733,51.6137147],[0.1464877,51.6137015],[0.1465833,51.6136025],[0.1466103,51.6135659],[0.1466658,51.6134863],[0.1467128,51.6134187],[0.1467246,51.6133958],[0.1467518,51.6133603],[0.1468239,51.6132687],[0.1468349,51.6132505],[0.1468501,51.6132331],[0.1468853,51.6131709],[0.1469253,51.6131103],[0.1469632,51.6130622],[0.1470401,51.6129619],[0.1471085,51.6128726],[0.1471404,51.6128326],[0.1472246,51.6127252],[0.1472514,51.6126894],[0.1472695,51.6126684],[0.1472991,51.6126289],[0.147332,51.6125806],[0.1473474,51.6125542],[0.1473733,51.6125028],[0.1474314,51.6123851],[0.1474913,51.6122653],[0.1475132,51.612221],[0.147516,51.6122109],[0.1475585,51.6121033],[0.1475978,51.6120085],[0.1476391,51.6118981],[0.1476549,51.6118325],[0.1476723,51.6117606],[0.147694,51.6116713],[0.147704,51.6116536],[0.1477183,51.6116098],[0.1477314,51.6115742],[0.1477391,51.6115553],[0.1477442,51.6115398],[0.1477962,51.611148],[0.1478097,51.6109614],[0.1478105,51.6109429],[0.1478147,51.6108929],[0.1478221,51.610771],[0.1478279,51.6106976],[0.1478354,51.6106729],[0.1478667,51.6105505],[0.1478747,51.6105253],[0.1479104,51.6103944],[0.1479409,51.6102979],[0.1479854,51.610193],[0.1481392,51.6098815],[0.1482226,51.6097496],[0.1482599,51.6096807],[0.1482758,51.6096358],[0.1483341,51.6094854],[0.14836,51.6094238],[0.1483943,51.6093485],[0.1484477,51.6092332],[0.148508,51.6091014],[0.1485405,51.6090152],[0.1485621,51.6089564],[0.1485797,51.6089071],[0.1485941,51.6088833],[0.1486098,51.6088519],[0.1486146,51.6088403],[0.1486322,51.6087974],[0.1486449,51.6087671],[0.1486528,51.6087507],[0.1486652,51.6087222],[0.1486696,51.6087085],[0.1486747,51.6086954],[0.1486833,51.6086316],[0.1486835,51.6086276],[0.1486911,51.608572],[0.1486916,51.6085526],[0.1486906,51.6085395],[0.1486873,51.6084817],[0.1486942,51.6084283],[0.1486959,51.608377],[0.1486986,51.6083445],[0.1487,51.6083272],[0.1487065,51.6083143],[0.1487146,51.6083037],[0.1487183,51.6082956],[0.1487224,51.6082844],[0.1487252,51.6082744],[0.1487284,51.608261],[0.1487302,51.6082502],[0.1487304,51.6082405],[0.1487293,51.6082272],[0.1487272,51.6082181],[0.1487187,51.6081826],[0.1487046,51.6081242],[0.1487079,51.6080983],[0.1487256,51.6079389],[0.1487314,51.6077403],[0.148731,51.6077225],[0.1487121,51.6076238],[0.1487163,51.6075684],[0.148724,51.6074838],[0.1487344,51.6074466],[0.1487467,51.6073925],[0.1487547,51.6073674],[0.1487565,51.6073553],[0.1487546,51.6073434],[0.1487447,51.6072699],[0.1487366,51.6072113],[0.1487315,51.6071551],[0.148732,51.6071378],[0.148732,51.6071262],[0.1487231,51.6070666],[0.1487145,51.6070247],[0.1487023,51.6069579],[0.148698,51.6069416],[0.1486901,51.6069146],[0.1486783,51.6068603],[0.1486657,51.6068192],[0.1486605,51.6067921],[0.1486277,51.6066766],[0.1486192,51.6066383],[0.1485916,51.6065418],[0.148574,51.6064745],[0.1485358,51.6063701],[0.1484847,51.6062475],[0.1484501,51.6061241],[0.1484513,51.6059481],[0.148454,51.6058307],[0.1484604,51.6057285],[0.1484877,51.6055433],[0.1485175,51.6053287],[0.1485266,51.6052716],[0.1485379,51.6052218],[0.1485432,51.6051772],[0.1485492,51.6051566],[0.1485504,51.6051461],[0.1485504,51.605133],[0.1485501,51.6050973],[0.148549,51.6050483],[0.1485466,51.6049275],[0.1485448,51.6048903],[0.1485468,51.6048679],[0.1485536,51.6048417],[0.1485708,51.6047914],[0.1485868,51.6044939],[0.1485875,51.6044909],[0.148591,51.6044382],[0.1485991,51.6044085],[0.1486362,51.6042507],[0.1486477,51.604218],[0.148665,51.6041638],[0.1487,51.6040843],[0.1487762,51.6039088],[0.1487948,51.6038664],[0.1488147,51.6038195],[0.1488374,51.6037788],[0.1488841,51.6036917],[0.1489276,51.6036124],[0.1489635,51.6035548],[0.1489724,51.6035407],[0.1489768,51.6035295],[0.1489791,51.6035185],[0.1489793,51.6035102],[0.1489792,51.6035009],[0.1489756,51.603492],[0.1489697,51.603484],[0.1489648,51.6034778],[0.149042,51.6033924],[0.1490787,51.6033516],[0.149164,51.6032567],[0.149284,51.6031228],[0.1493829,51.6030126],[0.1494547,51.6029331],[0.1494829,51.602902],[0.1494587,51.6028354],[0.1493925,51.602655],[0.1493442,51.6025173],[0.1492989,51.6023886],[0.1492654,51.6022932],[0.1492307,51.602195],[0.1492065,51.6021259],[0.1491837,51.6020606],[0.149158,51.6019884],[0.1491382,51.6019322],[0.1491102,51.6018526],[0.1490823,51.6017736],[0.1490396,51.6016516],[0.1489905,51.6015135],[0.1489556,51.6014137],[0.1489507,51.6013975],[0.1489275,51.6013056],[0.1488819,51.601151],[0.1488571,51.601074],[0.1487782,51.6008072],[0.1487354,51.6006617],[0.1487063,51.6005623],[0.1486561,51.6004142],[0.1486149,51.6002939],[0.1486085,51.6002729],[0.1485646,51.6001143],[0.1483238,51.5993206],[0.1483011,51.5992568],[0.1482492,51.599085],[0.1482057,51.5990131],[0.1481815,51.5989713],[0.1481787,51.5989663],[0.1481129,51.5986752],[0.148132,51.5985903],[0.1479889,51.5981595],[0.1479213,51.5977669],[0.1477737,51.5972111],[0.1476577,51.5968023],[0.1476575,51.5967987],[0.1480851,51.5967711],[0.1481528,51.5967671],[0.1480706,51.5964026],[0.1480596,51.5963534],[0.1497677,51.5970568],[0.1498148,51.5970757],[0.1500675,51.5967384],[0.1504784,51.596238],[0.150777,51.5958634],[0.1508356,51.5957899],[0.1511308,51.5954374],[0.1509758,51.5947235],[0.1508573,51.5937743],[0.1507428,51.5933996],[0.1507033,51.5925622],[0.1505722,51.5912849],[0.1507255,51.5909844],[0.1509251,51.5905032],[0.1510814,51.5901146],[0.1511473,51.5897986],[0.1511535,51.5895009],[0.1511992,51.5891241],[0.1511978,51.5891242],[0.1511539,51.5884091],[0.1511099,51.5876932],[0.1510651,51.5865915],[0.1509876,51.5852251],[0.150944,51.584181],[0.1509283,51.583755],[0.1507916,51.5834284],[0.1506256,51.5830618],[0.150434,51.5828864],[0.1499924,51.5825824],[0.1496597,51.5823547],[0.1491734,51.5817744],[0.1490081,51.5815771],[0.148543,51.5809579],[0.1483832,51.5807522],[0.1474483,51.5807918],[0.1473177,51.5795217],[0.1472324,51.5779261],[0.1471887,51.5775205],[0.1471577,51.5772297],[0.1470322,51.5763741],[0.1469836,51.5756789],[0.1480359,51.5757757],[0.148111,51.5756232],[0.1481834,51.5753224],[0.1482049,51.5751961],[0.1481842,51.5750643],[0.1480892,51.5746101],[0.1480174,51.574374],[0.1480194,51.5739261],[0.1480361,51.5736974],[0.1480354,51.5733161],[0.1479156,51.5731331],[0.1478961,51.5731172],[0.1489609,51.5732326],[0.1491858,51.5719435],[0.1492626,51.5714609],[0.1491274,51.5714409],[0.1492903,51.5702734],[0.1494733,51.5701468],[0.1496589,51.570103],[0.1497019,51.5698827],[0.1497523,51.5696966],[0.1482093,51.5695667],[0.1466422,51.5694154],[0.1467121,51.5692145],[0.1468221,51.5690065],[0.1467594,51.5689618],[0.1467485,51.5688847],[0.1467604,51.5687693],[0.1469397,51.568776],[0.1471125,51.5687683],[0.1472386,51.5687192],[0.1473083,51.5686685],[0.1473713,51.5685648],[0.1487491,51.5686205],[0.1489248,51.5684599],[0.1493299,51.5681162],[0.1494214,51.5680965],[0.1495775,51.5681036],[0.1497621,51.5681002],[0.1498021,51.5680982],[0.1498649,51.5680776],[0.1499199,51.5680496],[0.1499573,51.5680175],[0.1499906,51.5679584],[0.1500581,51.5678915],[0.1502405,51.5678423],[0.1503593,51.5678212],[0.1505787,51.567792],[0.1507557,51.5677807],[0.1508365,51.567781],[0.1509091,51.5678211],[0.150982,51.5678674],[0.1511361,51.5680156],[0.1511977,51.5680361],[0.151259,51.5680503],[0.1514365,51.5679903],[0.1517624,51.5678324],[0.1523589,51.567477],[0.1525786,51.5673012],[0.1531755,51.5669252],[0.1536382,51.5666082],[0.1538772,51.5661775],[0.1540291,51.5657379],[0.1544799,51.5652762],[0.1545573,51.5647047],[0.1549493,51.564142],[0.1549811,51.5637013],[0.1551847,51.5634985],[0.1555578,51.5630816],[0.1562312,51.5642209],[0.1563958,51.5646186],[0.1565598,51.5644944],[0.1567999,51.5643955],[0.1566513,51.5646016],[0.1565235,51.5648898],[0.1566927,51.5647455],[0.1570758,51.5645154],[0.1576511,51.5642018],[0.1579124,51.5640225],[0.1579826,51.5639807],[0.1581848,51.5640157],[0.1584738,51.5638422],[0.1586948,51.5636646],[0.1589021,51.5635331],[0.1591415,51.5634082],[0.1594618,51.5632251],[0.1597679,51.5630783],[0.1599339,51.5628675],[0.1599742,51.5628038],[0.1600608,51.5626214],[0.1601964,51.562529],[0.1604797,51.5623889],[0.1605294,51.5623116],[0.1605791,51.5622333],[0.1606774,51.562084],[0.1607101,51.5620735],[0.1609729,51.5619886],[0.1613308,51.5618975],[0.1614775,51.5618283],[0.1616522,51.5617378],[0.1617781,51.5616546],[0.1618695,51.5616061],[0.1624105,51.5617877],[0.1627262,51.5619024],[0.1629957,51.5619882],[0.1633888,51.5621231],[0.1638088,51.5622781],[0.1643824,51.5625067],[0.1648786,51.5626873],[0.1652927,51.5628388],[0.1656521,51.5629635],[0.1657837,51.5630609],[0.1660738,51.5631545],[0.1663405,51.56327],[0.1665537,51.5633246],[0.1667198,51.5633566],[0.1671603,51.5634276],[0.1675567,51.5634499],[0.1677975,51.5634769],[0.1679382,51.5634923],[0.168321,51.563532],[0.1684935,51.5635783],[0.168597,51.5636007],[0.1688022,51.5636688],[0.168979,51.5637456],[0.1691542,51.5638494],[0.1694182,51.5639704],[0.1696472,51.5640516],[0.169912,51.5641276],[0.1700278,51.5641659],[0.1701365,51.5642071],[0.1703531,51.5643002],[0.1705798,51.5643644],[0.1712279,51.5646132],[0.171431,51.564666],[0.1718673,51.5647686],[0.1720991,51.5648182],[0.1725464,51.5648486],[0.1728538,51.5648807],[0.1730427,51.5649689],[0.173388,51.5650983],[0.1737909,51.5650747],[0.1746253,51.5649315],[0.1753918,51.5648184],[0.1755534,51.5647875],[0.1758866,51.564745],[0.1760152,51.5647286],[0.1762728,51.5647139],[0.1767347,51.5647791],[0.1769363,51.5648014],[0.1774194,51.5648545],[0.178086,51.5649159],[0.1786326,51.5649399],[0.1790205,51.5649354],[0.1794658,51.5648939],[0.1801735,51.5648771],[0.1803117,51.5648413],[0.1805107,51.5648376],[0.1811063,51.5647402],[0.1813801,51.5647333],[0.1814462,51.5647581],[0.1815622,51.5648009],[0.1818315,51.5647887],[0.181874,51.5647718],[0.1826439,51.5647305],[0.1830945,51.564678],[0.1832881,51.5646537],[0.1834805,51.564634],[0.1836183,51.5647096],[0.1838105,51.564805],[0.1842811,51.5650498],[0.1851338,51.5655016],[0.185153,51.5655111],[0.1850845,51.5652246],[0.1850638,51.5650047],[0.185074,51.5648858],[0.1850795,51.5648506],[0.1851294,51.5648011],[0.1851484,51.5647851],[0.1845995,51.5643119],[0.1843465,51.5641461],[0.1841807,51.5640391],[0.1840643,51.5639594],[0.1839834,51.5638674],[0.1838383,51.5634945],[0.1836463,51.5630355],[0.1835937,51.5629304],[0.1835426,51.5628891],[0.1835102,51.5628142],[0.1834391,51.5627462],[0.1834421,51.5627183],[0.1833591,51.562611],[0.1831787,51.562279],[0.1827677,51.5616508],[0.1826187,51.5613118],[0.182698,51.5612798],[0.1827585,51.5611852],[0.1828525,51.5611016],[0.1829416,51.5610334],[0.183133,51.5609345],[0.1834075,51.5607306],[0.1835801,51.5605682],[0.1841568,51.5603489],[0.1845398,51.5602131],[0.1845625,51.5601758],[0.1846037,51.5600708],[0.1847093,51.5599573],[0.1847664,51.5598528],[0.18476,51.5598116],[0.1847118,51.5596776],[0.1847034,51.5595635],[0.1847403,51.5594594],[0.1847196,51.5593887],[0.1847575,51.5593071],[0.1848213,51.5592232],[0.1848031,51.5589636],[0.1847738,51.5588652],[0.1845824,51.5587231],[0.1845492,51.5586932],[0.1845806,51.5585352],[0.1845824,51.5584839],[0.1845471,51.558409],[0.1845706,51.5582962],[0.1845143,51.5581749],[0.184446,51.5580755],[0.1844015,51.5579603],[0.1844502,51.557892],[0.1844171,51.5578035],[0.1844077,51.557757],[0.1844022,51.5576734],[0.1844077,51.5576364],[0.1845106,51.5575275],[0.1846759,51.5574237],[0.1847779,51.557295],[0.1848286,51.5572086],[0.1847776,51.5571377],[0.1847527,51.5570401],[0.184873,51.5568697],[0.1850191,51.5568193],[0.1850135,51.5567313],[0.1849333,51.5566545],[0.1847923,51.5566311],[0.1847346,51.5566313],[0.1847458,51.5565051],[0.1847421,51.5564261],[0.1849271,51.5563732],[0.1854481,51.5564075],[0.185669,51.5563827],[0.1858703,51.5563376],[0.1859554,51.5562479],[0.1862288,51.5561421],[0.1863411,51.5559574],[0.1864546,51.555887],[0.1868294,51.5558206],[0.186891,51.5557826],[0.1869439,51.5557421],[0.18696,51.5556267],[0.1870022,51.5555449],[0.1871767,51.5554823],[0.1873679,51.5553493],[0.1874615,51.5552243],[0.1875738,51.5551296],[0.1876095,51.5550327],[0.1877075,51.5548501],[0.1876591,51.5547746],[0.187554,51.5547172],[0.1874883,51.5546411],[0.1875318,51.5545261],[0.1876136,51.5544562],[0.1877908,51.554452],[0.1879554,51.5544255],[0.1880385,51.5543538],[0.1879806,51.5542587],[0.1878822,51.5542228],[0.1878271,51.5541554],[0.187884,51.5540788],[0.1880288,51.5540312],[0.1882238,51.554006],[0.1885065,51.5538541],[0.1885352,51.5537313],[0.1886135,51.5536192],[0.1887622,51.553531],[0.1889184,51.5534795],[0.1889901,51.5534422],[0.1890573,51.5533996],[0.1891711,51.5533048],[0.1892373,51.5532721],[0.1893094,51.553242],[0.1895061,51.5531916],[0.1896657,51.5531211],[0.1899301,51.5528284],[0.1900739,51.5527592],[0.1901796,51.552679],[0.1901898,51.5526509],[0.1901234,51.5526189],[0.1900658,51.5525921],[0.1899898,51.5525099],[0.189995,51.552409],[0.1899797,51.5523005],[0.1899092,51.5522146],[0.1898071,51.5521005],[0.1897079,51.5519881],[0.1896763,51.5517801],[0.1896189,51.5515168],[0.1895813,51.5514527],[0.1893721,51.5514225],[0.1892058,51.5513851],[0.1891225,51.5513021],[0.1889027,51.5511399],[0.1884689,51.5508773],[0.1882159,51.5506859],[0.1874612,51.5501973],[0.1874625,51.5500741],[0.1874404,51.5500044],[0.1874123,51.5499311],[0.1872786,51.5497286],[0.1872373,51.5496502],[0.1872201,51.5495022],[0.187181,51.5494687],[0.1870418,51.5493643],[0.186926,51.5491434],[0.1868153,51.5489108],[0.1867448,51.5488258],[0.1867395,51.5487755],[0.1866948,51.5486846],[0.1866831,51.5485913],[0.1865682,51.5483596],[0.1863291,51.5479532],[0.1861602,51.5477629],[0.1860358,51.5476061],[0.1860121,51.5475634],[0.185995,51.5475357],[0.1858699,51.5473331],[0.1857842,51.5472321],[0.1855646,51.5471643],[0.1854145,51.5471302],[0.1853329,51.547112],[0.1850668,51.5470387],[0.1849273,51.5469874],[0.1844575,51.546756],[0.1841753,51.5466137],[0.1838445,51.5464526],[0.1836541,51.5463923],[0.1835557,51.5463258],[0.1831918,51.5461365],[0.1828791,51.5459903],[0.1827723,51.5458988],[0.1825647,51.5458389],[0.1825692,51.5457848],[0.1824176,51.5457192],[0.1817661,51.5453069],[0.1816709,51.5452467],[0.1815361,51.5450828],[0.1813687,51.5448701],[0.1812117,51.544721],[0.1810701,51.5446256],[0.1808368,51.5444519],[0.1805365,51.5442642],[0.1803646,51.5441082],[0.1802301,51.5439192],[0.1800792,51.5437502],[0.1800205,51.5434868],[0.1800165,51.5434644],[0.1799993,51.543374],[0.1798286,51.5432143],[0.1798089,51.5431958],[0.1798093,51.5430223],[0.1798094,51.5428721],[0.1797361,51.5428195],[0.1796665,51.5426886],[0.1796313,51.5425858],[0.1796035,51.5423363],[0.1796175,51.5420268],[0.1796175,51.541997],[0.1796859,51.5419175],[0.1797166,51.5418351],[0.1797268,51.5418089],[0.1797005,51.541741],[0.1796389,51.541689],[0.1796241,51.5416201],[0.1796218,51.541604],[0.1796657,51.5414962],[0.179659,51.5413541],[0.1795967,51.5412276],[0.1795349,51.5410813],[0.179479,51.5408773],[0.1793874,51.5407117],[0.1792769,51.5405726],[0.1792593,51.5405343],[0.1792581,51.5404506],[0.1792495,51.5403923],[0.1792475,51.5403501],[0.1792465,51.5403304],[0.1791998,51.5402872],[0.1790377,51.5402156],[0.1789081,51.5401586],[0.1787798,51.5400683],[0.1787365,51.5400377],[0.1786279,51.5399372],[0.1784603,51.5397784],[0.1782757,51.5396586],[0.178189,51.5396261],[0.1781171,51.5395699],[0.178063,51.5395529],[0.1779407,51.539529],[0.1779016,51.5395262],[0.1778094,51.5395261],[0.1776664,51.5395224],[0.1774187,51.5395297],[0.1772567,51.5394887],[0.176971,51.5393636],[0.1768304,51.5393213],[0.1764793,51.5392144],[0.1763311,51.5391318],[0.1761447,51.5390318],[0.1757909,51.5388702],[0.175447,51.5387049],[0.1750072,51.5384936],[0.1748817,51.5384033],[0.1747213,51.5382758],[0.1745159,51.5381115],[0.1739194,51.5376072],[0.1737815,51.5374056],[0.173391,51.5368365],[0.1731107,51.5364639],[0.1725665,51.5359066],[0.172406,51.5356551],[0.1723545,51.535603],[0.1723333,51.5355197],[0.172261,51.5353646],[0.1722298,51.5352852],[0.1721158,51.5351334],[0.1720571,51.5350806],[0.171999,51.5350124],[0.1719662,51.534897],[0.1719257,51.5348024],[0.1719175,51.5347828],[0.1718769,51.5346568],[0.1718677,51.5345247],[0.1719104,51.5343909],[0.1719091,51.5343054],[0.1719089,51.5342694],[0.1718732,51.534218],[0.1718216,51.5341632],[0.1717844,51.534047],[0.1717131,51.5339107],[0.1716447,51.5338076],[0.1716218,51.533782],[0.1715276,51.5337109],[0.1714264,51.5336156],[0.17138,51.5335176],[0.1713384,51.5334015],[0.1712183,51.5332723],[0.1711371,51.5331084],[0.1711243,51.5330826],[0.1710344,51.5329826],[0.1708051,51.5326784],[0.1707622,51.5326252],[0.1706019,51.5325302],[0.1704898,51.5324747],[0.1704425,51.5324512],[0.170359,51.5323952],[0.1702214,51.5322917],[0.1701153,51.5322119],[0.1698138,51.5319638],[0.1696216,51.5318351],[0.1695575,51.5317923],[0.1694108,51.5316772],[0.1692409,51.531531],[0.168891,51.5313289],[0.1687442,51.5312435],[0.1686638,51.531191],[0.1686287,51.5311494],[0.1686042,51.5311202],[0.168566,51.5310435],[0.1685374,51.5309874],[0.1684817,51.5309381],[0.168372,51.5308744],[0.168231,51.5308501],[0.1681378,51.5308302],[0.1680467,51.530795],[0.1679749,51.5307397],[0.167914,51.5306725],[0.1678709,51.5305851],[0.1678569,51.5305036],[0.1678159,51.5303982],[0.1677383,51.5303125],[0.1676937,51.5302844],[0.1675482,51.5301972],[0.1674982,51.5301145],[0.1674859,51.5300374],[0.1674696,51.5299982],[0.1674613,51.5299767],[0.1674375,51.5299609],[0.1674032,51.5299373],[0.1673102,51.5298905],[0.1672341,51.5298649],[0.1671344,51.5298317],[0.1670978,51.5298198],[0.1669793,51.5297842],[0.1669026,51.5297452],[0.1668177,51.5296909],[0.1667738,51.5296477],[0.1667245,51.5295802],[0.16663,51.5294723],[0.1665602,51.5293981],[0.1665085,51.5293432],[0.1664691,51.5293008],[0.1664486,51.5290818],[0.1664469,51.5290764],[0.1663649,51.5290185],[0.1662338,51.5289319],[0.166218,51.5289017],[0.1660923,51.5288653],[0.1660586,51.5288561],[0.1659839,51.5287999],[0.1659103,51.5286456],[0.1658477,51.5286045],[0.1657084,51.5285846],[0.1656605,51.5285774],[0.1655373,51.528533],[0.1654503,51.5284311],[0.1653917,51.5282901],[0.1652996,51.528111],[0.1651958,51.5279008],[0.165114,51.5277547],[0.1649859,51.527607],[0.1649263,51.5275064],[0.1648917,51.5274765],[0.1647071,51.5272938],[0.1644561,51.5270763],[0.1644437,51.5270585],[0.1644433,51.5270504],[0.1644143,51.526988],[0.1644481,51.5268776],[0.1644767,51.5267809],[0.1644503,51.5267418],[0.1643586,51.5266014],[0.1640486,51.5262061],[0.1639981,51.5261144],[0.1639828,51.5260643],[0.1639793,51.5260212],[0.1639847,51.5259519],[0.1640035,51.5258634],[0.1640515,51.525751],[0.1640564,51.5257023],[0.1640435,51.5256432],[0.1640177,51.5255843],[0.1639576,51.5255036],[0.1638555,51.5254174],[0.1637917,51.525379],[0.1637417,51.5253286],[0.163708,51.5252564],[0.1637001,51.5252116],[0.1637094,51.5251341],[0.1636803,51.525006],[0.1635189,51.524795],[0.1634196,51.5245252],[0.1631142,51.5241639],[0.1629394,51.5238821],[0.1628125,51.5235157],[0.1627188,51.5231209],[0.1626763,51.5230452],[0.1625606,51.5228855],[0.1623149,51.5223558],[0.162259,51.5222714],[0.1622374,51.5222098],[0.1622316,51.5221478],[0.1622438,51.5220721],[0.1623301,51.5218241],[0.1623386,51.5217592],[0.1623366,51.5216864],[0.1623,51.5214919],[0.162238,51.5213105],[0.1618209,51.5204171],[0.1616954,51.5201415],[0.1614831,51.5196454],[0.1613386,51.5193324],[0.1613161,51.519224],[0.1611872,51.5188766],[0.1610456,51.5187173],[0.1609955,51.5186022],[0.1609764,51.5185343],[0.1609516,51.5184367],[0.1607866,51.5181484],[0.1606496,51.5178712],[0.1605513,51.5176833],[0.1604884,51.5176035],[0.1604236,51.5174824],[0.1603186,51.5172748],[0.1602696,51.5171219],[0.1601847,51.5170344],[0.1601403,51.5169174],[0.1599045,51.5164425],[0.1598097,51.5162365],[0.1598322,51.5161641],[0.159735,51.5160589],[0.1596549,51.5159201],[0.1594913,51.5154771],[0.1591469,51.5145041],[0.1592013,51.5144653],[0.1591799,51.5143785],[0.1591399,51.5143549],[0.1590474,51.5141057],[0.1589368,51.5138407],[0.1589343,51.5136357],[0.1589128,51.5135461],[0.1589312,51.5134478],[0.158952,51.5133395],[0.1589064,51.5131982],[0.1589141,51.513056],[0.1588301,51.5127734],[0.1587755,51.512501],[0.1587054,51.5122388],[0.1586928,51.512186],[0.1585624,51.5116524],[0.1583793,51.5109184],[0.1582651,51.5104555],[0.1581449,51.5099541],[0.1580183,51.5094106],[0.1578734,51.508844],[0.1578741,51.5087685],[0.1600576,51.5087121],[0.1600591,51.508712],[0.1605136,51.5086641],[0.1607729,51.5086305],[0.1611261,51.5085719],[0.161473,51.5085034],[0.1617271,51.5084511],[0.1625255,51.50827],[0.1635886,51.5080175],[0.1639011,51.5079209],[0.1648375,51.5076104],[0.165157,51.5075101],[0.165661,51.5073506],[0.1669104,51.5069256],[0.1675063,51.5066987],[0.1679332,51.5065235],[0.1684979,51.5062766],[0.1689419,51.5060678],[0.1691826,51.5059474],[0.1696636,51.5056975],[0.1698967,51.5055682],[0.1703465,51.5053008],[0.1707179,51.5050503],[0.1725825,51.5036542],[0.172798,51.5034596],[0.1730054,51.5032863],[0.1734643,51.5028366],[0.1741271,51.5021687],[0.174364,51.5019098],[0.174633,51.5015973],[0.1748257,51.5013464],[0.1749505,51.5011543],[0.1754574,51.5003005],[0.1756885,51.4998613],[0.1757216,51.4997983],[0.1758868,51.4992125],[0.1759074,51.4991599],[0.1760659,51.498737],[0.1760673,51.498737],[0.1762622,51.4982918],[0.1763109,51.4981947],[0.1765713,51.4977627],[0.1766184,51.4976629],[0.1768897,51.4970365],[0.1770141,51.4966241],[0.1771909,51.4957701],[0.1776859,51.4938832],[0.1778206,51.4933231],[0.1778896,51.493079],[0.1780467,51.4925959],[0.1782435,51.4921021],[0.1783505,51.4918384],[0.1785269,51.4914592],[0.179012,51.4904547],[0.1795693,51.4895747],[0.1800183,51.4889611],[0.1805492,51.4882831],[0.1808254,51.4880028],[0.1810281,51.4878146],[0.181653,51.4873255],[0.1821431,51.4869719],[0.1824378,51.4867767],[0.1826584,51.4866323],[0.1833349,51.4862285],[0.1839963,51.4859033],[0.1848166,51.4855265],[0.1851487,51.4853917],[0.18545,51.4852772],[0.1861296,51.4850307],[0.1863521,51.4849556],[0.1868716,51.4847939],[0.1872697,51.4846543],[0.1874571,51.4845977],[0.1876009,51.4845626],[0.1881774,51.4844494],[0.1883753,51.4844313],[0.1894335,51.4843324],[0.1899707,51.4842702],[0.1902546,51.4842442],[0.1919728,51.4841501],[0.1955595,51.4841864],[0.1963055,51.4842138],[0.197133,51.4842585],[0.1983471,51.4843464],[0.1987515,51.4843693],[0.1990148,51.4843923],[0.199277,51.4844233],[0.200446,51.4845912],[0.2025931,51.4849708],[0.2033691,51.4850812],[0.2051204,51.4853163],[0.207697,51.4856977],[0.2081271,51.4857462],[0.2082761,51.4857587],[0.2086907,51.4857842],[0.2095967,51.4858148],[0.2103069,51.485877],[0.2103443,51.4873025],[0.2103869,51.488183],[0.210422,51.4895645],[0.21044,51.4900283],[0.2105254,51.4902425],[0.2109474,51.4903317],[0.2111718,51.4904129],[0.2113044,51.4904733],[0.2113528,51.4905507],[0.2114039,51.4906837],[0.2114115,51.4909021],[0.2114755,51.4909135],[0.2115631,51.4909379],[0.2118047,51.4909891],[0.2118514,51.4910026],[0.2118886,51.491027],[0.2119039,51.4910438],[0.2119619,51.4912604],[0.2119896,51.4913866],[0.2120268,51.4916791],[0.2120592,51.4921678],[0.2121242,51.492413],[0.21225,51.4925113],[0.2123006,51.4925742],[0.2123268,51.4926384],[0.2123436,51.4927479],[0.2123785,51.4928146],[0.2124107,51.4928545],[0.21245,51.4928933],[0.2127329,51.493111],[0.2127857,51.4932188],[0.2128097,51.4932983],[0.2128171,51.4933334],[0.2128319,51.4938169],[0.2128191,51.4939088],[0.2128227,51.4939546],[0.2128471,51.4940396],[0.2128821,51.4941082],[0.2128739,51.4941767],[0.2128646,51.4942551],[0.2128369,51.494306],[0.2128243,51.4943449],[0.2128218,51.4943809],[0.2128311,51.4944239],[0.2128737,51.4945013],[0.2130458,51.4950215],[0.2131756,51.4950235],[0.2133174,51.4950056],[0.2133935,51.4950023],[0.2135151,51.4950126],[0.2136726,51.4953199],[0.2138359,51.495539],[0.2139806,51.4958194],[0.2141281,51.4960388],[0.214248,51.4960734],[0.2143125,51.4960668],[0.2143963,51.4961318],[0.2147285,51.496326],[0.214932,51.4964536],[0.214994,51.4964829],[0.215107,51.4965249],[0.2152858,51.4965601],[0.2152902,51.4965601],[0.2153829,51.4966006],[0.2154586,51.4966189],[0.2155398,51.4966264],[0.2155785,51.4966247],[0.2157046,51.4965486],[0.2159264,51.4964599],[0.2162668,51.4965254],[0.2169971,51.4965826],[0.217098,51.4966122],[0.2171465,51.496632],[0.2172986,51.4967101],[0.2175173,51.4967923],[0.2176008,51.4968195],[0.2177744,51.4968647],[0.2179224,51.496915],[0.2181741,51.4970254],[0.2183518,51.4970966],[0.2188161,51.497193],[0.2194424,51.4972711],[0.219508,51.497286],[0.2195695,51.4973074],[0.219596,51.4973213],[0.2196076,51.4974092],[0.2196399,51.4974508],[0.2200874,51.4975305],[0.2210524,51.4977316],[0.2214309,51.4977802],[0.2216254,51.4978098],[0.2217569,51.4978172],[0.2219151,51.4978115],[0.2222875,51.4977676],[0.2225995,51.4977832],[0.2229456,51.4977902],[0.2233177,51.4978263],[0.2234628,51.4978479],[0.2234657,51.4978478],[0.223578,51.4979059],[0.2235953,51.4978454],[0.2236004,51.4978326],[0.2237715,51.4976774],[0.2239982,51.4975392],[0.2242609,51.4973138],[0.2242695,51.4973128],[0.2243321,51.4973251],[0.2245765,51.4974031],[0.2250043,51.4974885],[0.2253646,51.4975789],[0.2256983,51.4977173],[0.2258782,51.4978021],[0.2258797,51.497802],[0.2263274,51.4980003],[0.2268914,51.4983097],[0.2272859,51.4985397],[0.2275741,51.4987186],[0.2276325,51.4987355],[0.2277268,51.4987202],[0.2278358,51.498826],[0.2278792,51.4988594],[0.2282524,51.498979],[0.2286204,51.4991088],[0.2289198,51.4991894],[0.2290733,51.4992161],[0.2292429,51.4991571],[0.2294225,51.4992769],[0.2297195,51.49931],[0.2299369,51.4993652],[0.2295466,51.4999302],[0.2292709,51.5004482],[0.2291422,51.5006101],[0.2287014,51.5010066],[0.228348,51.5015601],[0.2280439,51.5020307],[0.2277821,51.5024818],[0.2276474,51.5027919],[0.2276013,51.5030302],[0.2275216,51.5032278],[0.2274391,51.5033678],[0.2274059,51.5034251],[0.2270341,51.503898],[0.2267201,51.5042852],[0.226586,51.5044884],[0.2265725,51.504744],[0.2264894,51.5049902],[0.2263669,51.5052263],[0.2261869,51.5054348],[0.2260035,51.505753],[0.2260345,51.5057965],[0.2260406,51.5058045],[0.2259924,51.5058791],[0.226368,51.5059277],[0.2265145,51.5065113],[0.2265237,51.506521],[0.2265328,51.5065298],[0.2265419,51.5065387],[0.2265479,51.5065448],[0.2265584,51.5065536],[0.2265689,51.5065624],[0.2265808,51.5065703],[0.2265927,51.5065781],[0.2266046,51.5065852],[0.2266179,51.5065921],[0.2266224,51.5065939],[0.2266327,51.5065982],[0.2266443,51.5066006],[0.2266545,51.506604],[0.2266661,51.5066065],[0.2266763,51.506609],[0.226688,51.5066115],[0.2267112,51.5066155],[0.2267229,51.506618],[0.2267273,51.5066188],[0.2267768,51.5066287],[0.2268263,51.5066376],[0.2268771,51.5066466],[0.2269264,51.5066537],[0.2269772,51.5066599],[0.2270278,51.5066653],[0.2270786,51.5066706],[0.2271307,51.5066741],[0.2271826,51.5066767],[0.2272332,51.5066785],[0.227285,51.5066793],[0.2272908,51.5066792],[0.2284424,51.5067706],[0.2289282,51.5068036],[0.2294586,51.5068043],[0.2299626,51.5067974],[0.2304134,51.5067636],[0.2307639,51.5067111],[0.2310444,51.5067004],[0.2315831,51.5066964],[0.231842,51.5066843],[0.2320129,51.5066433],[0.2320143,51.5066433],[0.2321807,51.5066257],[0.2324789,51.5066237],[0.2331663,51.5066546],[0.2334135,51.5066697],[0.2337391,51.5067588],[0.2340516,51.506841],[0.2343116,51.5068828],[0.2346028,51.506942],[0.2348323,51.506952],[0.2349725,51.5069296],[0.2350847,51.5069256],[0.2354228,51.5069444],[0.2358785,51.5069815],[0.2372387,51.5070932],[0.239066,51.5072408],[0.2398186,51.5072778],[0.2398679,51.5073146],[0.2399771,51.5073944],[0.2399524,51.507509],[0.2400147,51.5075456],[0.2399366,51.5075984],[0.2399708,51.5077065],[0.2405025,51.5077647],[0.2407315,51.5077918],[0.2410823,51.5078345],[0.2414104,51.5078832],[0.241767,51.5079249],[0.2418912,51.5079594],[0.2418478,51.5080744],[0.2418288,51.5081251],[0.2419851,51.5081105],[0.2419894,51.5081095],[0.2420024,51.5083754],[0.2420139,51.5086091],[0.2418976,51.5091176],[0.2418177,51.509575],[0.2416287,51.5100409],[0.2414139,51.5104182],[0.2414742,51.5106203],[0.2411834,51.5105404],[0.2408889,51.5105299],[0.2406521,51.5105209],[0.2406463,51.5105183],[0.2406418,51.5105157],[0.2406346,51.5105141],[0.2406286,51.5105115],[0.2406229,51.5105107],[0.2406156,51.510509],[0.2406083,51.5105083],[0.2406025,51.5105075],[0.2405952,51.5105067],[0.2405881,51.510506],[0.2405808,51.5105061],[0.2405736,51.5105062],[0.2405679,51.5105072],[0.2405607,51.5105083],[0.2405535,51.5105093],[0.2405479,51.5105103],[0.2405407,51.5105122],[0.2405337,51.5105142],[0.240528,51.5105161],[0.2405224,51.510518],[0.2405181,51.5105217],[0.2405126,51.5105245],[0.2405083,51.5105273],[0.2405042,51.5105309],[0.2405001,51.5105346],[0.2404973,51.5105383],[0.2404932,51.5105419],[0.2404906,51.5105456],[0.2404878,51.5105501],[0.2404851,51.5105538],[0.2404756,51.5105656],[0.2404717,51.5105729],[0.2404678,51.5105802],[0.2404637,51.5105874],[0.2404613,51.5105956],[0.2404588,51.5106037],[0.2404563,51.5106119],[0.2404538,51.5106191],[0.2404503,51.5106362],[0.2404481,51.5106507],[0.240446,51.510666],[0.2404453,51.5106813],[0.2404446,51.5106957],[0.2404453,51.510711],[0.2404457,51.5107191],[0.2404437,51.5107659],[0.2402789,51.5107547],[0.2403441,51.5109386],[0.2403441,51.5111734],[0.2402743,51.511396],[0.2402635,51.5118809],[0.2402461,51.512115],[0.240219,51.5122666],[0.2401409,51.512555],[0.2401104,51.5126374],[0.2400093,51.5128381],[0.2399462,51.5130524],[0.2399657,51.5132436],[0.2401482,51.5133202],[0.2402795,51.5133509],[0.2404207,51.5133806],[0.2407996,51.5134354],[0.2408942,51.5136027],[0.2411143,51.5137423],[0.2409582,51.5139675],[0.240613,51.5143634],[0.2404068,51.5146561],[0.2400895,51.5149148],[0.2395105,51.5156876],[0.2393641,51.5160231],[0.2386694,51.5170238],[0.2385201,51.5172398],[0.2381363,51.5177921],[0.237148,51.5193335],[0.2378822,51.5193707],[0.2398822,51.5193847],[0.2401673,51.5193505],[0.2403229,51.5193196],[0.2404439,51.5192886],[0.2410337,51.5190866],[0.243189,51.5184779],[0.2439086,51.5183365],[0.2441943,51.5184308],[0.2447726,51.5186994],[0.2448271,51.5187254],[0.2448778,51.5187586],[0.2449126,51.5187903],[0.2449387,51.5188249],[0.2449618,51.5188838],[0.2449581,51.5189558],[0.2449256,51.5190257],[0.2445042,51.5195158],[0.2442005,51.519759],[0.2444117,51.5200085],[0.2446377,51.520149],[0.2444952,51.5203001],[0.2444149,51.5203682],[0.2442715,51.5204708],[0.2438464,51.520648],[0.2436204,51.5207135],[0.2434694,51.5207497],[0.2432696,51.5207903],[0.2430752,51.5208246],[0.2429135,51.5208484],[0.2427501,51.5208677],[0.2424399,51.5208916],[0.2421665,51.520931],[0.2417411,51.5210174],[0.2417126,51.5210241],[0.2416082,51.5210487],[0.2416042,51.5210497],[0.2411512,51.5211564],[0.2406966,51.5212064],[0.2406451,51.5214188],[0.2406232,51.5217672],[0.2406294,51.5218318],[0.2406672,51.5219552],[0.2406973,51.5220121],[0.2407679,51.522099],[0.2407974,51.5221425],[0.2409043,51.5223527],[0.2409719,51.5225134],[0.2409985,51.5225767],[0.2410104,51.5226051],[0.2410713,51.5226723],[0.2411369,51.522716],[0.2412373,51.5227618],[0.2414963,51.5229294],[0.2419774,51.5232728],[0.2423198,51.5235819],[0.2427097,51.5240376],[0.2427474,51.524098],[0.2427868,51.5241953],[0.242828,51.5243914],[0.2447413,51.5238396],[0.2458095,51.5235152],[0.2459828,51.5236953],[0.2462019,51.5240184],[0.2463188,51.5240225],[0.2463551,51.5240272],[0.2464194,51.5240448],[0.246474,51.5240698],[0.2465113,51.5240943],[0.246633,51.5242251],[0.2466658,51.5242766],[0.2470417,51.5250302],[0.2470621,51.525091],[0.2470714,51.5251655],[0.247065,51.5252393],[0.2470439,51.5253098],[0.2469766,51.5254344],[0.2467981,51.5256167],[0.2463411,51.5261723],[0.2462583,51.5262485],[0.2462303,51.526294],[0.2462176,51.5263285],[0.2462138,51.5263708],[0.2462207,51.5264219],[0.2462339,51.5264549],[0.2462556,51.526486],[0.2462967,51.526531],[0.2463958,51.52661],[0.2468421,51.5268614],[0.2474025,51.5270881],[0.2480755,51.5274527],[0.2480967,51.5274638],[0.2481159,51.5274745],[0.2481259,51.5274817],[0.248263,51.5275501],[0.2488543,51.5274083],[0.248935,51.5279338],[0.2489368,51.5286729],[0.2492902,51.5287354],[0.2497721,51.5287703],[0.2506707,51.5288079],[0.2508241,51.5288175],[0.2508897,51.5286292],[0.2509443,51.5284501],[0.251024,51.5282543],[0.2511501,51.5279767],[0.251398,51.5275079],[0.2514254,51.5271854],[0.2514751,51.5268482],[0.2514912,51.5265601],[0.2514641,51.5263627],[0.2514738,51.5261503],[0.2515082,51.5259698],[0.2516391,51.5257011],[0.2518226,51.5254475],[0.2520419,51.5251861],[0.2521634,51.5250795],[0.2522279,51.5249811],[0.2523048,51.524789],[0.2523755,51.524525],[0.2524561,51.5240271],[0.2524478,51.5238006],[0.2524069,51.523555],[0.2524427,51.5233474],[0.2524673,51.5232421],[0.2525094,51.523062],[0.2525889,51.5227151],[0.2526297,51.5223744],[0.2527372,51.5220989],[0.2529238,51.521732],[0.2531084,51.5213544],[0.2532582,51.5210008],[0.2533551,51.5206878],[0.2533914,51.5204299],[0.2533943,51.520196],[0.2534069,51.5200141],[0.2534728,51.5198599],[0.2534766,51.5198491],[0.2535582,51.5196317],[0.2536576,51.5193672],[0.2536895,51.5190806],[0.253745,51.5184842],[0.2537694,51.5182463],[0.2538063,51.517885],[0.2540477,51.5178974],[0.2543898,51.5178486],[0.2545383,51.5178206],[0.2546782,51.5177918],[0.2547928,51.51775],[0.2548372,51.5177438],[0.2549293,51.5177411],[0.2550911,51.5177479],[0.2552893,51.5177351],[0.2555765,51.5176828],[0.2556984,51.5176706],[0.2557821,51.5176726],[0.2558834,51.5176823],[0.2559591,51.5176961],[0.2560161,51.5177121],[0.2561292,51.517754],[0.2563888,51.5178155],[0.2564555,51.5178223],[0.2565247,51.5178237],[0.2565792,51.5178182],[0.2566742,51.5177876],[0.2567142,51.5177796],[0.256766,51.5177768],[0.2568425,51.5177807],[0.2571906,51.5178235],[0.2573189,51.5178516],[0.2573827,51.5178602],[0.2574795,51.5178647],[0.2576724,51.5178592],[0.2578974,51.5178333],[0.2580053,51.5178285],[0.2580644,51.51783],[0.2582965,51.5178588],[0.2585797,51.5178435],[0.2586239,51.5178336],[0.2587778,51.5177686],[0.2588566,51.5177599],[0.2589,51.5177627],[0.2590194,51.5177874],[0.2592626,51.517807],[0.2594371,51.517809],[0.2594607,51.5178184],[0.2594847,51.5178386],[0.259476,51.5179234],[0.2594334,51.5179656],[0.2594201,51.517991],[0.2594171,51.5180162],[0.2594472,51.5180714],[0.2595254,51.5181364],[0.2597547,51.5182562],[0.2599501,51.518301],[0.2601095,51.5183195],[0.2601774,51.5183496],[0.2602256,51.518364],[0.260275,51.5183702],[0.260357,51.5183686],[0.2605145,51.5183476],[0.2608556,51.5182493],[0.2613759,51.518072],[0.2614907,51.5180032],[0.2615713,51.5179729],[0.2616397,51.5179572],[0.2617587,51.5179432],[0.2619713,51.5179292],[0.2622798,51.5179296],[0.2627049,51.5179286],[0.2636548,51.5178689],[0.2637531,51.5181925],[0.2638405,51.5186495],[0.2638567,51.5190629],[0.2639084,51.5202804],[0.2639178,51.5204412],[0.2639665,51.5208404],[0.2640073,51.5210834],[0.264041,51.5212086],[0.2641387,51.5214648],[0.2642283,51.5216412],[0.2642973,51.5217558],[0.2649812,51.5229],[0.2656608,51.5229409],[0.26661,51.5229549],[0.2666768,51.5233115],[0.2667312,51.5238267],[0.2667234,51.5245121],[0.2663446,51.5245491],[0.2658154,51.5245737],[0.2657066,51.5245911],[0.2656428,51.5246094],[0.2655371,51.5246591],[0.2654954,51.5246905],[0.2654556,51.5247336],[0.2653838,51.5248554],[0.2653586,51.5249548],[0.2653567,51.5250053],[0.2654387,51.5257276],[0.2654744,51.5274059],[0.2654781,51.5278275],[0.2654343,51.5286297],[0.2654394,51.529573],[0.2653192,51.5321491],[0.2659852,51.5322027],[0.2660925,51.532216],[0.266441,51.5322641],[0.267175,51.5323812],[0.267641,51.5324738],[0.2688606,51.5327614],[0.2691997,51.5328529],[0.2693777,51.5328935],[0.2696529,51.5329475],[0.2706781,51.5330923],[0.2721051,51.5331986],[0.2724414,51.5332056],[0.2726245,51.5332029],[0.2729335,51.5331844],[0.2731099,51.5331657],[0.2734364,51.5331198],[0.273585,51.5330917],[0.2738987,51.5330209],[0.2740587,51.5329925],[0.2742837,51.532963],[0.2744976,51.5329445],[0.2746429,51.5329381],[0.2749314,51.5329423],[0.2750458,51.53295],[0.2753476,51.5329892],[0.2753972,51.532999],[0.2757495,51.5330947],[0.2761962,51.5331777],[0.276312,51.5329273],[0.2773973,51.5331481],[0.278377,51.5333324],[0.2795265,51.5335132],[0.2800562,51.5336273],[0.2807407,51.5337747],[0.2817339,51.5339407],[0.282469,51.5339938],[0.2834473,51.5340917],[0.2840125,51.5341221],[0.2846456,51.5341808],[0.2854908,51.5342119],[0.2859278,51.5342718],[0.2866387,51.5343299],[0.2869159,51.5344225],[0.2870469,51.5344469],[0.2872721,51.5344812],[0.2874955,51.5345083],[0.2876289,51.5345219],[0.2880471,51.5345524],[0.2883174,51.5345642],[0.2889195,51.5345542],[0.2898397,51.5345578],[0.2904964,51.5344839],[0.2904115,51.5346592],[0.290873,51.5346879],[0.2913456,51.534738],[0.2919577,51.5347818],[0.2928748,51.5348691],[0.2939786,51.5349393],[0.2948759,51.5350611],[0.2954957,51.5351128],[0.2977267,51.5353173],[0.2976992,51.5356308],[0.2975806,51.5360235],[0.2973888,51.5367143],[0.297177,51.5376609],[0.2974849,51.5377061],[0.2978783,51.5377588],[0.2989209,51.5378983],[0.3008306,51.5381333],[0.3007639,51.5384998],[0.3006946,51.5387547],[0.3010485,51.5387964],[0.3026345,51.5389028],[0.3036507,51.5389521],[0.3045172,51.5390052],[0.3057062,51.5391033],[0.3057077,51.5391033],[0.3063251,51.5391361],[0.3063569,51.5390797],[0.3065939,51.5390903],[0.3067966,51.5391061],[0.3074769,51.5391575],[0.3091411,51.5392408],[0.3092872,51.5392793],[0.3097458,51.5392783],[0.3100117,51.5392911],[0.3104818,51.5393456],[0.3104986,51.5396502],[0.3114477,51.5397106],[0.3119333,51.5397298],[0.3123126,51.5397601],[0.3130139,51.5397967],[0.3132719,51.5398222],[0.3138567,51.5398655],[0.3144134,51.539921],[0.3152105,51.5399413],[0.3152451,51.5398848],[0.3157818,51.5399165],[0.3163921,51.53998],[0.3168615,51.539995],[0.316889,51.5400817],[0.3174592,51.5401208],[0.3197408,51.540323],[0.3205843,51.5404043],[0.3215051,51.5405012],[0.322413,51.5405165],[0.3235066,51.5405533],[0.3246901,51.5406297],[0.3252564,51.540649],[0.3260515,51.5406575],[0.3264806,51.5406445],[0.3269921,51.5406641],[0.3273484,51.5406938],[0.3278399,51.5407174],[0.3291186,51.5407352],[0.3296019,51.5407373],[0.330094,51.5407428],[0.3305996,51.5407597],[0.3311939,51.5407614],[0.3315618,51.5407955],[0.3314899,51.5407151],[0.3314624,51.5406553],[0.3313829,51.5403988],[0.3313794,51.5401875],[0.3314008,51.5400441],[0.3327569,51.5402779],[0.3339956,51.5405024],[0.3340155,51.5406648],[0.3338152,51.5409782],[0.3338141,51.5410672],[0.333829,51.5411065],[0.3338276,51.5411353],[0.3338132,51.5411634],[0.3337939,51.5411818],[0.3337346,51.5412064],[0.3336004,51.5412333],[0.3333047,51.5412608],[0.3334644,51.5416471],[0.333874,51.5424923],[0.3336883,51.5427532],[0.3334597,51.5431058],[0.3330417,51.5438156],[0.3329015,51.5440072],[0.332547,51.5444649],[0.3318628,51.5453282],[0.3314168,51.5459414],[0.3306793,51.5459336],[0.3301725,51.5458951],[0.3294262,51.5458264],[0.3290181,51.5457985],[0.3288715,51.5458356],[0.3290699,51.5461347],[0.3294394,51.5465626],[0.3291002,51.5469533],[0.3290051,51.5470407],[0.3289273,51.5471259],[0.3288662,51.5472017],[0.3288223,51.5472736],[0.3287845,51.5473527],[0.3287617,51.5474133],[0.328701,51.5476942],[0.3286283,51.5478521],[0.3286054,51.547884],[0.3285253,51.5479828],[0.3284051,51.5481147],[0.328281,51.5482277],[0.3280603,51.5483949],[0.3280178,51.548438],[0.3279761,51.5484973],[0.3279504,51.5485598],[0.3279397,51.5486329],[0.3279405,51.548704],[0.3279566,51.5487926],[0.3279748,51.5490099],[0.3279731,51.5490891],[0.3279648,51.5494346],[0.327916,51.5504869],[0.327861,51.5508756],[0.3278257,51.5509491],[0.3277876,51.550993],[0.3275166,51.5511657],[0.3270458,51.5514367],[0.3267542,51.5515765],[0.3266336,51.5516436],[0.3264037,51.551802],[0.3262483,51.5519247],[0.3259779,51.5521648],[0.3257116,51.5523732],[0.3255762,51.5524911],[0.3254884,51.5525782],[0.325427,51.5526478],[0.3253787,51.5527207],[0.3252969,51.5528698],[0.3251291,51.5530566],[0.3248143,51.5530502],[0.3244605,51.5530726],[0.3241956,51.5530562],[0.3231769,51.5528812],[0.3226045,51.5527729],[0.3225299,51.5527537],[0.3224676,51.5527478],[0.3223971,51.5527492],[0.3223355,51.5527603],[0.3222774,51.5527803],[0.3222256,51.5528102],[0.322191,51.5528396],[0.3221735,51.5528652],[0.3220553,51.5532892],[0.3220618,51.5536434],[0.3220486,51.5539809],[0.3220708,51.5540191],[0.3220817,51.5540622],[0.3220823,51.5541053],[0.3220524,51.5541679],[0.322025,51.5541972],[0.3219761,51.5542288],[0.3218605,51.5542814],[0.3214671,51.5544026],[0.3211006,51.5544871],[0.3206695,51.5546054],[0.3200002,51.5548318],[0.3195488,51.5549764],[0.3190988,51.5551212],[0.3189976,51.5551439],[0.3189308,51.5551641],[0.3188686,51.5551896],[0.3188026,51.5552259],[0.3187386,51.5552722],[0.3186946,51.5553153],[0.3186618,51.555379],[0.318589,51.5559604],[0.3184926,51.5565324],[0.318407,51.5567788],[0.3181744,51.5569137],[0.3177296,51.5571321],[0.3168782,51.5575239],[0.3164723,51.5576839],[0.316164,51.5576936],[0.3156055,51.5576606],[0.3153821,51.5577531],[0.3153233,51.5577875],[0.3152666,51.5578336],[0.3152216,51.5578866],[0.3151608,51.5579967],[0.3151336,51.5580845],[0.3150928,51.5584477],[0.3150152,51.5589367],[0.3150243,51.5590003],[0.3150159,51.5590347],[0.3150012,51.5590583],[0.314968,51.5590877],[0.3149105,51.5591194],[0.3148737,51.5591328],[0.3147917,51.5591389],[0.3147472,51.5592549],[0.3147354,51.5595051],[0.3146958,51.5598612],[0.3146364,51.560141],[0.3146062,51.5604555],[0.3145836,51.5605513],[0.3145634,51.5607783],[0.3144608,51.5612579],[0.3143849,51.5615256],[0.31437,51.5616005],[0.3143146,51.561732],[0.3142787,51.5618784],[0.3141887,51.5620673],[0.3141474,51.562104],[0.314114,51.5621578],[0.3141086,51.5621911],[0.3141233,51.5622547],[0.314134,51.5622661],[0.3142091,51.5622961],[0.3142175,51.5623202],[0.314148,51.5624287],[0.3141392,51.5624549],[0.3141221,51.5625721],[0.3141341,51.5626384],[0.3141153,51.5627225],[0.3136853,51.5637445],[0.313525,51.5638286],[0.3134747,51.563915],[0.313432,51.564182],[0.3133365,51.5645193],[0.3132946,51.5649447],[0.3132232,51.5651304],[0.3131707,51.5653185],[0.3131026,51.5654556],[0.3130752,51.5655398],[0.313048,51.5656294],[0.3130069,51.5658163],[0.3099692,51.56561],[0.3070414,51.5654671],[0.30704,51.5654671],[0.306211,51.5654241],[0.3061956,51.5655197],[0.3046617,51.5654071],[0.3045242,51.565397],[0.3045478,51.5652921],[0.30349,51.5652329],[0.302242,51.5651495],[0.3007959,51.5650888],[0.300467,51.5650898],[0.3001827,51.5650604],[0.3002115,51.5650005],[0.2994442,51.5649786],[0.2980654,51.5648779],[0.2968819,51.5648148],[0.2956281,51.5647314],[0.2945237,51.5646613],[0.2934548,51.5645833],[0.2920409,51.5644706],[0.2902617,51.5642976],[0.2901735,51.5644954],[0.2900297,51.5648202],[0.2897653,51.5654719],[0.2894776,51.5659784],[0.2892577,51.5664567],[0.2890328,51.5670924],[0.2888115,51.5675418],[0.2885988,51.5681035],[0.288366,51.5685551],[0.2880268,51.5691578],[0.2877638,51.5696378],[0.2875697,51.5699968],[0.2873531,51.5704237],[0.2871436,51.5708226],[0.2869301,51.571084],[0.2867851,51.5712999],[0.286773,51.5713172],[0.2867542,51.5713455],[0.286737,51.5713755],[0.2867212,51.5714055],[0.2867053,51.5714355],[0.2866924,51.5714654],[0.286681,51.5714962],[0.2866771,51.5715044],[0.2866682,51.5715279],[0.2866643,51.5715397],[0.2866592,51.5715515],[0.286657,51.5715632],[0.2866546,51.571575],[0.2866537,51.5715867],[0.2866526,51.5715921],[0.2866518,51.5716047],[0.2866521,51.571611],[0.286651,51.5716173],[0.2866513,51.5716236],[0.2866516,51.5716299],[0.2866519,51.5716361],[0.2866522,51.5716424],[0.286654,51.5716487],[0.2866557,51.571655],[0.2866575,51.5716612],[0.2866592,51.5716666],[0.2866625,51.5716728],[0.286667,51.5716781],[0.2866716,51.5716834],[0.2866762,51.5716887],[0.2866822,51.571694],[0.2866883,51.5716993],[0.2866942,51.5717036],[0.2867017,51.571708],[0.2867092,51.5717123],[0.2867165,51.5717168],[0.286724,51.5717202],[0.2867328,51.5717237],[0.2868408,51.5718043],[0.287027,51.5719769],[0.2871103,51.5721443],[0.2871228,51.5723636],[0.2871265,51.5724066],[0.2871317,51.5724542],[0.2871355,51.5725009],[0.2871379,51.5725485],[0.287138,51.572579],[0.2871369,51.572615],[0.2871344,51.572652],[0.287132,51.5726889],[0.2871265,51.572725],[0.2871212,51.572761],[0.2871129,51.5727972],[0.2871031,51.5728333],[0.2870919,51.5728695],[0.2870906,51.5728731],[0.2870766,51.5729085],[0.2870625,51.5729438],[0.2870455,51.5729793],[0.287027,51.5730138],[0.2870071,51.5730484],[0.2869872,51.5730829],[0.2869643,51.5731166],[0.2869401,51.5731495],[0.2867248,51.5734621],[0.2866254,51.5735791],[0.2865174,51.5735579],[0.2863471,51.5735288],[0.2862688,51.573578],[0.2861352,51.5737641],[0.2860937,51.5737685],[0.2860291,51.5737769],[0.2859647,51.5737872],[0.2859002,51.5737974],[0.2858788,51.5738014],[0.2858302,51.5738105],[0.2857817,51.5738204],[0.285733,51.5738304],[0.285686,51.5738412],[0.285639,51.5738529],[0.2855919,51.5738655],[0.2855464,51.5738789],[0.2855251,51.5738857],[0.2854967,51.5738943],[0.2854668,51.5739039],[0.2854385,51.5739134],[0.2854101,51.5739239],[0.2853817,51.5739343],[0.2853549,51.5739448],[0.2853281,51.5739561],[0.2853012,51.5739674],[0.2852744,51.5739796],[0.2852505,51.5739918],[0.2852251,51.5740049],[0.2852013,51.5740197],[0.2851845,51.5740308],[0.2851622,51.5740456],[0.2851413,51.5740613],[0.2851206,51.574077],[0.2851011,51.5740927],[0.2850832,51.5741101],[0.2850652,51.5741267],[0.2850488,51.5741441],[0.2850323,51.5741615],[0.2850174,51.5741797],[0.2846319,51.5747529],[0.284185,51.5754532],[0.2838433,51.5760363],[0.2834111,51.5766841],[0.2831944,51.5770534],[0.2827682,51.5776238],[0.2824655,51.578064],[0.282063,51.5785566],[0.2820017,51.5788294],[0.281754,51.5788414],[0.281533,51.5791254],[0.2812038,51.5794978],[0.2807524,51.5799678],[0.2804221,51.5803178],[0.2798571,51.5808818],[0.2795877,51.5811218],[0.2791467,51.5814838],[0.2785578,51.5820034],[0.2781481,51.5823827],[0.2777563,51.5827473],[0.2774474,51.583122],[0.2765353,51.5839923],[0.276574,51.5840455],[0.2763505,51.5842504],[0.2759365,51.5846037],[0.2756022,51.5849331],[0.2753722,51.5850688],[0.2753471,51.5850846],[0.2750858,51.5853738],[0.2747735,51.5857405],[0.2746078,51.5860063],[0.2742337,51.5864065],[0.2738223,51.586812],[0.2738208,51.5868121],[0.2738131,51.5868599],[0.2735639,51.5869879],[0.273245,51.5871038],[0.2728594,51.5872452],[0.2724336,51.5874496],[0.2722006,51.5876123],[0.2721086,51.5877068],[0.2720715,51.5877444],[0.272002,51.5878851],[0.2719261,51.5880413],[0.2718581,51.5882413],[0.2717394,51.5884091],[0.2715454,51.588688],[0.2714446,51.5888068],[0.2714419,51.5888096],[0.2714183,51.5888307],[0.2713949,51.5888537],[0.2713729,51.5888757],[0.2713524,51.5888994],[0.2713333,51.5889223],[0.2713158,51.588946],[0.2712982,51.5889706],[0.2712848,51.5889898],[0.2712767,51.5890026],[0.2712687,51.5890153],[0.2712606,51.5890281],[0.2712541,51.5890408],[0.271249,51.5890544],[0.2712465,51.5890616],[0.2712428,51.5890743],[0.271239,51.5890869],[0.2712368,51.5890995],[0.2712346,51.5891113],[0.2712338,51.5891239],[0.2712329,51.5891374],[0.2712335,51.58915],[0.2712357,51.5891625],[0.271236,51.5891697],[0.2712395,51.5891822],[0.271243,51.5891947],[0.2712465,51.5892072],[0.2712515,51.5892197],[0.2712895,51.5894043],[0.2713192,51.58974],[0.2711019,51.5899844],[0.2709348,51.5902223],[0.2709004,51.5902851],[0.2708372,51.5904067],[0.2707409,51.5905327],[0.2706962,51.5905912],[0.2704537,51.5908512],[0.270255,51.5910952],[0.2701041,51.5915163],[0.2699022,51.5922441],[0.269774,51.5929723],[0.2698128,51.5930839],[0.2698274,51.5932042],[0.2698389,51.5933478],[0.2697991,51.5936202],[0.269764,51.5938709],[0.2697113,51.594175],[0.269629,51.5944662],[0.2695435,51.5947493],[0.2693992,51.5950704],[0.2693082,51.5952727],[0.269306,51.5953735],[0.26935,51.5955003],[0.2694658,51.5956537],[0.2695977,51.5958085],[0.2697157,51.5959744],[0.2698246,51.5961872],[0.2699311,51.5963848],[0.2701094,51.5966008],[0.270175,51.5968171],[0.2702513,51.5970432],[0.2703122,51.5973082],[0.2703345,51.5974868],[0.2703603,51.597693],[0.2703499,51.5978048],[0.2703429,51.5978936],[0.2703278,51.5980839],[0.2702966,51.598357],[0.2702383,51.5985201],[0.270125,51.5987948],[0.2700121,51.5991387],[0.2698518,51.5995725],[0.2690763,51.5995425],[0.2681039,51.5995865],[0.2675328,51.5995724],[0.2673021,51.599583],[0.2670574,51.5995942],[0.2670596,51.5996382],[0.2665829,51.5996663],[0.2653036,51.5996972],[0.264494,51.5997641],[0.2643714,51.5997665],[0.2639789,51.5998308],[0.2635736,51.5998701],[0.2627557,51.5999749],[0.2622498,51.6000224],[0.2618895,51.6001246],[0.2618724,51.6001285],[0.260996,51.6003502],[0.2608485,51.6003875],[0.2607424,51.6004039],[0.2600697,51.600524],[0.2595448,51.6006258],[0.258225,51.6009183],[0.258204,51.6010194],[0.2581524,51.6011453],[0.2581239,51.601181],[0.2580822,51.6012124],[0.2580244,51.6012405],[0.2579589,51.6012606],[0.2578873,51.6012728],[0.2578138,51.6012751],[0.2570416,51.6012828],[0.256432,51.6012208],[0.2560741,51.6012099],[0.2558144,51.601202],[0.2555382,51.6012208],[0.2552677,51.6012431],[0.2547899,51.601335],[0.2547281,51.6014864],[0.2544058,51.6014791],[0.2541164,51.601526],[0.2539826,51.6015961],[0.2541016,51.6016639],[0.2541336,51.6017577],[0.2538802,51.6018597],[0.2538903,51.601918],[0.2539089,51.6019743],[0.254167,51.6020511],[0.2541678,51.6020961],[0.2541403,51.6022405],[0.254144,51.6022863],[0.2541672,51.602347],[0.2541875,51.602379],[0.2543463,51.6024371],[0.254588,51.6023875],[0.2545968,51.6023909],[0.2546391,51.6024287],[0.2545816,51.602581],[0.2545815,51.6026367],[0.2546144,51.6026873],[0.2546699,51.6027294],[0.2547288,51.6027517],[0.2548385,51.6027513],[0.2549788,51.6026381],[0.2551391,51.6026673],[0.2552684,51.6027413],[0.2554083,51.6029122],[0.2554894,51.6030644],[0.2557014,51.6030585],[0.2558911,51.6030674],[0.2558663,51.6031507],[0.255837,51.6032025],[0.2558331,51.6032377],[0.2558401,51.6032645],[0.255874,51.6033079],[0.2559011,51.6033272],[0.2559335,51.6033427],[0.2559716,51.6033519],[0.2560179,51.6033546],[0.2560681,51.6033482],[0.2561109,51.6033366],[0.2561419,51.6033207],[0.2561793,51.6032903],[0.2562456,51.603316],[0.2563149,51.6033453],[0.2564612,51.6034981],[0.2565992,51.6036042],[0.2565323,51.6037089],[0.2564402,51.6038042],[0.2564363,51.6038412],[0.2564452,51.6039057],[0.256462,51.6039522],[0.2564825,51.6039877],[0.2565574,51.60407],[0.2566624,51.6041192],[0.2566888,51.6041574],[0.2567236,51.6041891],[0.2567638,51.6042153],[0.2568257,51.6042374],[0.2569527,51.6042368],[0.2571123,51.6045134],[0.2572259,51.6046191],[0.2571518,51.6047582],[0.2571297,51.6049231],[0.2571729,51.6049475],[0.2572063,51.6049549],[0.2572426,51.6049569],[0.2572771,51.6049536],[0.2573268,51.6049382],[0.2575185,51.6049004],[0.2576726,51.604892],[0.2578526,51.6048535],[0.2579725,51.6049096],[0.2580525,51.6050116],[0.2581315,51.6051179],[0.2581939,51.6053551],[0.2581974,51.6055996],[0.2582187,51.6057404],[0.2582102,51.6060337],[0.2581154,51.6061893],[0.2580924,51.6063372],[0.2580749,51.6065322],[0.2582081,51.6065726],[0.2584178,51.6065504],[0.2594054,51.6067481],[0.259656,51.6067936],[0.2598867,51.6068729],[0.2606733,51.6071536],[0.2612179,51.6073283],[0.2614372,51.6074114],[0.261465,51.6074198],[0.2614929,51.6074274],[0.2615046,51.6074307],[0.2615338,51.6074374],[0.261563,51.6074431],[0.2615922,51.6074488],[0.2616213,51.6074537],[0.2616504,51.6074585],[0.2616809,51.6074624],[0.261694,51.6074639],[0.2617259,51.6074669],[0.2617592,51.607469],[0.2617925,51.607471],[0.2618243,51.6074713],[0.2618576,51.6074725],[0.2618908,51.6074727],[0.2619168,51.6074731],[0.262005,51.607475],[0.2620946,51.6074751],[0.2621841,51.6074734],[0.2622692,51.6074708],[0.2626336,51.6074225],[0.2628943,51.6073779],[0.2630891,51.6073174],[0.2642989,51.6078301],[0.2642488,51.6078975],[0.2642421,51.6079085],[0.2642356,51.6079203],[0.2642303,51.6079312],[0.2642266,51.6079429],[0.2642213,51.6079547],[0.2642191,51.6079674],[0.2642168,51.6079792],[0.2642144,51.6079909],[0.2642136,51.6080035],[0.2642125,51.6080089],[0.2642131,51.6080215],[0.2642137,51.6080332],[0.2642157,51.6080457],[0.2642193,51.6080573],[0.2642227,51.608069],[0.2642261,51.6080806],[0.2642311,51.6080931],[0.2642375,51.6081046],[0.2642423,51.6081162],[0.2642501,51.6081269],[0.2642565,51.6081384],[0.2642628,51.60815],[0.2642737,51.6081651],[0.2642831,51.6081793],[0.2642939,51.6081934],[0.2643061,51.6082067],[0.2643183,51.6082199],[0.264332,51.6082332],[0.2643456,51.6082455],[0.264362,51.6082578],[0.2643785,51.6082682],[0.2643859,51.6082735],[0.2643993,51.6082796],[0.2644126,51.6082865],[0.2644259,51.6082926],[0.2644406,51.6082986],[0.2644553,51.6083037],[0.2644569,51.6083046],[0.2645356,51.6083183],[0.2640779,51.6088748],[0.2638858,51.60899],[0.2636484,51.6090674],[0.2634725,51.6091311],[0.2632314,51.6091897],[0.2628104,51.6092923],[0.2622467,51.6096619],[0.2616077,51.6101454],[0.2610065,51.6106616],[0.2604191,51.6111342],[0.2597773,51.611678],[0.259236,51.6120922],[0.259023,51.6122816],[0.2588609,51.6124808],[0.2585601,51.6128202],[0.2582763,51.6129821],[0.2581118,51.6131868],[0.2577436,51.6140653],[0.2576656,51.61418],[0.2570596,51.6145739],[0.256201,51.6150572],[0.2555816,51.6154117],[0.2552598,51.6156229],[0.254565,51.6162055],[0.2542769,51.6164269],[0.2540403,51.6166085],[0.2532667,51.6171189],[0.2527678,51.6174262],[0.2527354,51.6174439],[0.2527073,51.6174606],[0.252668,51.617482],[0.2526286,51.6175043],[0.2521678,51.6177668],[0.251614,51.618049],[0.2513956,51.6181602],[0.2510711,51.6183167],[0.2506534,51.6185171],[0.2502654,51.6187035],[0.2497528,51.6189129],[0.2497274,51.6189242],[0.2496777,51.6189441],[0.2496438,51.6189582],[0.2492161,51.6191328],[0.2484508,51.6194307],[0.2482849,51.619495],[0.2482424,51.619512],[0.2480683,51.6195846],[0.2479904,51.6196167],[0.2478333,51.6196818],[0.2476464,51.6197582],[0.2475826,51.6197846],[0.2473306,51.6198883],[0.2466995,51.6201261],[0.2463467,51.6202957],[0.2457814,51.6204611],[0.2453272,51.6206254],[0.2443189,51.6210682],[0.2433636,51.6215011],[0.2423956,51.6219081],[0.2419478,51.6221432],[0.2414885,51.6223526],[0.2408286,51.6226224],[0.2400255,51.6229201],[0.2396551,51.6230261],[0.2394283,51.6231158],[0.2387019,51.6235019],[0.2382496,51.6237651],[0.2380791,51.6237638],[0.2380947,51.623876],[0.2379466,51.6239489],[0.2378803,51.6239817],[0.2377174,51.6240486],[0.2375734,51.624117],[0.2375036,51.6240788],[0.2373241,51.6240705],[0.2373283,51.6242144],[0.2368129,51.624457],[0.235952,51.624843],[0.2353963,51.6251486],[0.2346699,51.6255671],[0.2341588,51.6258115],[0.2339574,51.625917],[0.2337476,51.6260882],[0.2335143,51.6262789],[0.2330984,51.6266078],[0.2328706,51.6267371],[0.232117,51.6272191],[0.2318019,51.6273914],[0.2311189,51.6277569],[0.2304509,51.6281582],[0.2297641,51.6285615],[0.2291176,51.6289029],[0.2281979,51.6293304],[0.2275287,51.6296219],[0.2272469,51.6297685],[0.2267949,51.6300675],[0.2260817,51.6305541],[0.2254,51.6309447],[0.2246501,51.6314193],[0.2242432,51.6316365],[0.2240601,51.6317345],[0.2235842,51.6312821],[0.2235775,51.6312767],[0.222838,51.6306794],[0.2222501,51.63024],[0.2220494,51.6301232],[0.2209734,51.6298694],[0.2204347,51.6297545],[0.220149,51.629722],[0.2197837,51.6296805],[0.2190417,51.6294598],[0.2183784,51.6292791],[0.2180286,51.6292182],[0.2175195,51.6290902],[0.2167819,51.6288092],[0.2160035,51.6284633],[0.2157004,51.6282918],[0.2154154,51.6282253],[0.2148692,51.6279892],[0.2142443,51.6277644],[0.2139629,51.6276538],[0.2136522,51.6275634],[0.2132535,51.6276258],[0.212738,51.627363],[0.212533,51.6272779],[0.2123879,51.6272374],[0.2122653,51.6272119],[0.2120819,51.6271839],[0.2122236,51.6269761],[0.2113775,51.6268131],[0.2108305,51.6267344],[0.2103128,51.6267253],[0.2099827,51.6267432],[0.2095388,51.6267057],[0.2094,51.6267029],[0.2087125,51.6267086],[0.208502,51.6266892],[0.2084351,51.6266797],[0.2082599,51.6266425],[0.2075824,51.6264673],[0.2071371,51.6263714],[0.2068734,51.6262971],[0.2067471,51.6262546],[0.2066675,51.6262219],[0.2065757,51.6261769],[0.2064761,51.6261194],[0.2062713,51.6259766],[0.2061121,51.6258834],[0.2060024,51.625827],[0.2058844,51.6257771],[0.2057109,51.6257147],[0.2054178,51.6256303],[0.2047341,51.6254732],[0.2039198,51.6252457],[0.2035866,51.6251701],[0.2034321,51.6251414],[0.2031486,51.6251054],[0.2029674,51.6250926],[0.2026621,51.6250831],[0.2019802,51.6250257],[0.2010783,51.6249878],[0.2006305,51.6249612],[0.2002839,51.6249326],[0.1993632,51.6251063],[0.1986065,51.6252626],[0.1969595,51.6255649],[0.1956147,51.6256621],[0.1947473,51.6257116],[0.1939447,51.6255755],[0.1933643,51.6255234],[0.1926649,51.6254924],[0.1921646,51.6254226],[0.1911687,51.6252658],[0.1907594,51.6251674],[0.1906018,51.6251344],[0.1903968,51.6251076],[0.1901563,51.6250941],[0.1897868,51.625101],[0.1895392,51.6250004],[0.1895231,51.6246958],[0.1893728,51.6244873],[0.1887802,51.6248716],[0.1885756,51.6251236],[0.1883438,51.6254102],[0.1870611,51.6254756],[0.1859694,51.6255193],[0.186033,51.6253391],[0.1860822,51.6250999],[0.1861569,51.6248512],[0.186241,51.6245565],[0.1862113,51.62454],[0.1860822,51.6244686],[0.1859041,51.6243703],[0.1858886,51.624377],[0.1858758,51.6243825],[0.1853518,51.6246333],[0.1846402,51.6250089],[0.1841431,51.6252484],[0.1836486,51.6254213],[0.1834961,51.6254331],[0.1834481,51.6254656],[0.1834246,51.6254803],[0.183145,51.6254954],[0.1830464,51.6255764],[0.1827572,51.6257229],[0.1824708,51.6258056],[0.1821217,51.6258462],[0.1816421,51.6258506],[0.1812103,51.6258236],[0.1809972,51.6257799],[0.1809977,51.6256972],[0.1809915,51.6256892],[0.1809853,51.6256803],[0.1809777,51.6256724],[0.18097,51.6256644],[0.180967,51.62566],[0.1809579,51.6256521],[0.1809503,51.6256441],[0.1809413,51.6256371],[0.1809322,51.6256292],[0.1809218,51.6256222],[0.1809113,51.6256152],[0.1809009,51.6256091],[0.1808891,51.625603],[0.1808772,51.6255978],[0.1808641,51.6255936],[0.1807656,51.6256197],[0.1805847,51.6257327],[0.1805713,51.6256646],[0.1805108,51.6253366],[0.1804382,51.6249684],[0.1803695,51.6244696],[0.1801491,51.6244207],[0.1799274,51.6243799],[0.1797731,51.6243567],[0.179413,51.6243165],[0.1786289,51.624207],[0.1778388,51.6240292],[0.1777732,51.624016],[0.1771679,51.623896],[0.1752762,51.6235848],[0.1743752,51.6232643],[0.1738069,51.6230784],[0.1732568,51.6228984],[0.1717938,51.6223957],[0.1702826,51.6219084],[0.169652,51.6217115],[0.1688737,51.6214174],[0.1687454,51.6214845],[0.1684541,51.621649],[0.1683298,51.621707],[0.168222,51.6217487],[0.16807,51.6218009],[0.1678591,51.6218624],[0.1676977,51.6219031],[0.1674931,51.6219437],[0.1661746,51.6222882],[0.1658132,51.6223767],[0.1654566,51.6224427],[0.1654552,51.6224427],[0.1649954,51.6224911],[0.1649578,51.6224951],[0.1644328,51.6225434],[0.1639506,51.6226107],[0.1634149,51.6227069],[0.1630919,51.6227524],[0.1627744,51.6227898],[0.1627571,51.6227892],[0.1625027,51.6225745],[0.1607685,51.622807],[0.1580236,51.6231119],[0.1564838,51.6232716],[0.155885,51.6233185],[0.1555175,51.6233378],[0.1552072,51.6233453],[0.154898,51.6233429],[0.154584,51.6233334],[0.1533553,51.62332],[0.1530624,51.6233272],[0.1527498,51.6233158],[0.1525916,51.6233016],[0.1523621,51.6232735],[0.1510459,51.6232445],[0.1498247,51.6232066],[0.149057,51.6232234],[0.1487883,51.6232247],[0.1450033,51.6233227],[0.1448374,51.6233275],[0.1398554,51.6234688],[0.1381569,51.623543]]]}},{"type":"Feature","properties":{"kind":"routes","class":"major","routeCount":54},"geometry":{"type":"MultiLineString","coordinates":[[[0.2507288,51.5590865],[0.2507316,51.5591241],[0.2508767,51.5591184],[0.2525917,51.5590738],[0.2525902,51.5590361],[0.2507288,51.5590865]],[[0.18607793307430093,51.547659206640276],[0.1871148,51.5478398]],[[0.1871148,51.5478398],[0.1873857,51.5478456]],[[0.1873857,51.5478456],[0.1930117,51.5487887],[0.193475,51.5488708],[0.1939354,51.5489559],[0.1943963,51.5490468],[0.1948532,51.5491399]],[[0.1948532,51.5491399],[0.1955047,51.549284],[0.1963206,51.5494329],[0.1982409,51.5497656],[0.1990181,51.5498999],[0.1994072,51.549967],[0.1997964,51.5500302],[0.2001218,51.550075],[0.2004495,51.550117],[0.2007767,51.5501569],[0.2011042,51.5502012],[0.2017416,51.5503061],[0.2024505,51.5504454],[0.2050077,51.5510108],[0.2058907,51.5512078],[0.2100561,51.5521285],[0.2151982,51.5532662],[0.2158116,51.5533981],[0.2171969,51.553696]],[[0.2171969,51.553696],[0.2188012,51.5540389],[0.2196498,51.5542054],[0.2202861,51.5543253],[0.2210831,51.5544747],[0.2217038,51.5546001],[0.2244926,51.5552048],[0.2254522,51.5554094],[0.2263914,51.5556264],[0.2273274,51.5558609],[0.2282505,51.5561157],[0.2291343,51.5563871],[0.2297719,51.5565868],[0.2306177,51.5568592],[0.2310984,51.5570246],[0.2315711,51.5572004],[0.2326178,51.5576073],[0.2331592,51.5578166],[0.2336239,51.5579827],[0.2338399,51.5580554],[0.234077,51.5581321],[0.2345255,51.5582701],[0.2349874,51.5584006],[0.2354565,51.5585201],[0.235585,51.5585474]],[[0.235585,51.5585474],[0.235691,51.55857]],[[0.235691,51.55857],[0.2357833,51.5585896],[0.2361131,51.5586524],[0.2366563,51.5587515],[0.2368466,51.5587848]],[[0.2368466,51.5587848],[0.237268,51.5588588]],[[0.237268,51.5588588],[0.2378293,51.5589547],[0.2382162,51.5590081],[0.2386141,51.5590556],[0.2393925,51.5591285]],[[0.2393925,51.5591285],[0.23999,51.5591679],[0.2406957,51.5592161],[0.2413216,51.5592469],[0.241783,51.559259],[0.2428979,51.5592546],[0.2431898,51.5592432],[0.2438233,51.5592245],[0.2446977,51.5591993],[0.2460392,51.5591566],[0.2467953,51.559133],[0.2476257,51.5591222]],[[0.2476257,51.5591222],[0.2482217,51.5591191],[0.2493461,51.5591053],[0.2495651,51.5591007],[0.2502091,51.5590872]],[[0.2502091,51.5590872],[0.2507328,51.5590719]],[[0.2507328,51.5590719],[0.2517981,51.5590405]],[[0.22218926116216256,51.497779180786736],[0.2218632,51.4979529],[0.2212534,51.4982916],[0.2206737,51.4986238],[0.220057,51.4989826],[0.2194024,51.4993729],[0.2186601,51.4998321],[0.2179339,51.500292],[0.2171963,51.500757],[0.2165485,51.5011638],[0.215359,51.5018662],[0.2148968,51.5021482],[0.2143493,51.5024596],[0.2136946,51.5028291],[0.2129835,51.5032302],[0.2124452,51.5035344],[0.2120406,51.5037618],[0.2114482,51.5040926],[0.2106045,51.5045668],[0.2100224,51.5048918],[0.2093389,51.5052785],[0.2090831,51.5054214],[0.208743,51.5056114],[0.208033,51.5060067],[0.207421,51.5063525],[0.2068193,51.5066904],[0.2062476,51.5070103],[0.2056874,51.5073239],[0.2052544,51.5075698],[0.205103,51.5076567],[0.2045486,51.5079688],[0.2038306,51.5083691],[0.2029742,51.5088497],[0.2024407,51.5091493],[0.201875,51.5094709],[0.2012409,51.5098336],[0.2007503,51.5101182],[0.2003004,51.5103794],[0.1998725,51.510632],[0.1994748,51.5108735],[0.1990681,51.5111169],[0.1985758,51.5114137],[0.1981667,51.5116652],[0.1977144,51.5119437],[0.1971536,51.5122907],[0.1966915,51.5125803],[0.1963443,51.5127913],[0.1959784,51.513017],[0.1956434,51.513226],[0.1952318,51.5134806],[0.1947216,51.5137981],[0.1942864,51.5140639],[0.1937305,51.5144113],[0.1932749,51.5146943],[0.193028,51.514846],[0.1928145,51.5149819],[0.1925512,51.5151402],[0.1922529,51.5153268],[0.1920386,51.5154587],[0.1917769,51.5156225],[0.1915577,51.5157569],[0.1913629,51.5158756],[0.1910033,51.5161008],[0.1908108,51.5162155],[0.1904616,51.5164286],[0.1901723,51.5166086],[0.189823,51.5168223],[0.1895395,51.5169945],[0.1891476,51.5172319],[0.188961,51.517365]],[[0.188961,51.517365],[0.1886441,51.5175507],[0.188235,51.5177836],[0.1880032,51.5179085],[0.1876516,51.5180976],[0.1873522,51.5182561],[0.1871356,51.5183653],[0.1867856,51.5185473],[0.1864405,51.5187154],[0.1860405,51.518907],[0.1857536,51.5190383],[0.1853652,51.5192146],[0.1850544,51.5193554],[0.1847197,51.5194941],[0.1843558,51.5196489],[0.1839663,51.5198077],[0.1835855,51.5199567],[0.1831379,51.520128],[0.1828285,51.520249]],[[0.1828285,51.520249],[0.1825303,51.5203557],[0.1820944,51.5205128],[0.1816666,51.5206496],[0.1812092,51.5207907],[0.1807139,51.5209537],[0.1802538,51.5210932],[0.179799,51.5212318],[0.1794132,51.5213421],[0.1789374,51.5214743],[0.1785712,51.5215781],[0.1780473,51.5217103],[0.1776367,51.5218076],[0.1771323,51.5219268],[0.1766071,51.5220444],[0.1761392,51.5221434],[0.1757104,51.5222326],[0.1751929,51.5223339],[0.174682,51.5224313],[0.1742193,51.5225188],[0.1736876,51.5226145],[0.1729264,51.5227451],[0.1722839,51.5228546],[0.1718603,51.5229251],[0.1713533,51.523003],[0.1705791,51.5231246],[0.1699783,51.523213],[0.1694478,51.5232884],[0.1688248,51.5233719],[0.1676805,51.523522],[0.1666391,51.5236493],[0.165758,51.5237515],[0.1645928,51.5238877],[0.1634592,51.5240149],[0.1631889,51.5240471]],[[0.1631889,51.5240471],[0.1630508591091896,51.5240617863671]],[[0.183782,51.574883],[0.1839465,51.5749321],[0.1840107,51.5748398],[0.1840352,51.5748467],[0.1841776,51.5748895],[0.1848424,51.5750895],[0.1854464,51.5752624],[0.1854145,51.575298],[0.1840793,51.5749145],[0.1840348,51.5749813],[0.1837635,51.5749083],[0.183782,51.574883]],[[0.2197501,51.5687858],[0.219754,51.5688315],[0.2201096,51.5687243],[0.2202587,51.5686762],[0.2204908,51.5686013],[0.2204765,51.5685841],[0.22064,51.5685298],[0.220879,51.5684479],[0.2210092,51.568401],[0.2209909,51.5683813],[0.2208599,51.5684272],[0.2206194,51.5685091],[0.2204582,51.5685623],[0.220077,51.5686853],[0.2197501,51.5687858]],[[0.2507452,51.5592217],[0.2507477,51.5592479],[0.2521182,51.5592129],[0.2521176,51.559187],[0.2508865,51.5592181],[0.2507452,51.5592217]],[[0.1842341,51.5749768],[0.1871007,51.5758199]],[[0.1871007,51.5758199],[0.187458,51.5759237]],[[0.187458,51.5759237],[0.1879371,51.576067],[0.1881964,51.5761415],[0.1884747,51.5762573]],[[0.1884747,51.5762573],[0.1887793,51.576361]],[[0.1887793,51.576361],[0.1892245,51.5765125],[0.191702,51.5772323],[0.1921942,51.5773771],[0.1925827,51.57748],[0.19278,51.5775247],[0.1930398,51.5775677],[0.1933106,51.5775975],[0.1935303,51.5776152],[0.193804,51.5776289],[0.1941127,51.5776351],[0.1946203,51.5776307],[0.1949692,51.577599],[0.1952532,51.5775648],[0.1956533,51.577519],[0.1960854,51.5774356]],[[0.1960854,51.5774356],[0.1964859,51.5773355],[0.1967794,51.5772443],[0.1971638,51.5771133],[0.1974102,51.5770141],[0.197778,51.5768482],[0.1980467,51.5767027],[0.1982966,51.5765442],[0.1986343,51.5763212],[0.199037,51.5760222],[0.2003068,51.5751249],[0.2010699,51.5746173]],[[0.2010699,51.5746173],[0.2018603,51.574148],[0.2022466,51.5739332]],[[0.2022466,51.5739332],[0.2026421,51.5737227],[0.2030243,51.5735333],[0.2034132,51.5733479],[0.2037925,51.5731757],[0.2041764,51.5730073],[0.2047718,51.5727396],[0.2057955,51.5723512],[0.20613,51.5722282],[0.2064917,51.5721048],[0.2068439,51.5719887],[0.2072084,51.5718772],[0.2079407,51.5716734],[0.2083077,51.5715681],[0.2085189,51.5715142],[0.2085711,51.5715]],[[0.2085711,51.5715],[0.2086218,51.5714868],[0.209064,51.5713838],[0.2181907,51.5691803],[0.2189638,51.5689838],[0.2194219,51.5688578],[0.2199455,51.5687063],[0.2204479,51.5685505],[0.2209793,51.568369],[0.2213318,51.5682396],[0.2216856,51.5681031],[0.2219856,51.5679797],[0.2222834,51.5678528],[0.2225894,51.5677147],[0.2228906,51.5675742],[0.2268559,51.5656499],[0.2347221,51.5618213]],[[0.2347221,51.5618213],[0.2364015,51.5610128],[0.2378027,51.5604734],[0.239523,51.5599247],[0.2409411,51.5595912],[0.2415538,51.5594831],[0.2418723,51.5594403],[0.2422025,51.5593976],[0.2427004,51.5593476],[0.2430355,51.5593223],[0.2434345,51.5592917],[0.2438983,51.5592671],[0.2444064,51.5592492],[0.245392,51.5592234],[0.2463694,51.5592075],[0.2473568,51.5592072],[0.2485702,51.5592271],[0.2491828,51.5592377],[0.2497898,51.5592307]],[[0.2497898,51.5592307],[0.2504641,51.5592117],[0.251844,51.5591727]],[[0.16307312961601653,51.524097689277994],[0.16319,51.524084]],[[0.16319,51.524084],[0.1648913,51.5238901],[0.1666143,51.5236915],[0.1683608,51.5234757],[0.1692145,51.5233606],[0.1700948,51.5232334],[0.1716439,51.5229965],[0.1726097,51.5228392],[0.1733199,51.5227191],[0.1744357,51.5225172],[0.1755774,51.5222991],[0.1767205,51.5220598],[0.1778428,51.521798],[0.1786637,51.5215911],[0.1794601,51.5213721],[0.1801878,51.5211444],[0.1807712,51.520965],[0.1813937,51.5207655],[0.1821195,51.5205435],[0.1825914,51.5203759],[0.182861,51.5202824]],[[0.182861,51.5202824],[0.183271,51.5201193],[0.1839427,51.5198583],[0.1843588,51.5196922],[0.184716,51.519543],[0.18514,51.5193617],[0.1854089,51.5192418],[0.1859472,51.5189965],[0.1863428,51.5188082],[0.1867821,51.5185959],[0.1871766,51.5183952],[0.187498,51.5182288],[0.1877943,51.5180725],[0.1881058,51.5179055],[0.1886321,51.5176104],[0.1890233,51.5173862]],[[0.1890233,51.5173862],[0.1892454,51.5172256],[0.1898344,51.5168749],[0.190164,51.5166733],[0.1904452,51.5164973],[0.1956678,51.5132641],[0.1982635,51.5116544],[0.1996039,51.5108481],[0.2002701,51.5104507],[0.2009187,51.5100732],[0.203062,51.5088507],[0.2052289,51.5076361],[0.2061141,51.5071397],[0.2069199,51.5066864],[0.207397,51.506418],[0.2084758,51.5058096],[0.2090418,51.5054939],[0.2091209,51.5054492],[0.2095524,51.5052053],[0.2099832,51.5049628],[0.2114853,51.50412],[0.2126391,51.5034715],[0.2132695,51.5031192],[0.213801,51.5028197]],[[0.213801,51.5028197],[0.2145178,51.5024175],[0.2151953,51.5020202],[0.2165851,51.5011929],[0.2179964,51.5003088],[0.2187883,51.4998065],[0.2192147,51.4995389],[0.2195871,51.4993106],[0.2199927,51.499066],[0.2202377,51.4989221],[0.2206267,51.4986929],[0.2212012,51.4983697],[0.2217505,51.4980665],[0.22230216142980835,51.49776833307149]],[[0.1805721,51.574265],[0.1805935,51.574238],[0.1823356,51.574749],[0.1833535,51.5750125],[0.1833334,51.5750433],[0.1823075,51.5747845],[0.1805721,51.574265]],[[0.2047276,51.5814799],[0.20513,51.5816725],[0.2056852,51.5819099],[0.2060393,51.5820499],[0.2064067,51.5821916],[0.2075983,51.5826321],[0.2076135,51.582619],[0.2064456,51.582157],[0.2057442,51.5818749],[0.2055689,51.5818039],[0.2051887,51.5816419],[0.2047592,51.5814612],[0.2047276,51.5814799]],[[0.2349505,51.5936291],[0.2342991,51.5934081],[0.2338297,51.5932193],[0.2338363,51.5932141],[0.2336834,51.5931483],[0.2336764,51.5931547],[0.23339,51.5930333],[0.2333772,51.5930455],[0.2333595,51.5930377],[0.2332917,51.5930079],[0.2333036,51.5929989],[0.2333157,51.5929889],[0.2331869,51.5929319],[0.2331736,51.5929438],[0.2331446,51.5929307],[0.2331315,51.592944],[0.2331145,51.5929367],[0.2330979,51.5929294],[0.2331111,51.5929159],[0.2329381,51.5928375],[0.232965,51.5928151],[0.2334675,51.5930307],[0.2340871,51.5932905],[0.2345833,51.5934738],[0.2351734,51.5936873],[0.2351672,51.5936941],[0.2349505,51.5936291]],[[0.14973475607110265,51.56976138026127],[0.1605142,51.5707451]],[[0.1605142,51.5707451],[0.1608971,51.5707807]],[[0.1608971,51.5707807],[0.1618445,51.5708679],[0.1624132,51.5709196],[0.1631011,51.5709826],[0.1639876,51.5710675],[0.1648084,51.5711593],[0.1651838,51.5712067],[0.1657525,51.5712797],[0.1665806,51.5713938],[0.1671117,51.5714647],[0.1676562,51.571536],[0.1682288,51.5716143],[0.1690389,51.5717277],[0.1694466,51.5717864],[0.1699267,51.5718586],[0.1706676,51.5719757],[0.1711511,51.5720586],[0.1718009,51.5721762],[0.1724338,51.572302],[0.1731071,51.5724453],[0.1736476,51.5725604],[0.1741746,51.572675],[0.1745823,51.5727596],[0.1750537,51.572853],[0.1755989,51.5729551],[0.1761816,51.5730672],[0.1767529,51.5731885],[0.1772458,51.5733047],[0.1777667,51.5734269],[0.1786607,51.5736602],[0.1787487,51.573683]],[[0.1787487,51.573683],[0.1789661,51.5737399]],[[0.1789661,51.5737399],[0.1806037,51.5742264],[0.1815497,51.5745082],[0.1826521,51.5748178],[0.1833731,51.5750015]],[[0.1833731,51.5750015],[0.1836422,51.5750702]],[[0.1836422,51.5750702],[0.185047,51.5754343],[0.1861922,51.5757602],[0.1870165,51.5760091]],[[0.1870165,51.5760091],[0.1874276,51.5761251]],[[0.1874276,51.5761251],[0.1890234,51.5766095],[0.1900856,51.5769096],[0.1910136,51.577183],[0.1916652,51.5773713],[0.1922984,51.5775597],[0.1931002,51.5777947],[0.1931693,51.5778148],[0.1937065,51.5779714],[0.1942993,51.5781447],[0.1950476,51.5783698],[0.1958845,51.5786081],[0.1964878,51.5787915],[0.1972926,51.5790215],[0.1980678,51.5792515],[0.1986713,51.5794215],[0.1992346,51.5795965],[0.1998193,51.5797782],[0.2004416,51.5799766],[0.2011361,51.5801999],[0.201906,51.5804566]],[[0.201906,51.5804566],[0.2027213,51.5807483],[0.2035274,51.5810166],[0.2038641,51.5811433],[0.2043105,51.5813125],[0.2047184,51.5814992],[0.2051072,51.5816841],[0.2056637,51.581925],[0.206387,51.5822026],[0.2070473,51.5824424]],[[0.2070473,51.5824424],[0.2071037,51.5824653],[0.207375,51.5825683],[0.2076619,51.582685],[0.2081706,51.5828784],[0.2085278,51.5830311],[0.2088513,51.5831592],[0.2092123,51.5833019]],[[0.2092123,51.5833019],[0.2094713,51.5834051],[0.2098791,51.583579],[0.21011,51.5836867],[0.2104343,51.5838328],[0.2108257,51.5840089],[0.2111134,51.5841303],[0.2115349,51.5842979],[0.2120667,51.5845153],[0.2128799,51.5848371],[0.2137315,51.5851782],[0.2144286,51.5854514],[0.2151428,51.5857422],[0.215859,51.586025],[0.2163108,51.5862038],[0.2168426,51.5863971],[0.2171941,51.5865087],[0.2176035,51.586646],[0.2179571,51.5867723],[0.2184275,51.5869551],[0.2188796,51.5871345],[0.2194729,51.5873802]],[[0.2358131,51.5938712],[0.2351904,51.5936726],[0.2348137,51.5935358],[0.2343628,51.5933736],[0.2340079,51.5932348],[0.2334489,51.5930022],[0.232506,51.5925824],[0.2317522,51.5922698],[0.2310708,51.592004],[0.2304031,51.5917316],[0.2296227,51.5914187],[0.2287939,51.5911013],[0.2279261,51.5907484],[0.2265072,51.5901919],[0.2258402,51.5898985],[0.2249957,51.5895662],[0.2243131,51.5892958],[0.2234965,51.5889754],[0.222654,51.5886418],[0.2218447,51.5883215],[0.2207492,51.5878852],[0.2199915,51.5875813],[0.2194729,51.5873802]],[[0.2498178,51.5994248],[0.2489178,51.5990688],[0.2471368,51.5983591],[0.2452921,51.5976036],[0.2439341,51.5970696],[0.2432837,51.5968099],[0.2420347,51.5963169],[0.2403532,51.5956484],[0.2395646,51.5953394],[0.2386298,51.5949664],[0.2378223,51.5946478],[0.2370335,51.5943339],[0.2363176,51.5940609],[0.2358131,51.5938712]],[[0.2499387,51.5994726],[0.2498178,51.5994248]],[[0.25477195382974593,51.60137896521321],[0.253778,51.6009881],[0.252632,51.600535],[0.2507122,51.5997786],[0.2499387,51.5994726]],[[0.14664645045743951,51.56940318373534],[0.1482145,51.5695482],[0.1605297,51.5706721]],[[0.1605297,51.5706721],[0.1609111,51.570707]],[[0.1609111,51.570707],[0.1618653,51.5707946],[0.1624413,51.5708466],[0.1631205,51.5709087],[0.1640016,51.5709904],[0.1648485,51.5710764],[0.1657653,51.5711776],[0.1666188,51.5712801],[0.167144,51.5713461],[0.1682758,51.5714959],[0.169071,51.5716085],[0.1698743,51.5717264],[0.17072,51.5718586],[0.171603,51.5720152],[0.1721784,51.5721236],[0.1730386,51.5723003],[0.1734357,51.5723886],[0.1740237,51.572515],[0.174544,51.5726279],[0.1751187,51.5727509],[0.1761272,51.5729717],[0.1763451,51.5730174]],[[0.1763451,51.5730174],[0.1778042,51.5733383],[0.1783092,51.5734585],[0.1788116,51.5735829]],[[0.1788116,51.5735829],[0.1790324,51.5736363]],[[0.1790324,51.5736363],[0.1813097,51.5742528],[0.1831522,51.5747952],[0.1834593,51.5748817]],[[0.1834593,51.5748817],[0.1837264,51.5749592]],[[0.1837264,51.5749592],[0.1870481,51.5759381]],[[0.1870481,51.5759381],[0.1874396,51.5760456]],[[0.1874396,51.5760456],[0.1885193,51.5763754],[0.1922642,51.5774698]],[[0.1922642,51.5774698],[0.1928497,51.5776434],[0.19375,51.577904],[0.1946268,51.5781552],[0.1955129,51.5784172],[0.1964422,51.5786881],[0.1971263,51.5788871],[0.1978505,51.5790988],[0.1989636,51.5794221],[0.1996825,51.5796405],[0.2006104,51.5799332],[0.2014875,51.5802265],[0.202244,51.5804855],[0.2031773,51.5808115],[0.2040062,51.5811106],[0.204629,51.5813412],[0.2053443,51.5816165],[0.2057871,51.5817958],[0.20662,51.5821241],[0.2071735,51.5823449],[0.2077824,51.5825906],[0.2082558,51.582817],[0.2091471,51.5831995],[0.2095103,51.5833214],[0.2103433,51.5836494],[0.2112707,51.5840051],[0.2179594,51.5866811],[0.2183808,51.5868484],[0.2186467,51.5869546],[0.2190854,51.5871258],[0.2200717,51.5875268],[0.2200938,51.5875355],[0.2205057,51.5876991],[0.2218675,51.5882409],[0.2227123,51.588577],[0.2235446,51.5889081],[0.2250678,51.5895051],[0.2258888,51.5898292],[0.2292155,51.5911512],[0.2302152,51.5915464],[0.2312806,51.5919695],[0.2324111,51.592439],[0.2330242,51.5926631],[0.2336472,51.5929075],[0.2342251,51.5931463],[0.2349754,51.5934463],[0.2353355,51.5935777],[0.2362439,51.5939392],[0.2370848,51.5942695],[0.2378869,51.5945836],[0.2395803,51.5952555],[0.24042,51.5955848],[0.2439802,51.5969946],[0.2453654,51.5975381],[0.2471532,51.5982883],[0.2498816,51.5993547]],[[0.2498816,51.5993547],[0.2500078,51.5994041]],[[0.2500078,51.5994041],[0.2518052,51.6001175],[0.2528713,51.6005417],[0.2537932,51.6009044],[0.2548561234638683,51.601322262586166]],[[0.2352414,51.593616],[0.2352212,51.593637],[0.2345806,51.5934023],[0.2341327,51.5932305],[0.2335963,51.5930089],[0.233033,51.5927625],[0.2330537,51.5927454],[0.2331823,51.5927978],[0.2334298,51.5928985],[0.2338913,51.5930864],[0.2344912,51.5933299],[0.2349028,51.5934843],[0.2352414,51.593616]],[[0.2047592,51.5814612],[0.2051887,51.5816419],[0.2055689,51.5818039],[0.2057442,51.5818749],[0.2064456,51.582157],[0.2076135,51.582619],[0.2076338,51.5826071],[0.204792,51.5814449],[0.2047592,51.5814612]],[[0.1806355,51.5741757],[0.1806559,51.5741409],[0.1812601,51.574325],[0.1819011,51.5745116],[0.1825368,51.5746892],[0.1834157,51.5749275],[0.1833849,51.574967],[0.1815725,51.5744651],[0.1806355,51.5741757]],[[0.2547844721850368,51.60134829726837],[0.2537807,51.6009531],[0.2527024,51.600525],[0.2507498,51.5997569],[0.249966,51.5994431]],[[0.249966,51.5994431],[0.2498474,51.5993956]],[[0.2498474,51.5993956],[0.248952,51.5990372],[0.247171,51.5983358],[0.2453243,51.5975796],[0.2439517,51.597037],[0.2420493,51.5962891],[0.2403806,51.5956237],[0.2395743,51.5953108],[0.2386506,51.5949399],[0.2378484,51.5946193],[0.2370582,51.5943029],[0.2363507,51.5940333],[0.2358355,51.5938452]],[[0.2358355,51.5938452],[0.2352173,51.5936517],[0.2347643,51.5934854],[0.2343808,51.5933464],[0.2340549,51.5932188],[0.233721,51.5930788],[0.233493,51.5929863],[0.2329725,51.5927514],[0.2323867,51.5924993],[0.2314278,51.5921036],[0.2306736,51.5918072],[0.2301256,51.5915903],[0.2292874,51.5912596],[0.2284612,51.5909334],[0.2279772,51.5907371],[0.2277478,51.5906472],[0.227336,51.5904851],[0.2265259,51.5901627],[0.225859,51.5898696],[0.2250276,51.5895412],[0.2243325,51.5892686],[0.2235231,51.5889497],[0.2226691,51.5886146],[0.2218708,51.5882994],[0.2207888,51.5878609],[0.2203441,51.587685],[0.2199,51.5875123],[0.2198854,51.5875057],[0.2195783,51.5873769],[0.2190858,51.5871782],[0.2187906,51.587064],[0.2185135,51.5869569],[0.2181702,51.5868131],[0.2176396,51.5866257],[0.2171941,51.5864445],[0.2164263,51.5861237],[0.2156839,51.5858222],[0.2148476,51.5854858],[0.2140011,51.5851474],[0.2131325,51.5847998],[0.2124058,51.5845148]],[[0.2124058,51.5845148],[0.2121401,51.5844107],[0.2115521,51.5841713],[0.2110004,51.5839564],[0.2103268,51.5837025],[0.2094696,51.5833651]],[[0.2094696,51.5833651],[0.2092264,51.5832719],[0.2088783,51.5831342],[0.2085582,51.5830055],[0.2083838,51.582929],[0.2080228,51.5827629],[0.2075477,51.5825582],[0.2071996,51.5823896],[0.2048668,51.5814532]],[[0.2048668,51.5814532],[0.2046968,51.5813882],[0.2042041,51.5812012],[0.2033227,51.5808935],[0.2026868,51.5806857],[0.2023081,51.5805555],[0.201928,51.5804257]],[[0.201928,51.5804257],[0.2017838,51.5803764],[0.2014686,51.5802688],[0.2005824,51.5799766],[0.1978815,51.5791585],[0.1951615,51.5783616],[0.1945487,51.578182],[0.1940807,51.5780489],[0.1935295,51.5778863],[0.1929917,51.577728],[0.1922634,51.5775171],[0.1915268,51.5773002],[0.1908459,51.5771028],[0.1900332,51.5768611],[0.1893813,51.5766732],[0.1885096,51.5764248],[0.1874325,51.5760927]],[[0.1870293,51.5759804],[0.1874325,51.5760927]],[[0.1836691,51.5750466],[0.1850469,51.575404],[0.1861506,51.575711],[0.1870293,51.5759804]],[[0.1833931,51.5749755],[0.1836691,51.5750466]],[[0.1789871,51.5737086],[0.1812359,51.5743754],[0.1815792,51.5744793],[0.1826401,51.5747796],[0.1833931,51.5749755]],[[0.1787673,51.5736508],[0.1789871,51.5737086]],[[0.1609052,51.5707493],[0.1618545,51.5708383],[0.1624366,51.5708906],[0.1631105,51.5709525],[0.163995,51.5710354],[0.1648193,51.5711293],[0.1657572,51.5712492],[0.1665801,51.5713623],[0.1671257,51.5714347],[0.1682413,51.5715836],[0.1690442,51.5716977],[0.1699351,51.5718285],[0.1706755,51.5719468],[0.1715581,51.5720982],[0.1721453,51.5722118],[0.1731252,51.5724166],[0.1738281,51.5725671],[0.174591,51.5727283],[0.1750549,51.572822],[0.1757121,51.5729426],[0.176492,51.573096],[0.1769661,51.573203],[0.1775616,51.5733464],[0.1777737,51.5733997],[0.1782129,51.5735127],[0.1787673,51.5736508]],[[0.1609052,51.5707493],[0.1605203,51.5707152]],[[0.1605203,51.5707152],[0.14974266268546285,51.5697321854015]],[[0.2507258,51.5590227],[0.250723,51.558979],[0.2508523,51.558976],[0.2525808,51.5589313],[0.2525782,51.5589519],[0.2525838,51.5589693],[0.2507258,51.5590227]],[[0.2517952,51.559009],[0.2507301,51.5590402]],[[0.2507301,51.5590402],[0.2502233,51.5590536]],[[0.2502233,51.5590536],[0.2495447,51.5590692]],[[0.2495447,51.5590692],[0.2493336,51.5590741],[0.2482579,51.559088],[0.2476982,51.5590889],[0.2467375,51.5591077],[0.2461863,51.5591185],[0.2431921,51.5592118],[0.2426591,51.5592279],[0.2421277,51.5592288],[0.2414787,51.559218],[0.2408583,51.5591927],[0.2401194,51.559141],[0.2396544,51.5591083],[0.2393994,51.5590976]],[[0.2393994,51.5590976],[0.238625,51.5590239],[0.2382282,51.5589761],[0.2378428,51.5589219],[0.2373653,51.5588424]],[[0.2373653,51.5588424],[0.236948,51.5587685]],[[0.236948,51.5587685],[0.2366729,51.5587132],[0.2361437,51.5585957],[0.2358277,51.5585152],[0.2355146,51.5584321],[0.2350584,51.5583055],[0.2346045,51.5581726],[0.2341569,51.5580351],[0.2339231,51.5579592],[0.2337172,51.5578897],[0.2326858,51.5575333],[0.23161,51.557157],[0.2311295,51.5569901],[0.2306436,51.5568289],[0.2297938,51.5565592],[0.2291576,51.5563584],[0.2282691,51.5560866],[0.227347,51.5558317],[0.2264095,51.5555969],[0.2254664,51.5553796],[0.2245097,51.5551747],[0.2217201,51.554571],[0.2210954,51.5544423],[0.2202979,51.5542955],[0.2196636,51.5541781],[0.2188202,51.5540105],[0.2172117,51.5536674]],[[0.2172117,51.5536674],[0.215827,51.5533689],[0.2152131,51.5532365],[0.2100745,51.5520998],[0.2059057,51.5511791],[0.205026,51.5509774],[0.2024663,51.5504164],[0.2017574,51.5502736],[0.2011185,51.5501529],[0.1998345,51.5499281],[0.1982851,51.549662],[0.1963645,51.549334],[0.1948812,51.5490793]],[[0.1948812,51.5490793],[0.1930273,51.5487582],[0.1873568,51.5478043]],[[0.1873568,51.5478043],[0.1870886,51.5478004]],[[0.1870886,51.5478004],[0.1860460439088779,51.5476190119366]],[[0.2540999,51.5588015],[0.2541012,51.5587853],[0.2520274,51.5587378],[0.2520307,51.5588077],[0.252563,51.5587937],[0.2527718,51.5587882],[0.253069,51.5587911],[0.2540999,51.5588015]],[[0.2520307,51.5588077],[0.2515641,51.5588216],[0.2509986,51.5588385],[0.2509957,51.5588138],[0.2507169,51.5588219],[0.2507222,51.55889],[0.2508385,51.5588863],[0.2524398,51.5588348],[0.2530652,51.5588232],[0.2536216,51.5588184],[0.2541031,51.558818],[0.2540999,51.5588015],[0.253069,51.5587911],[0.2527718,51.5587882],[0.252563,51.5587937],[0.2520307,51.5588077]],[[0.2901722929682108,51.5644981263138],[0.2898059,51.5644586],[0.2891672,51.5643795],[0.2885704,51.5643047],[0.287882,51.5642117],[0.2872257,51.5641154],[0.2864283,51.5639889],[0.2856315,51.563853],[0.2841284,51.5635764],[0.2826012,51.5632912]],[[0.2826012,51.5632912],[0.2773557,51.5623053],[0.2773075,51.5622962],[0.2746965,51.5618023],[0.2722557,51.5613416],[0.2702867,51.5609707],[0.268331,51.5606046],[0.266597,51.560275],[0.26488,51.5599482],[0.264172,51.5598128],[0.2634553,51.5596811],[0.2620406,51.5594428],[0.2616412,51.5593796],[0.2612356,51.5593252],[0.2604429,51.5592218],[0.259784,51.5591475],[0.2590406,51.5590746],[0.257629,51.5589587]],[[0.257629,51.5589587],[0.2568319,51.5589068],[0.2566767,51.5588996]],[[0.2566767,51.5588996],[0.2560223,51.5588692],[0.2552582,51.5588439],[0.2545344,51.5588332],[0.2540871,51.5588292],[0.2530543,51.5588373],[0.252257,51.5588506],[0.2509483,51.5588921],[0.2486391,51.5589654],[0.2463165,51.5590406],[0.2442219,51.5591061],[0.2431809,51.5591387],[0.2426502,51.5591507],[0.2421347,51.5591531],[0.2414837,51.5591435],[0.2408642,51.5591165],[0.2401692,51.5590721],[0.239666,51.5590395],[0.239418,51.5590138]],[[0.239418,51.5590138],[0.2386511,51.5589306],[0.2378818,51.5588225],[0.2376775,51.5587896]],[[0.2376775,51.5587896],[0.2372616,51.5587181]],[[0.2372616,51.5587181],[0.236726,51.5586154],[0.2361895,51.5585037],[0.2355696,51.5583519],[0.2351099,51.5582299],[0.2346563,51.5581004],[0.2342119,51.5579677],[0.2337756,51.5578254],[0.2327456,51.5574688],[0.2316679,51.5570922],[0.2307049,51.5567589],[0.2298529,51.5564767],[0.2292224,51.5562783],[0.2283174,51.5560117],[0.2273877,51.5557594],[0.2264487,51.5555249],[0.2254994,51.5553081],[0.2245495,51.5551031],[0.2217591,51.5544996],[0.2187518,51.5538527]],[[0.2187518,51.5538527],[0.2101296,51.5519889],[0.2059515,51.551093],[0.2025041,51.5503432],[0.2017963,51.5501999],[0.2011502,51.5500763],[0.1998673,51.5498548],[0.1949155,51.549005]],[[0.1949155,51.549005],[0.1930603,51.5486865],[0.1872826,51.5476978]],[[0.1872826,51.5476978],[0.1870181,51.5476519]],[[0.1870181,51.5476519],[0.18595383899614984,51.5474690395733]],[[0.250723,51.558979],[0.2507203,51.5589431],[0.2522602,51.5588956],[0.253047,51.5588855],[0.2535251,51.5588786],[0.2541098,51.5588786],[0.2541125,51.5589086],[0.2535251,51.5589119],[0.2525782,51.5589519],[0.2525808,51.5589313],[0.2508523,51.558976],[0.250723,51.558979]],[[0.18597669129143715,51.547506048965985],[0.1870431,51.5476895]],[[0.1870431,51.5476895],[0.1873105,51.5477378]],[[0.1873105,51.5477378],[0.1901435,51.5482215],[0.1930437,51.5487166],[0.1949016,51.5490346]],[[0.1949016,51.5490346],[0.1998558,51.5498846],[0.2011365,51.550108],[0.2017802,51.5502297],[0.2024883,51.5503727],[0.2059368,51.5511216],[0.2079813,51.5515603],[0.2101145,51.5520181],[0.2187358,51.5538819]],[[0.2187358,51.5538819],[0.2217405,51.5545294],[0.2245305,51.555132],[0.2254869,51.5553378],[0.2264333,51.5555549],[0.2273718,51.5557886],[0.2282994,51.5560387],[0.2292003,51.5563056],[0.2298326,51.5565029],[0.2306809,51.5567859],[0.231646,51.5571187],[0.232723,51.5574949],[0.2337517,51.5578519],[0.2341899,51.5579951],[0.2346335,51.5581328],[0.2350903,51.55826],[0.2355489,51.5583819],[0.2361774,51.5585334],[0.2367082,51.558646],[0.2371599,51.5587345]],[[0.2371599,51.5587345],[0.2375771,51.5588065]],[[0.2375771,51.5588065],[0.237869,51.5588517],[0.2386412,51.5589621],[0.2394106,51.559047]],[[0.2394106,51.559047],[0.2396578,51.5590657],[0.2401621,51.5591022],[0.2408587,51.5591467],[0.2414799,51.5591738],[0.2421325,51.5591835],[0.2426494,51.559181],[0.243181,51.5591689],[0.2442223,51.5591364],[0.2463169,51.5590709],[0.2486395,51.5589956],[0.2522574,51.5588804],[0.2530512,51.5588663],[0.2535225,51.558858],[0.2539986,51.5588602],[0.2545106,51.5588607],[0.255256,51.5588753],[0.2560191,51.5589006]],[[0.2560191,51.5589006],[0.2568275,51.5589382],[0.2576261,51.5589878]],[[0.2576261,51.5589878],[0.259037,51.5591037],[0.259779,51.5591764],[0.2604364,51.5592505],[0.2612282,51.5593538],[0.2616326,51.5594081],[0.2620306,51.559471],[0.2634442,51.5597092],[0.26416,51.5598407],[0.2648677,51.559976],[0.2665847,51.5603028],[0.2683188,51.5606325],[0.2702746,51.5609986],[0.2722435,51.5613695],[0.2746843,51.5618301],[0.2772954,51.5623241],[0.277342,51.5623329],[0.2825879,51.563322]],[[0.2825879,51.563322],[0.284114,51.5636066],[0.2856177,51.5638833],[0.2864154,51.5640193],[0.2872136,51.564146],[0.2878708,51.5642423],[0.28856,51.5643355],[0.2891573,51.5644104],[0.2894208,51.564443],[0.2897967,51.5644895],[0.2901588203839807,51.56452855674049]],[[0.2813881,51.5373818],[0.2834286075104253,51.534089829413546]],[[0.2809449,51.5381125],[0.2813881,51.5373818]],[[0.2753045,51.5471913],[0.2759783,51.5460964],[0.276629,51.5450505],[0.2786629,51.5417663],[0.2796827,51.5401195],[0.2802078,51.5393064],[0.2807089,51.5384881],[0.2809449,51.5381125]],[[0.2714083,51.5533467],[0.2716122,51.5530876],[0.2718091,51.5528205],[0.2724368,51.5518248],[0.2730706,51.5508194],[0.2742036,51.5489727],[0.2753045,51.5471913]],[[0.2711956,51.5535991],[0.2714083,51.5533467]],[[0.2661575,51.5571394],[0.266886,51.5567997],[0.2675856,51.556437],[0.2682306,51.5560685],[0.2688232,51.5556757],[0.2693681,51.5552844],[0.2698863,51.5548701],[0.2701989,51.5545999],[0.2705136,51.5543044],[0.2708895,51.5539305],[0.2711956,51.5535991]],[[0.2657365,51.5573237],[0.2659448,51.5572325],[0.2661575,51.5571394]],[[0.257629,51.5589587],[0.2580338,51.5589708],[0.2584323,51.5589681],[0.2586806,51.5589618],[0.2589588,51.5589475],[0.2593404,51.558921],[0.2597123,51.5588807],[0.260097,51.55883],[0.2606815,51.5587474],[0.2612677,51.558642],[0.2620716,51.5584749],[0.2628784,51.558278],[0.2635858,51.558083],[0.2642987,51.5578638],[0.2650305,51.557601],[0.2657365,51.5573237]],[[0.2560191,51.5589006],[0.2562445,51.5588999],[0.2566767,51.5588996]],[[0.1908013,51.516575],[0.1907666,51.5165954],[0.190362,51.5168333],[0.1890495,51.517605]],[[0.22271309677807896,51.49778549753668],[0.2215116,51.4984957],[0.2200017,51.499388],[0.2184948,51.5002751]],[[0.2184948,51.5002751],[0.2173668,51.5009435],[0.2162379,51.5016008],[0.215686,51.5019356],[0.2151295,51.5022655],[0.2140069,51.5029272]],[[0.2140069,51.5029272],[0.2119365,51.5041489],[0.2098639,51.5053689],[0.2058823,51.5077143],[0.2019082,51.5100553],[0.1965022,51.513237],[0.1938039,51.5148299],[0.1910998,51.5164207],[0.1910516,51.5164489],[0.1906061,51.5167086]],[[0.1906061,51.5167086],[0.1892092,51.517533],[0.1882355,51.5181076],[0.1876979,51.5184495]],[[0.1876979,51.5184495],[0.187257,51.5187025]],[[0.187257,51.5187025],[0.1864914,51.5191038],[0.1857637,51.519465],[0.1850246,51.5198128],[0.184267,51.5201467],[0.1834875,51.5204645],[0.1826812,51.5207745],[0.1816196,51.5211493],[0.1805413,51.5214918],[0.1803486,51.5215627],[0.1799574,51.5216677],[0.1793216,51.5218484],[0.1786954,51.522013],[0.1780689,51.5221657],[0.1772666,51.5223493],[0.1764575,51.522508],[0.1756386,51.522659],[0.1748149,51.522794],[0.1739336,51.5229155],[0.1730442,51.5230259],[0.1701199,51.5233588],[0.1667077,51.5237494],[0.1633843,51.5241335],[0.1631875,51.5241562]],[[0.1631875,51.5241562],[0.1631148753901226,51.52416469901261]],[[0.1891344,51.5176646],[0.1904382,51.5168941],[0.1908864,51.5166292]],[[0.16314137448030222,51.52419604846016],[0.1631946,51.5241898]],[[0.1631946,51.5241898],[0.166729,51.5237922],[0.1700359,51.5234087],[0.1730537,51.5230567],[0.173944,51.5229462],[0.1748268,51.5228245],[0.1756522,51.5226893],[0.1764723,51.5225381],[0.1772829,51.522379],[0.1780868,51.5221951],[0.1787145,51.5220421],[0.1793419,51.5218772],[0.1799789,51.5216961],[0.1803651,51.5215884],[0.1805638,51.52152],[0.1816435,51.521177],[0.182707,51.5208016],[0.1835147,51.520491],[0.1842954,51.5201727],[0.1850545,51.5198381],[0.1857947,51.5194898],[0.186524,51.5191278],[0.1872902,51.5187243]],[[0.1872902,51.5187243],[0.1877316,51.518471]],[[0.1877316,51.518471],[0.1882701,51.5181305],[0.1906409,51.5167314]],[[0.1906409,51.5167314],[0.1910887,51.5164745],[0.1911373,51.5164466],[0.1938387,51.5148528],[0.1965369,51.5132598],[0.201943,51.5100782],[0.205917,51.5077372],[0.2098986,51.5053917],[0.2119712,51.5041717],[0.2140402,51.5029495]],[[0.2140402,51.5029495],[0.2151655,51.5022862],[0.2157236,51.5019569],[0.2162636,51.5016279],[0.2174034,51.5009632],[0.2185367,51.5002982]],[[0.2185367,51.5002982],[0.2200365,51.4994108],[0.2215464,51.4985185],[0.22278410891707764,51.49778693378335]],[[0.25491548725726915,51.6013108445606],[0.2548326,51.601278],[0.2538282,51.6008873],[0.2528331,51.6004924],[0.2518487,51.6001009],[0.2508911,51.599721],[0.2500238,51.599383]],[[0.2500238,51.599383],[0.2499021,51.5993343]],[[0.2499021,51.5993343],[0.2492282,51.5990652],[0.2483055,51.5986947],[0.2474728,51.5983677],[0.2465567,51.598005],[0.2458949,51.5977139],[0.2451208,51.5974051],[0.2444997,51.5971671],[0.2440143,51.5969704],[0.2433484,51.5967073],[0.242624,51.5964237],[0.2419917,51.5961784],[0.2413579,51.5959231],[0.2404519,51.5955619],[0.2395545,51.5952101],[0.2386986,51.5948677],[0.2379008,51.5945516],[0.2371227,51.5942419],[0.2362654,51.5939115],[0.2353566,51.593549],[0.2348983,51.5933651],[0.2342535,51.5931088],[0.2336628,51.5928786],[0.2330504,51.5926349],[0.2324461,51.5924169],[0.2313033,51.5919365],[0.2302642,51.5915291],[0.2289974,51.5910256],[0.2280708,51.5906527],[0.2274015,51.5903847],[0.2265754,51.5900649],[0.2259032,51.5897991],[0.2250939,51.5894767],[0.2243889,51.5892084],[0.2235636,51.5888824],[0.22274,51.588558],[0.2218929,51.58822],[0.2207973,51.5877796],[0.2205225,51.5876731],[0.220121,51.5875105],[0.2195658,51.5872831],[0.2186755,51.5869283],[0.2179858,51.5866539],[0.2172642,51.5863705],[0.2164034,51.5860276],[0.2157597,51.5857634],[0.2148914,51.5854179],[0.2140661,51.5850933],[0.2131998,51.5847398],[0.2124087,51.5844272],[0.2117181,51.5841475],[0.2110057,51.583871],[0.2103775,51.5836261],[0.2095374,51.5832942],[0.2091598,51.5831644],[0.2087886,51.5830028],[0.2083969,51.5828249],[0.2079543,51.5825941],[0.2073077,51.5822965],[0.206727,51.5820382],[0.2062201,51.5818165],[0.2058261,51.5816649],[0.2054425,51.5815199],[0.2049905,51.5813749],[0.2046673,51.5812807],[0.2042084,51.5811232],[0.2037792,51.5809824],[0.202956,51.5806982],[0.2021621,51.5804198],[0.2014899,51.5801906],[0.2008449,51.5799756],[0.2000724,51.5797264],[0.1994035,51.5795173],[0.1985301,51.5792631],[0.1976278,51.5789964],[0.1967196,51.5787397],[0.195801,51.5784622],[0.1947791,51.5781638],[0.1937397,51.5778646],[0.1929082,51.5776221],[0.1922471,51.5774279],[0.1915178,51.5772195],[0.1908188,51.5770095],[0.1900238,51.5767803],[0.1894441,51.5766061],[0.1890244,51.5764903],[0.1885604,51.5763344],[0.1881583,51.5762119],[0.1874451,51.5760091]],[[0.1874451,51.5760091],[0.1870629,51.5759048]],[[0.1870629,51.5759048],[0.1861132,51.5756202],[0.1849728,51.5752826],[0.1837444,51.5749288]],[[0.1837444,51.5749288],[0.1834839,51.5748547]],[[0.1834839,51.5748547],[0.1813405,51.5742281],[0.1790496,51.5736089]],[[0.1790496,51.5736089],[0.1788299,51.5735537]],[[0.1788299,51.5735537],[0.1784065,51.5734468],[0.1778224,51.5733097],[0.1773347,51.5732011],[0.1751842,51.5727331],[0.1748766,51.5726667],[0.1740465,51.5724867],[0.1731715,51.5722982],[0.1721877,51.5720941],[0.1716232,51.5719886],[0.1707281,51.5718303],[0.1698837,51.5716968],[0.1690898,51.5715788],[0.1682838,51.5714652],[0.1671492,51.5713151],[0.1666162,51.5712493],[0.1657727,51.5711467],[0.1648628,51.5710455],[0.1640043,51.5709599],[0.1631328,51.5708776],[0.1624467,51.5708142],[0.1618726,51.5707637],[0.1609201,51.5706762]],[[0.1609201,51.5706762],[0.1605371,51.5706419]],[[0.1605371,51.5706419],[0.1482225,51.5695194],[0.1466563970939861,51.5693745960489]]]}},{"type":"Feature","properties":{"kind":"routes","class":"other","routeCount":84},"geometry":{"type":"MultiLineString","coordinates":[[[0.1911203,51.5168421],[0.1912618,51.5168238],[0.1913249,51.5168384],[0.1914153,51.5168592]],[[0.1914153,51.5168592],[0.191401,51.5170298],[0.1913768,51.5171832],[0.1913709,51.5172236]],[[0.1913709,51.5172236],[0.1913648,51.5172691]],[[0.1913648,51.5172691],[0.1913578,51.5173103]],[[0.1913578,51.5173103],[0.1913598,51.5173751]],[[0.1913598,51.5173751],[0.191285,51.5174187],[0.1912524,51.5174352],[0.1912158,51.5174467]],[[0.1912158,51.5174467],[0.1910658,51.5174901],[0.1908204,51.5175462]],[[0.1908204,51.5175462],[0.1907352,51.5175787],[0.1906633,51.5176339],[0.1905396,51.5177961],[0.1904955,51.517862],[0.1904126,51.5179863],[0.1902549,51.5182286],[0.1901981,51.51832],[0.1901197,51.5184255]],[[0.1901197,51.5184255],[0.1900273,51.5185528],[0.1899696,51.5186321],[0.1898858,51.5187227],[0.1898167,51.5187878],[0.1897829,51.5188196]],[[0.1894446,51.519067],[0.189483,51.5190286],[0.1895378,51.5189907],[0.1897295,51.5188531],[0.1897829,51.5188196]],[[0.1893209,51.5192187],[0.189331,51.5191931],[0.1894038,51.5191079],[0.1894446,51.519067]],[[0.1892954,51.5193308],[0.1893002,51.5192712],[0.1893209,51.5192187]],[[0.1892954,51.5193308],[0.1892993,51.5194213]],[[0.1892993,51.5194213],[0.1892637,51.5194828],[0.189251,51.5195293],[0.189249,51.5195645],[0.1892616,51.5196118]],[[0.1892616,51.5196118],[0.1892268,51.5196317],[0.1891994,51.5196556]],[[0.1891994,51.5196556],[0.1891753,51.5196958],[0.1891719,51.5197386],[0.1891896,51.5197801],[0.1892266,51.5198162]],[[0.1892266,51.5198162],[0.189279,51.5198434],[0.1893421,51.5198596]],[[0.1893421,51.5198596],[0.1895489,51.5199845],[0.1896414,51.520012]],[[0.1898028,51.5201794],[0.1897697,51.520137],[0.1897438,51.5201073],[0.1896414,51.520012]],[[0.189914,51.5203606],[0.1898884,51.5203053],[0.1898236,51.5202123],[0.1898028,51.5201794]],[[0.1900086,51.5206309],[0.189914,51.5203606]],[[0.1900475,51.5208804],[0.1900162,51.5206746],[0.1900086,51.5206309]],[[0.1900641,51.5210363],[0.1900475,51.5208804]],[[0.1900673,51.5210671],[0.1900641,51.5210363]],[[0.1901321,51.5212854],[0.1901264,51.521274],[0.1901037,51.5212235],[0.1900865,51.5211809],[0.1900673,51.5210671]],[[0.1901321,51.5212854],[0.190097,51.5213357],[0.19008,51.5213875],[0.1900512,51.521449],[0.1899978,51.52149],[0.1899369,51.5215511]],[[0.1899369,51.5215511],[0.1898541,51.5216127]],[[0.1898541,51.5216127],[0.1898066,51.5216812],[0.1897914,51.5217553],[0.1898096,51.5218291],[0.1898598,51.521897]],[[0.1898598,51.521897],[0.1899004,51.5219302],[0.1899488,51.5219591],[0.1900038,51.521983]],[[0.1900038,51.521983],[0.1900262,51.5220354],[0.1900525,51.5220587],[0.1900844,51.5220827],[0.1903359,51.5222214],[0.1904484,51.5222686]],[[0.1905955,51.5224019],[0.1905532,51.5223591],[0.1904484,51.5222686]],[[0.1923991,51.5258239],[0.1923535,51.5257276],[0.1923453,51.5257106],[0.1923271,51.5256728],[0.1923,51.5256191],[0.1922262,51.5254741],[0.1921816,51.5253452],[0.1921396,51.525213],[0.1920857,51.5250433],[0.1920309,51.5248589],[0.19199,51.5247084],[0.1916836,51.523671],[0.191666,51.523612],[0.1916281,51.523512],[0.1915823,51.5234203],[0.1914411,51.5232493],[0.1914026,51.5232083],[0.1912721,51.5230693],[0.1911056,51.5229065],[0.1910048,51.522806],[0.1909328,51.5227327],[0.1909149,51.5227176],[0.1907098,51.5225131],[0.190632,51.5224389],[0.1905955,51.5224019]],[[0.192507,51.5260374],[0.1924639,51.5259435],[0.1924428,51.5259053],[0.1923991,51.5258239]],[[0.192398,51.5275835],[0.192758,51.5274646],[0.1929215,51.5274089],[0.1930794,51.5273299],[0.1931705,51.5272408],[0.1932155,51.5271479],[0.1932146,51.5270432],[0.1931266,51.5268965],[0.1929359,51.5266724],[0.1927661,51.5264758],[0.1926473,51.5263003],[0.192507,51.5260374]],[[0.189787,51.5290279],[0.1898775,51.5288987],[0.1899426,51.5288238],[0.1901237,51.5286902],[0.1901565,51.5286701],[0.1903206,51.5285694],[0.1904904,51.528472],[0.1909312,51.5282354],[0.1916218,51.5278698],[0.1918235,51.5277732],[0.192398,51.5275835]],[[0.1882593,51.5300059],[0.1884038,51.5299155],[0.1884638,51.5298779],[0.1886451,51.5297752],[0.1886904,51.5297496],[0.1891293,51.52955],[0.1891793,51.5295271],[0.1893821,51.5294215],[0.1894429,51.5293793],[0.1895313,51.529318],[0.1896624,51.5292009],[0.1897056,51.5291547],[0.189787,51.5290279]],[[0.1874113,51.5307223],[0.1875785,51.5305905],[0.1876813,51.530501],[0.1880209,51.5302054],[0.1882593,51.5300059]],[[0.187244,51.530845],[0.1874113,51.5307223]],[[0.1811399,51.5340416],[0.1813413,51.5339861],[0.1814983,51.5339141],[0.1817679,51.5337899],[0.1820735,51.5336434],[0.1822189,51.5335799],[0.1834062,51.5330397],[0.1842968,51.5326194],[0.1843754,51.5325788],[0.1844593,51.5325273],[0.1846008,51.5324404],[0.1853771,51.5319229],[0.1859591,51.5315871],[0.1861208,51.5314881],[0.1865406,51.5312469],[0.1870111,51.5309765],[0.1871777,51.5308836],[0.187244,51.530845]],[[0.1811399,51.5340416],[0.1808366,51.5341127],[0.1806093,51.5341759],[0.1804926,51.5342126],[0.1804201,51.5342345],[0.1803719,51.5342568],[0.1802873,51.5342971],[0.1802391,51.5343246],[0.1801975,51.5343438],[0.1801747,51.5343501],[0.1800637,51.5343583]],[[0.1800637,51.5343583],[0.1799278,51.5343728]],[[0.1799278,51.5343728],[0.1796383,51.5344353],[0.1795257,51.5344612]],[[0.1795257,51.5344612],[0.1794237,51.534487],[0.1792695,51.5345287],[0.1790079,51.534627],[0.1788416,51.5346975],[0.178623,51.5348238]],[[0.178623,51.5348238],[0.1783723,51.5349981]],[[0.1783723,51.5349981],[0.1779056,51.5353431],[0.1778373,51.535395],[0.1775899,51.5355635],[0.1774463,51.535645],[0.177137,51.5357775],[0.1768179,51.5358814],[0.1766181,51.5359371],[0.1763874,51.5359918],[0.1761585,51.5360397],[0.1755161,51.5361444],[0.1738253,51.5364186]],[[0.1738253,51.5364186],[0.1735309,51.5364659]],[[0.1735309,51.5364659],[0.1732108,51.5365155]],[[0.1732108,51.5365155],[0.1731614820557515,51.536531404081245]],[[0.160239,51.562745],[0.1600484,51.5626946],[0.16002726990723384,51.56269202227391]],[[0.1623999,51.5632713],[0.1614408,51.5630935],[0.1608552,51.5629293],[0.1606088,51.5628551],[0.1603621,51.5627808],[0.1603059,51.5627639],[0.160239,51.562745]],[[0.1703603,51.5648811],[0.1700261,51.5648121],[0.1693611,51.5646314],[0.1686366,51.5644714],[0.1679449,51.5643006],[0.1676247,51.5642243],[0.1669149,51.5640551],[0.1660568,51.5638471],[0.1653888,51.5637072],[0.1648891,51.5636135],[0.163744,51.5634552],[0.1637167,51.5634516],[0.1634074,51.5634109],[0.1630786,51.5633637],[0.1629276,51.5633423],[0.162858,51.5633324],[0.1627866,51.563323],[0.1623999,51.5632713]],[[0.1743094,51.5653788],[0.1736183,51.5653303],[0.172511,51.5652556],[0.172039,51.5652023],[0.1719102,51.5651863],[0.1712293,51.5650632],[0.1711721,51.5650529],[0.1703603,51.5648811]],[[0.1747804,51.5654083],[0.1743094,51.5653788]],[[0.1754797,51.5654434],[0.1751798,51.5654253],[0.1747804,51.5654083]],[[0.1757121,51.5654652],[0.1754797,51.5654434]],[[0.1761271,51.5654993],[0.1759781,51.5654871],[0.1759281,51.5654828],[0.1757121,51.5654652]],[[0.1761271,51.5654993],[0.1761814,51.5655374],[0.1762231,51.5655779],[0.176256,51.5656303],[0.1762811,51.5656798],[0.1763724,51.5659067]],[[0.1763789,51.5661493],[0.1763805,51.5660684],[0.1763783,51.5659875],[0.1763724,51.5659067]],[[0.17487,51.5695721],[0.174984,51.5693778],[0.175189,51.569129],[0.1754894,51.5687715],[0.1755087,51.5687392],[0.1757125,51.5683981],[0.175862,51.5681225],[0.1760173,51.5678112],[0.1760473,51.5677579],[0.1761796,51.567378],[0.1763116,51.5667681],[0.1763355,51.5665144],[0.1763789,51.5661493]],[[0.1790891,51.5708278],[0.1789782,51.5707901],[0.1789328,51.5707747],[0.1786201,51.5706567],[0.1781381,51.5705466],[0.1775896,51.5704369],[0.1769567,51.5703398],[0.1768311,51.5703177],[0.176369,51.5702239],[0.176226,51.5701877],[0.1760162,51.570134],[0.1754977,51.5699667],[0.1750516,51.5697318],[0.17487,51.5695721]],[[0.1793439,51.5709037],[0.1793367,51.570902],[0.179287,51.5708903],[0.1790891,51.5708278]],[[0.1800186,51.5710369],[0.1798644,51.5710154],[0.1797127,51.5709872],[0.1794068,51.5709186],[0.1793439,51.5709037]],[[0.1800186,51.5710369],[0.1801227,51.5710853],[0.1801563,51.5710926],[0.1802083,51.5711023]],[[0.1802083,51.5711023],[0.1802742,51.5711137],[0.1803785,51.5711528],[0.1804303,51.5711905],[0.1804529,51.5712213],[0.1804617,51.5713225]],[[0.1804617,51.5713225],[0.1804488,51.5713739]],[[0.1804488,51.5713739],[0.1804689,51.5714356],[0.1804988,51.5714908],[0.1805878,51.5715602],[0.1806669,51.5715943],[0.180801,51.5716216],[0.1808068,51.5716215]],[[0.1808068,51.5716215],[0.1808763,51.57162]],[[0.1808763,51.57162],[0.1809454,51.5716186],[0.1810778,51.5715854],[0.181093,51.5715778]],[[0.181093,51.5715778],[0.1811304,51.5715591]],[[0.1811304,51.5715591],[0.1812304,51.5715446],[0.1813152,51.571542],[0.1814137,51.5715452],[0.1815452,51.5715612],[0.1822803,51.5716522],[0.1824278,51.5716558],[0.1829994,51.5717185]],[[0.1829994,51.5717185],[0.1831484,51.5717446]],[[0.1831484,51.5717446],[0.1832249,51.5717744],[0.1835605,51.5718444]],[[0.1835605,51.5718444],[0.1837573,51.5719691],[0.1837956,51.5720253],[0.1838507,51.5720908],[0.1839175,51.5722244]],[[0.1839116,51.5723008],[0.1839148,51.57227],[0.1839175,51.5722244]],[[0.1839975,51.5736587],[0.1840046,51.5735076],[0.184043,51.5733658],[0.1840681,51.5732731],[0.1841368,51.5729182],[0.1840338,51.5726989],[0.1839779,51.5726038],[0.183919,51.5725038],[0.1839116,51.5723008]],[[0.183965,51.5738189],[0.1839975,51.5736587]],[[0.1838686,51.5741728],[0.1839208,51.5740179],[0.1839357,51.5739823],[0.183965,51.5738189]],[[0.1837981,51.5743523],[0.1838056,51.5743205],[0.1838175,51.574285],[0.1838296,51.5742574],[0.1838686,51.5741728]],[[0.183748,51.5745476],[0.1837886,51.5743894],[0.1837981,51.5743523]],[[0.1837117,51.57469],[0.183734,51.5746027],[0.183748,51.5745476]],[[0.1837117,51.57469],[0.1836868,51.574761],[0.1836301,51.5748652],[0.1835869,51.574932],[0.1835633,51.5749684],[0.1835297,51.5750203],[0.1834996,51.5750668],[0.1834375,51.5751626]],[[0.1834375,51.5751626],[0.1833945,51.5752131],[0.1833415,51.5752754],[0.1833139,51.5753078],[0.1832933,51.575332]],[[0.1832933,51.575332],[0.183114,51.5755398],[0.1830974,51.5755488],[0.1830766,51.5755547]],[[0.1830766,51.5755547],[0.183056,51.5756089],[0.1823905,51.576297],[0.1823733,51.5763717]],[[0.1823733,51.5763717],[0.1824282,51.5764287],[0.1826048,51.576512],[0.1827762,51.5765943]],[[0.1827762,51.5765943],[0.1829383,51.5766668],[0.1830253,51.5767037]],[[0.1830253,51.5767037],[0.1832239,51.576793],[0.1837398,51.5770226],[0.184072,51.5771676],[0.1842493,51.5772362],[0.1845446,51.5773829]],[[0.1845446,51.5773829],[0.1845716,51.5774226],[0.1846782,51.5774852],[0.1847498,51.577518],[0.1847763,51.5775203]],[[0.1847763,51.5775203],[0.1848371,51.5775257]],[[0.1848371,51.5775257],[0.1850142,51.5776079]],[[0.1850142,51.5776079],[0.1851426,51.5776637],[0.1852931,51.57774]],[[0.1852931,51.57774],[0.185373,51.5778163],[0.1854872,51.577864],[0.1855706,51.5779072],[0.1856098,51.5779365],[0.1856814,51.5780017],[0.1857496,51.5780611]],[[0.1857496,51.5780611],[0.185761,51.578121]],[[0.185761,51.578121],[0.1857325,51.5782353],[0.1856671,51.5783476],[0.1855652,51.5784428],[0.1854169,51.578559],[0.1852841,51.5786791],[0.1851888,51.578767]],[[0.1851888,51.578767],[0.185062,51.5788883],[0.1848581,51.5790993],[0.1846853,51.5792826],[0.1844995,51.579449],[0.1844018,51.5795533],[0.1841344,51.5798403],[0.1839884,51.5800566],[0.183932,51.5801379]],[[0.183932,51.5801379],[0.1837541,51.5802476]],[[0.1837541,51.5802476],[0.1835891,51.5803102],[0.1833705,51.5803752],[0.1831314,51.5804178],[0.1827548,51.5804611],[0.1824718,51.5804925]],[[0.1824718,51.5804925],[0.1820282,51.5805387],[0.1816583,51.5805738],[0.1813358,51.5805884],[0.1811274,51.580578],[0.1808675,51.5805525],[0.1805377,51.5804939],[0.1801095,51.5803699],[0.179832,51.5802766],[0.1793687,51.5801184],[0.1791028,51.5800301],[0.1790213,51.580003],[0.1788899,51.5799865],[0.1787517,51.579981],[0.178623,51.5799792],[0.1785104,51.579939]],[[0.1785104,51.579939],[0.1784484,51.5798865],[0.1783872,51.5798493],[0.1783121,51.5798285],[0.1781992,51.5798215]],[[0.1781992,51.5798215],[0.1781066,51.5798211],[0.178014,51.5798441],[0.1779379,51.5798728],[0.1778905,51.5799149],[0.1778581,51.5799613]],[[0.1778581,51.5799613],[0.1778407,51.5800376],[0.1778464,51.5802141],[0.1778741,51.5802626]],[[0.1778741,51.5802626],[0.178018,51.5806047]],[[0.178018,51.5806047],[0.1779977,51.5806772],[0.1779523,51.5807388],[0.1778869,51.5808131],[0.1778108,51.5808816],[0.1776977,51.5809826],[0.1775473,51.5811092]],[[0.1775473,51.5811092],[0.1775034,51.5811474],[0.1774152,51.5812218],[0.1773734,51.5812571]],[[0.1773734,51.5812571],[0.1771604,51.5814195],[0.176929,51.5816366],[0.1768501,51.5816997],[0.1766409,51.5819315],[0.1765056,51.5820512],[0.1763736,51.582172],[0.1761702,51.582339],[0.1760096,51.5825115]],[[0.1760096,51.5825115],[0.1756643,51.5828614],[0.1753215,51.5832153],[0.1747167,51.5837462],[0.1746557,51.5838049]],[[0.1746557,51.5838049],[0.1742113,51.5842134],[0.1739738,51.5843902],[0.1736671,51.5846184],[0.1734361,51.5847862]],[[0.1734361,51.5847862],[0.1732958,51.5848938]],[[0.1732958,51.5848938],[0.1730915,51.5851021],[0.1729134,51.5853325]],[[0.1729134,51.5853325],[0.1728394,51.5855264],[0.1728272,51.5856088],[0.1728272,51.5856795],[0.1728914,51.5859027]],[[0.1728914,51.5859027],[0.1728938,51.5859185],[0.1729054,51.5859964]],[[0.1729054,51.5859964],[0.1729404,51.5861784]],[[0.1729404,51.5861784],[0.1729414,51.5862005],[0.1729402,51.5862544],[0.1729396,51.5862853],[0.1729145,51.5864857],[0.1729084,51.5865053]],[[0.1728633,51.5866494],[0.172875,51.586612],[0.1729034,51.5865214],[0.1729084,51.5865053]],[[0.1728633,51.5866494],[0.1730793,51.5868008],[0.1731786,51.5868704],[0.1732259,51.5869015],[0.1754951,51.5884649],[0.1758672,51.588721],[0.1765386,51.5891829],[0.177023,51.5895179],[0.1771526,51.5896123],[0.1790402,51.5909317]],[[0.1790402,51.5909317],[0.1792981,51.5910998],[0.1795123,51.5912507],[0.1798155,51.591434]],[[0.1798155,51.591434],[0.1804078,51.5917541],[0.1807419,51.5919232],[0.1812684,51.5921897]],[[0.1812684,51.5921897],[0.1815411,51.5924182],[0.181568,51.5924519],[0.1815829,51.5924697],[0.1816504,51.5925152]],[[0.1816504,51.5925152],[0.1815213,51.5926701]],[[0.1815213,51.5926701],[0.1814213,51.592809],[0.1813744,51.5928696],[0.181307,51.5929569],[0.1812324,51.5930535],[0.1808301,51.5935591],[0.1806362,51.5938489],[0.1805432,51.5939742],[0.1804502,51.5940994],[0.1795887,51.594852],[0.1794199,51.5949747],[0.1791564,51.5951013],[0.1785985,51.5952079],[0.1776348,51.5952028],[0.1775256,51.5952079],[0.176839,51.5952079],[0.1764956,51.5952879],[0.1762601,51.5954212],[0.1761204,51.5955522],[0.1757756,51.5958753],[0.1752924,51.5962705],[0.1750702,51.5964585],[0.1749069,51.5965161],[0.1748185,51.596528]],[[0.1748185,51.596528],[0.174798,51.5965022],[0.1747719,51.5964886],[0.1747537,51.5964835],[0.1747159,51.5964806]],[[0.1747159,51.5964806],[0.1746828,51.5964857],[0.1746604,51.5964943],[0.1746382,51.5965104],[0.1746262,51.59653],[0.1746254,51.5965499],[0.1746395,51.5965738],[0.1746623,51.5965896],[0.1746819,51.5965969],[0.1747149,51.5966023],[0.1747365,51.5966019]],[[0.1747365,51.5966019],[0.1747529,51.5966492],[0.1747558,51.596656],[0.1747837,51.5967211],[0.1749289,51.597024],[0.1750887,51.5972456],[0.1752599,51.597468],[0.1755696,51.5978375],[0.1756585,51.5979432],[0.1760233,51.598365],[0.176146,51.5984865],[0.1762811,51.5986202],[0.1770019,51.5992931],[0.1776348,51.5998839]],[[0.1732831,51.6017925],[0.1736503,51.6016293],[0.1739137,51.6015123],[0.1742788,51.6013501],[0.1750809,51.6009992],[0.1757293,51.6007156],[0.1758563,51.6006596],[0.1761503,51.60053],[0.176154,51.6005283],[0.1765876,51.6003371],[0.1767593,51.6002625],[0.176853,51.600222],[0.1770786,51.6001244],[0.1770852,51.6001216],[0.1771944,51.6000743],[0.1772407,51.6000543],[0.1773255,51.6000177],[0.1776348,51.5998839]],[[0.1732831,51.6017925],[0.1737552,51.6021291],[0.1743928,51.602592],[0.1756588,51.6033117],[0.1759439,51.6034352]],[[0.1759439,51.6034352],[0.1762381,51.6035383],[0.176633,51.6036258],[0.176839,51.6036715],[0.177389,51.6037271],[0.1777616,51.6037648],[0.1778672,51.6037701],[0.1792568,51.6038405]],[[0.1763067,51.5655136],[0.1761271,51.5654993]],[[0.1767759,51.5655581],[0.1765201,51.5655321],[0.1764636,51.5655266],[0.1763067,51.5655136]],[[0.177208,51.5656015],[0.1770573,51.5655893],[0.1767759,51.5655581]],[[0.1846363,51.5656563],[0.1826774,51.5656643],[0.1822737,51.5656762],[0.1805705,51.5656985],[0.1793346,51.5656878],[0.1790771,51.5656825],[0.1783647,51.5656611],[0.1782282,51.5656546],[0.177208,51.5656015]],[[0.1846363,51.5656563],[0.184758,51.565686],[0.1849757,51.565719],[0.1850406,51.5657302]],[[0.1850406,51.5657302],[0.1851035,51.565739]],[[0.1851035,51.565739],[0.1853286,51.5657998],[0.1854909,51.5658607],[0.1856232,51.5659177],[0.1857347,51.5660281]],[[0.1857347,51.5660281],[0.1857719,51.5662543],[0.1857796,51.5663991]],[[0.1857796,51.5663991],[0.1857583,51.5666454],[0.1857027,51.5668283],[0.1856953,51.5670226]],[[0.1848621,51.5681473],[0.1851158,51.5679354],[0.1851956,51.5678376],[0.1853102,51.5676932],[0.1854952,51.567422],[0.1856544,51.5671213],[0.1856953,51.5670226]],[[0.1848621,51.5681473],[0.1846733,51.5683021],[0.1845672,51.5683769]],[[0.1845672,51.5683769],[0.1837822,51.5687394],[0.1837029,51.5687247]],[[0.1837029,51.5687247],[0.1831807,51.5684671],[0.1830045,51.5684514],[0.1829176,51.5684582]],[[0.1829176,51.5684582],[0.1828766,51.5684415],[0.1828296,51.5684329],[0.1827806,51.568433],[0.1827185,51.5684468],[0.1826697,51.5684744],[0.1826417,51.5685115],[0.1826386,51.5685525]],[[0.1819596,51.5686079],[0.1824738,51.5685818],[0.1826386,51.5685525]],[[0.1815763,51.5686172],[0.1819596,51.5686079]],[[0.1813581,51.5686768],[0.1814504,51.5686337],[0.1815763,51.5686172]],[[0.181244,51.5687595],[0.1813581,51.5686768]],[[0.181169,51.5688246],[0.181244,51.5687595]],[[0.1810079,51.5689643],[0.181169,51.5688246]],[[0.1801407,51.5697105],[0.1808481,51.5690989],[0.180979,51.5689858],[0.1810079,51.5689643]],[[0.1797559,51.5700238],[0.1800725,51.5697691],[0.1801407,51.5697105]],[[0.1795926,51.5701631],[0.1796324,51.5701282],[0.1796747,51.5700914],[0.1796856,51.570082],[0.1796947,51.5700741],[0.1797114,51.5700597],[0.1797207,51.5700523],[0.1797559,51.5700238]],[[0.1793202,51.5704572],[0.1794338,51.5703254],[0.1795926,51.5701631]],[[0.1790891,51.5708278],[0.1791805,51.5706741],[0.1792034,51.5706356],[0.1793202,51.5704572]],[[0.1726141,51.5869496],[0.1726656,51.5868963],[0.1727277,51.5868255],[0.1727547,51.5867946],[0.1728633,51.5866494]],[[0.1716784,51.5889629],[0.171714,51.5888175],[0.1717293,51.5887376],[0.1717561,51.588558],[0.1717572,51.5885152],[0.1717987,51.5882402],[0.1718931,51.5880322],[0.1720578,51.5877675],[0.1722682,51.5874723],[0.1724713,51.5871687],[0.1726141,51.5869496]],[[0.1632981,51.5988934],[0.1633452,51.5987217],[0.1633939,51.5985303],[0.1634655,51.5983576],[0.1635917,51.5981186],[0.163959,51.5974381],[0.1640358,51.5972302],[0.1640891,51.5969896],[0.1640793,51.5966694],[0.1640725,51.5966333],[0.1640468,51.5964498],[0.1640374,51.5963727],[0.1640663,51.5960907],[0.1641565,51.5958241],[0.1646268,51.5946478],[0.1653529,51.5936187],[0.1656032,51.5931932],[0.1657139,51.593009],[0.1659418,51.5926406],[0.1660132,51.5925017],[0.1661247,51.5922559],[0.1662094,51.5920068],[0.16626,51.5916542],[0.1662717,51.5915011],[0.1663175,51.5911179],[0.1663953,51.5909585],[0.1665659,51.5906524],[0.166859,51.5900489],[0.1670494,51.5898828],[0.1672612,51.5897832],[0.1674209,51.5897372],[0.1677308,51.5897166],[0.1682357,51.589697],[0.1689288,51.5896482],[0.1690478,51.58963],[0.1691227,51.5896185],[0.1693207,51.5895596],[0.1697475,51.5894414],[0.1700489,51.5893705],[0.1702086,51.5893605],[0.1712222,51.589312],[0.1713856,51.5892914],[0.1715226,51.5892433],[0.1716172,51.5891527],[0.1716784,51.5889629]],[[0.1632981,51.5988934],[0.1632181,51.5990765],[0.1631512,51.5991635]],[[0.1631512,51.5991635],[0.1630433,51.5991877]],[[0.1630433,51.5991877],[0.1630168,51.5992261],[0.1629944,51.5992766],[0.1629957,51.5993183]],[[0.1629957,51.5993183],[0.1630224,51.5993484],[0.1632697,51.5995021],[0.1633516,51.5995596],[0.163364,51.5995669],[0.1633714,51.5995708]],[[0.1633714,51.5995708],[0.163422,51.5995861],[0.1634339,51.5995891],[0.1634407,51.5995902],[0.1634478,51.599591],[0.1634553,51.5995915],[0.1634654,51.5995916],[0.1634767,51.5995911],[0.1634901,51.5995903],[0.1635116,51.5995883],[0.1635261,51.5995867],[0.1635418,51.5995843],[0.1635524,51.5995822],[0.1635592,51.5995805],[0.1635661,51.5995784],[0.1635739,51.5995757],[0.1635822,51.5995724],[0.1636305,51.5995526]],[[0.1636305,51.5995526],[0.1636383,51.5995484],[0.1636442,51.5995444],[0.1636479,51.5995414]],[[0.1636479,51.5995414],[0.1636861,51.5995294],[0.1636977,51.5995265],[0.1637114,51.5995246],[0.1637266,51.5995238],[0.1637428,51.599524],[0.1637613,51.5995251],[0.1637906,51.5995281],[0.1638159,51.5995321],[0.1638392,51.5995363],[0.1638608,51.5995419],[0.1638843,51.5995487],[0.1640516,51.5996104],[0.1643406,51.5996818]],[[0.1643406,51.5996818],[0.1645814,51.5997723],[0.1648796,51.5999002],[0.1652518,51.6000245],[0.1662561,51.6001477],[0.1668405,51.6002061],[0.1670264,51.6002254],[0.1671962,51.6002462],[0.1673777,51.6002683],[0.1681273,51.6003382],[0.1685764,51.6003764],[0.1688573,51.6004148],[0.1694373,51.6005],[0.1709166,51.6007528],[0.1711545,51.6008116],[0.1712747,51.6008489],[0.171496,51.600926],[0.17203,51.6011688],[0.1729055,51.6015746],[0.1731268,51.6016724],[0.1732831,51.6017925]],[[0.1746669,51.6064558],[0.1747241,51.606284],[0.1753002,51.6045547],[0.1754718,51.6039363],[0.1755576,51.6038243],[0.1759439,51.6034352]],[[0.1746669,51.6064558],[0.1748859,51.6065351]],[[0.1727101,51.6071675],[0.1729513,51.6072821],[0.1729609,51.6072866],[0.1738115,51.607687],[0.1739653,51.6077365],[0.1740757,51.6077484],[0.1742831,51.607745],[0.1744935,51.6076572],[0.1746669,51.6074759],[0.1747382,51.6070927],[0.174822,51.6066428],[0.1748859,51.6065351]],[[0.2685062,51.5684896],[0.2683238,51.5680075],[0.2681897,51.567642],[0.2681761,51.5676046],[0.2681336,51.567484],[0.2680345,51.5672284],[0.2679647,51.5670201],[0.2679109,51.566785],[0.267896,51.5665508],[0.2678687,51.5663681],[0.2678264,51.5662109],[0.2677591,51.5660565],[0.2676815,51.5659199],[0.2675305,51.5657252],[0.26726,51.5653846],[0.2671997,51.5653073],[0.2671369,51.5652043],[0.2670775,51.5650801],[0.2670424,51.5649817],[0.266942,51.5646432],[0.2668007,51.5642193],[0.2665242,51.5635335],[0.2664871,51.5634229],[0.2664667,51.5633173],[0.2664537,51.5630852],[0.2664565,51.5630458],[0.2664876,51.5628874],[0.2665146,51.562778],[0.2665763,51.5626275],[0.2666604,51.5624809],[0.2668263,51.5622408],[0.2668641,51.5621874],[0.2669168,51.5621097],[0.2669587,51.5620422],[0.2670797,51.561847]],[[0.2695407,51.5724893],[0.2695186,51.5722458],[0.2695062,51.5721308],[0.2694535,51.5718996],[0.2693619,51.5716373],[0.2692508,51.571399],[0.2690362,51.5710202],[0.2689762,51.5707321],[0.2690067,51.570428],[0.2690126,51.5700458],[0.2689885,51.5698931],[0.2689384,51.5695371],[0.2688217,51.5691637],[0.2686029,51.5687174],[0.2685654,51.568641],[0.2685062,51.5684896]],[[0.2710369,51.5723525],[0.2698462,51.5724573],[0.2695407,51.5724893]],[[0.2710369,51.5723525],[0.2708238,51.5713571]],[[0.2708238,51.5713571],[0.2707663,51.5710965]],[[0.2707663,51.5710965],[0.2707222,51.5708742],[0.2706935,51.5707688],[0.2706456,51.5706579],[0.2704814,51.5703738],[0.2704162,51.5700743],[0.2702725,51.5694144],[0.2701583,51.568781],[0.2699947,51.5682867]],[[0.2685062,51.5684896],[0.2689079,51.568435],[0.2699947,51.5682867]],[[0.2685062,51.5684896],[0.2675316,51.5685601],[0.2668779,51.5686065],[0.2667151,51.5686186],[0.2660948,51.5686628],[0.2658122,51.5686833],[0.264747,51.5687605],[0.2643047,51.5687928],[0.2637585,51.5688336],[0.2635344,51.5688508],[0.263419,51.5688634],[0.2632711,51.5688817],[0.2631331,51.5689062],[0.2628389,51.5689725],[0.2625484,51.5690436],[0.2623722,51.5690871],[0.2621384,51.5691543],[0.2620506,51.5691794],[0.2617725,51.5692666],[0.2615529,51.5693414],[0.2613244,51.5694291],[0.2611668,51.569495],[0.2610162,51.5695659],[0.2606675,51.5697469],[0.2604586,51.5698439],[0.2602353,51.569929],[0.2599809,51.570014],[0.259724,51.5700833],[0.2596157,51.5701089],[0.2594989,51.5701313],[0.2593221,51.5701574],[0.2590756,51.5701855],[0.2586913,51.5702128],[0.2582996,51.5702332]],[[0.2582996,51.5702332],[0.2581614,51.570212],[0.2573213,51.5702417],[0.2571972,51.5702433]],[[0.2571972,51.5702433],[0.2570291,51.5702488],[0.2569241,51.5702889]],[[0.2568393,51.5701844],[0.2568559,51.5702222],[0.2569241,51.5702889]],[[0.2568205,51.5701017],[0.2568393,51.5701844]],[[0.2568068,51.5699279],[0.2568205,51.5701017]],[[0.2557657,51.567423],[0.2557794,51.5674385],[0.2560758,51.5676912],[0.2562419,51.5678699],[0.256299,51.5679313],[0.2564725,51.5681911],[0.2565781,51.5684918],[0.2565881,51.5685203],[0.2566934,51.569025],[0.2567125,51.5691974],[0.2567308,51.5693633],[0.2567492,51.5695292],[0.2567729,51.569743],[0.2567959,51.5698622],[0.2568068,51.5699279]],[[0.2505007,51.5592887],[0.2506338,51.559563],[0.2507914,51.5598877],[0.2508889,51.5600761],[0.2509661,51.5602252],[0.2511103,51.5605158],[0.2511874,51.5607006],[0.2512248,51.5608351],[0.2512623,51.5609969],[0.2513473,51.5614225],[0.2514745,51.561754],[0.2514885,51.5617906],[0.2517414,51.5623611],[0.2518884,51.562628],[0.2519645,51.5627559],[0.2520449,51.5628796],[0.2523046,51.5632525],[0.2524814,51.5634885],[0.2525986,51.5636436],[0.2529177,51.5640547],[0.2530606,51.5642132],[0.2532339,51.5644082],[0.2534382,51.5646086],[0.2537871,51.5649338],[0.2540073,51.5651282],[0.2541844,51.5652974],[0.2543296,51.5654399],[0.2544684,51.5655973],[0.2545697,51.5657331],[0.2548742,51.5662027],[0.2549536,51.5663503],[0.2550251,51.5664572],[0.2551403,51.5666295],[0.2552083,51.5667429],[0.2552619,51.5668262],[0.2553246,51.5669237],[0.2556097,51.5672644],[0.2557657,51.567423]],[[0.2503451,51.5588844],[0.2503975,51.5590236],[0.2505007,51.5592887]],[[0.2502768,51.5587205],[0.2503451,51.5588844]],[[0.2502229,51.5585882],[0.2502768,51.5587205]],[[0.2501395,51.5584123],[0.2501603,51.5584569],[0.2502229,51.5585882]],[[0.2500905,51.5582969],[0.2501127,51.5583478],[0.2501395,51.5584123]],[[0.2500426,51.5581873],[0.2500487,51.5582085],[0.2500655,51.5582522],[0.2500905,51.5582969]],[[0.2500247,51.5581462],[0.2500426,51.5581873]],[[0.2498492,51.5577194],[0.2500247,51.5581462]],[[0.249402,51.5565605],[0.2494815,51.5567134],[0.2495435,51.5569268],[0.2495782,51.5570463],[0.2496096,51.5571202],[0.2497083,51.5573713],[0.2498492,51.5577194]],[[0.2493669,51.5565159],[0.249402,51.5565605]],[[0.2493669,51.5565159],[0.2493824,51.5564738],[0.2493473,51.5563706],[0.249326,51.5563328],[0.2492712,51.5562428]],[[0.2492712,51.5562428],[0.2492274,51.5561689]],[[0.2492274,51.5561689],[0.2490672,51.5561578]],[[0.2490672,51.5561578],[0.2489593,51.5561503],[0.24882,51.5561578]],[[0.24882,51.5561578],[0.2486965,51.5561698],[0.2486,51.5562072]],[[0.2486,51.5562072],[0.2482485,51.556231],[0.2482255,51.5562324],[0.2478764,51.5562625],[0.2468831,51.5563784],[0.2466948,51.5564112]],[[0.2466948,51.5564112],[0.2465653,51.5564342]],[[0.2465653,51.5564342],[0.2463894,51.5564612],[0.2463395,51.5564689],[0.2462946,51.5564761],[0.2458882,51.5565667],[0.2454671,51.5566514]],[[0.2425021,51.5575707],[0.2426727,51.557519],[0.2428545,51.557463],[0.2431146,51.5573865],[0.2433938,51.5573071],[0.24365,51.5572278],[0.2438393,51.5571664],[0.2446106,51.5569166],[0.2449371,51.5568018],[0.2451107,51.5567514],[0.2452956,51.5566977],[0.2453697,51.5566777],[0.2454671,51.5566514]],[[0.2407039,51.5580728],[0.2416415,51.5578164],[0.2418958,51.5577397],[0.2423338,51.5576172],[0.2425021,51.5575707]],[[0.2402952,51.5581748],[0.2405464,51.5581116],[0.2407039,51.5580728]],[[0.2398249,51.5582929],[0.2398815,51.5582776],[0.2400702,51.5582305],[0.2402952,51.5581748]],[[0.2397349,51.5583142],[0.2398249,51.5582929]],[[0.2395886,51.5583429],[0.2397349,51.5583142]],[[0.2394681,51.5583773],[0.2395886,51.5583429]],[[0.2377726,51.558707],[0.2381849,51.5586372],[0.238476,51.5585871],[0.2385201,51.5585748],[0.2386202,51.5585588],[0.2386642,51.5585545],[0.2389393,51.5584938],[0.2390351,51.5584727],[0.2394681,51.5583773]],[[0.236597,51.5588969],[0.2369656,51.5588334],[0.2375594,51.5587425],[0.2375857,51.5587381],[0.2377726,51.558707]],[[0.2361247,51.5589793],[0.236597,51.5588969]],[[0.2358349,51.5590291],[0.2358961,51.5590192],[0.2361247,51.5589793]],[[0.2355428,51.5590809],[0.2357721,51.5590392],[0.2358349,51.5590291]],[[0.2353584,51.5591144],[0.2355428,51.5590809]],[[0.2297334,51.5601259],[0.23001,51.5600803],[0.2300654,51.5600712],[0.230129,51.5600607],[0.2304259,51.5600123],[0.2305941,51.5599849],[0.2312224,51.559869],[0.2313135,51.5598522],[0.2318637,51.5597418],[0.2322445,51.5596831],[0.2327646,51.559623],[0.2328392,51.559613],[0.2330582,51.5595837],[0.2334495,51.5595101],[0.2338544,51.5594209],[0.234184,51.559353],[0.2344365,51.5593002],[0.2346243,51.5592616],[0.2346715,51.5592519],[0.2352845,51.559126],[0.2353584,51.5591144]],[[0.2249007,51.5611169],[0.2251604,51.5610433],[0.2252859,51.5610082],[0.2253316,51.5609953],[0.2257329,51.5608819],[0.2263274,51.5607237],[0.227014,51.5605371],[0.2270739,51.5605238],[0.2272008,51.5604955],[0.2276406,51.560415],[0.2282072,51.5603484],[0.2284597,51.5603188],[0.2288331,51.5602656],[0.2289571,51.5602451],[0.229156,51.5602121],[0.2293434,51.560181],[0.2293942,51.5601738],[0.2294572,51.5601649],[0.2297334,51.5601259]],[[0.2220129,51.5614673],[0.2221762,51.5614682],[0.222323,51.5614619],[0.222514,51.5614591],[0.2227065,51.5614558],[0.222913,51.5614404],[0.223105,51.5614217],[0.2232689,51.5614049],[0.2233822,51.56139],[0.2235064,51.561374],[0.2236361,51.5613552],[0.2242553,51.561264],[0.2243851,51.5612327],[0.2246458,51.5611762],[0.2249007,51.5611169]],[[0.2220129,51.5614673],[0.221745,51.561421],[0.2216015,51.5613588]],[[0.2216015,51.5613588],[0.2213937,51.5612507],[0.2211521,51.5611349]],[[0.2211521,51.5611349],[0.2210271,51.5611348],[0.220969,51.5611514],[0.2209037,51.5612017]],[[0.2209037,51.5612017],[0.2207502,51.5615223]],[[0.2207502,51.5615223],[0.2207307,51.5615652],[0.220709,51.5616456]],[[0.220709,51.5616456],[0.2206581,51.5618184],[0.2206264,51.5618659],[0.2205314,51.5620125]],[[0.2202549,51.5622598],[0.2205314,51.5620125]],[[0.2202549,51.5622598],[0.2201876,51.5623001],[0.2201166,51.5623328],[0.2200529,51.5623581],[0.2199775,51.5623853]],[[0.2199775,51.5623853],[0.2199215,51.5624042],[0.21986,51.5624207],[0.2197774,51.5624384],[0.2196122,51.5624705],[0.2192449,51.562543],[0.2188755,51.5626163],[0.21855,51.5626784],[0.2181235,51.562761]],[[0.2181235,51.562761],[0.2180495,51.5627736],[0.2179726,51.5627826],[0.2178358,51.5628186]],[[0.2173361,51.5628904],[0.2175169,51.5628681],[0.2176004,51.5628617],[0.2176605,51.5628529],[0.2178358,51.5628186]],[[0.2168789,51.5629416],[0.2170359,51.5629276],[0.2170974,51.5629224],[0.2171433,51.5629185],[0.2173361,51.5628904]],[[0.2158059,51.5629978],[0.2158825,51.5629955],[0.2162543,51.5629841],[0.2164457,51.5629769],[0.2168789,51.5629416]],[[0.2157054,51.5630001],[0.2158059,51.5629978]],[[0.2133372,51.5629766],[0.2134828,51.5629937],[0.2136237,51.5630073],[0.2137755,51.5630176],[0.2139276,51.5630221],[0.2144064,51.5630123],[0.2150366,51.5630063],[0.2156449,51.5630012],[0.2157054,51.5630001]],[[0.2128097,51.5629269],[0.2131011,51.5629462],[0.2131677,51.5629536],[0.2131813,51.5629551],[0.2133372,51.5629766]],[[0.2116225,51.5628629],[0.21258,51.5629145],[0.2126322,51.5629173],[0.2128097,51.5629269]],[[0.2108183,51.5628431],[0.2115213,51.562862],[0.2116225,51.5628629]],[[0.2105876,51.5628681],[0.2108183,51.5628431]],[[0.208192,51.5634871],[0.2093421,51.563151],[0.2094329,51.5631265],[0.2101391,51.5629363],[0.2104557,51.5628882],[0.2104761,51.5628851],[0.2105876,51.5628681]],[[0.1954722,51.5651512],[0.1958121,51.5651601],[0.1963295,51.5651736],[0.1966324,51.565175],[0.1967338,51.5651755],[0.1967761,51.5651757],[0.1969554,51.5651765],[0.197084,51.565177],[0.1972593,51.5651779],[0.1979339,51.5651751],[0.1985022,51.5651498],[0.1986291,51.5651423],[0.1989385,51.565113],[0.199441,51.5650554],[0.1995834,51.5650307],[0.1997688,51.5649997],[0.2004507,51.56485],[0.2006871,51.5648126],[0.2009512,51.5647777],[0.2012663,51.5647683],[0.2014377,51.5647655],[0.2017133,51.5647625],[0.2018854,51.5647607],[0.2023344,51.5647695],[0.2027431,51.5647918],[0.2029559,51.5648034],[0.2032027,51.564816],[0.203556,51.5648395],[0.2036444,51.5648372],[0.203762,51.5648341],[0.2039579,51.5648199],[0.2041029,51.564798],[0.2042234,51.5647768],[0.2043638,51.5647533],[0.2045376,51.5647178],[0.2046519,51.564687],[0.2048395,51.5646356],[0.2050136,51.5645826],[0.2051656,51.5645309],[0.2053689,51.5644647],[0.2056697,51.5643575],[0.2062379,51.5641386],[0.207003,51.5638367],[0.2070504,51.563818],[0.2072486,51.5637536],[0.2075293,51.5636717],[0.208192,51.5634871]],[[0.1951594,51.5651439],[0.1953816,51.5651488],[0.1954272,51.56515],[0.1954722,51.5651512]],[[0.1950007,51.5651415],[0.1951594,51.5651439]],[[0.1949218,51.5651403],[0.1950007,51.5651415]],[[0.1947641,51.5651379],[0.1949218,51.5651403]],[[0.194595,51.565136],[0.1947641,51.5651379]],[[0.194595,51.565136],[0.1945629,51.5651104],[0.194539,51.5651023],[0.1944862,51.5651005],[0.1944403,51.5650994],[0.1939422,51.5650875],[0.1933996,51.5650826],[0.1932829,51.5650816],[0.1931364,51.5650805],[0.192807,51.565075],[0.1923167,51.5650919],[0.1907886,51.5651907],[0.1904584,51.5652065],[0.1904265,51.565201],[0.1903507,51.5651879],[0.1903044,51.5651658],[0.1902402,51.5651352],[0.1901601,51.5650384]],[[0.1901601,51.5650384],[0.1900891,51.5648507],[0.1900221,51.5647817],[0.1899137,51.5647433],[0.1897456,51.5647351],[0.1892447,51.564768],[0.1888941,51.5647836]],[[0.1888941,51.5647836],[0.1886966,51.5648217],[0.1885917,51.5648783],[0.1885061,51.5649731]],[[0.1885061,51.5649731],[0.1885038,51.5650866]],[[0.1885038,51.5650866],[0.1884649,51.5651696],[0.1884444,51.5652273],[0.1884275,51.5652626]],[[0.1884275,51.5652626],[0.1884072,51.5652885],[0.1883705,51.5653192],[0.1882907,51.5653552],[0.1881463,51.5654115]],[[0.1881463,51.5654115],[0.1875484,51.5655023],[0.1869736,51.5655678],[0.1862133,51.5656073],[0.1861713,51.5656102],[0.1858341,51.5656283],[0.1857628,51.5656321]],[[0.1857628,51.5656321],[0.1857134,51.5656352]],[[0.1857134,51.5656352],[0.1856796,51.5657602]],[[0.1856796,51.5657602],[0.1856839,51.5658429],[0.1857347,51.5660281]],[[0.1857796,51.5663991],[0.1858387,51.5664737],[0.185918,51.5665398],[0.1859348,51.5665464]],[[0.1859348,51.5665464],[0.1860209,51.5665515],[0.1863544,51.5665687],[0.1864194,51.5665795],[0.1865046,51.5665937],[0.1865717,51.566617],[0.1866039,51.5666443],[0.1866287,51.5666625],[0.1866736,51.5667254],[0.1866657,51.5670886],[0.1866715,51.5674945],[0.1866834,51.5678179],[0.1867275,51.5684146],[0.1867343,51.5685048],[0.1867965,51.5689475],[0.1868097,51.5692322],[0.1867441,51.5695714],[0.1867326,51.5696164],[0.1867107,51.5697028],[0.186691,51.5697823],[0.1866639,51.5698772],[0.1866391,51.5699914],[0.1865114,51.5703024],[0.1864123,51.5704322],[0.1862882,51.5705412],[0.1861307,51.57065]],[[0.1861307,51.57065],[0.1851654,51.5711575],[0.1847232,51.5713955],[0.1845194,51.5715108]],[[0.1845194,51.5715108],[0.1843677,51.5716288]],[[0.1843677,51.5716288],[0.1843042,51.5716908]],[[0.1843042,51.5716908],[0.1841848,51.5717351],[0.1841619,51.5717669],[0.1841947,51.5718187]],[[0.1840972,51.5719728],[0.1841947,51.5718187]],[[0.1840972,51.5719728],[0.1839905,51.5720178],[0.1839677,51.5720559],[0.1840043,51.5721104]],[[0.1840043,51.5721104],[0.1839175,51.5722244]],[[0.1709937,51.5176019],[0.1710168,51.517623],[0.1710353,51.5176345],[0.17106,51.5176402],[0.1710831,51.5176412],[0.1711123,51.5176383],[0.171137,51.5176306],[0.1711539,51.5176172],[0.1711663,51.517598],[0.1711632,51.517577],[0.1711524,51.5175578],[0.1711324,51.5175348],[0.1710861,51.5174821],[0.1710738,51.5174638],[0.1710661,51.5174447],[0.1710553,51.5174063],[0.1710476,51.517359]],[[0.1742841,51.5168414],[0.1742835,51.516915],[0.1743166,51.5171348],[0.1743186,51.5172411],[0.1743125,51.5172917],[0.1742983,51.5173448],[0.1742637,51.5174245],[0.174217,51.5174903],[0.174158,51.5175624],[0.174095,51.5176231],[0.1738348,51.5175409],[0.1736506,51.5174987],[0.1735035,51.5174586],[0.1731742,51.5173941],[0.1728713,51.5173486],[0.1726962,51.5173253],[0.1725316,51.5173114],[0.1723269,51.5173044],[0.1710476,51.517359]],[[0.1723423,51.5169217],[0.172757,51.5169027],[0.1742841,51.5168414]],[[0.1690959,51.5171632],[0.1693749,51.5170571],[0.1696179,51.5170208],[0.1723423,51.5169217]],[[0.1689571,51.5172291],[0.1690959,51.5171632]],[[0.1688974,51.5172976],[0.1689571,51.5172291]],[[0.168717,51.5179505],[0.1686843,51.5177397],[0.1687339,51.5174855],[0.1688974,51.5172976]],[[0.1688437,51.5190271],[0.168717,51.5179505]],[[0.1688437,51.5190271],[0.1688125,51.5192282],[0.168794,51.5192642],[0.1687746,51.519302],[0.1687366,51.5193761]],[[0.1687366,51.5193761],[0.1686831,51.5193948],[0.1686069,51.5194277],[0.1685586,51.5194576],[0.1685199,51.5195079],[0.1685051,51.5195402],[0.1685026,51.5195663],[0.1685106,51.5195923],[0.1685328,51.5196238],[0.1685648,51.5196644],[0.1686089,51.519699],[0.1687022,51.5197549],[0.1687627,51.5198062],[0.1688281,51.5198716],[0.1688382,51.519887],[0.1689792,51.5202377],[0.1689884,51.5202761],[0.1689839,51.5203399],[0.1689686,51.5204001],[0.1689224,51.5204883],[0.1688734,51.5205414],[0.1688483,51.5205788],[0.1688373,51.5206087],[0.1688269,51.5206455],[0.1688263,51.5206867],[0.1688454,51.520728],[0.1688823,51.520774],[0.1689543,51.5208232]],[[0.1689543,51.5208232],[0.1690083,51.5209502],[0.1690343,51.5210265],[0.1690457,51.5210637],[0.1690531,51.5210958],[0.1692267,51.5222335]],[[0.1692267,51.5222335],[0.1693437,51.5230029],[0.1695337,51.5242501]],[[0.1695337,51.5242501],[0.1695942,51.5245756],[0.1696515,51.5248013],[0.1696907,51.5249103]],[[0.1696907,51.5249103],[0.1697181,51.5249939]],[[0.1697181,51.5249939],[0.169721,51.5251],[0.1697151,51.5251322],[0.1696987,51.5251674],[0.1696746,51.5252048],[0.1696288,51.5252474],[0.1695905,51.5252952],[0.1695452,51.525366]],[[0.1695452,51.525366],[0.1694136,51.5253952],[0.1692758,51.5254221]],[[0.1692758,51.5254221],[0.1687165,51.5255947],[0.1681588,51.5256704],[0.1675176,51.5258073]],[[0.1675176,51.5258073],[0.1668058,51.5259517],[0.1667506,51.5259647],[0.1666944,51.5259769],[0.1663182,51.5260549],[0.1662044,51.5260784]],[[0.1662044,51.5260784],[0.1661053,51.5260988],[0.1655354,51.5262244],[0.164381,51.5264574]],[[0.164381,51.5264574],[0.16426275896055928,51.52647918721648]],[[0.1760574,51.5650552],[0.1760455,51.5649817],[0.1760012184924153,51.56473038302274]],[[0.1760574,51.5650552],[0.1760645,51.5651592],[0.1760662,51.5652633]],[[0.1760662,51.5652633],[0.1760611,51.565371],[0.1760642,51.5653982],[0.1760716,51.5654309],[0.176091,51.5654657],[0.1761271,51.5654993]],[[0.1837541,51.5802476],[0.1837385,51.580289],[0.1837323,51.5803314],[0.1837291,51.5803741],[0.1837438,51.5804111],[0.1837844,51.5804586],[0.1838528,51.5805065]],[[0.1838528,51.5805065],[0.1839021,51.5805252],[0.1841124,51.5805902],[0.184206,51.580609]],[[0.184206,51.580609],[0.1843267,51.5806494],[0.1844139,51.5806577],[0.1845487,51.5806492],[0.1846911,51.5806513],[0.1849727,51.5806884]],[[0.1849727,51.5806884],[0.1851811,51.5807967]],[[0.1851811,51.5807967],[0.1852395,51.580827]],[[0.1852395,51.580827],[0.1855336,51.5809819],[0.1856947,51.5810668],[0.1857148,51.5810774]],[[0.1857148,51.5810774],[0.1860438,51.5812506]],[[0.1860438,51.5812506],[0.1861119,51.5812865]],[[0.1861119,51.5812865],[0.1864945,51.581488]],[[0.1864945,51.581488],[0.1866845,51.5815882]],[[0.1866845,51.5815882],[0.1868218,51.5816605],[0.186834,51.5816669],[0.1868877,51.5816929],[0.1869495,51.5817227]],[[0.1869495,51.5817227],[0.1873713,51.5819264]],[[0.1873713,51.5819264],[0.1874876,51.5819825]],[[0.1874876,51.5819825],[0.187596,51.5820349],[0.1876672,51.5820653],[0.1877083,51.5820829]],[[0.1877083,51.5820829],[0.1882268,51.5823041],[0.1883188,51.5823446],[0.188355,51.5823652],[0.1889114,51.5826545]],[[0.1889114,51.5826545],[0.189008,51.5826982]],[[0.189008,51.5826982],[0.1892093,51.5827872]],[[0.1892093,51.5827872],[0.1893012,51.5828272]],[[0.1893012,51.5828272],[0.1893574,51.5828523]],[[0.1893574,51.5828523],[0.1903815,51.5833089]],[[0.1903815,51.5833089],[0.1906103,51.5834093],[0.1910539,51.5836145]],[[0.1910539,51.5836145],[0.1916752,51.5838888]],[[0.1916752,51.5838888],[0.1917887,51.5839345],[0.1918167,51.5839461],[0.1919025,51.5839887]],[[0.1919025,51.5839887],[0.1920232,51.5840486]],[[0.1920232,51.5840486],[0.1921067,51.5840901],[0.1921533,51.5841133],[0.1921966,51.5841349],[0.1922968,51.5841832]],[[0.1922968,51.5841832],[0.1924,51.5842329]],[[0.1924,51.5842329],[0.1924236,51.5842439]],[[0.1924236,51.5842439],[0.1926965,51.584371]],[[0.1926965,51.584371],[0.1929718,51.5844992],[0.1934264,51.5847301],[0.1938688,51.5849424],[0.1939736,51.5849932],[0.1942324,51.5851067],[0.1946337,51.5852782],[0.1949737,51.5854104]],[[0.1949737,51.5854104],[0.1950735,51.5854426],[0.1951512,51.585472],[0.1952516,51.5855117]],[[0.1952516,51.5855117],[0.1953826,51.5855628]],[[0.1953826,51.5855628],[0.1956546,51.5856667]],[[0.1956546,51.5856667],[0.1959373,51.5857757]],[[0.1959373,51.5857757],[0.1961893,51.5858729],[0.1967817,51.5861014],[0.196859,51.5861312],[0.1969871,51.5861594],[0.1972798,51.586224],[0.1975409,51.5862682],[0.1981399,51.5863496],[0.1990354,51.5864547],[0.1991972,51.5864737],[0.199493,51.5865086]],[[0.199493,51.5865086],[0.1995375,51.5865107]],[[0.1995375,51.5865107],[0.1996002,51.5865222],[0.1997325,51.5865357],[0.1999489,51.5865656],[0.1999913,51.5865716],[0.2001924,51.586624],[0.2004335,51.5866786],[0.2005054,51.5866945],[0.201057,51.5868209],[0.2012071,51.5868592],[0.2014352,51.5869273],[0.2018836,51.587076],[0.2021254,51.587154],[0.2021983,51.587174],[0.2022632,51.5871995],[0.2023158,51.5872197],[0.2024332,51.5872648],[0.2027478,51.5873824],[0.2029959,51.5874751],[0.2031527,51.5875247],[0.2032599,51.587561],[0.2040259,51.5878207],[0.2044393,51.5879438],[0.205555,51.5882667],[0.2063867,51.5885077],[0.2069254,51.5886689],[0.2071904,51.5887623],[0.2074618,51.5888892],[0.2076741,51.589014],[0.2079064,51.589188],[0.2082582,51.5894937],[0.2085844,51.5898038]],[[0.2085844,51.5898038],[0.2086682,51.589886]],[[0.2086682,51.589886],[0.2092443,51.5904395],[0.2095729,51.5907062],[0.2098812,51.590931],[0.2099992,51.5910119]],[[0.2099992,51.5910119],[0.2100453,51.5910427],[0.2100726,51.5910619],[0.2101922,51.5911399],[0.2102409,51.5911705],[0.2103425,51.5912382],[0.2104811,51.591333],[0.2107282,51.5914987],[0.2111079,51.5917118],[0.2114567,51.5919083],[0.2117974,51.5920667],[0.2120327,51.5921757],[0.2121669,51.5922404]],[[0.2121669,51.5922404],[0.2123442,51.5923192]],[[0.2123442,51.5923192],[0.2123645,51.5923753],[0.2124037,51.5924017],[0.2124355,51.5924341],[0.2124679,51.5924774],[0.2124805,51.5925092],[0.2124796,51.5925418],[0.2124685,51.5925799]],[[0.2124685,51.5925799],[0.2124399,51.5926214]],[[0.2124399,51.5926214],[0.2124182,51.5926528],[0.2124054,51.5927318],[0.2124313,51.5928096],[0.2124936,51.5928789]],[[0.2124936,51.5928789],[0.2125737,51.5929277],[0.2126717,51.5929616]],[[0.2126717,51.5929616],[0.2127533,51.5929977],[0.2128275,51.5930358],[0.2128906,51.5930723],[0.2129425,51.5931153],[0.2129883,51.5931673],[0.2130242,51.5932214],[0.213081,51.5933304],[0.2130994,51.5934002],[0.2131315,51.5935327]],[[0.2131315,51.5935327],[0.2131453,51.5936411],[0.2131634,51.5937381],[0.2131819,51.5938315]],[[0.2131713,51.5938881],[0.2131819,51.5938315]],[[0.2130894,51.5941605],[0.2131713,51.5938881]],[[0.21293,51.5946327],[0.2129641,51.5945307],[0.212993,51.594419],[0.2130894,51.5941605]],[[0.2128045,51.5949998],[0.21293,51.5946327]],[[0.2124099,51.5963109],[0.2124306,51.596237],[0.212531,51.5958789],[0.2125475,51.5958199],[0.2128045,51.5949998]],[[0.2114087,51.5990348],[0.2114118,51.5989362],[0.211458,51.5988097],[0.2114802,51.5987488],[0.2120966,51.5970583],[0.2123745,51.5963955],[0.2124099,51.5963109]],[[0.2097261,51.6036754],[0.2100095,51.6028941],[0.2102909,51.6021267],[0.2104277,51.6017417],[0.2107385,51.6008971],[0.210819,51.6006716],[0.2110308,51.6000788],[0.2114087,51.5990348]],[[0.2092623,51.6048854],[0.2097261,51.6036754]],[[0.2136259,51.6059307],[0.2128638,51.6056764],[0.2121979,51.6054543],[0.2120916,51.6054232],[0.212077,51.6054189],[0.2117614,51.6053266],[0.2113214,51.6052143],[0.2108395,51.6051136],[0.2103704,51.6050352],[0.2098052,51.6049635],[0.2092623,51.6048854]],[[0.2220932,51.6082357],[0.2218935,51.6082059],[0.2212841,51.6081499],[0.2208275,51.6080856],[0.2207199,51.6080705],[0.2202745,51.6079799],[0.2198394,51.6078736],[0.2195133,51.6077836],[0.2191901,51.6076867],[0.2185344,51.6075027],[0.2182232,51.6074092],[0.2179338,51.607312],[0.2175827,51.6072142],[0.2172333,51.6071101],[0.2165499,51.606886],[0.215322,51.6064957],[0.2152697,51.6064713],[0.214108,51.606085],[0.2138952,51.6060183],[0.2136259,51.6059307]],[[0.2220932,51.6082357],[0.2225872,51.6083413]],[[0.2225872,51.6083413],[0.2226083,51.6083741],[0.2226572,51.608443]],[[0.2226572,51.608443],[0.2227464,51.6084711],[0.2228681,51.6084859]],[[0.2228681,51.6084859],[0.2229621,51.6084745],[0.2230373,51.608451]],[[0.2230373,51.608451],[0.2233839,51.6084729]],[[0.2257051,51.6088585],[0.2251092,51.6087993],[0.2246374,51.6087517],[0.2246216,51.6087508],[0.2244965,51.6087384],[0.2241486,51.6086757],[0.2238487,51.6086055],[0.2236665,51.6085595],[0.2235796,51.6085376],[0.2233839,51.6084729]],[[0.2258924,51.6088771],[0.2257791,51.6088658],[0.2257051,51.6088585]],[[0.2300486,51.6092783],[0.2297811,51.6092559],[0.2296154,51.6092466],[0.2294175,51.6092271],[0.2290648,51.6091924],[0.2288704,51.6091733],[0.2285682,51.6091435],[0.2282007,51.6091081],[0.2277814,51.6090685],[0.2276208,51.6090522],[0.2275036,51.6090415],[0.2271379,51.6090002],[0.226885,51.6089712],[0.2264925,51.6089328],[0.2263391,51.6089178],[0.2261969,51.6089039],[0.2258924,51.6088771]],[[0.2377983,51.6089912],[0.2369282,51.6091798],[0.2367531,51.6092166],[0.2360677,51.6093628],[0.235716,51.6094317],[0.235366,51.6094888],[0.235009,51.6095327],[0.2346655,51.6095554],[0.2345472,51.6095632],[0.2343829,51.609574],[0.2340612,51.6095864],[0.2337567,51.609588],[0.2332106,51.6095709],[0.2327781,51.6095381],[0.2325846,51.6095203],[0.2322887,51.6094926],[0.2318568,51.6094517],[0.2313463,51.6093981],[0.231212,51.6093888],[0.230941,51.6093643],[0.2303614,51.6093098],[0.2300486,51.6092783]],[[0.2380827,51.6037262],[0.2381371,51.60384],[0.238197,51.6039745],[0.2382263,51.6040974],[0.2382336,51.6041559],[0.2382388,51.6041981],[0.2382402,51.6043044],[0.2382167,51.6044136],[0.2381808,51.6045138],[0.2381646,51.6045594],[0.2381295,51.6046584],[0.2380683,51.6048308],[0.2380521,51.6048804],[0.2380204,51.6049775],[0.2379803,51.6050766],[0.2379416,51.6051923],[0.2378654,51.6054198],[0.2378263,51.605547],[0.237772,51.6057723],[0.2377646,51.6058086],[0.2377404,51.6059094],[0.2377144,51.6060732],[0.2377007,51.606137],[0.2376804,51.6062619],[0.2376664,51.6064129],[0.2376546,51.6065824],[0.2376526,51.6066115],[0.2376253,51.6069756],[0.2376198,51.6070526],[0.2376149,51.6071208],[0.2376004,51.6073219],[0.2375829,51.6075888],[0.2375784,51.6076573],[0.2375773,51.6076792],[0.2375769,51.6076883],[0.2375559,51.6079444],[0.2375457,51.6080691],[0.2375527,51.6082188],[0.2375716,51.6083943],[0.2375895,51.6084639],[0.2376291,51.6086077],[0.2376801,51.6087511],[0.2377983,51.6089912]],[[0.2438168,51.603622],[0.2436524,51.6036425],[0.2434676,51.6036377],[0.2432195,51.6036304],[0.2420239,51.6036016],[0.240825,51.6035735],[0.240559,51.6035662],[0.2402601,51.6035659],[0.2395438,51.603565],[0.2390898,51.6035896],[0.2387039,51.6036231],[0.2383238,51.6036808],[0.2380827,51.6037262]],[[0.2438168,51.603622],[0.2440391,51.6040139],[0.2441096,51.6041382],[0.2441194,51.604206],[0.2441155,51.6042803],[0.2440626,51.6044164],[0.2440322,51.6044961],[0.243982,51.6045967],[0.2438879,51.6047955],[0.2438366,51.6048942],[0.2438118,51.6049537],[0.2437972,51.6049888],[0.2437635,51.6050699]],[[0.2131423,51.5293106],[0.213426,51.5293128],[0.2137548,51.5293023]],[[0.2146027,51.5258995],[0.2144201,51.5266326],[0.2141929,51.5275445],[0.2140596,51.5280793],[0.2140229,51.5282263],[0.2139311,51.528595],[0.2137548,51.5293023]],[[0.2146027,51.5258995],[0.2149413,51.5259294],[0.2153182,51.5259577],[0.2160729,51.5260358],[0.2162233,51.5260569],[0.217278,51.5261742]],[[0.217278,51.5261742],[0.2173352,51.5259519],[0.2173723,51.5258325],[0.2174175,51.525725],[0.2174742,51.5255774],[0.2179375,51.5244216],[0.2180229,51.5241855],[0.2181295,51.5239057],[0.218253,51.5234832],[0.2182956,51.5233374],[0.2183338,51.5232066],[0.218433,51.5228672]],[[0.2057541,51.5205134],[0.2061626,51.520543],[0.2063605,51.5205822],[0.206787,51.5206753],[0.2077881,51.5208879],[0.208028,51.5209393],[0.2082188,51.5209784],[0.2084274,51.5210214],[0.2085455,51.521044],[0.2089089,51.5211137],[0.2096371,51.5212534],[0.2101868,51.5213821],[0.2118913,51.5217728],[0.2126593,51.5219308],[0.2129423,51.5219905],[0.2129804,51.5219984],[0.2130264,51.522008],[0.2133115,51.522067],[0.2146954,51.5223538],[0.2149236,51.5224011],[0.215386,51.5224939],[0.2155465,51.5225261],[0.2162647,51.5226339],[0.2167814,51.5226932],[0.2177995,51.5227921],[0.218433,51.5228672]],[[0.1980626,51.5196616],[0.1980883,51.5196634],[0.1987812,51.5197326],[0.1991639,51.5197735],[0.1994356,51.5198018],[0.1997596,51.5198298],[0.1999585,51.5198348],[0.2004035,51.5198375],[0.2005079,51.5198398],[0.2007946,51.5198453],[0.2010612,51.5198505],[0.2012974,51.5198616],[0.2015597,51.5198975],[0.2018325,51.5199586],[0.202193,51.5200666],[0.2023822,51.5201116],[0.2025232,51.5201383],[0.2028462,51.5201837],[0.2029447,51.5201976],[0.2033029,51.520246],[0.2036608,51.5202894],[0.2039621,51.5203279],[0.2042746,51.5203636],[0.204558,51.5203994],[0.204959,51.5204522],[0.2051813,51.5204816],[0.2054683,51.5205015],[0.2057541,51.5205134]],[[0.1980626,51.5196616],[0.1977498,51.5196358],[0.1971082,51.5195565],[0.1963795,51.5194485],[0.196212,51.5194244],[0.1958396,51.5193683],[0.1956365,51.5193332],[0.1954068,51.5192823],[0.1953433,51.5192701],[0.1952843,51.5192561],[0.19511,51.5192159],[0.1950263,51.5191965],[0.194905,51.5191693],[0.194298,51.5190319],[0.1939833,51.5189562],[0.1939109,51.5189388]],[[0.1939109,51.5189388],[0.1937056,51.5188852],[0.1936547,51.5188728]],[[0.1936547,51.5188728],[0.1934464,51.5188199],[0.1932291,51.5187627],[0.1927706,51.5186429],[0.1926497,51.5186092],[0.1924914,51.5185608],[0.1923359,51.5185244],[0.1921347,51.5184774],[0.191904,51.5184223],[0.1916599,51.5184073],[0.1914051,51.5184106],[0.1908666,51.518479],[0.1908262,51.5184846],[0.1906598,51.5184982],[0.190523,51.5185114],[0.1904079,51.5185041],[0.1902807,51.5184728],[0.1902232,51.5184551],[0.1901854,51.5184434],[0.1901197,51.5184255]],[[0.1893421,51.5198596],[0.1894044,51.5198633],[0.189466,51.5198562],[0.1895221,51.5198388],[0.1895682,51.5198124]],[[0.1895682,51.5198124],[0.1895953,51.5197864],[0.1896125,51.5197572]],[[0.1896125,51.5197572],[0.1896987,51.5197226],[0.1897528,51.5197053],[0.1897882,51.519689],[0.18983,51.5196594]],[[0.18983,51.5196594],[0.1899098,51.5196483],[0.1900704,51.5196297],[0.1902222,51.5196024],[0.1903349,51.519568],[0.1904155,51.5195409],[0.1904704,51.5195124]],[[0.1904704,51.5195124],[0.1908782,51.5194739],[0.1909157,51.5194623],[0.1909426,51.5194456],[0.1909613,51.5194222],[0.190964,51.5194038],[0.1909667,51.5193855],[0.1909613,51.5193638],[0.1909506,51.5193404],[0.1909159,51.5192399]],[[0.1904704,51.5195124],[0.1905656,51.5194427],[0.1908567,51.5192774],[0.1909159,51.5192399]],[[0.18983,51.5196594],[0.1897678,51.5196375],[0.1897167,51.519636]],[[0.1897167,51.519636],[0.1895509,51.5196239]],[[0.1895509,51.5196239],[0.1894924,51.5195984],[0.189424,51.5195857]],[[0.189424,51.5195857],[0.1893811,51.5195848],[0.1893387,51.5195889],[0.1892984,51.5195981],[0.1892616,51.5196118]],[[0.1898541,51.5216127],[0.1897598,51.5216284],[0.1894931,51.5217176],[0.1893614,51.5217612]],[[0.1893614,51.5217612],[0.1890347,51.5217724],[0.1889625,51.5217752],[0.1888882,51.5217778],[0.1884895,51.521791],[0.1881969,51.5218002]],[[0.1881969,51.5218002],[0.1880337,51.5218071]],[[0.1880337,51.5218071],[0.1877112,51.5218272],[0.1871795,51.5218683],[0.1867622,51.5219132],[0.1867151,51.5219185],[0.1864843,51.5219468]],[[0.1864843,51.5219468],[0.1862484,51.5219758],[0.1861814,51.5219879],[0.1861075,51.522001],[0.185879,51.5220367]],[[0.185879,51.5220367],[0.1858246,51.5220452],[0.1857508,51.5220573],[0.1850679,51.5221799],[0.1846633,51.5222484],[0.1838374,51.5223911],[0.1830383,51.5225372],[0.1827809,51.5225819],[0.1824124,51.5226664]],[[0.1824124,51.5226664],[0.1822386,51.5227079],[0.1821119,51.5227422],[0.1818897,51.5228023]],[[0.1818897,51.5228023],[0.1816998,51.5227773],[0.1816641,51.5227852],[0.1816015,51.5227991],[0.1815339,51.5228142]],[[0.1815339,51.5228142],[0.1814878,51.522826]],[[0.1814878,51.522826],[0.1812489,51.5228728]],[[0.1812489,51.5228728],[0.1809664,51.5229362]],[[0.1809664,51.5229362],[0.1801532,51.5231367],[0.180109,51.5231476],[0.1799002,51.5231946],[0.1795456,51.5232744],[0.1792573,51.5233393],[0.1791914,51.5233538],[0.1788995,51.5234197],[0.1788243,51.5234366],[0.1784585,51.5235189],[0.1780209,51.5236174],[0.1777046,51.5236857],[0.1774734,51.5237365],[0.1771338,51.5238111],[0.176964,51.5238484],[0.1767979,51.5238844],[0.1764713,51.5239564],[0.1751675,51.5242493],[0.1744635,51.5243938]],[[0.1744635,51.5243938],[0.1740015,51.5244917],[0.1739515,51.5245022],[0.1738797,51.5245167],[0.1736167,51.524573]],[[0.1736167,51.524573],[0.1733914,51.5246145],[0.171958,51.5248942],[0.1718516,51.5249149],[0.1717179,51.5249425]],[[0.1717179,51.5249425],[0.1715095,51.524978],[0.171217,51.5250348]],[[0.171217,51.5250348],[0.1709355,51.525086],[0.1704043,51.5251838]],[[0.1704043,51.5251838],[0.1702341,51.5252174],[0.1701889,51.5252267],[0.1701317,51.5252386],[0.1699377,51.5252786]],[[0.1699377,51.5252786],[0.1695452,51.525366]],[[0.1835492,51.5745459],[0.183538,51.5746287],[0.1835567,51.5746587],[0.1835798,51.5746725],[0.1836139,51.5746819],[0.1837117,51.57469]],[[0.1792568,51.6038405],[0.179822,51.6038691],[0.1799887,51.6038596],[0.1800687,51.6038486],[0.1801532,51.6038369],[0.1802384,51.6038141],[0.1802841,51.6038019],[0.1804535,51.6037585]],[[0.1804535,51.6037585],[0.1804522,51.6038671],[0.1804595,51.6038999],[0.1804707,51.6039509],[0.1805058,51.60411],[0.1804889,51.6043582],[0.1804201,51.6046283],[0.1803188,51.6048335],[0.180255,51.6049395],[0.1801725,51.6050682],[0.1801228,51.6051459],[0.1799456,51.605383],[0.1798576,51.6054885],[0.1797907,51.6055675],[0.1795763,51.605776],[0.179322,51.6060301],[0.1790379,51.6062885],[0.1790034,51.6063216],[0.1784697,51.60687],[0.178418,51.6071431],[0.1783625,51.6078961],[0.1782981,51.6084691],[0.1781693,51.6089755],[0.1781161,51.6091048],[0.1779333,51.6095485],[0.1779699,51.6098273]],[[0.1779699,51.6098273],[0.1781693,51.6100549],[0.1789204,51.610388],[0.1797572,51.6108677],[0.1801864,51.6112675],[0.1804653,51.6118271],[0.1805236,51.612058],[0.1805487,51.6121577],[0.1806412,51.6125242],[0.1807175,51.6128262],[0.1807266,51.6129047],[0.1807364,51.6129901],[0.1808001,51.6134418],[0.1808157,51.6135829],[0.1808515,51.6139058],[0.1808597,51.6140387],[0.1808629,51.6140916],[0.180875,51.614289],[0.1808884,51.6145085],[0.1809159,51.6149584],[0.1810018,51.6151449],[0.1811271,51.61524],[0.1811949,51.6152915],[0.1814524,51.615398],[0.1816761,51.6154278],[0.1817528,51.615438],[0.1820782,51.6154436],[0.1825252,51.6154513],[0.1828471,51.6155446],[0.1834004,51.6157462],[0.1834644,51.6157812],[0.1835013,51.6158161]],[[0.1835013,51.6158161],[0.1835214,51.6158885],[0.183506,51.6159933]],[[0.183506,51.6159933],[0.1832635,51.6168021]],[[0.1832635,51.6168021],[0.1830992,51.6171468],[0.1829107,51.6174938],[0.1828831,51.6175446],[0.1828582,51.617618],[0.1828454,51.6177277],[0.1828588,51.6180662]],[[0.1828588,51.6180662],[0.1828234,51.6181689],[0.1825871,51.6185308],[0.1825101,51.6186788],[0.1824709,51.6187542],[0.1824054,51.6189038],[0.1823765,51.6190197],[0.1823565,51.6191377],[0.1823729,51.6192647],[0.1824229,51.619381],[0.182507,51.6195273],[0.1826549,51.6196881],[0.1833467,51.620256],[0.1835335,51.6204309],[0.1837303,51.6206674],[0.1837974,51.6207477],[0.1839873,51.620975],[0.1841129,51.6211124],[0.1845056,51.6214345],[0.1846749,51.6215445],[0.185889,51.6222367],[0.186571,51.6226255],[0.1870507,51.6228902],[0.1872441,51.6229969],[0.1875373,51.6231587],[0.1886836,51.6237913],[0.1889684,51.6239581],[0.1892089,51.6241229],[0.1893004,51.6242106],[0.1894032,51.6243159],[0.1895848,51.6245609],[0.1896499,51.6246566],[0.18968,51.6247363],[0.1897015,51.6248165],[0.1897061,51.6248615],[0.1897124,51.6249236],[0.189708,51.625004],[0.18968987698170242,51.625061620130694]],[[0.1826386,51.5685525],[0.1826546,51.5685838],[0.1826853,51.5686104],[0.1827278,51.5686299],[0.1827779,51.5686403],[0.1828307,51.5686406],[0.182881,51.5686307]],[[0.182881,51.5686307],[0.182915,51.5686167],[0.1829426,51.5685981],[0.1829622,51.5685759],[0.1829728,51.5685515]],[[0.1829728,51.5685515],[0.1829735,51.5685257],[0.1829641,51.5685005],[0.182945,51.5684776],[0.1829176,51.5684582]],[[0.1889114,51.5826545],[0.18885,51.5826748],[0.1888118,51.5827076],[0.1884798,51.5829934],[0.1882632,51.5831768],[0.1882243,51.583211],[0.1881101,51.5833175],[0.1874932,51.5838526],[0.1873567,51.5839741],[0.1871843,51.5842193],[0.1871773,51.5842298],[0.1870944,51.5844374],[0.1868715,51.585078],[0.1867117,51.5853198],[0.1865282,51.5855436],[0.1862803,51.5858684],[0.1861699,51.5860859],[0.1861533,51.5862141],[0.1861514,51.5863676],[0.186203,51.5866472],[0.1861572,51.5868703],[0.1858212,51.5872472],[0.1852497,51.5878143],[0.184749,51.5882742],[0.1843088,51.588715],[0.1842046,51.5888162],[0.183919,51.5890887],[0.1837537,51.5892584],[0.1835032,51.5895385],[0.1832154,51.5899137],[0.1829651,51.590258],[0.1827785,51.5905386],[0.1826049,51.5908562],[0.1824913,51.5910886],[0.1823878,51.5913097],[0.182256,51.591552],[0.1820973,51.5918494],[0.1820661,51.5919078],[0.1820027,51.5920366]],[[0.1820027,51.5920366],[0.1819359,51.5921427],[0.1819197,51.5921653],[0.1818186,51.5922709]],[[0.1818186,51.5922709],[0.1817536,51.5924049]],[[0.1817536,51.5924049],[0.18171,51.592457],[0.18168,51.592486],[0.1816504,51.5925152]],[[0.1776348,51.5998839],[0.1780783,51.6002904],[0.1781487,51.600355],[0.1782337,51.6004329],[0.1787207,51.6007519],[0.1788989,51.6008594],[0.1794568,51.6012726],[0.179843,51.6017124],[0.1800616,51.6020556],[0.1801385,51.6022115],[0.180182,51.6022997],[0.1803861,51.6027489],[0.1804124,51.6028208],[0.1804527,51.6030216],[0.1804834,51.6033826],[0.1804673,51.6035484],[0.180464,51.603582],[0.1804535,51.6037585]],[[0.1804535,51.6037585],[0.180639,51.6037131],[0.1806869,51.6037071],[0.1810814,51.6036576],[0.1815248,51.6035752],[0.1841624,51.6030666],[0.184235,51.6030441],[0.1843447,51.6030342],[0.1844638,51.6030254],[0.1848599,51.6029891],[0.1856154,51.602963],[0.1856843,51.6029606],[0.1857625,51.6029583],[0.1863293,51.6029419],[0.1882313,51.6028953],[0.1889842,51.6028766],[0.1891424,51.6028655],[0.1892159,51.6028631],[0.1893081,51.6028626],[0.1894352,51.6028716],[0.189845,51.6028773],[0.1909493,51.6029301],[0.1916412,51.6029758],[0.1919023,51.6029931],[0.1926371,51.6030905],[0.193171,51.6031613],[0.193812,51.6032463]],[[0.193812,51.6032463],[0.1939674,51.6032922],[0.1951263,51.6036345],[0.1956955,51.6038569],[0.1970437,51.6043576],[0.1989189,51.6050855],[0.2009523,51.6061391],[0.2014647,51.606452],[0.2017612,51.6066458],[0.2026223,51.6072335],[0.2032392,51.6076091],[0.2051616,51.6086298],[0.2054635,51.6087901],[0.2064353,51.6093079],[0.2065451,51.6093781]],[[0.2065451,51.6093781],[0.206705,51.6095123],[0.20712,51.6097659],[0.2074294,51.6099829]],[[0.2074294,51.6099829],[0.2074291,51.61002],[0.2074485,51.6100551],[0.207487,51.610085],[0.2075396,51.610105],[0.2076001,51.6101128],[0.2076326,51.610111],[0.2076611,51.6101072]],[[0.2076611,51.6101072],[0.2077669,51.6101264],[0.207896,51.6101799],[0.2080207,51.6102416],[0.2083107,51.6103745],[0.2085066,51.6104361]],[[0.2085066,51.6104361],[0.2092611,51.6108505]],[[0.2092611,51.6108505],[0.2092153,51.6108907],[0.2091975,51.6109258],[0.2092036,51.6109899],[0.2092253,51.6110208],[0.2092667,51.6110526],[0.2093389,51.6110803],[0.2094155,51.6110894],[0.2094926,51.6110817],[0.2095398,51.6110675]],[[0.2095398,51.6110675],[0.2096692,51.6111753],[0.2108616,51.6123487],[0.2109626,51.612448],[0.2110923,51.6125575],[0.2112408,51.6126619],[0.2118941,51.6129532],[0.212368,51.613166]],[[0.212368,51.613166],[0.2128397,51.6133717],[0.2134286,51.613638],[0.2148242,51.6142555],[0.2150171,51.6143471],[0.2157846,51.6147063],[0.2162248,51.6149619],[0.2169679,51.6154278],[0.217115,51.6155191]],[[0.2188126,51.6127195],[0.2188193,51.6128243],[0.2188209,51.6128499],[0.2188217,51.6129869],[0.2188197,51.6131246],[0.2187833,51.6132641],[0.2187553,51.6134164],[0.2187249,51.6135618],[0.2187011,51.6136501],[0.2186942,51.6136928],[0.2186821,51.6137669],[0.2186611,51.6138964],[0.2185971,51.6142983],[0.2185831,51.6143614],[0.2185628,51.6144226],[0.2184937,51.6145666],[0.2183313,51.6147624],[0.2181859,51.6148777],[0.2180163,51.6150023],[0.2176702,51.6152049],[0.2175094,51.6152935],[0.217257,51.6154316],[0.217115,51.6155191]],[[0.2182637,51.6109973],[0.2182489,51.6110482],[0.2182285,51.6111739],[0.2182363,51.6113404],[0.2182917,51.6115117],[0.2183021,51.6115437],[0.2185544,51.6119829],[0.2186486,51.6121665],[0.2187359,51.6123976],[0.218777,51.612561],[0.2187975,51.6126523],[0.2188126,51.6127195]],[[0.2225746,51.6086844],[0.2224076,51.6088254],[0.2223884,51.6088416],[0.2221883,51.6089945],[0.221927,51.6091399],[0.2217688,51.6092087],[0.2215972,51.6092729],[0.2213333,51.6093506],[0.2212884,51.609365],[0.2209739,51.6094519],[0.2204331,51.6096081],[0.2202264,51.6096696],[0.2199736,51.6097713],[0.2199119,51.6097961],[0.2195045,51.6099973],[0.2193414,51.6100815],[0.2187947,51.6103635],[0.2186785,51.6104581],[0.2186067,51.6105165],[0.2184325,51.6106823],[0.2183254,51.6108351],[0.2182637,51.6109973]],[[0.2225746,51.6086844],[0.2228681,51.6084859]],[[0.2230373,51.608451],[0.2231055,51.608386],[0.2231321,51.608307]],[[0.2231321,51.608307],[0.2230946,51.6082319],[0.2230589,51.6081914]],[[0.2230589,51.6081914],[0.2229348,51.6081513],[0.2228115,51.6081421]],[[0.2228115,51.6081421],[0.2227102,51.6081741],[0.222618,51.608227]],[[0.222618,51.608227],[0.222255,51.608233],[0.2220932,51.6082357]],[[0.2097261,51.6036754],[0.2087647,51.6035366],[0.2082816,51.6034708],[0.2078224,51.6034076],[0.2075859,51.6033726],[0.206821,51.6032535],[0.2066216,51.6032282],[0.2062544,51.6031416],[0.2052884,51.6028601],[0.2044335,51.6024998],[0.2041934,51.6023877],[0.203972,51.6022718],[0.2037589,51.6021455],[0.203698,51.6020794],[0.2036638,51.6019998],[0.2036627,51.6019289],[0.203704,51.601859],[0.203783,51.6017701],[0.2040265,51.6015029],[0.2040776,51.6013998],[0.2041098,51.6012981],[0.2041356,51.6011989],[0.2041405,51.6010998],[0.2041129,51.6009753],[0.2040982,51.6009385],[0.2040664,51.6008593],[0.2039854,51.6007341],[0.2039017,51.6006375],[0.2036541,51.600457],[0.2035824,51.6003795],[0.2035241,51.6003041],[0.2033061,51.5999985]],[[0.2033061,51.5999985],[0.2040793,51.5997936],[0.2042145,51.5997578],[0.2042994,51.5997359],[0.2047524,51.5996188],[0.205035,51.5995431],[0.2052729,51.5994804],[0.2054208,51.5994412],[0.205818,51.5993357],[0.2060514,51.5992738],[0.2061862,51.599238],[0.2064021,51.5991811],[0.2069592,51.5990313],[0.2074833,51.5988904],[0.2079214,51.5987697],[0.208172,51.5987096],[0.2084226,51.5986592],[0.2085673,51.5986471],[0.2087033,51.5986596],[0.2089684,51.5986858],[0.2091935,51.5987151],[0.2094168,51.5987497],[0.2095384,51.5987696],[0.2104034,51.59889],[0.2107079,51.5989327],[0.2111271,51.5989945],[0.2114087,51.5990348]],[[0.2131819,51.5938315],[0.213201,51.5937361],[0.2132146,51.5936385],[0.2132167,51.5935345]],[[0.2132167,51.5935345],[0.2132092,51.5934768],[0.2131895,51.5933923],[0.2131721,51.5933354],[0.213147,51.5932661]],[[0.213147,51.5932661],[0.2131482,51.5932024],[0.2131556,51.5931555],[0.2131717,51.593104],[0.213189,51.5930602],[0.2132137,51.5930133],[0.2132397,51.5929672],[0.2133043,51.5928782]],[[0.2133043,51.5928782],[0.2134173,51.5928636],[0.2135428,51.592851],[0.2136683,51.5928376]],[[0.2143378,51.5930203],[0.2142405,51.5929865],[0.2141914,51.5929695],[0.2141137,51.5929475],[0.2138239,51.5928709],[0.2136683,51.5928376]],[[0.2143378,51.5930203],[0.2143897,51.5930601],[0.2146004,51.593127]],[[0.2146004,51.593127],[0.215405,51.5934015]],[[0.215405,51.5934015],[0.2157247,51.5935059],[0.2159161,51.5935643]],[[0.2159161,51.5935643],[0.2190193,51.5944917]],[[0.2190193,51.5944917],[0.2191452,51.5944579],[0.2192334,51.5944837],[0.2193033,51.5945021],[0.2193834,51.5944761]],[[0.2193834,51.5944761],[0.2193789,51.5944634]],[[0.2195293,51.594262],[0.2194313,51.5942914],[0.2193996,51.594324],[0.2193689,51.5943626],[0.2193391,51.5943965],[0.2193789,51.5944634]],[[0.2195293,51.594262],[0.2196897,51.5940929]],[[0.2196897,51.5940929],[0.2198152,51.5939421]],[[0.2198152,51.5939421],[0.22001,51.5936979],[0.2202017,51.593455],[0.2205829,51.5929575],[0.2207691,51.5927183],[0.2209563,51.5924796]],[[0.2209563,51.5924796],[0.2210044,51.5924134]],[[0.2210044,51.5924134],[0.2210212,51.5923415],[0.2209925,51.5922833]],[[0.2209925,51.5922833],[0.2208818,51.592248],[0.220637,51.5921805],[0.2205777,51.5921634],[0.2205078,51.5921432],[0.2204006,51.5921124],[0.2201865,51.5920713],[0.2199803,51.5920426]],[[0.2199803,51.5920426],[0.2199276,51.5921308],[0.2198422,51.5922738]],[[0.2198422,51.5922738],[0.21979,51.5923498],[0.2198275,51.5924631],[0.2199012,51.5925409]],[[0.1781992,51.5798215],[0.1781308,51.5798]],[[0.1781308,51.5798],[0.1780799,51.5797791],[0.1780423,51.5797641],[0.177986,51.5797275],[0.1779511,51.5796965],[0.1779082,51.5796465],[0.1778465,51.579569],[0.1776481,51.5792883],[0.1773794,51.5789059],[0.1773516,51.5788499],[0.1773294,51.5788051],[0.177242,51.5786295],[0.1771816,51.5784485],[0.177157,51.5783747],[0.1771152,51.5781679],[0.1770973,51.5779001],[0.1771036,51.5776866],[0.1771847,51.5771708],[0.1771815,51.5770143],[0.1771768,51.5769572],[0.1771743,51.5769211],[0.177177,51.5768901],[0.1771819,51.57687],[0.1771925,51.5768433],[0.1772086,51.5768201],[0.1772261,51.5767966],[0.1772496,51.5767746],[0.1772644,51.5767609]],[[0.1772644,51.5767609],[0.1772971,51.5767339],[0.1773791,51.5766938]],[[0.1773791,51.5766938],[0.1774484,51.576678],[0.1775515,51.5766316],[0.1776124,51.5765793],[0.1776254,51.576552]],[[0.1776254,51.576552],[0.177662,51.576501],[0.177666,51.5764576],[0.177653,51.5764079]],[[0.177653,51.5764079],[0.1776564,51.5762945],[0.1776993,51.5761353],[0.1777302,51.5760594],[0.1777969,51.5759244],[0.178093,51.5753043]],[[0.178093,51.5753043],[0.178762,51.573967],[0.1788166,51.5738648]],[[0.1788166,51.5738648],[0.1788549,51.5737861]],[[0.1788549,51.5737861],[0.1790373,51.5734929]],[[0.1790373,51.5734929],[0.1791605,51.5732785],[0.1792428,51.5731386],[0.1792653,51.5731004],[0.1794165,51.5728433],[0.1797169,51.5724663],[0.1800439,51.5721561],[0.1803804,51.571858],[0.1804577,51.5717786],[0.1805153,51.5717335],[0.1805918,51.571696],[0.180636,51.5716735],[0.1807071,51.571641],[0.1808068,51.5716215]],[[0.1811304,51.5715591],[0.1811631,51.5715428],[0.1812182,51.5714941],[0.1812656,51.5714104],[0.1812606,51.5713111]],[[0.1812606,51.5713111],[0.1812378,51.571258]],[[0.1812378,51.571258],[0.1812048,51.5712294],[0.1811171,51.5711692],[0.1809918,51.5711266],[0.1808554,51.5711131],[0.1808016,51.5711152]],[[0.1808016,51.5711152],[0.180751,51.5711171]],[[0.180751,51.5711171],[0.1806443,51.5710971],[0.1805396,51.5710775],[0.1803235,51.571049],[0.1801948,51.5710269],[0.1801606,51.5710237],[0.1800186,51.5710369]],[[0.1810079,51.5689643],[0.1809301,51.5688982],[0.1809222,51.5688915],[0.1808535,51.5688332]],[[0.1808535,51.5688332],[0.1808568,51.5687721],[0.1809964,51.5685918],[0.1810906,51.5685236]],[[0.1810906,51.5685236],[0.181404,51.5684514],[0.1817676,51.568447],[0.1819127,51.5684576],[0.1819607,51.5685203],[0.1819596,51.5686079]],[[0.1829728,51.5685515],[0.1830642,51.5685656],[0.1831527,51.5685784],[0.1834367,51.5687522],[0.1836086,51.5688573],[0.1837531,51.5689457],[0.1839437,51.5689802]],[[0.1839437,51.5689802],[0.1843438,51.5686645],[0.1846068,51.5684511],[0.1847419,51.5682861],[0.1848621,51.5681473]],[[0.1856953,51.5670226],[0.1858375,51.5668454],[0.1859045,51.5666745],[0.1859348,51.5665464]],[[0.1859348,51.5665464],[0.1859427,51.5662493]],[[0.1859427,51.5662493],[0.185859,51.5658843]],[[0.185859,51.5658843],[0.1858283,51.5657955],[0.1858167,51.565762]],[[0.1858167,51.565762],[0.1857628,51.5656321]],[[0.1857134,51.5656352],[0.1850053,51.5656411],[0.1847573,51.5656414],[0.1846363,51.5656563]],[[0.207063,51.5536406],[0.2072554,51.5539252],[0.2072977,51.5539927],[0.2073759,51.5541177],[0.2073893,51.5541428],[0.2074926,51.5543577],[0.2075725,51.5545658],[0.2075851,51.5545957],[0.2076996,51.5549362],[0.2078733,51.555417],[0.2079258,51.5555491],[0.2079954,51.5557134],[0.2080331,51.5557988],[0.2083497,51.5565772],[0.2084672,51.5568906],[0.2086879,51.5575446],[0.2087312,51.5576765],[0.2088049,51.5579191],[0.2088608,51.5581006],[0.2088799,51.5581611],[0.2089714,51.5583633],[0.209092,51.5585534],[0.2092234,51.558726],[0.2095705,51.5591233],[0.209715,51.5593185],[0.2097342,51.5593445],[0.2098193,51.5594671],[0.209874,51.5595331],[0.210274,51.5600783],[0.2103962,51.5603761],[0.2104959,51.5606265],[0.2105643,51.5607815],[0.2106412,51.5609098],[0.2107606,51.5610526],[0.21088,51.5611766],[0.2112219,51.5614273],[0.211468,51.5616101],[0.2116414,51.5617443],[0.2119283,51.5619776],[0.2125381,51.5625301],[0.2125738,51.5625631],[0.2126634,51.5626538],[0.2126863,51.5626771],[0.2127127,51.5627076],[0.2127506,51.56275],[0.2127853,51.5628374],[0.2128097,51.5629269]],[[0.207063,51.5536406],[0.2069282,51.5536639],[0.2068745,51.5536695],[0.2068351,51.5536682],[0.2067873,51.5536595],[0.2066915,51.553634],[0.2060424,51.5534211],[0.2055596,51.55325],[0.205301,51.5531563],[0.2028327,51.5523113],[0.2027891,51.5522964],[0.2027561,51.5522851],[0.2001605,51.5513943],[0.1991124,51.5510409],[0.1989797,51.5509952]],[[0.1989797,51.5509952],[0.1989945,51.5509633],[0.1989856,51.5509305],[0.1989547,51.5509033],[0.198908,51.5508871]],[[0.198908,51.5508871],[0.1989482,51.5507799],[0.1991245,51.550372]],[[0.1991245,51.550372],[0.1993464,51.5498923],[0.1994297,51.5496971]],[[0.1994297,51.5496971],[0.1994978,51.5495412],[0.1995846,51.5493426],[0.1996789,51.5491269],[0.1998301,51.5487809],[0.1998628,51.5487061],[0.1999113,51.5485951]],[[0.1999113,51.5485951],[0.1999711,51.5486005],[0.2000306,51.5485939],[0.2000838,51.5485761],[0.2001253,51.5485488],[0.2001509,51.5485148],[0.2001569,51.5484683],[0.2001336,51.548424],[0.2000845,51.5483887],[0.2000174,51.548368]],[[0.2000174,51.548368],[0.1999334,51.548366],[0.1998562,51.5483866]],[[0.1998562,51.5483866],[0.1996875,51.5482463],[0.1993906,51.5479915],[0.1990034,51.5476628],[0.1979895,51.5468172],[0.1972659,51.5462137]],[[0.1972659,51.5462137],[0.1971153,51.5458953]],[[0.1971153,51.5458953],[0.1971259,51.5458437],[0.1971132,51.5457923],[0.1970636,51.5457321],[0.1969829,51.5456869],[0.1968693,51.5456612]],[[0.1968693,51.5456612],[0.1963825,51.5454611]],[[0.1963825,51.5454611],[0.1952809,51.5445388],[0.1951978,51.5444614],[0.1951521,51.5443803],[0.1951706,51.5442346],[0.1952163,51.5441456]],[[0.1952163,51.5441456],[0.1947848,51.5441121]],[[0.1959765,51.537465],[0.1954014,51.5380185],[0.1953432,51.5380769],[0.1952433,51.5381454],[0.195155,51.5381935],[0.1939073,51.5387298],[0.1937831,51.5387858],[0.1932279,51.5390363],[0.1929778,51.5392263],[0.1929341,51.5392704],[0.1928123,51.5393934],[0.1927044,51.5395402],[0.1926876,51.539579],[0.1926135,51.5397507],[0.1925757,51.5399039],[0.1925725,51.5399719],[0.1925641,51.5400913],[0.1925921,51.5402498],[0.1926517,51.5403823],[0.1928642,51.540829],[0.1928793,51.5408538],[0.1928952,51.54088],[0.1930193,51.5410839],[0.1931167,51.5412441],[0.1933415,51.5415126],[0.1935634,51.5417242],[0.1937639,51.5419154],[0.1942218,51.5422612],[0.1942445,51.5422784],[0.1945425,51.5425976],[0.1946565,51.5428923],[0.1947754,51.5438447],[0.1947848,51.5441121]],[[0.198025,51.5365284],[0.197689,51.5367265],[0.1973805,51.5368811],[0.1967578,51.537124],[0.1965455,51.5372068],[0.1961655,51.5373551],[0.1959765,51.537465]],[[0.1946775,51.5349577],[0.1953454,51.535017],[0.1955941,51.5350496],[0.1957901,51.5350925],[0.1959788,51.5351538],[0.1961685,51.5352317],[0.1963769,51.5353563],[0.1965858,51.5355119],[0.1976231,51.5362427],[0.1977912,51.5363622],[0.1980156,51.5365218],[0.198025,51.5365284]],[[0.1916723,51.5334574],[0.1917984,51.5335712],[0.1919606,51.5337265],[0.1921809,51.5339251],[0.1923391,51.534051],[0.1925569,51.5342242],[0.1926991,51.5343079],[0.1928255,51.5343691],[0.1930816,51.5345087],[0.1933256,51.534636],[0.1935378,51.5347293],[0.1937257,51.5347957],[0.1938691,51.5348334],[0.1940774,51.5348766],[0.194371,51.5349223],[0.1946775,51.5349577]],[[0.1915543,51.5333417],[0.1915954,51.5333862],[0.1916047,51.5333964],[0.1916723,51.5334574]],[[0.1913658,51.5331092],[0.1914252,51.5331963],[0.1915006,51.5332834],[0.1915121,51.5332959],[0.1915543,51.5333417]],[[0.189787,51.5290279],[0.1899471,51.5291322],[0.1900068,51.529179],[0.1901949,51.5293574],[0.1903703,51.5295544],[0.1904676,51.5296766],[0.1906188,51.529871],[0.1906842,51.5299882],[0.1907282,51.5301014],[0.1907727,51.5302872],[0.1908122,51.5306301],[0.190815,51.530654],[0.1908239,51.5307545],[0.1908602,51.5312582],[0.1908925,51.531712],[0.1909261,51.5322055],[0.1909429,51.5323012],[0.1909701,51.5323842],[0.1910698,51.5325849],[0.1911092,51.5326649],[0.1911978,51.5328308],[0.1913658,51.5331092]],[[0.1858119,51.5259636],[0.1860106,51.5262168],[0.1861479,51.5263719],[0.1863685,51.5265838],[0.1864321,51.5266468],[0.1865259,51.5267398],[0.1865942,51.5268075],[0.1871543,51.5274474],[0.1872471,51.5275422],[0.187336,51.5276055],[0.1873802,51.527637],[0.1876095,51.5277488],[0.1878075,51.5278453],[0.187947,51.5279236],[0.1882309,51.5281201],[0.188343,51.5281968],[0.1885548,51.5283412],[0.1887347,51.528462],[0.1888015,51.5285068],[0.188855,51.5285428],[0.1888817,51.5285608],[0.1889999,51.528638],[0.1890386,51.5286632],[0.1892848,51.5287948],[0.1896181,51.5289495],[0.189787,51.5290279]],[[0.1856736,51.5257901],[0.1858119,51.5259636]],[[0.181332,51.5229818],[0.1813929,51.5230733],[0.1814212,51.5231157],[0.1814486,51.5231584],[0.1815171,51.5232438],[0.1815914,51.5233237],[0.1816253,51.5233602],[0.1818729,51.523575],[0.1820265,51.5237254],[0.1821341,51.5238307],[0.1822619,51.5239593],[0.1823941,51.5240818],[0.1825237,51.5241677],[0.1826333,51.5242308],[0.1826911,51.5242501],[0.1828755,51.5243119],[0.1830908,51.5243519],[0.1833483,51.5243735],[0.1835187,51.524372],[0.1836632,51.5243657],[0.1842497,51.524322],[0.1844064,51.5243459],[0.1845325,51.5243998],[0.1845605,51.5244144],[0.1846385,51.5244551],[0.1847345,51.5245316],[0.1848522,51.524687],[0.1856736,51.5257901]],[[0.181332,51.5229818],[0.1815555,51.5229318]],[[0.1815555,51.5229318],[0.1816994,51.5228949]],[[0.1816994,51.5228949],[0.1817734,51.5228724],[0.1818897,51.5228023]],[[0.1893614,51.5217612],[0.1895261,51.5218016]],[[0.1895261,51.5218016],[0.1896639,51.5218372],[0.1898598,51.521897]],[[0.1900038,51.521983],[0.1901314,51.522014],[0.1902681,51.5220185],[0.1904003,51.5219961],[0.1905144,51.521949]],[[0.1905144,51.521949],[0.1905516,51.5219248]],[[0.1905516,51.5219248],[0.1906176,51.5218585],[0.1906501,51.5217832],[0.1906465,51.5217052],[0.1905851,51.5216076]],[[0.1905851,51.5216076],[0.1905253,51.5215614]],[[0.1905253,51.5215614],[0.1904775,51.5214963],[0.1903762,51.5214368],[0.1903117,51.5213938],[0.190234,51.5213253],[0.1901321,51.5212854]],[[0.1896414,51.520012],[0.1896193,51.5199541],[0.1895682,51.5198124]],[[0.189424,51.5195857],[0.1893971,51.5195425],[0.1893736,51.5195109],[0.1893436,51.5194772],[0.1892993,51.5194213]],[[0.1908204,51.5175462],[0.190791,51.517522],[0.190754,51.5174884],[0.1906247,51.5174354],[0.1903983,51.5173567]],[[0.1903983,51.5173567],[0.1905411,51.517178]],[[0.1905411,51.517178],[0.1908593,51.5169084],[0.1909492,51.5168856],[0.1911203,51.5168421]],[[0.1913598,51.5173751],[0.1914564,51.5173861],[0.191555,51.5173824]],[[0.1960866,51.5166355],[0.1956969,51.5166853],[0.1952625,51.5167385],[0.1949627,51.5167753],[0.1947215,51.5168098],[0.1944403,51.5168539],[0.1941997,51.5169003],[0.19357,51.5170366],[0.1934427,51.5170598],[0.1934073,51.5170671],[0.1931511,51.5171148],[0.1927397,51.5171644],[0.192681,51.5171706],[0.1925497,51.5171879],[0.1923149,51.5172229],[0.1921237,51.5172637],[0.191555,51.5173824]],[[0.1962111,51.5166206],[0.1960866,51.5166355]],[[0.201969,51.5154146],[0.201733,51.5154708],[0.2014972,51.5155184],[0.2012382,51.5155706],[0.2009865,51.5156291],[0.2006141,51.5157157],[0.1999951,51.51587],[0.199798,51.5159191],[0.1989549,51.5161051],[0.1987576,51.5161548],[0.1981949,51.5163],[0.1978829,51.516377],[0.1976867,51.5164183],[0.1972273,51.5164926],[0.1967438,51.5165542],[0.1966892,51.5165591],[0.1962111,51.5166206]],[[0.2039078,51.5136044],[0.2038684,51.5136422],[0.2036916,51.5138187],[0.2036036,51.5139046],[0.2034668,51.5140426],[0.2032584,51.5142615],[0.2029383,51.5145977],[0.2027261,51.5147919],[0.2024518,51.5150765],[0.2023538,51.5151871],[0.202264,51.5152556],[0.2022091,51.5152994],[0.2020977,51.5153684],[0.2020468,51.5153908],[0.201969,51.5154146]],[[0.2051269,51.5124372],[0.2050224,51.5125372],[0.2045319,51.5130069],[0.204042,51.5134759],[0.2039078,51.5136044]],[[0.2051269,51.5124372],[0.2051854,51.5123817]],[[0.2051854,51.5123817],[0.2053743,51.5121788]],[[0.2053743,51.5121788],[0.2054395,51.5121106]],[[0.2054395,51.5121106],[0.205509,51.512038],[0.2057257,51.5118152],[0.2064207,51.5110881]],[[0.2064207,51.5110881],[0.2065623,51.510932]],[[0.2065623,51.510932],[0.2066659,51.5108235]],[[0.2066659,51.5108235],[0.2067232,51.510774],[0.2068793,51.5106652]],[[0.2068793,51.5106652],[0.207822,51.5100677],[0.2081194,51.5099031]],[[0.2081194,51.5099031],[0.2082315,51.5098327],[0.2083594,51.5097596]],[[0.2083594,51.5097596],[0.2090317,51.5093362]],[[0.2090317,51.5093362],[0.2091047,51.5092862],[0.2092404,51.5092036]],[[0.2092404,51.5092036],[0.2098623,51.5088247],[0.2100388,51.5087124],[0.2102048,51.5086151],[0.2102291,51.5085971]],[[0.2102291,51.5085971],[0.2102637,51.5085642],[0.2103569,51.5085081],[0.2103835,51.5085022]],[[0.2103835,51.5085022],[0.2106387,51.5083443],[0.2111636,51.5080196],[0.2113167,51.5079249],[0.2117899,51.507634],[0.2122144,51.5073727],[0.212683,51.5071202],[0.2127967,51.5070659],[0.2129544,51.5069835],[0.213077,51.5069395],[0.2131786,51.5069142],[0.2132682,51.5068995]],[[0.2132682,51.5068995],[0.2134387,51.5068826],[0.2141328,51.5068238],[0.2144462,51.5068004],[0.2154534,51.5067223],[0.2157006,51.5067032],[0.2159475,51.5066924],[0.2164514,51.5066892],[0.2165254,51.5066896]],[[0.2165254,51.5066896],[0.2169853,51.5066947],[0.2171785,51.5066972],[0.2175012,51.5066914],[0.2179076,51.506665],[0.2185225,51.5065915],[0.2186905,51.5065677],[0.2192016,51.5065218]],[[0.2192016,51.5065218],[0.2193346,51.5065099],[0.2194816,51.5064971]],[[0.2194816,51.5064971],[0.2198164,51.5064745],[0.2201484,51.5064671],[0.2205716,51.5064763],[0.2209631,51.5065003],[0.2214425,51.5065497],[0.2216101,51.5065643],[0.2217497,51.5065699],[0.221852,51.5065595],[0.2219608,51.5065384],[0.2220786,51.5065019],[0.2224354,51.5063684]],[[0.2224354,51.5063684],[0.2226026,51.5063093],[0.2227112,51.5062958],[0.2229385,51.5062901],[0.2234525,51.5063021]],[[0.2234525,51.5063021],[0.223698,51.5062948],[0.2238531,51.5062903]],[[0.2238531,51.5062903],[0.2240419,51.5062893],[0.224153,51.5062878]],[[0.224153,51.5062878],[0.2242911,51.506284],[0.2245184,51.5062758],[0.2246813,51.5062688],[0.2248476,51.5062529],[0.2249744,51.5062197],[0.2251292,51.5061573],[0.225201,51.5061396],[0.2252536,51.5061416],[0.2253718,51.5061663],[0.2254867,51.5061928]],[[0.2265714,51.5043121],[0.2260753,51.5052685],[0.2260354,51.5053376],[0.225772,51.5057134],[0.2256514,51.5058899],[0.2256268,51.5059281],[0.2255631,51.5060549],[0.2254867,51.5061928]],[[0.2265714,51.5043121],[0.2267638,51.5040103],[0.2269552,51.5036233],[0.2270896,51.5034145],[0.2271726,51.5033625]],[[0.2271726,51.5033625],[0.2272272,51.5033482],[0.2272753,51.5033267]],[[0.2272753,51.5033267],[0.2274193,51.5033204],[0.22746604088032502,51.503322082142475]],[[0.1657648,51.6079546],[0.1655981,51.6088314]],[[0.1657859,51.6077352],[0.1657858,51.6078443],[0.1657648,51.6079546]],[[0.1636482,51.5998458],[0.1637595,51.6],[0.1637995,51.6000604],[0.1639483,51.6002942],[0.1642589,51.6007855],[0.1643304,51.6008963],[0.1644112,51.6010575],[0.1645046,51.6012253],[0.1645902,51.6014016],[0.1647125,51.6016658],[0.1648435,51.6019419],[0.1649763,51.6022332],[0.1654016,51.6030559],[0.16547,51.6032299],[0.1657237,51.6037626],[0.1657531,51.6038515],[0.1657867,51.6040613],[0.165803,51.6049461],[0.165807,51.6050328],[0.1657901,51.6058277],[0.165787,51.6068473],[0.1657859,51.6077352]],[[0.1636482,51.5998458],[0.1636436,51.5997955],[0.1636369,51.5997816],[0.1636279,51.5997627],[0.1636217,51.5997486],[0.1636178,51.5997381],[0.1636152,51.5997305],[0.1636128,51.5997231],[0.16361,51.599711],[0.1636081,51.5997021],[0.1636066,51.5996925],[0.1636052,51.5996801],[0.1636039,51.5996647],[0.1636039,51.5996542],[0.1636043,51.5996433],[0.1636048,51.5996379],[0.1636059,51.5996326],[0.1636073,51.5996264],[0.1636093,51.5996195],[0.1636305,51.5995526]],[[0.1636479,51.5995414],[0.1636637,51.5995252],[0.1636733,51.5995135],[0.16368,51.5995002],[0.163684,51.5994869],[0.1636861,51.5994781],[0.1636877,51.599469],[0.1636878,51.5994605],[0.1636872,51.599452],[0.1636858,51.5994429],[0.1636842,51.5994368],[0.1636806,51.5994301],[0.1636757,51.5994226],[0.1636668,51.5994131],[0.1636109,51.5993673]],[[0.1636109,51.5993673],[0.1634516,51.5992584],[0.1634043,51.5992251]],[[0.1634043,51.5992251],[0.1633878,51.599189],[0.1633723,51.5991487],[0.1633688,51.5991395],[0.1633579,51.5991055],[0.1633112,51.5989787],[0.1632981,51.5988934]],[[0.178018,51.5806047],[0.1780651,51.5805008],[0.1781053,51.5804302],[0.1782243,51.5803033]],[[0.1782243,51.5803033],[0.1783832,51.5801968],[0.1784921,51.5801119]],[[0.1784921,51.5801119],[0.1786664,51.5800762]],[[0.1786664,51.5800762],[0.178691,51.5800711],[0.1788332,51.5800544],[0.178955,51.5800645],[0.1791755,51.5801361],[0.179266,51.5801655],[0.1793185,51.5801834],[0.1798863,51.5803772],[0.1800876,51.5804394],[0.1805484,51.5805762],[0.1806682,51.5806003]],[[0.1806682,51.5806003],[0.1808037,51.5806161]],[[0.1808037,51.5806161],[0.1810297,51.5806446],[0.1812674,51.5806601],[0.1814892,51.5806616],[0.1816182,51.5806517],[0.1820609,51.5806177]],[[0.1820609,51.5806177],[0.1828094,51.5805284]],[[0.1828094,51.5805284],[0.183173,51.5804849],[0.1833678,51.5804628],[0.1834167,51.5804605],[0.183529,51.5804551],[0.1836745,51.5804791]],[[0.1836745,51.5804791],[0.1838528,51.5805065]],[[0.184206,51.580609],[0.1842587,51.5806091],[0.1843152,51.5806015],[0.1843798,51.580571],[0.1844391,51.5805389],[0.184489,51.5804952],[0.1845265,51.5804641],[0.1845402,51.5804169],[0.1845477,51.5803393]],[[0.1845477,51.5803393],[0.1843814,51.5801655]],[[0.1843814,51.5801655],[0.1842843,51.5799124],[0.1843283,51.5798044],[0.1843804,51.5797244],[0.1844372,51.579667],[0.1846368,51.5794607],[0.1846998,51.5793937]],[[0.1846998,51.5793937],[0.1848422,51.5792421],[0.1850241,51.5790584],[0.1850552,51.579027],[0.1852507,51.5788292],[0.1854304,51.5786712],[0.1856034,51.5785175],[0.1858341,51.5783312],[0.1859562,51.578249],[0.1860676,51.5782223]],[[0.1860676,51.5782223],[0.1861561,51.5781935],[0.1862062,51.5781593],[0.186243,51.5781045],[0.1862448,51.5780479],[0.1862254,51.5780085],[0.186179,51.577966],[0.1860955,51.5779303],[0.1859527,51.5779186],[0.1858851,51.5779341]],[[0.1858851,51.5779341],[0.1857706,51.5779163],[0.1856922,51.5778787],[0.1856018,51.5778334],[0.1854501,51.5777662],[0.1852931,51.57774]],[[0.1848371,51.5775257],[0.1848188,51.5774888]],[[0.1848188,51.5774888],[0.1848098,51.5774705],[0.1847359,51.5774369],[0.1846323,51.5773955]],[[0.1846323,51.5773955],[0.1846261,51.5773713],[0.1846245,51.5773528],[0.1846389,51.5773174],[0.184671,51.5772813]],[[0.184671,51.5772813],[0.1847763,51.5771628],[0.1848149,51.5771222],[0.1850359,51.5769453],[0.1850558,51.5769147],[0.1850575,51.576885],[0.1850568,51.5768739]],[[0.1850568,51.5768739],[0.1850228,51.576845],[0.1849794,51.5768233],[0.1848672,51.5767695],[0.1845574,51.5766084],[0.1844874,51.5765869],[0.184441,51.5765683],[0.1840797,51.5764076],[0.1840602,51.5763997],[0.1837635,51.5763025],[0.18351,51.5762745],[0.183411,51.576242],[0.1833867,51.5762288],[0.1833666,51.5762179],[0.1833366,51.5761756]],[[0.1833366,51.5761756],[0.1833549,51.5761305],[0.1834138,51.5760696],[0.1837002,51.575801],[0.1837602,51.5757346],[0.1837977,51.5757064],[0.183837,51.575691],[0.1838964,51.5756804],[0.1840125,51.5756585],[0.1840607,51.5756407],[0.1840844,51.5756231],[0.1841073,51.575603],[0.1841203,51.5755849],[0.184134,51.5755675],[0.1841903,51.575501]],[[0.1841903,51.575501],[0.1840556,51.5754512]],[[0.1840556,51.5754512],[0.1840119,51.5754343],[0.1838495,51.575375],[0.1835933,51.5752914],[0.183558,51.5752799],[0.1835093,51.5752621]],[[0.1835093,51.5752621],[0.1834639,51.5752167],[0.1834375,51.5751626]],[[0.1840043,51.5721104],[0.1840892,51.5720806],[0.1841129,51.5720471],[0.1840972,51.5719728]],[[0.1841947,51.5718187],[0.184027,51.5717868],[0.1837795,51.5717397]],[[0.1837795,51.5717397],[0.1832932,51.5716721],[0.1832278,51.5716639]],[[0.1832278,51.5716639],[0.1830367,51.5716401]],[[0.1830367,51.5716401],[0.1824595,51.5715871],[0.1817078,51.5715076],[0.1816217,51.5714985],[0.1815016,51.5714779],[0.18143,51.5714485],[0.1813884,51.5714235],[0.181338,51.5713887],[0.1812606,51.5713111]],[[0.185859,51.5658843],[0.1859006,51.5658158],[0.1859415,51.5657866],[0.1860073,51.5657605]],[[0.1860073,51.5657605],[0.1860312,51.5657583],[0.1862383,51.5657391],[0.1866943,51.5656915],[0.1873617,51.5656218],[0.1877187,51.565568],[0.1884402,51.5654291]],[[0.1884402,51.5654291],[0.1884906,51.5654205],[0.1885425,51.5654116],[0.188828,51.5653641]],[[0.188828,51.5653641],[0.1891436,51.5653235],[0.1892412,51.5653144]],[[0.1892412,51.5653144],[0.1899369,51.5652919]],[[0.1899369,51.5652919],[0.1899849,51.5652901],[0.1900409,51.5652878],[0.1901383,51.5652815],[0.1903007,51.5652717]],[[0.1903007,51.5652717],[0.1910497,51.5652287],[0.1922364,51.5651699],[0.1928372,51.5651593],[0.1931274,51.5651657],[0.1935585,51.5651688],[0.1944102,51.565175]],[[0.1944102,51.565175],[0.1944585,51.5651749],[0.1945074,51.5651749],[0.1945258,51.5651739],[0.1945394,51.5651717],[0.194551,51.5651677],[0.1945654,51.5651591],[0.194595,51.565136]],[[0.1858119,51.5259636],[0.1857467,51.5259851],[0.1856821,51.5260085],[0.1846753,51.526451],[0.1842872,51.5266221],[0.1842327,51.5266456]],[[0.1842327,51.5266456],[0.1842029,51.5266584],[0.1836875,51.5268802],[0.1834046,51.5270007],[0.1832494,51.5270706],[0.1830613,51.5271817],[0.1829365,51.5272583],[0.18236,51.5276125]],[[0.1820659,51.5267944],[0.1823406,51.5274056],[0.18236,51.5276125]],[[0.1820659,51.5267944],[0.1815109,51.5269517],[0.181486,51.5269588],[0.180996,51.5271007],[0.1804653,51.5272482],[0.1799373,51.5273949],[0.1789417,51.527678],[0.1779411,51.5279554],[0.1778985,51.5279672],[0.1776593,51.528029],[0.1774139,51.5280784],[0.1770053,51.5281333],[0.1768783,51.5281504],[0.1752127,51.5283744],[0.1750707,51.5283935],[0.1731465,51.5286573],[0.1728483,51.528697],[0.172195,51.5288245],[0.1721194,51.5287922],[0.1720684,51.5288319]],[[0.1720684,51.5288319],[0.1720125,51.5288201],[0.1719766,51.5288021],[0.1719171,51.5287631],[0.1718604,51.5287292],[0.1718009,51.5286976],[0.1717214,51.5286665],[0.1716474,51.5286434],[0.1715714,51.5286216],[0.1714665,51.5286001],[0.1713447,51.5285826],[0.1710065,51.5285974],[0.1709437,51.5286061],[0.1706624,51.5286673],[0.1705638,51.5286899],[0.1704538,51.5287245],[0.1703755,51.5287408],[0.1696065,51.528901]],[[0.1696065,51.528901],[0.1692465,51.528976],[0.1691374,51.528984],[0.1690203,51.5289919],[0.1683485,51.5291249]],[[0.1664003,51.5262485],[0.1664195,51.5262933],[0.1664875,51.5264526],[0.1665875,51.5266336],[0.1666996,51.5268365],[0.1669698,51.5273464],[0.1671578,51.5277011],[0.1673722,51.528104],[0.1674994,51.5283326],[0.1676237,51.5284948],[0.1677767,51.5286491],[0.1678721,51.528741],[0.1680847,51.5289086],[0.1683485,51.5291249]],[[0.1663586,51.5261731],[0.1664003,51.5262485]],[[0.1663586,51.5261731],[0.1666191,51.5260805]],[[0.1666191,51.5260805],[0.1667621,51.526052],[0.1673402,51.525941]],[[0.1673402,51.525941],[0.1675575,51.5258995]],[[0.1675575,51.5258995],[0.1680448,51.5257992]],[[0.1812489,51.5228728],[0.181332,51.5229818]],[[0.1963825,51.5454611],[0.1965357,51.5457969]],[[0.1965357,51.5457969],[0.1965252,51.5458489],[0.1965383,51.5459008],[0.1965783,51.5459521],[0.1966414,51.5459936],[0.196722,51.5460214],[0.1968123,51.5460327]],[[0.1968123,51.5460327],[0.1972659,51.5462137]],[[0.1998562,51.5483866],[0.1998012,51.5484256],[0.1997782,51.5484754],[0.1997917,51.5485265],[0.1998391,51.5485692],[0.1999113,51.5485951]],[[0.198908,51.5508871],[0.1988647,51.5508844],[0.1988228,51.5508913],[0.1987875,51.550907],[0.1987635,51.5509296]],[[0.1987635,51.5509296],[0.1987538,51.5509604],[0.1987653,51.550991],[0.1987959,51.551016],[0.1988404,51.5510309]],[[0.1988404,51.5510309],[0.1988941,51.5510329],[0.1989438,51.5510202],[0.1989797,51.5509952]],[[0.2178358,51.5628186],[0.2180616,51.5628115],[0.2181442,51.5628021]],[[0.2181442,51.5628021],[0.2185697,51.5627194],[0.2186182,51.56271],[0.2190438,51.5626249],[0.2192663,51.5625849],[0.2196342,51.5625117],[0.2198851,51.5624623],[0.2199413,51.5624506],[0.2200197,51.5624279]],[[0.2200197,51.5624279],[0.2200504,51.5624168],[0.220118,51.5623873],[0.2201739,51.5623622]],[[0.2201739,51.5623622],[0.2201868,51.5623303],[0.2202025,51.5623085],[0.2202199,51.5622894],[0.2202549,51.5622598]],[[0.2205314,51.5620125],[0.2207081,51.5619021],[0.2207485,51.5618568],[0.2208342,51.5617856],[0.2209337,51.5617271]],[[0.2209337,51.5617271],[0.221561,51.5615128]],[[0.221561,51.5615128],[0.2216022,51.5614754],[0.2216224,51.5614482],[0.2216209,51.561404],[0.2216015,51.5613588]],[[0.2198887,51.5678001],[0.2200058,51.5675717],[0.2200128,51.5675451],[0.2200174,51.5675337],[0.2200295,51.5674696],[0.2200608,51.5673044],[0.2201102,51.5668305],[0.2201182,51.5664788],[0.2201174,51.5664298],[0.2201163,51.5663612],[0.2201234,51.5660047],[0.2201327,51.5655403],[0.2201344,51.5654555],[0.2201331,51.5651082],[0.2201367,51.5649428],[0.2201336,51.5648293],[0.2201347,51.564781],[0.2201357,51.5647098],[0.2201667,51.5644109],[0.2201684,51.5643527],[0.2201944,51.5640727],[0.220194,51.5638416],[0.2201966,51.5637277],[0.2201981,51.5636601],[0.220199,51.5635575],[0.2201993,51.5635277],[0.2202012,51.5633239],[0.2202012,51.5632099],[0.2201842,51.562865],[0.2201649,51.5625008],[0.2201637,51.5624649],[0.2201637,51.562438],[0.2201667,51.5623995],[0.2201739,51.5623622]],[[0.2198887,51.5678001],[0.2197667,51.5678552],[0.219642,51.5678852]],[[0.219642,51.5678852],[0.2193403,51.5679073]],[[0.2193403,51.5679073],[0.2192805,51.5679611],[0.2192544,51.56803],[0.219383,51.5682365],[0.2194513,51.5683359],[0.2194604,51.5683501],[0.2195522,51.56847],[0.2196755,51.5686166]],[[0.2196755,51.5686166],[0.21968,51.5686481],[0.2196963,51.5689162]],[[0.2196963,51.5689162],[0.2196976,51.5689314],[0.2197082,51.5691133],[0.2197112,51.5693011],[0.2197132,51.5694301],[0.2197147,51.5695214],[0.2197022,51.5697186],[0.2196952,51.5698284],[0.2196621,51.5700934],[0.219632,51.5702186]],[[0.219632,51.5702186],[0.219575,51.5704219],[0.2194045,51.5709246],[0.2193353,51.5710886],[0.219275,51.571239],[0.2192646,51.5712634],[0.2192136,51.5713826],[0.2191276,51.5716046],[0.2190329,51.5718147],[0.218891,51.5720334],[0.2187609,51.5722414],[0.218193,51.5730647],[0.2180996,51.5732063],[0.218019,51.5733285],[0.2178837,51.5735129],[0.2178169,51.5736038]],[[0.2080393,51.5780175],[0.2081772,51.577871],[0.2083385,51.5777256],[0.2085937,51.5774954],[0.208916,51.5772326],[0.2093339,51.5768957],[0.2095999,51.576695],[0.2100732,51.5763815],[0.2101876,51.5762941],[0.2102916,51.5761987],[0.2103751,51.5761212],[0.2105389,51.5759464],[0.2106145,51.5758519],[0.2107388,51.5756878],[0.210817,51.5755978],[0.2108949,51.5755085],[0.2109819,51.5754234],[0.2110516,51.5753616],[0.2111361,51.5752959],[0.2112265,51.5752378],[0.2112772,51.5752061],[0.2113214,51.5751785],[0.2114284,51.5751243],[0.2115099,51.575089],[0.2115745,51.575067],[0.2116362,51.5750493],[0.2117246,51.5750334],[0.2118395,51.5750159],[0.2122506,51.574961],[0.2130638,51.5748558],[0.2134046,51.5748008],[0.2136194,51.5747446],[0.213941,51.5745641],[0.2143057,51.5743471],[0.2146652,51.5741574],[0.2150421,51.5740099],[0.215431,51.5738694],[0.2157783,51.5737506],[0.2161485,51.5736335],[0.2163912,51.5736048],[0.2165441,51.5735923],[0.2168703,51.5735774],[0.2169957,51.5735717],[0.2175001,51.5735609],[0.2177002,51.573588],[0.2178169,51.5736038]],[[0.2080393,51.5780175],[0.2080051,51.5780128],[0.207969,51.5780126],[0.2079321,51.5780163],[0.2078998,51.5780245],[0.2078594,51.578039]],[[0.2017625,51.5743233],[0.2019587,51.5743401],[0.2024828,51.5743944],[0.2025706,51.5744035],[0.2027469,51.5744258],[0.2029797,51.574453],[0.2032795,51.5744973],[0.2038531,51.5745975],[0.2042136,51.5746985],[0.204648,51.5748529],[0.2046939,51.5748708],[0.204878,51.5749502],[0.2050286,51.5750151],[0.2052912,51.5751424],[0.2056656,51.5753576],[0.2057505,51.5754288],[0.205851,51.5755331],[0.2066024,51.5762995],[0.2069851,51.5767234],[0.2071556,51.5769587],[0.2071729,51.5769788],[0.2074221,51.577331],[0.2075281,51.5775032],[0.2078009,51.5779465],[0.2078594,51.578039]],[[0.201179,51.5742812],[0.2017625,51.5743233]],[[0.2006164,51.5742618],[0.201179,51.5742812]],[[0.1903335,51.5720776],[0.1906613,51.5721343],[0.1908797,51.5721674],[0.1909986,51.5721815],[0.1911019,51.5721897],[0.1911922,51.5721962],[0.1912006,51.5721965],[0.1913573,51.5722028],[0.191476,51.572207],[0.1915602,51.5722099],[0.1916581,51.57222],[0.1918705,51.5722419],[0.1922067,51.5723107],[0.1934417,51.572674],[0.1942237,51.5729277],[0.1943798,51.5729793],[0.1946125,51.5730562],[0.1953045,51.5732962],[0.1954069,51.5733301],[0.1957168,51.5734539],[0.1962946,51.5736974],[0.1970267,51.5739866],[0.1981023,51.5743327],[0.1983138,51.5743572],[0.1987614,51.5743474],[0.1994594,51.5742909],[0.199651,51.5742753],[0.2006164,51.5742618]],[[0.1898192,51.5719681],[0.1903335,51.5720776]],[[0.1861307,51.57065],[0.1867265,51.5709028],[0.1878023,51.5713142],[0.1881779,51.5714579],[0.1884246,51.5715517],[0.1887988,51.5716913],[0.1889771,51.5717474],[0.1893272,51.5718479],[0.1898192,51.5719681]],[[0.1776254,51.576552],[0.1777588,51.576495]],[[0.1777588,51.576495],[0.1778509,51.5764678],[0.1780239,51.5764737],[0.1781808,51.5765078],[0.1782982,51.576544]],[[0.1782982,51.576544],[0.1783914,51.576528],[0.1784269,51.5765067],[0.1785418,51.576329],[0.178602,51.5762236],[0.1786622,51.5761182],[0.1786782,51.5760902],[0.1787581,51.5759374]],[[0.1787581,51.5759374],[0.1784614,51.5758795]],[[0.2437635,51.6050699],[0.2437129,51.6051757],[0.2436215,51.605367],[0.2434841,51.6056625],[0.2434193,51.6058041],[0.2433674,51.6059177],[0.2433226,51.6060106],[0.2433055,51.6060461],[0.2432321,51.6061744]],[[0.2432321,51.6061744],[0.2431661,51.6062762],[0.2430932,51.6063715],[0.2430138,51.6064663],[0.242996,51.6064875],[0.2428833,51.6066017],[0.2421966,51.6071787],[0.2420509,51.6073047],[0.241848,51.607472],[0.2416475,51.6076291],[0.2414778,51.6077491],[0.2414502,51.6077686],[0.2412801,51.6078728],[0.2412385,51.6078983],[0.2411728,51.6079386],[0.2409219,51.6080798],[0.2406959,51.6081836],[0.2404754,51.6082808],[0.2402492,51.6083709],[0.2399957,51.6084648],[0.2396784,51.608567],[0.2394723,51.6086218],[0.2394429,51.6086288],[0.2392817,51.6086674],[0.2390522,51.6087162],[0.2389948,51.6087304],[0.2383501,51.6088718],[0.2377983,51.6089912]],[[0.2233839,51.6084729],[0.2231321,51.608307]],[[0.2217646,51.6003309],[0.2213425,51.6004366],[0.221014,51.6005138],[0.2207457,51.6005798],[0.2204597,51.6006381],[0.220208,51.6007034],[0.2199775,51.6007879],[0.2197678,51.6008738],[0.2197,51.6009113],[0.2194737,51.6010447],[0.2193998,51.6010883],[0.2192495,51.601217],[0.2191795,51.6012777],[0.2188658,51.6016001],[0.2186504,51.6018262],[0.2184182,51.6020654],[0.2183762,51.6021087],[0.2181943,51.6022996],[0.2179933,51.6024844],[0.2178403,51.6026053],[0.2177875,51.6026393],[0.2176488,51.6027288],[0.2174908,51.602807],[0.217351,51.6028755],[0.2172375,51.6029229],[0.2170016,51.6030215],[0.2168054,51.6031026],[0.2167578,51.6031223],[0.2165347,51.6032273],[0.2162344,51.6033701],[0.216057,51.6034612],[0.215962,51.603524],[0.215936,51.6035412],[0.2158649,51.6035842],[0.2156724,51.6037279],[0.2154632,51.6038811],[0.2152928,51.6040389],[0.2152236,51.604103],[0.2151086,51.6042095],[0.2148312,51.6045289],[0.2147078,51.6046809],[0.2146413,51.6047588],[0.214557,51.6048551],[0.2141054,51.6053712],[0.2140629,51.6054208],[0.2136259,51.6059307]],[[0.218188,51.5979681],[0.2186363,51.5981835],[0.2189984,51.5983805],[0.2190775,51.5984202],[0.2193278,51.5985577],[0.2194854,51.598647],[0.2200072,51.5989246],[0.2205403,51.5992011],[0.2208711,51.5994296],[0.2210271,51.5995487],[0.2211724,51.5996793],[0.2214775,51.6000293],[0.2217646,51.6003309]],[[0.218188,51.5979681],[0.2185038,51.5976785],[0.2191929,51.5970491],[0.2196278,51.5966536],[0.2197654,51.5965318],[0.2200213,51.5963054],[0.2201929,51.5962788],[0.220356,51.5962521],[0.2206617,51.596285]],[[0.2206617,51.596285],[0.2206799,51.596303],[0.2207233,51.5963271],[0.2207808,51.596341],[0.2208389,51.5963414],[0.2208969,51.5963284],[0.2209553,51.5962924],[0.2209762,51.5962587],[0.2209766,51.5962199],[0.2209396,51.5961714]],[[0.2209396,51.5961714],[0.2209883,51.5961178],[0.221069,51.5960146],[0.2212424,51.5958315]],[[0.2212424,51.5958315],[0.2214437,51.5955803],[0.2215259,51.5954727]],[[0.2215259,51.5954727],[0.2215986,51.5953925],[0.2216284,51.5953587],[0.2216644,51.5953049]],[[0.2216644,51.5953049],[0.221748,51.595185]],[[0.221748,51.595185],[0.2215061,51.5951256],[0.2214662,51.5951118],[0.2203161,51.5947822],[0.2196285,51.5945369],[0.2195669,51.5945165],[0.2193789,51.5944634]],[[0.2199012,51.5925409],[0.2199348,51.5925764],[0.2202451,51.592678]],[[0.2202451,51.592678],[0.220339,51.592666],[0.2203656,51.5926588],[0.2203834,51.5926466],[0.2204307,51.5925956],[0.2204642,51.5925577],[0.2204664,51.5925522],[0.220464,51.5925481],[0.2204587,51.5925439],[0.2204501,51.5925401],[0.2202939,51.5924948],[0.2201751,51.5924608],[0.2201399,51.5924486],[0.2201119,51.5924355],[0.2199681,51.5923504],[0.219906,51.592311],[0.2198422,51.5922738]],[[0.2209925,51.5922833],[0.2211614,51.5922103],[0.2213496,51.5921299],[0.2215378,51.592035],[0.2217493,51.5918972],[0.2218366,51.5918175],[0.2219752,51.5917506],[0.2221124,51.5916828],[0.2222013,51.5916527],[0.2222885,51.59163],[0.2225333,51.5915869],[0.2227623,51.5915618],[0.2228493,51.5915484],[0.2229777,51.5915287],[0.2231504,51.5914895],[0.2233521,51.5914291]],[[0.2233521,51.5914291],[0.2235254,51.5913978],[0.2236415,51.5913553]],[[0.2241214,51.5907968],[0.2240398,51.5908618],[0.2240184,51.5908831],[0.2239759,51.5909389],[0.2239053,51.591051],[0.2238727,51.5910832],[0.2238518,51.5911038],[0.2236949,51.5912448],[0.2236733,51.5913091],[0.2236415,51.5913553]],[[0.2241214,51.5907968],[0.2241913,51.5907536],[0.224385,51.5906339]],[[0.224385,51.5906339],[0.2244318,51.5906084],[0.2246866,51.5904666],[0.2248212,51.5904287],[0.2248892,51.5904304],[0.2250126,51.5904773]],[[0.2250126,51.5904773],[0.2251509,51.5905799],[0.2253628,51.5907274],[0.2255743,51.590879],[0.225802,51.591043],[0.2260166,51.5911951],[0.2260461,51.5912152]],[[0.2326307,51.5935763],[0.2325722,51.5935751],[0.2324585,51.5935746],[0.2321317,51.5935697],[0.2319929,51.5935608],[0.2317882,51.5935129],[0.2316033,51.593459],[0.2313839,51.5933951],[0.230968,51.5932688],[0.2308788,51.5932455],[0.2300945,51.5931292],[0.2299405,51.5931296],[0.2297831,51.5931469],[0.2295199,51.5932244],[0.228783,51.5934414],[0.2285318,51.5935173],[0.228374,51.5935649],[0.228269,51.5935645],[0.2281856,51.5935525],[0.2280643,51.5935232],[0.227925,51.593438],[0.2278603,51.5933736],[0.2278234,51.5933271],[0.2277755,51.5932644],[0.2275362,51.5929614],[0.2273035,51.5926574],[0.2272101,51.5925284],[0.2268652,51.5920869],[0.2267203,51.5919105],[0.2265318,51.5916602],[0.2263811,51.5914679],[0.2262845,51.5913813],[0.2260461,51.5912152]],[[0.2326744,51.5932574],[0.2326456,51.5933967],[0.2326307,51.5935763]],[[0.2326744,51.5932574],[0.2328535,51.5932492]],[[0.2328535,51.5932492],[0.2328903,51.5931747]],[[0.2328903,51.5931747],[0.2328921,51.5931362],[0.2328936,51.5931055],[0.2328126,51.5930288]],[[0.2328126,51.5930288],[0.2327381,51.5929561],[0.2326733,51.5929529]],[[0.2326787,51.5927979],[0.232676,51.5928749],[0.2326733,51.5929529]],[[0.2327358,51.5922923],[0.2326999,51.5926085],[0.2326787,51.5927979]],[[0.2327543,51.5921521],[0.2327526,51.5921656],[0.2327435,51.5922341],[0.2327358,51.5922923]],[[0.2335565,51.5894167],[0.2335278,51.5895038],[0.2334697,51.5896796],[0.2334447,51.5897488],[0.2334192,51.589829],[0.2333901,51.5899207],[0.2333609,51.5900091],[0.2333209,51.5901304],[0.2332946,51.5902028],[0.2332459,51.5903365],[0.2332356,51.5903648],[0.2332029,51.5904468],[0.2331217,51.5906503],[0.2329798,51.5910073],[0.2328715,51.5914708],[0.232802,51.5918676],[0.2327859,51.5919596],[0.2327791,51.5919987],[0.2327729,51.5920366],[0.2327543,51.5921521]],[[0.2335565,51.5894167],[0.233679,51.5894388],[0.233923,51.5894827],[0.2345837,51.5896508],[0.2351046,51.5897692],[0.2356049,51.5898663],[0.2361082,51.5899684],[0.2361671,51.5899816],[0.2362208,51.5899939],[0.2367638,51.5901225]],[[0.2367638,51.5901225],[0.2380489,51.59049]],[[0.2380489,51.59049],[0.2383855,51.5905958],[0.2386484,51.5906933]],[[0.2386484,51.5906933],[0.2390454,51.5908524]],[[0.2390454,51.5908524],[0.2394406,51.5910108],[0.2398594,51.5911615],[0.2401183,51.5912357],[0.2403704,51.5912873],[0.2405853,51.5913099],[0.2406963,51.5913215],[0.2413869,51.5913573],[0.2418537,51.5913784],[0.2419517,51.591383],[0.2423086,51.5913997],[0.242666,51.5914155],[0.2430452,51.5914323],[0.2433309,51.5914398],[0.2435468,51.5914306],[0.2437493,51.5914056],[0.2439961,51.5913656],[0.2444775,51.5912827],[0.2446262,51.5912561],[0.2449107,51.5912052],[0.2450125,51.5911877],[0.2453948,51.5911219],[0.2457583,51.5910435],[0.2459985,51.5909828],[0.2461687,51.5909404],[0.2464597,51.5908611],[0.2469143,51.5907294],[0.247118,51.5906736],[0.2472858,51.5906236],[0.2474722,51.590572],[0.2476747,51.5905295],[0.2479092,51.5905034],[0.248092,51.5904978],[0.2484946,51.5905082],[0.2489406,51.5905431],[0.2493886,51.5905788],[0.249654,51.5906012],[0.2501274,51.5906339],[0.2503198,51.5906211],[0.250446,51.5906017],[0.2505517,51.5905792],[0.250684,51.5905464],[0.2507698,51.5905229],[0.2509797,51.5904747],[0.2511357,51.5904509],[0.2512847,51.5904359],[0.2513549,51.5904271],[0.2514255,51.5904248],[0.2519475,51.590395],[0.252343,51.5903771],[0.252813,51.5903684]],[[0.2526744,51.5898639],[0.2527677,51.5901407],[0.2528043,51.5903369],[0.252813,51.5903684]],[[0.2530251,51.5837082],[0.2531618,51.5843491],[0.2531957,51.5845612],[0.2532038,51.5846697],[0.2532134,51.5847976],[0.2532133,51.5850565],[0.2532024,51.5851781],[0.2531883,51.5853087],[0.2531536,51.5855192],[0.2531189,51.5856933],[0.2530634,51.5858603],[0.2530048,51.5860434],[0.2529253,51.5862537],[0.252861,51.5864686],[0.2528145,51.5866763],[0.2527817,51.586864],[0.2527452,51.5871123],[0.2526893,51.5874831],[0.2526201,51.587959],[0.2525979,51.5880862],[0.2525679,51.5883043],[0.2525409,51.5884708],[0.2525249,51.5885898],[0.2525081,51.5887607],[0.2524952,51.5889544],[0.2524999,51.5891158],[0.2525378,51.5893625],[0.2525699,51.5895199],[0.2526223,51.5897019],[0.2526318,51.5897324],[0.2526744,51.5898639]],[[0.2530633,51.581022],[0.2529845,51.5812105],[0.2529635,51.5812778],[0.2528879,51.5815097],[0.2528648,51.5816533],[0.2528539,51.5817847],[0.2528411,51.5819397],[0.2529457,51.5830882],[0.2530251,51.5837082]],[[0.2536494,51.5796173],[0.2536269,51.5796768],[0.2533721,51.5803517],[0.2532063,51.5807163],[0.2530633,51.581022]],[[0.2537751,51.5792914],[0.2536494,51.5796173]],[[0.253792,51.5792477],[0.2537751,51.5792914]],[[0.253792,51.5792477],[0.2538542,51.5792039],[0.2539327,51.5791719],[0.254022,51.5791538],[0.2541159,51.5791509]],[[0.2541159,51.5791509],[0.2542784,51.5791714],[0.2544249,51.5791847],[0.2546205,51.5791941],[0.2547156,51.5791931],[0.254848,51.5791795],[0.2549711,51.5791589],[0.2550945,51.5791271]],[[0.2550945,51.5791271],[0.2551917,51.5790989],[0.2553191,51.5790456],[0.2554398,51.5789847],[0.2555498,51.578868]],[[0.2555498,51.578868],[0.2556276,51.5787947],[0.2556758,51.5787439],[0.2557241,51.5786864],[0.255767,51.5786005]],[[0.255767,51.5786005],[0.255831,51.5784295],[0.2559511,51.5779681]],[[0.2567179,51.5768511],[0.2564721,51.5771518],[0.2562922,51.5773977],[0.256265,51.5774348],[0.2561792,51.5775543],[0.2560788,51.5777115],[0.2560115,51.577833],[0.2559511,51.5779681]],[[0.2575116,51.5757155],[0.2574683,51.5757981],[0.2574407,51.5758508],[0.2573255,51.5760708],[0.2569515,51.57657],[0.2567179,51.5768511]],[[0.2572842,51.5736557],[0.2573344,51.5737773],[0.2574967,51.5741275],[0.2576235,51.5744995],[0.2576627,51.5747413],[0.2576645,51.5751561],[0.257549,51.5756261],[0.2575116,51.5757155]],[[0.2571409,51.5733383],[0.2572842,51.5736557]],[[0.2569227,51.5705953],[0.2569659,51.5708634],[0.2569105,51.5712165],[0.2567737,51.5718191],[0.2567431,51.5720541],[0.2567422,51.5722528],[0.2568052,51.5725758],[0.2571409,51.5733383]],[[0.2569241,51.5702889],[0.2569089,51.5703864],[0.2569047,51.57041],[0.2569227,51.5705953]],[[0.249402,51.5565605],[0.2494072,51.5565155],[0.2494059,51.556473],[0.24941,51.5564324],[0.2494273,51.556357],[0.2494548,51.5563273],[0.249525,51.5562904],[0.2497015,51.5562323]],[[0.2658658,51.5571877],[0.2655814,51.5571725],[0.2653026,51.5571744],[0.2649184,51.5571777],[0.2639595,51.557196],[0.2632609,51.5572049],[0.2626688,51.557227],[0.2624446,51.557239],[0.2622048,51.5572589],[0.2620492,51.5572819],[0.2618886,51.5573129],[0.2617374,51.5573399],[0.2613882,51.557416],[0.2611014,51.5574607],[0.2610155,51.5574718],[0.260721,51.5574981],[0.2604114,51.5575151],[0.2600502,51.5575267],[0.2598609,51.557531],[0.2596328,51.5575353],[0.2592788,51.5575341],[0.2591885,51.5575323],[0.258956,51.5575268],[0.2587472,51.5575176],[0.2585385,51.5575044],[0.258371,51.5574876],[0.2579597,51.5574472],[0.2573118,51.5573718],[0.2564417,51.5572407],[0.255962,51.5571586],[0.2554368,51.5570763],[0.2550296,51.5570039],[0.2548753,51.5569779],[0.2547913,51.5569587],[0.254583,51.5569163],[0.2541592,51.5567963],[0.253601,51.5566482],[0.2533914,51.5566034],[0.2531706,51.5565601],[0.2530835,51.5565422],[0.252465,51.5564403],[0.2520568,51.5563755],[0.2519374,51.5563596],[0.2518782,51.5563529],[0.2514598,51.5563052],[0.2510893,51.5562867],[0.2505785,51.5562611],[0.2503159,51.5562495],[0.2497961,51.5562347],[0.2497299,51.5562331],[0.2497015,51.5562323]],[[0.2662334,51.5572719],[0.2661203,51.5572505],[0.2658658,51.5571877]],[[0.2668474,51.5598844],[0.2668243,51.5598057],[0.2667699,51.5596319],[0.2667163,51.5595183],[0.2666318,51.5593392],[0.2663417,51.5588291],[0.2662679,51.5587039],[0.2662187,51.5585372],[0.2661867,51.5583234],[0.2661139,51.5579685],[0.2660734,51.5577594],[0.2660582,51.5576465],[0.2660642,51.5575859],[0.2661232,51.5574821],[0.2661626,51.5574126],[0.2661836,51.557382],[0.2662074,51.5573275],[0.2662334,51.5572719]],[[0.2669235,51.560144],[0.2668474,51.5598844]],[[0.2670352,51.5605472],[0.2669235,51.560144]],[[0.2671665,51.5616368],[0.2671822,51.5615046],[0.2671919,51.5613833],[0.2671906,51.5612735],[0.267187,51.5611501],[0.2671649,51.5610425],[0.2670352,51.5605472]],[[0.2670797,51.561847],[0.2671374,51.5617385],[0.2671665,51.5616368]],[[0.2773755,51.5698417],[0.2768915,51.5692633],[0.2767094,51.5690307],[0.276513,51.5687989],[0.2763315,51.5686089],[0.2762003,51.5684674],[0.2757674,51.5679322],[0.2756709,51.5678374],[0.2755396,51.5677431],[0.2752721,51.5675863],[0.275165,51.5675259],[0.2750775,51.5674591],[0.275,51.5673695],[0.2749277,51.5672701],[0.2748538,51.5671652],[0.2747621,51.5670419],[0.2746519,51.5669365],[0.2745273,51.5668513],[0.2743679,51.5667684],[0.2742613,51.566709],[0.2741352,51.5666193],[0.2740281,51.5664974],[0.2737917,51.5661565],[0.2736935,51.5659821],[0.2734132,51.5654685],[0.2733194,51.5653281],[0.272932,51.5648722],[0.2728111,51.5647347],[0.2727073,51.5645874],[0.272662,51.5644873],[0.2726076,51.564341],[0.2725353,51.5641523],[0.2724662,51.5640064],[0.2723958,51.56388],[0.2720995,51.5634002],[0.2720147,51.5632851],[0.2719308,51.5631933],[0.2717902,51.5630928],[0.2716288,51.5629947],[0.2713989,51.5628701],[0.2711992,51.5627795],[0.2710206,51.5627158],[0.2705346,51.5625769],[0.2701923,51.5624737],[0.2694643,51.5622338],[0.2693379,51.5621944],[0.2690152,51.5621136],[0.2687193,51.5620578],[0.2684388,51.5620073],[0.2681208,51.5619651],[0.2675723,51.5619094],[0.2672423,51.5618737],[0.2671759,51.5618665],[0.2670797,51.561847]],[[0.2733427,51.5702702],[0.2741274,51.5701865],[0.2752211,51.5700766],[0.2772349,51.5698665],[0.2773755,51.5698417]],[[0.2733427,51.5702702],[0.2735595,51.5708853],[0.2735783,51.5709296]],[[0.2708238,51.5713571],[0.271083,51.5713311],[0.2712203,51.5713105],[0.2713678,51.5712737],[0.2715213,51.5712209],[0.2716539,51.5711677],[0.2717852,51.5711216],[0.2719405,51.5710828],[0.2720993,51.5710616],[0.2721923,51.5710491],[0.272338,51.5710365],[0.2725811,51.5710154],[0.2728211,51.5709946],[0.2730657,51.5709735],[0.2732389,51.5709585],[0.2735783,51.5709296]],[[0.1612029,51.5987989],[0.1612754,51.5988158]],[[0.1596568,51.598439],[0.1598263,51.5984776],[0.1599939,51.5985157],[0.1602056,51.5985598],[0.1604305,51.5986147],[0.1605489,51.5986468],[0.1609282,51.598735],[0.1612029,51.5987989]],[[0.1578325,51.5981355],[0.1580071,51.5981562],[0.1581468,51.5981751],[0.1592437,51.5983451],[0.1596568,51.598439]],[[0.1573802,51.5980819],[0.1575596,51.5981032],[0.1578325,51.5981355]],[[0.1559316,51.5979271],[0.1565611,51.5979944],[0.1569127,51.5980319],[0.1573802,51.5980819]],[[0.1559316,51.5979271],[0.1559426,51.59788],[0.1559448,51.5978512],[0.1559562,51.5978176],[0.1559514,51.5976619]],[[0.1559514,51.5976619],[0.1559305,51.5969914],[0.155926,51.5967028],[0.1558719,51.5962317],[0.1558469,51.5959351],[0.155794,51.595446],[0.1557951,51.5953501],[0.1557969,51.5951939],[0.1558508,51.5947379],[0.1559031,51.5944794],[0.1559208,51.5944109],[0.1560069,51.5940984],[0.1560475,51.5939707],[0.1561676,51.5936666],[0.1561877,51.5936257],[0.1563024,51.5934069],[0.156471,51.5930854],[0.1565726,51.5928897],[0.1567065,51.5926319],[0.1568242,51.5924053]],[[0.1568242,51.5924053],[0.156871,51.5923193],[0.1569254,51.5922195]],[[0.1569254,51.5922195],[0.1570581,51.5919758],[0.157274,51.5916497],[0.1573617,51.5915296],[0.1573794,51.5915091],[0.157626,51.5912622],[0.157953,51.5910153],[0.1580639,51.590942],[0.1582256,51.5908378],[0.1583269,51.5907792],[0.1586668,51.5906223],[0.1590255,51.5904757],[0.1593134,51.5903857],[0.1594779,51.5903432],[0.159682,51.5902977],[0.1601792,51.5902027],[0.1604056,51.5901702],[0.1605594,51.5901417],[0.1607081,51.5901057]],[[0.1607081,51.5901057],[0.1608387,51.590021],[0.1608958,51.589964],[0.1609233,51.5899209],[0.1609492,51.5898689],[0.160989,51.5897241],[0.1610782,51.5892601],[0.1612071,51.5890162],[0.1614591,51.5885395],[0.1615454,51.5883645],[0.1617743,51.5879265]],[[0.1617743,51.5879265],[0.1618137,51.5878607]],[[0.1618137,51.5878607],[0.1618251,51.5878372],[0.1618584,51.587768],[0.1621373,51.5872395],[0.1622376,51.5870449],[0.1622736,51.5869689],[0.1623066,51.5869056],[0.1625261,51.5864851],[0.1625726,51.586396],[0.1628919,51.5857892],[0.1630474,51.585486],[0.163328,51.58495],[0.1633693,51.5848747],[0.1636148,51.584411],[0.1637427,51.5841755],[0.1638275,51.5839989],[0.1639038,51.5838569],[0.1640405,51.5835926],[0.1642749,51.5831484],[0.1643633,51.5829906]],[[0.1643633,51.5829906],[0.1647771,51.5822336]],[[0.1647771,51.5822336],[0.1648232,51.5821423],[0.1648379,51.5821161],[0.1648577,51.582081]],[[0.1648577,51.582081],[0.1648767,51.5820472],[0.164914,51.5819809],[0.1649528,51.581912]],[[0.1649528,51.581912],[0.1650057,51.5816984]],[[0.1650605,51.5815874],[0.1650389,51.5816258],[0.1650057,51.5816984]],[[0.1651978,51.5814385],[0.1651634,51.5814662],[0.1651135,51.5815198],[0.1650908,51.5815434],[0.1650605,51.5815874]],[[0.171893,51.5787874],[0.1717623,51.5787988],[0.1716862,51.5788097],[0.1709981,51.5788922],[0.169711,51.5790497],[0.1695618,51.5790739],[0.1693967,51.5791525],[0.1687364,51.5795073],[0.1676882,51.5800683],[0.1676248,51.5801084],[0.1672595,51.580313],[0.1670576,51.5804165],[0.1661207,51.5809154],[0.1661044,51.5809254],[0.1651978,51.5814385]],[[0.1722175,51.5787495],[0.171893,51.5787874]],[[0.1769912,51.5781741],[0.1768737,51.5781884],[0.1761723,51.5782752],[0.1755837,51.5783368],[0.174355,51.5784768],[0.1731908,51.5786106],[0.1722175,51.5787495]],[[0.1769912,51.5781741],[0.1770735,51.5785167],[0.1771037,51.5785992],[0.1771351,51.5786848],[0.177253,51.578917],[0.1773536,51.579063],[0.177817,51.5797182],[0.1778666,51.5798048],[0.1778773,51.5798565],[0.1778752,51.579868]],[[0.1778752,51.579868],[0.1778581,51.5799613]],[[0.1778741,51.5802626],[0.1779236,51.5802911],[0.1779673,51.5803053],[0.178049,51.5803267],[0.1781433,51.5803292],[0.1782243,51.5803033]],[[0.1846323,51.5773955],[0.1845892,51.5773854],[0.1845446,51.5773829]],[[0.1830253,51.5767037],[0.1831551,51.5765739],[0.1832946,51.5764572],[0.1833107,51.5764105],[0.1833053,51.5763505],[0.1833068,51.5762631],[0.1833154,51.576217],[0.1833366,51.5761756]],[[0.1841947,51.5718187],[0.1842839,51.5717978],[0.1843135,51.5717697],[0.1843042,51.5716908]],[[0.1892412,51.5653144],[0.1895597,51.5652578],[0.1897905,51.5652431],[0.18991,51.5652256],[0.1899465,51.5652182],[0.1899878,51.565199],[0.1900032,51.56519],[0.1900802,51.5651448],[0.1901231,51.5650998],[0.1901601,51.5650384]],[[0.1888941,51.5647836],[0.1887369,51.5647479],[0.1886848,51.5647314],[0.1886544,51.5647082],[0.1885946,51.5646367],[0.1885422,51.5645575]],[[0.1901336,51.5553367],[0.1899384,51.5555845],[0.1898072,51.5557511],[0.1892834,51.5563772],[0.1889713,51.5567726],[0.188897,51.5568732],[0.1887318,51.5571729],[0.1886573,51.5573081],[0.1885353,51.5575889],[0.1883539,51.558029],[0.1882383,51.5583752],[0.1880683,51.5591176],[0.187991,51.5594353],[0.1879431,51.5596528],[0.1879223,51.5597648],[0.1879127,51.5598405],[0.1879287,51.5599654],[0.1879569,51.5600376],[0.187992,51.5601019],[0.1880824,51.5601951],[0.1881751,51.5602707],[0.1883216,51.5603694],[0.1886826,51.5605898],[0.1887898,51.5606672],[0.1892043,51.5610706],[0.189272,51.5611436],[0.1893168,51.5612143],[0.1893336,51.5612763],[0.1893506,51.5613843],[0.1893384,51.5614532],[0.1893119,51.5615168],[0.1890923,51.5618252],[0.1889731,51.5620002],[0.1888467,51.5622501],[0.1887719,51.5625794],[0.1886062,51.563493],[0.1885418,51.5639881],[0.1885284,51.5643637],[0.1885422,51.5645575]],[[0.190515,51.5515284],[0.1907716,51.5518805],[0.190797,51.5519218],[0.1909448,51.5521485],[0.1910155,51.5523407],[0.1910527,51.5524419],[0.1911278,51.552729],[0.1911881,51.5529402],[0.1912117,51.5530572],[0.191248,51.5532752],[0.1912546,51.5535534],[0.1912063,51.5538302],[0.1911393,51.553934],[0.1901336,51.5553367]],[[0.190515,51.5515284],[0.191509,51.5512213],[0.1924522,51.5509344],[0.192623,51.5508866],[0.1935377,51.550631],[0.1936764,51.5505926],[0.1942333,51.5504663],[0.1946174,51.550398],[0.1951323,51.5503864],[0.1953248,51.5503952],[0.1955173,51.5504034],[0.19598,51.5504423],[0.1970374,51.5505913],[0.1976308,51.5507038],[0.198147,51.5508017],[0.1982292,51.5508188],[0.1984574,51.5508661],[0.1985869,51.550893],[0.1987635,51.5509296]],[[0.2029509,51.5455999],[0.2027895,51.5456553],[0.2027051,51.5456768],[0.202374,51.5457648],[0.2020005,51.5458726],[0.2017126,51.5460014],[0.2014897,51.5461262],[0.201217,51.5462998],[0.2010612,51.5464353],[0.2009025,51.5465931],[0.2007592,51.5467745],[0.2006162,51.5470168],[0.2000174,51.548368]],[[0.2013334,51.5392005],[0.201586,51.5394873],[0.2019795,51.5399341],[0.2020495,51.5400136],[0.2021495,51.5401271],[0.2021769,51.5401655],[0.2023212,51.5403673],[0.2025024,51.5406549],[0.2025075,51.5406678],[0.2025697,51.5408176],[0.202633,51.5410032],[0.2026733,51.5411785],[0.2026989,51.5414106],[0.2027347,51.541818],[0.2027442,51.5420342],[0.2027121,51.5422136],[0.2027051,51.542253],[0.2026497,51.5425062],[0.2026139,51.5427128],[0.2025987,51.5428003],[0.2025781,51.5429194],[0.2025258,51.5429927],[0.2025697,51.5430538],[0.2026033,51.5435531],[0.2026078,51.5436585],[0.2026211,51.5440257],[0.2026234,51.5440726],[0.2026517,51.5446256],[0.2027915,51.5451208],[0.2028546,51.5453186],[0.2028668,51.5453569],[0.2028811,51.5453982],[0.2029509,51.5455999]],[[0.2011217,51.5389575],[0.2011614,51.5390053],[0.2011826,51.5390294],[0.2013199,51.5391852],[0.2013334,51.5392005]],[[0.2011217,51.5389575],[0.2011972,51.5389152],[0.2012409,51.5388962],[0.201532,51.5388118],[0.2016162,51.5387668]],[[0.2016162,51.5387668],[0.2017416,51.5387402],[0.2021176,51.5387019],[0.2022588,51.5386946],[0.2026301,51.5386992],[0.202992,51.5387253],[0.2033915,51.5387763],[0.2036944,51.5388248],[0.2039382,51.5388732],[0.2040193,51.5388931],[0.2040689,51.5389052],[0.2042493,51.5389434],[0.2044882,51.5390354],[0.2045563,51.5390605],[0.2047992,51.5392072],[0.2050219,51.5393596],[0.2051523,51.5395026],[0.2052694,51.5396568],[0.2054016,51.5398848],[0.2054563,51.5399793],[0.2055633,51.5401646],[0.2057917,51.5405601],[0.2059074,51.540734],[0.2061204,51.5411164],[0.2061809,51.5412139]],[[0.2061809,51.5412139],[0.2063682,51.5415157],[0.2064248,51.5416089],[0.2064791,51.5417069],[0.2065641,51.5418599],[0.2065887,51.5419049],[0.206786,51.5422344],[0.2068399,51.5423206],[0.2069555,51.5425189],[0.2070294,51.542633],[0.2071357,51.5427546],[0.2072965,51.5428955]],[[0.2072965,51.5428955],[0.2076007,51.5431113],[0.2076687,51.5431462],[0.2077445,51.543185],[0.2078203,51.5432238],[0.2081438,51.5433354],[0.2084753,51.5434229],[0.2086787,51.5434553],[0.2087619,51.5434681],[0.2088085,51.5434719],[0.2090308,51.5434921],[0.2092144,51.5434914],[0.2093888,51.543483],[0.2097455,51.5434537],[0.2100601,51.5434189],[0.2103763,51.5433639],[0.210725,51.5432939],[0.2110098,51.543243],[0.2113056,51.5431861],[0.211635,51.5431046],[0.2118836,51.5430251],[0.2121549,51.542921],[0.2127587,51.5426987],[0.2128879,51.5426549],[0.2130138,51.5426237],[0.2131079,51.5426161]],[[0.2156178,51.5457605],[0.2155561,51.5456623],[0.2155451,51.5456447],[0.2155313,51.5456243],[0.2154705,51.545526],[0.2148678,51.544529],[0.2148349,51.5444775],[0.2144972,51.5439479],[0.2142296,51.5435496],[0.2141368,51.5434051],[0.2141086,51.5433614],[0.2140794,51.5433161],[0.2138883,51.5430087],[0.2137783,51.5428444],[0.2137019,51.5427719],[0.2135937,51.5427162],[0.2134761,51.542667],[0.2133415,51.5426362],[0.2132445,51.5426217],[0.2131079,51.5426161]],[[0.2166353,51.5472678],[0.2164732,51.5470469],[0.2160678,51.5464702],[0.2158424,51.546118],[0.2157865,51.546029],[0.2156406,51.5457968],[0.2156178,51.5457605]],[[0.2183538,51.5507352],[0.2183217,51.550544],[0.2182748,51.5503591],[0.2182356,51.5502147],[0.218185,51.5500804],[0.2180957,51.5498355],[0.2179482,51.5494746],[0.2178197,51.5491612],[0.21781,51.5491285],[0.2176932,51.5488404],[0.2176072,51.5486572],[0.217521,51.5484737],[0.2174219,51.5483277],[0.2171166,51.5479189],[0.2169052,51.5476372],[0.216892,51.5476196],[0.2168244,51.5475295],[0.2166353,51.5472678]],[[0.2191367,51.553777],[0.2191038,51.5537091],[0.2189821,51.5534145],[0.2187963,51.5530372],[0.2187717,51.5529818],[0.2187003,51.5527843],[0.2186051,51.5525171],[0.2185769,51.5524388],[0.218526,51.552201],[0.2184912,51.5519389],[0.218489,51.5516441],[0.2184819,51.5516061],[0.218449,51.551405],[0.2184181,51.5512045],[0.2183525,51.5507455],[0.2183538,51.5507352]],[[0.2193577,51.5542457],[0.2192716,51.5540261],[0.2191367,51.553777]],[[0.2208667,51.5609007],[0.2208228,51.5608298],[0.2207192,51.5606437],[0.2206529,51.5603614],[0.2206226,51.5602262],[0.2206002,51.5601196],[0.2205943,51.5600903],[0.2205928,51.5600727],[0.2205739,51.5596421],[0.2205622,51.5594765],[0.2205599,51.5594368],[0.2205485,51.5591515],[0.220546,51.5591059],[0.2205297,51.5589037],[0.2205025,51.5586698],[0.2204997,51.558653],[0.2204447,51.5582144],[0.2204213,51.5579294],[0.2204229,51.557744],[0.2204267,51.5577266],[0.2204359,51.5576907],[0.2204505,51.5576343],[0.2205114,51.5573776],[0.220524,51.5572072],[0.2204964,51.5570624],[0.2204089,51.5566854],[0.2203745,51.5565613],[0.2202937,51.5562162],[0.2202233,51.5559878],[0.2200837,51.5556388],[0.2200613,51.5555978],[0.2197511,51.5550032],[0.2195287,51.5545863],[0.2194771,51.5544835],[0.2194497,51.554429],[0.2193577,51.5542457]],[[0.2208667,51.5609007],[0.2209102,51.561089],[0.2209037,51.5612017]],[[0.1650858,51.6090878],[0.1655416,51.609129]],[[0.1621448,51.6089089],[0.1634493,51.6089939],[0.1638859,51.609022],[0.1650858,51.6090878]],[[0.1613745,51.6088515],[0.1621448,51.6089089]],[[0.1612095,51.6088425],[0.1613745,51.6088515]],[[0.1566333,51.6088453],[0.1579675,51.6088548],[0.1584697,51.6088572],[0.1602381,51.6088624],[0.1605581,51.6088546],[0.1609631,51.6088395],[0.161161,51.6088394],[0.1612095,51.6088425]],[[0.1531291,51.5976933],[0.1531378,51.5977694],[0.1531646,51.5978862],[0.153007,51.5994721],[0.152908,51.6009139],[0.1528922,51.601144],[0.1529069,51.6011695],[0.152978,51.6013973],[0.1531926,51.6015839],[0.1534133,51.6017079],[0.1536514,51.6018681],[0.1542218,51.6022519],[0.1546947,51.6025701],[0.1547846,51.6026412],[0.1549115,51.6030457],[0.1553069,51.604306],[0.1553767,51.6045039],[0.1554904,51.6049201],[0.15561,51.6052914],[0.1556865,51.6055646],[0.1557541,51.6058143],[0.1558049,51.6060533],[0.1558482,51.6062572],[0.1559959,51.6067846],[0.1560365,51.6069294],[0.1560852,51.6071045],[0.1561804,51.6074466],[0.1562342,51.6076398],[0.156463,51.6083456],[0.1566333,51.6088453]],[[0.1531291,51.5976933],[0.1532293,51.5976919]],[[0.1532293,51.5976919],[0.1535106,51.597694]],[[0.1535106,51.597694],[0.1541982,51.5977579],[0.1542353,51.5977617]],[[0.1542353,51.5977617],[0.1544011,51.5977761]],[[0.1544011,51.5977761],[0.1544841,51.597785],[0.1548541,51.5978155]],[[0.1548541,51.5978155],[0.1552057,51.5978519]],[[0.1552057,51.5978519],[0.1553311,51.5978649]],[[0.1553311,51.5978649],[0.1555134,51.5978838],[0.155667,51.5978997],[0.1559316,51.5979271]],[[0.1612754,51.5988158],[0.161533,51.5988747],[0.1616088,51.598892]],[[0.1616088,51.598892],[0.1618619,51.5989499]],[[0.1618619,51.5989499],[0.1620585,51.5989949],[0.1622167,51.5990238],[0.1623793,51.5990628]],[[0.1623793,51.5990628],[0.1625757,51.5991235]],[[0.1625757,51.5991235],[0.1629957,51.5993183]],[[0.2078594,51.578039],[0.2078235,51.5780624],[0.2077926,51.5780948],[0.2077688,51.5781305],[0.2077454,51.578177]],[[0.2077454,51.578177],[0.2077272,51.5782227],[0.2077212,51.5782563],[0.207727,51.5782866],[0.2077412,51.5783119],[0.2077615,51.5783301]],[[0.2054794,51.5808787],[0.2054963,51.5808601],[0.2057003,51.5806353],[0.2060791,51.5802139],[0.2062493,51.5800218],[0.2062779,51.5799907],[0.2067188,51.5795119],[0.2075454,51.5785492],[0.2076687,51.5784242],[0.2077615,51.5783301]],[[0.2050934,51.5811938],[0.2053017,51.5810399],[0.2054794,51.5808787]],[[0.2050934,51.5811938],[0.2054474,51.5813211],[0.2057624,51.5814065],[0.2061103,51.5814742],[0.2065699,51.5815563],[0.2067847,51.5815732],[0.2070101,51.581576],[0.2071913,51.5815592],[0.207315,51.5815245],[0.207768,51.5813803],[0.2079861,51.5813472],[0.2081882,51.581343],[0.2085338,51.5813683],[0.2086997,51.5813926]],[[0.2086997,51.5813926],[0.2094117,51.5815428],[0.2095986,51.5815769],[0.2099919,51.5816523],[0.210455,51.5817394],[0.2113854,51.5819024],[0.2115593,51.5819378],[0.2126625,51.5821553],[0.2128983,51.5821971],[0.2131561,51.5822428],[0.2139227,51.5823989],[0.2146371,51.5825451],[0.2156471,51.58276],[0.2162829,51.5828709],[0.2173379,51.58307],[0.2185549,51.5833507],[0.2188381,51.583408],[0.2196872,51.5835714],[0.2200353,51.5836151],[0.220306,51.5836491],[0.2203815,51.5836586],[0.2204853,51.5836716]],[[0.2204853,51.5836716],[0.2204877,51.58381],[0.2204913,51.5838999],[0.2205102,51.5840849],[0.2205339,51.5843698],[0.2205493,51.5845056],[0.2205584,51.5845946],[0.2205781,51.5847158],[0.2206055,51.5848554],[0.2206624,51.5850001],[0.22075,51.5851657],[0.2208475,51.5853415],[0.2210214,51.5856114],[0.2211834,51.5858437],[0.2213401,51.5860537],[0.2213999,51.5861187],[0.221531,51.5861849],[0.2216993,51.5862383],[0.2220175,51.5863297],[0.2225418,51.586491],[0.2230739,51.5866403],[0.2234213,51.5867429]],[[0.2234213,51.5867429],[0.2234674,51.5867568],[0.2237698,51.5868478],[0.2238348,51.5868669],[0.2240178,51.5869123]],[[0.2240178,51.5869123],[0.2242325,51.5869645]],[[0.2242325,51.5869645],[0.2243865,51.5870028],[0.2244402,51.5870166],[0.2245557,51.5870566]],[[0.2245557,51.5870566],[0.2248389,51.5871421],[0.225149,51.5872389],[0.2254501,51.5873314],[0.2259662,51.5874915],[0.2267606,51.5877322],[0.2268847,51.5877676],[0.2274066,51.587901],[0.2275149,51.5879292],[0.2277354,51.5879851],[0.228656,51.5882008],[0.2290824,51.5882889],[0.2292647,51.5883255],[0.229324,51.5883374],[0.2293864,51.58835],[0.229961,51.5884654],[0.2326402,51.5891535],[0.2329766,51.5892388],[0.2331817,51.5892908],[0.2334394,51.5893774],[0.2335565,51.5894167]],[[0.2326733,51.5929529],[0.2326804,51.5931069],[0.2326744,51.5932574]],[[0.2326307,51.5935763],[0.2326286,51.5936364],[0.2326183,51.5938777],[0.232612,51.5940257],[0.2326488,51.5948138],[0.2324455,51.5955232],[0.2324008,51.5959313],[0.2324182,51.596767],[0.2324211,51.5968125],[0.2324403,51.5972101],[0.232444,51.5974325],[0.2324406,51.597528],[0.2324132,51.5976425],[0.2323504,51.597767],[0.232229,51.5979352],[0.2321642,51.5980397],[0.2321392,51.598073],[0.2321059,51.5981114],[0.2320798,51.5981484],[0.2319919,51.59824]],[[0.2319426,51.5983061],[0.2319919,51.59824]],[[0.2318922,51.5983736],[0.2319426,51.5983061]],[[0.2278595,51.6039303],[0.2283982,51.6031862],[0.2285321,51.6029901],[0.2287006,51.6027666],[0.2291401,51.6021538],[0.2305136,51.6002559],[0.2305393,51.600224],[0.2306273,51.6000922],[0.2307139,51.5999722],[0.2312089,51.5992874],[0.2317256,51.59859],[0.2317818,51.5985046],[0.2318103,51.5984661],[0.2318922,51.5983736]],[[0.2275556,51.6043509],[0.2276983,51.604163],[0.2278595,51.6039303]],[[0.2231381,51.6079562],[0.2234324,51.6075877],[0.2234455,51.6075698],[0.2237053,51.6072155],[0.2237785,51.6071129],[0.2238701,51.6070122],[0.2240013,51.6068333],[0.2240749,51.6067416],[0.2241158,51.6066836],[0.2244043,51.6063219],[0.2244918,51.6062083],[0.2245745,51.6061],[0.2246819,51.6060051],[0.2248622,51.6058658],[0.2250427,51.6057532],[0.2251493,51.6056962],[0.2252601,51.6056436],[0.2254213,51.6055727],[0.2255966,51.6055106],[0.2259443,51.6054054],[0.2263917,51.6052609],[0.2266436,51.6051587],[0.2268881,51.605023],[0.2271086,51.6048771],[0.227272,51.6047191],[0.2273935,51.6045813],[0.2275556,51.6043509]],[[0.2231381,51.6079562],[0.2229312,51.6080742],[0.2228115,51.6081421]],[[0.222618,51.608227],[0.2225959,51.6082675],[0.2225872,51.6083413]],[[0.2299641,51.6094697],[0.2299944,51.6093504],[0.2300486,51.6092783]],[[0.2239152,51.6129016],[0.2248804,51.6127588],[0.2259174,51.6126055],[0.226202,51.6125634],[0.2264285,51.6125298],[0.2269535,51.6124518],[0.2272673,51.6124039],[0.2275664,51.6123477],[0.2277101,51.6123129],[0.2278065,51.6122857],[0.2280749,51.6122094],[0.2283091,51.61211],[0.2285964,51.6119729],[0.22868,51.6119207],[0.2287445,51.6118804],[0.2287953,51.6118487],[0.2288746,51.6117962],[0.2290305,51.6116929],[0.2292516,51.6114998],[0.2294421,51.6112878],[0.2295106,51.6111893],[0.2295756,51.6110823],[0.2296426,51.6109539],[0.2296542,51.6109156],[0.2296627,51.6108868],[0.2297105,51.6107259],[0.2297938,51.6103721],[0.2298908,51.6099861],[0.2299226,51.6097623],[0.2299641,51.6094697]],[[0.2238229,51.6129184],[0.2239152,51.6129016]],[[0.223681,51.6129394],[0.2238229,51.6129184]],[[0.2235738,51.6129492],[0.2236463,51.6129379],[0.223681,51.6129394]],[[0.2233176,51.6129701],[0.2235738,51.6129492]],[[0.2233176,51.6129701],[0.2233651,51.6133775],[0.2233034,51.6139551],[0.2232196,51.6141874],[0.2230447,51.6145689],[0.2228806,51.6149338],[0.2227905,51.6151156],[0.2226799,51.6152958],[0.2224865,51.6155591]],[[0.2224865,51.6155591],[0.2219857,51.616203],[0.2216448,51.616599],[0.2215417,51.6167009],[0.2213452,51.6169093],[0.2211237,51.6170898]],[[0.1630433,51.5991877],[0.1625757,51.5991235]],[[0.1531291,51.5976933],[0.1530922,51.5976424],[0.1529319,51.5976246],[0.1523592,51.5975674],[0.1520133,51.5975427]],[[0.1520133,51.5975427],[0.1518408,51.5975187]],[[0.14987218586723408,51.59699910224369],[0.1503358,51.597177],[0.1506177,51.597266],[0.1511523,51.597395],[0.1518408,51.5975187]],[[0.1729054,51.5859964],[0.1727743,51.5861035],[0.172694,51.5861392],[0.1725207,51.5861593],[0.1723397,51.5861374]],[[0.1723397,51.5861374],[0.1715497,51.5856531],[0.1696483,51.5845299],[0.1694468,51.5844108],[0.1677859,51.5833954],[0.1675119,51.583228],[0.166147,51.5823927]],[[0.166147,51.5823927],[0.1659719,51.582286],[0.165714,51.5821289],[0.165306,51.5818795],[0.1652469,51.5818434],[0.1650057,51.5816984]],[[0.1650057,51.5816984],[0.1647539,51.5815753],[0.1640327,51.5812202],[0.1626984,51.5807307],[0.1621565,51.5805768],[0.1614956,51.5804648],[0.160102,51.5803307],[0.1595988,51.580318],[0.1588498,51.5803479]],[[0.1588498,51.5803479],[0.1554982,51.5804652],[0.1553938,51.5804689],[0.1481794,51.5807231],[0.14744390036105356,51.58074901300593]],[[0.2335213,51.5934185],[0.2341037,51.5936015],[0.2341959,51.5936304],[0.2351374,51.593941],[0.2354036,51.5940395],[0.2356465,51.5941531],[0.2357394,51.594207],[0.235805,51.5942709]],[[0.235805,51.5942709],[0.2358362,51.594317],[0.2358575,51.5943659]],[[0.2358575,51.5943659],[0.2358655,51.5945405],[0.2358543,51.5947177],[0.2358218,51.5948975],[0.2357809,51.595027]],[[0.2357809,51.595027],[0.2358393,51.5950383],[0.2361059,51.595195]],[[0.2361059,51.595195],[0.2362343,51.5952718]],[[0.2362343,51.5952718],[0.2363348,51.5953268],[0.2364024,51.595368]],[[0.2364024,51.595368],[0.2371625,51.5958259],[0.2372388,51.595873]],[[0.2372388,51.595873],[0.2374979,51.5960295]],[[0.2374979,51.5960295],[0.2376882,51.5961489]],[[0.2376882,51.5961489],[0.2378025,51.5962175],[0.2379205,51.5962872]],[[0.2379205,51.5962872],[0.2385333,51.5966641],[0.2389396,51.5969141],[0.2390998,51.5970127],[0.2393905,51.5971915],[0.2394294,51.5972154],[0.2394365,51.5972198]],[[0.2394365,51.5972198],[0.2395568,51.5973016],[0.2396217,51.5973365],[0.24006,51.5975745],[0.2403197,51.5977035],[0.2404509,51.5977661]],[[0.2404509,51.5977661],[0.2406064,51.5978349]],[[0.2406064,51.5978349],[0.240863,51.5979441]],[[0.240863,51.5979441],[0.2414245,51.5981801]],[[0.2414245,51.5981801],[0.2414501,51.5981919],[0.2417029,51.5983033]],[[0.2417029,51.5983033],[0.2419379,51.5984037]],[[0.2419379,51.5984037],[0.242233,51.5985305]],[[0.242233,51.5985305],[0.242568,51.5986758]],[[0.242568,51.5986758],[0.2427815,51.598773],[0.2429409,51.5988275],[0.243114,51.5988788],[0.2434489,51.5989511],[0.2438564,51.5990522],[0.2443079,51.5991735]],[[0.2443079,51.5991735],[0.2445729,51.5992558]],[[0.2445729,51.5992558],[0.2451572,51.5994419]],[[0.2451572,51.5994419],[0.2462805,51.5997959],[0.246474,51.5998599],[0.2468895,51.5999855]],[[0.2468895,51.5999855],[0.247172,51.6000716]],[[0.247172,51.6000716],[0.2473902,51.6001393]],[[0.2473902,51.6001393],[0.2477123,51.6002449],[0.2478344,51.6002856]],[[0.2478344,51.6002856],[0.2483874,51.6004616]],[[0.2483874,51.6004616],[0.2485801,51.6005197],[0.2489159,51.6006224]],[[0.2487372,51.6008423],[0.2489159,51.6006224]],[[0.2485117,51.601138],[0.2487372,51.6008423]],[[0.2483379,51.601359],[0.2484104,51.6012724],[0.2485117,51.601138]],[[0.2482945,51.6014169],[0.2483379,51.601359]],[[0.247102,51.6029564],[0.2471557,51.6028945],[0.2477706,51.6020927],[0.2479506,51.6018629],[0.2482945,51.6014169]],[[0.2470139,51.6030542],[0.2470759,51.6030418],[0.2471041,51.6030093],[0.2471129,51.6029787],[0.247102,51.6029564]],[[0.2470139,51.6030542],[0.2468435,51.6029978],[0.2457006,51.6026286],[0.2454151,51.6025284],[0.2450805,51.6024149]],[[0.2450805,51.6024149],[0.2449881,51.6024061],[0.2448873,51.6024078],[0.2447966,51.6024281],[0.2447622,51.6024547],[0.24472,51.602491]],[[0.24472,51.602491],[0.2446908,51.6025297],[0.2446736,51.6026202],[0.2446667,51.6026624],[0.2446139,51.6028428],[0.2446132,51.6028968],[0.244618,51.6029255]],[[0.244618,51.6029255],[0.2445131,51.6031394],[0.2444246,51.6033196],[0.2442631,51.603468],[0.2441728,51.6035202],[0.244062,51.6035693],[0.2438168,51.603622]],[[0.2380827,51.6037262],[0.2375823,51.6038221],[0.237279,51.6038915],[0.2372013,51.6039093],[0.2370949,51.6039394],[0.2368816,51.6040158],[0.2367838,51.6040658],[0.2365003,51.6042375],[0.2363539,51.6043355],[0.2363179,51.6043596],[0.2359816,51.6045851],[0.2356083,51.6048412],[0.2355505,51.6048793],[0.2352972,51.6050432],[0.2351628,51.6051311],[0.2345761,51.6055151],[0.2344224,51.6056223],[0.2341844,51.6057747],[0.2340303,51.6058682],[0.2337998,51.6059578],[0.233644,51.6059924]],[[0.233644,51.6059924],[0.2334668,51.6060184],[0.2332941,51.6060234],[0.2331091,51.6060151],[0.2329079,51.6059799],[0.2327538,51.6059391],[0.2326644,51.6059037],[0.2320955,51.6056783],[0.2319021,51.6056062],[0.2315989,51.6055048],[0.2311764,51.60537],[0.2307471,51.6052432]],[[0.2307471,51.6052432],[0.2306518,51.6052178]],[[0.2306518,51.6052178],[0.2305048,51.6051739]],[[0.2305048,51.6051739],[0.2303619,51.6051335],[0.2302455,51.605102],[0.2299292,51.6050148]],[[0.2299292,51.6050148],[0.2298588,51.6049954]],[[0.2298588,51.6049954],[0.2298051,51.6049806]],[[0.2298051,51.6049806],[0.2296846,51.6049487],[0.2295118,51.6049059],[0.2292536,51.6048262],[0.2291558,51.6047965]],[[0.2291558,51.6047965],[0.2285011,51.6046131],[0.228006,51.6044744],[0.2279826,51.604468],[0.2277457,51.604403]],[[0.2277457,51.604403],[0.2276276,51.6043706],[0.2275556,51.6043509]],[[0.2217646,51.6003309],[0.2220765,51.6008527],[0.2223268,51.6012631],[0.2224506,51.6014706],[0.2225782,51.6016829],[0.2226802,51.6018229],[0.2227798,51.6019596],[0.2228929,51.6020574],[0.2230493,51.602161],[0.2233927,51.6023216],[0.2234812,51.6023606],[0.2240963,51.6026314],[0.2244493,51.6027812],[0.2248791,51.6029744],[0.2254198,51.6031936],[0.2255149,51.6032288],[0.2256273,51.6032705],[0.2257442,51.6033128],[0.2258765,51.6033622],[0.226037,51.6034109],[0.2262696,51.6034818],[0.2265034,51.6035483],[0.2276466,51.6038727],[0.2278595,51.6039303]],[[0.2124099,51.5963109],[0.2125288,51.5963247],[0.2128975,51.5964044],[0.2130546,51.5964482],[0.213129,51.5964681],[0.2133292,51.5965218],[0.2135549,51.5965843],[0.2136478,51.5966076],[0.2139966,51.5967066],[0.2146247,51.5968762],[0.2149332,51.596962],[0.2152289,51.5970443],[0.2163518,51.5973566],[0.2164852,51.5973952],[0.2168575,51.5975017],[0.2169642,51.5975267],[0.2174001,51.5976626],[0.2178315,51.5978113],[0.218188,51.5979681]],[[0.213147,51.5932661],[0.2131239,51.5932033],[0.2130999,51.5931305],[0.2130925,51.5930655],[0.213092,51.5929941],[0.2130979,51.5929177]],[[0.2130979,51.5929177],[0.2131237,51.592901]],[[0.2131237,51.592901],[0.2131583,51.5928785],[0.2132044,51.5928325],[0.2132342,51.5927815],[0.2132464,51.5927277],[0.2132405,51.5926736]],[[0.2132405,51.5926736],[0.213219,51.5926249]],[[0.213219,51.5926249],[0.2131828,51.5925797],[0.2131332,51.5925396],[0.2130722,51.5925062],[0.213002,51.5924807],[0.2128915,51.5924539],[0.2128448,51.592457]],[[0.2128448,51.592457],[0.2126789,51.5923925]],[[0.2126789,51.5923925],[0.2124517,51.5923221],[0.2123442,51.5923192]],[[0.2091527,51.5834767],[0.2093473,51.5838228],[0.2098923,51.584418],[0.2102928,51.5847938],[0.2109159,51.5853784],[0.2109996,51.5855294],[0.2109904,51.5867099],[0.211072,51.5869814],[0.2112263,51.5875184],[0.2112409,51.5878411],[0.2112949,51.5888471],[0.2117122,51.5897588],[0.2117077,51.5899823],[0.2116289,51.5901082],[0.2114461,51.5902243],[0.2103372,51.5908399],[0.2102526,51.5908843],[0.2102076,51.5909066],[0.2101729,51.5909234],[0.2101089,51.5909543],[0.2099992,51.5910119]],[[0.2090921,51.5832845],[0.2091116,51.5833464],[0.2091527,51.5834767]],[[0.2090556,51.5830412],[0.2090921,51.5832845]],[[0.2086997,51.5813926],[0.2089165,51.5824015],[0.2089881,51.5827176],[0.2090098,51.5828569],[0.2090556,51.5830412]],[[0.2077615,51.5783301],[0.2077933,51.5783511],[0.2078311,51.5783645],[0.2078722,51.578372],[0.2079205,51.5783726],[0.2079631,51.5783664]],[[0.2079631,51.5783664],[0.2080098,51.5783553],[0.2080503,51.5783354],[0.2080837,51.578311],[0.2081094,51.5782781],[0.2081251,51.5782509],[0.2081373,51.5782213],[0.2081461,51.5781825],[0.2081488,51.5781515],[0.2081484,51.5781238],[0.208144,51.5780987],[0.2081304,51.5780727],[0.2081094,51.5780516],[0.2080761,51.5780325],[0.2080393,51.5780175]],[[0.1956312,51.5775852],[0.1957318,51.5776195],[0.1961523,51.5777463],[0.1963046,51.5777878],[0.1964923,51.577839],[0.196899,51.5778782],[0.1982142,51.5778106],[0.199306,51.5778192],[0.199656,51.5778201],[0.1998324,51.5778209],[0.2003163,51.5778218],[0.2014647,51.5778216],[0.2019313,51.5778247],[0.20215,51.577825],[0.203369,51.5778342],[0.2034707,51.5778343],[0.2046033,51.5778368],[0.2049583,51.5778351],[0.2057405,51.5778456],[0.2066032,51.5779813],[0.2075219,51.5781387],[0.2077454,51.578177]],[[0.1953155,51.5774987],[0.1956312,51.5775852]],[[0.1877628,51.575267],[0.1878926,51.5753069],[0.188277,51.575425],[0.1883985,51.5754571],[0.1885034,51.5754869],[0.1888625,51.5755887],[0.1895628,51.5757941],[0.1901227,51.5759584],[0.1904119,51.5760432],[0.1905638,51.5760884],[0.1918567,51.5764733],[0.1919368,51.576499],[0.1924009,51.5766477],[0.1930253,51.5768323],[0.1937646,51.5770495],[0.1952842,51.5774886],[0.1953155,51.5774987]],[[0.1875228,51.5752013],[0.1876044,51.5752236],[0.1876575,51.5752382],[0.1877628,51.575267]],[[0.1873939,51.5751615],[0.1875228,51.5752013]],[[0.1873042,51.5751369],[0.1873939,51.5751615]],[[0.187094,51.5750815],[0.1872294,51.5751164],[0.1872705,51.5751277],[0.1873042,51.5751369]],[[0.1869405,51.5750313],[0.187094,51.5750815]],[[0.1838686,51.5741728],[0.1839712,51.5741733],[0.1840545,51.5741817],[0.1841271,51.574192],[0.1841744,51.5742011],[0.1842404,51.57422],[0.1846153,51.5743326],[0.1851221,51.5744825],[0.1853094,51.5745379],[0.1855993,51.5746236],[0.1861187,51.5747773],[0.186264,51.5748203],[0.186594,51.5749179],[0.1866642,51.5749409],[0.1869405,51.5750313]],[[0.1804488,51.5713739],[0.1804139,51.5715337],[0.1804032,51.5716212],[0.1803852,51.5716852],[0.1803563,51.5717304],[0.1802839,51.5717988],[0.1799601,51.5721187],[0.1796328,51.5724456],[0.1795178,51.5725809],[0.179495,51.5726125],[0.1793896,51.5727588],[0.1793443,51.5728253],[0.1792071,51.5730411],[0.1791824,51.57308],[0.1791611,51.5731135],[0.1790522,51.5732917],[0.1789519,51.5734618]],[[0.1789519,51.5734618],[0.1787595,51.5737618]],[[0.1787595,51.5737618],[0.178716,51.5738417],[0.1786405,51.5739729]],[[0.1786405,51.5739729],[0.1779806,51.5752798]],[[0.1779806,51.5752798],[0.1775786,51.5760603],[0.1775491,51.576107],[0.1775193,51.5761428],[0.1774804,51.5761711],[0.1774496,51.5761869],[0.1773959,51.5762078],[0.177344,51.5762186],[0.1772778,51.5762229]],[[0.1772778,51.5762229],[0.1772319,51.5762284]],[[0.1772319,51.5762284],[0.177197,51.5762325],[0.1771131,51.5762495],[0.1770146,51.5763022],[0.1769503,51.5763848],[0.1769167,51.5764348]],[[0.1769167,51.5764348],[0.1769239,51.5764981],[0.1769493,51.5765802]],[[0.1769493,51.5765802],[0.1769585,51.576725]],[[0.1769585,51.576725],[0.1769627,51.5767912],[0.1769792,51.5768529],[0.1770218,51.5769854],[0.1770282,51.5770989],[0.1770206,51.5771853],[0.1769802,51.5776421],[0.176967,51.5778868],[0.1769912,51.5781741]],[[0.2006164,51.5742618],[0.2006194,51.5742285],[0.2007183,51.5740462],[0.2009184,51.5737777],[0.2013477,51.573277],[0.2015202,51.5731377],[0.2018817,51.5728459],[0.2021464,51.5726769],[0.2024378,51.5725172],[0.202868,51.5723097],[0.2029244,51.5722825],[0.2029648,51.5722684],[0.2033616,51.5721469],[0.2038115,51.5720135],[0.2040651,51.5719351],[0.2043595,51.5718401],[0.2044972,51.571794],[0.2049001,51.5716579],[0.2052337,51.571552],[0.2056891,51.5714101],[0.2060481,51.5713093],[0.2063755,51.5712236],[0.2072479,51.5710087],[0.2081664,51.5707771],[0.2087108,51.5706328],[0.2089272,51.5705755],[0.2101903,51.5702535]],[[0.2101903,51.5702535],[0.2099515,51.5699161],[0.2098657,51.5695587],[0.2098565,51.5695132],[0.2098275,51.5693688],[0.2097741,51.5691064],[0.2096683,51.5685717],[0.209488,51.5677021],[0.2092305,51.5666831],[0.2091236,51.5663076],[0.2089189,51.5655887],[0.208913,51.565568],[0.2087327,51.5647837],[0.2084546,51.5638878],[0.2084495,51.5638713],[0.2084402,51.5638574],[0.208192,51.5634871]],[[0.2211521,51.5611349],[0.221026,51.5610565],[0.2208667,51.5609007]],[[0.2183538,51.5507352],[0.2189649,51.550679],[0.2190497,51.5506706],[0.2208032,51.5505028],[0.2214825,51.5504393]],[[0.2214825,51.5504393],[0.2213843,51.5499384],[0.2213764,51.5498856],[0.2213936,51.5498514],[0.2214736,51.5497948],[0.2224753,51.5492868],[0.2236436,51.548683],[0.2240172,51.5485071]],[[0.2240172,51.5485071],[0.2240683,51.5484535],[0.2241769,51.5482992]],[[0.226846,51.5492152],[0.2267788,51.5491842],[0.2256957,51.548685],[0.2256189,51.5486617],[0.2241769,51.5482992]],[[0.2292457,51.5501374],[0.2291881,51.5501361],[0.2289634,51.5501397],[0.2288881,51.5501358],[0.228823,51.5501162],[0.2285743,51.5500081],[0.2271837,51.5493692],[0.226846,51.5492152]],[[0.2292457,51.5501374],[0.2292984,51.5501539],[0.2293236,51.5501896],[0.2293339,51.5502887],[0.229351,51.5504526],[0.2294279,51.5511922],[0.22947,51.5517314],[0.2294857,51.5519323],[0.2295352,51.5524083]],[[0.2298965,51.555515],[0.2298363,51.5554613],[0.2298254,51.5553392],[0.2297598,51.5546045],[0.2297449,51.5544373],[0.2296403,51.5532859],[0.2296255,51.55318],[0.2296131,51.5530522],[0.2295661,51.5527176],[0.2295469,51.5525594],[0.2295378,51.5524563],[0.2295352,51.5524083]],[[0.2298965,51.555515],[0.2301134,51.5555105]],[[0.2301134,51.5555105],[0.2301423,51.5556962],[0.2301121,51.5558406],[0.2300828,51.5559778],[0.22999,51.5561576],[0.2298559,51.556345]],[[0.2298559,51.556345],[0.2297847,51.5564287],[0.2296304,51.5566204]],[[0.2296304,51.5566204],[0.2295456,51.556723],[0.2292955,51.5570541],[0.2292101,51.5571594],[0.229099,51.5573439],[0.229013,51.557533],[0.2290064,51.5576665],[0.2289941,51.5577793],[0.2289515,51.5578724]],[[0.2289515,51.5578724],[0.2289886,51.5579275],[0.2290289,51.5580171],[0.2290566,51.5581984],[0.229114,51.5584493],[0.2291815,51.5587951],[0.2292225,51.5589406],[0.2292736,51.5591138],[0.2293312,51.5592464],[0.2293743,51.5593307],[0.2294564,51.5594813],[0.229535,51.559617],[0.2296088,51.5597876],[0.2296538,51.5598975],[0.2296661,51.5599327],[0.2296787,51.5599689],[0.2297334,51.5601259]],[[0.2297334,51.5601259],[0.2297832,51.5602159],[0.2298313,51.5602806],[0.2298584,51.560304],[0.2298887,51.5603302],[0.2299267,51.560363],[0.2300467,51.5604476],[0.2301801,51.5605233],[0.2302497,51.5605567],[0.2303721,51.5606155],[0.2306094,51.5607283],[0.2306618,51.5607532],[0.2307066,51.5607795],[0.2309185,51.5609039],[0.2312191,51.561087],[0.2313208,51.5611476],[0.2315969,51.5613179],[0.2319021,51.5615067],[0.2321501,51.5616691],[0.2323008,51.5617714],[0.2325319,51.5619376],[0.2326097,51.5620009]],[[0.2326097,51.5620009],[0.2326958,51.5620648],[0.2329187,51.5622303],[0.2331188,51.5623617],[0.2331607,51.562392]],[[0.2331607,51.562392],[0.2335144,51.5626299]],[[0.2335144,51.5626299],[0.2335528,51.5626586],[0.2339057,51.5629133],[0.2343226,51.5631995]],[[0.2343226,51.5631995],[0.234422,51.5633017],[0.2345412,51.5634724],[0.2346098,51.563624],[0.2346513,51.5637273],[0.2346793,51.5637966],[0.2348426,51.5643157],[0.2349397,51.564576],[0.2349933,51.5646742],[0.2350771,51.5647808],[0.2353606,51.565158],[0.2355868,51.5654876],[0.2358195,51.565819],[0.2360571,51.5661492],[0.2362985,51.5664657],[0.2366978,51.5669573],[0.2367953,51.5670944],[0.2369125,51.5672864],[0.2370192,51.56748],[0.237101,51.5676494],[0.2374077,51.568368],[0.2376169,51.5688443],[0.2376721,51.5690393],[0.2376994,51.5692243],[0.2377424,51.5695878],[0.2378282,51.5700253],[0.2378539,51.57018]],[[0.2378539,51.57018],[0.2379398,51.5704947],[0.2379655,51.5708628],[0.237945,51.5711003],[0.2378196,51.5714763],[0.2377741,51.5716368],[0.2377268,51.5717271],[0.2375364,51.5719244],[0.2374248,51.5720471],[0.2372274,51.5722552],[0.2369522,51.5725319],[0.2369356,51.5725486],[0.2366952,51.5729167],[0.236561,51.5731689],[0.2364861,51.5733452],[0.2364593,51.5734083],[0.2363557,51.5736847],[0.2362757,51.5739309],[0.2360467,51.5746749],[0.2359299,51.5750961],[0.2357937,51.5755342],[0.2356947,51.5758803]],[[0.2400426,51.5776482],[0.2400469,51.5774827],[0.2400372,51.5774335],[0.2399783,51.5773028],[0.239835,51.5770262],[0.2397337,51.5768154],[0.2395577,51.576452],[0.2394805,51.5763296],[0.2391894,51.5762888],[0.2388946,51.5762559],[0.2386944,51.5762325],[0.238314,51.5761944],[0.2370845,51.576057],[0.2365601,51.5759931],[0.2360858,51.5759336],[0.2356947,51.5758803]],[[0.23522,51.5782593],[0.2354152,51.5782695],[0.2358884,51.5782782],[0.2363476,51.5783212],[0.236865,51.5783765],[0.237236,51.5783682],[0.2375879,51.5783522],[0.2379913,51.5783122],[0.2383432,51.5782776],[0.2385704,51.5782468],[0.2388153,51.5781869],[0.238948,51.5781887],[0.2392187,51.5781495],[0.2394761,51.5781015],[0.2396716,51.5780444],[0.239768,51.5780162],[0.2398967,51.5779575],[0.2399911,51.5777762],[0.2400426,51.5776482]],[[0.2178169,51.5736038],[0.2178023,51.5736888],[0.2177876,51.5737739],[0.2178017,51.5739327],[0.2178351,51.5740205],[0.2178385,51.5740296],[0.2178687,51.5741103],[0.2178831,51.5741487],[0.2179326,51.5742769],[0.2182515,51.5748232],[0.2183493,51.5750131],[0.2184033,51.5751397],[0.2184525,51.5752552],[0.2184978,51.575388],[0.2185885,51.5756911],[0.2186965,51.5760931],[0.218797,51.5765134],[0.2188736,51.5769334],[0.2189303,51.5773793],[0.218967,51.5777065],[0.2190008,51.5780078],[0.2190408,51.5783088],[0.2190885,51.5788161],[0.2191559,51.5791884],[0.2192286,51.5794923],[0.2194134,51.5798122],[0.2196664,51.580171],[0.2197853,51.5803349],[0.2199934,51.5805609],[0.2200276,51.5806057],[0.2201357,51.5807473],[0.2202108,51.580881],[0.2202812,51.5810609],[0.2203101,51.5811714],[0.2203488,51.5812926],[0.2203767,51.5814137],[0.2203942,51.5814772],[0.2204379,51.581683],[0.2204457,51.5817639],[0.2204764,51.5820232],[0.220489,51.5821568],[0.2204865,51.5822778],[0.220484,51.5824023],[0.2204823,51.5824281],[0.2204822,51.5824595],[0.2204817,51.5828295],[0.2204816,51.5829024],[0.2204827,51.5830257],[0.2204829,51.5830475],[0.2204833,51.5832418],[0.2204808,51.5835454],[0.2204829,51.5836053],[0.2204853,51.5836716]],[[0.2076364,51.609246],[0.2076485,51.6091971],[0.2076648,51.6091164],[0.2077367,51.6089048],[0.2077511,51.6088533],[0.2078353,51.6086271],[0.2078772,51.6084515],[0.2079121,51.6083605],[0.2085628,51.6066638],[0.2086331,51.6064805],[0.2089029,51.6057771],[0.2090971,51.6052634],[0.2092623,51.6048854]],[[0.2076364,51.609246],[0.207565,51.6093665],[0.2075394,51.6094665],[0.2075231,51.6096728],[0.207523,51.6097826],[0.2075335,51.6099004]],[[0.2075335,51.6099004],[0.2075127,51.6099088]],[[0.2075127,51.6099088],[0.2074846,51.6099202],[0.2074486,51.6099487],[0.2074294,51.6099829]],[[0.2188126,51.6127195],[0.2195728,51.6126683],[0.2205522,51.6126015],[0.2208129,51.6125917],[0.2210614,51.6126011],[0.2212726,51.6126391],[0.221787,51.6127943],[0.222061,51.6128776],[0.2222061,51.6129121],[0.2224751,51.6129563],[0.2228743,51.612986],[0.2233176,51.6129701]],[[0.2196755,51.5686166],[0.2196772,51.5685232],[0.2196802,51.5684597],[0.2196901,51.5683218],[0.2197303,51.5680827],[0.2197437,51.5680086],[0.219846,51.5679047],[0.2198887,51.5678001]],[[0.221561,51.5615128],[0.2216456,51.5615018],[0.221746,51.5614888],[0.2220129,51.5614673]],[[0.2486,51.5562072],[0.2487253,51.5562378],[0.2488091,51.5562411],[0.2488848,51.5562412],[0.2491101,51.5562388]],[[0.2491101,51.5562388],[0.2491684,51.5563279],[0.2492926,51.5564846],[0.2493669,51.5565159]],[[0.2502768,51.5587205],[0.2503838,51.5587168],[0.2510759,51.5586914],[0.2514059,51.5586771],[0.2515432,51.5586375]],[[0.2515432,51.5586375],[0.2517556,51.5585766]],[[0.2492274,51.5561689],[0.2491689,51.55607],[0.2490438,51.5558795],[0.2489853,51.5558486]],[[0.2489853,51.5558486],[0.2489689,51.5558247]],[[0.2489689,51.5558247],[0.2487889,51.5554157],[0.2487169,51.5552656],[0.2486548,51.555136],[0.2486043,51.5550307],[0.2484596,51.5547735],[0.2483888,51.5546476],[0.2480018,51.5539622],[0.2479116,51.5538024],[0.2478441,51.5537052],[0.2478147,51.5536629],[0.2478021,51.5536447],[0.2477575,51.5535804],[0.2475537,51.5531944],[0.2474121,51.5529167],[0.2473792,51.552816],[0.2473472,51.5527046],[0.2473102,51.5525758],[0.2472953,51.5524895],[0.2472928,51.5524649],[0.2472552,51.552097],[0.2472799,51.5517914],[0.2473112,51.5514996],[0.2473431,51.5510079],[0.2472682,51.5506378],[0.2471719,51.5502711],[0.2471118,51.5500213],[0.247072,51.5498959],[0.247001,51.5496218],[0.246936,51.5493094],[0.2469174,51.5489443],[0.2469919,51.5480064],[0.2470135,51.547778],[0.2470876,51.5473947],[0.2470977,51.5473523]],[[0.2470977,51.5473523],[0.2471776,51.5470155],[0.2472044,51.5469099],[0.2472212,51.5468471],[0.247259,51.5467135]],[[0.247259,51.5467135],[0.2473234,51.5464434],[0.2473902,51.5461935],[0.2474056,51.5461398],[0.2474606,51.5459482],[0.2475124,51.5457424],[0.2476852,51.545396],[0.2478023,51.5452421],[0.2478404,51.5451921],[0.2479882,51.5450388],[0.2488125,51.5445751],[0.2491751,51.5443503],[0.2493762,51.5441994],[0.2494139,51.5441711],[0.2497077,51.5439423],[0.2500311,51.5436936],[0.2505188,51.5433028],[0.2505911,51.5432479],[0.2506654,51.5431922],[0.2509113,51.5429966],[0.2511513,51.5427287],[0.2512416,51.5426972]],[[0.2512416,51.5426972],[0.2513726,51.5426895],[0.2514184,51.5426988],[0.2515252,51.5427203],[0.251745,51.5427754],[0.2518346,51.5428065],[0.25195,51.5428388]],[[0.25195,51.5428388],[0.2523249,51.542936],[0.2528378,51.5430765],[0.2531026,51.5431123],[0.2531407,51.543113],[0.2531936,51.543114],[0.2534367,51.5431187],[0.2537757,51.5430733],[0.2540541,51.5430004],[0.2543728,51.542917],[0.2544365,51.5429016],[0.2547955,51.542834],[0.2553121,51.5428451]],[[0.2553121,51.5428451],[0.2555584,51.5428698],[0.2562439,51.5429387],[0.2565428,51.5429602],[0.2571629,51.5430049],[0.2576671,51.5430531],[0.2583903,51.5431223],[0.2585138,51.5431405],[0.2595435,51.543292],[0.259693,51.5432886],[0.2598459,51.5432543],[0.2599505,51.5432119],[0.2601927,51.5429248],[0.2604674,51.5424284],[0.2608278,51.5417344],[0.261257,51.5409764],[0.2615179,51.5406005]],[[0.2782427,51.5421636],[0.2770774,51.5420233],[0.2760945,51.541911],[0.2757705,51.5419156],[0.2755808,51.5419601],[0.2753968,51.5420591],[0.2751857,51.5421238],[0.2749586,51.5421427],[0.2746292,51.5421287],[0.2731252,51.5420252],[0.2727253,51.5419788],[0.271234,51.5417056],[0.2702898,51.5415294],[0.2699379,51.541444],[0.2695431,51.5413052],[0.2691225,51.5412091],[0.268599,51.5411397],[0.2680926,51.5410543],[0.2672516,51.5409576],[0.2664103,51.5408941],[0.264522,51.5407073],[0.2621188,51.540403],[0.2620052,51.540403],[0.2619385,51.540403],[0.2617239,51.5404457],[0.2615952,51.5405205],[0.2615179,51.5406005]],[[0.2782427,51.5421636],[0.2785829,51.5422044]],[[0.2785829,51.5422044],[0.2789296,51.5422498],[0.2793781,51.5423035],[0.2801646,51.542376],[0.2804668,51.5424114]],[[0.2804668,51.5424114],[0.2808882,51.5424608],[0.2816685,51.5425522]],[[0.2816685,51.5425522],[0.2830639,51.5427268]],[[0.2830639,51.5427268],[0.2831579,51.542739],[0.2841371,51.5428661],[0.2844,51.5428971],[0.2846474,51.5429197],[0.2848446,51.542929],[0.2850132,51.5429299],[0.2852026,51.5429265],[0.285546,51.542909],[0.2858075,51.5428934],[0.2861619,51.5428794],[0.2862822,51.5428809],[0.2863644,51.5428853],[0.2864502,51.5428953],[0.2865475,51.5429125]],[[0.2865475,51.5429125],[0.2872384,51.543066],[0.2876297,51.543134],[0.2879787,51.5431861],[0.2882646,51.5432292],[0.2885762,51.5432937],[0.2887059,51.5433492],[0.2888225,51.5434121],[0.2888977,51.5434526],[0.2891203,51.543579],[0.2892524,51.5436386],[0.2893724,51.54368],[0.2895287,51.543721],[0.2896806,51.5437575],[0.2898673,51.5437958],[0.2900618,51.5438302],[0.290901,51.5439492],[0.2913167,51.5440077],[0.2917244,51.5440661],[0.2919276,51.5441046],[0.292088,51.5441497],[0.2923659,51.5442421],[0.2925331,51.5442881],[0.292632,51.5443071],[0.292737,51.5443205],[0.2929115,51.544333],[0.2934094,51.5443582],[0.2939921,51.5444023]],[[0.2945629,51.5434756],[0.2941133,51.5441801],[0.2940391,51.5443029],[0.2939921,51.5444023]],[[0.2947096,51.543238],[0.294628,51.543357],[0.2945629,51.5434756]],[[0.2967606,51.5397382],[0.2964259,51.5403339],[0.2963841,51.5404082],[0.2959611,51.5411922],[0.2959536,51.5412044],[0.2957434,51.5415506],[0.2954289,51.5420607],[0.2947096,51.543238]],[[0.2968821,51.539523],[0.2968282,51.5396364],[0.2967606,51.5397382]],[[0.29711,51.5391118],[0.2970174,51.5392849],[0.2968821,51.539523]],[[0.29789737942301564,51.537761352828994],[0.2978641,51.5378303],[0.2977684,51.537993],[0.2976424,51.5382073],[0.297406,51.5385877],[0.2972049,51.5389343],[0.29711,51.5391118]],[[0.3005331395965794,51.565089598906674],[0.3006578,51.5647444],[0.3009981,51.5639037],[0.3011814,51.5634655],[0.301395,51.5628876]],[[0.301395,51.5628876],[0.3017206,51.5617581],[0.3020161,51.5609738],[0.3020596,51.5607711],[0.3020789,51.5605942],[0.3020558,51.5604548],[0.3019366,51.5602959]],[[0.2955102,51.5601769],[0.2956659,51.5601862],[0.296028,51.5601626],[0.2964312,51.5601233],[0.29649,51.560121],[0.2986862,51.5599695],[0.2988457,51.5599585],[0.2997384,51.5599052],[0.3004851,51.5598892],[0.3009287,51.5599097],[0.3013379,51.5599866],[0.301605,51.560086],[0.3018341,51.5601915],[0.3019366,51.5602959]],[[0.2950069,51.56011],[0.2952238,51.5601524],[0.2955102,51.5601769]],[[0.2939389,51.5449356],[0.2940103,51.5456527],[0.2940294,51.5459957],[0.2940668,51.5468156],[0.2940901,51.5469827],[0.2941263,51.547149],[0.2941635,51.5473119],[0.2942164,51.5475113],[0.2943778,51.5480214],[0.2944234,51.5482365],[0.294441,51.5484211],[0.2945289,51.5492049],[0.2945574,51.5495583],[0.2945722,51.5500614],[0.2945788,51.5505083],[0.2945922,51.5509443],[0.2946083,51.5510913],[0.294817,51.5523653],[0.294866,51.5527602],[0.2949028,51.5531534],[0.2950471,51.5542559],[0.2951356,51.5549518],[0.2951783,51.5552249],[0.2953765,51.5560343],[0.2954789,51.5564528],[0.2955225,51.5568107],[0.2955298,51.5569195],[0.2955298,51.5570274],[0.295519,51.5572392],[0.2953664,51.5582144],[0.2952911,51.558655],[0.2951905,51.5590923],[0.2949992,51.559968],[0.2949911,51.5600396],[0.2950069,51.56011]],[[0.2939921,51.5444023],[0.2939767,51.544453],[0.293935,51.544591],[0.2939205,51.5447001],[0.2939226,51.5447966],[0.2939389,51.5449356]],[[0.1836266,51.5741647],[0.1837066,51.5741729],[0.1837762,51.574175],[0.1838686,51.5741728]],[[0.1836266,51.5741647],[0.1836027,51.5742446],[0.1835927,51.5743008],[0.1835492,51.5745459]],[[0.1849727,51.5806884],[0.1848394,51.5806131],[0.1847601,51.5805588],[0.1846772,51.5804752],[0.1845477,51.5803393]],[[0.177653,51.5764079],[0.1776117,51.5763198],[0.1775111,51.576263],[0.1773524,51.5762279],[0.1772778,51.5762229]],[[0.1772319,51.5762284],[0.1771736,51.5762086],[0.1771183,51.5761919],[0.1770838,51.5761728],[0.1770419,51.5761461]],[[0.1770419,51.5761461],[0.177002,51.5761203],[0.1769673,51.5760965],[0.1769654,51.5760952],[0.1769064,51.5760477],[0.1768541,51.5760019],[0.17685,51.5760008],[0.1768199,51.5759763],[0.1767574,51.5759253],[0.1766232,51.5758937]],[[0.1762684,51.5756996],[0.1766232,51.5758937]],[[0.1761083,51.5756103],[0.1761818,51.5756519],[0.1762684,51.5756996]],[[0.1760118,51.5755528],[0.1761083,51.5756103]],[[0.1751651,51.5751272],[0.1752535,51.5751538],[0.1753443,51.5751812],[0.175434,51.5752166],[0.1755568,51.5752747],[0.1756049,51.5752975],[0.1760118,51.5755528]],[[0.1750367,51.5750952],[0.1750981,51.5751105],[0.1751651,51.5751272]],[[0.1748096,51.5750388],[0.1750367,51.5750952]],[[0.1747236,51.5750174],[0.1748096,51.5750388]],[[0.1746414,51.5749969],[0.1747236,51.5750174]],[[0.1744986,51.5749692],[0.1745513,51.5749781],[0.1746414,51.5749969]],[[0.1739859,51.5748825],[0.1744986,51.5749692]],[[0.1738887,51.574866],[0.1739859,51.5748825]],[[0.1735169,51.574815],[0.1738887,51.574866]],[[0.153259,51.5736513],[0.1551971,51.57389],[0.1562882,51.5740012],[0.1565688,51.5740324],[0.15727,51.5741219],[0.1594122,51.5744225],[0.1595793,51.5744072],[0.1599297,51.5744785],[0.1608606,51.5745678],[0.1613868,51.5746094],[0.1617082,51.5746262],[0.1623032,51.5746497],[0.162452,51.5746483],[0.1626002,51.5746454],[0.163389,51.5746],[0.1637621,51.5745679],[0.1639826,51.5745462],[0.164238,51.5745122],[0.1644723,51.5744724],[0.1647191,51.5744243],[0.1649287,51.5743874],[0.1659259,51.5742021],[0.1662689,51.5741523],[0.166647,51.5741111],[0.1672367,51.5740679],[0.1675308,51.5740677],[0.1678125,51.5740763],[0.1681226,51.5740884],[0.1686199,51.5741156],[0.1688917,51.5741472],[0.1697144,51.5742584],[0.1698735,51.5742836],[0.1705948,51.5744165],[0.1712415,51.5745198],[0.1716285,51.5745788],[0.1719295,51.5746118],[0.1723742,51.5746625],[0.1728519,51.5747237],[0.1729862,51.5747421],[0.1735169,51.574815]],[[0.1489768749817572,51.57314103330821],[0.153259,51.5736513]],[[0.1766232,51.5758937],[0.1767003,51.5759706]],[[0.1767003,51.5759706],[0.1767525,51.5760228],[0.1767599,51.57603],[0.1767887,51.5760578],[0.176838,51.5761244],[0.1768531,51.5761778],[0.1768773,51.5762545],[0.1768947,51.5763285]],[[0.1768947,51.5763285],[0.1769167,51.5764348]],[[0.153259,51.5736513],[0.1533118,51.5734233]],[[0.1533118,51.5734233],[0.1532151,51.5733332]],[[0.1532151,51.5733332],[0.1532205,51.5732449],[0.1532929,51.5728981],[0.1532821,51.5727964],[0.1530354,51.5727664],[0.1529469,51.5728381],[0.1528843,51.5732053]],[[0.1528843,51.5732053],[0.1528745,51.5732632],[0.1532151,51.5733332]],[[0.1835033,51.5741362],[0.1835763,51.5741561],[0.1836266,51.5741647]],[[0.1827664,51.5739359],[0.1830994,51.5740295],[0.1833725,51.5741011],[0.1834263,51.5741145],[0.1835033,51.5741362]],[[0.2497015,51.5562323],[0.2496423,51.5562306]],[[0.2496423,51.5562306],[0.2495258,51.5561849],[0.2494696,51.556182],[0.2492274,51.5561689]],[[0.2490672,51.5561578],[0.2491101,51.5562388]],[[0.2555498,51.578868],[0.2552482,51.5789992],[0.2551096,51.5790436],[0.2549543,51.5790825],[0.2547512,51.5791106],[0.2545875,51.5791131],[0.2544065,51.5791014],[0.2542886,51.5790855],[0.253874,51.5790174]],[[0.253874,51.5790174],[0.2538412,51.5791097]],[[0.2538412,51.5791097],[0.2538369,51.5791218],[0.253792,51.5792477]],[[0.2193834,51.5944761],[0.2194159,51.5946107]],[[0.2194159,51.5946107],[0.2195732,51.5946543],[0.2204418,51.594915]],[[0.2204418,51.594915],[0.2207574,51.5950276]],[[0.2207574,51.5950276],[0.2212204,51.5951962]],[[0.2212204,51.5951962],[0.2213598,51.5952643],[0.2213946,51.5952985],[0.2214233,51.5953317],[0.2214721,51.5953844],[0.2215259,51.5954727]],[[0.2209396,51.5961714],[0.2208948,51.5961483],[0.2208152,51.5961346],[0.2207577,51.5961402],[0.2207034,51.5961593],[0.2206662,51.5961871],[0.2206444,51.5962344],[0.2206617,51.596285]],[[0.2324455,51.5823497],[0.2326214,51.582313],[0.2326214,51.5821183]],[[0.2320166,51.5824487],[0.2320586,51.5824341],[0.2324455,51.5823497]],[[0.2326214,51.5821183],[0.2326343,51.581985],[0.2327244,51.5819263],[0.2329143,51.5819052]],[[0.2347771,51.5782182],[0.2346998,51.578383],[0.2344681,51.5788066],[0.2339761,51.5796519],[0.2338978,51.5797864],[0.2337112,51.5801022],[0.2335366,51.5804232],[0.233419,51.580665],[0.2331797,51.5811739],[0.232983,51.5817453],[0.2329551,51.5818102],[0.2329342,51.581859],[0.2329143,51.5819052]],[[0.2356947,51.5758803],[0.2356274,51.5761493],[0.235511,51.5765419],[0.2353102,51.577065],[0.2350648,51.5775755],[0.2348254,51.5781149],[0.2347771,51.5782182]],[[0.2378539,51.57018],[0.2374463,51.5702163],[0.2366111,51.5702903],[0.2362489,51.570308],[0.2359633,51.5703173],[0.2358156,51.5703098],[0.2355709,51.5702973],[0.2350645,51.5702653],[0.2344258,51.5702347],[0.2334003,51.5702048],[0.232774,51.5702359],[0.2322685,51.5702522],[0.2317361,51.5702727],[0.2312471,51.5702776],[0.2309119,51.5702809],[0.2303902,51.5702756],[0.2299118,51.5702523],[0.2292953,51.5701753],[0.2289163,51.5701489],[0.2280422,51.5701793],[0.2272909,51.5702175],[0.2269685,51.5702291],[0.226192,51.570257],[0.2256139,51.5702678],[0.2248887,51.5702957],[0.2242932,51.5702977],[0.2241357,51.57029],[0.2234674,51.5702524],[0.2229709,51.5702333],[0.2225106,51.5702148],[0.2221463,51.5702102],[0.2217831,51.570211],[0.221554,51.5702282],[0.2213573,51.57026],[0.2209964,51.5703146],[0.2207223,51.5703322],[0.2205448,51.5703331],[0.2202835,51.5703014],[0.2200216,51.570265],[0.2198678,51.5702469],[0.219632,51.5702186]],[[0.2079631,51.5783664],[0.2080152,51.5784974],[0.2083849,51.5794273],[0.2086694,51.5800674],[0.2088343,51.5805701],[0.2088573,51.5806742],[0.2088112,51.5809098],[0.2087957,51.5809672],[0.2086997,51.5813926]],[[0.2378539,51.57018],[0.2382917,51.5701586],[0.2387809,51.570132],[0.2392982,51.5701181],[0.2398967,51.5700999],[0.2406586,51.5700789],[0.241484,51.5700566],[0.2418251,51.5700449],[0.2422828,51.5700306],[0.2424287,51.5700253],[0.2425146,51.5699772],[0.2426142,51.569897],[0.2426814,51.5697976]],[[0.2426814,51.5697976],[0.2427957,51.5697427],[0.2429639,51.5696483],[0.2427168,51.5692608]],[[0.2427168,51.5692608],[0.2423431,51.5688507],[0.2423056,51.5688604],[0.2421477,51.568901]],[[0.2421477,51.568901],[0.2419931,51.5689667],[0.2422468,51.5693261],[0.2427168,51.5692608]],[[0.26444409748055747,51.60842955442882],[0.2643458,51.6083879],[0.2642177,51.6083288],[0.2640761,51.6082396]],[[0.2640761,51.6082396],[0.2640602,51.608158],[0.2639998,51.6079944],[0.2639408,51.6079094],[0.2638261,51.6078091],[0.2636357,51.6077091],[0.2634085,51.6076162],[0.2632755,51.6075854],[0.2631472,51.6075652],[0.2628661,51.6075444]],[[0.2628661,51.6075444],[0.2626753,51.6075724]],[[0.2626753,51.6075724],[0.2625051,51.6076085]],[[0.2625051,51.6076085],[0.2619986,51.6076476],[0.2617565,51.6076379],[0.261564,51.6076096],[0.261393,51.6075721],[0.2612036,51.6075101],[0.2610386,51.6074484],[0.2608193,51.6073685],[0.2606075,51.6072985],[0.2604677,51.6072556],[0.2603526,51.6072215],[0.2601944,51.6071777],[0.2599081,51.6071053],[0.2594387,51.606992],[0.2590672,51.6069021],[0.2582362,51.6066654],[0.2582067,51.6066569]],[[0.2582067,51.6066569],[0.2579406,51.6065786]],[[0.2579406,51.6065786],[0.2577003,51.6065728]],[[0.2577003,51.6065728],[0.2572517,51.6064302],[0.2557936,51.605953],[0.2548428,51.6056394]],[[0.2548428,51.6056394],[0.2541848,51.6054302]],[[0.2541848,51.6054302],[0.2541016,51.605403],[0.2536638,51.6052601],[0.2530462,51.6050514],[0.2513977,51.6045196],[0.2509506,51.6043722],[0.2489341,51.6037014],[0.2485097,51.6035487]],[[0.2485097,51.6035487],[0.2480467,51.6033967],[0.247364,51.6031676],[0.2472086,51.6031139],[0.2470139,51.6030542]],[[0.2230589,51.6081914],[0.2231381,51.6079562]],[[0.244618,51.6029255],[0.2447215,51.6028623],[0.244884,51.6027689],[0.2450027,51.6027327],[0.245078,51.602716],[0.2452643,51.6026975],[0.2454563,51.6026877]],[[0.2454563,51.6026877],[0.2459572,51.6028361],[0.2466687,51.6030703]],[[0.2466687,51.6030703],[0.2468996,51.6031472],[0.2470132,51.603184],[0.2471901,51.603241],[0.2479829,51.6034966],[0.2481256,51.6035391],[0.2488561,51.6037817],[0.2512855,51.6045955],[0.2534473,51.6053115],[0.2537428,51.6054026]],[[0.2537428,51.6054026],[0.2540519,51.605576],[0.254987,51.6060502]],[[0.254987,51.6060502],[0.2559074,51.606487],[0.2564086,51.6067582],[0.2568123,51.6069728]],[[0.2568123,51.6069728],[0.2575873,51.6073875],[0.2577932,51.6074872],[0.2579107,51.6075394]],[[0.2579107,51.6075394],[0.2580082,51.6075793],[0.2584637,51.6077394],[0.258929,51.6078765],[0.2591787,51.6079371],[0.2594691,51.6079877],[0.2600569,51.6080858],[0.260259,51.6081258],[0.2603631,51.6081502],[0.2605054,51.6081885]],[[0.2605054,51.6081885],[0.2605526,51.608204],[0.2607339,51.6082721],[0.2608249,51.6083039],[0.2609745,51.6083694],[0.2610453,51.6083969],[0.2611518,51.6084386],[0.2612097,51.6084963],[0.2612696,51.6085484],[0.2613183,51.6086257]],[[0.2613183,51.6086257],[0.2612915,51.6086853]],[[0.2612915,51.6086853],[0.2612921,51.6088635],[0.2613115,51.6089185],[0.261343,51.6089926],[0.2613826,51.6090534],[0.2614537,51.6091196],[0.261557,51.6091941],[0.2616414,51.6092324],[0.261746,51.6092816],[0.2618748,51.6093149],[0.2620272,51.6093375],[0.2621639,51.6093419],[0.2623102,51.6093377],[0.2623881,51.6093306],[0.2624927,51.609313],[0.2626417,51.6092807],[0.2630835,51.6091647]],[[0.2630835,51.6091647],[0.2632165,51.6091282],[0.2632883,51.6091038],[0.2634437,51.6090341]],[[0.2634437,51.6090341],[0.2636021,51.608933],[0.263819,51.6087395]],[[0.263819,51.6087395],[0.263926,51.6086289]],[[0.263926,51.6086289],[0.2642202,51.6085248],[0.26439812674588126,51.60848544849447]],[[0.2193789,51.5944634],[0.2192075,51.5944172],[0.2170073,51.5937962],[0.2166998,51.5937034]],[[0.2166998,51.5937034],[0.2161733,51.5935447],[0.2159624,51.5934887]],[[0.2159624,51.5934887],[0.2156307,51.5933745],[0.2154722,51.5933305],[0.2153508,51.593287],[0.2148902,51.5931484],[0.2144235,51.5930175],[0.2143378,51.5930203]],[[0.2136683,51.5928376],[0.2135556,51.5927738]],[[0.2135556,51.5927738],[0.2134996,51.592755],[0.2133695,51.592714],[0.2132405,51.5926736]],[[0.2128448,51.592457],[0.212756,51.5924603],[0.2126703,51.5924752],[0.2125916,51.5925009],[0.2125233,51.5925363],[0.2124685,51.5925799]],[[0.2016162,51.5387668],[0.2015234,51.53877],[0.2012657,51.5388196],[0.201196,51.5388376],[0.2011432,51.5388601],[0.2010728,51.5388972]],[[0.2008585,51.5386485],[0.2009887,51.5388008],[0.2010079,51.5388244],[0.2010728,51.5388972]],[[0.1993068,51.5371492],[0.1997864,51.5374504],[0.1999906,51.5376445],[0.200058,51.5377137],[0.2001517,51.5378222],[0.2008585,51.5386485]],[[0.198025,51.5365284],[0.198152,51.5365977],[0.1983735,51.5367186],[0.1989929,51.5369971],[0.1993068,51.5371492]],[[0.1909159,51.5192399],[0.1909535,51.5192145],[0.1910359,51.519197]],[[0.1910359,51.519197],[0.1911838,51.5191734],[0.1913497,51.519155],[0.1915186,51.5191505],[0.1916787,51.5191633],[0.1919693,51.5191997],[0.1922174,51.5192066],[0.192364,51.5191996]],[[0.192364,51.5191996],[0.1926588,51.5191842],[0.1927115,51.5191831],[0.193006,51.5191689]],[[0.193006,51.5191689],[0.1931262,51.5191647],[0.1932218,51.5191613],[0.1932585,51.51916],[0.1933726,51.5191434],[0.1934606,51.519116],[0.1935884,51.5190665],[0.1936622,51.519019],[0.1937158,51.5189681],[0.1939109,51.5189388]],[[0.2119077,51.525516],[0.213037,51.5257068],[0.2133102,51.5257501],[0.2137319,51.5258172],[0.2139446,51.5258414],[0.2141589,51.5258603],[0.2145298,51.5258931],[0.2146027,51.5258995]],[[0.2119077,51.525516],[0.2116857,51.5261398],[0.211579,51.5265767],[0.211543,51.5267237],[0.2112756,51.5278184],[0.2112721,51.5278334],[0.2111228,51.5284638],[0.2110942,51.5285809],[0.2110314,51.5287829]],[[0.2110314,51.5287829],[0.2110336,51.5288481],[0.2110604,51.5288943],[0.211107,51.5289308],[0.2111783,51.5289751],[0.2113522,51.5290338],[0.2119645,51.5291612],[0.2123934,51.5292384],[0.2128217,51.5292948],[0.2131423,51.5293106]],[[0.2010728,51.5388972],[0.2011217,51.5389575]],[[0.220709,51.5616456],[0.2207377,51.561687],[0.2207929,51.5617186],[0.2208598,51.5617332],[0.2209337,51.5617271]],[[0.2347771,51.5782182],[0.2351272,51.5782545],[0.23522,51.5782593]],[[0.2211237,51.6170898],[0.2208662,51.6172702]],[[0.2208662,51.6172702],[0.2204724,51.6175342]],[[0.2203202,51.6174695],[0.2203572,51.6174908],[0.2204149,51.6175168],[0.2204724,51.6175342]],[[0.219393,51.6169386],[0.2195159,51.6170099],[0.2203202,51.6174695]],[[0.2190486,51.6167388],[0.219393,51.6169386]],[[0.217115,51.6155191],[0.2185364,51.6164167],[0.2186612,51.6164955],[0.2190486,51.6167388]],[[0.2095398,51.6110675],[0.2095818,51.611046],[0.2096281,51.6110008],[0.2096436,51.6109503],[0.2096134,51.6108744],[0.2095441,51.610834],[0.2094695,51.6108139],[0.2093632,51.6108147],[0.2092921,51.6108347],[0.2092611,51.6108505]],[[0.2085066,51.6104361],[0.2083628,51.6103463],[0.2080743,51.6102012],[0.2078888,51.6101056],[0.2078188,51.6100524],[0.2077838,51.61]],[[0.2077838,51.61],[0.2077737,51.6099651],[0.2077464,51.609934],[0.2077047,51.6099099]],[[0.2077047,51.6099099],[0.2076608,51.609858],[0.2076281,51.6097739],[0.2076193,51.6096695],[0.2076361,51.6094259],[0.207642,51.6093324],[0.2076364,51.609246]],[[0.2569241,51.5702889],[0.2570799,51.5703133],[0.2572088,51.5703117]],[[0.2572088,51.5703117],[0.2573781,51.570311],[0.2580332,51.5702743],[0.258163,51.5702632],[0.2582996,51.5702332]],[[0.1655981,51.6088314],[0.1655746,51.6089551],[0.1655416,51.609129]],[[0.1643406,51.5996818],[0.1641377,51.5995801],[0.1640257,51.5995385],[0.1639626,51.5995156],[0.1638232,51.5994618],[0.16377,51.5994402],[0.1637359,51.5994254],[0.1636109,51.5993673]],[[0.1634043,51.5992251],[0.16328,51.5991687],[0.1631512,51.5991635]],[[0.1633714,51.5995708],[0.1633759,51.599591],[0.1633774,51.5995954],[0.1633804,51.5996006],[0.1633868,51.5996097],[0.1633889,51.5996123],[0.1633946,51.5996185],[0.1633978,51.5996216],[0.1634019,51.5996256],[0.1634079,51.5996313],[0.1634147,51.5996376],[0.1634193,51.5996418],[0.1634247,51.5996464],[0.1634343,51.5996547],[0.1634784,51.5996932],[0.1634896,51.5997028],[0.1635035,51.599715],[0.1635146,51.5997249],[0.1635207,51.5997306],[0.1635379,51.5997485],[0.1635531,51.599765],[0.163575,51.5997902],[0.1636026,51.5998216],[0.1636482,51.5998458]],[[0.1657859,51.6077352],[0.1655914,51.6078258]],[[0.1655914,51.6078258],[0.1657648,51.6079546]],[[0.1715576,51.6066219],[0.1718333,51.6067632],[0.1727101,51.6071675]],[[0.1731703,51.6059061],[0.1729331,51.6061384],[0.1727597,51.6062064],[0.1726137,51.6062234],[0.1721483,51.6062631],[0.1720355,51.606304],[0.1719293,51.6063424],[0.1717468,51.6064444],[0.1715576,51.6066219]],[[0.1731703,51.6059061],[0.1738821,51.6061951],[0.1746669,51.6064558]],[[0.2275030045665155,51.503259355887124],[0.2274582,51.5032402],[0.2273594,51.5031839]],[[0.2273594,51.5031839],[0.2273467,51.5031511],[0.2273235,51.5031206]],[[0.2273235,51.5031206],[0.2272635,51.503078],[0.2271839,51.5030507],[0.2270941,51.503042],[0.2270049,51.5030528]],[[0.2270049,51.5030528],[0.2269418,51.5030744],[0.2268905,51.5031059],[0.2268548,51.503145],[0.2268376,51.5031885],[0.2268376,51.5032226],[0.226849,51.5032559]],[[0.226849,51.5032559],[0.2267839,51.5033368],[0.2267015,51.5035882],[0.2266766,51.5036766],[0.2265828,51.5040009],[0.2265714,51.5043121]],[[0.2126717,51.5929616],[0.2127815,51.5929783],[0.2128945,51.5929762],[0.2130026,51.5929555],[0.2130979,51.5929177]],[[0.2131237,51.592901],[0.2132261,51.592885],[0.2133043,51.5928782]],[[0.2190193,51.5944917],[0.2191301,51.5945225],[0.2192448,51.5945616],[0.2194159,51.5946107]],[[0.2212204,51.5951962],[0.221428,51.595233],[0.2214815,51.5952494],[0.2215309,51.5952621],[0.2216644,51.5953049]],[[0.2216644,51.5953049],[0.2219866,51.5953929],[0.2224045,51.5955114]],[[0.2224045,51.5955114],[0.2241396,51.5960028],[0.2245086,51.5961096],[0.2248592,51.5962081],[0.2256328,51.5964359],[0.2260111,51.5965528],[0.2302481,51.5978486]],[[0.2302481,51.5978486],[0.2316078,51.5982828],[0.2318922,51.5983736]],[[0.2318922,51.5983736],[0.2322929,51.5984987],[0.2323415,51.5985141],[0.2347484,51.599311],[0.2369236,51.6000298],[0.2373566,51.6001639],[0.2373808,51.6001714],[0.2394784,51.6009018],[0.2401689,51.601103],[0.242303,51.6017653],[0.2425094,51.6018215]],[[0.2425094,51.6018215],[0.2445739,51.6024543],[0.2446665,51.6024765],[0.24472,51.602491],[0.2451492,51.6026208],[0.2454563,51.6026877]],[[0.2450805,51.6024149],[0.2448472,51.602346],[0.2443641,51.6021966],[0.2432468,51.601852],[0.2419421,51.6014491],[0.2402977,51.600918],[0.2387702,51.6004275],[0.2377302,51.6001042],[0.2372378,51.5999543],[0.2369005,51.5998448],[0.2358958,51.59952],[0.2349535,51.5992154],[0.2346146,51.5991058],[0.2337146,51.5988138]],[[0.2337146,51.5988138],[0.2322211,51.5983146],[0.2321669,51.5982974],[0.2319919,51.59824]],[[0.2319919,51.59824],[0.2293276,51.5973693],[0.2271855,51.5967356],[0.2264946,51.5965526],[0.2245611,51.5960031],[0.2238866,51.5957876],[0.2228632,51.5955113],[0.2219815,51.5952486],[0.221748,51.595185]],[[0.2466687,51.6030703],[0.2468116,51.6030656],[0.2468812,51.6030849],[0.2470139,51.6030542]],[[0.2331007,51.5932769],[0.2335213,51.5934185]],[[0.2331007,51.5932769],[0.2330457,51.5932281],[0.2330046,51.5932136],[0.2328903,51.5931747]],[[0.16433263115466218,51.52656828553367],[0.164441,51.5265445]],[[0.164441,51.5265445],[0.1645337,51.5265228],[0.1648909,51.5264503],[0.165159,51.5264329],[0.1651983,51.5264256],[0.1653738,51.5263854],[0.1656339,51.5263282],[0.1659167,51.5262226],[0.1659742,51.526211],[0.1660452,51.5261964]],[[0.1660452,51.5261964],[0.1663586,51.5261731]],[[0.1680448,51.5257992],[0.1687673,51.5256924]],[[0.1687673,51.5256924],[0.1688595,51.5256299]],[[0.1688595,51.5256299],[0.1697641,51.5254467]],[[0.1697641,51.5254467],[0.1698105,51.5254373],[0.1700086,51.5253971]],[[0.1700086,51.5253971],[0.1702275,51.5253527],[0.1702798,51.5253421]],[[0.1702798,51.5253421],[0.1705447,51.5252819],[0.171122,51.5251657],[0.1711923,51.5251538]],[[0.1711923,51.5251538],[0.1712649,51.525137]],[[0.1712649,51.525137],[0.171907,51.5250113]],[[0.171907,51.5250113],[0.1727155,51.5248463]],[[0.1727155,51.5248463],[0.173222,51.5247415],[0.1732749,51.5247315],[0.1733445,51.5247183],[0.1736573,51.524658]],[[0.1736573,51.524658],[0.1738096,51.5246293]],[[0.1738096,51.5246293],[0.174553,51.5244675],[0.1752237,51.5243218],[0.1759813,51.5241547],[0.176865,51.5239619],[0.1772214,51.5238808],[0.1774376,51.5238328],[0.1781235,51.5236797],[0.1781491,51.5236742],[0.1785511,51.5235863],[0.1789297,51.5235034],[0.1790636,51.5234744],[0.1791283,51.5234612],[0.17974,51.5233313],[0.1800376,51.5232632]],[[0.1800376,51.5232632],[0.1802038,51.5232298],[0.1806342,51.5231489],[0.1809735,51.5230687],[0.1810443,51.5230519],[0.1811634,51.5230274]],[[0.1811634,51.5230274],[0.181332,51.5229818]],[[0.2199803,51.5920426],[0.2198256,51.5919685]],[[0.2198256,51.5919685],[0.2186333,51.5916424]],[[0.2169477,51.5936473],[0.2173524,51.5931998],[0.2174052,51.5931281],[0.2176408,51.5928394],[0.2177108,51.5927499],[0.2180903,51.5922671],[0.2182705,51.5920467],[0.2186333,51.5916424]],[[0.2169477,51.5936473],[0.2168448,51.5936685],[0.2166998,51.5937034]],[[0.2226572,51.608443],[0.2225746,51.6086844]],[[0.2077047,51.6099099],[0.2076505,51.6098947],[0.2075912,51.6098914],[0.2075335,51.6099004]],[[0.2075127,51.6099088],[0.207399,51.6098359],[0.2071959,51.6097156],[0.2069961,51.6095864],[0.2069411,51.6095531],[0.2067565,51.6094666],[0.2065451,51.6093781]],[[0.1747365,51.5966019],[0.1747689,51.5965953],[0.1748053,51.5965745],[0.1748185,51.596555],[0.1748185,51.596528]],[[0.17487,51.5695721],[0.1741161,51.5694331],[0.1730003,51.5692677],[0.1718305,51.569128],[0.170335,51.5690208],[0.1693053,51.5689619],[0.1686069,51.5689494],[0.1679206,51.5689356],[0.1678508,51.5689323],[0.167649,51.5689306],[0.1672582,51.5689156],[0.1670193,51.5689035],[0.1666907,51.568883],[0.1665112,51.5688645],[0.1661344,51.5688218],[0.166022,51.5688061],[0.1654043,51.5687449],[0.1648869,51.5686775],[0.1645074,51.5686377],[0.1642806,51.5686226],[0.1638585,51.5686026],[0.1634253,51.5685876],[0.1633443,51.5685848],[0.1626973,51.5685406],[0.1625181,51.5685314],[0.1615557,51.5684952],[0.1613469,51.5685006],[0.161242,51.5684753],[0.1611448,51.5684596],[0.1599888,51.5683998],[0.1599712,51.5683981],[0.1596168,51.5684141],[0.1593789,51.5684248],[0.1593135,51.5684286],[0.1592489,51.5684323],[0.159179,51.5684364],[0.1589128,51.5684518],[0.1588167,51.5684574],[0.1587791,51.5684596],[0.1587352,51.5684621],[0.1581902,51.5684888]],[[0.1581902,51.5684888],[0.1581581,51.5684904],[0.1580864,51.5684939],[0.1576723,51.5685118],[0.1573391,51.5685148],[0.1572546,51.5685156],[0.1572169,51.5685155],[0.1569736,51.5685151],[0.1567851,51.5685082],[0.156637,51.5685027],[0.1565843,51.5685022],[0.1557483,51.5684941],[0.1549243,51.5685315],[0.1540578,51.5685869],[0.153947,51.5685931],[0.153182,51.5686115],[0.152501,51.568652],[0.1519288,51.5686862],[0.1506929,51.5688249],[0.1505395,51.5688385],[0.1499723,51.5688628],[0.1498603,51.5688676],[0.1485729,51.5689316],[0.1478522,51.568946],[0.1474748,51.5689814],[0.1472256,51.5690047],[0.14676022404942587,51.56912350179745]],[[0.14844614109438325,51.58083321991936],[0.14881,51.5808203],[0.1491167,51.5808089],[0.1555913,51.5805824]],[[0.1555913,51.5805824],[0.1557206,51.5805778]],[[0.1557206,51.5805778],[0.1588678,51.5804653],[0.1592336,51.5804519],[0.16004,51.5804626],[0.1613153,51.5805608],[0.162002,51.5806835],[0.1626186,51.5808428],[0.163816,51.5813188]],[[0.163816,51.5813188],[0.1644695,51.5816364],[0.1646765,51.5817458],[0.1647332,51.5817771],[0.1649528,51.581912]],[[0.1649528,51.581912],[0.1651958,51.5820434],[0.1652421,51.5820701],[0.1657325,51.5823714],[0.1675493,51.5834397],[0.1690572,51.5843264],[0.1692306,51.5844284],[0.1714216,51.5857649],[0.1722779,51.5862758],[0.1726471,51.5865194],[0.1728633,51.5866494]],[[0.1818186,51.5922709],[0.1812793,51.5920525]],[[0.1812793,51.5920525],[0.1810823,51.5919675]],[[0.1810823,51.5919675],[0.1807542,51.5918213],[0.1805405,51.591719],[0.179646,51.5911704],[0.1791791,51.5908485],[0.1781751,51.5901466],[0.1771479,51.5894272],[0.1731329,51.586665],[0.1731004,51.5866434],[0.1729084,51.5865053]],[[0.1763724,51.5659067],[0.1763879,51.5658466],[0.1763961,51.565796],[0.1763954,51.5657392]],[[0.1763954,51.5657392],[0.1763889,51.5656455],[0.1763858,51.5656148],[0.176374,51.5655771],[0.176347,51.5655427],[0.1763067,51.5655136]],[[0.17322212721487057,51.53661201908762],[0.1732703,51.536596]],[[0.1732703,51.536596],[0.1741426,51.5364569],[0.17556,51.5362493],[0.1760195,51.5361713],[0.1762707,51.5361236],[0.1765781,51.5360512],[0.1767897,51.5359912],[0.1769989,51.5359229],[0.1772198,51.535845],[0.1773986,51.5357688],[0.1775802,51.5356827],[0.1777419,51.5355852],[0.1779361,51.5354448],[0.1781321,51.535303],[0.1784606,51.5350576],[0.1787518,51.5348552]],[[0.1787518,51.5348552],[0.1789194,51.5347717],[0.1790268,51.5347189]],[[0.1790268,51.5347189],[0.1791192,51.534685],[0.1792051,51.5346508],[0.1792802,51.5346374],[0.1793579,51.5346341],[0.1794202,51.5346354],[0.1795198,51.5346537],[0.179635,51.5346865],[0.1798544,51.5347369]],[[0.1798544,51.5347369],[0.1799262,51.5347657],[0.1800238,51.5347837],[0.1801211,51.5347779],[0.1802084,51.5347526],[0.1802847,51.5347234],[0.1803428,51.5346866],[0.1803898,51.5346334],[0.1804111,51.5345782],[0.1804021,51.534519]],[[0.1804021,51.534519],[0.1804757,51.5344276],[0.1805383,51.5343631],[0.1806044,51.5343034],[0.1806966,51.5342501],[0.1807887,51.5342071],[0.1811399,51.5340416]],[[0.1904484,51.5222686],[0.1904417,51.5221768],[0.1904511,51.5220935],[0.1904771,51.522029],[0.1905144,51.521949]],[[0.1896125,51.5197572],[0.1896189,51.5197213],[0.1896102,51.5196855],[0.189587,51.5196523],[0.1895509,51.5196239]],[[0.1785923,51.5755918],[0.1786843,51.5756099],[0.1787648,51.5755899],[0.1788222,51.5754526]],[[0.1788222,51.5754526],[0.178093,51.5753043]],[[0.178093,51.5753043],[0.1779806,51.5752798]],[[0.1763067,51.5655136],[0.1762642,51.5654914],[0.1762242,51.5654639],[0.1761933,51.5654323],[0.1761726,51.5653976],[0.1761547,51.5653171],[0.1761276,51.5652247],[0.1760956,51.5651395],[0.1760574,51.5650552]],[[0.1700086,51.5253971],[0.1699377,51.5252786]],[[0.1699377,51.5252786],[0.1699786,51.5251816],[0.1699507,51.525115],[0.1698977,51.5250299]],[[0.1698977,51.5250299],[0.1698835,51.5250061],[0.1697888,51.5247552],[0.1697276,51.5245138],[0.1696738,51.5242386]],[[0.1696738,51.5242386],[0.1693751,51.5222206]],[[0.1693751,51.5222206],[0.1692185,51.5211781],[0.1692209,51.5211443],[0.1692429,51.5210182],[0.1692733,51.5209496],[0.1692928,51.520913],[0.1693524,51.5208419]],[[0.1693524,51.5208419],[0.1693956,51.5208196],[0.1694524,51.52078],[0.1694891,51.5207356],[0.1695106,51.5206773],[0.1695115,51.5206229],[0.1694919,51.5205692],[0.1694347,51.5205043],[0.169366,51.5204591],[0.1692793,51.5204026],[0.1692347,51.5203687],[0.1691802,51.5203109],[0.1691354,51.5202375],[0.1690368,51.5198826],[0.1690375,51.5198189],[0.1690488,51.5197773],[0.1690724,51.5197262],[0.1691121,51.5196768],[0.1691501,51.5196367],[0.1691686,51.5195925],[0.1691734,51.5195617],[0.1691758,51.5195464],[0.1691664,51.5194925],[0.1691487,51.5194616],[0.1690962,51.519424],[0.1690319,51.5193978]],[[0.1690319,51.5193978],[0.1689587,51.5192816],[0.1689344,51.5192471],[0.1688437,51.5190271]],[[0.1707809,51.5173764],[0.1707072,51.5173847],[0.1705395,51.5174106],[0.1703437,51.5174532],[0.1701788,51.5175016],[0.1700607,51.5175458],[0.1699347,51.5175975],[0.1698292,51.5176506],[0.1695471,51.5177803],[0.1693889,51.5178721],[0.1693298,51.5178996],[0.1692601,51.517918],[0.1691877,51.5179314],[0.1691086,51.517938],[0.168717,51.5179505]],[[0.1707809,51.5173764],[0.1708735,51.5174763],[0.1709028,51.5175079],[0.1709552,51.5175607],[0.1709831,51.5175905],[0.1709937,51.5176019]],[[0.1518408,51.5975187],[0.1519847,51.5975843],[0.1521666,51.5977231],[0.1522337,51.5978094],[0.1522791,51.5978678]],[[0.1522791,51.5978678],[0.1523983,51.5978404],[0.1524413,51.5978305]],[[0.1524413,51.5978305],[0.1526328,51.5977816],[0.1528756,51.5977202],[0.1529912,51.5977079],[0.1531291,51.5976933]],[[0.1885422,51.5645575],[0.1885042,51.5646602],[0.1885061,51.5649731]],[[0.2489853,51.5558486],[0.2489606,51.5558941],[0.2490144,51.5560414],[0.2490289,51.5560705],[0.2490672,51.5561578]],[[0.22942625292457214,51.49927731825523],[0.2294284,51.4993024],[0.2294569,51.4993508]],[[0.2294569,51.4993508],[0.2294134,51.4996184]],[[0.2294134,51.4996184],[0.2293681,51.4996897]],[[0.2293681,51.4996897],[0.2291199,51.5000836]],[[0.2291199,51.5000836],[0.2290206,51.5001564]],[[0.2290206,51.5001564],[0.2289676,51.5001946],[0.2287823,51.5003114]],[[0.2287823,51.5003114],[0.2286986,51.5003265],[0.228627,51.5003574],[0.2285748,51.5004008],[0.2285476,51.5004524],[0.2285473,51.5005035]],[[0.2285473,51.5005035],[0.2284884,51.5005795],[0.2284046,51.5006931],[0.2283211,51.5007721],[0.2280635,51.5009407],[0.2278532,51.5010847],[0.2276534,51.5012468],[0.2275523,51.5013519],[0.2274761,51.5014506],[0.2272893,51.5017184],[0.2272601,51.501765],[0.2271606,51.5019624],[0.2271104,51.5021067],[0.2270875,51.5022372],[0.2270859,51.5024168],[0.2271009,51.5026451],[0.2271171,51.502803],[0.2271104,51.5028668],[0.2270967,51.5028989],[0.2270751,51.5029559],[0.2270049,51.5030528]],[[0.226849,51.5032559],[0.2268853,51.5033007],[0.2269418,51.5033366],[0.2270132,51.5033601],[0.2270926,51.503369],[0.2271726,51.5033625]],[[0.2273235,51.5031206],[0.2273418,51.5029864],[0.227376,51.5028486],[0.2275118,51.5025901],[0.2284617,51.5010998],[0.2286766,51.5007981],[0.2287999,51.5007059],[0.2289086,51.5006365]],[[0.2289086,51.5006365],[0.2289657,51.5006183],[0.2290144,51.5005923]],[[0.2290144,51.5005923],[0.2290592,51.5005508],[0.2290825,51.5005029],[0.2290821,51.5004528],[0.2290582,51.5004051]],[[0.2290582,51.5004051],[0.2290824,51.5003047],[0.2291057,51.5002097],[0.2291111,51.5001567]],[[0.2291111,51.5001567],[0.2291199,51.5000836]],[[0.2294134,51.4996184],[0.2296326,51.499498],[0.229735,51.4994393]],[[0.229735,51.4994393],[0.2298162,51.4994248],[0.2298867,51.4993959],[0.2299293199472094,51.49936327534998]]]}},{"type":"Feature","properties":{"kind":"stops"},"geometry":{"type":"MultiPoint","coordinates":[[0.2188012,51.5540389],[0.2048668,51.5814532],[0.2432321,51.6061744],[0.1884895,51.521791],[0.2204479,51.5685505],[0.2164457,51.5629769],[0.1910048,51.522806],[0.1996281,51.5494476],[0.1990481,51.5503318],[0.2500575,51.5584486],[0.2515729,51.558717],[0.250623,51.5593562],[0.2355364,51.5590279],[0.2359365,51.5590698],[0.2192713,51.5542483],[0.2196656,51.5546691],[0.2193066,51.5682709],[0.2197047,51.569653],[0.2060774,51.5814442],[0.2059616,51.581535],[0.2325199,51.593877],[0.2328785,51.592996],[0.2334806,51.5934581],[0.189808,51.575937],[0.1883944,51.5753975],[0.197395,51.5360057],[0.1959198,51.5451723],[0.1954918,51.5446318],[0.1907081,51.5304678],[0.1908189,51.5301809],[0.2099269,51.521358],[0.2090394,51.5210644],[0.1923414,51.5171766],[0.1839019,51.5744009],[0.1836104,51.5745414],[0.1828192,51.5738836],[0.1841196,51.5737143],[0.1834662,51.5745512],[0.2130111,51.5293426],[0.2146464,51.5630618],[0.2124715,51.5623922],[0.2116943,51.5628208],[0.2064103,51.5536089],[0.2062101,51.5534207],[0.2297415,51.5550431],[0.2298206,51.5546597],[0.1992184,51.5479531],[0.1987768,51.5473851],[0.1925614,51.5259245],[0.2002768,51.5475461],[0.2006468,51.5471435],[0.2323438,51.5973648],[0.2324819,51.5972384],[0.1763516,51.6036201],[0.1753728,51.6039607],[0.1756522,51.6032308],[0.23576,51.5947075],[0.2359209,51.5947847],[0.2567062,51.5698279],[0.2568409,51.5695479],[0.218974,51.5787685],[0.2190231,51.5779221],[0.202389,51.5873184],[0.2007827,51.586725],[0.2071461,51.5788647],[0.2249883,51.5963658],[0.222808,51.5954357],[0.217884,51.5228482],[0.2174892,51.5227245],[0.2094626,51.5435329],[0.2092449,51.5434345],[0.1693879,51.5689136],[0.2187886,51.6131965],[0.1773956,51.5898594],[0.1775076,51.5895931],[0.2175137,51.597802],[0.2188947,51.5982462],[0.1616332,51.5631846],[0.1622692,51.5631932],[0.1807582,51.6138111],[0.1809183,51.6138038],[0.2027448,51.5523438],[0.2022987,51.5520667],[0.2679282,51.5672966],[0.2684462,51.5681193],[0.2807048,51.5424938],[0.2815937,51.5424965],[0.201628,51.5199928],[0.2110278,51.5873709],[0.2111044,51.5870192],[0.1723004,51.6013651],[0.1718567,51.601018],[0.2144524,51.526487],[0.1766662,51.5240614],[0.1755236,51.5241201],[0.2111822,51.5751721],[0.2121108,51.5750359],[0.1768501,51.5816112],[0.224407,51.6087817],[0.224064,51.6086095],[0.2015921,51.5155478],[0.19945,51.5159429],[0.2025015,51.520076],[0.2115595,51.5264099],[0.2299245,51.6008565],[0.2303924,51.6004586],[0.1803225,51.6025278],[0.2325348,51.5821226],[0.1918463,51.5510614],[0.2163917,51.563046],[0.216153,51.5629246],[0.1620584,51.5872043],[0.1625094,51.5866882],[0.2136847,51.6060179],[0.2122004,51.6053915],[0.1610556,51.6087935],[0.1792523,51.6038946],[0.1802977,51.6044803],[0.1803189,51.6030819],[0.178848,51.6037681],[0.1644195,51.6009579],[0.2218308,51.6007377],[0.2219284,51.6004434],[0.1710965,51.5788105],[0.1903192,51.5286533],[0.190189,51.5285349],[0.2695122,51.5578596],[0.2690058,51.557668],[0.1879156,51.5592706],[0.1882885,51.5585303],[0.2701344,51.5685209],[0.165253,51.6030458],[0.1655785,51.6033402],[0.2200026,51.5665607],[0.2201293,51.5671094],[0.2202502,51.5703477],[0.2202717,51.570252],[0.2023429,51.5458256],[0.201901,51.5458462],[0.16108,51.6088921],[0.2082255,51.5896513],[0.2081396,51.5893553],[0.2294253,51.5521896],[0.2296239,51.552593],[0.1750446,51.5692135],[0.1755312,51.5688268],[0.2218886,51.6082822],[0.2208574,51.6080344],[0.172962,51.5786916],[0.2361558,51.5746116],[0.2519264,51.5428778],[0.2517609,51.542681],[0.258722,51.5432837],[0.2582418,51.543013],[0.2500067,51.5563111],[0.2508394,51.5562176],[0.1777192,51.5656758],[0.1759644,51.5650276],[0.1749996,51.5653718],[0.2436479,51.6050586],[0.1823392,51.6194338],[0.2441148,51.5991727],[0.243204,51.5988207],[0.288027,51.5432278],[0.2882425,51.5431601],[0.1650289,51.5636975],[0.1657116,51.5637181],[0.2946959,51.5520435],[0.2946641,51.550896],[0.1743643,51.5750328],[0.1741148,51.5748417],[0.2393083,51.6009023],[0.2394815,51.6006022],[0.2035449,51.5744949],[0.2470112,51.5473552],[0.2473375,51.5467152],[0.1613338,51.5987768],[0.1643633,51.5997499],[0.1634074,51.5988604],[0.1866182,51.5680483],[0.1867493,51.5673365],[0.1618324,51.599004],[0.2219563,51.6090549],[0.2220442,51.6091278],[0.2184042,51.6105882],[0.2189858,51.6103704],[0.1884756,51.5217148],[0.1867542,51.5219687],[0.1908543,51.5227473],[0.1911045,51.5228067],[0.2023231,51.5387421],[0.2018512,51.5386832],[0.2232456,51.6023668],[0.223229,51.6022113],[0.1815916,51.5234339],[0.1822748,51.5238392],[0.2087786,51.5822344],[0.2203726,51.5583385],[0.2205274,51.5575745],[0.2259247,51.6034617],[0.225969,51.6033494],[0.2511256,51.5607466],[0.1831994,51.5244098],[0.3067314,51.5607533],[0.3067088,51.5605919],[0.2427647,51.5698372],[0.2352162,51.5782034],[0.1601908,51.5902501],[0.1588146,51.5904955],[0.2642797,51.5688369],[0.2639334,51.5687804],[0.1686185,51.6003405],[0.1960275,51.5166932],[0.1958154,51.5166332],[0.2393546,51.5972288],[0.2391713,51.5969981],[0.2443855,51.6031965],[0.2444418,51.603415],[0.1989816,51.577884],[0.1983453,51.5777813],[0.2121062,51.5967781],[0.2123638,51.5957221],[0.2188749,51.6076585],[0.2176218,51.6071532],[0.1796424,51.6016081],[0.179276,51.601059],[0.2469628,51.5496265],[0.2470543,51.5492502],[0.2494661,51.556967],[0.1922167,51.5340757],[0.1920125,51.5337046],[0.3018739,51.5603488],[0.2493788,51.5443234],[0.1999644,51.574318],[0.1997486,51.5742263],[0.2857037,51.5595105],[0.2849341,51.5593607],[0.1795089,51.5274599],[0.1931331,51.5413992],[0.1927864,51.5405487],[0.1539221,51.597823],[0.1517432,51.5974461],[0.1739196,51.6014349],[0.2284305,51.6046536],[0.2280367,51.6044223],[0.1886728,51.5627188],[0.1889692,51.5607625],[0.205723,51.5405515],[0.1644557,51.5826471],[0.1648829,51.5823168],[0.2097482,51.5089768],[0.209613,51.5088891],[0.2952945,51.5560731],[0.2952369,51.559326],[0.2053948,51.5122386],[0.2054269,51.5120581],[0.2648943,51.5895914],[0.1538265,51.6020739],[0.1530248,51.6004272],[0.1848362,51.5323486],[0.1839598,51.5327157],[0.2129698,51.5941531],[0.2153494,51.5934441],[0.2132532,51.5938982],[0.2149523,51.5931289],[0.2198254,51.592574],[0.2077629,51.6092181],[0.206181,51.6091127],[0.1680968,51.5896425],[0.1667762,51.5904083],[0.2475903,51.6002483],[0.2473123,51.6000549],[0.2152649,51.5068047],[0.2128682,51.5069757],[0.2093786,51.5676305],[0.2094898,51.5673544],[0.2344384,51.5896614],[0.2341878,51.589485],[0.2332603,51.5988662],[0.232427,51.5983163],[0.2061486,51.5410215],[0.2094753,51.6040037],[0.2099593,51.6032109],[0.2182112,51.5746641],[0.2183827,51.5754722],[0.1784696,51.5952658],[0.1773244,51.5951702],[0.180537,51.5938758],[0.1810977,51.593229],[0.2159269,51.582866],[0.2153868,51.5826504],[0.2307667,51.6093976],[0.229204,51.6091319],[0.2471729,51.6026707],[0.2475548,51.6024523],[0.2256571,51.6054248],[0.2262197,51.6053426],[0.2232138,51.6076897],[0.2235982,51.6074325],[0.2332247,51.59062],[0.2288153,51.5603424],[0.2291972,51.560124],[0.2091082,51.6108496],[0.2077639,51.6086524],[0.2975376,51.538301],[0.2977713,51.5380815],[0.2142778,51.5437369],[0.2145281,51.5438567],[0.2206446,51.5615329],[0.2384869,51.5907367],[0.2387456,51.5907138],[0.206468,51.564094],[0.2085703,51.5633217],[0.1911341,51.5531446],[0.1913455,51.5534521],[0.220363,51.5824127],[0.2204469,51.5814586],[0.18294,51.6172619],[0.1834108,51.6166392],[0.1650569,51.6091394],[0.1656868,51.6088301],[0.1644474,51.6089815],[0.1739216,51.5874874],[0.1735461,51.5867999],[0.2322024,51.5617671],[0.2313681,51.5611392],[0.1885924,51.5642096],[0.2111004,51.5995124],[0.2116276,51.598611],[0.237373,51.568503],[0.2373108,51.5679795],[0.1734581,51.6061],[0.2630115,51.5572676],[0.2624759,51.5571906],[0.1557724,51.5945967],[0.1560147,51.5942623],[0.2366777,51.5760429],[0.2397269,51.5770877],[0.185484,51.526011],[0.1639542,51.5972234],[0.1641478,51.5960861],[0.1658616,51.6078709],[0.1655868,51.6077617],[0.2025742,51.5648361],[0.2019167,51.5647238],[0.2522264,51.5633086],[0.252158,51.5628983],[0.1604433,51.5745443],[0.1590461,51.574285],[0.1635217,51.5684553],[0.1654295,51.5933274],[0.1746423,51.6062719],[0.1764003,51.5758432],[0.1922395,51.5257168],[0.1948695,51.5382501],[0.1964544,51.5373116],[0.2138877,51.5222457],[0.1698361,51.5848803],[0.2279367,51.6035989],[0.2286004,51.6029846],[0.2670851,51.565222],[0.267889,51.5661699],[0.1713049,51.56513],[0.1697417,51.5646807],[0.1706859,51.5285816],[0.1678802,51.5286469],[0.2042614,51.5747632],[0.2147787,51.6141786],[0.2146821,51.6142735],[0.1889594,51.5566701],[0.1895287,51.5562098],[0.2173448,51.5257543],[0.2175879,51.5254791],[0.212205,51.5217884],[0.1657045,51.6052738],[0.1658588,51.6048248],[0.1693705,51.6005318],[0.186506,51.622667],[0.186313,51.6224158],[0.2298191,51.6097873],[0.2349106,51.5647185],[0.234754,51.5638432],[0.174825,51.5970375],[0.1754126,51.5962703],[0.1663341,51.5828066],[0.1666058,51.5826072],[0.1769355,51.5770743],[0.1772368,51.5770589],[0.2524536,51.6047722],[0.2766778,51.5419314],[0.1947724,51.577287],[0.1821437,51.5228368],[0.1804598,51.523006],[0.2029942,51.5778772],[0.2022514,51.5777638],[0.2155163,51.5457785],[0.163593,51.574482],[0.2044931,51.5204228],[0.2047949,51.5203879],[0.2210277,51.6170544],[0.2192468,51.6167819],[0.1597669,51.5985253],[0.15922,51.5982901],[0.185095,51.57909],[0.1847704,51.5794262],[0.1851007,51.5787244],[0.2611777,51.5695513],[0.2605536,51.5697474],[0.310204,51.5638355],[0.3099033,51.5637422],[0.2674036,51.5619585],[0.2669475,51.5618136],[0.2672769,51.5615625],[0.1771914,51.5995791],[0.1766811,51.5988978],[0.1775639,51.5795027],[0.1778457,51.5794249],[0.2137218,51.5824171],[0.1830101,51.5657168],[0.181925,51.5656311],[0.1750847,51.5783381],[0.2322291,51.6056644],[0.1659136,51.5928297],[0.2101728,51.6021579],[0.210499,51.6017118],[0.215902,51.5971729],[0.2247298,51.570343],[0.2248222,51.5702459],[0.1878648,51.5304309],[0.1865386,51.5311658],[0.167228,51.5802202],[0.168123,51.5798998],[0.1959585,51.5736198],[0.1949517,51.573101],[0.2223192,51.6156372],[0.2257356,51.6160701],[0.1610421,51.5891453],[0.16142,51.5887918],[0.2438753,51.6023168],[0.2448738,51.6022839],[0.1801632,51.5917361],[0.180581,51.591645],[0.1890799,51.5828285],[0.1880298,51.5821446],[0.1826911,51.5273361],[0.1755144,51.5829037],[0.248546,51.5446434],[0.1717091,51.5882417],[0.1721665,51.5876821],[0.1960676,51.5652169],[0.1941602,51.5650543],[0.2380247,51.5711219],[0.2369101,51.5703039],[0.2387416,51.5700805],[0.2200693,51.563972],[0.2202205,51.5641383],[0.1890014,51.5287015],[0.188058,51.5279554],[0.1907943,51.5195071],[0.1968199,51.5195646],[0.19621,51.5193725],[0.1898012,51.5186892],[0.1924682,51.5843539],[0.1901706,51.5831862],[0.266027,51.5581282],[0.2661452,51.5578662],[0.1562609,51.6080106],[0.1562557,51.6074422],[0.196574,51.5860851],[0.1947938,51.5852589],[0.2399091,51.6035017],[0.1700539,51.574355],[0.1684098,51.5740375],[0.2101613,51.5847779],[0.2106177,51.5849969],[0.176247,51.5665209],[0.1764609,51.5661629],[0.2326049,51.6059528],[0.2059483,51.5757382],[0.2062604,51.5758294],[0.182474,51.6188675],[0.2289549,51.5583342],[0.229345,51.5570984],[0.2322101,51.5890221],[0.2663981,51.5591735],[0.2667274,51.5594198],[0.2375336,51.6066898],[0.23771,51.6066933],[0.154497,51.5685385],[0.2356054,51.6094842],[0.2344963,51.6109124],[0.2351978,51.6094375],[0.2385184,51.6088846],[0.2401337,51.6083004],[0.2580982,51.5703222],[0.2574744,51.5701834],[0.2426598,51.6066625],[0.2417462,51.6075839],[0.1728337,51.5853126],[0.1747375,51.5838317],[0.1820933,51.580668],[0.1805198,51.5806249],[0.1828299,51.5805835],[0.1816385,51.5805292],[0.1824212,51.5804405],[0.1856793,51.5811055],[0.1654134,51.574328],[0.2367511,51.5726879],[0.1821302,51.571502],[0.1819961,51.5716773],[0.187454,51.5656641],[0.1873924,51.5654547],[0.1910394,51.565282],[0.1974916,51.5367552],[0.2296371,51.5884807],[0.2282373,51.5880556],[0.2231524,51.5867311],[0.2251961,51.5871966],[0.2267,51.5606752],[0.2259797,51.5607526],[0.2088442,51.558271],[0.2094824,51.5589321],[0.1858868,51.5261704],[0.1856121,51.5255874],[0.1553659,51.6047865],[0.1557014,51.6053421],[0.2425645,51.6036549],[0.2113635,51.612799],[0.2120943,51.6129672],[0.2229327,51.6130259],[0.2443852,51.5914784],[0.2437399,51.5912749],[0.2391203,51.6036417],[0.2370552,51.6038482],[0.2380827,51.6041645],[0.2333019,51.5899337],[0.2132588,51.5965923],[0.2110176,51.6052107],[0.2100804,51.6049405],[0.2432874,51.6061593],[0.1547972,51.5739064],[0.1525961,51.5735083],[0.1528073,51.5732047],[0.2475127,51.5534088],[0.2476407,51.5532017],[0.2169845,51.5478877],[0.2167139,51.5472373],[0.1784574,51.6102567],[0.1785884,51.610175],[0.2460389,51.5565694],[0.2467952,51.5563453],[0.2588045,51.557538],[0.2577459,51.5573611],[0.1680691,51.5258525],[0.1688203,51.5254722],[0.1743751,51.5245642],[0.1739805,51.524442],[0.2201145,51.5990584],[0.209332,51.5815856],[0.2670524,51.5409954],[0.2668107,51.5408768],[0.2086734,51.6061402],[0.2083005,51.6076136],[0.1631695,51.5850874],[0.1635576,51.5847149],[0.2077457,51.555313],[0.2081928,51.5560169],[0.1983473,51.550783],[0.1975254,51.5507457],[0.1996429,51.5511632],[0.2000588,51.5514232],[0.1869907,51.5710712],[0.1867148,51.5708383],[0.1856793,51.5707984],[0.1865204,51.5703589],[0.2962563,51.5404989],[0.2958408,51.5415255],[0.234865,51.6051858],[0.234905,51.6053246],[0.2205855,51.5850371],[0.2206535,51.584576],[0.2169411,51.5736258],[0.2165589,51.5735412],[0.2197315,51.6126824],[0.2686017,51.5899553],[0.2688821,51.5706765],[0.2536446,51.5567127],[0.2540413,51.5566945],[0.2554896,51.5672476],[0.2549698,51.5662719],[0.2423721,51.557652],[0.2418423,51.5576761],[0.2137703,51.5257912],[0.1787976,51.5349073],[0.1787859,51.5346742],[0.1848103,51.5714221],[0.2194115,51.5065392],[0.2188147,51.5065121],[0.2244156,51.5063268],[0.2243813,51.5062293],[0.1928703,51.5508673],[0.2708043,51.5709303],[0.2106106,51.5915153],[0.2108325,51.5914974],[0.1563772,51.5930777],[0.1567584,51.5927182],[0.2196898,51.5506397],[0.2182231,51.5504969],[0.2183425,51.5503161],[0.2191318,51.5505897],[0.237646,51.608426],[0.2189026,51.5716879],[0.2187072,51.572472],[0.2941699,51.5600324],[0.1744331,51.5364539],[0.1743646,51.5362124],[0.2284653,51.6120501],[0.2278765,51.6121738],[0.2178303,51.6149822],[0.2178536,51.6151328],[0.1918085,51.5723085],[0.1906947,51.5720657],[0.1757994,51.603656],[0.202505,51.5438408],[0.2026526,51.5433656],[0.1947071,51.5438016],[0.1947971,51.5434644],[0.1845546,51.574381],[0.1838448,51.5738073],[0.2486844,51.5550274],[0.1530066,51.5983152],[0.2213048,51.5616351],[0.1782277,51.570649],[0.1775024,51.5703769],[0.1850697,51.5221033],[0.1829347,51.5902187],[0.1838068,51.589438],[0.204838,51.5997914],[0.203716,51.6007748],[0.2043082,51.600988],[0.2571717,51.5738943],[0.2574481,51.5736461],[0.2708668,51.5626173],[0.2731706,51.5652732],[0.2733646,51.5652413],[0.2763524,51.568783],[0.2741203,51.5701482],[0.2769533,51.5699328],[0.2283141,51.5498175],[0.2214448,51.5500789],[0.2226217,51.5490982],[0.2085127,51.5707545],[0.2083196,51.5706845],[0.2056255,51.5714683],[0.2048894,51.571572],[0.201881,51.5729454],[0.2021975,51.5725652],[0.2086462,51.564205],[0.1767733,51.5818704],[0.2206388,51.5600312],[0.2207277,51.5613456],[0.1785768,51.5756398],[0.1781648,51.5747392],[0.178335,51.5749496],[0.1784964,51.5758332],[0.2086235,51.577608],[0.2075499,51.5774525],[0.2071143,51.5780166],[0.2542883,51.5655318],[0.2542482,51.5652732],[0.1811276,51.5685764],[0.1812867,51.568554],[0.1816978,51.5685153],[0.181516,51.5685223],[0.1810381,51.568703],[0.1671715,51.5260302],[0.1654683,51.5261814],[0.1709,51.5176344],[0.1730516,51.5168092],[0.1690602,51.521616],[0.169311,51.52141],[0.2677338,51.5685853],[0.2669076,51.5685394],[0.201883,51.5399537],[0.2025389,51.540556],[0.2740302,51.5580194],[0.2726972,51.5578824],[0.1836473,51.6030629],[0.1832632,51.603339],[0.1958121,51.5777204],[0.2010468,51.5734686],[0.2500562,51.5580064],[0.249936,51.5577233],[0.172801,51.607118],[0.2111408,51.5887396],[0.2114729,51.5891534],[0.1852357,51.5775941],[0.1843466,51.5773987],[0.1831436,51.5768441],[0.184149,51.5771063],[0.2110685,51.5817959],[0.2485008,51.5906172],[0.2483499,51.5904852],[0.1714929,51.5251518],[0.1865149,51.5854037],[0.1868092,51.5852183],[0.2381815,51.604398],[0.1795315,51.6059099],[0.2232669,51.6132689],[0.1567347,51.5980734],[0.1557663,51.5973329],[0.1559019,51.5963354],[0.155097,51.5978195],[0.2942906,51.5437677],[0.2940318,51.5451312],[0.1963645,51.549334],[0.1842341,51.5749768],[0.251844,51.5591727],[0.1906409,51.5167314],[0.2354565,51.5585201],[0.2336628,51.5928786],[0.233493,51.5929863],[0.2349754,51.5934463],[0.1826521,51.5748178],[0.2070473,51.5824424],[0.1813405,51.5742281],[0.2049905,51.5813749],[0.1831522,51.5747952],[0.2071735,51.5823449],[0.2172117,51.5536674],[0.1910497,51.5652287],[0.2162543,51.5629841],[0.1982409,51.5497656],[0.2337172,51.5578897],[0.2326214,51.5821183],[0.2348137,51.5935358],[0.1812359,51.5743754],[0.1805484,51.5805762],[0.1820609,51.5806177],[0.1816583,51.5805738],[0.1824718,51.5804925],[0.1828094,51.5805284],[0.2517952,51.559009],[0.1846998,51.5793937],[0.1850241,51.5790584],[0.1851888,51.578767],[0.1832239,51.576793],[0.184072,51.5771676],[0.1842493,51.5772362],[0.1851426,51.5776637],[0.1835492,51.5745459],[0.183748,51.5745476],[0.1837886,51.5743894],[0.1846153,51.5743326],[0.1827664,51.5739359],[0.183965,51.5738189],[0.1839975,51.5736587],[0.2307089,51.5997799],[0.1899386,51.518749],[0.1919643,51.5183871],[0.190786,51.5170762],[0.1911561,51.5168828],[0.1923391,51.534051],[0.2437635,51.6050699],[0.1785377,51.6066919],[0.2335213,51.5934185],[0.2328126,51.5930288],[0.2326183,51.5938777],[0.2842502,51.5428919],[0.2833617,51.5426927],[0.1740288,51.5284983],[0.1745143,51.5844205],[0.1639528,51.6004767],[0.2521711,51.5587215],[0.2539986,51.5588602],[0.2509483,51.5588921],[0.1892092,51.517533],[0.2763344,51.5419198],[0.2517981,51.5590405],[0.1919606,51.5337265],[0.1909328,51.5227327],[0.1924639,51.5259435],[0.1923453,51.5257106],[0.1867622,51.5219132],[0.1850679,51.5221799],[0.1821119,51.5227422],[0.215405,51.5934015],[0.2320955,51.6056783],[0.2298302,51.5930916],[0.2307421,51.5932805],[0.2273558,51.5928682],[0.2273429,51.592589],[0.2237939,51.5910517],[0.2238367,51.5912113],[0.2231346,51.5914347],[0.2225995,51.5916315],[0.2213794,51.5920491],[0.2188492,51.5972617],[0.2197782,51.5966181],[0.2160408,51.6033964],[0.2198938,51.6007586],[0.2209093,51.6006022],[0.2187799,51.6018036],[0.2168162,51.6031696],[0.2144594,51.6048484],[0.215108,51.6043254],[0.2393905,51.5971915],[0.2390998,51.5970127],[0.2279826,51.604468],[0.2285011,51.6046131],[0.2326644,51.6059037],[0.1898167,51.5187878],[0.1898858,51.5187227],[0.2179031,51.5537722],[0.2178845,51.5538835],[0.1973129,51.5495245],[0.1972972,51.549564],[0.2345886,51.5581874],[0.2345604,51.5582197],[0.25241,51.5588391],[0.2516602,51.5590801],[0.2516534,51.558977],[0.2514317,51.5592175],[0.2340558,51.5932546],[0.2341565,51.5931725],[0.2342598,51.593064],[0.1900104,51.5171469],[0.1899254,51.51709],[0.2341372,51.5931912],[0.1820652,51.574406],[0.1846049,51.5750689],[0.2203796,51.5686064],[0.2061706,51.5820467],[0.2062091,51.5819139],[0.2516633,51.559119],[0.2524164,51.5589288],[0.1819628,51.5746407],[0.1820256,51.5745539],[0.1820489,51.5745136],[0.2061843,51.5819277],[0.2061965,51.582032],[0.2530643,51.5587727]]}},{"type":"Feature","properties":{"kind":"station","name":"Romford"},"geometry":{"type":"Point","coordinates":[0.1826107,51.5747271]}},{"type":"Feature","properties":{"kind":"station","name":"Upminster"},"geometry":{"type":"Point","coordinates":[0.2516815,51.5589708]}},{"type":"Feature","properties":{"kind":"station","name":"Upminster Bridge"},"geometry":{"type":"Point","coordinates":[0.2347689,51.5582655]}},{"type":"Feature","properties":{"kind":"station","name":"Hornchurch"},"geometry":{"type":"Point","coordinates":[0.2181092,51.5538747]}},{"type":"Feature","properties":{"kind":"station","name":"Elm Park"},"geometry":{"type":"Point","coordinates":[0.1974303,51.549579]}},{"type":"Feature","properties":{"kind":"station","name":"Rainham"},"geometry":{"type":"Point","coordinates":[0.1906219,51.5167202]}},{"type":"Feature","properties":{"kind":"station","name":"Gidea Park"},"geometry":{"type":"Point","coordinates":[0.2057283,51.581785]}},{"type":"Feature","properties":{"kind":"station","name":"Emerson Park"},"geometry":{"type":"Point","coordinates":[0.2202375,51.5686007]}},{"type":"Feature","properties":{"kind":"station","name":"Harold Wood"},"geometry":{"type":"Point","coordinates":[0.2341995,51.5932171]}},{"type":"Feature","properties":{"kind":"station","name":"Romford Station Terminus"},"geometry":{"type":"Point","coordinates":[0.1822301,51.5739816]}},{"type":"Feature","properties":{"kind":"station","name":"Romford Bus Garage"},"geometry":{"type":"Point","coordinates":[0.1751283,51.5839798]}},{"type":"Feature","properties":{"kind":"station","name":"256 Bus route terminus/layby"},"geometry":{"type":"Point","coordinates":[0.2155033,51.5453477]}}]}
