{"type":"FeatureCollection","properties":{"borough":"Westminster","generatedAt":"2026-09-30T16:49:26.475Z","source":"© OpenStreetMap contributors, ODbL 1.0","majorRouteCount":190,"otherRouteCount":281,"stopCount":1274,"stationCount":48},"features":[{"type":"Feature","properties":{"kind":"boundary"},"geometry":{"type":"Polygon","coordinates":[[[-0.2160909,51.5289548],[-0.2160885,51.5288742],[-0.2160861,51.5288361],[-0.2160781,51.5285846],[-0.2160687,51.5284249],[-0.2160606,51.5282226],[-0.2160522,51.5280887],[-0.216045,51.527935],[-0.2160452,51.5279186],[-0.2159253,51.5278795],[-0.2158031,51.5278364],[-0.2158215,51.5278156],[-0.2158514,51.5277813],[-0.2158782,51.5277366],[-0.2158985,51.5276929],[-0.2159118,51.5276535],[-0.2159233,51.5276033],[-0.2159239,51.5275857],[-0.2159232,51.5274976],[-0.2158878,51.5274054],[-0.2158573,51.5273253],[-0.2158201,51.5272204],[-0.2157171,51.5269936],[-0.2156461,51.5268378],[-0.215566,51.5267137],[-0.2155211,51.5267168],[-0.2154848,51.5267196],[-0.215366,51.5267288],[-0.2152187,51.5267423],[-0.2150686,51.5267554],[-0.2149207,51.5267686],[-0.2147151,51.5267863],[-0.2145184,51.526804],[-0.2142911,51.5268254],[-0.2139808,51.5268548],[-0.2137534,51.5268738],[-0.2134362,51.5268905],[-0.2133229,51.5268923],[-0.2132081,51.5268916],[-0.2131358,51.5268895],[-0.2130439,51.5268855],[-0.2129851,51.5268822],[-0.212952,51.5268791],[-0.212906,51.5268753],[-0.2128696,51.5268724],[-0.2127227,51.5268622],[-0.2125046,51.5268461],[-0.2122105,51.5268233],[-0.2119114,51.5268001],[-0.2113045,51.5267539],[-0.2110448,51.5267339],[-0.2106399,51.5267022],[-0.2103233,51.5266778],[-0.2101462,51.526664],[-0.2099941,51.5266439],[-0.2095785,51.5265781],[-0.2092239,51.5265044],[-0.2089528,51.5264504],[-0.2085269,51.5263615],[-0.2084018,51.5263393],[-0.2083284,51.526328],[-0.2082471,51.5263167],[-0.208209,51.5263116],[-0.2080718,51.5262986],[-0.2079471,51.5262868],[-0.207846,51.5262786],[-0.2076723,51.5262646],[-0.2076122,51.5262596],[-0.2075548,51.5262543],[-0.2074597,51.5262461],[-0.2073633,51.5262372],[-0.2073219,51.5262328],[-0.2072009,51.5262177],[-0.2071438,51.5262096],[-0.207064,51.5261972],[-0.2070221,51.5261895],[-0.2069637,51.5261792],[-0.206887,51.5261636],[-0.2067831,51.5261386],[-0.2066667,51.5261042],[-0.2065765,51.5260759],[-0.2064476,51.5260351],[-0.2063703,51.5260063],[-0.2062431,51.5259579],[-0.2061794,51.5259318],[-0.2061396,51.5259141],[-0.20609,51.5258854],[-0.2060419,51.5258525],[-0.2059871,51.525808],[-0.2059306,51.5257596],[-0.2058791,51.5257161],[-0.2056912,51.5255332],[-0.2056016,51.5254404],[-0.2055133,51.5253245],[-0.2051922,51.5249073],[-0.2050393,51.524711],[-0.2045399,51.5240571],[-0.2044489,51.523937],[-0.204388,51.5238677],[-0.2043612,51.5238408],[-0.204331,51.5238121],[-0.2042895,51.5237744],[-0.2042425,51.5237339],[-0.2041118,51.5236292],[-0.2040737,51.5236005],[-0.2039956,51.5235433],[-0.2039776,51.523531],[-0.2038789,51.5234703],[-0.2038031,51.523431],[-0.2036907,51.5233804],[-0.2034974,51.5232963],[-0.2033458,51.5232375],[-0.2033066,51.5232229],[-0.2031509,51.5231735],[-0.2030703,51.5231478],[-0.2030423,51.52314],[-0.2029253,51.5231063],[-0.2027978,51.5230697],[-0.2026381,51.5230239],[-0.2022097,51.5229011],[-0.2019782,51.5228346],[-0.2016504,51.5227405],[-0.2016452,51.522715],[-0.2016296,51.5226533],[-0.2016218,51.522622],[-0.2016263,51.522623],[-0.2016304,51.5226241],[-0.2016241,51.5225975],[-0.2016017,51.5225022],[-0.2015507,51.5222861],[-0.2015368,51.5222264],[-0.2015372,51.5221132],[-0.2015368,51.5219874],[-0.2014574,51.5218788],[-0.2012904,51.5216585],[-0.2011583,51.5214843],[-0.2009754,51.5212377],[-0.200807,51.5210102],[-0.2007981,51.5210043],[-0.2006566,51.5208106],[-0.2006367,51.5207679],[-0.2006447,51.5207105],[-0.2006448,51.5207101],[-0.2006564,51.5207107],[-0.2006935,51.5207124],[-0.2007722,51.5207161],[-0.2007699,51.5207517],[-0.2007683,51.5207785],[-0.2007945,51.5208105],[-0.2008201,51.5208149],[-0.2010078,51.520826],[-0.2011098,51.5208316],[-0.2011352,51.5208332],[-0.2011792,51.5208359],[-0.2012127,51.5208376],[-0.2012794,51.5208412],[-0.2013574,51.5208452],[-0.2016052,51.5208581],[-0.2019441,51.5208775],[-0.2019913,51.5208793],[-0.2020083,51.5208798],[-0.2020795,51.5208815],[-0.2021446,51.5208826],[-0.2021788,51.5208834],[-0.2022263,51.5208844],[-0.2022773,51.5208854],[-0.2023319,51.5208866],[-0.2026742,51.5208931],[-0.2027963,51.5208725],[-0.2029086,51.5208534],[-0.2029993,51.5208357],[-0.2031152,51.5208104],[-0.2031699,51.520799],[-0.2032304,51.5207836],[-0.2032336,51.5207827],[-0.2033142,51.5207626],[-0.2034205,51.5207319],[-0.2034399,51.5207262],[-0.2034822,51.520713],[-0.2034982,51.5207085],[-0.2037259,51.5206365],[-0.2037668,51.5206227],[-0.2037155,51.5205716],[-0.2036787,51.5205391],[-0.2036197,51.5204824],[-0.2035893,51.5204528],[-0.2035545,51.5204136],[-0.203525,51.5203676],[-0.2035108,51.5203449],[-0.2034619,51.5202776],[-0.2034383,51.5202611],[-0.2033993,51.5201498],[-0.2033376,51.5199926],[-0.2032828,51.5198787],[-0.2032563,51.519834],[-0.2032451,51.5198133],[-0.2031975,51.519743],[-0.203176,51.51971],[-0.2030305,51.5195348],[-0.2029677,51.5194659],[-0.2028255,51.5193074],[-0.2026094,51.5190657],[-0.2021736,51.5185799],[-0.2020583,51.5184518],[-0.2018113,51.5181791],[-0.2017653,51.5181251],[-0.2015834,51.5179285],[-0.2014737,51.5178027],[-0.2013125,51.5178458],[-0.2010205,51.5179223],[-0.2007896,51.5179823],[-0.2007104,51.5178774],[-0.2005687,51.5176961],[-0.2003572,51.5174273],[-0.2003232,51.5173794],[-0.2002348,51.5172726],[-0.2001121,51.5171165],[-0.1999908,51.5169614],[-0.1999494,51.5168829],[-0.1999352,51.5168479],[-0.1999319,51.5168386],[-0.1999307,51.5168352],[-0.1999218,51.5167981],[-0.1998979,51.5167001],[-0.1998459,51.5165416],[-0.1997544,51.5162661],[-0.1996561,51.5159696],[-0.1995476,51.5156528],[-0.1995099,51.5155303],[-0.1994581,51.515379],[-0.1994217,51.5152662],[-0.1993045,51.5148924],[-0.1992504,51.514715],[-0.1992293,51.5146471],[-0.1991993,51.5145523],[-0.1991955,51.5145395],[-0.1989515,51.5145693],[-0.1985411,51.5146182],[-0.1977209,51.5147178],[-0.1969873,51.5148066],[-0.1967259,51.5148386],[-0.1956538,51.5149684],[-0.1950774,51.5150386],[-0.1950755,51.5150314],[-0.1950326,51.5148999],[-0.195008,51.514819],[-0.1948533,51.5143497],[-0.1947977,51.5141795],[-0.1946973,51.5138715],[-0.1945293,51.5133273],[-0.1943439,51.5127389],[-0.1943362,51.5127163],[-0.1942944,51.5125761],[-0.1942064,51.5122889],[-0.1941338,51.5120501],[-0.1940285,51.5116992],[-0.1939625,51.5117078],[-0.1938934,51.5117129],[-0.1938013,51.5117147],[-0.1936738,51.5117074],[-0.1936225,51.511706],[-0.1935669,51.5117078],[-0.1935103,51.5117106],[-0.193456,51.5117206],[-0.1932262,51.5117697],[-0.1931823,51.5117791],[-0.1931749,51.5117811],[-0.1931676,51.5117839],[-0.1931612,51.5117881],[-0.1931565,51.5117916],[-0.1931546,51.5117934],[-0.1931385,51.5118023],[-0.1931241,51.5118077],[-0.1931067,51.5118135],[-0.1930409,51.5118244],[-0.1929397,51.5118414],[-0.1928762,51.5116742],[-0.1927463,51.5113549],[-0.1926512,51.5111349],[-0.1924141,51.5105815],[-0.1921474,51.5098763],[-0.1920245,51.5098944],[-0.1918911,51.5099164],[-0.1917635,51.5099362],[-0.1916837,51.5099466],[-0.1915912,51.5099584],[-0.1914593,51.5099714],[-0.1912569,51.5099921],[-0.1910722,51.5100051],[-0.1907799,51.5100261],[-0.1907717,51.5100264],[-0.1906512,51.5100351],[-0.1904183,51.5100493],[-0.1899422,51.5100784],[-0.1896034,51.5100983],[-0.1889615,51.5101293],[-0.188752,51.5101391],[-0.1883437,51.5101648],[-0.1883156,51.5101658],[-0.1879381,51.5101898],[-0.1878838,51.5101933],[-0.1878804,51.5101834],[-0.1878322,51.5100729],[-0.1877737,51.5099349],[-0.1875201,51.509363],[-0.1868762,51.5078712],[-0.1860541,51.5059807],[-0.1853601,51.5043895],[-0.1843014,51.5019438],[-0.1842365,51.5017996],[-0.1842293,51.5017876],[-0.1842257,51.501778],[-0.1839678,51.5017304],[-0.1836968,51.501679],[-0.183081,51.5015665],[-0.182939,51.5015456],[-0.182557,51.5014984],[-0.1824079,51.5014817],[-0.1821754,51.5014614],[-0.1819599,51.5014499],[-0.1816714,51.5014366],[-0.1814011,51.5014287],[-0.1813023,51.501425],[-0.1812156,51.5014224],[-0.1810764,51.5014205],[-0.1809894,51.5014227],[-0.1809863,51.5014226],[-0.1809157,51.5014249],[-0.180799,51.5014304],[-0.1807617,51.5014329],[-0.1806311,51.5014388],[-0.1803791,51.5014582],[-0.1803361,51.501461],[-0.1803274,51.5014618],[-0.1803142,51.5013895],[-0.1802643,51.5011402],[-0.1801667,51.5006819],[-0.1801096,51.5004314],[-0.1800485,51.5001365],[-0.1800107,51.4999507],[-0.1799706,51.499756],[-0.1799406,51.4996107],[-0.1798675,51.4992564],[-0.1797994,51.4989223],[-0.1797691,51.4987792],[-0.179655,51.4982462],[-0.1795652,51.4978482],[-0.1795481,51.49778],[-0.1795454,51.497765],[-0.1792155,51.4977908],[-0.1784061,51.4978565],[-0.1772255,51.497946],[-0.176592,51.497998],[-0.1756911,51.498075],[-0.1748167,51.4981417],[-0.1746085,51.4981542],[-0.174328,51.4981695],[-0.1739407,51.4981934],[-0.173567,51.498221],[-0.1734432,51.49823],[-0.173458,51.4982979],[-0.1730649,51.4983289],[-0.1724836,51.4983753],[-0.1725008,51.4984538],[-0.1717994,51.4985123],[-0.1714839,51.4986144],[-0.1714988,51.4986622],[-0.1710002,51.4987131],[-0.1698381,51.4988319],[-0.1697463,51.4988624],[-0.1691184,51.4989273],[-0.1687187,51.4989701],[-0.1681741,51.499032],[-0.1681614,51.4989936],[-0.1680922,51.4990034],[-0.1680692,51.4989365],[-0.1679523,51.498608],[-0.1679144,51.4985255],[-0.1676029,51.4982792],[-0.1674425,51.4983552],[-0.1671322,51.4985114],[-0.1668687,51.4986472],[-0.1665227,51.4988233],[-0.1660617,51.4990591],[-0.1657426,51.4992179],[-0.1657147,51.4991765],[-0.1655504,51.4988852],[-0.1654437,51.4986843],[-0.1650142,51.4989246],[-0.1649113,51.4989796],[-0.1642809,51.4993164],[-0.1636366,51.4996786],[-0.1632573,51.4998923],[-0.1629972,51.5000401],[-0.1628384,51.5001241],[-0.1627739,51.500162],[-0.1626705,51.5002285],[-0.1625768,51.5002965],[-0.1623984,51.5004335],[-0.1623204,51.5004962],[-0.1622458,51.5005573],[-0.162132,51.5006542],[-0.1619664,51.500822],[-0.1618533,51.5009373],[-0.161593,51.5011784],[-0.1615057,51.5012555],[-0.1614146,51.5013175],[-0.1612926,51.5013886],[-0.1611659,51.5014651],[-0.1610953,51.5015077],[-0.1610385,51.5015614],[-0.1610025,51.5016002],[-0.1609256,51.5016757],[-0.1607906,51.5017172],[-0.1606657,51.5017508],[-0.1604082,51.5018177],[-0.1603188,51.5018381],[-0.1600992,51.5018821],[-0.1599066,51.501928],[-0.1591924,51.5020846],[-0.1587912,51.502175],[-0.1587271,51.5021823],[-0.158586,51.5022088],[-0.1584826,51.5022249],[-0.1584577,51.5021379],[-0.1584544,51.5020832],[-0.1584573,51.5020123],[-0.1584687,51.501919],[-0.158493,51.501721],[-0.1585205,51.5015021],[-0.1585258,51.5014559],[-0.1585253,51.5014137],[-0.1585254,51.5014013],[-0.1584611,51.501128],[-0.158396,51.5008751],[-0.1583129,51.5005762],[-0.158268,51.5003878],[-0.1582175,51.5001761],[-0.15818,51.5000174],[-0.1580567,51.4995792],[-0.157968,51.499256],[-0.1579022,51.4990225],[-0.157897,51.4990023],[-0.1578792,51.4989754],[-0.1578494,51.4989487],[-0.1577956,51.4989138],[-0.1576586,51.4988236],[-0.1576074,51.4987928],[-0.157406,51.4986606],[-0.1572299,51.4985417],[-0.1571196,51.4984671],[-0.1569648,51.4983622],[-0.1567173,51.4981989],[-0.1566337,51.4981401],[-0.1560816,51.4977744],[-0.1560262,51.4975241],[-0.1560233,51.4975112],[-0.1560079,51.4974377],[-0.1559688,51.4972643],[-0.1559125,51.4970082],[-0.1558844,51.4968651],[-0.1558784,51.4968241],[-0.1558703,51.4967536],[-0.1558599,51.4965536],[-0.155836,51.4964107],[-0.1558236,51.4963415],[-0.1557963,51.4962075],[-0.1557691,51.4960749],[-0.1557431,51.4959481],[-0.1557127,51.4958032],[-0.1557057,51.4957593],[-0.1556924,51.4956825],[-0.1556773,51.4955994],[-0.1556404,51.4953776],[-0.155582,51.4953312],[-0.1555428,51.4952965],[-0.155507,51.4952649],[-0.1554284,51.4951952],[-0.155348,51.4951254],[-0.1552735,51.4950529],[-0.1555274,51.4948975],[-0.1556082,51.4948474],[-0.1556725,51.4948082],[-0.1557081,51.4947869],[-0.1557443,51.494763],[-0.1557756,51.494741],[-0.1558036,51.4947188],[-0.1558236,51.4947027],[-0.1558488,51.494679],[-0.1558768,51.4946498],[-0.1558999,51.4946206],[-0.1559831,51.4945236],[-0.1560035,51.4944619],[-0.1557327,51.4942939],[-0.155479,51.4941372],[-0.1550341,51.493862],[-0.1549979,51.4938252],[-0.1553715,51.4935895],[-0.1559876,51.4931994],[-0.1559015,51.4931178],[-0.1558097,51.4930223],[-0.1557163,51.4929223],[-0.15557,51.4927676],[-0.1554175,51.4926045],[-0.1553338,51.4925153],[-0.1552272,51.4924066],[-0.1550944,51.4922771],[-0.1549354,51.4921252],[-0.1547675,51.4919701],[-0.154909,51.4918963],[-0.1550023,51.4918559],[-0.1551609,51.4917754],[-0.155328,51.4916902],[-0.1555085,51.4916035],[-0.1556432,51.4915415],[-0.1558255,51.4914635],[-0.1558211,51.4914506],[-0.1557752,51.4912968],[-0.1557508,51.4912226],[-0.1557403,51.4911886],[-0.1557263,51.4911433],[-0.1557076,51.4910846],[-0.1556912,51.4910332],[-0.1556904,51.4910303],[-0.1556863,51.4910179],[-0.1556779,51.4909915],[-0.1556704,51.490968],[-0.1556595,51.4909339],[-0.1556379,51.49088],[-0.1555579,51.4906784],[-0.1555508,51.4906608],[-0.1554243,51.4904312],[-0.1552799,51.4901744],[-0.1551938,51.490038],[-0.1552862,51.4899791],[-0.155859,51.489613],[-0.1557099,51.4895198],[-0.1552158,51.4892129],[-0.1551448,51.4891704],[-0.1545949,51.4888288],[-0.1537314,51.4882924],[-0.1529018,51.4877762],[-0.1526135,51.4875989],[-0.1521587,51.4873156],[-0.1517224,51.4870433],[-0.1512486,51.4867567],[-0.1509512,51.4865698],[-0.1507778,51.4864493],[-0.1506799,51.4863784],[-0.1506398,51.4863564],[-0.1504186,51.4862079],[-0.1502707,51.4861064],[-0.1501848,51.4860358],[-0.1501532,51.4860038],[-0.1501283,51.4859706],[-0.1501126,51.4859274],[-0.150097,51.4858807],[-0.1500629,51.4857301],[-0.1500382,51.4856281],[-0.1500067,51.4854628],[-0.1499781,51.4853129],[-0.149951,51.4851789],[-0.1499348,51.4850852],[-0.1498377,51.4845839],[-0.1498331,51.4845607],[-0.1498308,51.484545],[-0.1496653,51.4845561],[-0.1494168,51.4845674],[-0.1488462,51.4845864],[-0.1487728,51.4845889],[-0.1477579,51.4846099],[-0.1469834,51.484625],[-0.1464479,51.484624],[-0.1462449,51.4846153],[-0.145963,51.4845989],[-0.1455251,51.4845717],[-0.145304,51.4845561],[-0.1451482,51.4845434],[-0.1449914,51.48453],[-0.144886,51.4845147],[-0.1446819,51.4844794],[-0.1443096,51.4844148],[-0.144202,51.4844008],[-0.1440844,51.4843865],[-0.1436774,51.4843534],[-0.1435231,51.4843409],[-0.1430691,51.484279],[-0.1429878,51.4842681],[-0.1426124,51.4842113],[-0.1423659,51.4841757],[-0.1422342,51.4841524],[-0.1419879,51.4841082],[-0.1418474,51.4840838],[-0.1415086,51.4840177],[-0.141228,51.483966],[-0.1410626,51.4839372],[-0.1408171,51.4839022],[-0.1405872,51.4838738],[-0.1403897,51.4838565],[-0.1400152,51.4838338],[-0.1396493,51.4838224],[-0.1391455,51.4838078],[-0.1389046,51.4838061],[-0.1385918,51.4838089],[-0.1383457,51.483817],[-0.1381098,51.4838253],[-0.1379622,51.4838322],[-0.1377659,51.4838425],[-0.1375612,51.4838605],[-0.1373747,51.4838808],[-0.1369897,51.4839313],[-0.1367143,51.4839681],[-0.1363709,51.4840146],[-0.1361942,51.4840505],[-0.1359971,51.484081],[-0.1357127,51.4841373],[-0.1354967,51.4841855],[-0.1351198,51.4842622],[-0.1349828,51.4842883],[-0.1348369,51.4843073],[-0.1345481,51.4843591],[-0.1343844,51.4843797],[-0.1341436,51.4844256],[-0.1340261,51.4844425],[-0.1336673,51.4845175],[-0.1334777,51.4845664],[-0.1330619,51.4846582],[-0.1330245,51.4846672],[-0.1329586,51.4846717],[-0.1329106,51.4846755],[-0.1328858,51.4846791],[-0.132862,51.4846846],[-0.1327067,51.4847429],[-0.1325599,51.484788],[-0.1324361,51.4848235],[-0.1323361,51.4848609],[-0.1322374,51.4848987],[-0.1321608,51.4849296],[-0.1321195,51.4849471],[-0.1320825,51.4849646],[-0.1320236,51.4849872],[-0.1319979,51.4849936],[-0.1318586,51.4850356],[-0.1317476,51.4850648],[-0.131631,51.4851027],[-0.1312821,51.4852397],[-0.1311579,51.4852897],[-0.1309401,51.4853801],[-0.1307242,51.4854651],[-0.1305336,51.4855394],[-0.130367,51.4855876],[-0.1302038,51.4856391],[-0.130031,51.4856891],[-0.1298741,51.4857323],[-0.1298419,51.4857395],[-0.1297995,51.4857484],[-0.129746,51.4857615],[-0.1297085,51.4857754],[-0.1296343,51.4858159],[-0.1294913,51.4858926],[-0.1294405,51.4859177],[-0.1293844,51.485947],[-0.1293555,51.4859627],[-0.1293248,51.4859841],[-0.1293099,51.4859952],[-0.1292749,51.4860179],[-0.1291363,51.4861199],[-0.1290811,51.4861598],[-0.1287941,51.4863828],[-0.128418,51.486638],[-0.1280225,51.4869999],[-0.1278473,51.4871297],[-0.1276673,51.4872564],[-0.1276187,51.4872881],[-0.1274517,51.4874101],[-0.1273044,51.4875253],[-0.127216,51.4875935],[-0.1271559,51.4876393],[-0.1270081,51.4877722],[-0.1268124,51.4879565],[-0.1267648,51.4879983],[-0.1266155,51.4881605],[-0.1262685,51.4885461],[-0.1254879,51.4893852],[-0.1250261,51.4898967],[-0.1248462,51.4901051],[-0.1246993,51.4902782],[-0.12456,51.4904441],[-0.1241894,51.4909804],[-0.1240399,51.4911919],[-0.1239957,51.4912969],[-0.123948,51.4914489],[-0.1239468,51.4915215],[-0.1239641,51.4916245],[-0.1239681,51.4917152],[-0.1239636,51.4917912],[-0.1239563,51.4918431],[-0.1239023,51.4920292],[-0.1238754,51.4921004],[-0.1238605,51.4921476],[-0.1238325,51.49221],[-0.1237945,51.4922873],[-0.1237269,51.4923858],[-0.1235949,51.492514],[-0.1235247,51.4926092],[-0.1234618,51.4927044],[-0.1232797,51.4930888],[-0.1231264,51.4934116],[-0.1231038,51.4934647],[-0.1229897,51.493778],[-0.122965,51.4938893],[-0.1229183,51.494123],[-0.1229088,51.4941695],[-0.122894,51.4942467],[-0.1228573,51.4944335],[-0.1228435,51.4944956],[-0.1228364,51.4945269],[-0.1228341,51.4945375],[-0.1228332,51.4945455],[-0.122824,51.4945887],[-0.1228162,51.4946406],[-0.1228002,51.4947283],[-0.122794,51.4947551],[-0.122772,51.4948156],[-0.1227533,51.4948685],[-0.1227389,51.4949092],[-0.1227352,51.4949312],[-0.1227044,51.4950492],[-0.1226833,51.495132],[-0.122658,51.4952413],[-0.1226263,51.4953805],[-0.1225885,51.4955299],[-0.1225057,51.4960357],[-0.1224744,51.4962453],[-0.1223935,51.4966904],[-0.1223889,51.4971115],[-0.1223378,51.4976898],[-0.1223122,51.4979521],[-0.1222729,51.4982446],[-0.1222505,51.4983962],[-0.1222047,51.4986833],[-0.1221632,51.4989478],[-0.1221015,51.4993457],[-0.1220405,51.4996112],[-0.1220128,51.4997728],[-0.12189,51.5003146],[-0.1218516,51.5005765],[-0.1217807,51.5011242],[-0.1217592,51.5012488],[-0.1216521,51.5018834],[-0.1214316,51.5031904],[-0.1213915,51.5033972],[-0.121349,51.5036672],[-0.121296,51.5039735],[-0.1212612,51.5042239],[-0.1212417,51.5043098],[-0.121216,51.5044619],[-0.1211606,51.5046875],[-0.1211134,51.5048901],[-0.1210752,51.504989],[-0.1208036,51.5056713],[-0.1207575,51.5057602],[-0.1207316,51.5058032],[-0.1206955,51.5058556],[-0.1206569,51.5059022],[-0.1205662,51.5060104],[-0.1204854,51.5061073],[-0.1204272,51.5061752],[-0.120339,51.5062791],[-0.120187,51.5064614],[-0.1200826,51.5065832],[-0.1198894,51.5068063],[-0.1197474,51.5069602],[-0.1196622,51.5070388],[-0.1192404,51.5074151],[-0.1190624,51.5075689],[-0.1183405,51.5080976],[-0.1180625,51.5082667],[-0.117805,51.5083992],[-0.1176397,51.5084577],[-0.1174583,51.5085222],[-0.1168938,51.5087227],[-0.1163166,51.5089517],[-0.1158133,51.5091001],[-0.1155653,51.5091726],[-0.1152974,51.5092375],[-0.1149587,51.5093085],[-0.1145809,51.5093869],[-0.113912,51.5094967],[-0.1127235,51.5096628],[-0.1120492,51.5097294],[-0.1117813,51.5097477],[-0.111629,51.5097605],[-0.1115308,51.509768],[-0.11147,51.5097732],[-0.1114732,51.5097923],[-0.1114815,51.5098436],[-0.1114922,51.5099469],[-0.1115084,51.5100928],[-0.111556,51.5105047],[-0.111584,51.5107814],[-0.1115992,51.5109096],[-0.1115819,51.5111233],[-0.1115794,51.5111533],[-0.1115742,51.511317],[-0.1115616,51.5114118],[-0.1115666,51.5116156],[-0.1115698,51.5116758],[-0.1115752,51.511743],[-0.1115816,51.5117984],[-0.1115911,51.511814],[-0.111719,51.5119492],[-0.1117869,51.5120245],[-0.111912,51.5119859],[-0.1119293,51.5120056],[-0.1119808,51.5120627],[-0.1120988,51.5122003],[-0.1121857,51.5123025],[-0.1120687,51.5123436],[-0.1121153,51.5124042],[-0.1122569,51.5125708],[-0.1123124,51.5126328],[-0.1124249,51.512595],[-0.1125346,51.5127259],[-0.112363,51.5127844],[-0.1123856,51.5128165],[-0.1122743,51.5128582],[-0.112232,51.5128737],[-0.1122374,51.512878],[-0.1122074,51.5128903],[-0.1122243,51.5129079],[-0.1122758,51.5129622],[-0.1123316,51.5130202],[-0.1121135,51.5130867],[-0.1120514,51.5131083],[-0.1120182,51.5131198],[-0.1119552,51.513138],[-0.1118627,51.5131664],[-0.1118215,51.5131734],[-0.1117301,51.5131885],[-0.1117425,51.5132221],[-0.1117992,51.5133546],[-0.1118267,51.5134187],[-0.1118476,51.513465],[-0.111867,51.5135094],[-0.1119568,51.5136996],[-0.1118963,51.5137108],[-0.1116192,51.5137488],[-0.1114571,51.5137709],[-0.1112881,51.5137938],[-0.1110827,51.5138276],[-0.1111591,51.5140687],[-0.1112149,51.5142556],[-0.1112888,51.5144951],[-0.1113353,51.5146606],[-0.1113985,51.5148393],[-0.1114605,51.5150078],[-0.1115239,51.5151635],[-0.1115723,51.5152845],[-0.1115807,51.5153059],[-0.1115936,51.5153334],[-0.1116034,51.5153319],[-0.1116734,51.5153203],[-0.111711,51.515287],[-0.1120448,51.5152414],[-0.112327,51.5152026],[-0.1123134,51.5151605],[-0.1128081,51.5150489],[-0.113027,51.5150002],[-0.113178,51.5149683],[-0.1133715,51.5149271],[-0.1135274,51.5148936],[-0.113673,51.5148596],[-0.1138514,51.514822],[-0.1141235,51.5152172],[-0.1141804,51.5152973],[-0.1142651,51.5154073],[-0.1143557,51.5155206],[-0.1143789,51.5155532],[-0.1144331,51.5156216],[-0.1145378,51.5157665],[-0.1147205,51.5160248],[-0.1151018,51.5159228],[-0.1162191,51.5156532],[-0.1167869,51.5155068],[-0.117117,51.5154259],[-0.1172575,51.515391],[-0.117325,51.5153631],[-0.117462,51.5152964],[-0.1176399,51.5152201],[-0.1177473,51.5151917],[-0.1183233,51.5150459],[-0.118562,51.5149847],[-0.1186199,51.5149012],[-0.1186685,51.5148247],[-0.1186913,51.5147793],[-0.1187273,51.5147022],[-0.1188455,51.5146738],[-0.1188766,51.5146664],[-0.1188998,51.51466],[-0.1191049,51.5146029],[-0.1193698,51.5145298],[-0.1194769,51.5145007],[-0.1196049,51.5145108],[-0.119773,51.5145324],[-0.120144,51.514576],[-0.1202006,51.5145822],[-0.1203626,51.5146012],[-0.1204101,51.5146067],[-0.1205176,51.5146229],[-0.1206744,51.514657],[-0.1207217,51.5146715],[-0.12081,51.5146913],[-0.1209917,51.514725],[-0.1211368,51.514748],[-0.1212994,51.5147765],[-0.1215889,51.514825],[-0.1216985,51.514845],[-0.1218219,51.5148673],[-0.1218631,51.5148281],[-0.1220917,51.5146136],[-0.1222659,51.5147367],[-0.1223771,51.5148169],[-0.1224322,51.5148531],[-0.1225683,51.5149381],[-0.1227403,51.5150496],[-0.1228794,51.5151386],[-0.1231532,51.5149556],[-0.123269,51.5148778],[-0.1234085,51.5147839],[-0.1235244,51.5147377],[-0.1235733,51.514715],[-0.1235948,51.5147011],[-0.1237954,51.514579],[-0.1241862,51.5143358],[-0.1244929,51.5141519],[-0.124916,51.5139454],[-0.1252201,51.5138069],[-0.1256387,51.5136214],[-0.1257861,51.5135589],[-0.126003,51.5134651],[-0.1260995,51.5134229],[-0.1261988,51.5133778],[-0.1263218,51.5133227],[-0.1264351,51.5132663],[-0.1265381,51.5132128],[-0.1265857,51.5131882],[-0.1266264,51.5131648],[-0.126666,51.5131431],[-0.1267021,51.5131221],[-0.1267432,51.5131],[-0.1267732,51.5130808],[-0.1268276,51.5130452],[-0.1268692,51.5130105],[-0.1269258,51.5129668],[-0.1269549,51.5129438],[-0.1270291,51.5128845],[-0.1270473,51.51287],[-0.1270568,51.5128623],[-0.1270589,51.5128606],[-0.1270674,51.5128547],[-0.1270713,51.5128512],[-0.1270888,51.5128344],[-0.1271247,51.5127956],[-0.1271418,51.5127753],[-0.1271802,51.5127219],[-0.1271952,51.5127036],[-0.1272175,51.5126986],[-0.1272926,51.5126802],[-0.127324,51.5126742],[-0.127363,51.5126689],[-0.1273909,51.5126663],[-0.1274354,51.5126637],[-0.1274792,51.5126606],[-0.1275012,51.5126594],[-0.1275103,51.5126591],[-0.1275218,51.5126594],[-0.1275393,51.5126602],[-0.1275629,51.5126625],[-0.1276433,51.5126728],[-0.1276718,51.5126774],[-0.1276904,51.5126854],[-0.127735,51.5127114],[-0.1278004,51.5127561],[-0.1280161,51.512897],[-0.1282319,51.5130413],[-0.128285,51.5130749],[-0.1283241,51.5130988],[-0.1283484,51.5131133],[-0.1283936,51.5131388],[-0.1285021,51.513193],[-0.1286069,51.5132419],[-0.1287235,51.513297],[-0.1288569,51.5133565],[-0.1289068,51.5133782],[-0.1289233,51.513387],[-0.1289746,51.5134132],[-0.1290056,51.5134276],[-0.1290417,51.5134459],[-0.1290757,51.5134596],[-0.1291022,51.5134688],[-0.129128,51.5134735],[-0.1292257,51.5134812],[-0.1293062,51.5134831],[-0.1294062,51.5134886],[-0.129424,51.513573],[-0.1294294,51.5135966],[-0.1294453,51.5136339],[-0.1294967,51.5137241],[-0.1295383,51.5137937],[-0.1295769,51.513869],[-0.1296489,51.5139959],[-0.1296877,51.5140917],[-0.1297141,51.5141552],[-0.1297931,51.5143573],[-0.1298472,51.5145024],[-0.1299946,51.5148522],[-0.1300437,51.5149702],[-0.1301529,51.5152552],[-0.1302276,51.5154352],[-0.1302853,51.515585],[-0.1303237,51.5156926],[-0.1303675,51.5158128],[-0.1304104,51.5159287],[-0.1304476,51.5160321],[-0.1304597,51.5160906],[-0.130461,51.5161128],[-0.1304549,51.5161376],[-0.1304438,51.5161648],[-0.1304095,51.5162548],[-0.1303765,51.5163129],[-0.1303752,51.5163292],[-0.1303736,51.5163866],[-0.130352,51.516418],[-0.1303398,51.5164318],[-0.1303372,51.5164488],[-0.1303367,51.5164734],[-0.1303402,51.5165287],[-0.1303645,51.5165511],[-0.1305354,51.5167455],[-0.1306423,51.516877],[-0.1307427,51.5170001],[-0.130808,51.5170803],[-0.1310431,51.5170083],[-0.1311042,51.5169921],[-0.1311474,51.5169806],[-0.1311722,51.5169764],[-0.1311941,51.5169741],[-0.1312178,51.516973],[-0.131301,51.5169706],[-0.1313424,51.5169707],[-0.1313666,51.5169676],[-0.1313975,51.5169608],[-0.1314731,51.5169415],[-0.1315748,51.5169176],[-0.1318291,51.5168523],[-0.1322773,51.5167388],[-0.1325419,51.5166715],[-0.1325381,51.5167264],[-0.1325126,51.5167839],[-0.1325112,51.5167955],[-0.1324916,51.5168178],[-0.1325122,51.5168427],[-0.1325521,51.5168834],[-0.1325467,51.5169186],[-0.1325309,51.5169632],[-0.1325925,51.5169892],[-0.1324316,51.5171155],[-0.1327352,51.5172303],[-0.1328446,51.5172702],[-0.1329504,51.5173164],[-0.1330202,51.5173557],[-0.133111,51.5174095],[-0.1333067,51.517542],[-0.1334801,51.5176582],[-0.1335145,51.5176808],[-0.1335314,51.5176877],[-0.1335571,51.5176956],[-0.1335834,51.517699],[-0.1336172,51.5176983],[-0.1336355,51.517693],[-0.1337153,51.5176546],[-0.1338148,51.5176053],[-0.1338572,51.5175889],[-0.1340317,51.5175456],[-0.1340704,51.5175746],[-0.1343854,51.5178643],[-0.134474,51.5179494],[-0.1344813,51.5179569],[-0.134313,51.5180222],[-0.1347214,51.518425],[-0.135032,51.5187297],[-0.1352333,51.518928],[-0.1354049,51.5188557],[-0.1358231,51.5186837],[-0.1360283,51.5188849],[-0.1363036,51.5191555],[-0.136322,51.5191469],[-0.1369868,51.5188849],[-0.1370019,51.5188963],[-0.137055,51.5189453],[-0.1374579,51.519323],[-0.1378773,51.5197102],[-0.1379805,51.5198084],[-0.1380462,51.5198692],[-0.1380645,51.5198894],[-0.1380733,51.5198997],[-0.1380757,51.5199094],[-0.1380779,51.5199254],[-0.138081,51.5199378],[-0.1380958,51.5199548],[-0.1381424,51.5199935],[-0.1382985,51.5201226],[-0.1383057,51.5201294],[-0.138553,51.5203322],[-0.1389745,51.5206865],[-0.1391476,51.5208313],[-0.1392877,51.5209438],[-0.1394966,51.5211163],[-0.1396019,51.5212031],[-0.1398811,51.5214306],[-0.1400483,51.5215669],[-0.1403714,51.5218265],[-0.1407792,51.5221564],[-0.1411355,51.5224483],[-0.1414307,51.5226916],[-0.1417555,51.5229572],[-0.1419988,51.5231586],[-0.1422868,51.52339],[-0.142522,51.523577],[-0.1427487,51.5237611],[-0.1428704,51.5238659],[-0.142974,51.5238583],[-0.1430542,51.5238542],[-0.1431052,51.5238533],[-0.1432147,51.5238563],[-0.1433269,51.5238643],[-0.1433741,51.5238695],[-0.143431,51.5238788],[-0.14349,51.5238907],[-0.1435854,51.5239117],[-0.1435703,51.5239642],[-0.1435234,51.5241386],[-0.1434803,51.5242844],[-0.143448,51.5243969],[-0.1434326,51.5244484],[-0.1434262,51.5244713],[-0.1434136,51.5245125],[-0.1434096,51.5245257],[-0.143409,51.5245306],[-0.1434084,51.5245353],[-0.1434091,51.5245387],[-0.143409,51.5245405],[-0.14341,51.5245466],[-0.1434131,51.5245506],[-0.1434203,51.5245581],[-0.1434498,51.5245855],[-0.1434677,51.524602],[-0.1434748,51.5246086],[-0.1434767,51.5246104],[-0.1434786,51.5246114],[-0.143484,51.5246127],[-0.1434866,51.5246131],[-0.1435416,51.5246202],[-0.143604,51.5246279],[-0.1437685,51.5246483],[-0.1439157,51.5246666],[-0.1439734,51.5246735],[-0.1439959,51.5246762],[-0.1440124,51.5246764],[-0.1440252,51.5246755],[-0.1440349,51.5246724],[-0.1440578,51.5246629],[-0.1440952,51.5246414],[-0.1441126,51.5246281],[-0.1441215,51.5246219],[-0.1441269,51.5246115],[-0.1441272,51.5246039],[-0.1441247,51.5245514],[-0.1441214,51.5244129],[-0.1441131,51.5242362],[-0.1441116,51.5240921],[-0.144113,51.5239958],[-0.1442258,51.5240034],[-0.1442472,51.5240061],[-0.1442976,51.5240145],[-0.1443111,51.5240167],[-0.1443252,51.5240186],[-0.14435,51.5240218],[-0.1443747,51.5240252],[-0.1444024,51.5240289],[-0.1444244,51.5240318],[-0.1444436,51.5240346],[-0.1444576,51.5240366],[-0.1445047,51.5240435],[-0.1445483,51.5240473],[-0.1446364,51.5240521],[-0.1447008,51.5240546],[-0.1447445,51.5240524],[-0.1448007,51.5240487],[-0.14484,51.5240434],[-0.145031,51.52401],[-0.1452258,51.5239754],[-0.1453336,51.5242176],[-0.1454924,51.5245771],[-0.1456245,51.524875],[-0.1457441,51.5251562],[-0.1457895,51.525265],[-0.1459879,51.5252314],[-0.1462354,51.5251875],[-0.1469137,51.5250713],[-0.1471491,51.5250329],[-0.1471557,51.5250478],[-0.1471848,51.5251137],[-0.1474653,51.5257316],[-0.1479437,51.5268151],[-0.1484736,51.5279951],[-0.1486571,51.5284118],[-0.1489712,51.5291185],[-0.1493337,51.5299184],[-0.1496798,51.530684],[-0.1498562,51.5310737],[-0.1499645,51.5313138],[-0.1500426,51.5315118],[-0.1503103,51.5321108],[-0.1506638,51.5329038],[-0.1509537,51.5335445],[-0.151132,51.5339494],[-0.1512784,51.5342804],[-0.1513637,51.5344745],[-0.1517795,51.5354081],[-0.1520607,51.536041],[-0.1523422,51.5366779],[-0.1525216,51.5370779],[-0.1526148,51.537289],[-0.1526747,51.5374293],[-0.1527104,51.5375087],[-0.1527162,51.5375239],[-0.1528456,51.5375139],[-0.1529899,51.5375047],[-0.1532482,51.5374861],[-0.1535782,51.5374619],[-0.1539693,51.5374259],[-0.1542674,51.5373935],[-0.1544333,51.5373729],[-0.1546049,51.5373474],[-0.1547587,51.5373232],[-0.1554748,51.5371973],[-0.1556867,51.5371581],[-0.1558781,51.537121],[-0.1560867,51.5370844],[-0.1563894,51.5370249],[-0.1566062,51.5369814],[-0.1573854,51.5368068],[-0.1578452,51.5366981],[-0.1585749,51.5365284],[-0.1587211,51.5364889],[-0.1593774,51.5363376],[-0.1596761,51.536632],[-0.1596881,51.5366438],[-0.1597836,51.5367286],[-0.1601147,51.5370226],[-0.1602385,51.5371335],[-0.1603564,51.5372387],[-0.1604221,51.5372965],[-0.1604833,51.5372782],[-0.1605296,51.5372647],[-0.1608966,51.537154],[-0.1612505,51.5370483],[-0.1616656,51.5369236],[-0.1622281,51.5367525],[-0.1628132,51.5365738],[-0.1630597,51.5364985],[-0.1632263,51.5364401],[-0.1633951,51.5363809],[-0.1636135,51.536298],[-0.1637035,51.5362629],[-0.1637959,51.5362279],[-0.163865,51.5362015],[-0.1641431,51.5360949],[-0.1644092,51.5359903],[-0.1645501,51.5359341],[-0.1645683,51.5359272],[-0.1646372,51.5359],[-0.1647096,51.5358712],[-0.1647683,51.535848],[-0.164775,51.5358454],[-0.1648327,51.5358213],[-0.1649242,51.5357826],[-0.1649331,51.53579],[-0.1649799,51.5358234],[-0.1652669,51.5360405],[-0.1653842,51.5361122],[-0.1654637,51.536166],[-0.1657221,51.5363431],[-0.1659397,51.5364943],[-0.1662507,51.5367051],[-0.1664983,51.5368728],[-0.1668851,51.5371371],[-0.1672599,51.5373925],[-0.1674835,51.5375391],[-0.1675792,51.5375992],[-0.1677042,51.5376906],[-0.1678331,51.5377816],[-0.1678994,51.5378236],[-0.1679994,51.5378848],[-0.1681252,51.5379535],[-0.1683502,51.5380747],[-0.1684539,51.5381296],[-0.168636,51.5382204],[-0.1687782,51.5382859],[-0.1689054,51.5383448],[-0.1691584,51.5384606],[-0.1692612,51.538503],[-0.1694728,51.5385915],[-0.1695695,51.5385372],[-0.1699262,51.538335],[-0.1704793,51.5380199],[-0.1707845,51.5378435],[-0.1709017,51.5377762],[-0.1709944,51.5378314],[-0.1712066,51.5379564],[-0.1713704,51.5380525],[-0.1715231,51.5381425],[-0.1716496,51.5382168],[-0.1718294,51.5383233],[-0.1719595,51.5384018],[-0.1720871,51.5383399],[-0.1725942,51.5380925],[-0.172954,51.5379169],[-0.1733871,51.5377068],[-0.1735023,51.5376444],[-0.1737561,51.5378386],[-0.1739125,51.5379618],[-0.1739514,51.5379953],[-0.1740056,51.5380444],[-0.1740667,51.5381093],[-0.1740912,51.5381379],[-0.1741112,51.5381691],[-0.1741391,51.5382211],[-0.1741485,51.5382475],[-0.1741538,51.5382596],[-0.174158,51.5382808],[-0.1741591,51.5382969],[-0.1741576,51.5383202],[-0.1741297,51.5384638],[-0.1740746,51.5387434],[-0.1740367,51.5389691],[-0.1739877,51.5392311],[-0.1739371,51.5394711],[-0.1741549,51.5394891],[-0.1743442,51.5395048],[-0.1745063,51.5395181],[-0.1747403,51.5395357],[-0.174874,51.5395455],[-0.1753405,51.5395814],[-0.1757908,51.5396147],[-0.1763365,51.5396533],[-0.1767217,51.5396835],[-0.1770777,51.5397106],[-0.1773555,51.5397328],[-0.1774543,51.5397384],[-0.1775955,51.5397463],[-0.1776941,51.5397517],[-0.1777395,51.5397541],[-0.1777785,51.5397572],[-0.177854,51.5397629],[-0.1779498,51.5397703],[-0.1780282,51.5397767],[-0.1781698,51.5397888],[-0.178252,51.5397985],[-0.1783084,51.5398023],[-0.1783683,51.539806],[-0.1783854,51.5398069],[-0.1784572,51.5398097],[-0.1785394,51.5398121],[-0.1786449,51.5398076],[-0.1787781,51.5397937],[-0.1789234,51.5397764],[-0.1790494,51.5397614],[-0.1791728,51.5397474],[-0.1792885,51.539731],[-0.1794771,51.5397058],[-0.1796785,51.5396698],[-0.1797986,51.5396459],[-0.1798873,51.5396263],[-0.1799289,51.5396172],[-0.1799927,51.5396008],[-0.1801392,51.5395629],[-0.1802334,51.5395344],[-0.1805438,51.5394498],[-0.1808187,51.5393731],[-0.1809518,51.5393343],[-0.1810656,51.5393015],[-0.1812357,51.5392511],[-0.1813909,51.5392049],[-0.1815136,51.5391683],[-0.181583,51.5391461],[-0.1816673,51.5391189],[-0.1818496,51.5390607],[-0.1820668,51.5389901],[-0.1821547,51.5389614],[-0.1823277,51.5389052],[-0.1824628,51.538863],[-0.1827493,51.5387658],[-0.1831157,51.5386445],[-0.1833369,51.5385634],[-0.1834364,51.5385278],[-0.1835244,51.5384963],[-0.1835948,51.5384712],[-0.1836795,51.5384418],[-0.1837662,51.5384104],[-0.1838468,51.5383788],[-0.1839404,51.5383403],[-0.1839999,51.5383148],[-0.1840801,51.5382779],[-0.1841858,51.5382265],[-0.1843076,51.5381603],[-0.1843623,51.5381302],[-0.1844073,51.5381059],[-0.1844384,51.5380885],[-0.1844511,51.5380811],[-0.1844671,51.5380722],[-0.1844802,51.5380649],[-0.1844954,51.5380559],[-0.184516,51.5380435],[-0.1845419,51.5380261],[-0.1845551,51.5380145],[-0.1845575,51.5380128],[-0.184641,51.5379437],[-0.1846934,51.5378929],[-0.1849303,51.5376734],[-0.1851439,51.5374733],[-0.1853359,51.5372905],[-0.1855548,51.537082],[-0.1857166,51.5369289],[-0.1858758,51.5367758],[-0.1860597,51.5365998],[-0.1862179,51.5364494],[-0.1865441,51.5361609],[-0.1866794,51.5360377],[-0.1868364,51.5358955],[-0.1870622,51.5356828],[-0.187267,51.5354973],[-0.1874199,51.5353572],[-0.1875863,51.5352016],[-0.1877309,51.5350683],[-0.187787,51.5350152],[-0.1878061,51.5349984],[-0.1878466,51.534962],[-0.1878706,51.5349436],[-0.1878932,51.5349295],[-0.1879275,51.5349089],[-0.1879587,51.5348941],[-0.1883158,51.5347289],[-0.1886855,51.5345565],[-0.1886963,51.5345525],[-0.1887476,51.5345286],[-0.1887515,51.534532],[-0.1887827,51.5345559],[-0.1890469,51.5347654],[-0.1890592,51.5347763],[-0.189193,51.5348873],[-0.1892624,51.534941],[-0.1893248,51.5349863],[-0.1893547,51.5350087],[-0.1893992,51.5350401],[-0.1894252,51.5350556],[-0.1895098,51.5351044],[-0.1895792,51.5351451],[-0.1896613,51.5351934],[-0.1896697,51.5351976],[-0.1897841,51.5352573],[-0.1899522,51.5353435],[-0.1900503,51.5353889],[-0.1900857,51.5354038],[-0.1902245,51.5354682],[-0.1903283,51.5355117],[-0.1905658,51.5356293],[-0.1906521,51.5356723],[-0.1907149,51.5357038],[-0.1907665,51.5357292],[-0.1907875,51.5357411],[-0.1908509,51.5357772],[-0.1909033,51.5358085],[-0.1909759,51.5358561],[-0.1910269,51.5358917],[-0.1910636,51.5359145],[-0.1911005,51.5359425],[-0.1911735,51.5360045],[-0.1912306,51.5360524],[-0.1912861,51.5361028],[-0.1913315,51.5361428],[-0.191397,51.5362009],[-0.1914537,51.5362547],[-0.1914765,51.5362754],[-0.1914926,51.5362904],[-0.1915219,51.5362443],[-0.1915729,51.5361674],[-0.1916155,51.5361029],[-0.1917992,51.5358217],[-0.1919272,51.5356322],[-0.1920238,51.5354838],[-0.1920863,51.5353899],[-0.1921437,51.5353025],[-0.1923782,51.5349479],[-0.1925842,51.5346372],[-0.1926762,51.5344977],[-0.1930226,51.5339733],[-0.193041,51.5339479],[-0.19295,51.5338613],[-0.1928467,51.5337584],[-0.1927772,51.5336888],[-0.1927483,51.5336621],[-0.1927535,51.5336602],[-0.192648,51.5335547],[-0.1924981,51.5334056],[-0.1924475,51.5333567],[-0.1924292,51.5333387],[-0.192406,51.5333193],[-0.1923949,51.5333092],[-0.1923873,51.5333003],[-0.1923811,51.5332912],[-0.1923734,51.5332721],[-0.1923719,51.5332589],[-0.192374,51.5332097],[-0.1923792,51.5331144],[-0.1923873,51.5330429],[-0.1923889,51.5329981],[-0.1923947,51.5329649],[-0.1923992,51.5329327],[-0.1924061,51.5328929],[-0.1924454,51.5328323],[-0.1924578,51.5328141],[-0.1924798,51.5327788],[-0.1925385,51.5326872],[-0.1927103,51.5324393],[-0.1928859,51.5321863],[-0.1929731,51.5320537],[-0.1930228,51.5319817],[-0.1930621,51.5319399],[-0.1931924,51.5317981],[-0.1932553,51.5317127],[-0.1933527,51.5315997],[-0.1935005,51.531416],[-0.1936547,51.5312303],[-0.1939004,51.5309399],[-0.1940449,51.5307629],[-0.1941802,51.530598],[-0.1943412,51.5304025],[-0.1944834,51.5302304],[-0.1946504,51.5300279],[-0.1948146,51.5298297],[-0.1950525,51.5295409],[-0.1952236,51.5293319],[-0.1954747,51.5290238],[-0.1955864,51.5288854],[-0.1955911,51.5288797],[-0.195671,51.5287878],[-0.1958298,51.5286023],[-0.1959024,51.5285128],[-0.1959826,51.5284143],[-0.1960049,51.528388],[-0.196137,51.5282256],[-0.1961926,51.528162],[-0.1962467,51.5281026],[-0.1962912,51.5280552],[-0.1963186,51.5280248],[-0.1963582,51.5279759],[-0.1963819,51.5279431],[-0.1963914,51.5279299],[-0.1964191,51.5278661],[-0.196477,51.5277324],[-0.1964907,51.5276949],[-0.196504,51.5276368],[-0.1965616,51.5276477],[-0.1965709,51.5276493],[-0.1966149,51.5276595],[-0.1966292,51.5276612],[-0.1967504,51.5276871],[-0.1968918,51.5277139],[-0.1968576,51.5277701],[-0.1968465,51.5277921],[-0.1968363,51.5278121],[-0.1968358,51.5278195],[-0.1968548,51.5278533],[-0.1968678,51.527877],[-0.1968813,51.5279008],[-0.1968915,51.527917],[-0.1969067,51.5279294],[-0.1969236,51.5279396],[-0.1969361,51.5279454],[-0.19697,51.5279541],[-0.1969927,51.5279591],[-0.1970026,51.5279599],[-0.197017,51.5279599],[-0.197041,51.5279601],[-0.1970767,51.5279518],[-0.1970912,51.5279486],[-0.1971048,51.5279469],[-0.1971201,51.5279439],[-0.1971409,51.527944],[-0.1971622,51.5279443],[-0.1972167,51.527946],[-0.1972702,51.527948],[-0.1972705,51.5279503],[-0.1973045,51.527929],[-0.1973532,51.527898],[-0.1974214,51.5278545],[-0.1974826,51.5278363],[-0.1976707,51.5278732],[-0.1976716,51.5278699],[-0.1978265,51.5278978],[-0.1978382,51.5279432],[-0.1978488,51.5280419],[-0.1978539,51.5280421],[-0.1978568,51.5280795],[-0.1978611,51.5281154],[-0.1978638,51.5281364],[-0.1978646,51.5281611],[-0.1978603,51.5281607],[-0.1978631,51.5281954],[-0.197868,51.5282811],[-0.1978722,51.528281],[-0.1978703,51.5283024],[-0.1978679,51.5283219],[-0.1978659,51.5283303],[-0.1979137,51.5284241],[-0.1979927,51.5285986],[-0.1979902,51.5286251],[-0.1979834,51.528658],[-0.1979749,51.5286831],[-0.1979694,51.5286961],[-0.1979544,51.5287205],[-0.197948,51.5287297],[-0.19794,51.5287355],[-0.1979174,51.5287595],[-0.1979102,51.5287664],[-0.1979022,51.5287868],[-0.1978977,51.5288015],[-0.1978922,51.5288282],[-0.1978838,51.5288636],[-0.1978815,51.5288768],[-0.1978805,51.5289017],[-0.1978815,51.5289266],[-0.1978812,51.5289738],[-0.197881,51.5289836],[-0.1978819,51.5289933],[-0.1978831,51.5289978],[-0.1978832,51.5290091],[-0.1978874,51.5290325],[-0.1978963,51.5290619],[-0.1979161,51.5291013],[-0.19793,51.5291284],[-0.197941,51.529153],[-0.1979235,51.5292377],[-0.1979165,51.5292734],[-0.1979065,51.5293227],[-0.1978982,51.5293804],[-0.1978931,51.5294039],[-0.1978751,51.5295433],[-0.1978697,51.5295935],[-0.1978629,51.529644],[-0.1978572,51.5296913],[-0.1978505,51.529772],[-0.1978484,51.5298361],[-0.1978566,51.5298824],[-0.1978456,51.529952],[-0.1978918,51.530055],[-0.1979143,51.5300788],[-0.1979722,51.5301606],[-0.1979994,51.5301951],[-0.1980638,51.5302658],[-0.1981068,51.5303084],[-0.1981237,51.5303303],[-0.1981809,51.530398],[-0.1981997,51.5304161],[-0.1982479,51.5304572],[-0.1983168,51.5305128],[-0.1983719,51.5305575],[-0.1983786,51.5305635],[-0.1984311,51.5306044],[-0.1984698,51.5306347],[-0.1984909,51.5306502],[-0.1984996,51.5306595],[-0.198566,51.5307022],[-0.1985569,51.530707],[-0.198631,51.53075],[-0.1986622,51.5307653],[-0.1987414,51.530802],[-0.1987665,51.5308116],[-0.1987755,51.5308159],[-0.1987817,51.5308203],[-0.1988004,51.5308256],[-0.1988254,51.5308374],[-0.1988425,51.5308446],[-0.1988581,51.5308514],[-0.1988595,51.5308496],[-0.1988779,51.530856],[-0.1988969,51.5308639],[-0.198912,51.5308694],[-0.1989778,51.5308948],[-0.1989758,51.5308969],[-0.1989783,51.5308978],[-0.199018,51.5309103],[-0.1991403,51.5309421],[-0.19925,51.5310059],[-0.1992521,51.531004],[-0.1992566,51.5310064],[-0.199328,51.5310984],[-0.1993248,51.5310991],[-0.1993304,51.5311068],[-0.1993754,51.5311452],[-0.1994804,51.5312358],[-0.1995591,51.5312677],[-0.1996324,51.5312976],[-0.1996353,51.5312984],[-0.1996574,51.5313019],[-0.1997425,51.5313151],[-0.199751,51.5313166],[-0.1997848,51.5313334],[-0.1998605,51.5313708],[-0.1998705,51.5313746],[-0.1999212,51.531392],[-0.2000119,51.5314236],[-0.2001388,51.531478],[-0.2002848,51.5315403],[-0.2004507,51.5316114],[-0.2005442,51.5316514],[-0.2007353,51.5317336],[-0.200937,51.5318217],[-0.2009622,51.5318328],[-0.2011047,51.531904],[-0.201118,51.531913],[-0.2012445,51.531995],[-0.2012972,51.5320448],[-0.2013692,51.5321104],[-0.2014042,51.5321536],[-0.2014252,51.5321831],[-0.2014429,51.5322069],[-0.2014714,51.5322658],[-0.2015104,51.5323191],[-0.2015384,51.5323574],[-0.201574,51.5323996],[-0.2016096,51.5324439],[-0.2016469,51.5324875],[-0.2017002,51.5325581],[-0.2017175,51.5325607],[-0.2017699,51.5325691],[-0.2018712,51.5325834],[-0.20196,51.5325959],[-0.2020788,51.5326182],[-0.202131,51.5326284],[-0.2022826,51.5326701],[-0.2023191,51.5326816],[-0.2024198,51.5327153],[-0.2025406,51.5327563],[-0.2026036,51.5327782],[-0.2026573,51.5327957],[-0.2027365,51.5328217],[-0.2027762,51.5328349],[-0.2028238,51.5328494],[-0.2028393,51.5328542],[-0.2028716,51.5328631],[-0.2029197,51.5328763],[-0.2029353,51.5328807],[-0.2029606,51.5328865],[-0.2030102,51.5328927],[-0.203014,51.532893],[-0.203034,51.5328937],[-0.2030378,51.5328937],[-0.2030449,51.5328936],[-0.2030656,51.5328935],[-0.203072,51.5328931],[-0.2030866,51.5328932],[-0.2031248,51.5328923],[-0.2031346,51.5328921],[-0.2031559,51.5328909],[-0.2032361,51.5328864],[-0.2032843,51.5328842],[-0.2033332,51.5328817],[-0.2034318,51.532876],[-0.2034605,51.5328766],[-0.2035279,51.5328803],[-0.2036107,51.5328842],[-0.2037189,51.5328896],[-0.2040499,51.5329059],[-0.204342,51.5329187],[-0.2045623,51.5329289],[-0.2047856,51.5329394],[-0.2050488,51.5329516],[-0.2051671,51.532954],[-0.2052662,51.5329531],[-0.2053095,51.5329533],[-0.2053617,51.532952],[-0.2054451,51.5329493],[-0.2054882,51.532948],[-0.2055302,51.5329454],[-0.2056757,51.5329355],[-0.2057344,51.5329314],[-0.2058663,51.5329225],[-0.2060246,51.5329109],[-0.2062094,51.5328961],[-0.2063348,51.5328851],[-0.2065598,51.5328637],[-0.2066086,51.5328581],[-0.2067977,51.5328519],[-0.2071053,51.5328404],[-0.2071934,51.5328394],[-0.2073333,51.5328333],[-0.2074332,51.5328275],[-0.2075546,51.5328183],[-0.2076809,51.5328087],[-0.2077386,51.5328019],[-0.2078387,51.5327901],[-0.2079659,51.5327732],[-0.2082822,51.5327123],[-0.2084195,51.5326835],[-0.2085362,51.5326601],[-0.2087498,51.5326137],[-0.2089032,51.5325797],[-0.2091203,51.5325304],[-0.2091435,51.5325246],[-0.2092486,51.5324986],[-0.2093615,51.5324677],[-0.2094072,51.5324538],[-0.2094857,51.5324308],[-0.209558,51.5324094],[-0.2096214,51.5323914],[-0.2097893,51.5323391],[-0.2099966,51.5322713],[-0.2101308,51.5322316],[-0.2101973,51.5322124],[-0.2102489,51.5321935],[-0.2102906,51.5321786],[-0.2103772,51.5321478],[-0.2105194,51.5321007],[-0.2106192,51.5320671],[-0.2107611,51.5320225],[-0.2108371,51.5320025],[-0.2108845,51.5319911],[-0.2109672,51.5319726],[-0.2110132,51.5319633],[-0.2110857,51.5319487],[-0.2111525,51.5319354],[-0.211211,51.5319236],[-0.2112874,51.5319101],[-0.211362,51.5318988],[-0.2114545,51.5318848],[-0.2115086,51.5318756],[-0.2115841,51.531863],[-0.2116117,51.5318593],[-0.2116805,51.5318507],[-0.2117058,51.5318475],[-0.2117881,51.5318388],[-0.2118818,51.5318289],[-0.2120095,51.5318173],[-0.212125,51.5318109],[-0.2122702,51.531805],[-0.2124173,51.5318011],[-0.2125165,51.531798],[-0.212658,51.5317933],[-0.2127513,51.5317895],[-0.2128418,51.5317858],[-0.2129916,51.5317786],[-0.2130218,51.5317771],[-0.2130585,51.5317761],[-0.2130767,51.5317756],[-0.2130902,51.5317749],[-0.2131105,51.5317738],[-0.2131294,51.5317728],[-0.2131337,51.5317724],[-0.2131403,51.5317719],[-0.2131536,51.5317707],[-0.2131657,51.5317697],[-0.2131766,51.5317682],[-0.2132075,51.531764],[-0.213226,51.5317614],[-0.2132681,51.5317555],[-0.2133184,51.5317469],[-0.2133407,51.531743],[-0.2133764,51.531736],[-0.2134128,51.531729],[-0.2135225,51.5317072],[-0.2136626,51.5316794],[-0.2137208,51.531668],[-0.2137804,51.531658],[-0.2138355,51.5316491],[-0.2139136,51.5316366],[-0.2139898,51.5316251],[-0.2140901,51.5316101],[-0.2143336,51.5315747],[-0.2144057,51.5315629],[-0.2144942,51.5315499],[-0.2145554,51.5315386],[-0.2146171,51.531527],[-0.2146637,51.5315174],[-0.2147078,51.5315084],[-0.2147677,51.5314951],[-0.2148507,51.5314757],[-0.2149332,51.5314562],[-0.2149887,51.5314428],[-0.2150247,51.5314343],[-0.2150645,51.5314242],[-0.2151044,51.5314133],[-0.2151518,51.5313992],[-0.2152193,51.531379],[-0.2152511,51.53137],[-0.215278,51.5313625],[-0.2152912,51.5313587],[-0.215304,51.5313531],[-0.2153146,51.5313446],[-0.2153229,51.5313356],[-0.2153294,51.5313274],[-0.2153348,51.5313186],[-0.2153398,51.5313066],[-0.2153495,51.5312894],[-0.215355,51.5312765],[-0.215357,51.5312676],[-0.2153581,51.5312573],[-0.2153583,51.531237],[-0.2153574,51.5312141],[-0.2153552,51.531187],[-0.2153474,51.5311524],[-0.2153248,51.5310765],[-0.215323,51.5310713],[-0.2152704,51.5308882],[-0.2152311,51.5307624],[-0.2152096,51.5306968],[-0.2151929,51.5306387],[-0.2151699,51.5305715],[-0.2151675,51.5305634],[-0.2151563,51.5305339],[-0.215144,51.5304888],[-0.2151345,51.5304517],[-0.2151265,51.5304141],[-0.2151225,51.530375],[-0.215119,51.5303291],[-0.2151184,51.5302827],[-0.2151189,51.5302542],[-0.2151221,51.530222],[-0.2151315,51.5301683],[-0.2151413,51.5301386],[-0.215152,51.5301075],[-0.2151703,51.5300684],[-0.2151838,51.5300435],[-0.2152008,51.5300158],[-0.2152129,51.5299984],[-0.2152316,51.5299774],[-0.2152526,51.5299559],[-0.2152773,51.5299349],[-0.2153089,51.5299109],[-0.2153384,51.5298915],[-0.2153553,51.5298814],[-0.2153906,51.5298634],[-0.2154384,51.5298411],[-0.2155194,51.5298081],[-0.215552,51.5297959],[-0.2155843,51.529786],[-0.2156069,51.5297796],[-0.2156432,51.5297722],[-0.2156721,51.5297671],[-0.21569,51.5297644],[-0.2157203,51.5297609],[-0.2157479,51.5297588],[-0.2158802,51.5297506],[-0.2158919,51.5297043],[-0.2159096,51.5296466],[-0.2159336,51.529577],[-0.2159538,51.5295185],[-0.215975,51.5294503],[-0.2160054,51.5293548],[-0.2160367,51.5292687],[-0.2160404,51.5292566],[-0.2160638,51.5291727],[-0.2160693,51.5291488],[-0.2160785,51.5290994],[-0.2160836,51.5290661],[-0.2160875,51.5290237],[-0.2160909,51.5289548]]]}},{"type":"Feature","properties":{"kind":"routes","class":"major","routeCount":190},"geometry":{"type":"MultiLineString","coordinates":[[[-0.1453665,51.4946949],[-0.1457082,51.4942378],[-0.1471087,51.4924653],[-0.1471334,51.4924724],[-0.1457595,51.4942454],[-0.1454203,51.4947094],[-0.1453665,51.4946949]],[[-0.1476051684495925,51.48461287772293],[-0.1475899,51.4856352]],[[-0.1475899,51.4856352],[-0.1475916,51.4858923]],[[-0.1475916,51.4858923],[-0.147595,51.4862225]],[[-0.147595,51.4862225],[-0.1476138,51.486397],[-0.1476567,51.4866442],[-0.1477465,51.4869607],[-0.1478364,51.4871528],[-0.1479557,51.4873808],[-0.1481448,51.4877257],[-0.1483084,51.4880321],[-0.1484412,51.488357],[-0.1485512,51.4886943],[-0.1485995,51.488934],[-0.1486034,51.4889888]],[[-0.1486034,51.4889888],[-0.1486169,51.4891787],[-0.1486217,51.4893432]],[[-0.1486217,51.4893432],[-0.1486236,51.4894066],[-0.1486129,51.4896238],[-0.1485995,51.489754],[-0.1485911,51.4897922],[-0.1485592,51.4899386],[-0.1485354,51.4900131],[-0.148464,51.4902041],[-0.1484023,51.4903486]],[[-0.1484023,51.4903486],[-0.1483366,51.4904504],[-0.1481778,51.4906994]],[[-0.148098,51.490935],[-0.1481046,51.4909097],[-0.1481649,51.4907293],[-0.1481778,51.4906994]],[[-0.1479126,51.4915941],[-0.1479262,51.491566],[-0.1479812,51.4913848],[-0.1480113,51.491267],[-0.148098,51.490935]],[[-0.1479126,51.4915941],[-0.1472111,51.4924067],[-0.1461914,51.4937126],[-0.1456077,51.4944671],[-0.1454426,51.4947152]],[[-0.1483464,51.490347],[-0.1483393,51.4903619],[-0.1482561,51.4905164],[-0.1481778,51.4906994]],[[-0.1483464,51.490347],[-0.1484238,51.4901832],[-0.1484989,51.4899745],[-0.1485525,51.4897407],[-0.1485699,51.4896373]],[[-0.1485699,51.4896373],[-0.1485763,51.4894368],[-0.1485736,51.4892581],[-0.1485589,51.4890802],[-0.1485448,51.488991]],[[-0.1485448,51.488991],[-0.1485227,51.4888514],[-0.1484744,51.4886343],[-0.1484033,51.4884055],[-0.1483175,51.4881925],[-0.1481995,51.4879687],[-0.1480238,51.4876364],[-0.1478776,51.4873583],[-0.1478012,51.4872263],[-0.147718,51.4870401],[-0.1476603,51.4868422],[-0.1475839,51.486575],[-0.1475356,51.4863495],[-0.1475155,51.4860822],[-0.1475113,51.4858924]],[[-0.1475113,51.4858924],[-0.147508,51.4856352]],[[-0.147508,51.4856352],[-0.14752203025948527,51.48461449862244]],[[-0.13071249380231711,51.516963064313394],[-0.13037472804100117,51.51634613152908]],[[-0.12921446815822019,51.51348031478832],[-0.1291284,51.5133243],[-0.1290075,51.5131293],[-0.1286892,51.5126122],[-0.1284467,51.5122506],[-0.1284053,51.5121391],[-0.1283719,51.5120312],[-0.1283659,51.512005],[-0.1283486,51.5119071],[-0.1283281,51.5117756],[-0.1282939,51.5115114],[-0.1283384,51.5105866],[-0.1283136,51.5104159],[-0.1282658,51.5102705],[-0.1282221,51.5101706],[-0.1280943,51.5099766],[-0.1279306,51.5098083],[-0.1277573,51.5096808],[-0.127528,51.5095608],[-0.1269817,51.5093491],[-0.1261234,51.509086],[-0.1259736,51.5090324],[-0.1254327,51.5087886],[-0.1249331,51.508528],[-0.1246601,51.508383],[-0.1244833,51.508308],[-0.1243005,51.5082517],[-0.1240536,51.5081845],[-0.1236349,51.5080843],[-0.1233373,51.5080115]],[[-0.1233373,51.5080115],[-0.1231083,51.5079465],[-0.1226092,51.5077706],[-0.1218816,51.5075217],[-0.1212571,51.5073317],[-0.120513,51.5071146],[-0.1199824,51.5069496],[-0.11980789142552173,51.50689463922262]],[[-0.1402179,51.5154379],[-0.1405692,51.5153999],[-0.1408012,51.5153748],[-0.1411357,51.5153385],[-0.1412273,51.5153286],[-0.141293,51.5153215]],[[-0.13037489878920608,51.51634000593723],[-0.131045,51.5162723],[-0.1327997,51.5161338],[-0.1328803,51.5161252]],[[-0.1328803,51.5161252],[-0.1343306,51.5160236],[-0.1379109,51.5156639],[-0.1396658,51.5154888],[-0.1402341,51.5154251]],[[-0.1402341,51.5154251],[-0.1407785,51.5153611],[-0.1413645,51.5152942],[-0.1422192,51.5152213]],[[-0.1422192,51.5152213],[-0.1459202,51.5147706],[-0.1498819,51.5142531],[-0.1537469,51.5138425],[-0.156062,51.5136251],[-0.1581495,51.5133982],[-0.1586609,51.5133423],[-0.1591702,51.5132854],[-0.1626344,51.5129455],[-0.1648713,51.5127306],[-0.1724153,51.5119697],[-0.1750689,51.5116952],[-0.1807132,51.5108362],[-0.1820503,51.5106401],[-0.1827255,51.510556],[-0.1836028,51.510485],[-0.1845769,51.5104266],[-0.1861734,51.5102957],[-0.1872283,51.5101973],[-0.18787149102267992,51.51016297589224]],[[-0.20072500928463988,51.52090424578399],[-0.2006384,51.5208865],[-0.2006303,51.5209141],[-0.20075558078869232,51.52094609525632]],[[-0.1883585,51.5191028],[-0.1879168,51.5190598],[-0.1874752,51.5190188],[-0.187458,51.5190175],[-0.1871296,51.5189927],[-0.1870776,51.5189887],[-0.1870498,51.5189866],[-0.1866215,51.5189593],[-0.1866187,51.5189827],[-0.187046,51.519011],[-0.1874686,51.5190468],[-0.1883521,51.5191278],[-0.1883556,51.5191149],[-0.1883585,51.5191028]],[[-0.1780728,51.5182932],[-0.1783312,51.5183722],[-0.1784972,51.5184203],[-0.1787043,51.5184814],[-0.1787642,51.5185],[-0.1789249,51.5185471],[-0.1789035,51.5185713],[-0.1784796,51.5184461],[-0.1783149,51.5183974],[-0.178048,51.5183186],[-0.1780728,51.5182932]],[[-0.1662142,51.5204613],[-0.1661981,51.5204413],[-0.166768,51.5202698],[-0.1669235,51.5202231],[-0.1674507,51.5200448],[-0.1674993,51.5200284],[-0.1675139,51.520053],[-0.1672868,51.5201429],[-0.1668802,51.5202755],[-0.1662142,51.5204613]],[[-0.157277,51.5222053],[-0.1572641,51.5222072],[-0.1565125,51.5223413],[-0.1564437,51.5223531],[-0.1562784,51.5223816],[-0.1559382,51.5224402]],[[-0.1437685,51.5238747],[-0.1437528,51.523875],[-0.1437531,51.5238796],[-0.1437246,51.5238802],[-0.1437244,51.5238762],[-0.1437109,51.5238765],[-0.1437111,51.5238808],[-0.1436844,51.5238814],[-0.1436842,51.5238778],[-0.1436699,51.5238781],[-0.1436704,51.5238822],[-0.1436434,51.5238834],[-0.143643,51.5238795],[-0.1436301,51.5238801],[-0.1436305,51.5238839],[-0.1436031,51.523885],[-0.1436027,51.5238812],[-0.1435888,51.5238818],[-0.1435892,51.5238856],[-0.1435616,51.5238868],[-0.1435611,51.5238829],[-0.1435475,51.5238835],[-0.143548,51.5238874],[-0.1435216,51.5238887],[-0.1435212,51.5238852],[-0.143507,51.5238859],[-0.1435074,51.5238894],[-0.14348841682093624,51.52389038068083],[-0.1434803,51.5238908]],[[-0.1434803,51.5238908],[-0.14347994533762143,51.52388867202573],[-0.1434797,51.5238872],[-0.14347423055699596,51.52388751938353],[-0.143466,51.523888]],[[-0.14330063307457871,51.52386242713544],[-0.1433745,51.5238565],[-0.1434626,51.5238513],[-0.14353,51.523848],[-0.1436697,51.523844],[-0.1437806,51.5238409],[-0.1438563,51.5238395],[-0.1438908,51.5238389],[-0.143961,51.5238385],[-0.1439804,51.5238384],[-0.144086,51.5238394],[-0.1442151,51.5238418],[-0.1443246,51.5238459],[-0.1444561,51.5238522],[-0.1444544,51.5238634],[-0.1444321,51.5238621],[-0.1444291,51.5238825],[-0.1444223,51.5238821],[-0.1444217,51.5238864],[-0.1444158,51.5238861],[-0.1444152,51.5238901],[-0.1443896,51.5238886],[-0.14439,51.5238846],[-0.1443772,51.523884],[-0.1443768,51.5238878],[-0.1443651,51.5238873],[-0.1443655,51.5238831],[-0.144352,51.5238826],[-0.1443516,51.5238868],[-0.1443244,51.5238857],[-0.1443248,51.5238815],[-0.1443113,51.5238809],[-0.1443108,51.5238851],[-0.1442846,51.523884],[-0.144285,51.5238797],[-0.1442707,51.5238791],[-0.1442702,51.5238832],[-0.1442438,51.5238821],[-0.1442441,51.5238778],[-0.1442303,51.5238775],[-0.1442301,51.5238814],[-0.1442035,51.5238806],[-0.1442038,51.5238764],[-0.144189,51.523876],[-0.1441887,51.5238803],[-0.144162,51.5238795],[-0.1441623,51.5238753],[-0.1441485,51.5238749],[-0.1441482,51.5238792],[-0.1441216,51.5238785],[-0.1441216,51.5238742],[-0.1441065,51.5238741],[-0.1441065,51.5238784],[-0.1440793,51.5238783],[-0.1440794,51.5238726],[-0.1440378,51.5238725],[-0.1440379,51.5238667],[-0.143971,51.5238665],[-0.1439609,51.5238665],[-0.1438562,51.5238662],[-0.143846,51.5238662],[-0.1437681,51.5238679],[-0.1437685,51.5238747]],[[-0.1242668,51.5017046],[-0.1244243,51.5015848],[-0.1245558,51.5014892],[-0.124634,51.5014358],[-0.1248391,51.5013063],[-0.1249094,51.5012621],[-0.1249769,51.5012193],[-0.1251635,51.5011143],[-0.1253316,51.5010325],[-0.1252317,51.5010284],[-0.1250969,51.5010952],[-0.1248018,51.5012638],[-0.1246543,51.5013565],[-0.1245148,51.5014516],[-0.1243593,51.5015693],[-0.1242144,51.501682],[-0.1242668,51.5017046]],[[-0.1349051,51.4991498],[-0.1347486,51.4992036],[-0.1344555,51.4992956],[-0.1343296,51.4993337],[-0.1342898,51.4993453],[-0.1342025,51.4993706],[-0.1340451,51.4994149],[-0.1340333,51.4993994],[-0.1341685,51.4993608],[-0.1341617,51.4993513],[-0.1341548,51.4993416],[-0.1342893,51.4993039],[-0.1342836,51.4992968],[-0.1342748,51.4992853],[-0.1343035,51.4992765],[-0.1343182,51.4992952],[-0.1343767,51.4992785],[-0.1347228,51.4991706],[-0.1349521,51.4990927],[-0.1349587,51.4990996],[-0.134965,51.4991065],[-0.1350644,51.4990694],[-0.1350806,51.4990864],[-0.1349565,51.4991313],[-0.1349051,51.4991498]],[[-0.1435375,51.4962851],[-0.1435376,51.4962682],[-0.1436277,51.4962685],[-0.1437755,51.4962695],[-0.1441196,51.496272],[-0.1441584,51.4962726],[-0.1441579,51.4962928],[-0.1442798,51.4962871],[-0.1443686,51.4962827],[-0.1443716,51.4962981],[-0.1442812,51.4963078],[-0.1441183,51.4963166],[-0.1440972,51.4963177],[-0.1438975,51.4963178],[-0.1437747,51.4963186],[-0.1436279,51.4963196],[-0.1434498,51.4963236],[-0.1434082,51.4963264],[-0.1433745,51.4963286],[-0.1433075,51.4963336],[-0.143085,51.496353],[-0.1430802,51.4963342],[-0.1433264,51.4963122],[-0.1433425,51.4963052],[-0.1433551,51.4962998],[-0.1433744,51.496292],[-0.1434036,51.4962901],[-0.1434538,51.4962868],[-0.1435375,51.4962851]],[[-0.188908,51.5122784],[-0.1878459,51.5123547]],[[-0.1750068,51.5157216],[-0.1751704,51.5156334],[-0.1753713,51.5155307],[-0.1755332,51.515442],[-0.1759969,51.51519]],[[-0.1661981,51.5204413],[-0.1661781,51.5204163],[-0.1666663,51.5202571],[-0.1672573,51.520081],[-0.1674836,51.520002],[-0.1674993,51.5200284],[-0.1674507,51.5200448],[-0.1669235,51.5202231],[-0.166768,51.5202698],[-0.1661981,51.5204413]],[[-0.20071840932520113,51.520895211069195],[-0.2004297,51.5208393]],[[-0.2004297,51.5208393],[-0.1998315,51.5206931],[-0.1982123,51.5202925],[-0.1974979,51.5201421],[-0.19627,51.519893],[-0.195848,51.5198112],[-0.1954957,51.5197601],[-0.1951411,51.5197246]],[[-0.1951411,51.5197246],[-0.1950131,51.5197163],[-0.193703,51.5196563]],[[-0.193703,51.5196563],[-0.1933788,51.5196289],[-0.1901496,51.5193123],[-0.1894618,51.519246],[-0.1883497,51.5191409],[-0.1874659,51.5190606],[-0.1870434,51.5190255],[-0.1866198,51.5189969]],[[-0.1866198,51.5189969],[-0.1860167,51.5189605],[-0.1857883,51.5189489],[-0.1855973,51.5189426],[-0.1854139,51.5189389],[-0.1852027,51.5189347],[-0.1850038,51.518937],[-0.1847615,51.5189395],[-0.1845342,51.5189388],[-0.1843146,51.518934],[-0.1839096,51.5189192],[-0.1837885,51.5189122],[-0.1836075,51.5188976],[-0.1833335,51.5188756],[-0.1829845,51.5188393],[-0.1826454,51.5188033],[-0.1824667,51.5187834],[-0.1822703,51.5187693],[-0.1819605,51.5187463],[-0.1815509,51.5187139]],[[-0.1815509,51.5187139],[-0.1811916,51.5186934],[-0.1809995,51.5186899],[-0.1808302,51.5186915],[-0.1806397,51.5186983],[-0.1803428,51.5187169],[-0.1800716,51.5187342],[-0.1798478,51.5187347],[-0.1796893,51.518729],[-0.1795435,51.5187186],[-0.1792641,51.5186718],[-0.1789931,51.5186117]],[[-0.1789931,51.5186117],[-0.178584,51.518488],[-0.1779613,51.5183165],[-0.1777039,51.5182217],[-0.1776024,51.5181843]],[[-0.1776024,51.5181843],[-0.1774418,51.5180979],[-0.1772783,51.5180163],[-0.1768599,51.5177584],[-0.1766748,51.5176571],[-0.1764656,51.5175759],[-0.1762296,51.5175113],[-0.1760062,51.5174748],[-0.1758367,51.51746],[-0.1756838,51.5174543],[-0.1755354,51.5174636],[-0.1752613,51.5175026],[-0.1747459,51.5175958],[-0.1734484,51.5178161],[-0.1731315,51.5178665],[-0.17272,51.5179319],[-0.1726734,51.5179388],[-0.1720942,51.5180354],[-0.171569,51.5181225],[-0.1715216,51.5181304],[-0.1712322,51.5181784],[-0.1707503,51.5182981]],[[-0.1707503,51.5182981],[-0.1701444,51.5186345],[-0.1689984,51.5192818],[-0.168785,51.5194021],[-0.168382,51.5196233]],[[-0.168382,51.5196233],[-0.1680872,51.5198322],[-0.1673162,51.5201541]],[[-0.1673162,51.5201541],[-0.1670842,51.520233],[-0.1668361,51.5203099]],[[-0.1668361,51.5203099],[-0.1666224,51.5203649],[-0.1662243,51.520478],[-0.1656381,51.5205881]],[[-0.1656381,51.5205881],[-0.1656027,51.5206009],[-0.1653598,51.5206599],[-0.1650076,51.5207493]],[[-0.1650076,51.5207493],[-0.1636888,51.5209755],[-0.1605919,51.5215638],[-0.1574923,51.5221531],[-0.1566779,51.5222984],[-0.1558488,51.5224417],[-0.1556787,51.5224715],[-0.155512,51.5225008]],[[-0.155512,51.5225008],[-0.1533537,51.5228684],[-0.1523934,51.5230468],[-0.1518104,51.5231153],[-0.1511884,51.5231453],[-0.1505374,51.5231861],[-0.1498389,51.5232422],[-0.1491314,51.5233069],[-0.1489664,51.5233223]],[[-0.1489664,51.5233223],[-0.1459327,51.523848],[-0.1454896,51.5238823],[-0.1452135,51.5238868],[-0.1450753,51.5238843],[-0.1449542,51.5238778],[-0.1447504,51.5238608],[-0.144476,51.5238379]],[[-0.144476,51.5238379],[-0.1443543,51.523832]],[[-0.1443543,51.523832],[-0.1443265,51.5238308],[-0.1442166,51.5238267],[-0.1440867,51.5238243],[-0.1439808,51.5238232],[-0.1438906,51.5238238],[-0.1437799,51.5238258],[-0.1436687,51.5238289],[-0.1435289,51.5238329],[-0.1433722,51.5238415],[-0.1432717,51.5238495],[-0.14320232353302526,51.52385596091871]],[[-0.11157741072056883,51.5112159240467],[-0.1118481,51.5112087],[-0.1124798,51.5111738],[-0.1126434,51.5111664],[-0.1129111,51.5111535]],[[-0.1129111,51.5111535],[-0.1132373,51.5111321],[-0.1134494,51.5111163],[-0.1136117,51.5110996],[-0.1137139,51.5110896],[-0.1138558,51.5110712],[-0.1140583,51.5110361],[-0.1142768,51.510994],[-0.1148108,51.5108846]],[[-0.1148108,51.5108846],[-0.1149528,51.5108484],[-0.1151776,51.5107859],[-0.1155384,51.5106766],[-0.1163109,51.5104478],[-0.1183145,51.5098293],[-0.1184239,51.5097917],[-0.1188912,51.5096496],[-0.1192336,51.5095312],[-0.1195322,51.5094247],[-0.1198357,51.5093059],[-0.1200928,51.5091913],[-0.1205782,51.5089386],[-0.1209638,51.5086798],[-0.1213007,51.5084184],[-0.1214734,51.508252],[-0.1216347,51.5080711],[-0.1218595,51.5078243],[-0.122038,51.5076094]],[[-0.122038,51.5076094],[-0.1223154,51.5072768],[-0.1225207,51.5069909],[-0.1226655,51.5067675],[-0.1227486,51.5065889],[-0.1228509,51.5063867],[-0.1229069,51.5062007],[-0.1229515,51.5059837],[-0.1229806,51.5056773],[-0.1230074,51.5053853],[-0.1231523,51.5048804],[-0.1232507,51.5045506],[-0.1233815,51.5040916],[-0.123568,51.5033066],[-0.1237437,51.5025826],[-0.1238148,51.5023716],[-0.1238859,51.5022297],[-0.1239784,51.5020869],[-0.1240267,51.5020172],[-0.1240831,51.5019495],[-0.124142,51.5018657],[-0.1242144,51.5017863],[-0.1242903,51.5017063],[-0.124362,51.5016478],[-0.1244371,51.5015894],[-0.1245651,51.501496],[-0.1249869,51.5012287],[-0.1251817,51.5011187],[-0.1253316,51.5010451],[-0.125526,51.5009658],[-0.1258326,51.5008439]],[[-0.1258326,51.5008439],[-0.1267357,51.5005166],[-0.1276249,51.500193],[-0.1279707,51.5000639],[-0.1281947,51.4999829],[-0.1284429,51.4998986],[-0.1286763,51.4998395],[-0.128852,51.4998011],[-0.1290265,51.4997659],[-0.1293361,51.4997218],[-0.1295172,51.4997035],[-0.1296879,51.4996943],[-0.1300147,51.4996834],[-0.1303437,51.4996836],[-0.1315582,51.4997119],[-0.1321316,51.4997104],[-0.1324971,51.4996985],[-0.132701,51.4996901],[-0.1329021,51.4996698],[-0.1331462,51.4996434],[-0.1334125,51.499595],[-0.1335942,51.4995487],[-0.1340474,51.4994185],[-0.1341236,51.4993975],[-0.1342922,51.4993497],[-0.1344588,51.4993001],[-0.1347525,51.4992077],[-0.1349081,51.4991546],[-0.1350491,51.4991032],[-0.1350837,51.4990906],[-0.1353089,51.4990098],[-0.1354815,51.4989472],[-0.1357546,51.4988177],[-0.1361848,51.4986512],[-0.1363886,51.4985427],[-0.1366333,51.4984093],[-0.1372808,51.4980302],[-0.1376918,51.4978494],[-0.1378295,51.4977925],[-0.1379743,51.4977385],[-0.1381218,51.4976858],[-0.1382633,51.4976377],[-0.138451,51.4975786],[-0.1385532,51.4975495]],[[-0.1385532,51.4975495],[-0.1387177,51.4975064]],[[-0.1387177,51.4975064],[-0.1388544,51.4974684],[-0.1389753,51.4974391],[-0.1391363,51.4974027],[-0.1393228,51.4973598],[-0.1397054,51.4972841],[-0.1400283,51.4972358],[-0.1402511,51.4971932],[-0.1404552,51.4971462],[-0.1406322,51.4970961],[-0.1407892,51.4970452],[-0.1411763,51.4969062],[-0.1416596,51.4967286],[-0.141976,51.4966269],[-0.1423015,51.4965371],[-0.1426611,51.4964412],[-0.1429979,51.4963722],[-0.143111,51.4963594],[-0.1432299,51.4963476]],[[-0.1432299,51.4963476],[-0.1433104,51.4963403]],[[-0.1433104,51.4963403],[-0.1434494,51.4963299],[-0.1436142,51.4963261],[-0.1437612,51.4963251],[-0.1438961,51.4963255],[-0.144097,51.4963251],[-0.144281,51.4963164],[-0.1444585,51.4962975],[-0.1445971,51.4962827]],[[-0.1445971,51.4962827],[-0.1447102,51.4962678]],[[-0.1447102,51.4962678],[-0.1448793,51.4962377],[-0.1450999,51.4961912],[-0.1453063,51.4961318],[-0.1455095,51.4960657],[-0.1456734,51.4960053],[-0.1458607,51.4959308],[-0.1460061,51.495866],[-0.1461797,51.4957833],[-0.146383,51.4956607],[-0.146577,51.495506],[-0.1467233,51.4953653],[-0.147234,51.4947434],[-0.1479721,51.4938524],[-0.1481183,51.4937104],[-0.1482953,51.4935509],[-0.1484496,51.4934404],[-0.1486498,51.4932996],[-0.1489324,51.4931214],[-0.1491012,51.4930243],[-0.1492965,51.4929197],[-0.149625,51.4927223],[-0.1500757,51.492476]],[[-0.1500757,51.492476],[-0.1503145,51.4923821]],[[-0.1503145,51.4923821],[-0.1507083,51.492246],[-0.1510089,51.4921597],[-0.1512475,51.4921],[-0.1515079,51.4920477],[-0.1517395,51.4920129],[-0.151997,51.4919839],[-0.1522735,51.4919594],[-0.1526119,51.491947]],[[-0.1526119,51.491947],[-0.1532244,51.4919338]],[[-0.1532244,51.4919338],[-0.153816,51.4919198],[-0.1540369,51.4919225],[-0.1542459,51.4919305],[-0.154447,51.491951],[-0.15481696368251105,51.4920157927764]],[[-0.19290338454345365,51.51174577882938],[-0.1924714,51.5118324],[-0.191841,51.5119744]],[[-0.191841,51.5119744],[-0.1917089,51.5119946]],[[-0.1917089,51.5119946],[-0.1907605,51.5120911],[-0.1902601,51.5121569]],[[-0.1902601,51.5121569],[-0.189799,51.5121885]],[[-0.189799,51.5121885],[-0.1896664,51.5121985]],[[-0.1896664,51.5121985],[-0.1891231,51.5122474]],[[-0.1891231,51.5122474],[-0.1889165,51.5122628]],[[-0.1889165,51.5122628],[-0.188251,51.5123038],[-0.1879168,51.5123307]],[[-0.1879168,51.5123307],[-0.186532,51.5123919],[-0.1853708,51.5124683],[-0.1842659,51.5126073]],[[-0.1842659,51.5126073],[-0.1836497,51.5126337]],[[-0.1836497,51.5126337],[-0.1830302,51.5126658],[-0.1825852,51.5127172],[-0.1821442,51.512778],[-0.1814303,51.5129321]],[[-0.1814303,51.5129321],[-0.1813049,51.5129597]],[[-0.1813049,51.5129597],[-0.1809926,51.5130256],[-0.1803038,51.5132021],[-0.1795998,51.5134381],[-0.1789017,51.5137738],[-0.1770466,51.5147751],[-0.1766006,51.514946],[-0.176153,51.5151073],[-0.1759956,51.515168]],[[-0.1759956,51.515168],[-0.1759297,51.5151932],[-0.1754622,51.5154494],[-0.175149,51.5156184],[-0.1749549,51.5157268]],[[-0.1749549,51.5157268],[-0.1743291,51.5160937]],[[-0.1743291,51.5160937],[-0.173857,51.5163517]],[[-0.173857,51.5163517],[-0.1722573,51.5172301]],[[-0.1722573,51.5172301],[-0.1719434,51.5173958]],[[-0.1719434,51.5173958],[-0.1718461,51.5174882]],[[-0.1718461,51.5174882],[-0.1716511,51.5176733]],[[-0.1716511,51.5176733],[-0.1714982,51.5178069],[-0.1713672,51.5179298],[-0.1712567,51.5180278],[-0.1708942,51.5182226],[-0.1707503,51.5182981]],[[-0.168382,51.5196233],[-0.1680878,51.5197315]],[[-0.1680878,51.5197315],[-0.1676958,51.519891]],[[-0.1672693,51.5200584],[-0.1676958,51.519891]],[[-0.1662143,51.5203846],[-0.1671491,51.5200909],[-0.1672693,51.5200584]],[[-0.1437192,51.4964233],[-0.1437193,51.4963993],[-0.1437712,51.4963996],[-0.1441193,51.4964014],[-0.1441518,51.4964016],[-0.1441514,51.4963807],[-0.1442872,51.4963751],[-0.1443861,51.4963624],[-0.144384,51.4963461],[-0.1442869,51.4963546],[-0.1441197,51.496361],[-0.1440981,51.496362],[-0.1437711,51.496363],[-0.1436248,51.4963638],[-0.1435009,51.4963651],[-0.1434537,51.4963663],[-0.1433765,51.4963708],[-0.1433375,51.4963731],[-0.1433065,51.496376],[-0.1431159,51.4963937],[-0.1430939,51.4963957],[-0.1430921,51.4964054],[-0.143098,51.4964135],[-0.1432955,51.4963953],[-0.1433404,51.4963912],[-0.1433544,51.4963959],[-0.1433766,51.4964027],[-0.1434641,51.4964004],[-0.1434641,51.496445],[-0.1434771,51.4964508],[-0.1434837,51.4964537],[-0.1434906,51.4964567],[-0.1435409,51.4964573],[-0.1435392,51.496415],[-0.1436263,51.4964146],[-0.1436921,51.4964143],[-0.1436921,51.4964229],[-0.1437192,51.4964233]],[[-0.1348792,51.4992537],[-0.1347237,51.4993068],[-0.1344806,51.4993843],[-0.134402,51.4994073],[-0.1344145,51.4994231],[-0.1343872,51.4994315],[-0.1343803,51.4994228],[-0.1343745,51.4994158],[-0.1342439,51.4994528],[-0.134238,51.4994446],[-0.134232,51.4994364],[-0.1339309,51.4995197],[-0.1338478,51.4995428],[-0.1338149,51.4995412],[-0.1338001,51.4995446],[-0.1337968,51.4995391],[-0.1339201,51.4995046],[-0.1342357,51.499417],[-0.1342844,51.4994028],[-0.134366,51.4993798],[-0.1344367,51.4993596],[-0.1346911,51.4992791],[-0.1348464,51.4992266],[-0.134997,51.4991746],[-0.1351228,51.4991305],[-0.1351384,51.4991466],[-0.1350416,51.4991811],[-0.1350465,51.4991865],[-0.1350514,51.499192],[-0.1348792,51.4992537]],[[-0.15485873037456102,51.492054375348985],[-0.1547403,51.4920339],[-0.1544484,51.4919939],[-0.1542394,51.4919739],[-0.1540279,51.4919643],[-0.1538151,51.4919605],[-0.1532256,51.4919617]],[[-0.1532256,51.4919617],[-0.1526137,51.4919748]],[[-0.1526137,51.4919748],[-0.152275,51.4919872],[-0.1520042,51.4920105],[-0.1517478,51.4920398],[-0.1515216,51.4920732],[-0.1512627,51.4921253],[-0.1510287,51.4921841],[-0.1507292,51.4922699],[-0.1503361,51.4924062]],[[-0.1503361,51.4924062],[-0.1500993,51.4924963]],[[-0.1500993,51.4924963],[-0.1496473,51.4927464],[-0.1493214,51.492941],[-0.1491287,51.4930453],[-0.1489651,51.4931401],[-0.1486851,51.4933158],[-0.1484878,51.4934537],[-0.1482549,51.4936351],[-0.1481397,51.4937371],[-0.148007,51.4938774],[-0.1477012,51.4942415],[-0.1472706,51.494756],[-0.1467615,51.4953795],[-0.146615,51.4955245],[-0.1464178,51.4956783],[-0.14621,51.4958045],[-0.1460351,51.495887],[-0.1458858,51.4959527],[-0.1456962,51.496029],[-0.1455279,51.4960906],[-0.1453237,51.4961572],[-0.1451159,51.4962164],[-0.1448919,51.4962682],[-0.1447174,51.4962982]],[[-0.1447174,51.4962982],[-0.1446004,51.496316]],[[-0.1446004,51.496316],[-0.1444662,51.4963298],[-0.1442852,51.4963462],[-0.1440984,51.4963553],[-0.1436195,51.4963566],[-0.143453,51.4963599],[-0.1433167,51.4963685]],[[-0.1433167,51.4963685],[-0.1432359,51.4963742]],[[-0.1432359,51.4963742],[-0.1431188,51.4963848],[-0.142996,51.4963991],[-0.1427907,51.4964384],[-0.1426694,51.4964616],[-0.1423196,51.4965583],[-0.1419908,51.4966478],[-0.1416769,51.4967495],[-0.1412025,51.4969246],[-0.1408066,51.4970694],[-0.140647,51.4971237],[-0.1404794,51.4971713],[-0.1402579,51.497224],[-0.1400222,51.4972695],[-0.1397072,51.4973178],[-0.1393405,51.4973881],[-0.1392106,51.4974177],[-0.1390366,51.4974568],[-0.1388815,51.4974935],[-0.1387281,51.4975365]],[[-0.1387281,51.4975365],[-0.1385738,51.4975781]],[[-0.1385738,51.4975781],[-0.1384679,51.4976079],[-0.1383128,51.497656],[-0.1381486,51.4977109],[-0.1379929,51.4977669],[-0.137862,51.4978159],[-0.1377534,51.4978607],[-0.137312,51.4980494],[-0.1366778,51.4984331],[-0.1364346,51.4985697],[-0.1362245,51.4986736],[-0.1357922,51.4988519],[-0.1355204,51.4989705],[-0.1353477,51.4990453],[-0.1351193,51.4991252],[-0.1349931,51.4991704],[-0.1348445,51.4992225],[-0.1347086,51.4992683],[-0.134603,51.4993007],[-0.1344343,51.4993551],[-0.1342822,51.4993993],[-0.1341728,51.4994295],[-0.1337948,51.4995337],[-0.1335941,51.4995883],[-0.1334259,51.4996313],[-0.1331569,51.4996818],[-0.1329113,51.4997079],[-0.132709,51.4997268],[-0.1325038,51.4997369],[-0.1321416,51.4997497],[-0.1315542,51.499751],[-0.130481,51.499731],[-0.1302828,51.499727],[-0.1299731,51.4997277],[-0.1296895,51.4997379],[-0.1295105,51.4997527],[-0.1293442,51.4997694],[-0.129045,51.4998143],[-0.1288734,51.4998446],[-0.128691,51.499883],[-0.1284724,51.4999435],[-0.1282291,51.500021],[-0.1280048,51.5000945],[-0.1276609,51.5002238],[-0.1267692,51.5005383],[-0.1258665,51.5008769]],[[-0.1258665,51.5008769],[-0.1255636,51.5009908],[-0.125353,51.5010768],[-0.1252458,51.5011277],[-0.1251158,51.5011965],[-0.1249735,51.5012797],[-0.1248246,51.5013681],[-0.1247214,51.5014324],[-0.1246467,51.5014792],[-0.1245081,51.5015777],[-0.1243781,51.5016824],[-0.1243271,51.5017321],[-0.1242628,51.5017989],[-0.1241849,51.5018799],[-0.1241269,51.5019566],[-0.1240703,51.5020268],[-0.1240227,51.5020978],[-0.1239342,51.5022355],[-0.1238658,51.5023766],[-0.1237942,51.5026055],[-0.1236123,51.5033116],[-0.123432,51.5041007],[-0.1232985,51.5045554],[-0.1231942,51.5048872],[-0.1230544,51.5053871],[-0.1230343,51.5056748],[-0.1230151,51.5059839],[-0.1229766,51.5062124],[-0.1229134,51.5064086],[-0.122817,51.5065889],[-0.1227325,51.506765],[-0.1225873,51.507009],[-0.1223732,51.5072934],[-0.1221088,51.5076205]],[[-0.1221088,51.5076205],[-0.1219265,51.5078455],[-0.1216936,51.5080978],[-0.1215134,51.5082901],[-0.1213429,51.508436],[-0.1209925,51.5087102],[-0.1206175,51.5089599],[-0.1201321,51.5092126],[-0.1198599,51.5093318],[-0.1195715,51.509446],[-0.119255,51.5095605],[-0.1189305,51.5096709],[-0.1184632,51.509813],[-0.1163502,51.5104691],[-0.1155777,51.5106979],[-0.1151981,51.5108097],[-0.1149783,51.5108667],[-0.1148135,51.510911]],[[-0.1148135,51.510911],[-0.1145598,51.5109619],[-0.1142971,51.5110163],[-0.114077,51.511057],[-0.1138783,51.5110923],[-0.1137579,51.5111104],[-0.1136345,51.5111246],[-0.1134548,51.511143],[-0.113239,51.5111586],[-0.1129141,51.5111794]],[[-0.1129141,51.5111794],[-0.1126474,51.5111947],[-0.1124814,51.5112038],[-0.1118525,51.5112337],[-0.1115767473876824,51.51123680627622]],[[-0.1832692,51.5229493],[-0.1834486,51.5230815],[-0.1834279,51.5230927],[-0.1833836,51.5231166],[-0.1835359,51.5232244],[-0.183614,51.5232799],[-0.1837816,51.5234278],[-0.1837503,51.5234407],[-0.1835597,51.5232831],[-0.1833491,51.5231289],[-0.1832546,51.5230617],[-0.1827308,51.5226857],[-0.1827599,51.5226706],[-0.1829857,51.5228275],[-0.1832029,51.5229849],[-0.1832692,51.5229493]],[[-0.164227,51.5222422],[-0.1640431,51.5222442],[-0.163835,51.5222485],[-0.1636207,51.5222601],[-0.1634411,51.5222787],[-0.1633072,51.5222894],[-0.1630002,51.5223127],[-0.162698,51.5223415]],[[-0.1580061,51.5230838],[-0.1575695,51.5231848],[-0.1574344,51.5232192],[-0.1569034,51.5233391],[-0.1567797,51.523366],[-0.1565535,51.5234094]],[[-0.19262126042352495,51.534581005118675],[-0.1920827,51.5344061]],[[-0.1920827,51.5344061],[-0.1916082,51.5342526],[-0.1912073,51.5340991],[-0.1908848,51.5339408],[-0.1905137,51.5337316],[-0.1902457,51.5335442],[-0.189965,51.5333249],[-0.1894934,51.5329357],[-0.1889194,51.5324521],[-0.1866313,51.5304955],[-0.1858544,51.529847]],[[-0.1858544,51.529847],[-0.1852906,51.5293646],[-0.1836814,51.528057],[-0.1835375,51.5279093],[-0.183401,51.5277086],[-0.1833452,51.5275694],[-0.1833055,51.52745],[-0.1832719,51.5273343],[-0.1832908,51.5272363],[-0.1833227,51.5270795],[-0.183331,51.5270355],[-0.183335,51.5270204],[-0.1833854,51.5269178],[-0.1834472,51.5268022],[-0.1834981,51.5266964],[-0.1835401,51.5266189],[-0.1836058,51.5264952],[-0.183718,51.5262675],[-0.1837695,51.5261547],[-0.1838109,51.5260662],[-0.1838307,51.5260084],[-0.1838806,51.5258734],[-0.1839412,51.5257169],[-0.1839735,51.5256031],[-0.1840041,51.5254952],[-0.1840267,51.5254036],[-0.1840431,51.5253412],[-0.1840709,51.5252608],[-0.1840777,51.5251942],[-0.1840868,51.5250384],[-0.1840902,51.5249002],[-0.1840981,51.5247634],[-0.1841066,51.5245971],[-0.1841043,51.5245389],[-0.1841021,51.5244356],[-0.1840987,51.5242869],[-0.1840862,51.5241452],[-0.1840794,51.5240574],[-0.1840658,51.5240105],[-0.1840426,51.5239365],[-0.1840233,51.5238558],[-0.1840114,51.5238075],[-0.1839538,51.5237134]],[[-0.1839538,51.5237134],[-0.1837311,51.5234496],[-0.1835405,51.523292],[-0.1833309,51.5231385],[-0.1832366,51.5230715],[-0.1827127,51.5226954],[-0.1825966,51.5226003],[-0.1824651,51.5224649],[-0.1823427,51.5223652]],[[-0.1823427,51.5223652],[-0.180671,51.5212077],[-0.1792028,51.5202685],[-0.1789466,51.5200952],[-0.1787193,51.5199194],[-0.1785834,51.5198078],[-0.1784741,51.5197067],[-0.1783378,51.5195468],[-0.1782574,51.5194439],[-0.1781754,51.519335],[-0.1781036,51.5191964],[-0.1779502,51.5189383],[-0.1777912,51.518547],[-0.1777319,51.5184111],[-0.1776138,51.5182414],[-0.1773579,51.5179382],[-0.1772764,51.5178531],[-0.1769842,51.5175344]],[[-0.1769842,51.5175344],[-0.17683,51.517352],[-0.1767108,51.5171961],[-0.1765686,51.5170856],[-0.1762551,51.5169058],[-0.1754608,51.5163981],[-0.1750716,51.5161945]],[[-0.1750716,51.5161945],[-0.1748398,51.5161068],[-0.1746183,51.5160829],[-0.1744207,51.5160917],[-0.1741996,51.5161168]],[[-0.1741996,51.5161168],[-0.1737527,51.5162351],[-0.1733032,51.5164203],[-0.1726763,51.5169074],[-0.1723707,51.5172521],[-0.1720769,51.5175834],[-0.1718739,51.5178336],[-0.1717443,51.5180413],[-0.1716716,51.5181578],[-0.1715582,51.5183501],[-0.1712161,51.5193519],[-0.1710754,51.5197573]],[[-0.1710754,51.5197573],[-0.1710324,51.5198593],[-0.170964,51.5199769],[-0.1708245,51.5201292],[-0.1706483,51.520256],[-0.170525,51.5203447],[-0.170304,51.5204793],[-0.1700681,51.5206066],[-0.1698368,51.5207163],[-0.1695974,51.5208218],[-0.169279,51.5209451],[-0.1684245,51.5212312],[-0.1679587,51.5213641]],[[-0.1679587,51.5213641],[-0.1675147,51.5214991],[-0.1671369,51.5216147],[-0.1668494,51.521702],[-0.1664383,51.5218274],[-0.1657809,51.5220276],[-0.165248,51.5221923]],[[-0.165248,51.5221923],[-0.1651534,51.5222096],[-0.1650119,51.5222299],[-0.1648877,51.5222496],[-0.1647939,51.5222523],[-0.1646502,51.5222594],[-0.1645616,51.5222599],[-0.1644074,51.522255],[-0.1642706,51.5222523],[-0.1641382,51.5222528],[-0.1640436,51.5222539],[-0.1639077,51.522255],[-0.1637534,51.5222626],[-0.1635799,51.5222736],[-0.1632968,51.5223019],[-0.1631074,51.522315],[-0.1628427,51.5223374],[-0.1625464,51.5223603],[-0.162315,51.5223777],[-0.1621642,51.5223886],[-0.1619337,51.5224148],[-0.1616304,51.5224492],[-0.1614236,51.5224835],[-0.1611308,51.5225326],[-0.1608626,51.5225768],[-0.1605444,51.5226308],[-0.1602481,51.5226799],[-0.1600298,51.522717],[-0.1598966,51.5227388],[-0.15951,51.5228004],[-0.1588211,51.5229106],[-0.1583881,51.5229798],[-0.158154,51.5230191]],[[-0.158154,51.5230191],[-0.1578665,51.5230829],[-0.1575518,51.5231568],[-0.15716,51.5232487],[-0.156819,51.5233289],[-0.1564509,51.5234151]],[[-0.1564509,51.5234151],[-0.1562089,51.5234718],[-0.155946,51.5235296],[-0.1556085,51.5236076],[-0.1553885,51.5236649],[-0.1551588,51.523721],[-0.1549038,51.5237767],[-0.154668,51.5238274],[-0.1542334,51.5239106],[-0.1539211,51.5239697]],[[-0.1539211,51.5239697],[-0.1534469,51.5240461],[-0.1530279,51.5241148],[-0.1525923,51.5241862],[-0.1522644,51.5242413],[-0.1515465,51.5243591],[-0.1512284,51.5244142],[-0.1508514,51.5244747],[-0.1505175,51.5245309],[-0.1501204,51.5245964],[-0.1496015,51.5246831],[-0.149186,51.5247512],[-0.1488476,51.524796],[-0.1485058,51.5248156],[-0.148185,51.5248189],[-0.1479106,51.5247921],[-0.1476643,51.5247289],[-0.1474235,51.5246221],[-0.1471688,51.5244625],[-0.1470112,51.5243323],[-0.1468763,51.5241763],[-0.146739,51.5239573],[-0.1465949,51.5236665],[-0.146181,51.5229676],[-0.1460918,51.5227824],[-0.1441335,51.5183885]],[[-0.1441335,51.5183885],[-0.1440398,51.5182928],[-0.1438995,51.5182106],[-0.1436278,51.5180841],[-0.1434031,51.517977],[-0.1431115,51.5178376]],[[-0.1431115,51.5178376],[-0.1429365,51.5176932],[-0.1428187,51.5175338],[-0.1427267,51.5173881],[-0.142682,51.5173139],[-0.142225,51.5162674],[-0.1421295,51.5160484],[-0.1419904,51.5156668],[-0.1419346,51.5154771]],[[-0.1419346,51.5154771],[-0.1418717,51.5152533],[-0.1418311,51.5150928],[-0.1417853,51.5149372],[-0.1417537,51.5148315],[-0.1416722,51.5146307],[-0.1416266,51.5145135],[-0.1414828,51.5143116],[-0.1413689,51.5141551],[-0.1412321,51.5139331],[-0.1410516,51.5136925],[-0.1408964,51.5135048],[-0.1406869,51.5132774],[-0.1405554,51.5131317],[-0.1404318,51.5129953],[-0.1398612,51.5123778],[-0.1396526,51.5121432],[-0.1395229,51.5119905],[-0.1393756,51.5118154],[-0.1392099,51.5116179],[-0.1389084,51.5112873],[-0.1387006,51.511056],[-0.1381169,51.5103588],[-0.137981,51.510242],[-0.1378955,51.5101925],[-0.1377856,51.5101412],[-0.1376972,51.5101077],[-0.137566,51.5100606],[-0.1374885,51.5100365],[-0.1373854,51.5100082],[-0.1372793,51.5099832],[-0.1371198,51.5099523],[-0.1369469,51.5099271],[-0.136774,51.5099087],[-0.1364418,51.5099],[-0.1362104,51.5099071]],[[-0.1362104,51.5099071],[-0.1358251,51.5099416],[-0.1352266,51.5100211],[-0.1350249,51.5100351],[-0.1344313,51.5100502],[-0.1336725,51.5100696]],[[-0.1336725,51.5100696],[-0.1334669,51.5100696],[-0.133271,51.5100403],[-0.1331144,51.5099711],[-0.1329534,51.5098676],[-0.1327256,51.5096864],[-0.1325528,51.50952],[-0.1323159,51.5092316],[-0.1317462,51.5084826],[-0.1314463,51.5080904]],[[-0.1314463,51.5080904],[-0.1312184,51.5078967],[-0.1309756,51.5077636],[-0.1308182,51.5077069],[-0.1306331,51.5076816],[-0.1296846,51.5075914]],[[-0.1296846,51.5075914],[-0.129134,51.5075446],[-0.1283355,51.5075319],[-0.1279827,51.5075215],[-0.1277331,51.5075028],[-0.127518,51.5074743],[-0.1269759,51.5073975],[-0.1265255,51.507319],[-0.1259385,51.5072077]],[[-0.1259385,51.5072077],[-0.1229841,51.5066338],[-0.1226003,51.5065336],[-0.1224109,51.5064767],[-0.1221757,51.5063903],[-0.1217938,51.5062175],[-0.1214632,51.5060685],[-0.1211796,51.5059291],[-0.12078063770603445,51.50571558086624]],[[-0.124603,51.5010168],[-0.1246325,51.5010138],[-0.1246905,51.5010079],[-0.1251031,51.5009666],[-0.1251371,51.5009633],[-0.1255323,51.5009219],[-0.1259583,51.5008881],[-0.1259912,51.5008855],[-0.1261526,51.5008727],[-0.1266592,51.5008535],[-0.1271481,51.5008541]],[[-0.1399689,51.5060765],[-0.1401717,51.5060853],[-0.1404841,51.5060975],[-0.1408826,51.5061118],[-0.1413515,51.5061276]],[[-0.1498754,51.5157861],[-0.1498646,51.5155672],[-0.1498428,51.5151536],[-0.1498166,51.5147045],[-0.1498074,51.5145599]],[[-0.1569144,51.5238612],[-0.157124,51.52379],[-0.1573545,51.5237118],[-0.1573904,51.5237003],[-0.1577664,51.5235889],[-0.1580768,51.523489]],[[-0.1742014,51.5346904],[-0.1741344,51.5347],[-0.1741471,51.5347331],[-0.1741568,51.5347578],[-0.1742374,51.5349651],[-0.1742277,51.5349663],[-0.1742341,51.5349874],[-0.1742438,51.5349863],[-0.1742577,51.5350324],[-0.174248,51.5350335],[-0.1742541,51.535054],[-0.1742639,51.5350529],[-0.1742787,51.5351022],[-0.1742841,51.5351217],[-0.1742911,51.535146],[-0.1743071,51.5351833],[-0.1743201,51.5352307],[-0.1743107,51.5352317],[-0.1743163,51.5352522],[-0.1743258,51.5352512],[-0.1743364,51.5352899],[-0.174327,51.5352909],[-0.1743333,51.5353137],[-0.1743427,51.5353127],[-0.1743905,51.5355242],[-0.1744073,51.5356585],[-0.174414,51.5356855],[-0.1744341,51.5358137],[-0.1745033,51.5358073],[-0.174481,51.5356451],[-0.1744656,51.5355354],[-0.1744469,51.5354412],[-0.1744321,51.5353707],[-0.1743939,51.5352251],[-0.1743644,51.5351254],[-0.1743575,51.5351046],[-0.1743208,51.5349936],[-0.1742779,51.5348785],[-0.1742397,51.5347826],[-0.1742014,51.5346904]],[[-0.12174857835617664,51.50131173646284],[-0.1224857,51.5012241],[-0.1229071,51.5011782],[-0.1231063,51.5011619],[-0.1233788,51.5011433],[-0.1237664,51.5011071],[-0.1241912,51.5010596],[-0.1246885,51.5009998],[-0.1254358,51.5009205],[-0.1259634,51.5008916],[-0.1266894,51.5008717],[-0.1268026,51.5008686],[-0.1274042,51.5009189],[-0.1279899,51.5010464],[-0.1284874,51.5011714],[-0.1290225,51.5013573],[-0.1298994,51.501775],[-0.1304384,51.5020175],[-0.1309836,51.5022628],[-0.1314678,51.5025459],[-0.1318118,51.502747],[-0.132416,51.5032535],[-0.1334866,51.5043485]],[[-0.1334866,51.5043485],[-0.1345795,51.5048845],[-0.1352677,51.5052882],[-0.1359976,51.5055818],[-0.1364716,51.5057292],[-0.1369466,51.5058369],[-0.1373846,51.5059172],[-0.1378863,51.50599],[-0.1382361,51.5060102],[-0.1386522,51.5060419],[-0.1390889,51.5060404],[-0.1400753,51.5060684],[-0.1414112,51.5061124],[-0.14253,51.5061513],[-0.1432295,51.5061745],[-0.144153,51.5062644],[-0.1448721,51.5064322]],[[-0.1448721,51.5064322],[-0.1454394,51.5066102],[-0.1458714,51.5067533],[-0.1464581,51.5070601],[-0.1468126,51.5072494]],[[-0.1468126,51.5072494],[-0.1473879,51.5076626],[-0.1479468,51.5081]],[[-0.1479468,51.5081],[-0.1482689,51.508384],[-0.1485427,51.5087966],[-0.1487276,51.5092257],[-0.1488834,51.5098307],[-0.1490205,51.5106333],[-0.1491174,51.5110919],[-0.1493156,51.512026],[-0.1497423,51.5140905],[-0.1498285,51.5145633],[-0.149889,51.5155716],[-0.1498923,51.5157898],[-0.149772,51.5162851],[-0.1495969,51.5166131],[-0.1494811,51.516851],[-0.1493266,51.5171052],[-0.1491457,51.5173468],[-0.1489343,51.5176086],[-0.1485745,51.5180096],[-0.1482797,51.5183221],[-0.147987,51.518656],[-0.1475053,51.5191544],[-0.1473,51.5193921],[-0.1470377,51.5197514],[-0.1468365,51.520079],[-0.1467257,51.5203596],[-0.1466354,51.520702],[-0.1465876,51.5210775],[-0.1465983,51.5214243],[-0.146616,51.5218846],[-0.146629,51.5219153],[-0.1469944,51.5227768],[-0.1471562,51.5229566],[-0.1475518,51.5233076],[-0.1480534,51.5236577],[-0.1483588,51.5238407],[-0.1487263,51.5240185],[-0.1492828,51.5242727],[-0.1499818,51.5245391],[-0.1506341,51.5246673],[-0.1512423,51.5247787],[-0.1518944,51.5248528],[-0.1525103,51.5248837],[-0.153004,51.5248494],[-0.1536941,51.5247806],[-0.1542902,51.5246289],[-0.1554435,51.5243021]],[[-0.1554435,51.5243021],[-0.1569611,51.523894],[-0.1580311,51.5235506],[-0.1604451,51.5228142],[-0.1616198,51.5226818],[-0.162116,51.5226591],[-0.1626172,51.522705],[-0.1632827,51.5227946],[-0.163587,51.5228755],[-0.1640475,51.5230081],[-0.1644571,51.5231622],[-0.1647922,51.5233057],[-0.1651749,51.5234879],[-0.1656086,51.5237434],[-0.1660084,51.5240595],[-0.1666387,51.5246233],[-0.1667411,51.5248456],[-0.166937,51.5252935],[-0.1672808,51.5261693],[-0.1674485,51.5268757],[-0.1675072,51.5272818],[-0.1676544,51.5278021],[-0.1676772,51.5278778],[-0.1677195,51.5280029],[-0.1677657,51.5281176],[-0.1678979,51.5283723],[-0.1680303,51.5286005],[-0.1680607,51.528654],[-0.1684129,51.5291461],[-0.1686764,51.5295592],[-0.1689293,51.5298215],[-0.1692591,51.5300992],[-0.169294,51.5301233],[-0.1707273,51.5312619],[-0.1710101,51.5315234],[-0.172653,51.5329081],[-0.17286,51.533137],[-0.1731034,51.5334106]],[[-0.1731034,51.5334106],[-0.1737695,51.5341538],[-0.1739648,51.5344211],[-0.1741826,51.5346221],[-0.1742591,51.5347788],[-0.174295,51.5348742],[-0.1743393,51.5349897],[-0.1743891,51.5351226],[-0.1744187,51.5352226],[-0.174457,51.5353687],[-0.1744718,51.5354393],[-0.1744907,51.5355341],[-0.1745061,51.5356438],[-0.1745284,51.535806],[-0.1745113,51.5362582],[-0.1744697,51.536816],[-0.1744137,51.5383043],[-0.1741842494406695,51.53949153415857]],[[-0.1437811,51.523747],[-0.1437811,51.5237503],[-0.1437989,51.5237504],[-0.1437989,51.5237403],[-0.1438143,51.5237403],[-0.1438293,51.5237404],[-0.1438292,51.5237504],[-0.1439958,51.5237507],[-0.1439959,51.5237407],[-0.1440109,51.5237407],[-0.1440258,51.5237407],[-0.1440258,51.5237508],[-0.1440429,51.5237508],[-0.1440434,51.5237443],[-0.1440522,51.5237446],[-0.1440526,51.52374],[-0.1440812,51.5237408],[-0.1440809,51.5237454],[-0.14409,51.5237457],[-0.1440903,51.5237411],[-0.144118,51.5237418],[-0.1441177,51.5237464],[-0.1441297,51.5237468],[-0.14413,51.5237422],[-0.1441589,51.5237433],[-0.1441584,51.523748],[-0.14417,51.5237485],[-0.1441705,51.5237441],[-0.1441983,51.5237452],[-0.1441979,51.5237492],[-0.1442111,51.5237497],[-0.1442115,51.5237457],[-0.1442394,51.523747],[-0.1442389,51.5237514],[-0.1442514,51.5237519],[-0.1442519,51.5237476],[-0.1442797,51.5237489],[-0.1442792,51.5237532],[-0.1442921,51.5237538],[-0.1442926,51.5237493],[-0.1443201,51.5237506],[-0.1443195,51.5237553],[-0.1443326,51.5237559],[-0.1443331,51.5237513],[-0.1443606,51.5237526],[-0.1443601,51.5237574],[-0.1443669,51.5237577],[-0.1443629,51.5237921],[-0.1442592,51.5237877],[-0.1441687,51.5237846],[-0.1441124,51.5237833],[-0.1440281,51.5237818],[-0.1440107,51.5237818],[-0.1439525,51.5237817],[-0.1438682,51.5237825],[-0.1438141,51.5237839],[-0.1437889,51.5237845],[-0.1436999,51.5237863],[-0.1436307,51.5237889],[-0.1435283,51.523793],[-0.1434386,51.5237974],[-0.143376,51.5238014],[-0.1432676,51.5238103],[-0.14316,51.5238203],[-0.1430686,51.5238292],[-0.1429681,51.5238412],[-0.1428793,51.5238527],[-0.14285851884719014,51.52385566873612]],[[-0.1428272972405872,51.52382878275114],[-0.1429074,51.5238191],[-0.1430669,51.5238001],[-0.143238,51.5237804],[-0.1432375,51.523775],[-0.143258,51.5237735],[-0.1432573,51.5237695],[-0.1432832,51.5237676],[-0.143284,51.5237716],[-0.143298,51.5237705],[-0.1432973,51.5237666],[-0.1433248,51.5237645],[-0.1433255,51.5237685],[-0.1433386,51.5237675],[-0.1433378,51.5237636],[-0.1433651,51.5237615],[-0.1433659,51.5237655],[-0.143379,51.5237645],[-0.1433782,51.5237606],[-0.1434051,51.5237586],[-0.143406,51.523763],[-0.1434188,51.523762],[-0.1434179,51.5237576],[-0.1434456,51.5237561],[-0.1434462,51.5237605],[-0.1434594,51.5237598],[-0.1434588,51.5237556],[-0.1434871,51.5237541],[-0.1434876,51.5237583],[-0.1434999,51.5237577],[-0.1434993,51.5237535],[-0.1435285,51.523752],[-0.1435291,51.5237564],[-0.143542,51.5237557],[-0.1435415,51.5237516],[-0.1435676,51.5237503],[-0.1435681,51.5237542],[-0.143582,51.5237538],[-0.1435816,51.5237493],[-0.1436095,51.5237485],[-0.1436099,51.5237531],[-0.1436234,51.5237527],[-0.143623,51.5237478],[-0.1436493,51.5237469],[-0.1436496,51.523751],[-0.1436626,51.5237506],[-0.1436623,51.5237464],[-0.1436903,51.5237455],[-0.1436906,51.5237498],[-0.1437044,51.5237494],[-0.1437041,51.5237447],[-0.1437305,51.5237439],[-0.1437309,51.5237481],[-0.1437443,51.5237477],[-0.143744,51.523743],[-0.1437717,51.5237422],[-0.1437717,51.523747],[-0.1437811,51.523747]],[[-0.1429267223804848,51.523861768242355],[-0.1429726,51.5238558],[-0.1430723,51.523844],[-0.1431635,51.5238351],[-0.1432708,51.5238251],[-0.1433785,51.5238163],[-0.1434405,51.5238123],[-0.1435299,51.5238079],[-0.1436321,51.5238038],[-0.1437007,51.5238012],[-0.1437898,51.5237995],[-0.1438686,51.5237975],[-0.1439524,51.5237967],[-0.1440274,51.5237968],[-0.1441115,51.5237983],[-0.1441674,51.5237996],[-0.1442576,51.5238026],[-0.1443505,51.5238065]],[[-0.1443505,51.5238065],[-0.144482,51.5238155]],[[-0.144482,51.5238155],[-0.1449537,51.5238477],[-0.1450767,51.5238542],[-0.1452161,51.5238571],[-0.1454914,51.523845],[-0.1459488,51.5238049],[-0.1489436,51.5232822]],[[-0.1489436,51.5232822],[-0.1491134,51.5232647],[-0.1498121,51.5232121],[-0.1505226,51.5231493],[-0.151183,51.5231022],[-0.1517943,51.5230736],[-0.1523706,51.5230067],[-0.1533309,51.5228283],[-0.1554892,51.5224607]],[[-0.1554892,51.5224607],[-0.1556787,51.5224715],[-0.155835,51.5224805],[-0.1561264,51.5225482],[-0.1563973,51.5226341],[-0.1565394,51.5227056]],[[-0.1565394,51.5227056],[-0.1566482,51.522763],[-0.1567915,51.5228385],[-0.1569286,51.5229356],[-0.1570657,51.523054],[-0.1573755,51.5233342],[-0.1575794,51.5235236],[-0.1578594,51.523744]],[[-0.1578594,51.523744],[-0.1580124,51.5238349]],[[-0.1580124,51.5238349],[-0.1581381,51.5239208],[-0.1585901,51.5241758],[-0.1588057,51.5242886],[-0.1626698,51.5263058],[-0.1635803,51.526762],[-0.1647758,51.5273804],[-0.1655308,51.5277443]],[[-0.1655308,51.5277443],[-0.1662054,51.5280894],[-0.1666626,51.5283473],[-0.1669861,51.528531]],[[-0.1669861,51.528531],[-0.1672558,51.5286966]],[[-0.1672558,51.5286966],[-0.1675651,51.5288974],[-0.1678103,51.5290743],[-0.1680346,51.5292483]],[[-0.1680346,51.5292483],[-0.1686697,51.529757],[-0.1688417,51.529899],[-0.1696016,51.5305023],[-0.1706352,51.5313422],[-0.1716443,51.532187],[-0.1724946,51.5328921],[-0.1734203,51.5336479],[-0.1751733,51.5351192],[-0.1756882,51.5356072],[-0.1757924,51.5358027],[-0.1758761,51.5360825]],[[-0.1758761,51.5360825],[-0.1759528,51.5363641]],[[-0.1759528,51.5363641],[-0.1759732,51.5366959]],[[-0.1759732,51.5366959],[-0.1759862,51.5368465],[-0.1759992,51.536997]],[[-0.1759992,51.536997],[-0.1759363,51.5379493],[-0.1756708,51.5390033],[-0.1755889,51.5394911],[-0.1755708914559004,51.539598437609335]],[[-0.1612975,51.5013941],[-0.1612644,51.5014184],[-0.16108168344330714,51.501520573399546]],[[-0.16175408678477915,51.50102919514479],[-0.1617612,51.5010324],[-0.1618039,51.5010364],[-0.1617898,51.5010479],[-0.1617698,51.501064],[-0.16175,51.501079],[-0.1617453,51.5010766],[-0.1617225,51.5010934],[-0.1617271,51.5010958],[-0.1616516,51.5011535],[-0.1616456,51.5011505],[-0.1616236,51.5011673],[-0.1616296,51.5011704],[-0.1615493,51.5012267],[-0.1615444,51.5012241],[-0.16153218920783774,51.50123210575115]],[[-0.16151733072879232,51.501245228187976],[-0.1615208,51.5012467],[-0.1614153,51.5013194],[-0.1612975,51.5013941]],[[-0.1217527215138115,51.51485479853937],[-0.1220049,51.5144953],[-0.1221909,51.5143206]],[[-0.1221909,51.5143206],[-0.122707,51.5140058],[-0.1229792,51.513819],[-0.123154,51.5137171],[-0.123906,51.5132509],[-0.1240887,51.5131374],[-0.1245314,51.5128652],[-0.125262,51.5124774],[-0.1260181,51.5121278],[-0.1272684,51.5116406],[-0.1274472,51.5115775],[-0.1275681,51.5115348],[-0.1281376,51.511334],[-0.1285651,51.5111835],[-0.1299411,51.5107832],[-0.130663,51.5106001],[-0.1312548,51.5104565],[-0.1317072,51.5103644],[-0.1323067,51.5102462],[-0.1327304,51.5101705],[-0.1331234,51.5100985],[-0.1334597,51.5100223],[-0.1340143,51.5098704],[-0.1346781,51.5096687],[-0.1357613,51.5093245],[-0.1379751,51.5086004],[-0.1392567,51.5082226],[-0.1394902,51.5081451],[-0.1397525,51.5080578]],[[-0.1397525,51.5080578],[-0.1411754,51.5074963],[-0.1416649,51.5072761],[-0.1418986,51.5071603],[-0.1428352,51.5067094],[-0.1434097,51.5064019],[-0.143922,51.5061306],[-0.1456027,51.5052888],[-0.1476554,51.5042341],[-0.1480071,51.5040595],[-0.1485395,51.5038416],[-0.1489472,51.5036944],[-0.1493187,51.5035704],[-0.1497384,51.5034566],[-0.1501273,51.5033749],[-0.1506048,51.5032954]],[[-0.1506048,51.5032954],[-0.1525574,51.5029261],[-0.1528548,51.5028806]],[[-0.1528548,51.5028806],[-0.1534728,51.5027829],[-0.1541878,51.502678],[-0.1548975,51.5025739],[-0.1554382,51.5024952]],[[-0.1554382,51.5024952],[-0.1558645,51.5024215],[-0.1563299,51.502335],[-0.1566505,51.5022937],[-0.1569536,51.5022699],[-0.1576562,51.5022311],[-0.1580265,51.5022063],[-0.1582665,51.5021776],[-0.15846029195248454,51.502146956219526]],[[-0.16208149862025584,51.50070537229179],[-0.1620852,51.5007019]],[[-0.1620852,51.5007019],[-0.16224143188172377,51.50056101942584]],[[-0.179657,51.5178836],[-0.1792405,51.5176021],[-0.1792182,51.5176145],[-0.1789428,51.5174356],[-0.1788635,51.517371],[-0.1787144,51.517271],[-0.1784532,51.5170884],[-0.1783328,51.5170043],[-0.1781242,51.5168594],[-0.177867,51.5166811],[-0.177812,51.516642],[-0.1775493,51.5164593],[-0.1775213,51.5164398],[-0.1774389,51.5163777],[-0.1774113,51.5163932],[-0.1773966,51.5164014],[-0.1781595,51.5169646],[-0.1784964,51.5172189],[-0.1787326,51.5173921],[-0.1787851,51.5174306],[-0.178862,51.517487],[-0.1790661,51.5176243],[-0.1792091,51.5177136],[-0.1793969,51.5178164],[-0.1797657,51.5179716],[-0.1803839,51.5181635],[-0.1807286,51.5182311],[-0.1809754,51.5182625],[-0.1809821,51.5182403],[-0.1804067,51.5181477],[-0.1802216,51.518052],[-0.179936,51.5179975],[-0.179657,51.5178836]],[[-0.177434,51.5164607],[-0.1788428,51.5174996]],[[-0.1788428,51.5174996],[-0.1789235,51.5175535],[-0.1791722,51.5177103],[-0.1793779,51.5178205],[-0.1795578,51.5179009],[-0.1797498,51.5179784],[-0.1800521,51.518081],[-0.1803625,51.5181719],[-0.1806849,51.518235],[-0.181009,51.518278],[-0.1810293,51.5182802],[-0.1815802,51.5183325]],[[-0.1831617,51.5184304],[-0.1828717,51.5184117],[-0.182321,51.5183808],[-0.1815802,51.5183325]],[[-0.1844032,51.5185502],[-0.1839935,51.518509],[-0.1836227,51.5184765],[-0.1831617,51.5184304]],[[-0.1844032,51.5185502],[-0.1846598,51.5185736],[-0.1848565,51.5185933],[-0.1853409,51.5186369]],[[-0.1853409,51.5186369],[-0.185384,51.5186401],[-0.1857444,51.5186629]],[[-0.1857444,51.5186629],[-0.1866661,51.5187237]],[[-0.1866661,51.5187237],[-0.1871104,51.5187499],[-0.1871263,51.5187507],[-0.1871825,51.518754]],[[-0.1871825,51.518754],[-0.1872284,51.5187571],[-0.1874992,51.5187756],[-0.1880204,51.5188111],[-0.1883993,51.5188369],[-0.1893218,51.5189111]],[[-0.1893218,51.5189111],[-0.1894566,51.5189234],[-0.1907963,51.5190495],[-0.1915953,51.5191343],[-0.1921737,51.5192034],[-0.1928824,51.5193055],[-0.1932602,51.5193706],[-0.1936526,51.5194423],[-0.1936763,51.5194466],[-0.1943706,51.5195787],[-0.194971,51.5197052],[-0.1950566,51.5197235],[-0.1950825,51.519729],[-0.1958006,51.5198823],[-0.1963938,51.520009],[-0.1968201,51.5201001]],[[-0.1968201,51.5201001],[-0.1981393,51.5203834],[-0.1990853,51.520587],[-0.1998121,51.520744],[-0.2002507,51.5208459],[-0.20048,51.520902]],[[-0.20048,51.520902],[-0.2007773393520578,51.520975880653666]],[[-0.1802001,51.5182155],[-0.180214,51.5182007],[-0.1797831,51.5180709],[-0.1795712,51.5179954],[-0.1792427,51.5178452],[-0.1790016,51.5177195],[-0.1789093,51.5176632],[-0.1787657,51.5175687],[-0.1786113,51.5174526],[-0.1785688,51.5174167],[-0.1772588,51.5164828],[-0.1772161,51.5165023],[-0.1784962,51.5174359],[-0.1785923,51.5175043],[-0.1787955,51.5176416],[-0.1789972,51.5177626],[-0.179223,51.5178772],[-0.1795585,51.5180221],[-0.1798716,51.5181252],[-0.1802001,51.5182155]],[[-0.20081168447214415,51.5210165284882],[-0.2005138,51.5209431]],[[-0.2005138,51.5209431],[-0.2002325,51.5208763],[-0.199793,51.5207726],[-0.1990676,51.5206134],[-0.1981228,51.5204127],[-0.1968014,51.5201298]],[[-0.1968014,51.5201298],[-0.1963762,51.5200394],[-0.1957838,51.5199135],[-0.194953,51.5197327],[-0.194349,51.5196074],[-0.1936654,51.5194758],[-0.1936388,51.5194706],[-0.1932483,51.5193991],[-0.1928708,51.5193335],[-0.192166,51.5192326],[-0.1915863,51.5191648],[-0.1907876,51.5190793],[-0.1895071,51.5189621],[-0.1894481,51.5189561],[-0.1893075,51.5189447]],[[-0.1893075,51.5189447],[-0.1883935,51.5188692],[-0.1880167,51.5188423]],[[-0.1880167,51.5188423],[-0.1874942,51.518805],[-0.1871755,51.5187854]],[[-0.1871755,51.5187854],[-0.1871216,51.5187819],[-0.187106,51.5187806],[-0.1868696,51.5187647]],[[-0.1868696,51.5187647],[-0.1866184,51.5187485],[-0.1862558,51.5187263],[-0.185959,51.5187082],[-0.1854481,51.5186773],[-0.1852251,51.5186616],[-0.1851102,51.5186547]],[[-0.1851102,51.5186547],[-0.1842271,51.5185704],[-0.184031,51.518556]],[[-0.184031,51.518556],[-0.1838429,51.5185425],[-0.1836128,51.5185275]],[[-0.1836128,51.5185275],[-0.1832428,51.5185027],[-0.1827741,51.5184735],[-0.1826325,51.5184647]],[[-0.1826325,51.5184647],[-0.1816295,51.5184007],[-0.1815522,51.5183951]],[[-0.1802053,51.518227],[-0.1804919,51.5182812],[-0.1807453,51.5183192],[-0.1812053,51.5183684],[-0.1815522,51.5183951]],[[-0.1786824,51.5175881],[-0.1787526,51.5176307],[-0.1789832,51.5177713],[-0.1791863,51.5178727],[-0.1793875,51.517965],[-0.1796437,51.5180676],[-0.1799711,51.5181707],[-0.1801044,51.5182028],[-0.1802053,51.518227]],[[-0.1772646,51.5165635],[-0.1786824,51.5175881]],[[-0.1627816,51.523217],[-0.1628146,51.5232108],[-0.162844,51.5232053],[-0.1629735,51.5234829],[-0.1633342,51.5243056],[-0.1634631,51.5245874],[-0.1635912,51.5248689],[-0.1636706,51.525015],[-0.1637199,51.5251016],[-0.1638135,51.5252544],[-0.1637629,51.5252655],[-0.163691,51.5251566],[-0.1636235,51.5250549],[-0.1635774,51.5249714],[-0.1632786,51.5243355],[-0.1627816,51.523217]],[[-0.1631876,51.5241911],[-0.1627733,51.5232805]],[[-0.1649705,51.526474],[-0.1647053,51.5262578],[-0.1645183,51.5261055],[-0.1643568,51.525945],[-0.1642714,51.5258633],[-0.1638587,51.5254281],[-0.1637821,51.5253285],[-0.1636552,51.5251449],[-0.1635796,51.5250238],[-0.1634334,51.524717],[-0.1631876,51.5241911]],[[-0.1653088,51.5267498],[-0.1649705,51.526474]],[[-0.1653088,51.5267498],[-0.1657151,51.5270312]],[[-0.1657151,51.5270312],[-0.1660336,51.5272913]],[[-0.1660336,51.5272913],[-0.1663306,51.5275346],[-0.1664765,51.5276543]],[[-0.1664765,51.5276543],[-0.1670848,51.5281486]],[[-0.1670848,51.5281486],[-0.1671429,51.5282009]],[[-0.1671429,51.5282009],[-0.1672297,51.5282734]],[[-0.1672297,51.5282734],[-0.167466,51.528465]],[[-0.167466,51.528465],[-0.1682532,51.5291146]],[[-0.1682532,51.5291146],[-0.1708472,51.5312405],[-0.1721156,51.5321617],[-0.1727107,51.5325201],[-0.1736187,51.5330353],[-0.1740634,51.5332861],[-0.175314,51.5339826]],[[-0.175314,51.5339826],[-0.1753829,51.5340239]],[[-0.1753829,51.5340239],[-0.17593,51.5343719],[-0.1764276,51.534743],[-0.1768954,51.5351647],[-0.1773315,51.5356696],[-0.1775763,51.536022],[-0.1778505,51.5365162],[-0.1780117,51.5369783],[-0.1781394,51.5372767],[-0.1781902,51.5375158],[-0.1782159,51.5378516],[-0.178224,51.5381727]],[[-0.178224,51.5381727],[-0.1782225,51.5382334]],[[-0.1782225,51.5382334],[-0.1782095,51.5383371],[-0.1781274,51.5387742]],[[-0.1781274,51.5387742],[-0.178113,51.5388418]],[[-0.178113,51.5388418],[-0.1778938,51.5397224],[-0.177883145465451,51.53976515131988]],[[-0.1773116,51.5164569],[-0.1772588,51.5164828],[-0.1785688,51.5174167],[-0.1786113,51.5174526],[-0.1787657,51.5175687],[-0.1789093,51.5176632],[-0.1790016,51.5177195],[-0.1792427,51.5178452],[-0.1795712,51.5179954],[-0.1797831,51.5180709],[-0.180214,51.5182007],[-0.1802324,51.5181894],[-0.1797992,51.5180526],[-0.1796047,51.5179716],[-0.179391,51.5178772],[-0.1792621,51.5178172],[-0.1790444,51.5176924],[-0.1788624,51.5175748],[-0.1786767,51.5174417],[-0.1786042,51.5173935],[-0.1773116,51.5164569]],[[-0.1788024,51.5175164],[-0.1774004,51.516485]],[[-0.18127,51.518336],[-0.1809481,51.5183032],[-0.1807715,51.5182854],[-0.180527,51.5182494],[-0.1804399,51.5182341],[-0.1803039,51.5182033],[-0.1802599,51.518189],[-0.1802007,51.5181699],[-0.1800667,51.5181246],[-0.1798492,51.5180526],[-0.1797179,51.5180034],[-0.1793996,51.5178648],[-0.1791076,51.5177118],[-0.1788729,51.5175643],[-0.1788024,51.5175164]],[[-0.1813467,51.5183438],[-0.18127,51.518336]],[[-0.1844032,51.5185502],[-0.1841169,51.5185257],[-0.1837009,51.5185026],[-0.1832163,51.5184656],[-0.1825882,51.5184282],[-0.1818727,51.5183847],[-0.1813467,51.5183438]],[[-0.1232235,51.5072058],[-0.1233622,51.5072723],[-0.1243422,51.5077897],[-0.1244393,51.5078419]],[[-0.12041210128376549,51.5061929863562],[-0.120581,51.5062458],[-0.1209176,51.5063493],[-0.1218282,51.5066241],[-0.121965,51.5066651],[-0.1221466,51.5067267],[-0.122424,51.506848],[-0.1228184,51.50702],[-0.1232235,51.5072058]],[[-0.1246471,51.5078196],[-0.1247185,51.5077846],[-0.1235521,51.50715],[-0.1233908,51.5070701],[-0.1232415,51.5070103],[-0.1230685,51.5069508],[-0.1228682,51.5068833],[-0.1226805,51.5068243],[-0.1225426,51.5067797],[-0.1223651,51.5067239],[-0.1221713,51.5066654],[-0.1221653,51.5066727],[-0.1224422,51.5067732],[-0.1228045,51.5069121],[-0.1231192,51.5070353],[-0.1233407,51.5071273],[-0.1234785,51.5071931],[-0.1246471,51.5078196]],[[-0.1234213,51.5070643],[-0.123568,51.5071379],[-0.1246431,51.5077211],[-0.1247301,51.507768]],[[-0.1216232,51.5064847],[-0.1218789,51.506562],[-0.1224526,51.5067349],[-0.1229169,51.506885],[-0.1230772,51.506937],[-0.1232629,51.5070021],[-0.1234213,51.5070643]],[[-0.1216232,51.5064847],[-0.1212679,51.5063934],[-0.1209122,51.5063049]],[[-0.1209122,51.5063049],[-0.120511,51.5061754],[-0.12044472229557295,51.50615475732183]],[[-0.1810431,51.5186142],[-0.1807728,51.5186234],[-0.1804436,51.5186396],[-0.18017,51.5186501],[-0.1800238,51.5186492],[-0.1798902,51.5186437],[-0.1798333,51.518638],[-0.1795713,51.5186118],[-0.1793419,51.5185787],[-0.1791266,51.518532],[-0.1781334,51.5182402],[-0.1780276,51.5182074]],[[-0.1814743,51.5186209],[-0.1810431,51.5186142]],[[-0.1819952,51.5186538],[-0.1814743,51.5186209]],[[-0.1851656,51.5187984],[-0.1846906,51.5187819],[-0.1842873,51.5187681],[-0.184045,51.5187631],[-0.1835919,51.5187439],[-0.1830063,51.5187168],[-0.1827554,51.5187036],[-0.1819952,51.5186538]],[[-0.1871453,51.518922],[-0.1870971,51.518919],[-0.1870848,51.5189182],[-0.1865877,51.5188874],[-0.1859386,51.5188469],[-0.1856209,51.5188251],[-0.1851656,51.5187984]],[[-0.1634406,51.5240479],[-0.1634694,51.5240426],[-0.1635028,51.5240365],[-0.1638548,51.5247793],[-0.1639576,51.5250017],[-0.1640548,51.5252171],[-0.164012,51.5252228],[-0.1639626,51.5251225],[-0.1638939,51.5249788],[-0.1637212,51.5246365],[-0.1634406,51.5240479]],[[-0.1778308453636246,51.53976115190162],[-0.1778416,51.5397184],[-0.1780629,51.53884]],[[-0.1780629,51.53884],[-0.1780773,51.5387724]],[[-0.1780773,51.5387724],[-0.1781618,51.5383257],[-0.1781701,51.5382338]],[[-0.1781701,51.5382338],[-0.1781692,51.5381736]],[[-0.1781692,51.5381736],[-0.1781761,51.5378694],[-0.1781398,51.5375336],[-0.1780784,51.5372934],[-0.1777966,51.5365228],[-0.1775203,51.5360318],[-0.1772774,51.5356809],[-0.176842,51.5351862],[-0.1763811,51.5347691],[-0.1758827,51.5343946],[-0.1753386,51.5340519]],[[-0.1753386,51.5340519],[-0.1752712,51.5340123]],[[-0.1752712,51.5340123],[-0.1740433,51.533313],[-0.1735929,51.5330618],[-0.1726935,51.5325575],[-0.1720878,51.5321851],[-0.1712779,51.5316034],[-0.1707766,51.5312495],[-0.1682132,51.5291348]],[[-0.1682132,51.5291348],[-0.16744,51.5284984]],[[-0.16744,51.5284984],[-0.1672041,51.5283007]],[[-0.1672041,51.5283007],[-0.1670652,51.5281893]],[[-0.1670652,51.5281893],[-0.1669376,51.528083]],[[-0.1664765,51.5276543],[-0.1667105,51.5278667],[-0.1668243,51.5279714],[-0.1669376,51.528083]],[[-0.1644308,51.5258052],[-0.1646418,51.526055],[-0.1648138,51.5262472],[-0.1649815,51.5264221],[-0.1651895,51.5266063],[-0.165408,51.5267809],[-0.1657151,51.5270312]],[[-0.1636152,51.5242297],[-0.1639073,51.5248583],[-0.163963,51.5249746],[-0.1641239,51.5253124],[-0.1641865,51.5254408],[-0.1642842,51.5256164],[-0.1644308,51.5258052]],[[-0.1769902,51.5166286],[-0.1769516,51.5166502],[-0.1781591,51.5175443],[-0.1784213,51.5177321],[-0.1786894,51.5178927],[-0.1790227,51.5180512],[-0.1793204,51.518166],[-0.1796476,51.5182645],[-0.1796624,51.5182541],[-0.1793318,51.518146],[-0.1790602,51.5180279],[-0.1787152,51.5178521],[-0.178467,51.5177032],[-0.1782131,51.5175131],[-0.1769902,51.5166286]],[[-0.178485,51.5176961],[-0.1775871,51.517033],[-0.1770992,51.5166635]],[[-0.1815735,51.5184655],[-0.1811489,51.5184406],[-0.1806607,51.5184068],[-0.1803678,51.5183796],[-0.1800863,51.518339],[-0.17983,51.518285],[-0.1795972,51.5182198],[-0.1792163,51.5180809],[-0.1790703,51.5180163],[-0.1787908,51.5178795],[-0.178485,51.5176961]],[[-0.182721,51.5185394],[-0.1825393,51.5185263],[-0.1823198,51.5185152],[-0.1815735,51.5184655]],[[-0.1842017,51.518597],[-0.1832789,51.5185631],[-0.182721,51.5185394]],[[-0.1851102,51.5186547],[-0.1844999,51.5186141],[-0.1842017,51.518597]],[[-0.1880167,51.5188423],[-0.1886424,51.5188662],[-0.1893218,51.5189111]],[[-0.1209792,51.5076238],[-0.1209044,51.5076],[-0.1208675,51.5076427],[-0.1207962,51.5076849],[-0.1207788,51.5076792],[-0.1213336,51.5069899],[-0.12147,51.5068109],[-0.1214886,51.5068169],[-0.1214794,51.5068735],[-0.1214472,51.5069146],[-0.1215224,51.506937],[-0.1214124,51.5070779],[-0.1215434,51.507119],[-0.1215313,51.5071346],[-0.121515,51.5071557],[-0.1213856,51.5071175],[-0.1209963,51.5076024],[-0.1213334,51.5074233],[-0.1213622,51.5074318],[-0.1210762,51.5075832],[-0.1209872,51.5076288],[-0.1209792,51.5076238]],[[-0.1231427,51.5017374],[-0.122292,51.5005217],[-0.1231067,51.4950059],[-0.12355003264295418,51.49257484576055]],[[-0.12396357666940884,51.49179136587092],[-0.12564789747906474,51.48921321193354]],[[-0.12967271033990324,51.48579493478752],[-0.12979840280477223,51.485748668659014]],[[-0.13720821376351378,51.483902637805045],[-0.138927,51.4838772],[-0.1403851,51.4839521],[-0.1419423,51.4841725],[-0.1421623476980565,51.484139505677035]],[[-0.12149913625206858,51.50279008307731],[-0.1231427,51.5017374]],[[-0.12093324288628989,51.50534561759457],[-0.1213336,51.5069899]],[[-0.1213336,51.5069899],[-0.1178906392342696,51.50835513320955]],[[-0.11756494237253748,51.50848428140558],[-0.117116,51.5086623],[-0.11703883056943389,51.50867118781369]],[[-0.12838460430216228,51.486668558541204],[-0.128985,51.4862888],[-0.1299292,51.4858278],[-0.1310664,51.4853875],[-0.1327938,51.484819],[-0.1347464,51.4843914],[-0.1369351,51.4840774],[-0.1389521,51.4840239],[-0.1403469,51.4840974],[-0.1420528,51.4843246],[-0.14282807778720796,51.48424393318677]],[[-0.14560296172724999,51.484576536353],[-0.1455289,51.4847187],[-0.1466876,51.4847789],[-0.1482218,51.4848056],[-0.1492824,51.4847735],[-0.14986579002775005,51.484728920915664]],[[-0.1213336,51.5069899],[-0.1214632,51.5060685],[-0.1236445,51.4926033],[-0.12619018991025466,51.48863027883206]],[[-0.1213336,51.5069899],[-0.1171911,51.5087241],[-0.11676586769180816,51.508773456234536]],[[-0.1231427,51.5017374],[-0.1217187,51.5033894],[-0.12129578842179824,51.50397502239028]],[[-0.1231427,51.5017374],[-0.1213336,51.5069899]],[[-0.1213336,51.5069899],[-0.11970425129750402,51.50700000619737]],[[-0.1434506,51.4961994],[-0.1434435,51.4962097],[-0.1434155,51.49625],[-0.1433883,51.4962892],[-0.1433597,51.49633],[-0.1433307,51.4963714],[-0.1432163,51.4965349],[-0.1431354,51.4966501],[-0.1430937,51.4967031],[-0.1430555,51.4967523],[-0.1430469,51.4967633],[-0.1430144,51.4968022],[-0.142953,51.4968758],[-0.1428567,51.4969907],[-0.1427495,51.4971167],[-0.1427333,51.4971357],[-0.1426903,51.4971239],[-0.1427091,51.4971038],[-0.1428173,51.4969786],[-0.1429027,51.4968757],[-0.143006,51.4967512],[-0.143281,51.4963786],[-0.143293,51.4963615],[-0.1433227,51.4963203],[-0.1433518,51.4962798],[-0.1433801,51.4962404],[-0.1434086,51.4962007],[-0.143416,51.4961903],[-0.1434506,51.4961994]],[[-0.1276667,51.4872567],[-0.1276667794006699,51.487256739567876],[-0.1285958,51.4877197],[-0.129483,51.4880992],[-0.1302772,51.4883418],[-0.1311313,51.4885657],[-0.1320079,51.4887686],[-0.1329542,51.4888907],[-0.1333116,51.4889244],[-0.1333957,51.4889335],[-0.1342788,51.4890061],[-0.1362038,51.4891267],[-0.1373914,51.4892301],[-0.1382835,51.4893511],[-0.1385621,51.4893958],[-0.1393832,51.4895931],[-0.1400192,51.4897829],[-0.1407994,51.4900755],[-0.1414628,51.4903893],[-0.1417006,51.4905218],[-0.1420341,51.4907432],[-0.1425921,51.4911768],[-0.1428383,51.491386],[-0.143153,51.4916808],[-0.1433404,51.4919166],[-0.1437269,51.4925289],[-0.1438185,51.4927082],[-0.143933,51.4929579],[-0.1440119,51.4931621],[-0.1441467,51.4936013],[-0.1440767,51.4943076],[-0.1439564,51.494976],[-0.1438601,51.4953449],[-0.1436586,51.4958365]],[[-0.1436586,51.4958365],[-0.1435798,51.4960207],[-0.1434672,51.4962036],[-0.1432385,51.4965389],[-0.1430645,51.4967722],[-0.142876,51.4969968],[-0.1427545,51.4971415],[-0.1426905,51.4972299],[-0.1426533,51.4972813]],[[-0.1426533,51.4972813],[-0.1422803,51.4978004],[-0.141483,51.4988127],[-0.1410038,51.4996495],[-0.1406149,51.5005709],[-0.1403881,51.5012993],[-0.1403343,51.5017901],[-0.1403882,51.5022439],[-0.1405476,51.5028081],[-0.141056,51.5041567],[-0.1414815,51.5050369],[-0.1417807,51.5055608],[-0.142581,51.5066493],[-0.142649,51.5067462],[-0.1434977,51.5079557],[-0.1435382,51.5080795]],[[-0.1435382,51.5080795],[-0.1437038,51.5085997],[-0.1437469,51.5091406],[-0.1437413,51.5094074],[-0.1437076,51.5097343],[-0.1436604,51.5099587],[-0.1434348,51.5105877],[-0.1430498,51.5113719],[-0.1426443,51.5121165],[-0.1425397,51.5123128],[-0.1424545,51.5124577],[-0.1423529,51.5127321],[-0.1422684,51.5130056],[-0.1422276,51.5132213],[-0.1421356,51.5136529],[-0.1420502,51.5143572],[-0.1421471,51.5150516],[-0.1421576,51.5151266],[-0.1421925,51.5153337],[-0.1422817,51.515625],[-0.1424339,51.5161347],[-0.1425939,51.5166083],[-0.1426252,51.5171316],[-0.1426316,51.5176237]],[[-0.1426316,51.5176237],[-0.1426426,51.5186805]],[[-0.1426426,51.5186805],[-0.142715,51.5197874],[-0.1426483,51.5202063],[-0.1425423,51.5204338],[-0.1424044,51.5207426],[-0.1422451,51.5210169],[-0.1421085,51.5212352],[-0.1418188,51.5216356],[-0.1415898,51.5219508],[-0.1413893,51.5221626],[-0.1412776,51.5222609],[-0.1411397,51.5223685],[-0.14108499439011532,51.52240692310546]],[[-0.1426094,51.4971016],[-0.1426493,51.4971126],[-0.1426612,51.4970904],[-0.1427521,51.4969218],[-0.1427899,51.4968474],[-0.1428861,51.4966814],[-0.1431191,51.4963344],[-0.1431266,51.4963232],[-0.1431571,51.4962774],[-0.1431846,51.4962362],[-0.1432113,51.4961963],[-0.1432382,51.496156],[-0.1432435,51.4961481],[-0.143207,51.4961392],[-0.1432018,51.4961469],[-0.1431748,51.4961865],[-0.1431477,51.4962269],[-0.14312,51.4962675],[-0.1430889,51.4963138],[-0.1429781,51.4964749],[-0.1428651,51.496642],[-0.1428434,51.4966741],[-0.1428327,51.4966926],[-0.1428025,51.4967447],[-0.1427567,51.4968247],[-0.1427493,51.4968387],[-0.1427079,51.4969115],[-0.1426201,51.4970809],[-0.1426094,51.4971016]],[[-0.14117426778956016,51.52248025190786],[-0.141236,51.5224157],[-0.1413995,51.5221922],[-0.1415645,51.5219021],[-0.1416575,51.5216595],[-0.1417923,51.5214247],[-0.1419183,51.5211797],[-0.1420719,51.5207431],[-0.14222,51.5202818],[-0.1423126,51.5198978],[-0.1422086,51.5186879],[-0.142227,51.5176523]],[[-0.142227,51.5176523],[-0.1421951,51.5171332],[-0.1420837,51.516644],[-0.1418921,51.5160712],[-0.1417687,51.5156576],[-0.1416426,51.5152272],[-0.1414978,51.5143448],[-0.1414707,51.513967],[-0.141514,51.5135767],[-0.1416089,51.5132326]],[[-0.1416089,51.5132326],[-0.1417451,51.5129218]],[[-0.1417451,51.5129218],[-0.1419045,51.5126319],[-0.1421252,51.512337],[-0.1430273,51.511032],[-0.1432583,51.5106343],[-0.1433848,51.5103233],[-0.1434483,51.5101423],[-0.1434814,51.5099916],[-0.1435183,51.5096787],[-0.1435347,51.5092739],[-0.1434306,51.5087634],[-0.1433422,51.5084178],[-0.1432069,51.5080752],[-0.1423275,51.5067533],[-0.1415305,51.505721],[-0.1414442,51.5055896],[-0.1412392,51.5051147],[-0.1409032,51.5043855],[-0.140511,51.5033025],[-0.1403449,51.5028305],[-0.1401732,51.5022565],[-0.140124,51.5017842],[-0.1401914,51.5012807],[-0.1403655,51.5005395],[-0.140771,51.4996085],[-0.1413081,51.4987486],[-0.1421451,51.497746],[-0.1425213,51.4972281]],[[-0.1425213,51.4972281],[-0.1425921,51.4970968],[-0.142684,51.4969199],[-0.1428252,51.4966707],[-0.1429505,51.49648],[-0.1431893,51.4961348],[-0.1432968,51.4959564],[-0.1433883,51.4957774]],[[-0.1433883,51.4957774],[-0.1435264,51.4952799],[-0.143598,51.4949146],[-0.1436912,51.494279],[-0.1437674,51.4935941]],[[-0.1437674,51.4935941],[-0.1435464,51.4931047],[-0.1432303,51.4927166],[-0.1427151,51.4920532],[-0.1422703,51.4916277],[-0.1416565,51.4911666],[-0.1412113,51.4908727],[-0.1404631,51.4905067],[-0.1397573,51.4901745],[-0.1392879,51.4900068],[-0.138848,51.4898656],[-0.1381227,51.4896703],[-0.1371521,51.489496],[-0.1359928,51.4893641],[-0.1350023,51.4893014],[-0.134254,51.4892267],[-0.1331734,51.4891008],[-0.1329187,51.4890755],[-0.1319263,51.4889384],[-0.1309763,51.4886817],[-0.1301236,51.488485],[-0.1293181,51.4882166],[-0.1283721,51.4878393],[-0.1274576,51.4874061],[-0.12745734244341073,51.48740597797547]],[[-0.1788434,51.5182789],[-0.178333,51.5181055],[-0.1779921,51.5179736],[-0.1761863,51.5167282],[-0.1762238,51.5167048],[-0.176314,51.5167597],[-0.1765256,51.5168884],[-0.1780325,51.517949],[-0.1782224,51.5180251],[-0.1783608,51.5180798],[-0.1788634,51.5182604],[-0.1794042,51.5184193],[-0.1793754,51.5184374],[-0.1788434,51.5182789]],[[-0.2009683,51.5212516],[-0.2009900615208292,51.52125746780228]],[[-0.2006904,51.5211767],[-0.2009683,51.5212516]],[[-0.1967521,51.520232],[-0.1980529,51.5205168],[-0.1986685,51.5206579],[-0.1992677,51.5208051],[-0.2001414,51.5210278],[-0.2006904,51.5211767]],[[-0.1948311,51.5198223],[-0.1948934,51.5198343],[-0.1957374,51.5200149],[-0.1963245,51.5201409],[-0.1967521,51.520232]],[[-0.1948311,51.5198223],[-0.1942808,51.5197194],[-0.1938158,51.5196491]],[[-0.1938158,51.5196491],[-0.1936153,51.5196101],[-0.1935697,51.5196018],[-0.1931962,51.5195336],[-0.1928153,51.5194672],[-0.1921301,51.5193688],[-0.1915441,51.5192992],[-0.1907478,51.5192154],[-0.1894124,51.519093]],[[-0.1894124,51.519093],[-0.1883691,51.5190065],[-0.1880005,51.5189794],[-0.1874704,51.5189445],[-0.1871453,51.518922]],[[-0.1814743,51.5186209],[-0.1805549,51.5185828]],[[-0.1805549,51.5185828],[-0.1802559,51.5185823],[-0.1799832,51.5185693],[-0.1797773,51.518544],[-0.1796596,51.5185218],[-0.1794624,51.5184764],[-0.1792739,51.5184246],[-0.1788792,51.5183104],[-0.1783748,51.5181389],[-0.1780403,51.5180083],[-0.1779773,51.517983]],[[-0.1779773,51.517983],[-0.1778833,51.5179371],[-0.1762156,51.5167714]],[[-0.1451659,51.4946453],[-0.1451406,51.4946385],[-0.1451022,51.4946281],[-0.1460119,51.4935234],[-0.146912,51.4924095],[-0.1469425,51.4924181],[-0.1468981,51.4924766],[-0.146124,51.4934293],[-0.1451659,51.4946453]],[[-0.1481778,51.4906994],[-0.1480738,51.4908312],[-0.1478116,51.491202],[-0.1473593,51.4918294]],[[-0.1473593,51.4918294],[-0.1472305,51.492016]],[[-0.1472305,51.492016],[-0.1470478,51.4922198],[-0.1464007,51.4930273],[-0.1451776,51.4945092]],[[-0.1443996,51.4949624],[-0.1445959,51.4947074],[-0.1450068,51.4942445],[-0.1454721,51.4937268],[-0.1460029,51.4930713],[-0.146037,51.4930815],[-0.1455049,51.493734],[-0.1450457,51.4942562],[-0.1446352,51.4947184],[-0.1444432,51.4949743],[-0.1443996,51.4949624]],[[-0.1444745,51.4949704],[-0.1445015,51.4949287],[-0.1446501,51.4947292]],[[-0.1446501,51.4947292],[-0.1456471,51.4936206],[-0.1466696,51.4923443]],[[-0.1466696,51.4923443],[-0.1470169,51.4919815]],[[-0.1470169,51.4919815],[-0.1471185,51.4918682],[-0.1471486,51.4918307]],[[-0.1471486,51.4918307],[-0.147312,51.4916888]],[[-0.147312,51.4916888],[-0.1474823,51.4914892]],[[-0.1474823,51.4914892],[-0.1478075,51.4911457]],[[-0.1479697,51.4909044],[-0.1478075,51.4911457]],[[-0.1479697,51.4909044],[-0.1481059,51.490726],[-0.1482092,51.490569],[-0.1483464,51.490347]],[[-0.1486217,51.4893432],[-0.1485861,51.4895411],[-0.1485699,51.4896373]],[[-0.1245717,51.5078515],[-0.1246471,51.5078196],[-0.1234785,51.5071931],[-0.1233407,51.5071273],[-0.1231192,51.5070353],[-0.1228045,51.5069121],[-0.1224422,51.5067732],[-0.1221653,51.5066727],[-0.1221605,51.506679],[-0.1222571,51.5067205],[-0.1223444,51.5067576],[-0.1224626,51.506808],[-0.1225541,51.5068502],[-0.1228593,51.5069884],[-0.1230999,51.507094],[-0.123261,51.5071657],[-0.1234125,51.5072383],[-0.1245717,51.5078515]],[[-0.1245516,51.5078615],[-0.1244595,51.5078132],[-0.1233956,51.5072514],[-0.1232563,51.5071823]],[[-0.1232563,51.5071823],[-0.1228472,51.5069971],[-0.1224501,51.5068231],[-0.1221661,51.5066997],[-0.1220065,51.5066389],[-0.1218549,51.5065902],[-0.1216029,51.5065098]],[[-0.1216029,51.5065098],[-0.1209122,51.5063049]],[[-0.12046919767373235,51.50612620271398],[-0.1205307,51.5061454],[-0.1209358,51.506276]],[[-0.1209358,51.506276],[-0.1216232,51.5064847]],[[-0.1446126,51.4950137],[-0.1445798,51.4950038],[-0.1445449,51.4949933],[-0.1447411,51.4947273],[-0.1455186,51.4938856],[-0.1457213,51.493661],[-0.1457427,51.4936676],[-0.1456531,51.4937744],[-0.1450512,51.4944739],[-0.1447556,51.4948333],[-0.1446126,51.4950137]],[[-0.1478075,51.4911457],[-0.1474385,51.4916543]],[[-0.1474385,51.4916543],[-0.1470977,51.4919615]],[[-0.1470977,51.4919615],[-0.1470663,51.4919936]],[[-0.1470663,51.4919936],[-0.1457027,51.4936665],[-0.1447073,51.494744]],[[-0.1447073,51.494744],[-0.1445526,51.4949396]],[[-0.1448213,51.4948511],[-0.1447556,51.4948333],[-0.1450512,51.4944739],[-0.1456531,51.4937744],[-0.1457427,51.4936676],[-0.1467971,51.4923768],[-0.1468254,51.4923849],[-0.1451908,51.4943905],[-0.1450135,51.4946115],[-0.1448213,51.4948511]],[[-0.1450457,51.4946112],[-0.1451359,51.4944944]],[[-0.1451359,51.4944944],[-0.1463442,51.4930285],[-0.1469427,51.4922088]],[[-0.1469427,51.4922088],[-0.1471016,51.4920103]],[[-0.1471016,51.4920103],[-0.1473453,51.4917948]],[[-0.1473453,51.4917948],[-0.1474385,51.4916543]],[[-0.1805549,51.5185828],[-0.1811819,51.5185733],[-0.181389,51.518576]],[[-0.1815646,51.5185883],[-0.181389,51.518576]],[[-0.1817836,51.5186004],[-0.1815646,51.5185883]],[[-0.1826457,51.518621],[-0.1817836,51.5186004]],[[-0.1835428,51.5186537],[-0.1831223,51.5186389],[-0.1828382,51.5186309],[-0.1826457,51.518621]],[[-0.1866555,51.5188245],[-0.1862788,51.5187998],[-0.1858314,51.5187682],[-0.1854199,51.5187435],[-0.1850658,51.5187206],[-0.1848514,51.5187093],[-0.1844725,51.5186883],[-0.1839652,51.5186686],[-0.1835428,51.5186537]],[[-0.1871603,51.5188541],[-0.1871088,51.5188512],[-0.1870924,51.5188501],[-0.1866555,51.5188245]],[[-0.1880085,51.5189115],[-0.1874824,51.5188741],[-0.1871603,51.5188541]],[[-0.1943112,51.5196732],[-0.1936401,51.5195435],[-0.1936046,51.519537],[-0.1932223,51.5194667],[-0.1928428,51.519401],[-0.1921478,51.5193016],[-0.191565,51.519234],[-0.190805,51.5191509],[-0.1907676,51.5191477],[-0.1894305,51.5190235],[-0.1883813,51.5189379],[-0.1880085,51.5189115]],[[-0.1943112,51.5196732],[-0.1949133,51.5197967],[-0.1957549,51.5199774],[-0.1963429,51.5201028],[-0.1967724,51.5201944]],[[-0.1967724,51.5201944],[-0.1980809,51.520477],[-0.1988449,51.5206485],[-0.1997111,51.5208561],[-0.200173,51.5209751],[-0.2006284,51.521094]],[[-0.2006284,51.521094],[-0.2009337883134626,51.52118148468713]],[[-0.1832692,51.5229493],[-0.1833387,51.522912],[-0.1831084,51.5227461],[-0.1828596,51.5225834],[-0.1828878,51.5225659],[-0.1831828,51.5227565],[-0.1834477,51.5229505],[-0.1835489,51.5230332],[-0.1838621,51.5233327],[-0.1838319,51.5233465],[-0.1835137,51.5230465],[-0.1834708,51.5230696],[-0.1834486,51.5230815],[-0.1832692,51.5229493]],[[-0.12080932901496771,51.50565690785378],[-0.1212344,51.5058844],[-0.121518,51.5060238],[-0.1218486,51.5061728],[-0.1222305,51.5063456],[-0.1224657,51.506432],[-0.1226551,51.5064889],[-0.1230389,51.5065891],[-0.1259933,51.507163]],[[-0.1259933,51.507163],[-0.1271981,51.5073473],[-0.1278431,51.507397],[-0.1280604,51.5074094],[-0.1283193,51.5074191],[-0.1291153,51.5074404],[-0.1297154,51.5075074],[-0.1302171,51.5075807]],[[-0.1302171,51.5075807],[-0.1308072,51.507648],[-0.1310083,51.5077164],[-0.1312536,51.5078535],[-0.1314852,51.5080402]],[[-0.1314852,51.5080402],[-0.1323782,51.5092019],[-0.132617,51.5094911],[-0.1327799,51.5096583],[-0.1329994,51.5098344],[-0.1331564,51.5099349],[-0.133298,51.5100003],[-0.1334766,51.5100296],[-0.1336686,51.5100347],[-0.1344256,51.5100143],[-0.1350177,51.5099987],[-0.1352847,51.5099768],[-0.1357011,51.5099163],[-0.1360288,51.5098789],[-0.1363426,51.509859],[-0.1365106,51.5098538],[-0.1367628,51.5098587],[-0.1369627,51.5098762],[-0.1371313,51.5098993],[-0.1372662,51.5099219],[-0.1374186,51.5099543],[-0.1375423,51.5099891],[-0.1376316,51.5100206],[-0.1377613,51.5100748],[-0.1379091,51.5101468],[-0.1379523,51.5101723],[-0.1379899,51.5101965],[-0.1380213,51.5102213],[-0.1380983,51.5102848],[-0.1381428,51.510322],[-0.1381779,51.5103571]],[[-0.1381779,51.5103571],[-0.1383597,51.5105624],[-0.141065,51.5136367],[-0.141648,51.5144875],[-0.1417703,51.5148018],[-0.1418813,51.5151861],[-0.1419591,51.5154638],[-0.1420167,51.5156556],[-0.142061,51.5157851],[-0.1421469,51.5160177],[-0.1422483,51.5162613]],[[-0.1422483,51.5162613],[-0.1427238,51.5172811],[-0.1428717,51.5175098],[-0.1429848,51.5176713],[-0.1431501,51.5178077],[-0.1433423,51.5179057],[-0.1437335,51.5180917],[-0.1439281,51.5181875],[-0.1440783,51.5182741],[-0.1441839,51.5183804]],[[-0.1441839,51.5183804],[-0.1461377,51.5227729],[-0.1462254,51.5229585]],[[-0.1462254,51.5229585],[-0.1466069,51.5236375],[-0.1467715,51.5239551],[-0.1469105,51.5241661]],[[-0.1469105,51.5241661],[-0.1470376,51.5243157],[-0.1471897,51.5244449],[-0.1474496,51.5246063],[-0.1476505,51.5246987],[-0.1478991,51.5247625],[-0.1481684,51.5247887],[-0.148494,51.524786],[-0.1488339,51.5247635],[-0.1491681,51.5247194],[-0.1541691,51.5238926],[-0.1546423,51.5237991],[-0.1551884,51.5236794],[-0.1557059,51.5235477],[-0.1562111,51.5234358],[-0.1566644,51.5233314],[-0.1575496,51.5231217],[-0.158137,51.5229875]],[[-0.158137,51.5229875],[-0.1595612,51.5227597],[-0.1599666,51.5226949],[-0.1616064,51.5224191],[-0.1621435,51.5223579],[-0.1626501,51.5223201]],[[-0.1626501,51.5223201],[-0.1632216,51.522276],[-0.1635969,51.5222403],[-0.1638262,51.5222253],[-0.164229,51.5222208],[-0.1645876,51.5222295],[-0.1648717,51.5222166],[-0.1652279,51.5221602]],[[-0.1652279,51.5221602],[-0.1679369,51.5213355],[-0.1681969,51.5212546],[-0.1683908,51.5211943],[-0.1692393,51.5209072],[-0.1695545,51.5207839],[-0.16981,51.5206729],[-0.1700213,51.5205708],[-0.1702657,51.5204413]],[[-0.1702657,51.5204413],[-0.1704563,51.5203266],[-0.1706828,51.5201785],[-0.1708017,51.5200787],[-0.1708996,51.5199652],[-0.1709707,51.5198442],[-0.1710211,51.5197102]],[[-0.1710211,51.5197102],[-0.171135,51.5193395],[-0.1713828,51.5185754],[-0.1715715,51.5182201],[-0.1716244,51.5181362]],[[-0.1716244,51.5181362],[-0.1720172,51.5175731],[-0.1726338,51.5168863],[-0.1730226,51.5165851],[-0.1732475,51.5163962],[-0.1735037,51.5162622],[-0.1736247,51.516222],[-0.1737519,51.5161797],[-0.1739921,51.5160937],[-0.1742675,51.5159857]],[[-0.1742675,51.5159857],[-0.1745926,51.5159543],[-0.1748941,51.515957],[-0.1750657,51.5159749],[-0.1752277,51.5160131],[-0.1753726,51.5160675],[-0.1755319,51.5161505],[-0.1758811,51.5163808],[-0.1761134,51.5165938],[-0.1766735,51.5170476]],[[-0.1766735,51.5170476],[-0.1773396,51.5178313],[-0.177743,51.5182931],[-0.1779188,51.5185295],[-0.178141,51.5190141],[-0.1782722,51.5192862],[-0.1783859,51.5194497],[-0.1785085,51.5196035],[-0.1786596,51.5197706],[-0.1787811,51.5198762],[-0.1789422,51.5199925],[-0.1792776,51.5202245],[-0.1807158,51.5211746],[-0.182207,51.5222023],[-0.182428,51.5223374]],[[-0.182428,51.5223374],[-0.1825952,51.5224167],[-0.1828007,51.5225008],[-0.1829056,51.5225552],[-0.1832017,51.5227466],[-0.1834674,51.5229412],[-0.1835698,51.5230247],[-0.1837447,51.5231888],[-0.1838829,51.5233243],[-0.1840665,51.5236963]],[[-0.1840665,51.5236963],[-0.1841089,51.5240561],[-0.1841388,51.5245912],[-0.1840984,51.5252648],[-0.1839654,51.5257178],[-0.1838331,51.5260692],[-0.1835393,51.5266574],[-0.1833565,51.5270259],[-0.1832933,51.5273331],[-0.1833672,51.5275172],[-0.1834548,51.5276985],[-0.1835894,51.527856],[-0.1837539,51.5280177],[-0.1854141,51.5293607],[-0.1859863,51.5297951]],[[-0.1859863,51.5297951],[-0.1867434,51.530462],[-0.1890206,51.532404],[-0.1900767,51.5332835],[-0.1905424,51.5336567],[-0.1909619,51.5339235],[-0.1912294,51.5340586],[-0.191666,51.534229],[-0.1921027,51.5343765]],[[-0.1921027,51.5343765],[-0.192666010117271,51.53451315096349]],[[-0.1559031,51.5223794],[-0.1562922,51.5223102],[-0.1563752,51.5222953],[-0.1570633,51.5221722],[-0.1572022,51.522147],[-0.1572395,51.5221406]],[[-0.1661224,51.5203509],[-0.1661021,51.5203363],[-0.1664019,51.5202142],[-0.1665458,51.5201652],[-0.1667974,51.5200794],[-0.167237,51.5199378],[-0.1674235,51.519885],[-0.167434,51.5199092],[-0.1673745,51.5199291],[-0.1666406,51.5201748],[-0.1661224,51.5203509]],[[-0.1789249,51.5185471],[-0.1787642,51.5185],[-0.1787043,51.5184814],[-0.1784972,51.5184203],[-0.1783312,51.5183722],[-0.1780728,51.5182932],[-0.1780949,51.5182699],[-0.1783464,51.5183463],[-0.1785132,51.518397],[-0.17872,51.5184599],[-0.1787781,51.5184775],[-0.1789412,51.5185271],[-0.1789249,51.5185471]],[[-0.1883585,51.5191028],[-0.1883623,51.5190901],[-0.1883648,51.5190808],[-0.1881454,51.5190548],[-0.1879246,51.5190313],[-0.187704,51.51901],[-0.1874818,51.5189909],[-0.1870551,51.5189596],[-0.1866243,51.5189359],[-0.1866215,51.5189593],[-0.1870498,51.5189866],[-0.1870776,51.5189887],[-0.1871296,51.5189927],[-0.187458,51.5190175],[-0.1874752,51.5190188],[-0.1879168,51.5190598],[-0.1883585,51.5191028]],[[-0.20067394734178007,51.52083434685585],[-0.2006708,51.5208343],[-0.2006699,51.520849],[-0.20068675282400897,51.52085187633929]],[[-0.1554892,51.5224607],[-0.1558207,51.5224023],[-0.1566498,51.522259],[-0.1574642,51.5221137],[-0.1578705,51.5220365],[-0.1636607,51.5209361],[-0.1649904,51.520731]],[[-0.1649904,51.520731],[-0.1655489,51.5205988],[-0.165648,51.5205685]],[[-0.165648,51.5205685],[-0.1656908,51.520541],[-0.1659642,51.5203939],[-0.1662305,51.5202668],[-0.1662573,51.520253],[-0.1666628,51.5201004],[-0.1672074,51.519932]],[[-0.1672074,51.519932],[-0.1675981,51.5198094],[-0.1679098,51.5197048],[-0.1683274,51.5195749]],[[-0.1683274,51.5195749],[-0.168708,51.5193973]],[[-0.168708,51.5193973],[-0.1701043,51.5186152],[-0.1705302,51.5183775]],[[-0.1705302,51.5183775],[-0.170708,51.5182733]],[[-0.170708,51.5182733],[-0.1708942,51.5182226],[-0.1712332,51.5181304],[-0.1716323,51.518066],[-0.1721242,51.517976],[-0.1752506,51.517457],[-0.1755215,51.517418],[-0.1756717,51.5174044],[-0.1757872,51.5174063],[-0.1758809,51.5174122],[-0.1760169,51.5174242],[-0.1762403,51.5174601],[-0.1765032,51.5175264],[-0.1767151,51.5176063],[-0.1769162,51.517708],[-0.1772837,51.5179184],[-0.1773964,51.5179707],[-0.1776426,51.5181271],[-0.1779369,51.5182099]],[[-0.1779369,51.5182099],[-0.1784509,51.5183682],[-0.1786485,51.5184283],[-0.1788494,51.5184926],[-0.179069,51.5185618]],[[-0.179069,51.5185618],[-0.1793137,51.5186192],[-0.1795678,51.5186534],[-0.1797628,51.5186666],[-0.180037,51.5186795],[-0.1802264,51.5186799],[-0.1804097,51.5186724],[-0.1806026,51.5186634],[-0.1808175,51.5186522],[-0.1810257,51.5186508],[-0.1812649,51.5186601],[-0.1815492,51.5186791]],[[-0.1815492,51.5186791],[-0.1819492,51.5187121],[-0.1822677,51.518733],[-0.182467,51.5187473],[-0.182683,51.5187621],[-0.1831049,51.5187822],[-0.1835863,51.5188017],[-0.1841441,51.5188257],[-0.1845811,51.5188416],[-0.1849571,51.5188561],[-0.1853614,51.518873],[-0.1856563,51.5188855],[-0.1860253,51.5188984],[-0.1866265,51.5189235]],[[-0.1866265,51.5189235],[-0.1870565,51.5189483],[-0.1874854,51.5189793],[-0.1877072,51.5189977],[-0.1879284,51.5190183],[-0.1881494,51.5190423],[-0.1883771,51.5190675],[-0.1894741,51.5192024],[-0.1901584,51.5192817],[-0.1933853,51.519597]],[[-0.1933853,51.519597],[-0.1937061,51.5196209],[-0.1950166,51.5196864]],[[-0.1950166,51.5196864],[-0.1951449,51.5196947],[-0.1955057,51.5197309],[-0.1958609,51.519783],[-0.1962856,51.5198658],[-0.1975144,51.5201146],[-0.1982269,51.5202661],[-0.1998262,51.5206557],[-0.2004116,51.5208155]],[[-0.2004116,51.5208155],[-0.20070174498788804,51.5208723991813]],[[-0.1413257,51.5153779],[-0.1412414,51.5153872],[-0.1411527,51.515397],[-0.1408192,51.5154335],[-0.1405835,51.5154593],[-0.1402345,51.5154981]],[[-0.19216539669250451,51.50992388630504],[-0.1918505,51.5099767],[-0.1913878,51.5100218],[-0.1909204,51.5100554],[-0.1894032,51.510156],[-0.1883414,51.5102128],[-0.1872612,51.5102982],[-0.1862178,51.5103736],[-0.1851883,51.5104661],[-0.1836099,51.5105634],[-0.1827631,51.5106225],[-0.1820723,51.5107047],[-0.1807526,51.5109047],[-0.1758979,51.5116893],[-0.1751089,51.511798],[-0.1744145,51.5118857],[-0.1648508,51.5127931],[-0.1635054,51.5129515],[-0.1599518,51.5133203],[-0.1591481,51.5134186],[-0.1583892,51.5135178],[-0.1577907,51.5135817],[-0.1562186,51.5137674],[-0.1538986,51.5139416],[-0.1500336,51.5143522],[-0.1491082,51.514454],[-0.1460719,51.5148697]],[[-0.1460719,51.5148697],[-0.1408111,51.5154617],[-0.1402345,51.5155284]],[[-0.1402345,51.5155284],[-0.1395854,51.5155892],[-0.1379139,51.5157211],[-0.1367663,51.5158517],[-0.1363749,51.5159138],[-0.13455,51.5161423],[-0.1326089,51.5162614]],[[-0.1326089,51.5162614],[-0.1309793,51.5163847],[-0.1309205,51.5163919],[-0.1303370882609803,51.51645429755977]],[[-0.1749255,51.5156518],[-0.1750786,51.5155692],[-0.1752545,51.5154674],[-0.1758514,51.5151373]],[[-0.1878379,51.5122829],[-0.1888907,51.5122011]],[[-0.1252587,51.5011388],[-0.1251465,51.501196],[-0.1251286,51.5012072],[-0.1249896,51.5012872],[-0.1248399,51.5013725],[-0.1246735,51.5014825],[-0.1243959,51.5016904],[-0.1243405,51.5017413],[-0.1243888,51.5017714],[-0.1247013,51.5015376],[-0.1248662,51.5014241],[-0.1250352,51.5013206],[-0.1252578,51.5012012],[-0.1253611,51.5011528],[-0.1253597,51.5010885],[-0.1252587,51.5011388]],[[-0.1676958,51.519891],[-0.1678784,51.5197923],[-0.168049,51.5197046]],[[-0.168049,51.5197046],[-0.1683274,51.5195749]],[[-0.170708,51.5182733],[-0.1712192,51.517998],[-0.1713399,51.5178902],[-0.1715742,51.5176702]],[[-0.1715742,51.5176702],[-0.1718106,51.5174644]],[[-0.1718106,51.5174644],[-0.1719164,51.517375]],[[-0.1719164,51.517375],[-0.1722282,51.5172071]],[[-0.1722282,51.5172071],[-0.1738067,51.5163165]],[[-0.1738067,51.5163165],[-0.1740957,51.5161586],[-0.1742794,51.5160583]],[[-0.1742794,51.5160583],[-0.1749141,51.5156993]],[[-0.1749141,51.5156993],[-0.1751105,51.5155915],[-0.1754503,51.5154037],[-0.1758923,51.5151668],[-0.1759579,51.5151413]],[[-0.1759579,51.5151413],[-0.176101,51.5150859],[-0.1766604,51.5148784],[-0.1770395,51.5147372],[-0.1788649,51.5137532],[-0.1792255,51.5135624],[-0.1794313,51.5134768],[-0.1795927,51.5134002],[-0.1802967,51.5131642],[-0.1809809,51.513003],[-0.1812951,51.5129422]],[[-0.1812951,51.5129422],[-0.1814192,51.5129134]],[[-0.1814192,51.5129134],[-0.1821306,51.5127488],[-0.182569,51.5126864],[-0.1829995,51.5126337],[-0.1836412,51.5126036]],[[-0.1836412,51.5126036],[-0.1842548,51.5125804]],[[-0.1842548,51.5125804],[-0.1853623,51.5124363],[-0.1865261,51.5123594],[-0.1879098,51.5122953]],[[-0.1879098,51.5122953],[-0.1882443,51.5122731],[-0.1889097,51.5122283]],[[-0.1889097,51.5122283],[-0.1891143,51.5122133]],[[-0.1891143,51.5122133],[-0.189654,51.512166]],[[-0.189654,51.512166],[-0.1897878,51.5121576]],[[-0.1897878,51.5121576],[-0.190246,51.5121154]],[[-0.190246,51.5121154],[-0.191699,51.5119515]],[[-0.191699,51.5119515],[-0.1918348,51.5119362]],[[-0.1918348,51.5119362],[-0.1924531,51.5117955],[-0.19288756715884725,51.511704130534795]],[[-0.1741683,51.5358149],[-0.1742356,51.5358074],[-0.1742068,51.535707],[-0.1742021,51.5356781],[-0.1741129,51.535354],[-0.1741223,51.535353],[-0.174116,51.5353301],[-0.1741066,51.5353311],[-0.1740924,51.5352794],[-0.1741054,51.535278],[-0.1741007,51.5352608],[-0.1740876,51.5352622],[-0.1740728,51.5352083],[-0.1740663,51.5351773],[-0.1740589,51.5351521],[-0.1740521,51.5351279],[-0.1740384,51.5350806],[-0.1740497,51.5350794],[-0.1740442,51.5350605],[-0.1740329,51.5350618],[-0.1740167,51.5350059],[-0.174026,51.5350049],[-0.1740193,51.5349817],[-0.17401,51.5349828],[-0.1739486,51.5347713],[-0.1739389,51.5347473],[-0.1739218,51.5346923],[-0.1738494,51.534701],[-0.1739473,51.5350428],[-0.1739772,51.5351475],[-0.1741683,51.5358149]],[[-0.1580302,51.5234147],[-0.1577832,51.5234933],[-0.1576509,51.5235385],[-0.1570503,51.5237284],[-0.1568684,51.5237843]],[[-0.1496719,51.5157816],[-0.1496729,51.5155704],[-0.1496676,51.5151506],[-0.1496285,51.5147123],[-0.1496117,51.5145683]],[[-0.1413207,51.506323],[-0.1408612,51.5063073],[-0.1404598,51.5062927],[-0.1401453,51.5062804],[-0.139928,51.5062716]],[[-0.1271704,51.5008522],[-0.1266673,51.5008496],[-0.1260964,51.5008771],[-0.1255509,51.5009224],[-0.125138,51.5009635],[-0.1251039,51.5009669],[-0.1247549,51.5010016],[-0.1246328,51.5010137],[-0.1246057,51.5010164]],[[-0.1740852124068538,51.53813091040147],[-0.1740964,51.5377302],[-0.1741001,51.5374509],[-0.1741443,51.5358175]],[[-0.1741443,51.5358175],[-0.1740349,51.535435],[-0.1738255,51.5347036],[-0.1736679,51.5343645],[-0.1735511,51.5341613],[-0.1732742,51.5337372],[-0.1730681,51.533531],[-0.1725224,51.532903],[-0.1709046,51.5315373],[-0.1693569,51.5302628],[-0.1686341,51.5295648],[-0.1681475,51.5288618],[-0.1678974,51.5285352],[-0.1676013,51.5278938],[-0.1674327,51.527282],[-0.1673513,51.526881],[-0.1671822,51.5261623],[-0.1668774,51.5253354],[-0.166603,51.524708],[-0.1665699,51.5246467],[-0.1660015,51.5241364],[-0.1655196,51.5237867],[-0.16484,51.5234005],[-0.1640613,51.5230551],[-0.1632699,51.5228218],[-0.1628784,51.5227625],[-0.1623127,51.5227054],[-0.1621201,51.522688],[-0.1615962,51.5227013],[-0.1604245,51.5227869],[-0.1593023,51.5230841]],[[-0.1593023,51.5230841],[-0.1581911,51.5234232],[-0.1576072,51.5236002],[-0.1573448,51.5236738]],[[-0.1573448,51.5236738],[-0.1571419,51.5237437],[-0.1568796,51.5238242],[-0.1563219,51.5239906],[-0.1558167,51.5241416],[-0.1554194,51.5242837]],[[-0.1554194,51.5242837],[-0.1536314,51.5247458],[-0.1524567,51.5249197],[-0.1519434,51.524895],[-0.1512314,51.5248125],[-0.1499578,51.5245756],[-0.1483746,51.5239077],[-0.1474902,51.523344],[-0.1473467,51.5232202],[-0.1469288,51.5228597],[-0.1467251,51.5224598],[-0.1466099,51.5221819],[-0.1464896,51.521906],[-0.1464678,51.521829],[-0.1464214,51.521675],[-0.1463998,51.5215121],[-0.1463869,51.5211548],[-0.1463916,51.5209408],[-0.1464035,51.5208278],[-0.146452,51.5205056],[-0.1465734,51.5202007],[-0.1466274,51.5200692],[-0.1468002,51.5197765],[-0.1470661,51.5194142],[-0.1472574,51.5191875],[-0.1475195,51.518889],[-0.1479394,51.5184413],[-0.1482356,51.5180781],[-0.1483542,51.5179395],[-0.1488311,51.5173456],[-0.1489623,51.5171669],[-0.1491541,51.5168609],[-0.1492768,51.5166222],[-0.1493628,51.5164633],[-0.1495198,51.5161756],[-0.1496514,51.5157778],[-0.1496523,51.5153124],[-0.1496223,51.5147896],[-0.1496016,51.5146419],[-0.1489809,51.5114199],[-0.1488223,51.5107163],[-0.1485874,51.5096778],[-0.148509,51.5093302],[-0.1483207,51.509008],[-0.1481178,51.5086089],[-0.1479968,51.508422],[-0.1476688,51.5081317],[-0.1471819,51.5077476]],[[-0.1471819,51.5077476],[-0.1469807,51.5075438]],[[-0.1469807,51.5075438],[-0.1467296,51.5073469]],[[-0.1467296,51.5073469],[-0.1458177,51.5069492],[-0.1452151,51.5067774]],[[-0.1452151,51.5067774],[-0.1446522,51.506626],[-0.1440861,51.5065054],[-0.1425673,51.5064165],[-0.1413994,51.5063441],[-0.1401175,51.5062958],[-0.1390546,51.5062475],[-0.1379658,51.5063137],[-0.1372442,51.5063565]],[[-0.1372442,51.5063565],[-0.1367674,51.5063404],[-0.1362489,51.5063125],[-0.1357093,51.5062507],[-0.134988,51.5061164],[-0.1343496,51.505944],[-0.1334733,51.5054277],[-0.1330617,51.5050651],[-0.1327444,51.5046768]],[[-0.1327444,51.5046768],[-0.1324774,51.504263],[-0.1322055,51.5036846],[-0.132038,51.5033689],[-0.1318295,51.5030936],[-0.1312252,51.502525],[-0.130501,51.5020742],[-0.1294039,51.50146],[-0.1283501,51.5010489],[-0.1277449,51.5008963],[-0.1271941,51.5008303],[-0.1266341,51.5008398],[-0.1258332,51.5008842],[-0.1254363,51.5009245],[-0.1246995,51.5009972],[-0.1236066,51.5011189],[-0.1231142,51.5011778],[-0.1225705,51.5012582],[-0.1220406,51.5013622],[-0.1217303353420299,51.50141983185759]],[[-0.17552022131040726,51.53959469051663],[-0.1756182,51.5390084],[-0.1758728,51.5379444],[-0.1759378,51.5369981]],[[-0.1759378,51.5369981],[-0.1759104,51.5366972]],[[-0.1759104,51.5366972],[-0.1758849,51.5363948]],[[-0.1758849,51.5363948],[-0.1758125,51.5360899]],[[-0.1758125,51.5360899],[-0.1757153,51.53582],[-0.1756063,51.5356148],[-0.1751465,51.535167],[-0.1733882,51.5336876],[-0.1724424,51.5329151],[-0.1715864,51.5322136],[-0.1705613,51.5313705],[-0.1695247,51.5305217],[-0.1686126,51.5297721],[-0.1679911,51.5292685]],[[-0.1679911,51.5292685],[-0.1675387,51.5289441],[-0.1672098,51.5287379]],[[-0.1672098,51.5287379],[-0.1669409,51.5285709]],[[-0.1669409,51.5285709],[-0.1666119,51.5283841],[-0.1662302,51.5281864],[-0.1659014,51.5280218],[-0.1654919,51.5277637]],[[-0.1654919,51.5277637],[-0.164724,51.5274156],[-0.1646349,51.5273686],[-0.1635454,51.5267934],[-0.1626291,51.5263322],[-0.1615109,51.5257506],[-0.1613298,51.5256473],[-0.1587527,51.5242961],[-0.1585598,51.5241948],[-0.1581115,51.5239394],[-0.1579448,51.5238555]],[[-0.1579448,51.5238555],[-0.1578685,51.5238161],[-0.1578081,51.523771]],[[-0.1578081,51.523771],[-0.1575376,51.5235219],[-0.1573247,51.5233369],[-0.1569352,51.5229821],[-0.1567714,51.5228582],[-0.156631,51.5227778],[-0.1564919,51.5227115]],[[-0.1564919,51.5227115],[-0.1563484,51.5226424],[-0.1560706,51.5225691],[-0.1558066,51.5225146],[-0.155512,51.5225008]],[[-0.167434,51.5199092],[-0.1674437,51.5199316],[-0.1672468,51.5200135],[-0.1661413,51.5203646],[-0.1661224,51.5203509],[-0.1666406,51.5201748],[-0.1673745,51.5199291],[-0.167434,51.5199092]],[[-0.1661583,51.5203797],[-0.1664238,51.5202855],[-0.1671631,51.5200588],[-0.1672547,51.5200286]],[[-0.1672547,51.5200286],[-0.1676723,51.5198611]],[[-0.1676723,51.5198611],[-0.168049,51.5197046]],[[-0.1680878,51.5197315],[-0.1678784,51.5197923],[-0.1676723,51.5198611]],[[-0.11990999919605183,51.506782512833134],[-0.1203169,51.5068794],[-0.1206399,51.5069466],[-0.1209649,51.5070038],[-0.1211646,51.5070353]],[[-0.1211646,51.5070353],[-0.1215826,51.5071034],[-0.1217064,51.5071251],[-0.1219211,51.5071745],[-0.1221357,51.5072381],[-0.1224029,51.5073256],[-0.1225508,51.5073906],[-0.1226906,51.5074574],[-0.1229333,51.5075874],[-0.1232448,51.5077585],[-0.1234084,51.5078326],[-0.1235663,51.5078884]],[[-0.1235663,51.5078884],[-0.1240778,51.5080188],[-0.1243824,51.5081166],[-0.1246049,51.5081928],[-0.1248354,51.5082951],[-0.1250146,51.5083831],[-0.1255408,51.5086659],[-0.1260127,51.5088889],[-0.1262713,51.5089935],[-0.1267081,51.5091443],[-0.127136,51.509292],[-0.1276055,51.5094715],[-0.1278486,51.5095884],[-0.1281112,51.5097636],[-0.1282866,51.5099373],[-0.1284162,51.5101485],[-0.1284626,51.5102741],[-0.1284851,51.5103807],[-0.1284835,51.5108256],[-0.1284718,51.5115062],[-0.1284842,51.5116581],[-0.1285118,51.5118987],[-0.1285274,51.5119869],[-0.1285331,51.5120137],[-0.1285625,51.5121199],[-0.1286053,51.5122221],[-0.128653,51.5123143],[-0.1288023,51.5125841],[-0.1291296,51.5131345],[-0.1291909,51.5132419],[-0.1293211399046069,51.51348392169476]],[[-0.13088176312593205,51.51705770984659],[-0.1307839,51.5169443],[-0.1304452576632654,51.51616122806839]],[[-0.1615897,51.5013026],[-0.1614965,51.5013656],[-0.1613597,51.5014514],[-0.1611692,51.5015648],[-0.1611241,51.5015893],[-0.1609734,51.5016712],[-0.1609507,51.501655],[-0.1610126,51.5016213],[-0.1610032,51.5016146],[-0.1610723,51.501577],[-0.1611105,51.5015561],[-0.161179,51.5015168],[-0.1611843,51.5015204],[-0.1612106,51.5015053],[-0.1612051,51.5015017],[-0.1613026,51.5014442],[-0.1613405,51.5014204],[-0.1614613,51.5013437],[-0.1615655,51.5012718],[-0.1615719,51.5012754],[-0.1616006,51.5012556],[-0.161595,51.5012525],[-0.1616735,51.501196],[-0.1616785,51.5011987],[-0.1617016,51.5011821],[-0.1616965,51.5011794],[-0.1617719,51.5011227],[-0.1617764,51.501125],[-0.1617994,51.5011078],[-0.1617943,51.5011051],[-0.161817,51.5010871],[-0.1618365,51.5010702],[-0.1619143,51.5010072],[-0.161956,51.5010165],[-0.1619629,51.5010195],[-0.1618645,51.5011001],[-0.1617962,51.5011536],[-0.1616782,51.5012392],[-0.1615897,51.5013026]],[[-0.1654474435794888,51.49869134859531],[-0.1637366,51.4996465],[-0.1633896,51.4998383],[-0.1629811,51.5000998],[-0.1626752,51.5003545],[-0.1622356,51.500784]],[[-0.1622356,51.500784],[-0.1619819,51.5010285],[-0.1618829,51.5011096],[-0.1618149,51.5011629],[-0.1616963,51.5012488],[-0.1616077,51.5013124],[-0.161514,51.5013757],[-0.1613766,51.5014619],[-0.1612751,51.5015236],[-0.1611855,51.5015756],[-0.161138,51.5016014],[-0.1610843,51.5016306],[-0.1609891,51.5016824],[-0.1609044,51.501723],[-0.1608199,51.5017546]],[[-0.1608199,51.5017546],[-0.160416,51.5018605],[-0.1600657,51.5019322],[-0.1597846,51.5019868],[-0.159485,51.5020459],[-0.1591724,51.5021025],[-0.15894169294197724,51.502141090324145]],[[-0.15847921767493967,51.502213082237745],[-0.1583148,51.5022379],[-0.1580291,51.5022751],[-0.1577046,51.5022981],[-0.1571239,51.5023192],[-0.156814,51.5023482],[-0.1565271,51.5023894],[-0.1562911,51.502444],[-0.155807,51.5025579],[-0.155379,51.5026421]],[[-0.155379,51.5026421],[-0.1551012,51.5026869],[-0.1543827,51.5027911],[-0.1536653,51.5028951],[-0.1529126,51.5030133]],[[-0.1529126,51.5030133],[-0.1506236,51.5033728]],[[-0.1506236,51.5033728],[-0.1501461,51.5034614],[-0.149776,51.5035383],[-0.149379,51.503639],[-0.148982,51.5037586],[-0.1486146,51.5038961],[-0.1480787,51.5041204],[-0.1475571,51.5043924],[-0.1457305,51.5053451],[-0.1439057,51.5062597],[-0.1421597,51.5071356],[-0.1417049,51.5073665],[-0.1410125,51.5076664],[-0.1398097,51.508114]],[[-0.1398097,51.508114],[-0.139301,51.5082741],[-0.1380181,51.5086523],[-0.1357568,51.5093982],[-0.1352191,51.5095744],[-0.1347361,51.5097354],[-0.1344992,51.509827],[-0.1343102,51.5099089],[-0.1340881,51.5099849],[-0.1338471,51.5100524],[-0.1334031,51.510155],[-0.1329239,51.5102393],[-0.1325881,51.5102698],[-0.1322362,51.510308],[-0.1319643,51.5103486],[-0.130698,51.5106543],[-0.1299794,51.5108366],[-0.1286375,51.5112516],[-0.1280878,51.5114479],[-0.1278214,51.5115419],[-0.1276346,51.5116078],[-0.1275137,51.5116505],[-0.1272396,51.5117472],[-0.1271328,51.5117791],[-0.12607,51.5121766],[-0.1253211,51.5125229],[-0.1246017,51.5129568],[-0.1244469,51.5130521],[-0.1241253,51.5132473],[-0.1239297,51.5133554],[-0.1232208,51.5137581],[-0.1222491,51.5143455]],[[-0.1222491,51.5143455],[-0.1220789,51.5145159],[-0.12185129074430566,51.51483933599086]],[[-0.1441931,51.494917],[-0.1441406,51.4949027],[-0.1445158,51.4944202],[-0.1452785,51.4936556],[-0.1457828,51.4930133],[-0.145831,51.4930238],[-0.1453259,51.4936667],[-0.1453234,51.4936699],[-0.1445736,51.4944354],[-0.1445714,51.4944376],[-0.1441931,51.494917]],[[-0.1441432,51.4948479],[-0.1444699,51.4944336]],[[-0.1444699,51.4944336],[-0.1453567,51.4935333]],[[-0.1453567,51.4935333],[-0.145582,51.4932218],[-0.1458717,51.4928595]],[[-0.1458717,51.4928595],[-0.1460916,51.4925488],[-0.1462659,51.4923651],[-0.1464497,51.4921672],[-0.1466897,51.491961],[-0.1470472,51.4916852]],[[-0.1470472,51.4916852],[-0.147076,51.4916554],[-0.1472792,51.4914522]],[[-0.1472792,51.4914522],[-0.147304,51.4914274],[-0.1474689,51.4912496],[-0.1476258,51.4910809],[-0.1478207,51.4908618],[-0.1479219,51.4907465],[-0.1480644,51.4905523]],[[-0.1480644,51.4905523],[-0.1481381,51.4904296],[-0.148236,51.4902242],[-0.1482776,51.4901123],[-0.1483393,51.4898951],[-0.148405,51.4896204],[-0.1484318,51.4893916],[-0.1484305,51.4892029]],[[-0.1484305,51.4892029],[-0.1484224,51.488995]],[[-0.1484224,51.488995],[-0.1483751,51.4887353],[-0.1483121,51.4884756],[-0.1482612,51.4883136],[-0.1481659,51.4880873],[-0.1480358,51.4878435],[-0.1478602,51.4875529],[-0.147714,51.4872948],[-0.1476,51.4870785],[-0.1475195,51.4868781],[-0.1474565,51.4866484],[-0.1474109,51.4864054],[-0.1473787,51.4861649],[-0.1473808,51.4858926]],[[-0.1473808,51.4858926],[-0.1473831,51.4856352]],[[-0.1473831,51.4856352],[-0.14739530243788695,51.48461696936499]],[[-0.1452357,51.4946641],[-0.145197,51.4946537],[-0.1451659,51.4946453],[-0.146124,51.4934293],[-0.1468981,51.4924766],[-0.1469425,51.4924181],[-0.1469718,51.4924265],[-0.1460639,51.4935463],[-0.1453988,51.494425],[-0.1452357,51.4946641]],[[-0.1477656,51.4915837],[-0.1470097,51.4924037],[-0.1460441,51.493586],[-0.1455528,51.4942475],[-0.1453774,51.4944765],[-0.1452479,51.4946678]],[[-0.1477656,51.4915837],[-0.1479007,51.4913623],[-0.1479919,51.4911727],[-0.148098,51.490935]],[[-0.1244198,51.5078533],[-0.1233417,51.5072866],[-0.1231639,51.5071989],[-0.1230118,51.5071275],[-0.1228006,51.5070305],[-0.1224997,51.5068968],[-0.1223745,51.506846],[-0.1222774,51.506806],[-0.1221829,51.5067688],[-0.1220717,51.5067275],[-0.1219704,51.5066949],[-0.1218617,51.5066602],[-0.1218507,51.5066735],[-0.1220082,51.506725],[-0.1222272,51.5068067],[-0.1224054,51.50688],[-0.1226146,51.5069769],[-0.1229774,51.5071523],[-0.1233034,51.5073141],[-0.1243486,51.5078759],[-0.1244198,51.5078533]],[[-0.1813467,51.5183438],[-0.1826325,51.5184647]],[[-0.1853409,51.5186369],[-0.1847957,51.5186051],[-0.184515,51.5185862],[-0.184031,51.518556]],[[-0.1857444,51.5186629],[-0.1868696,51.5187647]],[[-0.1794435,51.5181106],[-0.1797751,51.5182074],[-0.1797946,51.5181923],[-0.1794793,51.5180914],[-0.1791179,51.5179436],[-0.1788268,51.5177863],[-0.1786156,51.5176545],[-0.1784048,51.5174963],[-0.177113,51.5165607],[-0.1770829,51.5165776],[-0.1783451,51.517515],[-0.1785478,51.5176587],[-0.1787887,51.5178142],[-0.1790947,51.5179722],[-0.1794435,51.5181106]],[[-0.177129,51.5166341],[-0.1782725,51.5174866],[-0.1785375,51.5176682]],[[-0.1785375,51.5176682],[-0.1787747,51.5178193],[-0.1790972,51.5179883],[-0.1793533,51.5180935],[-0.1796812,51.5181957],[-0.1797735,51.5182188],[-0.1798522,51.5182384],[-0.1801389,51.5182926],[-0.1805302,51.5183361],[-0.1810393,51.5183855]],[[-0.1815672,51.5184268],[-0.1810393,51.5183855]],[[-0.1825297,51.5184878],[-0.1823739,51.5184779],[-0.1815672,51.5184268]],[[-0.1836128,51.5185275],[-0.1831178,51.5185097],[-0.1825297,51.5184878]],[[-0.1761093,51.5167737],[-0.1760312,51.5168224],[-0.1765707,51.5172059],[-0.1776287,51.5179578],[-0.1778834,51.5180955],[-0.1781589,51.5181812],[-0.1791501,51.5184832],[-0.179417,51.5185474],[-0.1796477,51.5185883],[-0.1798387,51.5186133],[-0.1798377,51.5186002],[-0.1795551,51.5185474],[-0.1793157,51.5184882],[-0.1791796,51.5184498],[-0.1784581,51.5182153],[-0.1779804,51.51804],[-0.1777534,51.5179356],[-0.1776834,51.5178905],[-0.1761093,51.5167737]],[[-0.1810431,51.5186142],[-0.1804516,51.5186179],[-0.1802183,51.5186146],[-0.1800098,51.5186067],[-0.1797898,51.5185778],[-0.1795576,51.5185366],[-0.1791937,51.5184418],[-0.178851,51.5183346],[-0.1784688,51.5182061],[-0.1780601,51.5180587],[-0.1779291,51.5180088]],[[-0.1779291,51.5180088],[-0.1778261,51.5179545],[-0.1761907,51.5167924]],[[-0.1835517,51.5187126],[-0.182521,51.518678],[-0.1819952,51.5186538]],[[-0.1843581,51.5187425],[-0.1841313,51.5187341],[-0.1835886,51.5187133],[-0.1835517,51.5187126]],[[-0.1851636,51.5187685],[-0.185038,51.5187646],[-0.1846066,51.5187491],[-0.1843581,51.5187425]],[[-0.1866555,51.5188245],[-0.185944,51.5187963],[-0.1855221,51.5187825],[-0.1851636,51.5187685]],[[-0.1461235,51.492215],[-0.146142,51.4922225],[-0.1458603,51.4925139],[-0.1456713,51.4927068],[-0.1455398,51.4928445],[-0.1453548,51.4930291],[-0.1452046,51.4931744],[-0.145045,51.4933046],[-0.1449722,51.4933675],[-0.1447006,51.493569],[-0.1444991,51.493733],[-0.1442658,51.4939183],[-0.1439667,51.4941655],[-0.143868,51.4942542],[-0.1436838,51.4944422],[-0.1435041,51.4946646],[-0.1432519,51.4950172],[-0.1432225,51.4950117],[-0.1431741,51.4950026],[-0.1436569,51.4943342],[-0.1437052,51.4943511],[-0.1438152,51.4942389],[-0.1439386,51.4941304],[-0.1442819,51.4938473],[-0.1445394,51.4936511],[-0.1446742,51.4935565],[-0.1449405,51.4933527],[-0.1450262,51.4932812],[-0.1453132,51.4930316],[-0.1455868,51.4927661],[-0.1458487,51.4924932],[-0.1461235,51.492215]],[[-0.1471747457121474,51.48462126943802],[-0.1471643,51.4856337]],[[-0.1471643,51.4856337],[-0.1471601,51.4858928]],[[-0.1471601,51.4858928],[-0.1471627,51.4860008],[-0.1471641,51.4862117],[-0.1471829,51.4864004],[-0.147214,51.4865536],[-0.1472406,51.4866844],[-0.1472915,51.4868681],[-0.147368,51.4870827],[-0.1474297,51.4871938],[-0.1474914,51.4873115],[-0.1475772,51.4874585],[-0.1477891,51.4878042],[-0.1479353,51.4880681],[-0.1480211,51.4882468],[-0.1480935,51.4884305],[-0.1481512,51.4886117],[-0.1481928,51.4888055],[-0.1482236,51.489005],[-0.1482343,51.489233],[-0.148228,51.4894142],[-0.148214,51.4895394],[-0.1482052,51.4896179],[-0.1481609,51.4897958],[-0.1480389,51.4901599],[-0.147949,51.4903419],[-0.1478793,51.4904732],[-0.1478511,51.4905264],[-0.1477447,51.490673],[-0.1477117,51.4907185],[-0.1475534,51.4909264],[-0.1474327,51.4910567],[-0.1473257,51.4911639],[-0.1470813,51.491379],[-0.1469372,51.4915023],[-0.1465744,51.4918249]],[[-0.1465744,51.4918249],[-0.1465234,51.4918708],[-0.1463142,51.4920779],[-0.1461402,51.4922493]],[[-0.1461402,51.4922493],[-0.1460782,51.4923151],[-0.1459776,51.4924211],[-0.1458247,51.4925705],[-0.1455088,51.4929048],[-0.1454939,51.4929205],[-0.1452712,51.4931311],[-0.1450322,51.4933363],[-0.1447212,51.4935793],[-0.1443377,51.493884],[-0.1440255,51.4941357],[-0.1438829,51.4942589]],[[-0.1438829,51.4942589],[-0.1437149,51.4944481],[-0.143547,51.4946598],[-0.1433106,51.4949888]],[[-0.146538,51.491805],[-0.1467045,51.4916554],[-0.1468989,51.4914876]],[[-0.1468989,51.4914876],[-0.1471587,51.4912611],[-0.1471967,51.4912279],[-0.14743,51.4909991],[-0.1476285,51.4907569],[-0.1477921,51.4905164],[-0.1478244,51.4904604],[-0.1479115,51.4903093],[-0.1480094,51.4901081],[-0.1481261,51.4897499],[-0.148149,51.4896688],[-0.1481767,51.4892873],[-0.1481807,51.4891537],[-0.1481648,51.4889826],[-0.1481619,51.4889516],[-0.148115,51.4886518],[-0.1480466,51.488418],[-0.1479581,51.4882184],[-0.1478307,51.4879687],[-0.1476147,51.4876147],[-0.1474417,51.4873207],[-0.1473331,51.487127],[-0.1472486,51.486909],[-0.1471842,51.4867019],[-0.1471212,51.4863912],[-0.1470984,51.4860756],[-0.1470982,51.4858929]],[[-0.1470982,51.4858929],[-0.1471049,51.4856334]],[[-0.1471049,51.4856334],[-0.14711314757360838,51.48462247038301]],[[-0.1465744,51.4918249],[-0.1467433,51.4916493],[-0.1468989,51.4914876]],[[-0.1796341,51.518274],[-0.1796476,51.5182645],[-0.1793204,51.518166],[-0.1790227,51.5180512],[-0.1786894,51.5178927],[-0.1784213,51.5177321],[-0.1781591,51.5175443],[-0.1769516,51.5166502],[-0.1769166,51.5166697],[-0.178106,51.5175711],[-0.178184,51.5176316],[-0.178371,51.5177675],[-0.1786606,51.5179265],[-0.1789418,51.5180577],[-0.1793037,51.5181844],[-0.1796341,51.518274]],[[-0.188012,51.5188814],[-0.188627,51.5189067],[-0.1893075,51.5189447]],[[-0.187167,51.5188238],[-0.1874877,51.518843],[-0.187856,51.51887],[-0.1879403,51.5188761],[-0.188012,51.5188814]],[[-0.184503,51.5186569],[-0.1846571,51.5186635],[-0.1852039,51.5186971],[-0.1856185,51.5187274],[-0.1859287,51.5187454],[-0.1861384,51.5187591],[-0.1864226,51.5187768],[-0.186778,51.5187988],[-0.187095,51.5188192],[-0.1871091,51.5188201],[-0.187167,51.5188238]],[[-0.182682,51.5185709],[-0.1828022,51.5185783],[-0.1832446,51.5186043],[-0.1834316,51.518613],[-0.184503,51.5186569]],[[-0.1815779,51.5184985],[-0.1821508,51.5185354],[-0.182682,51.5185709]],[[-0.178352,51.5177727],[-0.1786386,51.5179349],[-0.1789289,51.5180672],[-0.1792943,51.5181965],[-0.1795519,51.5182659],[-0.179814,51.5183271],[-0.1800536,51.5183716],[-0.180263,51.5183995],[-0.180358,51.51841],[-0.180527,51.5184274],[-0.1807557,51.5184484],[-0.181174,51.5184728],[-0.1815779,51.5184985]],[[-0.1769447,51.5167317],[-0.178352,51.5177727]],[[-0.1443996,51.4949624],[-0.1443583,51.4949512],[-0.1445246,51.4947154],[-0.1447653,51.494451],[-0.1454382,51.493713],[-0.1459661,51.4930604],[-0.1460029,51.4930713],[-0.1454721,51.4937268],[-0.1445959,51.4947074],[-0.1443996,51.4949624]],[[-0.1474767881163031,51.48461538068359],[-0.1474476,51.4856349]],[[-0.1474476,51.4856349],[-0.1474467,51.4858925]],[[-0.1474467,51.4858925],[-0.1474519,51.4861063]],[[-0.1474519,51.4861063],[-0.147486,51.4864372],[-0.1475691,51.4867787],[-0.1476429,51.4870084],[-0.147714,51.4871528],[-0.1478065,51.4873533],[-0.1479902,51.4876865],[-0.1480949,51.4878727],[-0.1481954,51.4880614],[-0.1483269,51.4883495],[-0.1483993,51.4885883],[-0.1484462,51.4888172],[-0.1484701,51.4889934]],[[-0.1484701,51.4889934],[-0.1484757,51.4890351],[-0.1484838,51.4892389],[-0.1484668,51.4894624],[-0.1484405,51.4896413]],[[-0.1484405,51.4896413],[-0.1484223,51.4897651],[-0.1482978,51.4901825]],[[-0.1480574,51.4906689],[-0.1482978,51.4901825]],[[-0.1478436,51.4909175],[-0.1479782,51.4907628],[-0.1480574,51.4906689]],[[-0.1477872,51.4909801],[-0.1478436,51.4909175]],[[-0.1476432,51.4911261],[-0.1477872,51.4909801]],[[-0.1470785,51.4917102],[-0.1471645,51.4916245],[-0.1474086,51.4913732],[-0.147544,51.491232],[-0.1476432,51.4911261]],[[-0.1467335,51.4920615],[-0.1470009,51.4917965],[-0.1470785,51.4917102]],[[-0.1443583,51.4948947],[-0.1445121,51.4946817],[-0.145526,51.4935873],[-0.1465299,51.4923046],[-0.1467335,51.4920615]],[[-0.1478436,51.4909175],[-0.1479473,51.4907545],[-0.1480644,51.4905523]],[[-0.1248815,51.4917876],[-0.1248749,51.4917977],[-0.1248313,51.4918393],[-0.124764,51.4919805],[-0.1247178,51.4919779],[-0.1247027,51.4919038],[-0.1246495,51.4918807],[-0.1246974,51.4917769],[-0.1247701,51.4916193],[-0.1248999,51.4916456],[-0.1248927,51.4917302],[-0.1254604,51.4913539],[-0.1255114,51.4913322],[-0.1255805,51.4913526],[-0.1255675,51.4913671],[-0.1255574,51.491383],[-0.1255194,51.4913673],[-0.1248815,51.4917876]],[[-0.1246974,51.4917769],[-0.124651,51.4917886],[-0.1238352,51.4926158],[-0.1224475,51.5005917],[-0.1231427,51.5017374]],[[-0.14248328858620388,51.48419265348345],[-0.1420438,51.4842536],[-0.1404022,51.4840365],[-0.1389109,51.483953],[-0.13691,51.4840098],[-0.13503645837074285,51.484278077492874]],[[-0.13464708843216502,51.48434134514963],[-0.1327762,51.4847625],[-0.1307124538611573,51.48546967889882]],[[-0.13048850803629392,51.48555244581423],[-0.1298652,51.4858028],[-0.1292845,51.4860709],[-0.1291869118334355,51.48608265319617]],[[-0.1257621773190178,51.489090367693585],[-0.1246714,51.4917467],[-0.1246974,51.4917769]],[[-0.13003999148521622,51.51496128747974],[-0.1300717,51.5149634],[-0.1305255,51.5149826],[-0.1308965,51.5149884],[-0.1327841,51.5150177]],[[-0.1327841,51.5150177],[-0.1330136,51.515016],[-0.1339519,51.5150094],[-0.1340511,51.5150087],[-0.134211,51.5150076],[-0.1346749,51.5149864],[-0.1351315,51.5149655],[-0.1360267,51.5148807]],[[-0.1360267,51.5148807],[-0.1365411,51.5147926],[-0.1371079,51.5146774],[-0.1383709,51.5143219],[-0.1388779,51.5141869],[-0.1394921,51.5140612],[-0.1403102,51.5139447]],[[-0.1403102,51.5139447],[-0.1408863,51.5138836],[-0.1414152,51.5138312],[-0.1424465,51.5137392],[-0.1439285,51.5136005]],[[-0.1439285,51.5136005],[-0.1450352,51.5135034],[-0.1486131,51.5131895],[-0.1487809,51.5131789],[-0.1492668,51.5131481],[-0.1497194,51.5130997]],[[-0.1497194,51.5130997],[-0.1507709,51.5129636],[-0.1519735,51.512762]],[[-0.1519735,51.512762],[-0.1532009,51.5125612],[-0.1553145,51.5122284]],[[-0.1553145,51.5122284],[-0.1567274,51.5120078],[-0.1584529,51.5117384],[-0.1594881,51.5115823],[-0.1619958,51.5111547],[-0.1630929,51.5110221],[-0.1642864,51.510958],[-0.1652306,51.5109749],[-0.1662383,51.5110241],[-0.1668831,51.5110735],[-0.1676821,51.5111694],[-0.1685673,51.5113169],[-0.1692244,51.5114607],[-0.1702946,51.5117627]],[[-0.1702946,51.5117627],[-0.1711107,51.5120288],[-0.1720847,51.5124207],[-0.1726885,51.5127242],[-0.1727763,51.5127683],[-0.1736999,51.5132858],[-0.1740113,51.5134816],[-0.1744544,51.5138191]],[[-0.1744544,51.5138191],[-0.1754458,51.5144932],[-0.1763274,51.5151051],[-0.1766828,51.5153515]],[[-0.1766828,51.5153515],[-0.1768297,51.5154521],[-0.1772098,51.5157124],[-0.1788127,51.51681]],[[-0.1771694,51.515862],[-0.1770623,51.5157863],[-0.1766931,51.5155254],[-0.1762283,51.515197],[-0.1738943,51.5135938]],[[-0.1738943,51.5135938],[-0.1735629,51.5133892],[-0.1726486,51.5128891],[-0.1719485,51.5125469],[-0.1709904,51.5121714],[-0.1701781,51.5119034]],[[-0.1701781,51.5119034],[-0.1691396,51.5115838],[-0.1684878,51.5114432],[-0.1676332,51.511309],[-0.1668038,51.5112107],[-0.1662003,51.511156],[-0.1652233,51.5110913],[-0.1642928,51.5110813],[-0.1631314,51.5111419],[-0.1620478,51.5112893],[-0.1609543,51.5114821],[-0.1595401,51.5117384],[-0.1585556,51.5119552],[-0.1554791,51.51255]],[[-0.1554791,51.51255],[-0.1534057,51.5129513],[-0.1528546,51.5130482],[-0.1522065,51.513162],[-0.1521209,51.5131771]],[[-0.1521209,51.5131771],[-0.1509496,51.5133539],[-0.1498578,51.5134983]],[[-0.1498578,51.5134983],[-0.148932,51.5136211],[-0.148902,51.5136251],[-0.1460497,51.5138845],[-0.1451445,51.5139683]],[[-0.1451445,51.5139683],[-0.1446761,51.514003],[-0.1443104,51.5140301],[-0.1441668,51.5140369],[-0.1439408,51.5140475],[-0.143533,51.5140667],[-0.1428013,51.5140772]],[[-0.1428013,51.5140772],[-0.1421325,51.5140721],[-0.1415074,51.5140674],[-0.1408368,51.5140898],[-0.1403333,51.5141198]],[[-0.1403333,51.5141198],[-0.1395387,51.514226],[-0.1389593,51.5143347],[-0.1384397,51.5144748],[-0.1373581,51.5148296],[-0.1362798,51.5151369]],[[-0.1362798,51.5151369],[-0.1354517,51.5153182],[-0.1347748,51.5154389],[-0.1343594,51.5155129],[-0.1341376,51.5155386],[-0.1334483,51.5156183],[-0.1325415,51.5156749]],[[-0.1325415,51.5156749],[-0.1317388,51.515711],[-0.1311403,51.5157211],[-0.1309503,51.5157243],[-0.13032640414739122,51.5157000209707]],[[-0.20106562015228013,51.52135934182368],[-0.2010117,51.5213473],[-0.2007899,51.5213023],[-0.2002779,51.521212],[-0.1996598,51.5211163],[-0.1992438,51.5210549],[-0.1987919,51.5209688],[-0.1986152,51.5209267],[-0.1979196,51.5207685],[-0.1973811,51.520645],[-0.1972283,51.52061],[-0.1960098,51.5203348],[-0.1945809,51.5200057],[-0.1942201,51.5199235],[-0.1938749,51.5198559],[-0.193401,51.5197764],[-0.1931754,51.5197433],[-0.192931,51.519713]],[[-0.192931,51.519713],[-0.1923488,51.519653]],[[-0.1923488,51.519653],[-0.1922012,51.5196386],[-0.1912581,51.5195506]],[[-0.1912581,51.5195506],[-0.1907575,51.5195057],[-0.1904541,51.519483],[-0.1901318,51.5194602]],[[-0.1901318,51.5194602],[-0.1869827,51.5192128],[-0.1861292,51.5191716],[-0.1850451,51.5191604],[-0.1842458,51.5191347],[-0.1835817,51.5190467]],[[-0.1835817,51.5190467],[-0.1829721,51.5189367],[-0.1823956,51.518816],[-0.1816367,51.518636]],[[-0.1816367,51.518636],[-0.1811281,51.5184639],[-0.1806724,51.5182483],[-0.1803738,51.5180659],[-0.1803216,51.518034],[-0.1798605,51.5177216]],[[-0.1798605,51.5177216],[-0.1794403,51.517437],[-0.1792041,51.5172769],[-0.1787451,51.5169577],[-0.1771694,51.515862]],[[-0.1788127,51.51681],[-0.1788861,51.5168588],[-0.1796101,51.5173394],[-0.1800269,51.5176161]],[[-0.1800269,51.5176161],[-0.1804608,51.5179187],[-0.1808299,51.5181702],[-0.1812393,51.5183642],[-0.1817077,51.5185312]],[[-0.1817077,51.5185312],[-0.1823163,51.5186885],[-0.1830056,51.5188555],[-0.1835796,51.5189555]],[[-0.1835796,51.5189555],[-0.1843003,51.5190316],[-0.1850612,51.5190546],[-0.1861078,51.5190708],[-0.1870045,51.5191189],[-0.1901427,51.5194107]],[[-0.1901427,51.5194107],[-0.190431,51.519438],[-0.1912869,51.5195231],[-0.1922121,51.5196074],[-0.1923577,51.5196226]],[[-0.1923577,51.5196226],[-0.1930693,51.519689],[-0.194081,51.5197839],[-0.1942276,51.5197995],[-0.1943667,51.519817],[-0.1945178,51.5198341],[-0.1947322,51.5198625],[-0.1948674,51.519884],[-0.1952874,51.5199552],[-0.1954993,51.5199987],[-0.1957194,51.5200454],[-0.1963084,51.5201713],[-0.1967386,51.5202632],[-0.1980419,51.5205445],[-0.1986498,51.5206887],[-0.1992519,51.5208339],[-0.2001238,51.521057]],[[-0.2001238,51.521057],[-0.2010172523608346,51.52129412860679]],[[-0.1636458,51.5241269],[-0.1637205,51.5241132],[-0.1640919,51.5249405],[-0.1643699,51.525505],[-0.1644859,51.5256994],[-0.1645971,51.5258525],[-0.1646944,51.5259794],[-0.1646689,51.525986],[-0.1645616,51.5258642],[-0.1644477,51.5257094],[-0.1643309,51.5255371],[-0.1642492,51.5254025],[-0.1641761,51.5252582],[-0.1640425,51.5249453],[-0.1636458,51.5241269]],[[-0.1636633,51.5242207],[-0.1641739,51.5253065],[-0.1642689,51.5254811],[-0.1643383,51.5255947],[-0.1644385,51.5257372],[-0.164629,51.5259781]],[[-0.164629,51.5259781],[-0.1647371,51.5260976],[-0.1649306,51.5263095],[-0.1650723,51.5264451],[-0.1652416,51.526596],[-0.1654731,51.5267783],[-0.1655794,51.526869],[-0.1657586,51.5270247],[-0.1660336,51.5272913]],[[-0.1669376,51.528083],[-0.1658453,51.5271962]],[[-0.1658453,51.5271962],[-0.1657113,51.5270808],[-0.1653088,51.5267498]],[[-0.1649705,51.526474],[-0.1646355,51.5261099],[-0.1645005,51.5259524],[-0.1643121,51.5257432],[-0.1641417,51.5255534],[-0.1639815,51.5253567]],[[-0.1639815,51.5253567],[-0.1637596,51.5250181],[-0.1634293,51.5243287],[-0.1633525,51.524161]],[[-0.1633525,51.524161],[-0.1629615,51.5232617]],[[-0.145831,51.4930238],[-0.1458762,51.4930337],[-0.1453648,51.4936806],[-0.1446166,51.4944852],[-0.1444609,51.4946471],[-0.1442503,51.4949325],[-0.1441931,51.494917],[-0.1445736,51.4944354],[-0.1453259,51.4936667],[-0.145831,51.4930238]],[[-0.1470785,51.4917102],[-0.1466991,51.4920473]],[[-0.1443176,51.4948815],[-0.1444681,51.4946746],[-0.1454883,51.4935777],[-0.1464923,51.4922972],[-0.1466991,51.4920473]],[[-0.1466991,51.4920473],[-0.1469016,51.4918357],[-0.1470472,51.4916852]],[[-0.1472792,51.4914522],[-0.1474635,51.4912896],[-0.1476432,51.4911261]]]}},{"type":"Feature","properties":{"kind":"routes","class":"other","routeCount":281},"geometry":{"type":"MultiLineString","coordinates":[[[-0.1285534,51.4882814],[-0.1285169,51.4882682],[-0.1271417486058216,51.487652024765126]],[[-0.1287285,51.4883563],[-0.1285534,51.4882814]],[[-0.1287285,51.4883563],[-0.1289189,51.4883668],[-0.1292079,51.4884641],[-0.1292717,51.4884872],[-0.1293388,51.4885112]],[[-0.1293388,51.4885112],[-0.1294984,51.4885696]],[[-0.1294984,51.4885696],[-0.1296445,51.4886321]],[[-0.1296445,51.4886321],[-0.1298176,51.4887111],[-0.1298614,51.4887333],[-0.1302884,51.4889282]],[[-0.1302884,51.4889282],[-0.1305961,51.4890912],[-0.1306507,51.4891183],[-0.1307031,51.4891504],[-0.1308119,51.4892132]],[[-0.1308119,51.4892132],[-0.1309121,51.4892641]],[[-0.1309121,51.4892641],[-0.1310169,51.4893149]],[[-0.1310169,51.4893149],[-0.1312543,51.4894354]],[[-0.1312543,51.4894354],[-0.1313078,51.4894731],[-0.1313681,51.4895018],[-0.131603,51.489604]],[[-0.131603,51.489604],[-0.1316518,51.4896246]],[[-0.1316518,51.4896246],[-0.1317313,51.4896607],[-0.132004,51.4897948]],[[-0.132004,51.4897948],[-0.1321347,51.4898613],[-0.1325396,51.4900366]],[[-0.1325396,51.4900366],[-0.1325944,51.4900636],[-0.1326342,51.4900832]],[[-0.1326342,51.4900832],[-0.1326501,51.4901665]],[[-0.1327693,51.490222],[-0.1326501,51.4901665]],[[-0.1335077,51.4905831],[-0.1330352,51.4903528],[-0.132867,51.49027],[-0.132808,51.490241],[-0.1327693,51.490222]],[[-0.1341239,51.4908868],[-0.1335077,51.4905831]],[[-0.1343481,51.4909962],[-0.1342934,51.4909697],[-0.1342098,51.4909293],[-0.1341239,51.4908868]],[[-0.134664,51.4911488],[-0.1343967,51.4910197],[-0.1343481,51.4909962]],[[-0.1359508,51.4917803],[-0.1356151,51.4916086],[-0.134965,51.4912943],[-0.134946,51.4912851],[-0.134664,51.4911488]],[[-0.1362179,51.4919033],[-0.1359508,51.4917803]],[[-0.1362179,51.4919033],[-0.1363055,51.4919072],[-0.1363517,51.4919316],[-0.1365028,51.4920028],[-0.1366302,51.4920629],[-0.1366966,51.4920953],[-0.1367269,51.4921483]],[[-0.1375045,51.4925049],[-0.1373536,51.4924294],[-0.1370285,51.4922853],[-0.1367269,51.4921483]],[[-0.1377571,51.4926327],[-0.1375045,51.4925049]],[[-0.1378663,51.4926854],[-0.1378128,51.4926609],[-0.1377571,51.4926327]],[[-0.13807,51.4927786],[-0.1378663,51.4926854]],[[-0.1383109,51.4928952],[-0.1382814,51.4928809],[-0.13807,51.4927786]],[[-0.1383698,51.4929237],[-0.1383109,51.4928952]],[[-0.138795,51.4931295],[-0.1383698,51.4929237]],[[-0.1399832,51.493701],[-0.1395782,51.4935066],[-0.1391057,51.4932799],[-0.138795,51.4931295]],[[-0.1412407,51.4945576],[-0.1411042,51.4944189],[-0.1408804,51.4942067],[-0.1407058,51.4940735],[-0.1405545,51.4939743],[-0.1403383,51.4938615],[-0.1401803,51.4937901],[-0.1401679,51.4937845],[-0.1401314,51.493768],[-0.1400734,51.4937418],[-0.1399832,51.493701]],[[-0.1412407,51.4945576],[-0.141386,51.4946039],[-0.1414596,51.4946314],[-0.1415214,51.4946433],[-0.1415769,51.494652],[-0.1416419,51.4946571],[-0.1417631,51.4946577]],[[-0.1417631,51.4946577],[-0.1420014,51.4945971],[-0.1420525,51.4945832]],[[-0.1420525,51.4945832],[-0.1421351,51.4945574]],[[-0.1421351,51.4945574],[-0.1422331,51.4945929],[-0.1422552,51.4945976],[-0.1423065,51.4946064],[-0.1423615,51.4946201],[-0.1424291,51.4946431]],[[-0.1424291,51.4946431],[-0.1426615,51.495011]],[[-0.1426615,51.495011],[-0.1427633,51.4951876]],[[-0.1427633,51.4951876],[-0.14315,51.4958585]],[[-0.14315,51.4958585],[-0.1432129,51.4959611],[-0.1432362,51.4959991],[-0.1432459,51.4960196],[-0.1432535,51.4960426]],[[-0.1432535,51.4960426],[-0.1432353,51.4960791],[-0.1431605,51.4961387]],[[-0.1431605,51.4961387],[-0.1430113,51.4962717]],[[-0.1430113,51.4962717],[-0.1429297,51.4963761],[-0.1429106,51.4964505],[-0.1429106,51.4964982],[-0.1429256,51.4965923]],[[-0.1429256,51.4965923],[-0.1434915,51.4966451]],[[-0.1434915,51.4966451],[-0.1442021,51.496701]],[[-0.1291225,51.5132543],[-0.1291954,51.51338],[-0.1292098,51.5134037],[-0.1292316,51.5134478],[-0.12925178001353235,51.513481815553114]],[[-0.1290083,51.5130647],[-0.1290471,51.5131332],[-0.1291225,51.5132543]],[[-0.1289013,51.5128884],[-0.1289825,51.5130236],[-0.1290083,51.5130647]],[[-0.1288433,51.5127893],[-0.1288755,51.5128453],[-0.1289013,51.5128884]],[[-0.1283797,51.5118562],[-0.1283876,51.5119262],[-0.1283911,51.5119474],[-0.1284106,51.5120153],[-0.1284426,51.5121134],[-0.1284703,51.5121729],[-0.1284968,51.5122205],[-0.1286666,51.5124896],[-0.1287492,51.5126285],[-0.128774,51.5126702],[-0.1287897,51.5126972],[-0.1288433,51.5127893]],[[-0.1283895,51.511322],[-0.128386,51.5114268],[-0.1283819,51.5114884],[-0.1283812,51.5115011],[-0.1283762,51.511599],[-0.1283715,51.5116901],[-0.1283705,51.5117331],[-0.1283797,51.5118562]],[[-0.1283895,51.511322],[-0.1283927,51.5112341],[-0.1283941,51.5111935],[-0.1283961,51.5111379],[-0.1284044,51.5109927],[-0.1284058,51.5109673],[-0.1284126,51.5108875],[-0.1284035,51.5107126]],[[-0.1284035,51.5107126],[-0.1283973,51.5105651],[-0.1283889,51.5105256],[-0.1283608,51.5104051],[-0.1283364,51.5103179],[-0.1283137,51.5102568]],[[-0.1283137,51.5102568],[-0.1282579,51.5101646],[-0.1281611,51.5100047],[-0.12805,51.5098763],[-0.1280424,51.5098659]],[[-0.1280424,51.5098659],[-0.1278722,51.5097301],[-0.1277731,51.5096702],[-0.1276068,51.5095826],[-0.1275224,51.5095381],[-0.1274865,51.5095192],[-0.1274408,51.5094926]],[[-0.1274408,51.5094926],[-0.1274035,51.5094654],[-0.1273697,51.5094394]],[[-0.1273697,51.5094394],[-0.1273204,51.5093668],[-0.1272996,51.5093119],[-0.1272857,51.5092714],[-0.1272755,51.509233],[-0.1272718,51.5092153],[-0.1272546,51.5091166],[-0.1272385,51.5090389],[-0.1272244,51.508931],[-0.1272244,51.5088496]],[[-0.1272244,51.5088496],[-0.1271912,51.5087477],[-0.1271897,51.5087014],[-0.1271842,51.508651],[-0.1271796,51.5085736]],[[-0.1271796,51.5085736],[-0.1270214,51.5085703],[-0.1269206,51.5085713],[-0.1267589,51.5085899],[-0.1263032,51.5085928],[-0.1262276,51.5085981]],[[-0.1262276,51.5085981],[-0.1260618,51.5086094],[-0.1259487,51.5086118],[-0.1256001,51.5086138],[-0.1255508,51.5086193],[-0.1254902,51.5086259]],[[-0.1254902,51.5086259],[-0.1254481,51.5086493],[-0.1253909,51.508679],[-0.1253286,51.5087114],[-0.125137,51.5088126],[-0.1250955,51.5088355],[-0.1246758,51.5090425]],[[-0.1246758,51.5090425],[-0.1241382,51.5093166],[-0.124087,51.5093419],[-0.1239508,51.5094059],[-0.1233705,51.5096933],[-0.1230959,51.5098144],[-0.1229866,51.5098632],[-0.1226653,51.510013],[-0.1221404,51.5102319],[-0.1219193,51.5103189],[-0.1217815,51.5103773],[-0.1215798,51.5104584],[-0.1215012,51.5104881],[-0.1211895,51.5106078],[-0.1210919,51.5106453],[-0.1205906,51.5108331],[-0.1201147,51.5110098]],[[-0.1201147,51.5110098],[-0.1197861,51.5111337],[-0.1197337,51.5111529]],[[-0.1197337,51.5111529],[-0.1195975,51.511205],[-0.1195276,51.5112312],[-0.1194569,51.5112578],[-0.1194149,51.5112742],[-0.1192477,51.5112718]],[[-0.1192477,51.5112718],[-0.1191812,51.5113053]],[[-0.1191812,51.5113053],[-0.1191355,51.5113324]],[[-0.1191355,51.5113324],[-0.1190664,51.5112612],[-0.119045,51.5112323],[-0.1190087,51.5111837],[-0.119007,51.5111814]],[[-0.119007,51.5111814],[-0.1188962,51.5110339]],[[-0.1188962,51.5110339],[-0.1186804,51.5107528],[-0.1185343,51.5105762],[-0.1184488,51.5104724]],[[-0.1184488,51.5104724],[-0.1184282,51.5104401],[-0.1183022,51.5102817]],[[-0.1183022,51.5102817],[-0.1172136,51.5090422]],[[-0.1172136,51.5090422],[-0.11692368443903707,51.50871208559783]],[[-0.1312543,51.4894354],[-0.1313919,51.4894489],[-0.1314496,51.4894535]],[[-0.1314496,51.4894535],[-0.1314859,51.4894523],[-0.1315253,51.4894459],[-0.1315907,51.4894314],[-0.1316355,51.4894144]],[[-0.1316355,51.4894144],[-0.131681,51.4893928],[-0.1319607,51.4891844],[-0.1320612,51.4891538]],[[-0.1320612,51.4891538],[-0.1321093,51.4891209],[-0.1322022,51.4890453]],[[-0.1322022,51.4890453],[-0.1322963,51.4889911]],[[-0.1322963,51.4889911],[-0.1323824,51.4889537],[-0.1324185,51.4889421],[-0.1324784,51.4889326]],[[-0.1324784,51.4889326],[-0.1325663,51.4889308],[-0.1326245,51.4889339],[-0.132695,51.4889377],[-0.1327715,51.488942],[-0.1328379,51.4889491],[-0.1329062,51.4889571],[-0.1330778,51.4889796],[-0.1332518,51.4890024],[-0.1332735,51.4890052]],[[-0.1332735,51.4890052],[-0.133406,51.489021],[-0.1334966,51.4890284],[-0.1336198,51.4890219],[-0.1337069,51.4890125],[-0.1337918,51.489001],[-0.1338506,51.4889876],[-0.1339075,51.4889729],[-0.1341077,51.4889227],[-0.1342309,51.4888994]],[[-0.1342309,51.4888994],[-0.1345321,51.488841],[-0.1346004,51.4888278],[-0.1346519,51.4888166],[-0.1349316,51.4887636]],[[-0.1382179,51.4881628],[-0.1381174,51.4881801],[-0.1377721,51.4882429],[-0.13732,51.4883236],[-0.1357515,51.4886151],[-0.1352068,51.4887136],[-0.1351522,51.4887234],[-0.1351097,51.4887311],[-0.1349316,51.4887636]],[[-0.1384473,51.488125],[-0.1382695,51.488154],[-0.1382179,51.4881628]],[[-0.1386855,51.4880939],[-0.1386207,51.4881024],[-0.1384473,51.488125]],[[-0.1409911,51.4878057],[-0.1404486,51.4878704],[-0.140088,51.4879199],[-0.1397225,51.4879595],[-0.1394685,51.4879921],[-0.1392945,51.4880145],[-0.1387488,51.4880852],[-0.1386855,51.4880939]],[[-0.1415294,51.4877392],[-0.1414353,51.487751],[-0.1412926,51.4877682],[-0.1409911,51.4878057]],[[-0.1424681,51.4876151],[-0.1421649,51.487655],[-0.1418548,51.4876958],[-0.1415294,51.4877392]],[[-0.1434186,51.4875012],[-0.1428082,51.4875719],[-0.1424681,51.4876151]],[[-0.1452421,51.4868712],[-0.1451714,51.4870338],[-0.1451231,51.4872067],[-0.1450874,51.4872628],[-0.1450059,51.4872982],[-0.1448781,51.4873142],[-0.1447194,51.4873341],[-0.1444646,51.487366],[-0.144319,51.4873883],[-0.1435084,51.4874896],[-0.1434186,51.4875012]],[[-0.1454441,51.4863051],[-0.1453807,51.4864551],[-0.145308,51.4866877],[-0.1452421,51.4868712]],[[-0.1455358,51.4860851],[-0.1455066,51.4861651],[-0.1454951,51.4861844],[-0.1454441,51.4863051]],[[-0.1455635,51.486009],[-0.1455358,51.4860851]],[[-0.1456019,51.4858675],[-0.1455795,51.4859527],[-0.1455635,51.486009]],[[-0.1456069,51.4858267],[-0.1456019,51.4858675]],[[-0.1456174,51.4857098],[-0.1456095,51.4857967],[-0.1456069,51.4858267]],[[-0.1457514,51.4857199],[-0.1456174,51.4857098]],[[-0.1458917,51.4857324],[-0.1458695,51.4857305],[-0.145815,51.4857257],[-0.1457514,51.4857199]],[[-0.1461113,51.4857507],[-0.1459728,51.4857388],[-0.1458917,51.4857324]],[[-0.1465983,51.4857784],[-0.1463052,51.4857668],[-0.1461113,51.4857507]],[[-0.146951,51.4857799],[-0.1467004,51.4857788],[-0.1465983,51.4857784]],[[-0.1477377,51.4857657],[-0.146951,51.4857799]],[[-0.149115,51.4857715],[-0.1486856,51.4857678],[-0.1486703,51.4857677],[-0.1486527,51.4857675],[-0.1483439,51.4857643],[-0.1477377,51.4857657]],[[-0.149443,51.485794],[-0.149115,51.4857715]],[[-0.149443,51.485794],[-0.1495422,51.4857694],[-0.1495814,51.4857701]],[[-0.1495814,51.4857701],[-0.1496978,51.4857762],[-0.1497195,51.4857772]],[[-0.1497195,51.4857772],[-0.1497928,51.4857792],[-0.1498226,51.4857802]],[[-0.1498226,51.4857802],[-0.1498683,51.4857805],[-0.1498996,51.4857815]],[[-0.1498996,51.4857815],[-0.1499593,51.4857792]],[[-0.1499593,51.4857792],[-0.150071772534103,51.485769284857355]],[[-0.1503017163706243,51.48612768574454],[-0.1502987,51.4861345]],[[-0.1506771,51.4863959],[-0.1502987,51.4861345]],[[-0.1507034,51.486414],[-0.1506771,51.4863959]],[[-0.1508225,51.4864972],[-0.1507624,51.4864547],[-0.1507091,51.4864179],[-0.1507034,51.486414]],[[-0.1509413,51.4865783],[-0.1508225,51.4864972]],[[-0.1514714,51.4869058],[-0.1509413,51.4865783]],[[-0.1517446,51.4870767],[-0.1515761,51.4869699],[-0.1514714,51.4869058]],[[-0.1519448,51.4871975],[-0.1518947,51.4871685],[-0.1518515,51.4871439],[-0.1517446,51.4870767]],[[-0.1519874,51.487227],[-0.1519448,51.4871975]],[[-0.152054,51.4872775],[-0.1519874,51.487227]],[[-0.1536854,51.488268],[-0.153563386797938,51.48818785755195]],[[-0.1528443611555826,51.48774087600723],[-0.1524215,51.4874896],[-0.152054,51.4872775]],[[-0.1538954,51.4884059],[-0.1536854,51.488268]],[[-0.1540612,51.4885137],[-0.1538954,51.4884059]],[[-0.1540992,51.4885383],[-0.1540819,51.4885272],[-0.1540612,51.4885137]],[[-0.1550014,51.4890955],[-0.1542585,51.4886413],[-0.1541758,51.4885877],[-0.1540992,51.4885383]],[[-0.1552077,51.4892217],[-0.1550837,51.4891452],[-0.1550014,51.4890955]],[[-0.1556182,51.4894723],[-0.1552077,51.4892217]],[[-0.1556656,51.4895025],[-0.1556182,51.4894723]],[[-0.1558384,51.4896125],[-0.1557319,51.4895447],[-0.1557026,51.489526],[-0.1556656,51.4895025]],[[-0.15584911508671231,51.48961931785397],[-0.1558384,51.4896125]],[[-0.17404583863588136,51.4981869119716],[-0.1741348,51.498641],[-0.1742332,51.4991104],[-0.1742664,51.4992857],[-0.1743629,51.4997905],[-0.1743976,51.4999994],[-0.174448,51.500067]],[[-0.174448,51.500067],[-0.1744636,51.500263],[-0.174485,51.5005317],[-0.1745062,51.5007974],[-0.1745364,51.5011764],[-0.1745676,51.5015666]],[[-0.1745676,51.5015666],[-0.1745691,51.5015941],[-0.1745735,51.5016443],[-0.1745783,51.501744]],[[-0.1760785,51.5016256],[-0.1748742,51.5017186],[-0.1747779,51.5017269],[-0.1745783,51.501744]],[[-0.1767663,51.5015945],[-0.1765766,51.5016032],[-0.1760785,51.5016256]],[[-0.1768489,51.5015912],[-0.1767663,51.5015945]],[[-0.1774427,51.5015815],[-0.1771836,51.5015857],[-0.1771036,51.501587],[-0.1770292,51.5015882],[-0.1768489,51.5015912]],[[-0.1777491,51.5015848],[-0.1774427,51.5015815]],[[-0.1790625,51.5015588],[-0.1786081,51.5015762],[-0.1781394,51.5015914],[-0.1777491,51.5015848]],[[-0.179486,51.5015331],[-0.1790625,51.5015588]],[[-0.1803078,51.5014717],[-0.1800986,51.50149],[-0.1800649,51.5014933],[-0.1800302,51.5014971],[-0.179486,51.5015331]],[[-0.1803078,51.5014717],[-0.1801956,51.5013495],[-0.1799159,51.500063],[-0.1798344,51.4996396]],[[-0.1798344,51.4996396],[-0.179714,51.4996489],[-0.179222,51.4996859],[-0.1789763,51.4997045],[-0.1788197,51.4997164]],[[-0.143854,51.4961941],[-0.1437073,51.4961883],[-0.1434745,51.496178],[-0.1433632,51.4961749],[-0.1433542,51.4961711],[-0.1433407,51.4961654],[-0.1433078,51.4961342]],[[-0.1433078,51.4961342],[-0.1432901,51.4961334],[-0.1431605,51.4961387]],[[-0.1430113,51.4962717],[-0.1428538,51.496293],[-0.1427964,51.4962888],[-0.142751,51.4962806]],[[-0.142751,51.4962806],[-0.1427073,51.4962683],[-0.1426642,51.4962567],[-0.1424983,51.4961571]],[[-0.1424983,51.4961571],[-0.1424226,51.4960353],[-0.1421944,51.4956676],[-0.142129,51.4955623],[-0.1419347,51.4952903],[-0.1418633,51.4951866]],[[-0.1418633,51.4951866],[-0.141679,51.4950622],[-0.141459,51.494835],[-0.1414257,51.4948005]],[[-0.1414257,51.4948005],[-0.1412775,51.4946515],[-0.1412407,51.4945576]],[[-0.1367269,51.4921483],[-0.1366433,51.4921481],[-0.1365697,51.4921161],[-0.1364254,51.4920451],[-0.1362951,51.4919811],[-0.1362488,51.4919579],[-0.1362179,51.4919033]],[[-0.1326501,51.4901665],[-0.1325412,51.4901529],[-0.1324213,51.4900931]],[[-0.1324213,51.4900931],[-0.1322633,51.4900135]],[[-0.1322633,51.4900135],[-0.1322039,51.4899778],[-0.1318278,51.4897943],[-0.1317156,51.4897494],[-0.1316488,51.4897215],[-0.131534,51.4896645]],[[-0.131534,51.4896645],[-0.1310315,51.4894262],[-0.1309818,51.4894019],[-0.1309257,51.4893714]],[[-0.1309257,51.4893714],[-0.1308317,51.4893148]],[[-0.1308317,51.4893148],[-0.1307861,51.4892908],[-0.1307529,51.4892733]],[[-0.1307529,51.4892733],[-0.130621,51.4892088]],[[-0.130621,51.4892088],[-0.1302881,51.4890423]],[[-0.1302881,51.4890423],[-0.1297604,51.4888009],[-0.1297065,51.4887781],[-0.1295365,51.4887061]],[[-0.1295365,51.4887061],[-0.1293939,51.4886498]],[[-0.1293939,51.4886498],[-0.1292164,51.4885941],[-0.129153,51.4885701],[-0.1287971,51.488434],[-0.1287285,51.4883563]],[[-0.1892645360952505,51.51011466513639],[-0.1890753,51.5101249]],[[-0.1890753,51.5101249],[-0.1882844,51.5101786]],[[-0.1882844,51.5101786],[-0.1882607,51.5101802],[-0.1879073,51.5102041],[-0.1878342,51.5102096]],[[-0.1878342,51.5102096],[-0.1877573,51.5102126],[-0.1872852,51.5102469],[-0.1872725,51.5102478]],[[-0.1872725,51.5102478],[-0.187222,51.5102843],[-0.1871823,51.5102882]],[[-0.1871823,51.5102882],[-0.1870324,51.5102956],[-0.186934,51.5103004]],[[-0.186934,51.5103004],[-0.186844,51.5103076]],[[-0.186844,51.5103076],[-0.1867899,51.5102825]],[[-0.1867899,51.5102825],[-0.1865741,51.5103001],[-0.1865204,51.5103052]],[[-0.1865204,51.5103052],[-0.1862107,51.5103348],[-0.1860974,51.5103456]],[[-0.1860974,51.5103456],[-0.1859282,51.5103618]],[[-0.1859282,51.5103618],[-0.1859012,51.5103632],[-0.1857684,51.5103738]],[[-0.1857684,51.5103738],[-0.1856972,51.5103807]],[[-0.1856972,51.5103807],[-0.1856394,51.5103869],[-0.1855991,51.5103905]],[[-0.1855991,51.5103905],[-0.1854492,51.5104033],[-0.1851541,51.5104285],[-0.1848963,51.5104515],[-0.184624,51.5104747],[-0.1844103,51.510487]],[[-0.1844103,51.510487],[-0.1841934,51.5104935],[-0.1840474,51.5104989],[-0.1838812,51.510503]],[[-0.1838812,51.510503],[-0.1836659,51.5105108]],[[-0.1836659,51.5105108],[-0.1834947,51.5105193],[-0.1833348,51.5105313],[-0.183071,51.5105542]],[[-0.183071,51.5105542],[-0.1829071,51.5105688]],[[-0.1829071,51.5105688],[-0.1828515,51.5105736]],[[-0.1828515,51.5105736],[-0.1827916,51.5105787]],[[-0.1827916,51.5105787],[-0.1827041,51.5105878]],[[-0.1827041,51.5105878],[-0.1826197,51.5105959]],[[-0.1826197,51.5105959],[-0.1824522,51.5106167],[-0.1822632,51.5106415],[-0.1820546,51.5106693],[-0.1814274,51.5107609],[-0.1808371,51.510852],[-0.1807827,51.5108608],[-0.1804527,51.5109144],[-0.1803389,51.5109333]],[[-0.1803389,51.5109333],[-0.1802186,51.5109535],[-0.1801937,51.5109571],[-0.1800948,51.5109716]],[[-0.1800948,51.5109716],[-0.179995,51.5109862],[-0.1797724,51.5110187],[-0.1789863,51.5111449],[-0.1777201,51.5113468]],[[-0.1777201,51.5113468],[-0.1775291,51.5113763],[-0.1773993,51.511392]],[[-0.1773993,51.511392],[-0.176716,51.5114749]],[[-0.176716,51.5114749],[-0.1766878,51.5114795]],[[-0.1766878,51.5114795],[-0.1764289,51.5115217]],[[-0.1764289,51.5115217],[-0.1763771,51.5115301]],[[-0.1763771,51.5115301],[-0.1763358,51.511561]],[[-0.1763358,51.511561],[-0.1762994,51.5115883],[-0.1762738,51.5115918]],[[-0.1762738,51.5115918],[-0.1762032,51.5116014],[-0.1761207,51.5116126],[-0.1759801,51.5116316]],[[-0.1759801,51.5116316],[-0.1758499,51.5116492],[-0.1757731,51.5116597],[-0.1755893,51.5116457]],[[-0.1753124,51.5116785],[-0.1755893,51.5116457]],[[-0.1747408,51.5117487],[-0.1749868,51.5117195],[-0.1751416,51.5116969],[-0.1753124,51.5116785]],[[-0.1741766,51.5118185],[-0.1742041,51.5118146],[-0.1742906,51.5118047],[-0.1743032,51.5118032],[-0.1745568,51.5117722],[-0.1747408,51.5117487]],[[-0.1741766,51.5118185],[-0.1740325,51.5118935]],[[-0.1740325,51.5118935],[-0.1739793,51.5118992]],[[-0.1739793,51.5118992],[-0.1738175,51.5119137],[-0.1736525,51.5118838]],[[-0.1736525,51.5118838],[-0.1735496,51.5118945]],[[-0.1735496,51.5118945],[-0.1732677,51.5119238],[-0.1725283,51.5119916],[-0.1724712,51.5119908]],[[-0.1724712,51.5119908],[-0.1723873,51.5119999]],[[-0.1723873,51.5119999],[-0.1722453,51.5120155]],[[-0.1722453,51.5120155],[-0.1720173,51.5120385],[-0.1719773,51.5120424],[-0.1719188,51.5120481],[-0.1714984,51.5120891],[-0.1709787,51.5121399],[-0.168788,51.5123534],[-0.1685492,51.5123782],[-0.1677008,51.5124602],[-0.1675695,51.5124736],[-0.1674585,51.512484],[-0.1671846,51.5125096],[-0.1669236,51.512535],[-0.1667009,51.5125559]],[[-0.1667009,51.5125559],[-0.166664,51.5125787],[-0.1666197,51.5125956],[-0.1665723,51.5126013]],[[-0.1665723,51.5126013],[-0.166519,51.5126077],[-0.1664788,51.5126125]],[[-0.1664788,51.5126125],[-0.1664395,51.5126078],[-0.1663723,51.512585]],[[-0.1663723,51.512585],[-0.1651681,51.5127126]],[[-0.1651681,51.5127126],[-0.1634877,51.5128992],[-0.1629115,51.5129679]],[[-0.1629115,51.5129679],[-0.1628745,51.5130001]],[[-0.1628745,51.5130001],[-0.1628384,51.513005],[-0.1627273,51.5130174],[-0.1626643,51.5130245],[-0.162608,51.5130029]],[[-0.162608,51.5130029],[-0.1625744,51.5130074],[-0.1621615,51.5130585],[-0.1621061,51.5130651],[-0.1620668,51.51307],[-0.1620033,51.5130746],[-0.1619405,51.5130753]],[[-0.1619405,51.5130753],[-0.1618374,51.5130846],[-0.161654,51.5130987],[-0.1616437,51.5130997],[-0.1615656,51.5131073],[-0.1615039,51.5131115],[-0.1613953,51.5131189],[-0.1612672,51.5131271]],[[-0.1612672,51.5131271],[-0.1609386,51.5131573],[-0.1608224,51.5131675],[-0.1607152,51.5131735]],[[-0.1607152,51.5131735],[-0.1603903,51.5131977],[-0.1603247,51.5132036],[-0.1602564,51.5132088],[-0.1598857,51.5132437]],[[-0.1598857,51.5132437],[-0.1596343,51.5132708]],[[-0.1596343,51.5132708],[-0.1592868,51.5133115]],[[-0.1592868,51.5133115],[-0.1591631,51.5133262],[-0.1590922,51.5133346],[-0.1589625,51.5133499]],[[-0.1589625,51.5133499],[-0.1587992,51.5133686],[-0.1587593,51.5133734]],[[-0.1587593,51.5133734],[-0.1587245,51.5133776]],[[-0.1587245,51.5133776],[-0.1586417,51.5133739],[-0.15854,51.5133628],[-0.1585082,51.5133543],[-0.1584426,51.5133367],[-0.158377,51.5133152],[-0.15831,51.5132895]],[[-0.15831,51.5132895],[-0.1582,51.5130754]],[[-0.1582,51.5130754],[-0.1580962,51.5129741],[-0.1579676,51.5127434],[-0.157748,51.512316]],[[-0.157748,51.512316],[-0.1576785,51.5121885],[-0.1576009,51.5120347],[-0.1574337,51.5117023],[-0.1573262,51.5115037],[-0.1571188,51.5111208],[-0.1571029,51.5110922],[-0.1570569,51.5110143],[-0.1569317,51.5107968],[-0.1568558,51.5106643],[-0.1567469,51.5104842],[-0.1567096,51.5104314],[-0.1566806,51.5103912],[-0.1566499,51.5103523],[-0.1565944,51.5102934],[-0.1565309,51.5102283],[-0.1564099,51.5101134],[-0.1563806,51.5100861],[-0.1562617,51.5099827]],[[-0.1562617,51.5099827],[-0.1561811,51.5099196],[-0.1560856,51.5098542],[-0.1558528,51.5097007],[-0.1554978,51.5094795],[-0.1551774,51.5092417],[-0.1548047,51.5089436],[-0.1546504,51.5088111],[-0.1545245,51.5086907],[-0.1542867,51.5084632],[-0.1542635,51.5084402],[-0.1537545,51.5079632],[-0.152494,51.5068462]],[[-0.152494,51.5068462],[-0.1522426,51.5066127],[-0.1521998,51.5065748],[-0.1521484,51.5065327],[-0.151977,51.5063927]],[[-0.151977,51.5063927],[-0.1515737,51.5060624],[-0.1513048,51.5058075],[-0.1512776,51.5057806],[-0.1511851,51.5056814],[-0.1511207,51.505597],[-0.1510046,51.505396],[-0.1509706,51.5053164]],[[-0.1509706,51.5053164],[-0.1509279,51.5051658]],[[-0.1509279,51.5051658],[-0.1509144,51.5050691],[-0.1509102,51.5049508]],[[-0.1509102,51.5049508],[-0.1509182,51.50485],[-0.1509343,51.5047519],[-0.1509558,51.5046619],[-0.1509832,51.5045899]],[[-0.1509832,51.5045899],[-0.151059,51.5043059]],[[-0.151059,51.5043059],[-0.1510765,51.5042215],[-0.1510858,51.5041485],[-0.1510899,51.504064],[-0.151082,51.5039758],[-0.1510644,51.5038997],[-0.1510335,51.5038047],[-0.1509816,51.5036444]],[[-0.1509816,51.5036444],[-0.1509249,51.5034808],[-0.1508941,51.5034098]],[[-0.1508941,51.5034098],[-0.1508646,51.5033697],[-0.1508364,51.5033411],[-0.1508001,51.5033193],[-0.1507606,51.5033068],[-0.1507052,51.5032992]],[[-0.1507052,51.5032992],[-0.1501707,51.503283]],[[-0.1501707,51.503283],[-0.1500857,51.5032787],[-0.1500101,51.5032651],[-0.149936,51.5032366],[-0.1498829,51.5032056],[-0.1498313,51.5031648],[-0.1497976,51.5031206],[-0.1497747,51.5030718],[-0.1497657,51.5030052]],[[-0.1497657,51.5030052],[-0.149831,51.5027475]],[[-0.149831,51.5027475],[-0.1498327,51.5027238],[-0.1498415,51.502647],[-0.1498504,51.5025604],[-0.1498581,51.5025149],[-0.149889,51.5024448]],[[-0.149889,51.5024448],[-0.1499674,51.5023964],[-0.1505909,51.5021826],[-0.1508915,51.5020817],[-0.1511795,51.5019819]],[[-0.1511795,51.5019819],[-0.151211,51.5019394],[-0.1512528,51.5018891],[-0.1512685,51.5018644],[-0.1512745,51.5018455],[-0.151283,51.5018192],[-0.1512879,51.5017909],[-0.1513213,51.5017128]],[[-0.1513213,51.5017128],[-0.151297,51.5016853],[-0.1511261,51.5015571]],[[-0.1511261,51.5015571],[-0.1510872,51.5015268]],[[-0.1510872,51.5015268],[-0.150946,51.5014309]],[[-0.150946,51.5014309],[-0.1508725,51.5013845],[-0.1498859,51.5007606]],[[-0.1498859,51.5007606],[-0.1497756,51.5007455],[-0.1496412,51.5006619],[-0.14962,51.5005967]],[[-0.14962,51.5005967],[-0.1492163,51.5003372],[-0.1488757,51.5000668]],[[-0.1488757,51.5000668],[-0.1487514,51.5000506],[-0.1487038,51.5000122]],[[-0.1487038,51.5000122],[-0.1485859,51.4999143],[-0.1485494,51.499884],[-0.1484596,51.4998096]],[[-0.1484596,51.4998096],[-0.1484093,51.4996869]],[[-0.1484093,51.4996869],[-0.1480819,51.4993914],[-0.148014,51.499326]],[[-0.148014,51.499326],[-0.1479381,51.4992516]],[[-0.1479381,51.4992516],[-0.1478373,51.499234],[-0.1476993,51.4990832],[-0.1476725,51.499054],[-0.1476993,51.4989957]],[[-0.1476993,51.4989957],[-0.1474848,51.498756]],[[-0.1474848,51.498756],[-0.1471445,51.4983476]],[[-0.1471445,51.4983476],[-0.147047,51.4982988],[-0.1470014,51.4982787],[-0.1469406,51.4982564],[-0.1468727,51.4982315],[-0.1468258,51.4982095],[-0.1467674,51.498188]],[[-0.1467674,51.498188],[-0.1465797,51.4982058],[-0.1455244,51.4982659]],[[-0.1455244,51.4982659],[-0.1452124,51.498266],[-0.1451259,51.4982652],[-0.1450438,51.4982575],[-0.1446408,51.4982113],[-0.1442515,51.4981582]],[[-0.1442515,51.4981582],[-0.1440279,51.4981088],[-0.1439836,51.4980974],[-0.1438602,51.4980695]],[[-0.1438602,51.4980695],[-0.1439832,51.4978948],[-0.1441756,51.4976098],[-0.1442072,51.4975741],[-0.1442719,51.4974839],[-0.1442959,51.4974516],[-0.1443989,51.4973066]],[[-0.1443989,51.4973066],[-0.1444908,51.4971794]],[[-0.1444908,51.4971794],[-0.1446139,51.4970098]],[[-0.1446139,51.4970098],[-0.1446779,51.4969356]],[[-0.1446779,51.4969356],[-0.1447093,51.4968964],[-0.1447479,51.4968481],[-0.1448285,51.4967318]],[[-0.1448285,51.4967318],[-0.1448883,51.4966384]],[[-0.1448883,51.4966384],[-0.1449563,51.4965348],[-0.1450581,51.49634],[-0.1450643,51.4963282],[-0.1450848,51.4962889],[-0.1451804,51.4961588]],[[-0.1451804,51.4961588],[-0.1452426,51.4960708]],[[-0.1452426,51.4960708],[-0.1453761,51.4958515]],[[-0.1453761,51.4958515],[-0.1457509,51.4953543],[-0.1462283,51.494682]],[[-0.1462283,51.494682],[-0.1464766,51.4943562]],[[-0.1464766,51.4943562],[-0.1465013,51.4943227],[-0.1466392,51.4940988]],[[-0.1466392,51.4940988],[-0.1467137,51.4939936],[-0.1467319,51.4939678],[-0.1468404,51.4939189]],[[-0.1475342,51.4929059],[-0.1471639,51.4934466],[-0.1468404,51.4939189]],[[-0.1950402,51.5150324],[-0.1950214,51.5149411],[-0.1950410078688131,51.514925672371774]],[[-0.1952499,51.5156662],[-0.1952248,51.5155902],[-0.1951946,51.5154991],[-0.1951759,51.5154424],[-0.19508,51.5151526],[-0.1950686,51.5151215],[-0.1950402,51.5150324]],[[-0.1960464,51.5181604],[-0.195992,51.5179934],[-0.1958614,51.5175928],[-0.1958537,51.5175725],[-0.1958471,51.5175503],[-0.1958201,51.5174737],[-0.1958027,51.517432],[-0.1957959,51.5174094],[-0.1957882,51.5173847],[-0.1952499,51.5156662]],[[-0.196361,51.5190654],[-0.1963272,51.5189704],[-0.1962377,51.5187192],[-0.1962223,51.5186758],[-0.19612,51.5183863],[-0.1960929,51.5183029],[-0.1960464,51.5181604]],[[-0.1979063,51.5187343],[-0.1974875,51.5188236],[-0.1973861,51.5188452],[-0.1972919,51.5188659],[-0.1971749,51.518891],[-0.1966696,51.5189993],[-0.196361,51.5190654]],[[-0.1984543,51.5185997],[-0.1979649,51.5187209],[-0.1979063,51.5187343]],[[-0.1984543,51.5185997],[-0.1985427,51.5186921],[-0.1992432,51.5194321],[-0.200034,51.5202674],[-0.2003438,51.5205947],[-0.2004182,51.5206733]],[[-0.2004182,51.5206733],[-0.2005372,51.5208419],[-0.2005734,51.5208932],[-0.2006721,51.5210268],[-0.2007572,51.5211423],[-0.2009588,51.521416],[-0.200988,51.5214562]],[[-0.200988,51.5214562],[-0.201109,51.5216016],[-0.2012069,51.5217175],[-0.2013308,51.5220011],[-0.2013915,51.5221537],[-0.2014798,51.5225352]],[[-0.2014798,51.5225352],[-0.2014867,51.5225692],[-0.2015426,51.5228192]],[[-0.2015426,51.5228192],[-0.2015663,51.5229089],[-0.2015825,51.5229632],[-0.2016487,51.5231151],[-0.2017412,51.5233275],[-0.2017697,51.5234072],[-0.2017754,51.5234868],[-0.2017731,51.5236209],[-0.2017068,51.5238833],[-0.2016583,51.5240836],[-0.201649,51.5241196],[-0.2016289,51.5241492]],[[-0.2016289,51.5241492],[-0.2016085,51.5241605],[-0.2015757,51.5241752],[-0.2015028,51.5241951]],[[-0.2015028,51.5241951],[-0.2014238,51.5242277],[-0.2014009,51.5242423],[-0.2013826,51.5242566]],[[-0.2013826,51.5242566],[-0.2013223,51.5243094],[-0.2013056,51.524324],[-0.2012748,51.5243466],[-0.2010901,51.5244419]],[[-0.2010901,51.5244419],[-0.2006021,51.5245429],[-0.2000902,51.5246488],[-0.1996192,51.5247462],[-0.1989773,51.524879],[-0.1980674,51.5250882],[-0.1976458,51.5251851],[-0.1976056,51.5251944],[-0.1974585,51.5252375]],[[-0.1972433,51.5273125],[-0.1972544,51.527134],[-0.1972667,51.5270197],[-0.1973033,51.5266521],[-0.1973423,51.5262926],[-0.1973488,51.5262186],[-0.1973837,51.5258789],[-0.197435,51.5254058],[-0.1974414,51.5253548],[-0.1974585,51.5252375]],[[-0.1972351,51.5274157],[-0.1972433,51.5273125]],[[-0.1971951,51.5277257],[-0.1972113,51.5276561],[-0.1972172,51.5276122],[-0.1972351,51.5274157]],[[-0.1971951,51.5277257],[-0.1970271,51.5276934],[-0.1969803,51.527684],[-0.1969039,51.5276688],[-0.1968231,51.5276495],[-0.1965443,51.5275879]],[[-0.1947982,51.5298428],[-0.1950787,51.5295037],[-0.1958387,51.5285655],[-0.1960994,51.5282155],[-0.1962366,51.528061],[-0.1962915,51.5279766],[-0.1963756,51.5278472],[-0.1964112,51.5278006],[-0.19649666942563113,51.527668823035405]],[[-0.196514761205694,51.52763883640872],[-0.1965443,51.5275879]],[[-0.1937838,51.5310296],[-0.1939351,51.5308553],[-0.1943873,51.5302983],[-0.194446,51.5302328],[-0.1946241,51.5300339],[-0.1947982,51.5298428]],[[-0.1935589,51.5313112],[-0.1937838,51.5310296]],[[-0.1929088,51.5321222],[-0.193024,51.531968],[-0.1930616,51.5319243],[-0.1930891,51.5318891],[-0.1934422,51.5314573],[-0.1935589,51.5313112]],[[-0.1929088,51.5321222],[-0.1928655,51.5321816],[-0.1928344,51.5322248],[-0.1928043,51.5322666],[-0.1927776,51.5323056],[-0.1925145,51.5326761],[-0.1924317,51.5327927],[-0.1923929,51.5328473],[-0.1923527,51.5329087],[-0.1923208,51.5329574],[-0.1922735,51.5331159]],[[-0.1922735,51.5331159],[-0.19237403238762882,51.53320910643442]],[[-0.11700845640491991,51.508681976157334],[-0.1173981,51.5091193]],[[-0.1173981,51.5091193],[-0.1175543,51.5092946]],[[-0.1175543,51.5092946],[-0.1176931,51.5094097],[-0.1184421,51.5102357]],[[-0.1184421,51.5102357],[-0.1184989,51.5102824]],[[-0.1184989,51.5102824],[-0.1187244,51.5105475]],[[-0.1187244,51.5105475],[-0.1187749,51.5106092]],[[-0.1187749,51.5106092],[-0.1189019,51.5107736]],[[-0.1189019,51.5107736],[-0.1189674,51.5108838]],[[-0.1189674,51.5108838],[-0.1190727,51.5110459]],[[-0.1190727,51.5110459],[-0.1191155,51.5111047],[-0.1191398,51.5111375]],[[-0.1191398,51.5111375],[-0.1191423,51.5111409],[-0.1191743,51.5111884],[-0.1192477,51.5112718]],[[-0.1191355,51.5113324],[-0.1190683,51.5113789],[-0.1190433,51.5113981],[-0.1190159,51.5114247],[-0.1190055,51.5114407],[-0.1189863,51.5114702],[-0.1189767,51.5114855]],[[-0.1189767,51.5114855],[-0.1189719,51.5115286],[-0.1189783,51.5116106],[-0.1189871,51.5116498],[-0.1189936,51.511695],[-0.1189772,51.5119203],[-0.1189579,51.5119959],[-0.1189345,51.5120871]],[[-0.1189345,51.5120871],[-0.1189007,51.5121711],[-0.1188924,51.5121919]],[[-0.1188924,51.5121919],[-0.1188187,51.5123397],[-0.1187414,51.5124367]],[[-0.1187414,51.5124367],[-0.1187238,51.5124589],[-0.1185681,51.5126247],[-0.1184583,51.512723]],[[-0.1184583,51.512723],[-0.1183857,51.5127795],[-0.1183118,51.5128236]],[[-0.1183118,51.5128236],[-0.1181265,51.5129341]],[[-0.1181265,51.5129341],[-0.1178866,51.5130503],[-0.1178188,51.5130736],[-0.1177629,51.5130928],[-0.1177063,51.5131106],[-0.1175413,51.5131575]],[[-0.1175413,51.5131575],[-0.1176331,51.5133192],[-0.1176812,51.5134049]],[[-0.1176812,51.5134049],[-0.1178256,51.513591],[-0.1178552,51.5136353],[-0.1186063,51.5147236],[-0.1186499,51.5147945],[-0.11866826000997728,51.51482507776207]],[[-0.1756791595391042,51.53960644410982],[-0.1756836,51.5395813]],[[-0.1756836,51.5395813],[-0.1756925,51.5395348]],[[-0.1756925,51.5395348],[-0.1756954,51.5395191],[-0.1757032,51.5394783]],[[-0.1757032,51.5394783],[-0.1757396,51.5392872],[-0.1758751,51.5386289],[-0.1759978,51.5379588]],[[-0.1759978,51.5379588],[-0.176012,51.5378836],[-0.1760723,51.5375642],[-0.1761124,51.5372784],[-0.1761562,51.5370553],[-0.1761745,51.5369197]],[[-0.1761745,51.5369197],[-0.1761816,51.5368668],[-0.1761874,51.5367557],[-0.1761895,51.5367147],[-0.1761805,51.5365472]],[[-0.1761805,51.5365472],[-0.1761736,51.5365133],[-0.176164,51.5364619],[-0.1761367,51.5363685]],[[-0.1761367,51.5363685],[-0.1761222,51.5363175],[-0.1760847,51.536202],[-0.1760299,51.5360819]],[[-0.1760299,51.5360819],[-0.1760145,51.5360474],[-0.1759508,51.535957],[-0.175826,51.5358063]],[[-0.175826,51.5358063],[-0.1757333,51.5356896]],[[-0.1757333,51.5356896],[-0.1756986,51.5356535]],[[-0.1756986,51.5356535],[-0.1756277,51.5355848],[-0.1754115,51.5354063],[-0.1753775,51.5353701],[-0.1753684,51.535301]],[[-0.1742417,51.5343749],[-0.1743194,51.5344428],[-0.1743632,51.5344776],[-0.1743943,51.5345023],[-0.1746153,51.5346868],[-0.1747537,51.5347912],[-0.1750018,51.5350037],[-0.1752597,51.5352201],[-0.1753684,51.535301]],[[-0.1742417,51.5343749],[-0.1741661,51.5343167],[-0.1741376,51.5342924],[-0.1740975,51.5342584],[-0.1739124,51.5340922],[-0.1737955,51.5339963],[-0.1737017,51.5339184],[-0.1735342,51.5337794],[-0.1733523,51.5336284],[-0.1732552,51.5335391],[-0.173198,51.5334906],[-0.1730734,51.5333875],[-0.1730436,51.5333628],[-0.1730172,51.5333409],[-0.1729429,51.5332832]],[[-0.1765677,51.5306243],[-0.1764529,51.5306823],[-0.1763939,51.5307052],[-0.1762809,51.5307551],[-0.1757852,51.5309739],[-0.1757179,51.5310075],[-0.1756869,51.531023],[-0.175603,51.5310738],[-0.1755199,51.5311291],[-0.1755013,51.5311415],[-0.1753622,51.5312272],[-0.1752892,51.5313076],[-0.1752508,51.5313481],[-0.1750783,51.5315304],[-0.174906,51.5317483],[-0.1748315,51.5318534],[-0.1746947,51.5320162],[-0.1745643,51.5321483],[-0.1744285,51.5322693],[-0.1742655,51.5323995],[-0.1739633,51.5326407],[-0.1739264,51.5326599],[-0.1737911,51.5327616],[-0.1737108,51.5328222],[-0.1736284,51.5328845],[-0.1735432,51.5329369],[-0.1734179,51.5330127],[-0.1732753,51.5330991],[-0.1731466,51.5331718],[-0.1730916,51.5332029],[-0.1730455,51.5332289],[-0.1729429,51.5332832]],[[-0.1767062,51.5305642],[-0.1765677,51.5306243]],[[-0.1768257,51.5305073],[-0.1767727,51.5305324],[-0.1767062,51.5305642]],[[-0.1769754,51.5304366],[-0.1768257,51.5305073]],[[-0.1794319,51.5292764],[-0.1785546,51.5296908],[-0.1783904,51.5297683],[-0.1781486,51.5298825],[-0.17808,51.5299149],[-0.1779878,51.5299585],[-0.1779208,51.5299901],[-0.1776467,51.5301208],[-0.177579,51.5301531],[-0.1771813,51.5303393],[-0.1769754,51.5304366]],[[-0.1795397,51.5292254],[-0.1794862,51.5292507],[-0.1794319,51.5292764]],[[-0.1796236,51.5291843],[-0.1795397,51.5292254]],[[-0.1797144,51.5291397],[-0.1796236,51.5291843]],[[-0.1807677,51.5286527],[-0.1804667,51.5287875],[-0.1803141,51.5288596],[-0.1802284,51.5289001],[-0.1799363,51.5290381],[-0.1798837,51.5290629],[-0.1797903,51.5291083],[-0.1797144,51.5291397]],[[-0.1810939,51.5285059],[-0.1807677,51.5286527]],[[-0.1813353,51.5283812],[-0.1811925,51.5284554],[-0.181161,51.5284712],[-0.1811283,51.5284881],[-0.1810939,51.5285059]],[[-0.1786309,51.5261515],[-0.1787416,51.5262516],[-0.1788519,51.5263514],[-0.1789037,51.5263983],[-0.1789575,51.526447],[-0.1790233,51.5265066],[-0.1792563,51.5267163],[-0.1793354,51.5267878],[-0.1794821,51.52692],[-0.179638,51.5270528],[-0.1797662,51.5271621],[-0.1798112,51.5272006],[-0.1798581,51.5272404],[-0.1799047,51.5272801],[-0.1800185,51.5273771],[-0.1801219,51.5274566],[-0.1801844,51.5275047],[-0.1802245,51.5275366],[-0.1803976,51.5276709],[-0.1804667,51.5277226],[-0.1807205,51.527915],[-0.1807959,51.5279728],[-0.1809443,51.5280867],[-0.1809667,51.5281038],[-0.1811743,51.5282616],[-0.1812051,51.5282851],[-0.1813353,51.5283812]],[[-0.1786309,51.5261515],[-0.1785536,51.5261374],[-0.1785301,51.5261312]],[[-0.1785301,51.5261312],[-0.1784907,51.5260977],[-0.1783597,51.5259864]],[[-0.1783597,51.5259864],[-0.1784738,51.5259407]],[[-0.1784738,51.5259407],[-0.1785932,51.5258938]],[[-0.1785932,51.5258938],[-0.1787012,51.5258536],[-0.1788025,51.5258164],[-0.1792123,51.5256558],[-0.1794497,51.525562]],[[-0.1794497,51.525562],[-0.1796355,51.5254706],[-0.1800345,51.5252742],[-0.1800521,51.5252655],[-0.1801463,51.5252246]],[[-0.1801463,51.5252246],[-0.1805563,51.5250329],[-0.1816216,51.5245348],[-0.1820807,51.5243166],[-0.1821372,51.5242903],[-0.1824768,51.524135],[-0.1825915,51.5240821],[-0.1833232,51.5237392],[-0.1834678,51.5236716],[-0.1835375,51.523639],[-0.18374,51.5235441],[-0.1838078,51.5235128],[-0.1838891,51.5234749]],[[-0.1838891,51.5234749],[-0.1837974,51.5233977],[-0.1836063,51.5232662],[-0.1834808,51.5231798],[-0.1825892,51.5225739]],[[-0.1825892,51.5225739],[-0.18213,51.5222771],[-0.1820581,51.5222076],[-0.1820435,51.5221935],[-0.1820267,51.522167],[-0.1820042,51.5221314]],[[-0.1819011,51.5220538],[-0.1819926,51.5221227],[-0.1820042,51.5221314]],[[-0.1818216,51.5219902],[-0.181832,51.5219985],[-0.1819011,51.5220538]],[[-0.1817,51.5218975],[-0.1817521,51.5219372],[-0.1817968,51.5219713],[-0.1818216,51.5219902]],[[-0.1807927,51.5212539],[-0.1809556,51.5213707],[-0.181021,51.5214148],[-0.1811286,51.5214898],[-0.1816235,51.5218458],[-0.1817,51.5218975]],[[-0.1806918,51.5211815],[-0.1807927,51.5212539]],[[-0.1806918,51.5211815],[-0.1805943,51.5211483],[-0.18057,51.5211305],[-0.1804853,51.5210661]],[[-0.1804853,51.5210661],[-0.1803499,51.5209746]],[[-0.1803499,51.5209746],[-0.1803306,51.5209616],[-0.1803248,51.5209577],[-0.1802681,51.5208779]],[[-0.1802681,51.5208779],[-0.1797887,51.5205889]],[[-0.1797887,51.5205889],[-0.1797636,51.5205722],[-0.1796399,51.5204891]],[[-0.1796399,51.5204891],[-0.1793892,51.5203737],[-0.1792789,51.5203193],[-0.1791744,51.5202814],[-0.179066,51.520254],[-0.1789581,51.5202371],[-0.1788485,51.5202301],[-0.1783407,51.5202157],[-0.1782005,51.5202079]],[[-0.1782005,51.5202079],[-0.1780973,51.5202045]],[[-0.1780973,51.5202045],[-0.1776614,51.5201973]],[[-0.1776614,51.5201973],[-0.1775715,51.5201792],[-0.1775124,51.5201546]],[[-0.1775124,51.5201546],[-0.177468,51.5201127],[-0.1774546,51.520064],[-0.1774576,51.5199595]],[[-0.1774576,51.5199595],[-0.1774681,51.5197103],[-0.1774832,51.5196389]],[[-0.1774832,51.5196389],[-0.1775033,51.5196296]],[[-0.1775033,51.5196296],[-0.1775527,51.5195427]],[[-0.1775527,51.5195427],[-0.1777645,51.5194079]],[[-0.1777645,51.5194079],[-0.1780208,51.5192923],[-0.1782601,51.5192345]],[[-0.1788902,51.5188699],[-0.1787879,51.5189334],[-0.1783257,51.5191952],[-0.1783,51.5192103],[-0.1782601,51.5192345]],[[-0.1790381,51.5187773],[-0.1788902,51.5188699]],[[-0.1791801,51.5186866],[-0.1790381,51.5187773]],[[-0.1797434,51.5183434],[-0.1792275,51.5186562],[-0.1791801,51.5186866]],[[-0.1800632,51.5181483],[-0.1797434,51.5183434]],[[-0.1802492,51.5180365],[-0.1802216,51.518052],[-0.1802076,51.5180599],[-0.1800632,51.5181483]],[[-0.1804392,51.5179448],[-0.1802966,51.5180118],[-0.1802577,51.518032],[-0.1802492,51.5180365]],[[-0.1800281,51.5176459],[-0.1802018,51.5177614],[-0.1803069,51.5178348],[-0.1804392,51.5179448]],[[-0.11193820476107011,51.51366021453848],[-0.1119411,51.5136597]],[[-0.1119411,51.5136597],[-0.1119567,51.513659],[-0.1120086,51.5136721]],[[-0.1120086,51.5136721],[-0.1121132,51.5136447],[-0.1123642,51.5135783],[-0.1123814,51.5135733]],[[-0.1123814,51.5135733],[-0.112424,51.5135209],[-0.1124686,51.513506],[-0.1125004,51.5134962],[-0.1126017,51.5135144]],[[-0.1126017,51.5135144],[-0.1126158,51.5135095]],[[-0.1126158,51.5135095],[-0.1127574,51.5134257],[-0.112994,51.5133472]],[[-0.112994,51.5133472],[-0.1131678,51.5132777],[-0.1132352,51.5132359],[-0.1132718,51.5132053],[-0.1133561,51.5131246]],[[-0.1133561,51.5131246],[-0.1135009,51.5130182],[-0.1135788,51.512975],[-0.1136374,51.5129468],[-0.1137605,51.5129142]],[[-0.1137605,51.5129142],[-0.1139521,51.5128833],[-0.1140429,51.5128763],[-0.11414,51.5128604],[-0.1142371,51.5128445],[-0.1142901,51.5128327],[-0.1143485,51.5128152],[-0.1145202,51.5127745]],[[-0.1150229,51.5130548],[-0.1149377,51.5130288],[-0.1148711,51.5130063],[-0.1148143,51.5129829],[-0.1147216,51.5129394],[-0.1146699,51.5129096],[-0.114614,51.5128688],[-0.1145202,51.5127745]],[[-0.1151841,51.5131096],[-0.1150747,51.5130719],[-0.1150229,51.5130548]],[[-0.116068,51.513295],[-0.115839,51.5132696],[-0.1157993,51.5132604],[-0.1157324,51.5132447],[-0.1151841,51.5131096]],[[-0.1166577,51.5133026],[-0.1165214,51.5133091],[-0.1164021,51.5133109],[-0.1163036,51.5133088],[-0.1162229,51.5133044],[-0.1161724,51.5133014],[-0.116068,51.513295]],[[-0.1168907,51.5132809],[-0.1167794,51.513293],[-0.1166577,51.5133026]],[[-0.1173602,51.5132056],[-0.1172776,51.5132219],[-0.1172026,51.5132352],[-0.117122,51.5132496],[-0.1169498,51.5132746],[-0.1168907,51.5132809]],[[-0.1175413,51.5131575],[-0.1173602,51.5132056]],[[-0.1502987,51.4861345],[-0.15025,51.4861285],[-0.1502038,51.4861191],[-0.1501943,51.4861157],[-0.1501849,51.4861103],[-0.1500728,51.4860107]],[[-0.1500728,51.4860107],[-0.1500457,51.4859785],[-0.1500221,51.4859549]],[[-0.1500221,51.4859549],[-0.1499849,51.4858641]],[[-0.1499849,51.4858641],[-0.1499593,51.4857792]],[[-0.1499593,51.4857792],[-0.1499514,51.4857331]],[[-0.1499514,51.4857331],[-0.1499465,51.4856365]],[[-0.1499465,51.4856365],[-0.1499422,51.4856093],[-0.1499933,51.4855695]],[[-0.1499933,51.4855695],[-0.1499796,51.485485]],[[-0.1499796,51.485485],[-0.1499294,51.4852259]],[[-0.1499294,51.4852259],[-0.1498858,51.4849927]],[[-0.1498858,51.4849927],[-0.1497979762924213,51.484547201469205]],[[-0.16032973806047923,51.501835604066734],[-0.1602948,51.5018743],[-0.1602555,51.5019059]],[[-0.1602555,51.5019059],[-0.1601955,51.5019179],[-0.15994,51.5019704]],[[-0.15994,51.5019704],[-0.1595859,51.5020395]],[[-0.1595859,51.5020395],[-0.1591,51.5021491]],[[-0.1591,51.5021491],[-0.1588721,51.5021986]],[[-0.1588721,51.5021986],[-0.1588009,51.5022128],[-0.1587096,51.5022302],[-0.1585809,51.502254],[-0.1584643,51.5022717],[-0.158397,51.5022788],[-0.1583312,51.5022829],[-0.15827,51.5022817],[-0.1581652,51.502263]],[[-0.1581652,51.502263],[-0.1570226,51.5023022]],[[-0.1570226,51.5023022],[-0.156756,51.5023528],[-0.1563466,51.5024015],[-0.155916,51.502492],[-0.1558366,51.5025081]],[[-0.1558366,51.5025081],[-0.155495,51.5026288],[-0.1553299,51.502668],[-0.1545855,51.5027926],[-0.1538682,51.502902],[-0.1536422,51.5029326],[-0.1534156,51.5029585],[-0.1531458,51.5029847],[-0.1526623,51.5030113]],[[-0.1526623,51.5030113],[-0.1525051,51.5030346],[-0.1521737,51.503076]],[[-0.1521737,51.503076],[-0.1521074,51.5030851]],[[-0.1521074,51.5030851],[-0.1519512,51.5031126]],[[-0.1519512,51.5031126],[-0.1517086,51.5031599],[-0.1514269,51.5032148],[-0.1513159,51.5032364]],[[-0.1513159,51.5032364],[-0.1511273,51.5032653],[-0.1509692,51.5032856],[-0.1508758,51.5032942],[-0.1507974,51.5032991],[-0.1507052,51.5032992]],[[-0.1501707,51.503283],[-0.1500948,51.5032918],[-0.1500039,51.5033104],[-0.149888,51.5033465],[-0.1498218,51.5033726],[-0.1490677,51.5037177]],[[-0.1490677,51.5037177],[-0.1488217,51.5038232],[-0.1486603,51.5039]],[[-0.1486603,51.5039],[-0.1483822,51.5040323],[-0.1479262,51.504249],[-0.1478407,51.5042524]],[[-0.1478407,51.5042524],[-0.1474797,51.5044197],[-0.1468109,51.5047608]],[[-0.1468109,51.5047608],[-0.1466575,51.504839],[-0.1464749,51.5049335],[-0.1464307,51.5049563],[-0.1463643,51.5049912]],[[-0.1463643,51.5049912],[-0.1453569,51.5055069],[-0.1450823,51.5056528],[-0.1449268,51.5057348],[-0.1447178,51.5058409],[-0.1446444,51.5058782],[-0.144568,51.505917],[-0.1444289,51.5059877],[-0.1443276,51.5059992]],[[-0.1443276,51.5059992],[-0.1440338,51.5061571]],[[-0.1440338,51.5061571],[-0.1436103,51.5063756],[-0.1434972,51.5064307],[-0.1433814,51.5064878],[-0.1433495,51.506504],[-0.1432004,51.5065755],[-0.1430285,51.5066579],[-0.1428966,51.5067252]],[[-0.1428966,51.5067252],[-0.1429737,51.5067877],[-0.1432164,51.5069846],[-0.1435089,51.5072052]],[[-0.1435089,51.5072052],[-0.143534,51.5072243],[-0.1436691,51.5073267],[-0.1442404,51.5077787]],[[-0.1442404,51.5077787],[-0.1433907,51.5081947],[-0.1433734,51.5082033],[-0.1433249,51.5082276]],[[-0.1441245,51.5089227],[-0.1440673,51.5088699],[-0.1439649,51.5087765],[-0.1433249,51.5082276]],[[-0.1441245,51.5089227],[-0.1442425,51.50896],[-0.1442855,51.5089831],[-0.1444234,51.5090909],[-0.1444877,51.5091102],[-0.1445556,51.5091133],[-0.1446331,51.5091007],[-0.1447717,51.5090441]],[[-0.1447717,51.5090441],[-0.1449616,51.5089591],[-0.1450556,51.5089171]],[[-0.1450556,51.5089171],[-0.145238,51.5088915],[-0.145402,51.5088976],[-0.1455623,51.5089214],[-0.1457069,51.5089816]],[[-0.1457069,51.5089816],[-0.1461373,51.5093125],[-0.1462702,51.5094147],[-0.1464355,51.5095394],[-0.1465888,51.5096327],[-0.1467334,51.5097464],[-0.1467875,51.5098036],[-0.146823,51.5098742],[-0.1468317,51.5099266],[-0.1468396,51.5099751],[-0.1468451,51.5100091]],[[-0.1468451,51.5100091],[-0.1468158,51.5101077],[-0.1467693,51.5101642],[-0.1467064,51.5102338],[-0.146684,51.5102567],[-0.1466411,51.5102816]],[[-0.1466411,51.5102816],[-0.1465816,51.5103039],[-0.1464646,51.5103428]],[[-0.1464646,51.5103428],[-0.1463622,51.5103622],[-0.1462861,51.5103674],[-0.1461422,51.510364],[-0.146018,51.5103318],[-0.14594,51.510299]],[[-0.14594,51.510299],[-0.1457673,51.5101606]],[[-0.1457673,51.5101606],[-0.1457035,51.5101476],[-0.1456117,51.5101292],[-0.1455132,51.5101375],[-0.1454448,51.5101551]],[[-0.1454448,51.5101551],[-0.1452762,51.5102355],[-0.1448756,51.5104265],[-0.1446711,51.5105247],[-0.1439145,51.5108852]],[[-0.1439145,51.5108852],[-0.143798,51.5109387]],[[-0.143798,51.5109387],[-0.1434787,51.5110672],[-0.1434217,51.511092],[-0.1433736,51.5111115],[-0.1432806,51.5111534]],[[-0.1432806,51.5111534],[-0.1431801,51.5112019],[-0.1431463,51.5112196],[-0.1430982,51.5112465],[-0.1429512,51.5113572],[-0.142834,51.5114593],[-0.1426614,51.5116071]],[[-0.1426614,51.5116071],[-0.1426382,51.51163],[-0.1425704,51.5116854],[-0.1422833,51.5119078],[-0.1419632,51.512168],[-0.1418331,51.5122748]],[[-0.1418331,51.5122748],[-0.1417455,51.5123421],[-0.141422,51.5125988],[-0.1408457,51.513057],[-0.1408148,51.5130717],[-0.1407061,51.5131204]],[[-0.1407061,51.5131204],[-0.1411909,51.5135929],[-0.1412668,51.5136756]],[[-0.1412668,51.5136756],[-0.1413351,51.5137505],[-0.1414503,51.5138876],[-0.1415321,51.5139899]],[[-0.1415321,51.5139899],[-0.1415787,51.5140519],[-0.1416306,51.5141243],[-0.1417071,51.5142437],[-0.1417608,51.5143616],[-0.1418015,51.5144661]],[[-0.1418015,51.5144661],[-0.1418595,51.5146267]],[[-0.1418595,51.5146267],[-0.1420058,51.5150823]],[[-0.1420058,51.5150823],[-0.1420202,51.5151324]],[[-0.1420202,51.5151324],[-0.1420527,51.5152292]],[[-0.1420527,51.5152292],[-0.1420715,51.5152938]],[[-0.1420715,51.5152938],[-0.1420998,51.5153845]],[[-0.1420998,51.5153845],[-0.1421225,51.5154561]],[[-0.1421225,51.5154561],[-0.1422603,51.5158938]],[[-0.1422603,51.5158938],[-0.1422696,51.5159363],[-0.1422696,51.5160023],[-0.1422603,51.5160473]],[[-0.1422603,51.5160473],[-0.1422974,51.5161223]],[[-0.1303693,51.5164151],[-0.13035365746818656,51.51641559053236]],[[-0.13036642860502598,51.516397025083435],[-0.1303693,51.5164151]],[[-0.1292912,51.5131285],[-0.1291225,51.5132543]],[[-0.1299684,51.5127597],[-0.1299148,51.5127804],[-0.1298091,51.5128273],[-0.1297393,51.5128579],[-0.1296219,51.5129201],[-0.1295218,51.512978],[-0.1293895,51.5130606],[-0.1293457,51.5130915],[-0.1292912,51.5131285]],[[-0.1300505,51.5127292],[-0.1299684,51.5127597]],[[-0.1304061,51.5125962],[-0.1302552,51.5126533],[-0.1300505,51.5127292]],[[-0.1306172,51.5125168],[-0.1304061,51.5125962]],[[-0.1307176,51.5124811],[-0.1306172,51.5125168]],[[-0.1311583,51.5123171],[-0.1307176,51.5124811]],[[-0.1324241,51.5118096],[-0.1322385,51.511886],[-0.1321762,51.5119117],[-0.1317121,51.5121122],[-0.1316457,51.5121403],[-0.1315753,51.5121698],[-0.1314882,51.5122045],[-0.1314423,51.5122202],[-0.1311583,51.5123171]],[[-0.1324241,51.5118096],[-0.1325679,51.5117533],[-0.1326062,51.5117381],[-0.1326469,51.5117174],[-0.1328178,51.5116297],[-0.1328971,51.5115861],[-0.1329382,51.5115636],[-0.1329599,51.5115516],[-0.1330499,51.5114964],[-0.1331965,51.5113999],[-0.1332399,51.5113713],[-0.1333353,51.5112996],[-0.1335087,51.5111594],[-0.1335545,51.5111182],[-0.1337842,51.5108809]],[[-0.1337842,51.5108809],[-0.1337755,51.5108551],[-0.1337788,51.5108406],[-0.1337925,51.5108222],[-0.1338225,51.5107897],[-0.1338584,51.5107518],[-0.1339191,51.5106853],[-0.1339713,51.5106313],[-0.1340068,51.5105911],[-0.1340283,51.5105786],[-0.134063,51.5105763]],[[-0.1342661,51.5102979],[-0.1340778,51.510552],[-0.134063,51.5105763]],[[-0.1342661,51.5102979],[-0.1342731,51.5102569],[-0.1343076,51.5102031],[-0.1343734,51.5101379],[-0.1344153,51.5101102],[-0.1344926,51.5100713]],[[-0.1344926,51.5100713],[-0.1346567,51.5099925],[-0.1346953,51.5099607],[-0.1347274,51.5099335],[-0.1347449,51.509909],[-0.134757,51.5098756],[-0.134759,51.5098401],[-0.1347625,51.5097812],[-0.1347729,51.5097303]],[[-0.1347729,51.5097303],[-0.1348058,51.5096921],[-0.1348433,51.5096644],[-0.1348958,51.5096386],[-0.1349518,51.509619],[-0.1357269,51.5093661],[-0.135799,51.5093413]],[[-0.135799,51.5093413],[-0.135879,51.5093137],[-0.1359392,51.5092929]],[[-0.1359392,51.5092929],[-0.1362469,51.5091867],[-0.1366425,51.5090502],[-0.137066,51.5089083],[-0.1370727,51.5089061]],[[-0.1370727,51.5089061],[-0.1371323,51.5088865],[-0.1372097,51.5088622]],[[-0.1372097,51.5088622],[-0.1378101,51.5086735],[-0.138499,51.5084635],[-0.1385892,51.508436],[-0.1387064,51.5084048]],[[-0.1387064,51.5084048],[-0.1387208,51.508411],[-0.1387535,51.508416],[-0.1387846,51.5084164],[-0.1388091,51.5084132],[-0.1388834,51.5084042]],[[-0.1392976,51.5082695],[-0.1392763,51.5082764],[-0.1391095,51.5083314],[-0.1389049,51.5083971],[-0.1388834,51.5084042]],[[-0.1392976,51.5082695],[-0.1394038,51.5081973],[-0.1395453,51.508136],[-0.139867,51.5080162],[-0.1399355,51.5079906],[-0.14031,51.5078458],[-0.1403759,51.5078199],[-0.1404676,51.5077849]],[[-0.1404676,51.5077849],[-0.1405686,51.5077439]],[[-0.1405686,51.5077439],[-0.1410896,51.5075171],[-0.1412506,51.5074471]],[[-0.1412506,51.5074471],[-0.1414342,51.5073652],[-0.1418373,51.5071576],[-0.1418878,51.5071341],[-0.1419668,51.5070967]],[[-0.1419668,51.5070967],[-0.1421144,51.5070333],[-0.1421451,51.5070202],[-0.1421759,51.5070088],[-0.1422684,51.5070271]],[[-0.1428966,51.5067252],[-0.1428685,51.5067388],[-0.1428458,51.5067498],[-0.1427712,51.5067859],[-0.1427427,51.5068006],[-0.1425815,51.506878],[-0.142467,51.506933],[-0.1423614,51.5069841],[-0.1423155,51.5070063],[-0.1422684,51.5070271]],[[-0.1443276,51.5059992],[-0.1443613,51.5059419],[-0.1444195,51.5059058],[-0.1445385,51.505832],[-0.1446166,51.5057895],[-0.1446798,51.505755],[-0.1452552,51.5054414]],[[-0.1452552,51.5054414],[-0.1462146,51.5049544]],[[-0.1462146,51.5049544],[-0.1463095,51.5049087],[-0.146451,51.504842],[-0.1470807,51.5045346]],[[-0.1470807,51.5045346],[-0.147306,51.5043976],[-0.1474631,51.5043035]],[[-0.1474631,51.5043035],[-0.1476603,51.5041674]],[[-0.1476603,51.5041674],[-0.1477053,51.5040904],[-0.1477844,51.50404],[-0.1479319,51.5039539],[-0.1481251,51.5038588],[-0.148817,51.503546]],[[-0.148817,51.503546],[-0.1494284,51.5032604]],[[-0.1494284,51.5032604],[-0.1495718,51.5031969],[-0.1496321,51.5031641],[-0.1496718,51.5031345],[-0.1497213,51.5030902],[-0.1497503,51.5030515],[-0.1497657,51.5030052]],[[-0.1511795,51.5019819],[-0.1512903,51.5019616],[-0.1513728,51.5019482],[-0.1514593,51.5019444]],[[-0.1514593,51.5019444],[-0.1515686,51.5019509],[-0.1516538,51.5019582],[-0.151721,51.5019696],[-0.1518033,51.501999]],[[-0.1518033,51.501999],[-0.1518751,51.5020527],[-0.1519188,51.5020924],[-0.1519685,51.502138],[-0.1520096,51.5021858],[-0.1520443,51.5022413],[-0.1522499,51.50263]],[[-0.1522499,51.50263],[-0.1523179,51.5027606]],[[-0.1523179,51.5027606],[-0.1524188,51.5028057],[-0.1524715,51.5028421],[-0.1524835,51.50285],[-0.152572,51.5028866],[-0.1526538,51.502903]],[[-0.1526538,51.502903],[-0.1527183,51.5029082],[-0.1527414,51.5029074],[-0.1527972,51.5029006]],[[-0.1527972,51.5029006],[-0.1528493,51.5028949],[-0.1529256,51.5028824],[-0.1530839,51.5028518],[-0.1533335,51.5027926],[-0.1535551,51.5027472],[-0.1537963,51.5026983],[-0.1554041,51.5024261],[-0.1555534,51.5024108],[-0.155829,51.5023756],[-0.1562643,51.5023394]],[[-0.1562643,51.5023394],[-0.1565714,51.5023038],[-0.1567389,51.5022873],[-0.1570226,51.5023022]],[[-0.1581652,51.502263],[-0.1582535,51.5022269],[-0.1583198,51.5022141],[-0.1584543,51.5021951],[-0.15847328310680403,51.50219234699968]],[[-0.11855733939439285,51.51498589492695],[-0.1185526,51.5149794]],[[-0.1185526,51.5149794],[-0.1180419,51.5142394],[-0.1180055,51.5141785]],[[-0.1180055,51.5141785],[-0.1178948,51.5140168],[-0.1176412,51.5136339],[-0.1176276,51.5136134],[-0.1175217,51.513434]],[[-0.1175217,51.513434],[-0.1174947,51.5133921],[-0.1174708,51.5133549],[-0.1173602,51.5132056]],[[-0.1442021,51.496701],[-0.1443052,51.4967098],[-0.1444009,51.496716]],[[-0.1444009,51.496716],[-0.1444709,51.4967219],[-0.1445846,51.4967259]],[[-0.1445846,51.4967259],[-0.1448285,51.4967318]],[[-0.1448285,51.4967318],[-0.1449344,51.4967354]],[[-0.1449344,51.4967354],[-0.1450524,51.4967504]],[[-0.1450524,51.4967504],[-0.1451557,51.4967742],[-0.1455827,51.4969368],[-0.1459158,51.4970633]],[[-0.1459158,51.4970633],[-0.1459809,51.4970851],[-0.1460187,51.4970978]],[[-0.1460187,51.4970978],[-0.14615,51.4971377],[-0.146251,51.497161]],[[-0.146251,51.497161],[-0.1463286,51.4972297],[-0.1468359,51.4979686]],[[-0.1468359,51.4979686],[-0.146898,51.4980109],[-0.1469276,51.4980443],[-0.1469963,51.4981268]],[[-0.1469963,51.4981268],[-0.1470454,51.4981805],[-0.1471059,51.4982643]],[[-0.1471059,51.4982643],[-0.1471445,51.4983476]],[[-0.1476993,51.4989957],[-0.1477766,51.4990159],[-0.1478023,51.4990434],[-0.1479025,51.4991504],[-0.1479403,51.4991915],[-0.1479381,51.4992516]],[[-0.1484093,51.4996869],[-0.1485898,51.4997461],[-0.1486299,51.4997799],[-0.1487705,51.4999214]],[[-0.1487705,51.4999214],[-0.1488114,51.4999561]],[[-0.1488114,51.4999561],[-0.1488381,51.4999792]],[[-0.1488381,51.4999792],[-0.1488621,51.5000031]],[[-0.1488621,51.5000031],[-0.1488757,51.5000668]],[[-0.14962,51.5005967],[-0.1497313,51.5006059],[-0.1497764,51.5006339]],[[-0.1497764,51.5006339],[-0.1498288,51.5006666]],[[-0.1498288,51.5006666],[-0.1498656,51.5006894]],[[-0.1498656,51.5006894],[-0.1498859,51.5007606]],[[-0.1513213,51.5017128],[-0.1515142,51.5017693]],[[-0.1515142,51.5017693],[-0.1515525,51.5017974],[-0.1516229,51.5018491],[-0.151674,51.5018887],[-0.1518033,51.501999]],[[-0.1523179,51.5027606],[-0.15228,51.5027997],[-0.1522677,51.5028176]],[[-0.1522677,51.5028176],[-0.1522292,51.5029082],[-0.152178,51.5029865],[-0.1521461,51.5030285],[-0.1521074,51.5030851]],[[-0.1513159,51.5032364],[-0.1512118,51.5032786],[-0.1511669,51.5033087],[-0.1511338,51.5033433],[-0.1511165,51.5033728],[-0.1511128,51.503416],[-0.1511181,51.5034485],[-0.1511293,51.5034856],[-0.1512696,51.5039183],[-0.1513294,51.5039787],[-0.151403,51.5040261],[-0.1514906,51.5040574],[-0.1516097,51.5040834],[-0.1519354,51.5041258],[-0.1519656,51.5041285],[-0.1520357,51.5041497],[-0.1520851,51.5041745],[-0.152132,51.5042265],[-0.1521579,51.5042956]],[[-0.1521579,51.5042956],[-0.1521544,51.5043476]],[[-0.1521544,51.5043476],[-0.1521306,51.5044245],[-0.1520856,51.5045194]],[[-0.1520856,51.5045194],[-0.1520554,51.5046285],[-0.1520512,51.5046434],[-0.1519881,51.5048712],[-0.151938,51.5050466],[-0.1519271,51.5051002],[-0.1519191,51.5052059]],[[-0.1519191,51.5052059],[-0.1519123,51.5052914]],[[-0.1519123,51.5052914],[-0.1518937,51.5054432],[-0.1518963,51.5055367],[-0.1519052,51.5056138]],[[-0.1519052,51.5056138],[-0.1519505,51.5057582]],[[-0.1519505,51.5057582],[-0.1519779,51.5058637],[-0.1520557,51.5060469],[-0.1520829,51.5060966],[-0.1521529,51.5061823],[-0.1521924,51.5062233]],[[-0.1521924,51.5062233],[-0.1523693,51.506411],[-0.1523996,51.5064445]],[[-0.1523996,51.5064445],[-0.152481,51.5065215],[-0.1527546,51.5067391],[-0.1540963,51.5078513]],[[-0.1540963,51.5078513],[-0.1541989,51.5079371],[-0.1546417,51.5083035],[-0.1547469,51.5083906]],[[-0.1547469,51.5083906],[-0.1547629,51.5084038],[-0.1554293,51.5088744]],[[-0.1554293,51.5088744],[-0.1555251,51.50894],[-0.155594,51.5089833],[-0.1556972,51.5090482]],[[-0.1556972,51.5090482],[-0.1567369,51.5097788],[-0.1569215,51.5099609]],[[-0.1569215,51.5099609],[-0.1569801,51.5100187]],[[-0.1569801,51.5100187],[-0.1570611,51.5100986],[-0.1571173,51.5101709],[-0.1572036,51.5102646],[-0.1573065,51.5103763],[-0.157538,51.5106277]],[[-0.157538,51.5106277],[-0.1576314,51.5107236],[-0.1576934,51.5107951],[-0.1577261,51.5108425],[-0.157764,51.5108999]],[[-0.157764,51.5108999],[-0.1578084,51.5109619],[-0.1578505,51.5110557],[-0.1579885,51.5113055]],[[-0.1579885,51.5113055],[-0.1580837,51.5114892],[-0.1581044,51.511529],[-0.1581374,51.5116046]],[[-0.1581374,51.5116046],[-0.1582888,51.5119517],[-0.1584039,51.5122152],[-0.1584873,51.5124067],[-0.1585201,51.5124522],[-0.1585422,51.5124754],[-0.1585809,51.5124949],[-0.1586626,51.5125373]],[[-0.1586626,51.5125373],[-0.1587374,51.5125713],[-0.1587868,51.5125927],[-0.1588299,51.5126022],[-0.1588714,51.5126068]],[[-0.1588714,51.5126068],[-0.1589949,51.5126016],[-0.1591237,51.5125914]],[[-0.1591237,51.5125914],[-0.1592517,51.5125785],[-0.1593842,51.5125651],[-0.1595552,51.5125482]],[[-0.1595552,51.5125482],[-0.15965,51.5125857],[-0.1596862,51.5126084],[-0.159756,51.512652],[-0.1598583,51.5129392],[-0.1598718,51.5129989],[-0.1598677,51.5130421],[-0.159832,51.5130962],[-0.1597646,51.5131636],[-0.1596343,51.5132708]],[[-0.1587245,51.5133776],[-0.1586488,51.5134435],[-0.1585759,51.5134649],[-0.158425,51.5134815],[-0.1583779,51.5134867],[-0.1583529,51.5134887],[-0.1582683,51.5135004],[-0.1581225,51.5135141],[-0.1580244,51.5134887]],[[-0.1580244,51.5134887],[-0.1577428,51.5135151],[-0.1575604,51.5135354]],[[-0.1575604,51.5135354],[-0.1574848,51.513543],[-0.1572456,51.5135671],[-0.1571608,51.5135756],[-0.157082,51.5135849],[-0.1568266,51.513615],[-0.1565455,51.5136518]],[[-0.1565455,51.5136518],[-0.1562473,51.5136867],[-0.1561637,51.5136966],[-0.1559483,51.5137201]],[[-0.1538002,51.5138912],[-0.154013,51.5138726],[-0.1540942,51.5138662],[-0.1546909,51.5138185],[-0.1547716,51.5138127],[-0.1548523,51.5138069],[-0.1557052,51.5137456],[-0.1557167,51.5137445],[-0.1557323,51.5137431],[-0.1557875,51.5137379],[-0.1559483,51.5137201]],[[-0.1538511,51.5140181],[-0.1538002,51.5138912]],[[-0.1538781,51.5140802],[-0.1538511,51.5140181]],[[-0.1540203,51.5144117],[-0.1538816,51.5140884],[-0.15388,51.5140847],[-0.1538781,51.5140802]],[[-0.1542063,51.5148334],[-0.1541867,51.5147889],[-0.1541147,51.5146257],[-0.1540203,51.5144117]],[[-0.1543055,51.5150351],[-0.1542498,51.5149321],[-0.154244,51.514919],[-0.1542259,51.5148779],[-0.1542063,51.5148334]],[[-0.1543248,51.5150799],[-0.1543055,51.5150351]],[[-0.154444,51.5153518],[-0.1543993,51.5152507],[-0.1543801,51.5152086],[-0.1543248,51.5150799]],[[-0.1544728,51.5154205],[-0.154444,51.5153518]],[[-0.1545187,51.5154961],[-0.1544728,51.5154205]],[[-0.1545989,51.5156676],[-0.1545667,51.5155972],[-0.1545479,51.5155561],[-0.1545187,51.5154961]],[[-0.1548981,51.5163621],[-0.1548596,51.5162832],[-0.1548415,51.516235],[-0.154827,51.5161913],[-0.1546989,51.5158862],[-0.1545989,51.5156676]],[[-0.1549425,51.5164479],[-0.1548981,51.5163621]],[[-0.1551845,51.5169856],[-0.155128,51.51686],[-0.1550319,51.516654],[-0.1549773,51.516532],[-0.1549592,51.5164905],[-0.1549425,51.5164479]],[[-0.1553437,51.5173243],[-0.1553381,51.5173092],[-0.1553185,51.5172671],[-0.1552593,51.5171449],[-0.1551845,51.5169856]],[[-0.155357,51.5173564],[-0.1553437,51.5173243]],[[-0.1556665,51.5180452],[-0.1556433,51.5179957],[-0.1556241,51.5179539],[-0.1555621,51.5178191],[-0.1554986,51.5176811],[-0.155476,51.517632],[-0.1554563,51.5175891],[-0.1554346,51.517542],[-0.1553898,51.5174418],[-0.155357,51.5173564]],[[-0.1557079,51.5181361],[-0.1556665,51.5180452]],[[-0.1558929,51.5185474],[-0.1557755,51.5182863],[-0.1557567,51.5182446],[-0.155738,51.5182031],[-0.1557079,51.5181361]],[[-0.1561058,51.5190173],[-0.1558929,51.5185474]],[[-0.1563016,51.5194543],[-0.1562757,51.5193983],[-0.1562588,51.5193607],[-0.1562402,51.5193194],[-0.1561058,51.5190173]],[[-0.1564779,51.5198441],[-0.1563882,51.5196443],[-0.1563687,51.5196008],[-0.1563442,51.5195462],[-0.1563016,51.5194543]],[[-0.1565499,51.5200044],[-0.1565035,51.519901],[-0.1564779,51.5198441]],[[-0.1566822,51.5202948],[-0.1566478,51.5202207],[-0.1566263,51.5201745],[-0.1566076,51.5201329],[-0.1565499,51.5200044]],[[-0.1567976,51.5205481],[-0.1567678,51.520481],[-0.156749,51.5204387],[-0.1567268,51.5203915],[-0.1566822,51.5202948]],[[-0.1568731,51.5207173],[-0.1568709,51.520713],[-0.1567976,51.5205481]],[[-0.156967,51.5209111],[-0.1569473,51.5208671],[-0.1568731,51.5207173]],[[-0.1570292,51.5210485],[-0.156967,51.5209111]],[[-0.1572344,51.5215019],[-0.1571165,51.5212414],[-0.1570292,51.5210485]],[[-0.1574975,51.522072],[-0.1574471,51.5219634],[-0.1574308,51.5219213],[-0.1574074,51.5218755],[-0.1573909,51.5218376],[-0.157373,51.5217961],[-0.1573533,51.5217504],[-0.1572344,51.5215019]],[[-0.1575427,51.522173],[-0.1574975,51.522072]],[[-0.157651,51.522409],[-0.1576277,51.5223588],[-0.1576104,51.5223201],[-0.1575917,51.5222822],[-0.1575427,51.522173]],[[-0.1579672,51.5230915],[-0.1579236,51.5229963],[-0.1579118,51.5229718],[-0.157893,51.5229314],[-0.1578858,51.5229159],[-0.1578361,51.5228086],[-0.1577622,51.5226491],[-0.157651,51.522409]],[[-0.1581146,51.5234181],[-0.1580307,51.5232299],[-0.1580085,51.5231805],[-0.1579982,51.5231582],[-0.1579672,51.5230915]],[[-0.1583715,51.523985],[-0.1581659,51.523533],[-0.1581146,51.5234181]],[[-0.1584178,51.5240893],[-0.158392,51.5240315],[-0.1583857,51.5240169],[-0.1583715,51.523985]],[[-0.1584935,51.5242076],[-0.158468,51.5241951],[-0.1584618,51.524189],[-0.158458,51.5241817],[-0.1584521,51.5241692],[-0.1584178,51.5240893]],[[-0.1584935,51.5242076],[-0.1585853,51.5241955],[-0.1586426,51.5242176],[-0.1586575,51.5242252],[-0.1587297,51.5242622]],[[-0.1587297,51.5242622],[-0.15884,51.5243186]],[[-0.15884,51.5243186],[-0.1589078,51.5243532],[-0.158939,51.524428]],[[-0.1590773,51.5245007],[-0.158939,51.524428]],[[-0.1592241,51.5245778],[-0.1590773,51.5245007]],[[-0.1593214,51.524629],[-0.1592241,51.5245778]],[[-0.1593332,51.5246352],[-0.1593214,51.524629]],[[-0.1594614,51.5247025],[-0.1593737,51.5246565],[-0.1593332,51.5246352]],[[-0.1595418,51.5247448],[-0.1594614,51.5247025]],[[-0.159614,51.5247832],[-0.1595418,51.5247448]],[[-0.1597221,51.5248432],[-0.1596675,51.5248129],[-0.159614,51.5247832]],[[-0.1598272,51.5249015],[-0.1597221,51.5248432]],[[-0.1608921,51.5254938],[-0.1608275,51.5254569],[-0.1602497,51.5251361],[-0.1598272,51.5249015]],[[-0.160939,51.5255188],[-0.1608921,51.5254938]],[[-0.160939,51.5255188],[-0.1609783,51.5255279],[-0.1610182,51.525542],[-0.1610592,51.5255584],[-0.1610872,51.5255664],[-0.1611218,51.5255752],[-0.1611776,51.5255849],[-0.161225,51.5255901],[-0.1613718,51.5256048]],[[-0.1613718,51.5256048],[-0.1614333,51.525613],[-0.1614677,51.5256214],[-0.1614953,51.525633]],[[-0.1614953,51.525633],[-0.1615394,51.525717],[-0.1615609,51.5257611]],[[-0.1615609,51.5257611],[-0.1615895,51.5258029]],[[-0.1615895,51.5258029],[-0.1616105,51.5258399],[-0.1616461,51.5259091]],[[-0.1616461,51.5259091],[-0.1619881,51.5260856],[-0.162188,51.5261841],[-0.1624833,51.5262976],[-0.1625853,51.5263322],[-0.1628147,51.526416]],[[-0.1628147,51.526416],[-0.1630222,51.5265123],[-0.1630786,51.5265385],[-0.1631185,51.5265623],[-0.1632514,51.5266418],[-0.1633126,51.5266803]],[[-0.1633126,51.5266803],[-0.1641257,51.5271914],[-0.1642581,51.5272726]],[[-0.1642581,51.5272726],[-0.1643438,51.52733],[-0.1644162,51.5273753],[-0.1645961,51.527494],[-0.1647309,51.5275886],[-0.1651455,51.5278886],[-0.1652702,51.5279878],[-0.1654732,51.5281516],[-0.1655107,51.5281818],[-0.1655497,51.5282133]],[[-0.1655497,51.5282133],[-0.1655999,51.5282507],[-0.1657277,51.5283481]],[[-0.1657277,51.5283481],[-0.1658318,51.5283819],[-0.1658461,51.5283936],[-0.1661963,51.5286859],[-0.1661932,51.5287303]],[[-0.1661932,51.5287303],[-0.1662605,51.5287881],[-0.1663378,51.5288522],[-0.1664274,51.5289264],[-0.1665857,51.5290575]],[[-0.1665857,51.5290575],[-0.1667436,51.5291749]],[[-0.1667436,51.5291749],[-0.1668747,51.5292781],[-0.1669332,51.5293242],[-0.1671907,51.5295269],[-0.1672375,51.5295637],[-0.1672859,51.5296018],[-0.1673133,51.5296234]],[[-0.1673133,51.5296234],[-0.1674751,51.5297274],[-0.1675807,51.5297993],[-0.1676801,51.5298506],[-0.1678226,51.529917]],[[-0.1678226,51.529917],[-0.167929,51.5299486],[-0.1680741,51.5299877]],[[-0.1680741,51.5299877],[-0.1681963,51.5300087],[-0.1682943,51.5300223],[-0.1684266,51.530031],[-0.1686255,51.5300348]],[[-0.1686255,51.5300348],[-0.1687841,51.5300586],[-0.1688538,51.5300706],[-0.16894,51.5300899],[-0.1689662,51.5300975]],[[-0.1692145,51.5302265],[-0.1691637,51.5301881],[-0.1691167,51.5301575],[-0.1690785,51.5301359],[-0.1690481,51.5301231],[-0.169002,51.5301079],[-0.1689662,51.5300975]],[[-0.1707281,51.5314724],[-0.1706311,51.5313829],[-0.1703131,51.5311233],[-0.1696937,51.5306177],[-0.1695549,51.5305044],[-0.1692145,51.5302265]],[[-0.1729429,51.5332832],[-0.1728601,51.533219],[-0.17283,51.5331949],[-0.172789,51.5331621],[-0.1726693,51.5330663],[-0.1725142,51.5329442],[-0.1723598,51.5328227],[-0.1721345,51.532633],[-0.1720341,51.5325485],[-0.1717532,51.5323199],[-0.1716837,51.5322625],[-0.1714782,51.5320929],[-0.1711932,51.5318546],[-0.1709145,51.5316222],[-0.1707281,51.5314724]],[[-0.1753684,51.535301],[-0.1754458,51.5353414],[-0.175668,51.535546]],[[-0.175668,51.535546],[-0.1757652,51.5356287]],[[-0.1757652,51.5356287],[-0.1758037,51.5356625]],[[-0.1758037,51.5356625],[-0.1759263,51.5357792]],[[-0.1759263,51.5357792],[-0.1759932,51.5358509],[-0.1760266,51.5358868],[-0.1760532,51.5359217],[-0.1760873,51.5359608],[-0.1761277,51.5360141],[-0.176155,51.5360483]],[[-0.176155,51.5360483],[-0.1762051,51.5361316],[-0.1762582,51.5362242],[-0.1763037,51.5363398],[-0.1763143,51.5363926],[-0.1763324,51.5365016],[-0.1763397,51.5366118],[-0.1763337,51.5367806],[-0.1763277,51.5368585],[-0.1763153,51.5370184],[-0.1762857,51.5371975]],[[-0.1762857,51.5371975],[-0.1761386,51.5378918],[-0.1759833,51.5386245],[-0.1759114,51.5390689]],[[-0.1759114,51.5390689],[-0.1758375,51.5394829],[-0.1758278,51.5395273],[-0.175814,51.5395899]],[[-0.175814,51.5395899],[-0.17580828461122003,51.539615936771106]],[[-0.15271518493309902,51.53752123982467],[-0.1528263,51.5375131],[-0.1528973,51.5375084],[-0.1529576,51.5375045]],[[-0.1529576,51.5375045],[-0.1531092,51.5374943]],[[-0.1531092,51.5374943],[-0.1537043,51.5374478]],[[-0.1537043,51.5374478],[-0.1539635,51.537424],[-0.1541325,51.5374056]],[[-0.1541325,51.5374056],[-0.1543716,51.5373782],[-0.1544338,51.5373704],[-0.1544978,51.5373611],[-0.1546299,51.5373414]],[[-0.1546299,51.5373414],[-0.1547658,51.5373185],[-0.1548246,51.5373086],[-0.1548939,51.5372959],[-0.1553585,51.5372142]],[[-0.1553585,51.5372142],[-0.156083,51.5370813],[-0.1565994,51.536979],[-0.1571305,51.5368622],[-0.1578464,51.536695],[-0.1585679,51.5365276],[-0.15866548156053437,51.53650392686976]],[[-0.1588482534058292,51.53645958671294],[-0.1591421,51.5363883],[-0.1593548,51.536341]],[[-0.1593548,51.536341],[-0.1594504,51.5363178],[-0.1596209,51.5362769],[-0.1600072,51.5361818],[-0.1602586,51.5361142],[-0.1606933,51.5359907],[-0.1610205,51.5358949],[-0.1614764,51.5357553],[-0.1619459,51.535613],[-0.1621821,51.5355367],[-0.1624662,51.5354357],[-0.1627088,51.5353424],[-0.1630195,51.5352214],[-0.1631235,51.535178],[-0.1634595,51.5350378],[-0.163543,51.5350022],[-0.163553,51.5349974],[-0.1636639,51.5349445]],[[-0.1636639,51.5349445],[-0.1637687,51.5348883],[-0.1638143,51.5348641],[-0.1638718,51.5348356],[-0.1641448,51.5346886],[-0.1642368,51.5346375],[-0.1643592,51.5345664],[-0.1644508,51.5345117],[-0.1646788,51.5343459],[-0.164716,51.5343197],[-0.1649664,51.53411],[-0.1652234,51.5338987],[-0.1654554,51.533708],[-0.165533,51.5336312],[-0.165608,51.533557],[-0.1656682,51.5334878],[-0.1657214,51.5334267],[-0.1658022,51.5333187],[-0.165825,51.5332883],[-0.16597,51.5330955]],[[-0.16597,51.5330955],[-0.1660362,51.5330001]],[[-0.1660362,51.5330001],[-0.1661572,51.5327973],[-0.1663015,51.5325602],[-0.1666147,51.5320013],[-0.1668011,51.5316646],[-0.1668824,51.5315138],[-0.1669918,51.5313093],[-0.167064,51.5311848]],[[-0.167064,51.5311848],[-0.1671066,51.5311142],[-0.1671442,51.5310542],[-0.1672148,51.5309541],[-0.1673113,51.5308323]],[[-0.1673113,51.5308323],[-0.1672969,51.5307896],[-0.1672966,51.5307614],[-0.1673294,51.5307043],[-0.1674549,51.5304307],[-0.167499,51.5303063],[-0.1675048,51.5302909],[-0.1675322,51.5302005]],[[-0.1675322,51.5302005],[-0.1675263,51.5301113],[-0.1675276,51.5300621],[-0.1675272,51.5300423]],[[-0.1675272,51.5300423],[-0.167504,51.5299334],[-0.1674536,51.5298469],[-0.1674007,51.5297711],[-0.1673133,51.5296234]],[[-0.1661932,51.5287303],[-0.1661145,51.5287238],[-0.1660712,51.5286896],[-0.1658264,51.5284835],[-0.1658006,51.528462],[-0.1657627,51.52843],[-0.16575,51.5284198],[-0.1657277,51.5283481]],[[-0.1616461,51.5259091],[-0.1615542,51.5258857],[-0.1615024,51.525857]],[[-0.1615024,51.525857],[-0.1613892,51.5258086],[-0.1613362,51.5257778],[-0.1612982,51.5257551]],[[-0.1612982,51.5257551],[-0.1612058,51.5256989],[-0.1611229,51.5256458]],[[-0.1611229,51.5256458],[-0.1610722,51.5256219],[-0.1610378,51.5256031],[-0.1610032,51.5255818],[-0.1609759,51.525564],[-0.1609546,51.5255456],[-0.160939,51.5255188]],[[-0.158939,51.524428],[-0.1588088,51.5243986]],[[-0.1588088,51.5243986],[-0.1587516,51.5243704]],[[-0.1587516,51.5243704],[-0.158699,51.5243445]],[[-0.158699,51.5243445],[-0.158655,51.5243227],[-0.1585938,51.5242923],[-0.1585369,51.5242654],[-0.1585154,51.5242537],[-0.1584903,51.5242332]],[[-0.1584903,51.5242332],[-0.1584935,51.5242076]],[[-0.1580244,51.5134887],[-0.1580964,51.5134437],[-0.1581613,51.5134189],[-0.1582181,51.5133823],[-0.1582666,51.5133362],[-0.15831,51.5132895]],[[-0.1582,51.5130754],[-0.1582122,51.5130302],[-0.1582098,51.5129826],[-0.1582035,51.5129463],[-0.1581941,51.5129032],[-0.1581887,51.5128656],[-0.1581876,51.5128271],[-0.1581888,51.5128065],[-0.1581989,51.5127852],[-0.1582237,51.5127581],[-0.1582492,51.5127409],[-0.1582885,51.5127207]],[[-0.1582885,51.5127207],[-0.1583934,51.5126968],[-0.1584722,51.5126818],[-0.1585549,51.5126711]],[[-0.1585549,51.5126711],[-0.1587668,51.512645],[-0.1588284,51.5126298],[-0.1588714,51.5126068]],[[-0.1595552,51.5125482],[-0.1599102,51.5125026],[-0.1605848,51.5124172],[-0.160633,51.5124109]],[[-0.160633,51.5124109],[-0.1607353,51.5123997],[-0.1608165,51.5124012],[-0.1608959,51.5124116],[-0.1609237,51.5124198],[-0.1609486,51.5124315],[-0.1609854,51.5124542],[-0.1610234,51.5124814],[-0.1611125,51.5125562]],[[-0.1611125,51.5125562],[-0.1613956,51.5128251]],[[-0.1613956,51.5128251],[-0.1614891,51.5128466],[-0.161548,51.5129038],[-0.16159,51.5129416],[-0.1616263,51.5129758]],[[-0.1616263,51.5129758],[-0.1616665,51.5129984],[-0.1616988,51.5130148],[-0.1617557,51.5130354],[-0.1617928,51.5130457],[-0.1618657,51.5130617],[-0.1619405,51.5130753]],[[-0.162608,51.5130029],[-0.1626323,51.512959],[-0.1626521,51.5129532],[-0.1627419,51.5129387],[-0.1628125,51.5129321],[-0.1628527,51.5129274],[-0.1629115,51.5129679]],[[-0.1663723,51.512585],[-0.1664167,51.5125626],[-0.1664346,51.5125549],[-0.1664742,51.5125503],[-0.1665521,51.5125412],[-0.1666053,51.5125349],[-0.1667009,51.5125559]],[[-0.1736525,51.5118838],[-0.1737946,51.5118495],[-0.1738849,51.5118405],[-0.174024,51.5118241],[-0.1741213,51.5118132]],[[-0.1741213,51.5118132],[-0.1741766,51.5118185]],[[-0.1759801,51.5116316],[-0.1759929,51.5116858],[-0.1759951,51.5117161],[-0.1759919,51.5118041],[-0.175935,51.5119985]],[[-0.1846475544364855,51.53793734569898],[-0.1846317,51.5379273]],[[-0.1846317,51.5379273],[-0.1838861,51.537445],[-0.1837124,51.5373281],[-0.1831587,51.5369383],[-0.1829707,51.536806]],[[-0.1829707,51.536806],[-0.1822583,51.5362675],[-0.1822202,51.5362403],[-0.1821476,51.5361862],[-0.182062,51.5361172],[-0.1820264,51.5360885],[-0.181575,51.5357326],[-0.1811886,51.535428],[-0.1808897,51.535187],[-0.1807327,51.5350578],[-0.1806271,51.5349701],[-0.1805619,51.5349152],[-0.1804443,51.5348159],[-0.1802763,51.5346747],[-0.1802298,51.5346344]],[[-0.1802298,51.5346344],[-0.1800154,51.5344539],[-0.1797178,51.5342055],[-0.1796079,51.5341151],[-0.1793656,51.5339141],[-0.1789722,51.5335856],[-0.1787869,51.5334261]],[[-0.1787869,51.5334261],[-0.178706,51.5333568],[-0.1786481,51.5333074],[-0.1782223,51.5329297],[-0.1780765,51.5327996],[-0.1780624,51.5327858],[-0.1776461,51.5323805],[-0.1774781,51.5322123],[-0.1773285,51.5320574],[-0.1772181,51.5319494]],[[-0.1772181,51.5319494],[-0.1770281,51.5317605]],[[-0.1770281,51.5317605],[-0.1769887,51.5317088],[-0.1769444,51.5316375],[-0.1769072,51.5315686],[-0.1768231,51.5313911],[-0.1767367,51.5311694],[-0.1766145,51.5308085],[-0.1765972,51.5307526],[-0.1765865,51.5307043],[-0.1765677,51.5306243]],[[-0.1765677,51.5306243],[-0.1765568,51.5305571],[-0.1765397,51.5304839],[-0.1765323,51.5304252],[-0.1765242,51.5303288],[-0.1765149,51.5302316],[-0.1765027,51.5300949],[-0.1764847,51.5299143],[-0.1764738,51.5297951],[-0.1764709,51.5297749],[-0.1764608,51.5297144],[-0.1764475,51.5296725],[-0.1764253,51.5296333],[-0.1763916,51.5295848],[-0.1763671,51.529551],[-0.1763383,51.5295207],[-0.1762994,51.5294864],[-0.1762537,51.5294478],[-0.1761914,51.5293978],[-0.1760715,51.529298]],[[-0.1760715,51.529298],[-0.1760039,51.529243],[-0.1759448,51.5291948],[-0.1752485,51.5286264]],[[-0.1752485,51.5286264],[-0.1751961,51.5285825],[-0.1750519,51.528462],[-0.1745536,51.5280558]],[[-0.1745536,51.5280558],[-0.1742361,51.5278003],[-0.1741919,51.5277646],[-0.1740829,51.527674]],[[-0.1740829,51.527674],[-0.1739771,51.5275829],[-0.1739415,51.5275523],[-0.1737701,51.5274179],[-0.1736818,51.527355]],[[-0.1736818,51.527355],[-0.1736005,51.5272972],[-0.1735433,51.5272565],[-0.1734754,51.5272086],[-0.1734554,51.5271946],[-0.1733804,51.5271416],[-0.1732947,51.5270883],[-0.1732164,51.5270417],[-0.173115,51.52699],[-0.1730689,51.5269673],[-0.1729953,51.526931]],[[-0.1729953,51.526931],[-0.1727735,51.5268261]],[[-0.1727735,51.5268261],[-0.1725949,51.5267423],[-0.1720223,51.5264778]],[[-0.1720223,51.5264778],[-0.1718061,51.5263781],[-0.1717578,51.526357]],[[-0.1717578,51.526357],[-0.1715231,51.5262554]],[[-0.1715231,51.5262554],[-0.1714668,51.5262314],[-0.1714438,51.5262216]],[[-0.1714438,51.5262216],[-0.1712938,51.5261575]],[[-0.1712938,51.5261575],[-0.1711299,51.5260852],[-0.1710717,51.5260594]],[[-0.1710717,51.5260594],[-0.1710301,51.5260411],[-0.1710167,51.5260352],[-0.1709083,51.5259873]],[[-0.1709083,51.5259873],[-0.1706883,51.5258749],[-0.1697714,51.5254508],[-0.1685666,51.5248883]],[[-0.1685666,51.5248883],[-0.1685023,51.5248583],[-0.168453,51.524833]],[[-0.168453,51.524833],[-0.1683316,51.5247684],[-0.1682212,51.5246987]],[[-0.1682212,51.5246987],[-0.1681785,51.5246676],[-0.1681082,51.5246151]],[[-0.1681082,51.5246151],[-0.1678835,51.5244428],[-0.167357,51.5240358]],[[-0.167357,51.5240358],[-0.1672908,51.5240699],[-0.1672289,51.5241018],[-0.1669099,51.5242659],[-0.1666556,51.5244012],[-0.1662663,51.5245962],[-0.1662049,51.5246224],[-0.1659446,51.5247341]],[[-0.1659446,51.5247341],[-0.1658162,51.5247834],[-0.1657511,51.5248054],[-0.1656419,51.5248439],[-0.1655652,51.5248665]],[[-0.1655652,51.5248665],[-0.1654372,51.5249023]],[[-0.1654372,51.5249023],[-0.1652752,51.5249429],[-0.1651333,51.5249751],[-0.165017,51.5249994],[-0.1649102,51.5250209],[-0.1647893,51.525044]],[[-0.1647893,51.525044],[-0.163639,51.5252515],[-0.1636057,51.5252572]],[[-0.1636057,51.5252572],[-0.16358,51.5252617],[-0.1630964,51.5253468],[-0.1627741,51.5254059],[-0.1617901,51.5255849],[-0.1617225,51.5255978],[-0.1617007,51.5256022]],[[-0.1614953,51.525633],[-0.1616261,51.5256159],[-0.1617007,51.5256022]],[[-0.1614953,51.525633],[-0.1614623,51.525643],[-0.1614345,51.5256512],[-0.1614114,51.5256554],[-0.1613883,51.525658]],[[-0.1613883,51.525658],[-0.1613243,51.5256588],[-0.1612554,51.5256577],[-0.1612156,51.5256562],[-0.1611728,51.525653],[-0.1611229,51.5256458]],[[-0.1538002,51.5138912],[-0.1535734,51.513911],[-0.1534957,51.5139217],[-0.1532154,51.5139605],[-0.1531822,51.513965],[-0.1526472,51.5140265]],[[-0.1526472,51.5140265],[-0.1525607,51.5140364],[-0.152477,51.5140461],[-0.1524071,51.5140542],[-0.1520003,51.5141011],[-0.1519308,51.5141092],[-0.1516028,51.514147],[-0.1515143,51.5141573],[-0.151438,51.5141661],[-0.1513404,51.5141773]],[[-0.1507394,51.5142254],[-0.1511721,51.5141924],[-0.1512501,51.5141864],[-0.1513404,51.5141773]],[[-0.1502156,51.5142692],[-0.1502885,51.5142638],[-0.1503165,51.5142617],[-0.1503739,51.5142573],[-0.1507394,51.5142254]],[[-0.1491731,51.5143915],[-0.1493274,51.514372],[-0.1494129,51.5143612],[-0.1494828,51.5143523],[-0.1497974,51.5143125],[-0.1498831,51.5143016],[-0.1500921,51.5142786],[-0.1501177,51.5142766],[-0.1502156,51.5142692]],[[-0.1491125,51.5143999],[-0.1491731,51.5143915]],[[-0.146922,51.5146539],[-0.1469754,51.5146478],[-0.147056,51.5146384],[-0.1478987,51.5145407],[-0.1479746,51.5145319],[-0.1480606,51.5145219],[-0.1482433,51.5145007],[-0.1488436,51.5144311],[-0.1488756,51.5144274],[-0.1489129,51.5144231],[-0.1490238,51.5144102],[-0.1491125,51.5143999]],[[-0.146922,51.5146539],[-0.1467773,51.5146609],[-0.1466274,51.5146784],[-0.1464007,51.5147081],[-0.1461087,51.5147462],[-0.1458246,51.5147833],[-0.1457084,51.5147992],[-0.1455819,51.514815],[-0.1454484,51.5148325],[-0.1449374,51.5148993],[-0.1446519,51.5149379]],[[-0.1446519,51.5149379],[-0.1444819,51.5149592],[-0.1444264,51.5149652],[-0.1443164,51.5149803]],[[-0.1443164,51.5149803],[-0.1442115,51.5149956],[-0.144136,51.5150039],[-0.1438797,51.5150484]],[[-0.1438797,51.5150484],[-0.1435856,51.5150893],[-0.1435008,51.5151007]],[[-0.1435008,51.5151007],[-0.1433426,51.5151219],[-0.1432573,51.5151333]],[[-0.1432573,51.5151333],[-0.143185,51.5151424],[-0.1429431,51.5151729]],[[-0.1429431,51.5151729],[-0.1427024,51.5152032]],[[-0.1427024,51.5152032],[-0.1425668,51.5152059]],[[-0.1425668,51.5152059],[-0.1425157,51.5152431],[-0.1423001,51.5152688]],[[-0.1423001,51.5152688],[-0.142226,51.5152755]],[[-0.142226,51.5152755],[-0.1420715,51.5152938]],[[-0.1420715,51.5152938],[-0.141966,51.5153055]],[[-0.141966,51.5153055],[-0.1419463,51.5152429]],[[-0.1419463,51.5152429],[-0.1419166,51.5151464]],[[-0.1419166,51.5151464],[-0.1418727,51.5150025]],[[-0.1418727,51.5150025],[-0.1418249,51.5148462],[-0.1417645,51.5146659],[-0.141722,51.5145536]],[[-0.141722,51.5145536],[-0.141692,51.5144776],[-0.1416487,51.514376]],[[-0.1416487,51.514376],[-0.1416102,51.5142915],[-0.1415675,51.5142298],[-0.1415292,51.514177],[-0.1414889,51.5141298],[-0.1414542,51.5140862],[-0.1414097,51.514031]],[[-0.1414097,51.514031],[-0.1412723,51.5138633],[-0.1412487,51.5138343],[-0.1412114,51.5137898],[-0.1411476,51.5137155]],[[-0.1411476,51.5137155],[-0.1409331,51.5134683],[-0.1408576,51.5133874],[-0.140732,51.5132632],[-0.1406182,51.5131478]],[[-0.1406182,51.5131478],[-0.1405283,51.5130569],[-0.1404771,51.512996]],[[-0.1404771,51.512996],[-0.1402393,51.5127296]],[[-0.1402393,51.5127296],[-0.1398817,51.5123387],[-0.139832,51.5122801]],[[-0.139832,51.5122801],[-0.1397807,51.5122226]],[[-0.1397807,51.5122226],[-0.1397271,51.5121667],[-0.1396598,51.5120969]],[[-0.1396598,51.5120969],[-0.1396093,51.5120343],[-0.1395654,51.5119836]],[[-0.1395654,51.5119836],[-0.1394198,51.5118156]],[[-0.1394198,51.5118156],[-0.1393737,51.5117646],[-0.1392861,51.5116591],[-0.1392211,51.5115849],[-0.1391824,51.5115397]],[[-0.1391824,51.5115397],[-0.1390404,51.5113671]],[[-0.1390404,51.5113671],[-0.1389615,51.5112816],[-0.1388209,51.5111178]],[[-0.1388209,51.5111178],[-0.1387756,51.5110643],[-0.138773,51.5110613],[-0.1387581,51.5110448],[-0.1385456,51.5108079]],[[-0.1385456,51.5108079],[-0.138317,51.5105613]],[[-0.138317,51.5105613],[-0.1382831,51.5105205],[-0.1382079,51.5104207]],[[-0.1382079,51.5104207],[-0.1381703,51.5103803]],[[-0.1381703,51.5103803],[-0.1381234,51.510336],[-0.1380914,51.5103141],[-0.1380396,51.5102761]],[[-0.1380396,51.5102761],[-0.1379893,51.5102466],[-0.1379372,51.5102176],[-0.1378015,51.5101523],[-0.1376593,51.5100992],[-0.1375855,51.5100725]],[[-0.1375855,51.5100725],[-0.1373418,51.5100055],[-0.1370922,51.509961],[-0.136915,51.5099325]],[[-0.136915,51.5099325],[-0.1368116,51.5099208],[-0.1367402,51.5099152]],[[-0.1367402,51.5099152],[-0.1364116,51.5099076],[-0.1363613,51.5099092]],[[-0.1363613,51.5099092],[-0.1362194,51.5099123]],[[-0.1362194,51.5099123],[-0.1361399,51.5099169],[-0.1360575,51.5099243]],[[-0.1360575,51.5099243],[-0.1359707,51.5099356],[-0.135906,51.5099464]],[[-0.135906,51.5099464],[-0.1358468,51.5099562],[-0.135643,51.5099956],[-0.1355926,51.5100084],[-0.1355186,51.5100262]],[[-0.1355186,51.5100262],[-0.1353633,51.510069],[-0.1352601,51.5100984],[-0.1351849,51.5101246],[-0.1351346,51.5101326],[-0.135085,51.5101363],[-0.1349796,51.510135],[-0.1348959,51.5101286],[-0.134815,51.5101196],[-0.1346381,51.5100935]],[[-0.1346381,51.5100935],[-0.1344926,51.5100713]],[[-0.1344926,51.5100713],[-0.1343648,51.5100541],[-0.134253,51.5100408],[-0.1341699,51.5100342],[-0.1341051,51.5100315],[-0.1340373,51.5100338],[-0.1339386,51.5100395],[-0.1336488,51.5100718],[-0.1335806,51.5100809],[-0.1334631,51.5100933],[-0.1333807,51.5100988]],[[-0.1333807,51.5100988],[-0.1333291,51.5100881],[-0.1333051,51.5100826],[-0.1332757,51.5100725],[-0.1332422,51.510054],[-0.1328887,51.5097261]],[[-0.1328887,51.5097261],[-0.1327376,51.5095778],[-0.1326532,51.5094939],[-0.1325845,51.5094208],[-0.1325502,51.5093844],[-0.1325181,51.5093502],[-0.1324042,51.5092317]],[[-0.1324042,51.5092317],[-0.1323782,51.5092019],[-0.1321722,51.5089672],[-0.1320508,51.5088294],[-0.1318842,51.5086391],[-0.1318545,51.5086053],[-0.1318091,51.508555],[-0.1317462,51.5084826]],[[-0.1317462,51.5084826],[-0.1313862,51.5080763]],[[-0.1313862,51.5080763],[-0.1312218,51.5079003]],[[-0.1312218,51.5079003],[-0.1311444,51.5078715],[-0.1311058,51.507831],[-0.1310668,51.5077974],[-0.1310419,51.5077807],[-0.1309994,51.5077653],[-0.1309656,51.507756]],[[-0.1309656,51.507756],[-0.1303935,51.507696],[-0.130284,51.5076486]],[[-0.1300035,51.5076161],[-0.130284,51.5076486]],[[-0.1298835,51.5076042],[-0.1300035,51.5076161]],[[-0.1293502,51.5075414],[-0.1297436,51.5075878],[-0.1298465,51.5075999],[-0.1298835,51.5076042]],[[-0.1291712,51.5075234],[-0.1293502,51.5075414]],[[-0.1289998,51.5075106],[-0.1291712,51.5075234]],[[-0.1289998,51.5075106],[-0.1289843,51.5075215],[-0.1289715,51.5075323],[-0.1289,51.5075468],[-0.1288421,51.5075466],[-0.1286039,51.5075365]],[[-0.1286039,51.5075365],[-0.1285019,51.5075285],[-0.1284285,51.5075236],[-0.1283646,51.5075193],[-0.1283028,51.5075169],[-0.1282271,51.5075173],[-0.1281533,51.5075214],[-0.1280206,51.5075334],[-0.1278268,51.5075476]],[[-0.1278268,51.5075476],[-0.1277677,51.5075604],[-0.1277102,51.5075703]],[[-0.1277102,51.5075703],[-0.1274781,51.507649],[-0.1273954,51.5076753],[-0.1272457,51.5077347]],[[-0.1272457,51.5077347],[-0.1272004,51.5077616],[-0.1271657,51.5077926],[-0.1271496,51.5078235],[-0.1271425,51.5078588],[-0.1271447,51.5079132],[-0.1271506,51.5079586],[-0.1272353,51.508256]],[[-0.1272353,51.508256],[-0.1272947,51.5083929],[-0.1273077,51.5084297],[-0.1273208,51.5084669],[-0.1273271,51.5085071]],[[-0.1273271,51.5085071],[-0.1272982,51.508534],[-0.1272793,51.5085563],[-0.1272484,51.508569],[-0.1271796,51.5085736]],[[-0.1838891,51.5234749],[-0.1839026,51.5234083],[-0.1841064,51.5233143],[-0.1842135,51.5233095]],[[-0.1842135,51.5233095],[-0.1843998,51.5233514],[-0.1845334,51.5233989],[-0.1850703,51.5236197],[-0.1851583,51.5236608],[-0.1859115,51.5239454],[-0.1860526,51.5239816]],[[-0.1860526,51.5239816],[-0.1861354,51.5239454],[-0.1864723,51.5236496]],[[-0.1864723,51.5236496],[-0.1867958,51.5233878],[-0.1868908,51.5232992]],[[-0.1889729,51.5242979],[-0.1885913,51.5241099],[-0.1885687,51.5240992],[-0.1874156,51.5235545],[-0.186986,51.5233458],[-0.1868908,51.5232992]],[[-0.189741,51.5246759],[-0.1896445,51.5246299],[-0.1895514,51.5245837],[-0.1890232,51.5243221],[-0.1889729,51.5242979]],[[-0.1898348,51.5247208],[-0.189741,51.5246759]],[[-0.1900274,51.5248141],[-0.189976,51.5247888],[-0.1899338,51.524768],[-0.1898348,51.5247208]],[[-0.190099,51.5248495],[-0.1900274,51.5248141]],[[-0.1931222,51.5263274],[-0.1930018,51.5262689],[-0.1923268,51.525941],[-0.1913805,51.5254814],[-0.1903143,51.5249556],[-0.190099,51.5248495]],[[-0.1932282,51.5263789],[-0.1931681,51.5263497],[-0.1931222,51.5263274]],[[-0.1934643,51.5264816],[-0.1933128,51.52642],[-0.193284,51.526406],[-0.1932282,51.5263789]],[[-0.1936937,51.5265708],[-0.1936425,51.5265522],[-0.1935992,51.5265364],[-0.1934643,51.5264816]],[[-0.1938772,51.5266345],[-0.1936937,51.5265708]],[[-0.1965443,51.5275879],[-0.1963773,51.5275346],[-0.1961564,51.5274562],[-0.1953525,51.5271565],[-0.1949691,51.5270184],[-0.1946035,51.5268867],[-0.1938772,51.5266345]],[[-0.197727,51.5278301],[-0.1976851,51.5278217],[-0.1976172,51.5278096],[-0.1974767,51.5277833],[-0.1974024,51.5277696],[-0.1971951,51.5277257]],[[-0.1978499,51.5278546],[-0.197727,51.5278301]],[[-0.1981161,51.527905],[-0.1978499,51.5278546]],[[-0.201376,51.5285435],[-0.2012006,51.5285089],[-0.1983078,51.5279386],[-0.1981161,51.527905]],[[-0.201376,51.5285435],[-0.2014257,51.5286863],[-0.2015327,51.5291461],[-0.2016987,51.5297343],[-0.2018185,51.5300923],[-0.2020094,51.5306348],[-0.2020751,51.5307952],[-0.2022933,51.5312303],[-0.2025558,51.5316942],[-0.2027205,51.5320645],[-0.2027401,51.5321085],[-0.2027459,51.532123],[-0.2027739,51.5321924],[-0.2029786,51.5326775]],[[-0.2029786,51.5326775],[-0.2029944,51.5327325],[-0.2030132,51.5327981],[-0.2030281,51.5328494]],[[-0.2030281,51.5328494],[-0.2032384,51.5328621],[-0.2032934,51.5328656],[-0.2034773,51.5328772],[-0.20348056358592556,51.532877701413476]],[[-0.2043526223364603,51.53291919181949],[-0.2044842,51.532917],[-0.2045596645362977,51.532928777976714]],[[-0.2054146,51.532952],[-0.2053680546289221,51.5329517942746],[-0.20501978217508565,51.532950254948844]],[[-0.21533382173481944,51.531320194209925],[-0.2151213,51.5313776],[-0.2149132,51.5314337],[-0.2145623,51.5315108],[-0.2143618,51.5315516],[-0.2133181,51.531732],[-0.2130806,51.531754],[-0.2125174,51.5317762],[-0.211986,51.5318101],[-0.2116929,51.5318366],[-0.2109024,51.5319761],[-0.2108117,51.5320015],[-0.2104104,51.5321306],[-0.2100467,51.5322476],[-0.2099618,51.532273],[-0.2095825,51.532387],[-0.2092541,51.5324789],[-0.2085943,51.5326291],[-0.2084372,51.5326616],[-0.2080593,51.5327345],[-0.2078828,51.5327604],[-0.2076388,51.5327864],[-0.2074905,51.5328001],[-0.2071271,51.5328299],[-0.2068836311652051,51.53284868735891]],[[-0.15584803978179124,51.48960614894475],[-0.1558384,51.4896125]],[[-0.155139,51.4900559],[-0.1553121,51.4899581],[-0.1554438,51.489874],[-0.1556606,51.4897308],[-0.1556905,51.489711],[-0.1557242,51.4896884],[-0.1558384,51.4896125]],[[-0.155139,51.4900559],[-0.1550464,51.4900885],[-0.154945,51.4901118],[-0.1543879,51.4901949],[-0.1542525,51.4902176],[-0.1541021,51.4902503],[-0.1539293,51.4903054],[-0.1537426,51.4903716],[-0.1534578,51.4904735],[-0.1532508,51.4905273]],[[-0.1532508,51.4905273],[-0.1530969,51.4905536]],[[-0.1530969,51.4905536],[-0.1529142,51.4905793],[-0.152566,51.4906283]],[[-0.152566,51.4906283],[-0.1523195,51.4906629],[-0.1522649,51.4906705]],[[-0.1522649,51.4906705],[-0.1522043,51.4906799],[-0.1520184,51.4907087],[-0.1519663,51.4907168],[-0.1519005,51.4907269],[-0.1518466,51.4907352],[-0.1516619,51.4907638]],[[-0.1516619,51.4907638],[-0.1508252,51.4909007]],[[-0.1508252,51.4909007],[-0.1505776,51.4909259]],[[-0.1505776,51.4909259],[-0.150502,51.4909762],[-0.15044,51.490984]],[[-0.15044,51.490984],[-0.150402,51.4909878],[-0.1503489,51.4909893]],[[-0.1503489,51.4909893],[-0.1502517,51.4909736],[-0.1501958,51.4909622],[-0.1499196,51.4908893],[-0.1498754,51.4908769],[-0.1498068,51.4908563],[-0.1497546,51.4908395]],[[-0.1497546,51.4908395],[-0.1496325,51.4909442],[-0.1496056,51.4909664],[-0.1494963,51.4909873]],[[-0.1494963,51.4909873],[-0.1493816,51.4910822]],[[-0.1493816,51.4910822],[-0.1491883,51.4912422]],[[-0.1491883,51.4912422],[-0.1491326,51.4913792],[-0.1491051,51.4914031],[-0.1490676,51.4914357],[-0.1489888,51.4915041],[-0.1488615,51.4915128]],[[-0.1483826,51.4919584],[-0.1488075,51.491563],[-0.1488615,51.4915128]],[[-0.148143,51.4921817],[-0.1481787,51.4921481],[-0.1483826,51.4919584]],[[-0.147804,51.4925248],[-0.1479065,51.4924111],[-0.1479455,51.4923734],[-0.1480304,51.4922875],[-0.148143,51.4921817]],[[-0.147804,51.4925248],[-0.1477374,51.4926188],[-0.1477231,51.4926391],[-0.1476922,51.4926827],[-0.1475342,51.4929059]],[[-0.1468404,51.4939189],[-0.1468582,51.494002],[-0.1468448,51.4940291],[-0.1468221,51.4940668],[-0.1467818,51.4941366]],[[-0.1467818,51.4941366],[-0.14663,51.4943798],[-0.1466037,51.4944164],[-0.1464046,51.4946595],[-0.1460918,51.4950651],[-0.1459356,51.4952677],[-0.1458801,51.4953454],[-0.1456591,51.4956525],[-0.1456016,51.4957299]],[[-0.1456016,51.4957299],[-0.1454761,51.495899]],[[-0.1454761,51.495899],[-0.1454137,51.495987],[-0.1453681,51.4960513],[-0.1453646,51.4960563],[-0.1453382,51.4960935],[-0.145279,51.4961815]],[[-0.145279,51.4961815],[-0.1452472,51.4961742],[-0.1451804,51.4961588]],[[-0.1451804,51.4961588],[-0.1450549,51.4961301],[-0.1449999,51.4961166],[-0.1448112,51.496076],[-0.1446858,51.4960494]],[[-0.1446858,51.4960494],[-0.1446046,51.4961146]],[[-0.1446046,51.4961146],[-0.144516,51.4961725]],[[-0.1329243,51.5080551],[-0.1330802,51.508001],[-0.1331403,51.5079802]],[[-0.1331403,51.5079802],[-0.133225,51.5080663],[-0.1333139,51.5080866]],[[-0.1333139,51.5080866],[-0.1335217,51.5083306]],[[-0.1335217,51.5083306],[-0.1335522,51.5083376],[-0.1335874,51.5083551],[-0.1337517,51.5085413],[-0.1337551,51.5085663],[-0.1337456,51.5085888]],[[-0.1337456,51.5085888],[-0.1338008,51.5086522],[-0.1339993,51.5088809],[-0.1341743,51.5090819],[-0.134208,51.5091211],[-0.1342372,51.509155],[-0.1343057,51.5092287]],[[-0.1343057,51.5092287],[-0.1343314,51.5092607],[-0.1343567,51.5092923],[-0.1345799,51.5095215],[-0.134634,51.5095788],[-0.1346858,51.5096368],[-0.1347729,51.5097303]],[[-0.1347729,51.5097303],[-0.1348197,51.5097796],[-0.1348656,51.5098395]],[[-0.1348656,51.5098395],[-0.1349477,51.5099506]],[[-0.1349477,51.5099506],[-0.1350144,51.5100119],[-0.1350475,51.5100255],[-0.1350843,51.5100368],[-0.1351126,51.5100413],[-0.1351531,51.5100463],[-0.1351789,51.5100465],[-0.1352078,51.510042],[-0.1352396,51.5100334],[-0.1353205,51.5100052]],[[-0.1353205,51.5100052],[-0.1355252,51.5099512],[-0.1357763,51.5098943],[-0.1358812,51.509875]],[[-0.1358812,51.509875],[-0.1359457,51.5098651],[-0.135991,51.5098598]],[[-0.135991,51.5098598],[-0.1361406,51.5098469]],[[-0.1361406,51.5098469],[-0.1362249,51.5098444],[-0.1363052,51.5098407]],[[-0.1363052,51.5098407],[-0.1364759,51.5098345],[-0.1365745,51.5098367]],[[-0.1365745,51.5098367],[-0.1366664,51.5098414],[-0.1367526,51.5098465]],[[-0.1367526,51.5098465],[-0.1368677,51.5098576],[-0.1369512,51.5098676],[-0.1371072,51.5098852],[-0.1372915,51.5099172],[-0.1373579,51.5099316],[-0.1374389,51.5099493],[-0.137548,51.5099804]],[[-0.137548,51.5099804],[-0.1376901,51.5100238],[-0.1377955,51.5100598],[-0.1378378,51.5100764]],[[-0.1378378,51.5100764],[-0.1378815,51.5100936],[-0.1379374,51.5101184],[-0.1379933,51.5101452],[-0.1380432,51.510175],[-0.1381156,51.5102212]],[[-0.1381156,51.5102212],[-0.1381844,51.5102718],[-0.1382481,51.5103296],[-0.1382899,51.5103749],[-0.1383829,51.510478],[-0.1384264,51.5105243]],[[-0.1384264,51.5105243],[-0.1387667,51.5109093]],[[-0.1387667,51.5109093],[-0.1388556,51.5110099],[-0.1388573,51.5110118],[-0.1389219,51.5110851]],[[-0.1389219,51.5110851],[-0.1391413,51.5113339],[-0.1391727,51.5113689]],[[-0.1391727,51.5113689],[-0.1392665,51.5114758],[-0.1392858,51.5114966]],[[-0.1392858,51.5114966],[-0.139331,51.5115526],[-0.1393609,51.511586],[-0.139395,51.5116241],[-0.1394631,51.5117002],[-0.1394883,51.5117299],[-0.1395191,51.5117663]],[[-0.1395191,51.5117663],[-0.1396672,51.5119353]],[[-0.1396672,51.5119353],[-0.1397182,51.5119993],[-0.1397719,51.5120577]],[[-0.1397719,51.5120577],[-0.1398373,51.512129],[-0.1398683,51.5121643]],[[-0.1398683,51.5121643],[-0.1399828,51.5122947]],[[-0.1399828,51.5122947],[-0.1400671,51.5123938]],[[-0.1400671,51.5123938],[-0.140195,51.5125346],[-0.1402854,51.5126375]],[[-0.1402854,51.5126375],[-0.1405679,51.5129488]],[[-0.1405679,51.5129488],[-0.1406265,51.513025],[-0.1407061,51.5131204]],[[-0.1420527,51.5152292],[-0.1422065,51.515212]],[[-0.1422065,51.515212],[-0.1424903,51.5151798],[-0.1425668,51.5152059]],[[-0.1755893,51.5116457],[-0.175821,51.5115736]],[[-0.175821,51.5115736],[-0.175982,51.5115515],[-0.1760582,51.5115408],[-0.1760945,51.5115359],[-0.1762647,51.5115127],[-0.1763771,51.5115301]],[[-0.1867899,51.5102825],[-0.1868624,51.5102449],[-0.1869384,51.5102402],[-0.1870064,51.510235],[-0.1870586,51.510232],[-0.187167,51.5102248],[-0.1872074,51.5102222],[-0.1872725,51.5102478]],[[-0.1887193,51.534518],[-0.18873830561488542,51.534532930132634]],[[-0.1875317,51.5335177],[-0.1876014,51.5335773],[-0.1876315,51.533603],[-0.1876691,51.533631],[-0.1883315,51.5342017],[-0.1884626,51.5343093],[-0.1887193,51.534518]],[[-0.1849491,51.5312915],[-0.1854401,51.531706],[-0.1861324,51.5323056],[-0.18679,51.5328752],[-0.1869401,51.5330052],[-0.1873723,51.5333796],[-0.1874046,51.5334109],[-0.1874404,51.533441],[-0.1875317,51.5335177]],[[-0.184272,51.5307181],[-0.1843498,51.530784],[-0.184414,51.5308383],[-0.1848045,51.5311691],[-0.1849491,51.5312915]],[[-0.1841282,51.5306001],[-0.1841626,51.5306263],[-0.184272,51.5307181]],[[-0.1840505,51.530538],[-0.1841282,51.5306001]],[[-0.1839648,51.530467],[-0.1840505,51.530538]],[[-0.1824328,51.5291737],[-0.1825334,51.5292586],[-0.1827024,51.5293828],[-0.1829203,51.5295853],[-0.1831429,51.5297732],[-0.1834344,51.5300193],[-0.1838056,51.5303326],[-0.1839648,51.530467]],[[-0.1818396,51.5287461],[-0.1822143,51.5290067],[-0.1824328,51.5291737]],[[-0.1814798,51.5284986],[-0.1818396,51.5287461]],[[-0.1813353,51.5283812],[-0.1814395,51.5284664],[-0.1814671,51.5284875],[-0.1814798,51.5284986]],[[-0.1783597,51.5259864],[-0.178254,51.5258966],[-0.1782193,51.5258671],[-0.1781525,51.5258051]],[[-0.1781525,51.5258051],[-0.1780817,51.5257375],[-0.1779625,51.5256315],[-0.1779282,51.5256017],[-0.1779638,51.5255404]],[[-0.1774146,51.5250792],[-0.1775852,51.5252231],[-0.1778144,51.5254154],[-0.1778975,51.5254849],[-0.1779638,51.5255404]],[[-0.1770104,51.5247598],[-0.177041,51.5247818],[-0.1772954,51.5249799],[-0.1774146,51.5250792]],[[-0.1769118,51.5246866],[-0.1769392,51.5247067],[-0.1769837,51.5247388],[-0.1770104,51.5247598]],[[-0.1768168,51.5246169],[-0.1768564,51.5246504],[-0.1769118,51.5246866]],[[-0.1767226,51.5245478],[-0.1768168,51.5246169]],[[-0.1763032,51.524292],[-0.1766172,51.5244835],[-0.1767144,51.5245427],[-0.1767226,51.5245478]],[[-0.1761482,51.5242005],[-0.1763032,51.524292]],[[-0.1751635,51.5235539],[-0.1752086,51.523586],[-0.175363,51.523696],[-0.1754439,51.5237536],[-0.1755471,51.5238271],[-0.1757418,51.5239489],[-0.1759697,51.524095],[-0.1761482,51.5242005]],[[-0.1748561,51.5233368],[-0.1749723,51.5234212],[-0.1751635,51.5235539]],[[-0.1744845,51.5230768],[-0.174622,51.5231748],[-0.1746574,51.5232],[-0.1746927,51.5232249],[-0.1748023,51.5233022],[-0.1748561,51.5233368]],[[-0.1738398,51.5226466],[-0.1741389,51.5228407],[-0.1744845,51.5230768]],[[-0.1736423,51.5225118],[-0.1737474,51.5225855],[-0.1738398,51.5226466]],[[-0.1733246,51.5222911],[-0.1733366,51.5222992],[-0.1733685,51.5223208],[-0.1736423,51.5225118]],[[-0.1730778,51.5221239],[-0.1733246,51.5222911]],[[-0.1726889,51.521863],[-0.1728128,51.5219412],[-0.1728495,51.5219666],[-0.1729004,51.522002],[-0.1730778,51.5221239]],[[-0.1723047,51.5216196],[-0.1724933,51.5217397],[-0.172538,51.5217678],[-0.1725764,51.5217921],[-0.1726889,51.521863]],[[-0.1719578,51.5213852],[-0.1723047,51.5216196]],[[-0.1716823,51.5211906],[-0.1717749,51.5212593],[-0.1718537,51.5213148],[-0.1719578,51.5213852]],[[-0.171642,51.5211594],[-0.1716823,51.5211906]],[[-0.171318,51.5209077],[-0.171348,51.520933],[-0.1714318,51.520997],[-0.1714748,51.5210299],[-0.1715237,51.5210678],[-0.171642,51.5211594]],[[-0.171226,51.520835],[-0.171318,51.5209077]],[[-0.1712158,51.5208265],[-0.171226,51.520835]],[[-0.1712158,51.5208265],[-0.1710927,51.5207696]],[[-0.1710927,51.5207696],[-0.1709133,51.5206287]],[[-0.1709133,51.5206287],[-0.1707317,51.5204878],[-0.1706449,51.5204204]],[[-0.1706449,51.5204204],[-0.1705849,51.5203738],[-0.1705191,51.5203228],[-0.1704397,51.5202619],[-0.1704033,51.5202329]],[[-0.1704033,51.5202329],[-0.170177,51.5200573]],[[-0.170177,51.5200573],[-0.1699409,51.5199058],[-0.1698357,51.5198358]],[[-0.1698357,51.5198358],[-0.1696948,51.5197418],[-0.1693479,51.5195085]],[[-0.1693479,51.5195085],[-0.1691434,51.5193824],[-0.1691124,51.5193627],[-0.1690704,51.5193297],[-0.1690352,51.5192546]],[[-0.1686194,51.5189649],[-0.1688755,51.5191433],[-0.1689142,51.5191703],[-0.1690352,51.5192546]],[[-0.1683461,51.5187745],[-0.1685835,51.5189393],[-0.1686194,51.5189649]],[[-0.1683461,51.5187745],[-0.168269,51.5187691],[-0.1681545,51.5186871],[-0.1680979,51.5186466],[-0.1680711,51.5186274],[-0.1680613,51.518576]],[[-0.1676764,51.5183079],[-0.1677695,51.5183679],[-0.167871,51.5184435],[-0.1678978,51.5184621],[-0.1680613,51.518576]],[[-0.1676764,51.5183079],[-0.1676213,51.5183067],[-0.1675906,51.5182867],[-0.1675444,51.5182565],[-0.1675139,51.5182366]],[[-0.1675139,51.5182366],[-0.1673991,51.5181617]],[[-0.1673991,51.5181617],[-0.1672781,51.5180824],[-0.1671352,51.5179889],[-0.1666645,51.5176622],[-0.1664236,51.5174963]],[[-0.1664236,51.5174963],[-0.1660117,51.5172167]],[[-0.1660117,51.5172167],[-0.1658593,51.5171103],[-0.1658125,51.5170781],[-0.1657659,51.5170459],[-0.1657365,51.5170265]],[[-0.1657365,51.5170265],[-0.1655399,51.5168971]],[[-0.1655399,51.5168971],[-0.1654595,51.5168466],[-0.1654054,51.5168126],[-0.1652413,51.5167015]],[[-0.1652413,51.5167015],[-0.1649337,51.5164925]],[[-0.1649337,51.5164925],[-0.1648647,51.5164434],[-0.1646244,51.5162789],[-0.1645924,51.5162565]],[[-0.1645924,51.5162565],[-0.164265,51.516033],[-0.1642261,51.5160061],[-0.1641873,51.5159792],[-0.1640838,51.5159082]],[[-0.1640838,51.5159082],[-0.1639837,51.5158395],[-0.1639039,51.5157846],[-0.1639162,51.5157306]],[[-0.1632797,51.5152993],[-0.1637004,51.5155896],[-0.1638413,51.5156806],[-0.1639162,51.5157306]],[[-0.1632797,51.5152993],[-0.163184,51.515288],[-0.1631104,51.515239],[-0.1630132,51.5151741],[-0.1629656,51.5151423],[-0.1629157,51.515109],[-0.16291,51.5151055],[-0.1629309,51.5150639]],[[-0.1628641,51.5150189],[-0.1629309,51.5150639]],[[-0.1622136,51.5145972],[-0.162506,51.5147867],[-0.1626695,51.514893],[-0.1627149,51.5149221],[-0.1627582,51.5149475],[-0.1628641,51.5150189]],[[-0.1618193,51.5143449],[-0.1622136,51.5145972]],[[-0.1615928,51.5142003],[-0.161744,51.514295],[-0.1617817,51.51432],[-0.1618193,51.5143449]],[[-0.1615928,51.5142003],[-0.1614196,51.5141362],[-0.161192,51.5139922],[-0.1610784,51.5139223],[-0.1610315,51.5138933]],[[-0.1610315,51.5138933],[-0.1608751,51.5137968]],[[-0.1608751,51.5137968],[-0.1604743,51.5135493]],[[-0.1604743,51.5135493],[-0.160359,51.5134781],[-0.1602884,51.5134345]],[[-0.1602884,51.5134345],[-0.1602276,51.513397],[-0.160177,51.5133657]],[[-0.160177,51.5133657],[-0.1601087,51.5133236],[-0.1600509,51.5132943],[-0.1600001,51.5132756],[-0.1599515,51.5132592],[-0.1598857,51.5132437]],[[-0.141966,51.5153055],[-0.1418216,51.5153227]],[[-0.1418216,51.5153227],[-0.1415402,51.5153695],[-0.1408193,51.5154781],[-0.1406963,51.5154939]],[[-0.1406963,51.5154939],[-0.140434,51.5155204]],[[-0.140434,51.5155204],[-0.1393636,51.5156144],[-0.1387603,51.515669]],[[-0.1387603,51.515669],[-0.1383274,51.5157092],[-0.1376561,51.5157807]],[[-0.1376561,51.5157807],[-0.1373151,51.5158172],[-0.1369802,51.5158506],[-0.1368801,51.515862]],[[-0.1368801,51.515862],[-0.1367866,51.5158703]],[[-0.1367866,51.5158703],[-0.136594,51.515888],[-0.1361604,51.5159323],[-0.1360624,51.5159429],[-0.1358866,51.5159622]],[[-0.1358866,51.5159622],[-0.1351279,51.5160358],[-0.1349407,51.5160568],[-0.1348272,51.5160688],[-0.1347123,51.5160797],[-0.1346453,51.51607]],[[-0.1345883,51.5160747],[-0.1346453,51.51607]],[[-0.134048,51.5161312],[-0.1343959,51.5160973],[-0.1345045,51.5160843],[-0.1345883,51.5160747]],[[-0.1328665,51.5162463],[-0.1330121,51.5162317],[-0.1330818,51.5162258],[-0.1332832,51.5162088],[-0.1337237,51.5161653],[-0.1339242,51.5161442],[-0.134048,51.5161312]],[[-0.1303693,51.5164151],[-0.1305928,51.5164178],[-0.1306978,51.5164164],[-0.1307656,51.516415],[-0.1309312,51.5164042],[-0.1313028,51.5163907],[-0.1317116,51.5163526],[-0.1320256,51.5163175],[-0.132307,51.5162907],[-0.1326418,51.5162644],[-0.1326713,51.5162622],[-0.132747,51.5162559],[-0.1328665,51.5162463]],[[-0.1971289013624385,51.51478945959517],[-0.1971067,51.5147929],[-0.19692109073527247,51.51481470518925]],[[-0.19507467584062613,51.515028873730586],[-0.1950402,51.5150324]],[[-0.191968,51.5153815],[-0.1922015,51.5153554],[-0.1929032,51.515277],[-0.1939363,51.5151739],[-0.1941106,51.5151534],[-0.1941617,51.5151474],[-0.1942118,51.5151401],[-0.1944888,51.5151002],[-0.194757,51.5150593],[-0.1948167,51.5150524],[-0.1950402,51.5150324]],[[-0.1883615,51.5158113],[-0.1885572,51.515775],[-0.1886315,51.5157626],[-0.1892745,51.5156828],[-0.1898554,51.5156148],[-0.1902397,51.5155717],[-0.1906367,51.5155271],[-0.190727,51.5155182],[-0.1912319,51.5154573],[-0.1912943,51.5154511],[-0.191968,51.5153815]],[[-0.1883615,51.5158113],[-0.1882166,51.5158587],[-0.1881635,51.5158743],[-0.1880953,51.515895],[-0.1880042,51.5159227],[-0.1879264,51.5159463],[-0.1876785,51.5160222],[-0.187632,51.5160365],[-0.1874599,51.516089]],[[-0.1874599,51.516089],[-0.1873004,51.5161316],[-0.1872538,51.516144],[-0.1870074,51.5162098],[-0.1867383,51.5162816],[-0.1860123,51.5164753],[-0.1852118,51.5166889],[-0.1844505,51.5168921],[-0.1842736,51.5169393]],[[-0.1842736,51.5169393],[-0.1838563,51.5170506],[-0.1836213,51.5171138],[-0.1835609,51.5171298],[-0.1834874,51.5171503]],[[-0.1834874,51.5171503],[-0.1833501,51.5171857]],[[-0.1833501,51.5171857],[-0.1831786,51.5172297]],[[-0.1831786,51.5172297],[-0.1831175,51.5172454],[-0.183056,51.5172612],[-0.1826627,51.5173715]],[[-0.1826627,51.5173715],[-0.1823519,51.5174587],[-0.1822863,51.5174788],[-0.1821692,51.5175147],[-0.1820322,51.5175555]],[[-0.1820322,51.5175555],[-0.1819491,51.5176241],[-0.1819216,51.5176324],[-0.1818208,51.5176523],[-0.181772,51.5176436],[-0.1817369,51.5176336]],[[-0.1817369,51.5176336],[-0.1816929,51.5176437],[-0.1813184,51.51773],[-0.1812621,51.51774],[-0.18114,51.5177618],[-0.1807867,51.5178428],[-0.1807293,51.5178579],[-0.1806843,51.5178693],[-0.1805359,51.5179089],[-0.1804392,51.5179448]],[[-0.1797246,51.5174348],[-0.1800281,51.5176459]],[[-0.1793197,51.5171567],[-0.1794394,51.5172396],[-0.1797246,51.5174348]],[[-0.1763603,51.5151831],[-0.1765127,51.5152553],[-0.1765867,51.5152853],[-0.1766358,51.5153144],[-0.1768433,51.5154415],[-0.1780738,51.5162911],[-0.178134,51.5163355],[-0.1786735,51.5167092],[-0.1787285,51.5167472],[-0.1787735,51.5167784],[-0.1793197,51.5171567]],[[-0.1763603,51.5151831],[-0.1762933,51.5152195],[-0.1762503,51.5152415],[-0.1762029,51.5152653]],[[-0.1762029,51.5152653],[-0.176199,51.5152672],[-0.1760934,51.5153243]],[[-0.1760934,51.5153243],[-0.1759596,51.5153965]],[[-0.1759596,51.5153965],[-0.1758902,51.515434]],[[-0.1758902,51.515434],[-0.1757262,51.5155226],[-0.1756105,51.5155863],[-0.175356,51.5157273]],[[-0.175356,51.5157273],[-0.1753014,51.515758],[-0.1752468,51.5157887]],[[-0.1752468,51.5157887],[-0.1750791,51.5158789]],[[-0.1750791,51.5158789],[-0.1749324,51.5159599]],[[-0.1749324,51.5159599],[-0.174823,51.5160206],[-0.1747883,51.51604],[-0.1747501,51.5160613],[-0.1744071,51.5162547],[-0.1742456,51.5163461]],[[-0.1742456,51.5163461],[-0.1742026,51.5163692],[-0.1737441,51.5166209],[-0.1736582,51.5166687],[-0.1728956,51.517093]],[[-0.1728956,51.517093],[-0.1728108,51.5171395],[-0.1724143,51.5173575],[-0.1722051,51.5174721]],[[-0.1722051,51.5174721],[-0.1720564,51.5175542],[-0.1712039,51.5180228],[-0.1711798,51.518036],[-0.1711301,51.5180633],[-0.1709887,51.5181483],[-0.1704724,51.5184254],[-0.1704271,51.5184497],[-0.1704173,51.5184551]],[[-0.1704173,51.5184551],[-0.1698403,51.5187828]],[[-0.1698403,51.5187828],[-0.1696983,51.5188657]],[[-0.1696983,51.5188657],[-0.1692816,51.5191083]],[[-0.1692816,51.5191083],[-0.1692412,51.5191345],[-0.1691959,51.5191625],[-0.169151,51.5191882],[-0.1690352,51.5192546]],[[-0.1422684,51.5070271],[-0.1422556,51.5070801],[-0.1422279,51.5070949],[-0.1422034,51.5071068],[-0.1420668,51.5071738]],[[-0.1420668,51.5071738],[-0.1419749,51.5072177],[-0.1415331,51.5074386],[-0.141337,51.5075367],[-0.1407315,51.5077805]],[[-0.1407315,51.5077805],[-0.1406356,51.5078203]],[[-0.1406356,51.5078203],[-0.1405973,51.5078349]],[[-0.1405973,51.5078349],[-0.1404519,51.5078941],[-0.1401736,51.5079981],[-0.1401234,51.5080183],[-0.1399854,51.5080704]],[[-0.1399854,51.5080704],[-0.1397048,51.50817],[-0.1394548,51.508252],[-0.1392976,51.5082695]],[[-0.1388834,51.5084042],[-0.1387925,51.5084571],[-0.1387419,51.5084784]],[[-0.1387419,51.5084784],[-0.1386516,51.5085065]],[[-0.1386516,51.5085065],[-0.1386061,51.5085208]],[[-0.1386061,51.5085208],[-0.1382156,51.5086437],[-0.1376352,51.50883],[-0.1372739,51.5089396]],[[-0.1372739,51.5089396],[-0.1371998,51.5089629],[-0.1371211,51.5089858]],[[-0.1371211,51.5089858],[-0.1370994,51.5089921],[-0.1368029,51.5090813],[-0.1362401,51.509282],[-0.1360079,51.5093629]],[[-0.1360079,51.5093629],[-0.1359395,51.5093862],[-0.1358742,51.5094065]],[[-0.1358742,51.5094065],[-0.1358527,51.5094128],[-0.1350844,51.5096578],[-0.1350076,51.5096834]],[[-0.1350076,51.5096834],[-0.1349316,51.5097095],[-0.1348913,51.5097362],[-0.1348723,51.5097692],[-0.1348656,51.5098395]],[[-0.1348656,51.5098395],[-0.1348645,51.5098861],[-0.1348604,51.5099234],[-0.1348404,51.5099573],[-0.1348156,51.5099859],[-0.1347676,51.5100247],[-0.1347126,51.5100568],[-0.1346381,51.5100935]],[[-0.1272457,51.5077347],[-0.1271063,51.5077657],[-0.1270122,51.5078037]],[[-0.1270122,51.5078037],[-0.1268986,51.5078746],[-0.1266547,51.5080026],[-0.126478,51.5080928],[-0.1261746,51.5082354]],[[-0.1261746,51.5082354],[-0.1259325,51.5083708],[-0.1258559,51.5084198],[-0.1257197,51.5085005]],[[-0.1257197,51.5085005],[-0.1255779,51.5085772],[-0.1254902,51.5086259]],[[-0.1435840064093246,51.52391654526559],[-0.1436149,51.5239192],[-0.1439341,51.5239528],[-0.1439956,51.5239594],[-0.1440557,51.5239663],[-0.1442338,51.5239873]],[[-0.1442338,51.5239873],[-0.1444036,51.5240029],[-0.1445079,51.5240049],[-0.1446138,51.5239972],[-0.1447305,51.5239815]],[[-0.1447305,51.5239815],[-0.1449473,51.5239467],[-0.1451711,51.5239114]],[[-0.1451711,51.5239114],[-0.145367,51.5238842],[-0.1454392,51.5238716]],[[-0.1454392,51.5238716],[-0.1466165,51.5236691],[-0.1467,51.523654]],[[-0.1467,51.523654],[-0.1470608,51.5235889]],[[-0.1470608,51.5235889],[-0.1476163,51.5234924],[-0.1476906,51.5234801],[-0.1478664,51.5234438]],[[-0.1478664,51.5234438],[-0.1484538,51.5233393]],[[-0.1484538,51.5233393],[-0.148752,51.523293],[-0.1488055,51.5232852],[-0.1489463,51.5232632]],[[-0.1489463,51.5232632],[-0.1495747,51.5231987],[-0.149635,51.5231926],[-0.1501315,51.5231481],[-0.1503061,51.5231325]],[[-0.1503061,51.5231325],[-0.1504684,51.5231179]],[[-0.1504684,51.5231179],[-0.1505902,51.5231086],[-0.150905,51.5230844],[-0.1509778,51.523079],[-0.1511409,51.523066]],[[-0.1511409,51.523066],[-0.1513872,51.523061],[-0.1518011,51.5230343],[-0.1520235,51.5230177]],[[-0.1520235,51.5230177],[-0.1522057,51.5230031],[-0.1525676,51.5229632],[-0.1526348,51.5229522],[-0.1527283,51.5229339],[-0.1532824,51.5228347],[-0.1542332,51.5226565],[-0.1554618,51.5224429],[-0.1554997,51.522436],[-0.1556384,51.5224108]],[[-0.1556384,51.5224108],[-0.1561013,51.5223268],[-0.1562707,51.5222961]],[[-0.1562707,51.5222961],[-0.1565,51.522253],[-0.1565468,51.5222446]],[[-0.1565468,51.5222446],[-0.1570255,51.5221567],[-0.1570927,51.5221474]],[[-0.1570927,51.5221474],[-0.1571773,51.5221289],[-0.1573085,51.5221058],[-0.1574975,51.522072]],[[-0.1574975,51.522072],[-0.1576328,51.5220494]],[[-0.1576328,51.5220494],[-0.157842,51.5220152]],[[-0.157842,51.5220152],[-0.157872,51.5220107],[-0.1579033,51.5220053]],[[-0.1579033,51.5220053],[-0.1584144,51.5219165],[-0.1592915,51.5217549]],[[-0.1592915,51.5217549],[-0.1594846,51.521721]],[[-0.1594846,51.521721],[-0.1595975,51.5216996]],[[-0.1595975,51.5216996],[-0.159837,51.5216553]],[[-0.159837,51.5216553],[-0.1598893,51.5216458],[-0.1599421,51.5216377]],[[-0.1599421,51.5216377],[-0.1599886,51.5216332],[-0.1600413,51.5216277]],[[-0.1600413,51.5216277],[-0.1603425,51.521597]],[[-0.1603425,51.521597],[-0.1604771,51.5215236],[-0.1606052,51.5214969]],[[-0.1606052,51.5214969],[-0.1608789,51.5214473]],[[-0.1608789,51.5214473],[-0.1608988,51.5214436],[-0.1610753,51.5214113]],[[-0.1610753,51.5214113],[-0.1616686,51.5213352],[-0.1622086,51.5212478],[-0.1626823,51.5211708]],[[-0.1626823,51.5211708],[-0.1627415,51.52116],[-0.1629597,51.5211226]],[[-0.1629597,51.5211226],[-0.1629922,51.5211181],[-0.1631369,51.5210927]],[[-0.1631369,51.5210927],[-0.1635856,51.5210101]],[[-0.1635856,51.5210101],[-0.1638002,51.5209722]],[[-0.1638002,51.5209722],[-0.163882,51.5209592],[-0.1641021,51.5209209]],[[-0.1641021,51.5209209],[-0.1644387,51.5208568],[-0.1645163,51.5208421]],[[-0.1645163,51.5208421],[-0.1650124,51.5207537],[-0.1651,51.520738]],[[-0.1651,51.520738],[-0.1651887,51.5206938],[-0.165227,51.5206692],[-0.1652531,51.5206522],[-0.1652807,51.5206251],[-0.1652997,51.5206063],[-0.1653334,51.520573],[-0.1655002,51.5204105]],[[-0.1656634,51.5201272],[-0.1655737,51.5202907],[-0.1655002,51.5204105]],[[-0.1656634,51.5201272],[-0.1657183,51.5200182],[-0.1657292,51.5199902],[-0.1657472,51.5199483]],[[-0.1657472,51.5199483],[-0.1657458,51.5198425],[-0.1657605,51.5197971]],[[-0.1657605,51.5197971],[-0.1658264,51.5197088]],[[-0.1658264,51.5197088],[-0.1658963,51.5195209],[-0.1659182,51.5194333]],[[-0.1659182,51.5194333],[-0.1659393,51.5193436],[-0.1659737,51.5192742],[-0.1660008,51.5192462],[-0.1660338,51.5192121],[-0.1660974,51.5191493],[-0.1661736,51.5190849]],[[-0.1661736,51.5190849],[-0.1663411,51.5189572],[-0.1665257,51.5188164],[-0.1666161,51.5187419],[-0.1669593,51.5184863]],[[-0.1669593,51.5184863],[-0.1670367,51.5184169]],[[-0.1670367,51.5184169],[-0.1671215,51.5183506],[-0.1672557,51.5182587],[-0.1672983,51.5182296],[-0.1673234,51.5182125]],[[-0.1673234,51.5182125],[-0.1673991,51.5181617]],[[-0.1673991,51.5181617],[-0.1674657,51.5181183]],[[-0.1674657,51.5181183],[-0.1675412,51.5180646],[-0.1675684,51.5180482],[-0.1676044,51.5180257],[-0.1676295,51.5180109],[-0.1677445,51.517938]],[[-0.1677445,51.517938],[-0.1677929,51.5179117],[-0.1681097,51.517729],[-0.1686752,51.5174213]],[[-0.1686752,51.5174213],[-0.1687263,51.5173916],[-0.1687552,51.517375],[-0.1688194,51.5173387]],[[-0.1688194,51.5173387],[-0.1688725,51.5173093],[-0.1689202,51.5172848]],[[-0.1689202,51.5172848],[-0.1689334,51.517277],[-0.1690241,51.5172224]],[[-0.1690241,51.5172224],[-0.1691945,51.5171247]],[[-0.1691945,51.5171247],[-0.1692639,51.5170849]],[[-0.1692639,51.5170849],[-0.169408,51.5170023],[-0.1696354,51.5168757]],[[-0.1696354,51.5168757],[-0.1699101,51.516723]],[[-0.1699101,51.516723],[-0.1700139,51.5166652],[-0.1700396,51.5166509]],[[-0.1700396,51.5166509],[-0.1700677,51.5166352],[-0.1700972,51.5166193]],[[-0.1700972,51.5166193],[-0.1701829,51.5165732]],[[-0.1701829,51.5165732],[-0.1702823,51.5165174]],[[-0.1702823,51.5165174],[-0.1703574,51.5164752],[-0.1704074,51.5164471]],[[-0.1704074,51.5164471],[-0.170705,51.5162802]],[[-0.170705,51.5162802],[-0.1707784,51.5162391],[-0.1708117,51.5162203]],[[-0.1708117,51.5162203],[-0.1710537,51.5160841]],[[-0.1710537,51.5160841],[-0.1710936,51.5160622],[-0.1711246,51.5160443]],[[-0.1711246,51.5160443],[-0.1711876,51.516009]],[[-0.1711876,51.516009],[-0.1713029,51.5159442]],[[-0.1713029,51.5159442],[-0.1713736,51.5160021],[-0.1717722,51.516292],[-0.1720437,51.5165127]],[[-0.1720437,51.5165127],[-0.1722986,51.5166898],[-0.1723378,51.516717],[-0.1724792,51.5168152],[-0.172607,51.5169038]],[[-0.172607,51.5169038],[-0.1726937,51.5169603]],[[-0.1726937,51.5169603],[-0.1728358,51.5170537],[-0.1728956,51.517093]],[[-0.1817369,51.5176336],[-0.1817408,51.5176191],[-0.1817438,51.5176069],[-0.1817512,51.5175962],[-0.1817625,51.5175879],[-0.1817973,51.5175778],[-0.1819004,51.517549],[-0.1819399,51.5175443],[-0.1819717,51.5175444],[-0.1820064,51.5175474],[-0.1820322,51.5175555]],[[-0.1192477,51.5112718],[-0.1193312,51.5112039],[-0.1193931,51.5111823]],[[-0.1193931,51.5111823],[-0.1196481,51.5110986],[-0.1197175,51.5110773]],[[-0.1197175,51.5110773],[-0.119768,51.5110599],[-0.1203144,51.5108736]],[[-0.1203144,51.5108736],[-0.1205912,51.5107672],[-0.1209469,51.5106306],[-0.1210689,51.5105787],[-0.1213792,51.5104611],[-0.1214473,51.5104323],[-0.121963,51.5102303],[-0.1225762,51.5099784]],[[-0.1225762,51.5099784],[-0.1231146,51.5097428],[-0.1231699,51.5097143],[-0.1233602,51.5096291]],[[-0.1233602,51.5096291],[-0.1239675,51.5093225],[-0.1240252,51.5092941],[-0.1244646,51.5090727],[-0.1249743,51.5088076],[-0.1250213,51.5087827],[-0.1251879,51.5086963],[-0.1252644,51.5086545]],[[-0.1252644,51.5086545],[-0.1254525,51.5085429]],[[-0.1254525,51.5085429],[-0.1255451,51.5084898],[-0.1256548,51.5084298],[-0.12578,51.5083621],[-0.1261563,51.5081668],[-0.126386,51.5080483]],[[-0.126386,51.5080483],[-0.126498,51.5079897],[-0.1267293,51.5078715],[-0.1267714,51.5078454],[-0.1268363,51.5078038],[-0.126936,51.5077421],[-0.1270541,51.5076831]],[[-0.1270541,51.5076831],[-0.1271157,51.507617],[-0.1271581,51.5075715]],[[-0.1271581,51.5075715],[-0.1272218,51.5075085],[-0.1272837,51.5074625]],[[-0.1272837,51.5074625],[-0.1272802,51.5074545]],[[-0.1272802,51.5074545],[-0.1272779,51.5074363],[-0.1272858,51.5074002],[-0.1273012,51.5073603],[-0.1273162,51.5073309],[-0.1273415,51.507302]],[[-0.1273415,51.507302],[-0.127413,51.5072539]],[[-0.127413,51.5072539],[-0.1274338,51.5072089],[-0.1274392,51.5071681],[-0.1274381,51.5071318],[-0.1273961,51.5068505]],[[-0.1273961,51.5068505],[-0.1273698,51.5067902],[-0.1273065,51.5066452],[-0.1272307,51.506483],[-0.127109,51.5062712]],[[-0.1803229440540923,51.501437393569006],[-0.1803078,51.5014717]],[[-0.1806122,51.5014488],[-0.180503,51.5014548],[-0.1803078,51.5014717]],[[-0.1815054,51.50144],[-0.1806828,51.501444],[-0.1806122,51.5014488]],[[-0.18352586478948782,51.50164777198574],[-0.18270304734149245,51.5015164456401]],[[-0.1817703925727717,51.50144116360907],[-0.1815054,51.50144]],[[-0.186934,51.5103004],[-0.1869849,51.5104398]],[[-0.1869849,51.5104398],[-0.1871755,51.5110252],[-0.1873434,51.5114807],[-0.1873925,51.5116165],[-0.187438,51.5117455],[-0.1874823,51.5119114],[-0.1875091,51.512127],[-0.187548,51.5123535],[-0.1876177,51.5127483],[-0.1877607,51.5136147],[-0.1877681,51.5136624],[-0.1877733,51.5137111],[-0.1877733,51.5137825]],[[-0.1877733,51.5137825],[-0.1877559,51.5138803],[-0.1877487,51.5139206]],[[-0.1877487,51.5139206],[-0.1877411,51.5139922],[-0.1878954,51.5144894]],[[-0.1878954,51.5144894],[-0.1879325,51.5146409]],[[-0.1879325,51.5146409],[-0.1879361,51.5146806],[-0.1880766,51.5151319],[-0.1881125,51.5151785]],[[-0.1881125,51.5151785],[-0.1881747,51.5152429],[-0.1882071,51.5153175],[-0.1882424,51.5154247]],[[-0.1882424,51.5154247],[-0.1882267,51.515471],[-0.1882299,51.5155035],[-0.1883006,51.5156903],[-0.1883091,51.5157152],[-0.1883178,51.5157389],[-0.1883316,51.5157661],[-0.1883615,51.5158113]],[[-0.2007675,51.517996],[-0.2004749,51.5180724],[-0.1995066,51.5183251],[-0.1986637,51.5185451],[-0.1986295,51.518554],[-0.1984543,51.5185997]],[[-0.2014667,51.5178136],[-0.2012914,51.5178593],[-0.2007675,51.517996]],[[-0.20148014352445004,51.517810089201234],[-0.2014667,51.5178136]],[[-0.1745783,51.501744],[-0.1743588,51.5017623],[-0.1742945,51.5017681],[-0.1741116,51.5017806],[-0.1736478,51.5018079],[-0.1734911,51.5018174]],[[-0.1734911,51.5018174],[-0.1732512,51.5018298]],[[-0.1732512,51.5018298],[-0.1719391,51.5018996],[-0.1714502,51.5019191],[-0.1712195,51.5019259],[-0.1707746,51.5019343],[-0.1705348,51.5019312]],[[-0.1705348,51.5019312],[-0.1704695,51.50193],[-0.1703988,51.501927],[-0.1702736,51.5019195],[-0.1702145,51.501915],[-0.1701317,51.5019085],[-0.1700352,51.5019018]],[[-0.1700352,51.5019018],[-0.1699514,51.5018965],[-0.1693421,51.5018682]],[[-0.1693421,51.5018682],[-0.1689753,51.5018531],[-0.1688809,51.5018488],[-0.1683493,51.5018288],[-0.1681816,51.501826],[-0.1679473,51.5018244],[-0.1675168,51.5018221]],[[-0.1675168,51.5018221],[-0.1668338,51.501818]],[[-0.1668338,51.501818],[-0.1665532,51.5018147],[-0.1664754,51.5018118],[-0.1662818,51.501799],[-0.1655449,51.5017178],[-0.1652159,51.5016917],[-0.1650457,51.5016802],[-0.1649293,51.5016731],[-0.1644946,51.501679]],[[-0.1644946,51.501679],[-0.1642363,51.5016825],[-0.1634014,51.5016864]],[[-0.1634014,51.5016864],[-0.1631693,51.5016868],[-0.1627554,51.5016874]],[[-0.1627554,51.5016874],[-0.1624859,51.5016877],[-0.1623325,51.501688],[-0.1622347,51.5016881]],[[-0.1622347,51.5016881],[-0.1620132,51.5016922],[-0.1619605,51.5016931],[-0.1619163,51.5016939],[-0.161842,51.5016953]],[[-0.161842,51.5016953],[-0.1615222,51.5017094]],[[-0.1615222,51.5017094],[-0.1614314,51.5017517],[-0.161357,51.5017639],[-0.1613022,51.5017681],[-0.1612271,51.5017725],[-0.1609735,51.5017783]],[[-0.1609735,51.5017783],[-0.1608619,51.5017863],[-0.1606692,51.5018214]],[[-0.1606692,51.5018214],[-0.1605573,51.5017972],[-0.1605013793097138,51.50179349147254],[-0.1605,51.5017934]],[[-0.21586455911777774,51.52975156942732],[-0.2158675,51.5297123],[-0.2159081,51.5295868]],[[-0.2159751,51.5280781],[-0.2159782,51.5281055],[-0.2159822,51.5281432],[-0.2160028,51.528314],[-0.2160575,51.5287498],[-0.216069,51.5289624],[-0.2160519,51.5291344],[-0.2160221,51.5292413],[-0.2159081,51.5295868]],[[-0.2159516,51.5279139],[-0.2159751,51.5280781]],[[-0.2159516,51.5279139],[-0.2157428,51.5278372]],[[-0.2157428,51.5278372],[-0.2156702,51.5278105],[-0.2156589,51.5278066],[-0.2155967,51.527785]],[[-0.2155967,51.527785],[-0.2155765,51.5277788],[-0.2153768,51.5277103],[-0.2151383,51.5276203]],[[-0.2151383,51.5276203],[-0.2149018,51.5275291],[-0.2145709,51.5274349],[-0.2142411,51.5273411]],[[-0.2142411,51.5273411],[-0.2139875,51.5272864],[-0.2138844,51.5272629]],[[-0.2138844,51.5272629],[-0.2136983,51.5272339],[-0.213648,51.5272256],[-0.2135802,51.5272144],[-0.2135215,51.5272049],[-0.2133347,51.5271746]],[[-0.2133347,51.5271746],[-0.2128771,51.527103],[-0.2122976,51.527035],[-0.2121305,51.527018],[-0.2115145,51.5269644],[-0.2110449,51.5269313]],[[-0.2110449,51.5269313],[-0.2107953,51.5269147]],[[-0.2107953,51.5269147],[-0.2107274,51.5269094],[-0.2106596,51.5269039]],[[-0.2106596,51.5269039],[-0.2104168,51.5268842]],[[-0.2104168,51.5268842],[-0.2100706,51.5268536],[-0.2095541,51.5268013]],[[-0.2095541,51.5268013],[-0.2091227,51.5267317]],[[-0.2091227,51.5267317],[-0.2089488,51.5267],[-0.2088848,51.5266878]],[[-0.2088848,51.5266878],[-0.2085878,51.5266366],[-0.2079595,51.5265266],[-0.2079085,51.5265187]],[[-0.2079085,51.5265187],[-0.2076815,51.5264836],[-0.2076091,51.5264724],[-0.2075377,51.5264641],[-0.2072646,51.5264299]],[[-0.2072646,51.5264299],[-0.2069171,51.5263922],[-0.2058893,51.526283]],[[-0.2058893,51.526283],[-0.2056125,51.5262356]],[[-0.2056125,51.5262356],[-0.20544,51.5261946],[-0.2053923,51.5261812],[-0.2053279,51.5261603],[-0.2051784,51.526101]],[[-0.2051784,51.526101],[-0.2051279,51.5260762],[-0.2049052,51.5259585],[-0.2043906,51.5256583],[-0.2042519,51.5255762],[-0.2041223,51.5254994],[-0.204058,51.525462]],[[-0.204058,51.525462],[-0.2038465,51.5253454]],[[-0.2038465,51.5253454],[-0.2037487,51.5252888],[-0.2037024,51.5252621],[-0.2036513,51.5252363],[-0.2034298,51.5251245]],[[-0.2034298,51.5251245],[-0.2032417,51.5250233],[-0.2031879,51.5249954],[-0.2030868,51.5249428]],[[-0.2030868,51.5249428],[-0.2028667,51.5248266],[-0.202819,51.5248014],[-0.2027646,51.5247745],[-0.2025564,51.5246713]],[[-0.2025564,51.5246713],[-0.2023885,51.5245941],[-0.2018994,51.5243667],[-0.2018541,51.5243458],[-0.2018041,51.5243195]],[[-0.2018041,51.5243195],[-0.2015028,51.5241951]],[[-0.1976447,51.5235471],[-0.1976429,51.5235843],[-0.1976191,51.5238284],[-0.1975988,51.5239852],[-0.1975362,51.5243506],[-0.1975315,51.5244165],[-0.1974822,51.5249367],[-0.1974753,51.5250628],[-0.1974708,51.5251081],[-0.1974585,51.5252375]],[[-0.1976517,51.5234353],[-0.1976447,51.5235471]],[[-0.1983275,51.5235518],[-0.1979945,51.5234944],[-0.1979229,51.523482],[-0.197865,51.5234721],[-0.1976517,51.5234353]],[[-0.1991956,51.523679],[-0.1991272,51.5236698],[-0.1987349,51.5236189],[-0.1985916,51.5235973],[-0.1983275,51.5235518]],[[-0.2013326,51.5241175],[-0.2012968,51.5241057],[-0.2012332,51.5240828],[-0.2008364,51.5239485],[-0.2003947,51.5238529],[-0.2003095,51.5238407],[-0.1999089,51.5237717],[-0.199251,51.523686],[-0.1991956,51.523679]],[[-0.2015028,51.5241951],[-0.2013326,51.5241175]],[[-0.2155967,51.527785],[-0.2156964,51.5277486],[-0.2157557,51.5277211]],[[-0.2157557,51.5277211],[-0.2158137,51.5276896],[-0.2158889,51.5276276]],[[-0.2158889,51.5276276],[-0.2158191,51.527331]],[[-0.2158191,51.527331],[-0.215768,51.5272349],[-0.2156051,51.5269137],[-0.2155878,51.526877]],[[-0.2155878,51.526877],[-0.2154848,51.5267196]],[[-0.1488729,51.492506],[-0.1491448,51.4925873],[-0.1491301,51.492604]],[[-0.1491301,51.492604],[-0.1490577,51.4926984],[-0.1489899,51.4927783]],[[-0.1489899,51.4927783],[-0.1489656,51.4928101],[-0.1489312,51.4928551]],[[-0.1489312,51.4928551],[-0.1485412,51.4927375]],[[-0.1485412,51.4927375],[-0.1480592,51.492591],[-0.1479937,51.4925711],[-0.147804,51.4925248]],[[-0.1488615,51.4915128],[-0.1488325,51.4914476],[-0.1489219,51.4913699]],[[-0.1489219,51.4913699],[-0.1489762,51.4913227],[-0.1491883,51.4912422]],[[-0.1494963,51.4909873],[-0.149495,51.4909081],[-0.149535,51.4908711],[-0.1495759,51.4908346],[-0.1496259,51.4907901]],[[-0.1496259,51.4907901],[-0.1496966,51.4907197]],[[-0.1496966,51.4907197],[-0.1498404,51.4907574]],[[-0.1498404,51.4907574],[-0.1500068,51.4908026],[-0.1500559,51.4908159],[-0.1501214,51.4908332]],[[-0.1501214,51.4908332],[-0.1502088,51.4908549],[-0.1502909,51.49087],[-0.150364,51.4908807],[-0.15049,51.4908931],[-0.1505776,51.4909259]],[[-0.127109,51.5062712],[-0.12707,51.5061994]],[[-0.12707,51.5061994],[-0.1269801,51.5061536],[-0.1269589,51.5061143],[-0.1269446,51.5060888],[-0.1268974,51.5060091]],[[-0.1268974,51.5060091],[-0.1268176,51.5058569],[-0.1267073,51.5056213]],[[-0.1267073,51.5056213],[-0.1266553,51.5055024]],[[-0.1266553,51.5055024],[-0.126597,51.5053955]],[[-0.126597,51.5053955],[-0.1265213,51.5052456]],[[-0.1265213,51.5052456],[-0.1264412,51.5050475],[-0.1264184,51.5049961]],[[-0.1264184,51.5049961],[-0.1263571,51.5048554]],[[-0.1263571,51.5048554],[-0.1263057,51.5047291],[-0.1262929,51.5046977]],[[-0.1262929,51.5046977],[-0.1262543,51.5045993],[-0.1262046,51.5044522],[-0.126156,51.5042655],[-0.1261389,51.5041998],[-0.1261188,51.5040546],[-0.1261132,51.5040077],[-0.1260865,51.5037854],[-0.1260462,51.5034205]],[[-0.1260462,51.5034205],[-0.1260398,51.5033666]],[[-0.1260398,51.5033666],[-0.1260142,51.5031978],[-0.1260076,51.503154]],[[-0.1260076,51.503154],[-0.1259977,51.5030389],[-0.1259924,51.502975]],[[-0.1259924,51.502975],[-0.12598,51.5028524],[-0.1259739,51.502763],[-0.1259753,51.502665]],[[-0.1259753,51.502665],[-0.125983,51.502474],[-0.1259861,51.5024067]],[[-0.1259861,51.5024067],[-0.1259906,51.5023264],[-0.1259917,51.5022902],[-0.1259934,51.5022371],[-0.1260009,51.5021046],[-0.1260186,51.5020133]],[[-0.1260186,51.5020133],[-0.126088,51.5015633],[-0.1260998,51.5014343]],[[-0.1260998,51.5014343],[-0.1261366,51.501371],[-0.1261533,51.5011968],[-0.1261578,51.5011497],[-0.1261597,51.5011295]],[[-0.1261597,51.5011295],[-0.1261537,51.5010077]],[[-0.1261537,51.5010077],[-0.1261511,51.5009582]],[[-0.1261511,51.5009582],[-0.1261497,51.5009258]],[[-0.1261497,51.5009258],[-0.1261475,51.5008537]],[[-0.1261475,51.5008537],[-0.1261446,51.5007858],[-0.1261503,51.500737],[-0.1261599,51.5006137],[-0.126167,51.5005224],[-0.1261727,51.5004496]],[[-0.1261727,51.5004496],[-0.1261083,51.5002723],[-0.1261108,51.5002443],[-0.1261127,51.5002015],[-0.1261136,51.5001546],[-0.1261374,51.4996594],[-0.1261739,51.499588]],[[-0.1261739,51.499588],[-0.1261668,51.4995341]],[[-0.1261668,51.4995341],[-0.1261435,51.4994569],[-0.1261098,51.4993648]],[[-0.1261098,51.4993648],[-0.1260681,51.4992517]],[[-0.1260681,51.4992517],[-0.1260527,51.4992099]],[[-0.1260527,51.4992099],[-0.1260076,51.4990876]],[[-0.1260076,51.4990876],[-0.1259172,51.4988426]],[[-0.1259172,51.4988426],[-0.1258888,51.4987655],[-0.1258794,51.498742]],[[-0.1258794,51.498742],[-0.1258627,51.4986969],[-0.1258543,51.4986606],[-0.1258509,51.4986456]],[[-0.1258509,51.4986456],[-0.1257492,51.4983068],[-0.125742,51.498258]],[[-0.125742,51.498258],[-0.125733,51.4981336],[-0.1257288,51.4980121],[-0.1257292,51.4979687]],[[-0.1257292,51.4979687],[-0.1257302,51.4979153]],[[-0.1257302,51.4979153],[-0.1257287,51.4978538],[-0.1257076,51.4976476],[-0.1257004,51.4975631]],[[-0.1257004,51.4975631],[-0.1256913,51.4974913]],[[-0.1256913,51.4974913],[-0.1256841,51.4974369]],[[-0.1256841,51.4974369],[-0.1256758,51.497388]],[[-0.1256758,51.497388],[-0.1256448,51.4971798]],[[-0.1256448,51.4971798],[-0.1256278,51.4970659]],[[-0.1256278,51.4970659],[-0.1256137,51.4969854]],[[-0.1256137,51.4969854],[-0.1256064,51.4969437]],[[-0.1256064,51.4969437],[-0.1254359,51.4961911],[-0.125427,51.4961517]],[[-0.125427,51.4961517],[-0.1254096,51.4960748]],[[-0.1254096,51.4960748],[-0.1253884,51.495981],[-0.1253497,51.4958368]],[[-0.1253497,51.4958368],[-0.1253241,51.4957206],[-0.1253018,51.4956361],[-0.1252993,51.4956267]],[[-0.1252993,51.4956267],[-0.1252739,51.4955299]],[[-0.1252739,51.4955299],[-0.1252694,51.4955127]],[[-0.1252694,51.4955127],[-0.1252415,51.4954069]],[[-0.1252415,51.4954069],[-0.1252133,51.495318],[-0.1251729,51.4951822],[-0.1251583,51.4950811]],[[-0.1251583,51.4950811],[-0.12516,51.4950608],[-0.1251604,51.4950554]],[[-0.1251604,51.4950554],[-0.1251005,51.4950066],[-0.1250909,51.4949793],[-0.1250871,51.4949548]],[[-0.1250871,51.4949548],[-0.1250859,51.4948993],[-0.1250636,51.4948701]],[[-0.1250636,51.4948701],[-0.1250662,51.494815],[-0.1250738,51.4947564]],[[-0.1250738,51.4947564],[-0.1250948,51.4946909],[-0.1251039,51.4946255],[-0.1251072,51.4945774],[-0.1251089,51.4945555],[-0.1251194,51.4945424]],[[-0.1251194,51.4945424],[-0.125161,51.494491]],[[-0.125161,51.494491],[-0.1251712,51.4943309],[-0.1251681,51.4941921]],[[-0.1251681,51.4941921],[-0.1251668,51.4941181],[-0.1251527,51.4938262]],[[-0.1251527,51.4938262],[-0.1251484,51.4937767]],[[-0.1251484,51.4937767],[-0.125132,51.4935867],[-0.1251278,51.4935128],[-0.1251217,51.4934475]],[[-0.1251217,51.4934475],[-0.1251187,51.4934155],[-0.1251083,51.4931115]],[[-0.1251083,51.4931115],[-0.1251095,51.4930392]],[[-0.1251095,51.4930392],[-0.1251114,51.49293],[-0.1251237,51.4928623]],[[-0.1251237,51.4928623],[-0.1251301,51.4928273]],[[-0.1251301,51.4928273],[-0.1251048,51.4927381],[-0.1251168,51.4926257]],[[-0.1251168,51.4926257],[-0.1251819,51.492464]],[[-0.1251819,51.492464],[-0.1253193,51.4921227],[-0.1253447,51.4920681],[-0.1255134,51.4917051],[-0.1256243,51.4915325],[-0.1257261,51.491399],[-0.1259706,51.4910924]],[[-0.1259706,51.4910924],[-0.1259998,51.4910492],[-0.1260259,51.4910183]],[[-0.1260259,51.4910183],[-0.1261978,51.4908153],[-0.1264558,51.4904825]],[[-0.1264558,51.4904825],[-0.1267137,51.4901497],[-0.1267777,51.4900737]],[[-0.1267777,51.4900737],[-0.1268402,51.4900052],[-0.126996,51.4898345],[-0.1270852,51.4897514]],[[-0.1270852,51.4897514],[-0.1272362,51.4896673],[-0.1274037,51.4896014],[-0.1277476,51.4894814],[-0.1278506,51.4894446],[-0.1281735,51.4893189],[-0.1283646,51.4892391],[-0.1286871,51.489077],[-0.1287526,51.4890437]],[[-0.1287526,51.4890437],[-0.1290926,51.4888397],[-0.1291135,51.4888273]],[[-0.1291135,51.4888273],[-0.1291659,51.488796],[-0.1292389,51.4887524]],[[-0.1292389,51.4887524],[-0.1293199,51.4886997]],[[-0.1293199,51.4886997],[-0.129349,51.4886801]],[[-0.129349,51.4886801],[-0.1293939,51.4886498]],[[-0.1296445,51.4886321],[-0.1295365,51.4887061]],[[-0.1295365,51.4887061],[-0.129498,51.488738]],[[-0.129498,51.488738],[-0.1294696,51.4887615],[-0.1294307,51.4887937]],[[-0.1294307,51.4887937],[-0.1293188,51.4888612]],[[-0.1293188,51.4888612],[-0.1292701,51.4888905]],[[-0.1292701,51.4888905],[-0.129247,51.4889045]],[[-0.129247,51.4889045],[-0.1290095,51.4890367]],[[-0.1290095,51.4890367],[-0.1289943,51.4890436],[-0.128962,51.4890584]],[[-0.128962,51.4890584],[-0.1287126,51.4891782],[-0.1286305,51.489221],[-0.1283308,51.4893516],[-0.1282435,51.4893894]],[[-0.1282435,51.4893894],[-0.1281029,51.4894404],[-0.1278717,51.4895322],[-0.1278209,51.4895498],[-0.1277536,51.4895747],[-0.1277011,51.489603]],[[-0.1277011,51.489603],[-0.1275175,51.4896679]],[[-0.1275175,51.4896679],[-0.1274747,51.4896892],[-0.1273008,51.4897847],[-0.127185,51.48986],[-0.1270758,51.4899522],[-0.1270612,51.4899668]],[[-0.1270612,51.4899668],[-0.1270187,51.4900091]],[[-0.1270187,51.4900091],[-0.1269611,51.4900664],[-0.1268306,51.4901955],[-0.1267738,51.4902703]],[[-0.1267738,51.4902703],[-0.1266009,51.490498],[-0.1265805,51.4905223],[-0.1265382,51.4905727]],[[-0.1265382,51.4905727],[-0.1263398,51.4908091]],[[-0.1263398,51.4908091],[-0.1262803,51.4908801]],[[-0.1262803,51.4908801],[-0.1261974,51.4909791]],[[-0.1261974,51.4909791],[-0.1261792,51.4910008],[-0.1261489,51.491037]],[[-0.1261489,51.491037],[-0.1258299,51.4914172],[-0.1257283,51.4915545],[-0.1257006,51.4916153]],[[-0.1257006,51.4916153],[-0.1256838,51.491652]],[[-0.1256838,51.491652],[-0.1255825,51.491874]],[[-0.1255825,51.491874],[-0.1253312,51.4924249]],[[-0.1253312,51.4924249],[-0.1253141,51.492476]],[[-0.1253141,51.492476],[-0.1252241,51.4927443],[-0.1252096,51.4927571]],[[-0.1252096,51.4927571],[-0.1251301,51.4928273]],[[-0.125161,51.494491],[-0.1252277,51.4945369],[-0.1252278,51.4945821],[-0.1252263,51.4946215],[-0.125228,51.4946734],[-0.1252283,51.4947586]],[[-0.1252283,51.4947586],[-0.1252158,51.4948998],[-0.1252092,51.4949345],[-0.1252058,51.494994]],[[-0.1252058,51.494994],[-0.1251604,51.4950554]],[[-0.1261739,51.499588],[-0.1262233,51.499661],[-0.1262243,51.4996736]],[[-0.1262243,51.4996736],[-0.1262363,51.4997999]],[[-0.1262363,51.4997999],[-0.1262206,51.4999124],[-0.1262227,51.4999642],[-0.1262296,51.5000114]],[[-0.1262296,51.5000114],[-0.1262473,51.5000774],[-0.1262799,51.5001313],[-0.1263434,51.500176],[-0.1264199,51.5002119]],[[-0.1264199,51.5002119],[-0.1268156,51.5002252],[-0.1269288,51.5002281]],[[-0.1269288,51.5002281],[-0.1271369,51.5002333]],[[-0.1271369,51.5002333],[-0.1272689,51.500253],[-0.1273662,51.500281]],[[-0.1273662,51.500281],[-0.1274482,51.5003241],[-0.127492,51.5003509],[-0.1275289,51.5003775]],[[-0.1275289,51.5003775],[-0.1275326,51.5004476],[-0.1275191,51.5006829],[-0.1274941,51.500837]],[[-0.1274941,51.500837],[-0.1274871,51.500877]],[[-0.1274871,51.500877],[-0.1274586,51.5009283],[-0.1274314,51.500957],[-0.1273873,51.5009846]],[[-0.1273873,51.5009846],[-0.1273303,51.501014]],[[-0.1273303,51.501014],[-0.1272278,51.5010506],[-0.1271861,51.5010578],[-0.1271182,51.5010584]],[[-0.1271182,51.5010584],[-0.1267615,51.5010374]],[[-0.1267615,51.5010374],[-0.1266694,51.5010605],[-0.12653,51.5010697],[-0.1264432,51.5010853],[-0.1263978,51.5011002],[-0.1263498,51.5011315]],[[-0.1263498,51.5011315],[-0.1263271,51.5012413],[-0.1263201,51.5012836]],[[-0.1263201,51.5012836],[-0.1263083,51.5013628]],[[-0.1263083,51.5013628],[-0.1262793,51.5015583],[-0.1262393,51.5018272],[-0.1262041,51.5020226]],[[-0.1262041,51.5020226],[-0.1262032,51.5021076]],[[-0.1262032,51.5021076],[-0.1261936,51.5021865],[-0.1261899,51.5022406],[-0.1261899,51.5023247],[-0.1261966,51.5026584]],[[-0.1261966,51.5026584],[-0.126202,51.502926],[-0.1262049,51.5029693]],[[-0.1262049,51.5029693],[-0.1262136,51.5031783]],[[-0.1262136,51.5031783],[-0.1262213,51.503316],[-0.126222,51.5033653]],[[-0.126222,51.5033653],[-0.1262315,51.5035412],[-0.1262462,51.5037287],[-0.1262787,51.5040002],[-0.1262846,51.5040491]],[[-0.1262846,51.5040491],[-0.1263071,51.5041611],[-0.1263381,51.5043012],[-0.126393,51.5044661]],[[-0.126393,51.5044661],[-0.1264435,51.5045939],[-0.1264605,51.5046383],[-0.1264736,51.5046725]],[[-0.1264736,51.5046725],[-0.1264924,51.5047288]],[[-0.1264924,51.5047288],[-0.1265326,51.504866],[-0.1265758,51.5049735]],[[-0.1265758,51.5049735],[-0.126609,51.5050529],[-0.1266856,51.5052454],[-0.1267498,51.5053809]],[[-0.1267498,51.5053809],[-0.1267944,51.5054877]],[[-0.1267944,51.5054877],[-0.1268388,51.5055901]],[[-0.1268388,51.5055901],[-0.1269324,51.5058012],[-0.1269774,51.5058947]],[[-0.1269774,51.5058947],[-0.127022,51.5059782]],[[-0.127022,51.5059782],[-0.1270666,51.5060617],[-0.1270992,51.5061251],[-0.12707,51.5061994]],[[-0.1273961,51.5068505],[-0.1274449,51.5069268],[-0.1275247,51.5070058],[-0.1275615,51.5070425],[-0.127609,51.507094],[-0.1276556,51.5071218],[-0.1277374,51.507163]],[[-0.1277374,51.507163],[-0.1277649,51.5071626]],[[-0.1277649,51.5071626],[-0.1278095,51.5071684],[-0.1278902,51.507193],[-0.1279382,51.5072204],[-0.1280063,51.5072755]],[[-0.1280063,51.5072755],[-0.1280149,51.507289]],[[-0.1280149,51.507289],[-0.1280245,51.5073209],[-0.1280276,51.5073626],[-0.1280213,51.5074035],[-0.1279963,51.507446],[-0.1279809,51.5074647],[-0.1279544,51.5074872],[-0.127933,51.5075024],[-0.1279085,51.5075166],[-0.1278717,51.5075334],[-0.1278268,51.5075476]],[[-0.1559483,51.5137201],[-0.156008,51.5138517],[-0.1560417,51.5139298],[-0.1561998,51.5142563]],[[-0.1561998,51.5142563],[-0.1563277,51.5145091],[-0.1563436,51.5145447]],[[-0.1563436,51.5145447],[-0.1564257,51.5147253]],[[-0.1564257,51.5147253],[-0.156495,51.5148794],[-0.1565154,51.5149224],[-0.1565461,51.5149904],[-0.156567,51.5150336]],[[-0.156567,51.5150336],[-0.1566055,51.5151209],[-0.1566402,51.5151919],[-0.1566597,51.5152349],[-0.1567846,51.5154968],[-0.156811,51.515553],[-0.1569382,51.5158215],[-0.1569578,51.5158631],[-0.1569806,51.5159056],[-0.157016,51.5159782]],[[-0.157016,51.5159782],[-0.1570649,51.5160783],[-0.1570886,51.5161279],[-0.1571195,51.5161926]],[[-0.1571195,51.5161926],[-0.1571868,51.5163403],[-0.1572432,51.5164617],[-0.1572997,51.5165846]],[[-0.1572997,51.5165846],[-0.1573466,51.5166834],[-0.1574477,51.5168991]],[[-0.1574477,51.5168991],[-0.1574541,51.5169129]],[[-0.1574541,51.5169129],[-0.1574768,51.516962],[-0.1574915,51.5169932],[-0.1575337,51.5170894]],[[-0.1575337,51.5170894],[-0.1575803,51.5171904],[-0.1575928,51.5172184],[-0.1576035,51.5172381]],[[-0.1576035,51.5172381],[-0.1576235,51.5172846]],[[-0.1576235,51.5172846],[-0.1578457,51.5177828],[-0.1582006,51.5185621]],[[-0.1582006,51.5185621],[-0.1582465,51.5186629],[-0.158358,51.5189179]],[[-0.158358,51.5189179],[-0.1583851,51.5189791],[-0.1583955,51.5190027]],[[-0.1583955,51.5190027],[-0.1584011,51.5190159],[-0.1584359,51.5190923]],[[-0.1584359,51.5190923],[-0.1584801,51.5191799]],[[-0.1584801,51.5191799],[-0.1584951,51.5192155],[-0.1585232,51.5192712]],[[-0.1585232,51.5192712],[-0.1586848,51.5196368],[-0.1587399,51.5197531]],[[-0.1587399,51.5197531],[-0.1587651,51.5198197],[-0.1587783,51.5198477],[-0.1588065,51.5199153]],[[-0.1588065,51.5199153],[-0.1588414,51.5199987],[-0.1588559,51.5200328],[-0.1588839,51.5200961]],[[-0.1588839,51.5200961],[-0.1590124,51.520344]],[[-0.1590124,51.520344],[-0.1590409,51.5204076],[-0.1590477,51.5204227],[-0.1590561,51.5204414],[-0.1590934,51.5205214]],[[-0.1590934,51.5205214],[-0.1591234,51.5205857]],[[-0.1591234,51.5205857],[-0.1591412,51.5206253],[-0.1591702,51.5206896]],[[-0.1591702,51.5206896],[-0.1593684,51.5211293],[-0.1593928,51.5211836]],[[-0.1593928,51.5211836],[-0.159493,51.5214578]],[[-0.159493,51.5214578],[-0.1595206,51.521521],[-0.1595509,51.5215904],[-0.1595975,51.5216996]],[[-0.1603425,51.521597],[-0.1604238,51.521587],[-0.1604963,51.5215765],[-0.160728,51.5215428],[-0.1607889,51.5215373],[-0.1608887,51.5215325],[-0.1609511,51.521539],[-0.1611075,51.5215581]],[[-0.1615522,51.522459],[-0.1615442,51.5224408],[-0.1615305,51.5224083],[-0.1613205,51.5219614],[-0.1611835,51.5216709],[-0.1611695,51.5216412],[-0.1611075,51.5215581]],[[-0.1615522,51.522459],[-0.1621475,51.5223523],[-0.1622324,51.5223412],[-0.1623708,51.5223221]],[[-0.1623708,51.5223221],[-0.1624562,51.5223149],[-0.1625675,51.5223013],[-0.1627681,51.522264]],[[-0.16288334396814316,51.500100326112566],[-0.1628025,51.5001561],[-0.1627416,51.5001981],[-0.1626781,51.5002445],[-0.1625358,51.5003514],[-0.1621608,51.5006767],[-0.1620872,51.5007385],[-0.1619291,51.5008712],[-0.16186124134645702,51.500929204179954]],[[-0.16122118946513547,51.501431716858065],[-0.161221,51.5014554],[-0.1611907,51.5014865],[-0.1611551,51.5015274],[-0.1611033,51.5015882],[-0.1610519,51.5016743]],[[-0.1610519,51.5016743],[-0.16104,51.5016919],[-0.1610146,51.50173],[-0.1609735,51.5017783]],[[-0.1606692,51.5018214],[-0.1604728,51.5018643],[-0.1603207,51.5018934],[-0.1602555,51.5019059]],[[-0.1346381,51.5100935],[-0.1344492,51.5101742],[-0.1343786,51.5102286],[-0.1343393,51.5102596],[-0.1343154,51.5102772],[-0.1342661,51.5102979]],[[-0.134063,51.5105763],[-0.1340783,51.510599],[-0.1340763,51.5106199],[-0.1340404,51.5106651],[-0.1339803,51.5107413],[-0.1339426,51.5107849],[-0.1338745,51.5108518],[-0.1338378,51.5108722],[-0.1338176,51.5108768],[-0.1337842,51.5108809]],[[-0.1303693,51.5164151],[-0.1303836,51.5164763],[-0.1303977,51.5165268],[-0.1304226,51.516586],[-0.1304262,51.5165947],[-0.130456,51.5166395],[-0.130488,51.5166795],[-0.13052014906177112,51.51672815194622]],[[-0.1423144,51.4965244],[-0.1424392,51.4965632],[-0.142535,51.4965685],[-0.1426264,51.4965744],[-0.1427065,51.4965792],[-0.1429256,51.4965923]],[[-0.1418495,51.4965818],[-0.1418788,51.4965783],[-0.141906,51.4965755],[-0.1419378,51.4965734],[-0.1423144,51.4965244]],[[-0.1414947,51.4966425],[-0.1415955,51.4965925],[-0.1416846,51.4965791],[-0.1417561,51.4965697],[-0.1418495,51.4965818]],[[-0.1414947,51.4966425],[-0.1414114,51.4966546],[-0.1413564,51.4966627],[-0.1411214,51.4966969]],[[-0.1411214,51.4966969],[-0.1404211,51.4967988],[-0.1403249,51.4968128],[-0.1402433,51.4968246],[-0.1399192,51.4968718],[-0.1395933,51.4969193],[-0.1395239,51.4969294],[-0.1394406,51.4969415]],[[-0.1394406,51.4969415],[-0.1392667,51.4969668],[-0.1391445,51.4969846]],[[-0.1391445,51.4969846],[-0.1390752,51.4969947],[-0.139004,51.4970051],[-0.1378155,51.4971664],[-0.1369791,51.4972892],[-0.1367529,51.4973224],[-0.1359694,51.4974378],[-0.1359041,51.4974471],[-0.1358489,51.4974551],[-0.1356325,51.4974954]],[[-0.1356325,51.4974954],[-0.1354327,51.4975202]],[[-0.1354327,51.4975202],[-0.1353643,51.4975305],[-0.1352887,51.4975406],[-0.1349755,51.4975977],[-0.1347698,51.4976329],[-0.1343723,51.497736],[-0.1341928,51.4977826],[-0.1341479,51.4977942],[-0.1339995,51.4978381],[-0.1338247,51.4978931],[-0.1337627,51.4979157],[-0.1327818,51.498286],[-0.1325027,51.4983914],[-0.132352,51.4984428],[-0.1318033,51.49863]],[[-0.1318033,51.49863],[-0.1317558,51.4986474],[-0.1315159,51.4987361],[-0.1308534,51.4989858],[-0.1304723,51.4991262],[-0.1303172,51.4991834]],[[-0.1303172,51.4991834],[-0.1302554,51.4992369],[-0.130083,51.4993012],[-0.1300253,51.4993227],[-0.1299905,51.4993357],[-0.1298586,51.4993854]],[[-0.1298586,51.4993854],[-0.1297129,51.4994413],[-0.1295652,51.4995045]],[[-0.1295652,51.4995045],[-0.1295059,51.4995301]],[[-0.1295059,51.4995301],[-0.1294235,51.4995646]],[[-0.1294235,51.4995646],[-0.128993,51.499751]],[[-0.128993,51.499751],[-0.1289425,51.499775],[-0.128677,51.4998865],[-0.1284587,51.4999669]],[[-0.1284587,51.4999669],[-0.1283831,51.4999948],[-0.1282749,51.5000286],[-0.1280805,51.5000871]],[[-0.1280805,51.5000871],[-0.127894,51.5001321],[-0.1278372,51.5001502],[-0.1278071,51.5001629]],[[-0.1278071,51.5001629],[-0.1277403,51.5001939],[-0.1276415,51.500245],[-0.1276057,51.5002876]],[[-0.1276057,51.5002876],[-0.1275575,51.500339],[-0.1275289,51.5003775]],[[-0.1150229,51.5130548],[-0.1147963,51.5131009],[-0.1146904,51.5131179],[-0.1143319,51.5131944],[-0.1142481,51.5132127],[-0.1141126,51.5132376],[-0.1138229,51.5132907]],[[-0.1138229,51.5132907],[-0.1130728,51.5134602],[-0.113046,51.5134667],[-0.1128292,51.5135163],[-0.1126158,51.5135095]],[[-0.1126017,51.5135144],[-0.112542,51.5135684],[-0.1125137,51.513576],[-0.1124781,51.5135819],[-0.1123814,51.5135733]],[[-0.1120086,51.5136721],[-0.1119768,51.5137068],[-0.1119672,51.513712],[-0.1118979,51.5137258],[-0.1118814,51.5137263],[-0.11185399039707505,51.51371660211083]],[[-0.20304606940736133,51.53289359435069],[-0.2030418,51.5328828],[-0.20304,51.5328785],[-0.2030281,51.5328494]],[[-0.1976517,51.5234353],[-0.1975104,51.5234098],[-0.1974483,51.5233986],[-0.197422,51.5233939],[-0.1973894,51.5233894],[-0.1965658,51.5232694],[-0.1959699,51.523188],[-0.1956713,51.5231495],[-0.1956086,51.5231403]],[[-0.1956086,51.5231403],[-0.1955357,51.5231303],[-0.1952039,51.5230825]],[[-0.1952039,51.5230825],[-0.194917,51.5230338],[-0.1948385,51.5230113],[-0.194614,51.5229307]],[[-0.194614,51.5229307],[-0.1943927,51.5228439]],[[-0.1943927,51.5228439],[-0.1943243,51.5228096],[-0.1941872,51.5227311],[-0.1940326,51.5226321],[-0.1940136,51.5226158],[-0.1939002,51.5225184],[-0.1936078,51.52217]],[[-0.1936078,51.52217],[-0.1934845,51.5220266]],[[-0.1934845,51.5220266],[-0.1934475,51.5219914]],[[-0.1934475,51.5219914],[-0.1934263,51.5219759],[-0.1932521,51.521848],[-0.1931611,51.5217845],[-0.1929676,51.521619],[-0.1928496,51.5215339],[-0.1927721,51.52148]],[[-0.1927721,51.52148],[-0.1926986,51.5214749],[-0.1926017,51.521407],[-0.1925718,51.5213868],[-0.1925387,51.5213637],[-0.1925598,51.5213207]],[[-0.1925598,51.5213207],[-0.1923951,51.5212145],[-0.1920624,51.5209924],[-0.1920417,51.5209786],[-0.1917587,51.5207916],[-0.1917262,51.5207701]],[[-0.1917262,51.5207701],[-0.1915087,51.5206256],[-0.1914588,51.5205927],[-0.1913733,51.5205364],[-0.1912541,51.5204605],[-0.1912052,51.5204327],[-0.1910137,51.5203255]],[[-0.1910137,51.5203255],[-0.1909152,51.5203168],[-0.1908452,51.5202859],[-0.1905429,51.5201603],[-0.1900301,51.5199832],[-0.1896531,51.5198928]],[[-0.1896531,51.5198928],[-0.1895629,51.5198834],[-0.1894582,51.5198649],[-0.1892085,51.5198207],[-0.1890572,51.5198014]],[[-0.1890572,51.5198014],[-0.1889675,51.5197924],[-0.188793,51.5197506]],[[-0.188793,51.5197506],[-0.1887051,51.5196811],[-0.1887037,51.5195822]],[[-0.1887037,51.5195822],[-0.1886938,51.5194876],[-0.1887152,51.5194099]],[[-0.1887152,51.5194099],[-0.1889125,51.5187602],[-0.1889667,51.5186966]],[[-0.1889667,51.5186966],[-0.1889897,51.5185799]],[[-0.1889897,51.5185799],[-0.189016,51.5184697]],[[-0.189016,51.5184697],[-0.1890266,51.5184205],[-0.1890405,51.5183031],[-0.1890414,51.5181919]],[[-0.1890414,51.5181919],[-0.1890361,51.5181666],[-0.1890191,51.5180857]],[[-0.1890191,51.5180857],[-0.1889543,51.5179885],[-0.1889191,51.5179507]],[[-0.1889191,51.5179507],[-0.1888612,51.5178886],[-0.1888223,51.5178469],[-0.1887057,51.5177487]],[[-0.1887057,51.5177487],[-0.1886332,51.5176877]],[[-0.1886332,51.5176877],[-0.1885849,51.517642],[-0.1885482,51.5176044],[-0.1882981,51.5173499],[-0.1881908,51.5172192],[-0.1881715,51.5171967]],[[-0.1881715,51.5171967],[-0.1879235,51.5168436],[-0.1877052,51.5165064],[-0.1876766,51.5164623],[-0.1875644,51.5162864]],[[-0.1875644,51.5162864],[-0.1875379,51.5162448],[-0.1875207,51.5162164],[-0.1874893,51.5161561],[-0.1874599,51.516089]],[[-0.144516,51.4961725],[-0.1444353,51.4962142],[-0.1443519,51.4962182],[-0.1441059,51.4962052],[-0.143854,51.4961941]],[[-0.1496966,51.4907197],[-0.1498467,51.4906039],[-0.1499664,51.4905865]],[[-0.1500364,51.4905124],[-0.1499664,51.4905865]],[[-0.1501541,51.4899619],[-0.1501199,51.4902289],[-0.1500948,51.4903526],[-0.1500677,51.4904526],[-0.1500364,51.4905124]],[[-0.1509534,51.4881201],[-0.1507152,51.4884523],[-0.1503937,51.4889525],[-0.1503323,51.4890681],[-0.1502856,51.4891917],[-0.1502434,51.4893264],[-0.1502113,51.4895303],[-0.1502106,51.4895808],[-0.1501972,51.4896784],[-0.1501541,51.4899619]],[[-0.1516072,51.4872376],[-0.1515535,51.4873183],[-0.1509534,51.4881201]],[[-0.1516374,51.4871982],[-0.1516072,51.4872376]],[[-0.1517446,51.4870767],[-0.1516675,51.4871608],[-0.1516374,51.4871982]],[[-0.144693,51.5158619],[-0.1447277,51.5159403],[-0.1447431,51.5159642],[-0.1447879,51.5160335]],[[-0.1447879,51.5160335],[-0.1450967,51.5159887],[-0.1453371,51.5159426]],[[-0.1453371,51.5159426],[-0.1453841,51.5159319],[-0.1455583,51.5158896],[-0.1456261,51.515877],[-0.1461403,51.5157812],[-0.1469434,51.5156334]],[[-0.1469434,51.5156334],[-0.1470086,51.5156014],[-0.1470693,51.5155878],[-0.1471511,51.5155802],[-0.1472144,51.5155883]],[[-0.1472144,51.5155883],[-0.1475943,51.5155285]],[[-0.1475943,51.5155285],[-0.147562,51.5154655],[-0.1474382,51.5152164],[-0.1473351,51.5150827],[-0.1470437,51.5147808],[-0.1469748,51.5147047],[-0.146922,51.5146539]],[[-0.1346453,51.51607],[-0.1346911,51.5160356],[-0.1348093,51.5160235],[-0.135428,51.5159562],[-0.1356065,51.5159425],[-0.1357151,51.5159334]],[[-0.1357151,51.5159334],[-0.1358613,51.5159191]],[[-0.1358613,51.5159191],[-0.1360458,51.5159004],[-0.1365463,51.5158499],[-0.1365885,51.5158458],[-0.1366281,51.5158424]],[[-0.1366281,51.5158424],[-0.1367556,51.5158281]],[[-0.1367556,51.5158281],[-0.1368593,51.5158162],[-0.1376513,51.515731],[-0.1381154,51.5156819],[-0.1385748,51.5156364],[-0.1392874,51.5155581],[-0.1396305,51.5155298],[-0.1399498,51.5154965]],[[-0.1260998,51.5014343],[-0.1260392,51.501364],[-0.1260502,51.5011941],[-0.1260532,51.5011469],[-0.1260546,51.5011251]],[[-0.1260546,51.5011251],[-0.1260564,51.5010505],[-0.1260583,51.5010038]],[[-0.1254885,51.5009842],[-0.1257416,51.5009908],[-0.1258513,51.5009953],[-0.1259147,51.5009981],[-0.1260583,51.5010038]],[[-0.1251333,51.5009764],[-0.1252407,51.5009787],[-0.1254885,51.5009842]],[[-0.124511,51.5009642],[-0.1246681,51.5009715],[-0.1251333,51.5009764]],[[-0.1242238,51.5009486],[-0.1242936,51.5009534],[-0.1243366,51.5009551],[-0.1243943,51.500958],[-0.1244408,51.5009605],[-0.124511,51.5009642]],[[-0.1242238,51.5009486],[-0.124005,51.500936]],[[-0.124005,51.500936],[-0.1239538,51.5009331]],[[-0.1239538,51.5009331],[-0.1237008,51.5009199],[-0.123613,51.500915],[-0.1235988,51.5009142],[-0.123577,51.5009134]],[[-0.123577,51.5009134],[-0.1230417,51.50089]],[[-0.1230417,51.50089],[-0.1226214,51.5008702],[-0.1220747,51.5008553]],[[-0.1220747,51.5008553],[-0.1219813,51.5008527]],[[-0.1219813,51.5008527],[-0.12181642794497632,51.50084820288486]],[[-0.1498542,51.4926162],[-0.1498959,51.4926145],[-0.1499497,51.4925967]],[[-0.1499497,51.4925967],[-0.1500055,51.4925652]],[[-0.1500055,51.4925652],[-0.1500464,51.4925518],[-0.1500598,51.4925476],[-0.150168,51.4925602],[-0.1502253,51.4925658]],[[-0.1502253,51.4925658],[-0.1503741,51.4926115],[-0.1506936,51.4926356],[-0.1507837,51.4926417],[-0.1508546,51.4926469]],[[-0.1508546,51.4926469],[-0.1509518,51.4926782]],[[-0.1509518,51.4926782],[-0.1510292,51.4925541],[-0.1510453,51.4925123]],[[-0.1510453,51.4925123],[-0.1510425,51.4924771],[-0.1510264,51.4924413],[-0.1510078,51.492414]],[[-0.1510078,51.492414],[-0.1505634,51.4922173],[-0.150314,51.492115]],[[-0.150314,51.492115],[-0.1500007,51.4919859],[-0.1497687,51.4918924]],[[-0.1497687,51.4918924],[-0.1496497,51.4918445]],[[-0.1496497,51.4918445],[-0.1493695,51.4917257]],[[-0.1491901,51.4916497],[-0.1492579,51.4916784],[-0.1493695,51.4917257]],[[-0.1488615,51.4915128],[-0.1490083,51.4915744],[-0.1490886,51.4916074],[-0.1491021,51.491613],[-0.1491901,51.4916497]],[[-0.1454761,51.495899],[-0.1455075,51.4959663],[-0.1455316,51.4960063],[-0.1458038,51.4964341]],[[-0.1458038,51.4964341],[-0.146025,51.4967784],[-0.1460748,51.4968559]],[[-0.1460748,51.4968559],[-0.1461376,51.4969488]],[[-0.1461376,51.4969488],[-0.1461605,51.4969877],[-0.1461697,51.4970034]],[[-0.1461697,51.4970034],[-0.1461732,51.4970095],[-0.1462196,51.4970907]],[[-0.1462196,51.4970907],[-0.146251,51.497161]],[[-0.1468359,51.4979686],[-0.1468206,51.4980242],[-0.1468282,51.4980547],[-0.1468214,51.4981071],[-0.1468065,51.498144],[-0.1467674,51.498188]],[[-0.1438602,51.4980695],[-0.1436933,51.4980382],[-0.14353,51.4980012],[-0.1433844,51.4979661],[-0.1430883,51.4979165]],[[-0.1430883,51.4979165],[-0.1426888,51.497848],[-0.1425332,51.4978055],[-0.1423829,51.4977578],[-0.1422278,51.4976789],[-0.1421026,51.4975906],[-0.1420255,51.4975184],[-0.1420154,51.4975089],[-0.1419316,51.4973607]],[[-0.1419316,51.4973607],[-0.1418613,51.4971276],[-0.1418084,51.4969552],[-0.1417454,51.4967999]],[[-0.1417454,51.4967999],[-0.1417629,51.4967484],[-0.1417646,51.4967107],[-0.1417906,51.4966686],[-0.1418182,51.496631],[-0.1418495,51.4965818]],[[-0.1423144,51.4965244],[-0.1424083,51.4964848],[-0.142485,51.4964506],[-0.1425178,51.4964249],[-0.1425303,51.4963905],[-0.1425046,51.4962758],[-0.1424983,51.4961571]],[[-0.1271796,51.5085736],[-0.1271782,51.5085383],[-0.1271743,51.5084768],[-0.1271615,51.5083942],[-0.1270964,51.508147]],[[-0.1270964,51.508147],[-0.1270721,51.5080613],[-0.127052,51.5079965],[-0.1270414,51.5079603]],[[-0.1270414,51.5079603],[-0.1270329,51.5079185],[-0.1270122,51.5078037]],[[-0.1270122,51.5078037],[-0.1270286,51.5077491],[-0.1270414,51.50771],[-0.1270541,51.5076831]],[[-0.1261727,51.5004496],[-0.1262537,51.5002978],[-0.1262911,51.5002619],[-0.1263481,51.5002315],[-0.1264199,51.5002119]],[[-0.1271369,51.5002333],[-0.1271786,51.5002132],[-0.1271949,51.5002076],[-0.1272807,51.5001783],[-0.1273898,51.5001583],[-0.1274182,51.5001546]],[[-0.1274182,51.5001546],[-0.1276042,51.5001292],[-0.1277518,51.5001043],[-0.127973,51.500046],[-0.1281887,51.4999764],[-0.1285469,51.4998579],[-0.12889,51.4997153],[-0.128936,51.4996943]],[[-0.128936,51.4996943],[-0.1293713,51.4995099]],[[-0.1293713,51.4995099],[-0.1294981,51.4994479]],[[-0.1294981,51.4994479],[-0.1295297,51.4994344],[-0.1295986,51.499405],[-0.1296526,51.4993841],[-0.1298074,51.4993303]],[[-0.1298074,51.4993303],[-0.1299415,51.499285],[-0.1302198,51.4991827],[-0.1303172,51.4991834]],[[-0.1418633,51.4951866],[-0.141757,51.4950249],[-0.1416724,51.4948706],[-0.1416602,51.4948318],[-0.1416627,51.4948033],[-0.1416669,51.4947776],[-0.1416844,51.4947369],[-0.14172,51.4946946],[-0.1417631,51.4946577]],[[-0.1421351,51.4945574],[-0.1422115,51.4944818],[-0.1422298,51.4944522]],[[-0.1422298,51.4944522],[-0.142238,51.4944281],[-0.1422361,51.4943528]],[[-0.1403676,51.4926159],[-0.1405929,51.4927951],[-0.1407078,51.4928864],[-0.1408911,51.4930353],[-0.1415437,51.4935654],[-0.1417958,51.4937686],[-0.1419682,51.4939071],[-0.1422361,51.4943528]],[[-0.1399398,51.4922249],[-0.1399662,51.4922619],[-0.1399802,51.4922814],[-0.1399968,51.4923048],[-0.1400041,51.4923109],[-0.1403676,51.4926159]],[[-0.1396925,51.4910854],[-0.1396247,51.4911355],[-0.1396051,51.49115],[-0.1395836,51.4911748],[-0.1395816,51.4912046],[-0.1395856,51.4912476],[-0.1397243,51.4916232],[-0.1398995,51.4921136],[-0.139918,51.4921639],[-0.1399398,51.4922249]],[[-0.1382843,51.4904216],[-0.1384965,51.4905216],[-0.1387826,51.4906565],[-0.1391352,51.4908227],[-0.139214,51.4908599],[-0.1392664,51.4908846],[-0.1393416,51.49092],[-0.1396925,51.4910854]],[[-0.136123,51.4893913],[-0.1382019,51.4903823],[-0.1382843,51.4904216]],[[-0.1349316,51.4887636],[-0.1349639,51.488809],[-0.1349965,51.4888466],[-0.1350272,51.4888659],[-0.1350813,51.4888958],[-0.1353116,51.4890066],[-0.1354132,51.4890536],[-0.1359407,51.4892972],[-0.136123,51.4893913]],[[-0.1456174,51.4857098],[-0.145522,51.4857026]],[[-0.145522,51.4857026],[-0.1454487,51.4856973]],[[-0.1454487,51.4856973],[-0.1453565,51.485688]],[[-0.1453565,51.485688],[-0.1450272,51.4856527]],[[-0.1450272,51.4856527],[-0.1444085,51.4855776]],[[-0.1444085,51.4855776],[-0.1434587,51.4854469]],[[-0.1434587,51.4854469],[-0.1431678,51.4854042],[-0.142768,51.4853464]],[[-0.142768,51.4853464],[-0.1425617,51.4853154]],[[-0.1425617,51.4853154],[-0.1421416,51.4852457]],[[-0.1421416,51.4852457],[-0.1418114,51.4851904]],[[-0.1418114,51.4851904],[-0.1415707,51.4851505]],[[-0.1415707,51.4851505],[-0.1410804,51.4850693]],[[-0.1410804,51.4850693],[-0.1401152,51.4849314],[-0.1397081,51.4849117],[-0.1394063,51.4849234],[-0.1392426,51.4849322],[-0.1389731,51.4849634],[-0.1383549,51.4850613],[-0.137957,51.4851297]],[[-0.137957,51.4851297],[-0.1376782,51.4851803],[-0.137607,51.4851923]],[[-0.137607,51.4851923],[-0.1375429,51.485204]],[[-0.1375429,51.485204],[-0.1373906,51.4852255]],[[-0.1373906,51.4852255],[-0.1372817,51.4852417]],[[-0.1384473,51.488125],[-0.1384319,51.4880397],[-0.1384218,51.4880082],[-0.1382848,51.4876717],[-0.1381111,51.4872531],[-0.1380604,51.4871136],[-0.1377436,51.4863638],[-0.137616,51.4860511],[-0.1373549,51.4854109],[-0.1373377,51.4853685],[-0.1373254,51.48534],[-0.137308,51.4852994],[-0.1372817,51.4852417]],[[-0.1422361,51.4943528],[-0.1423193,51.4944079],[-0.1423428,51.4944597],[-0.1423606,51.494499]],[[-0.1423606,51.494499],[-0.1423829,51.494548],[-0.1423899,51.4945633],[-0.1424291,51.4946431]],[[-0.1273271,51.5085071],[-0.1273536,51.5085526],[-0.1273444,51.508604]],[[-0.1273444,51.508604],[-0.1273215,51.5086529],[-0.1272977,51.5086932],[-0.1272758,51.5087466],[-0.1272244,51.5088496]],[[-0.2160456296277806,51.52794844080415],[-0.2159516,51.5279139]],[[-0.1890572,51.5198014],[-0.1887703,51.5197907],[-0.1885912,51.5197872],[-0.1885413,51.5197862],[-0.1879484,51.5197722],[-0.187722,51.5197707],[-0.1860909,51.5197364]],[[-0.1860909,51.5197364],[-0.1855388,51.5197243],[-0.1855086,51.5197238],[-0.1850389,51.5197168]],[[-0.1850389,51.5197168],[-0.1848253,51.5197084],[-0.1847459,51.5197065]],[[-0.1847459,51.5197065],[-0.1846606,51.5197083],[-0.1845276,51.5197101]],[[-0.1845276,51.5197101],[-0.1844989,51.5197123],[-0.1841377,51.5197399],[-0.1839849,51.5197589],[-0.1837477,51.5197858],[-0.1832839,51.5198694]],[[-0.1832839,51.5198694],[-0.1830345,51.5199229],[-0.1827254,51.5200055],[-0.18253,51.520066],[-0.1824061,51.5201053],[-0.1821164,51.5202273],[-0.1817324,51.5204163]],[[-0.1817324,51.5204163],[-0.1813722,51.5206033]],[[-0.1813722,51.5206033],[-0.1813442,51.5206167],[-0.1811293,51.5206913]],[[-0.1811293,51.5206913],[-0.1810006,51.5207716]],[[-0.1810006,51.5207716],[-0.1808422,51.5208504]],[[-0.1808422,51.5208504],[-0.1807597,51.5208918]],[[-0.1807597,51.5208918],[-0.180595,51.5209127],[-0.1804902,51.5209144],[-0.1803947,51.5209007],[-0.1802681,51.5208779]],[[-0.1776614,51.5201973],[-0.1773288,51.5201953]],[[-0.1773288,51.5201953],[-0.176912,51.5201889]],[[-0.176912,51.5201889],[-0.1761995,51.520178]],[[-0.1761995,51.520178],[-0.1754983,51.5201679],[-0.1751752,51.5201595],[-0.1744802,51.5201388],[-0.1742872,51.5201348],[-0.1732594,51.5201062]],[[-0.1732594,51.5201062],[-0.172912,51.5200991],[-0.1719509,51.5200828]],[[-0.1719509,51.5200828],[-0.1715994,51.5200745],[-0.1711874,51.5200682]],[[-0.1711874,51.5200682],[-0.1709069,51.5200639]],[[-0.1709069,51.5200639],[-0.1707605,51.5200586],[-0.1707078,51.5200587],[-0.1706788,51.5200589],[-0.1706126,51.5200592],[-0.1703797,51.5200572]],[[-0.1703797,51.5200572],[-0.170177,51.5200573]],[[-0.170177,51.5200573],[-0.1700506,51.5200665],[-0.1696479,51.5201008],[-0.1692879,51.5201389]],[[-0.1692879,51.5201389],[-0.1689655,51.520186],[-0.1687284,51.5202206],[-0.1684887,51.5202742],[-0.1680471,51.5203739],[-0.1676345,51.5204611]],[[-0.1676345,51.5204611],[-0.1669715,51.5205737]],[[-0.1669715,51.5205737],[-0.1667909,51.5206133],[-0.1666103,51.5206512],[-0.1664377,51.5206868],[-0.1661653,51.520736],[-0.1659929,51.5207624],[-0.1658633,51.5207797],[-0.1657376,51.5207924],[-0.1656854,51.5207972],[-0.1654721,51.5208129]],[[-0.1654721,51.5208129],[-0.1652748,51.5208333],[-0.1650156,51.5208701]],[[-0.1650156,51.5208701],[-0.1645285,51.5209541],[-0.1644718,51.5209637],[-0.1642646,51.5209985]],[[-0.1642646,51.5209985],[-0.163982,51.5210511],[-0.1638742,51.5210712]],[[-0.1638742,51.5210712],[-0.163788,51.5210873],[-0.1637688,51.521091]],[[-0.1637688,51.521091],[-0.1637154,51.5211011],[-0.1635758,51.5211276]],[[-0.1635758,51.5211276],[-0.1632868,51.5211793]],[[-0.1632868,51.5211793],[-0.1630494,51.5212193]],[[-0.1630494,51.5212193],[-0.1629426,51.5212352]],[[-0.1629426,51.5212352],[-0.1626729,51.5212787],[-0.1625715,51.5212928]],[[-0.1625715,51.5212928],[-0.1623349,51.5213279],[-0.162221,51.5213452]],[[-0.162221,51.5213452],[-0.1621367,51.521372],[-0.1620361,51.521393],[-0.1618488,51.5214319]],[[-0.1618488,51.5214319],[-0.161306,51.5215234]],[[-0.161306,51.5215234],[-0.1611985,51.5215422],[-0.1611075,51.5215581]],[[-0.1611075,51.5215581],[-0.1609716,51.5215761],[-0.1609156,51.5215849],[-0.160828,51.5215984],[-0.1605365,51.5216523]],[[-0.1605365,51.5216523],[-0.1603782,51.5216813]],[[-0.1603782,51.5216813],[-0.1598994,51.5217652],[-0.1598155,51.5217805]],[[-0.1598155,51.5217805],[-0.1596439,51.5218095]],[[-0.1596439,51.5218095],[-0.1595458,51.5218262]],[[-0.1595458,51.5218262],[-0.1592879,51.52187]],[[-0.1592879,51.52187],[-0.1590483,51.521912],[-0.15872,51.5219696]],[[-0.15872,51.5219696],[-0.1586116,51.5219896],[-0.1584989,51.5220089]],[[-0.1584989,51.5220089],[-0.1578164,51.5221265]],[[-0.1578164,51.5221265],[-0.1577305,51.522142],[-0.1575427,51.522173]],[[-0.1575427,51.522173],[-0.1573522,51.5222054],[-0.1571432,51.5222409]],[[-0.1571432,51.5222409],[-0.1568245,51.522297],[-0.156598,51.5223374]],[[-0.156598,51.5223374],[-0.1565495,51.5223461],[-0.1564825,51.5223587],[-0.156228,51.5224064]],[[-0.156228,51.5224064],[-0.1561008,51.5224257]],[[-0.1561008,51.5224257],[-0.1557279,51.5224899],[-0.1556604,51.5225029]],[[-0.1556604,51.5225029],[-0.1554188,51.5225465],[-0.1551616,51.5225948]],[[-0.1551616,51.5225948],[-0.1537173,51.5228556]],[[-0.1537173,51.5228556],[-0.1528196,51.523027],[-0.1527654,51.5230371],[-0.1525514,51.5230741]],[[-0.1525514,51.5230741],[-0.1524378,51.5230909]],[[-0.1524378,51.5230909],[-0.1522964,51.5231046],[-0.1518082,51.5231411],[-0.1517075,51.5231479]],[[-0.1517075,51.5231479],[-0.1515056,51.5231614],[-0.1513703,51.5231698]],[[-0.1513703,51.5231698],[-0.1511414,51.523184]],[[-0.1511414,51.523184],[-0.1509164,51.523195],[-0.1508441,51.5231986],[-0.1505501,51.5232178]],[[-0.1505501,51.5232178],[-0.1503279,51.5232337],[-0.1501455,51.5232495],[-0.1499305,51.5232681],[-0.149528,51.5233054],[-0.1492402,51.523332]],[[-0.1492402,51.523332],[-0.149035,51.5233533],[-0.1489542,51.5233617],[-0.1488799,51.5233722]],[[-0.1488799,51.5233722],[-0.1483334,51.5234623]],[[-0.1483334,51.5234623],[-0.1480605,51.5235133],[-0.1479124,51.5235443]],[[-0.1479124,51.5235443],[-0.1476989,51.5235827],[-0.1476399,51.5235948],[-0.1469184,51.5237162],[-0.1461709,51.5238512]],[[-0.1461709,51.5238512],[-0.1454689,51.5239744],[-0.1454108,51.5239854],[-0.14524243307616547,51.524012770417876]],[[-0.1441118799734474,51.52407284182644],[-0.1440296,51.5240624],[-0.1439337,51.5240495],[-0.143651,51.5240211],[-0.1435901,51.5240152],[-0.1435574378123968,51.524012028689086]],[[-0.1651,51.520738],[-0.1651955,51.5207283],[-0.1653393,51.5207111],[-0.1654298,51.5207018]],[[-0.1654298,51.5207018],[-0.1655437,51.5206907],[-0.1657986,51.5206679],[-0.1658665,51.5206602],[-0.1660747,51.5206331],[-0.1663924,51.5205878],[-0.1665738,51.5205567],[-0.1667819,51.5205155],[-0.1669003,51.5204901],[-0.1670197,51.5204629]],[[-0.1670197,51.5204629],[-0.1672272,51.5203847],[-0.1675998,51.5202643]],[[-0.1675998,51.5202643],[-0.167758,51.5202199],[-0.1681704,51.5201229]],[[-0.1681704,51.5201229],[-0.168482,51.5200518]],[[-0.168482,51.5200518],[-0.1688423,51.5199756],[-0.1690478,51.5199368],[-0.1695728,51.5198716],[-0.1696531,51.5198613],[-0.1697271,51.5198523],[-0.1698357,51.5198358]],[[-0.1698357,51.5198358],[-0.1700525,51.5198148]],[[-0.1700525,51.5198148],[-0.1702896,51.5198093],[-0.1705721,51.5198103],[-0.1706054,51.5198104]],[[-0.1706054,51.5198104],[-0.1707012,51.519813],[-0.1715029,51.5198345],[-0.1720519,51.5198493]],[[-0.1720519,51.5198493],[-0.1733383,51.5198461]],[[-0.1733383,51.5198461],[-0.1744922,51.5198642],[-0.1745917,51.5198658]],[[-0.1745917,51.5198658],[-0.1755268,51.5198845],[-0.1756933,51.5198878]],[[-0.1756933,51.5198878],[-0.1762057,51.5198974],[-0.1763948,51.5199009]],[[-0.1763948,51.5199009],[-0.176668,51.5198966],[-0.1768587,51.5198819],[-0.1769876,51.5198529],[-0.1770654,51.5198241],[-0.1771451,51.5197853]],[[-0.1771451,51.5197853],[-0.1774127,51.5196639],[-0.1774832,51.5196389]],[[-0.1775033,51.5196296],[-0.1775613,51.51961],[-0.1775986,51.5196005],[-0.1777302,51.5195817],[-0.1778529,51.5195926],[-0.1779056,51.5196041],[-0.1779784,51.5196176]],[[-0.1779784,51.5196176],[-0.1780158,51.5196369],[-0.1783501,51.5198091],[-0.1783992,51.5198344]],[[-0.1783992,51.5198344],[-0.1787395,51.5199549],[-0.178807,51.5199783]],[[-0.178807,51.5199783],[-0.1789835,51.5200371],[-0.1791781,51.5200761],[-0.1793764,51.520089],[-0.1795585,51.5200898]],[[-0.1795585,51.5200898],[-0.1798483,51.520087]],[[-0.1798483,51.520087],[-0.180253,51.520072]],[[-0.180253,51.520072],[-0.1806909,51.5200487]],[[-0.1806909,51.5200487],[-0.1809719,51.5200252],[-0.1813321,51.5199793],[-0.1817018,51.5199226],[-0.1826571,51.5197789],[-0.1834561,51.5196542],[-0.184006,51.5195805],[-0.1843699,51.5195452]],[[-0.1843699,51.5195452],[-0.1846706,51.5195183],[-0.1850239,51.5194967],[-0.1852918,51.5194893],[-0.1855753,51.519486]],[[-0.1855753,51.519486],[-0.1878366,51.5195279],[-0.1885468,51.5195818]],[[-0.1885468,51.5195818],[-0.1887037,51.5195822]],[[-0.1887037,51.5195822],[-0.1890813,51.5196001],[-0.1892816,51.5196282],[-0.1894536,51.5196524]],[[-0.1894536,51.5196524],[-0.1898179,51.5197234],[-0.1898827,51.5197454]],[[-0.1898827,51.5197454],[-0.1899314,51.5197619],[-0.1901337,51.5198356],[-0.1903494,51.5199274],[-0.1905763,51.5200442],[-0.1906393,51.5200838],[-0.1909202,51.520234],[-0.1909734,51.5202604],[-0.1910137,51.5203255]],[[-0.1925598,51.5213207],[-0.1926337,51.5213296],[-0.1927236,51.5213871],[-0.1927565,51.5214108],[-0.1927887,51.5214368],[-0.1927721,51.52148]],[[-0.1435972,51.4960935],[-0.1435121,51.4960905],[-0.1434017,51.4960867]],[[-0.1434017,51.4960867],[-0.1433866,51.4960933],[-0.1433721,51.4960997],[-0.1433078,51.4961342]],[[-0.1446046,51.4961146],[-0.1445712,51.4961217],[-0.1445245,51.4961284],[-0.1444369,51.4961274],[-0.1435972,51.4960935]],[[-0.1267615,51.5010374],[-0.1264587,51.5010218],[-0.1263225,51.5010147]],[[-0.1263225,51.5010147],[-0.1261537,51.5010077]],[[-0.1261537,51.5010077],[-0.1260583,51.5010038]],[[-0.127413,51.5072539],[-0.1274629,51.5072351],[-0.1275108,51.5072192],[-0.12757,51.5071998],[-0.1276743,51.5071742],[-0.1277374,51.507163]],[[-0.1280149,51.507289],[-0.1280869,51.5073352],[-0.1281817,51.5073796],[-0.1282547,51.5074021],[-0.1283522,51.5074201],[-0.1284897,51.5074335],[-0.1286066,51.5074413],[-0.1287235,51.5074491]],[[-0.1287235,51.5074491],[-0.1287906,51.5074554],[-0.1288439,51.5074604],[-0.1288807,51.5074654],[-0.1289455,51.5074847],[-0.1289998,51.5075106]],[[-0.130284,51.5076486],[-0.1304097,51.5076462],[-0.1307037,51.5076783],[-0.1307824,51.5076883],[-0.1308586,51.5076949],[-0.1308984,51.5076951],[-0.1309581,51.5076896],[-0.130994,51.5076808],[-0.1310392,51.5076686],[-0.1311287,51.5076387]],[[-0.1311287,51.5076387],[-0.131189,51.5076179],[-0.1312512,51.5075988],[-0.132067,51.5073069],[-0.132127,51.5072848],[-0.1322494,51.5072481],[-0.132375,51.5072375]],[[-0.132375,51.5072375],[-0.1326271,51.5071417]],[[-0.1326271,51.5071417],[-0.1327018,51.507219],[-0.1329392,51.5074646],[-0.1329403,51.5075021],[-0.1328991,51.5075449],[-0.132911,51.507582],[-0.1330919,51.5077901],[-0.1331311,51.5078373],[-0.1332072,51.5079278],[-0.1332261,51.5079489]],[[-0.1332261,51.5079489],[-0.1332619,51.507987],[-0.1333093,51.5080394],[-0.1333139,51.5080866]],[[-0.16092604665996718,51.50167526147168],[-0.1609278,51.5016752],[-0.1610519,51.5016743]],[[-0.1610519,51.5016743],[-0.1612634,51.5016771],[-0.1613346,51.5016774],[-0.1614056,51.5016761],[-0.1615222,51.5017094]],[[-0.1417454,51.4967999],[-0.1416884,51.4967667],[-0.1416599,51.4967267],[-0.141599,51.4966847],[-0.1414947,51.4966425]],[[-0.1595975,51.5216996],[-0.1596439,51.5218095]],[[-0.1544728,51.5154205],[-0.1545797,51.5154011]],[[-0.1545797,51.5154011],[-0.1547338,51.5153719],[-0.154804,51.5153584]],[[-0.154804,51.5153584],[-0.1555368,51.5152267],[-0.1559873,51.5151423]],[[-0.1559873,51.5151423],[-0.1562744,51.515087],[-0.1563475,51.5150735],[-0.1564176,51.5150635],[-0.156567,51.5150336]],[[-0.1263225,51.5010147],[-0.1263498,51.5011315]],[[-0.1277102,51.5075703],[-0.1276298,51.5075765],[-0.1275562,51.5075756],[-0.1274965,51.5075694],[-0.1274518,51.5075557],[-0.1274053,51.5075397],[-0.1273552,51.5075151],[-0.1273223,51.5074971],[-0.1272986,51.5074791],[-0.1272837,51.5074625]],[[-0.12283428802188649,51.49453663346435],[-0.1236192,51.4946163]],[[-0.1236192,51.4946163],[-0.1241571,51.494675]],[[-0.1241571,51.494675],[-0.1244768,51.4947107]],[[-0.1244768,51.4947107],[-0.1247098,51.4947328]],[[-0.1247098,51.4947328],[-0.1248385,51.4947089],[-0.1248741,51.4947113]],[[-0.1248741,51.4947113],[-0.1249307,51.4947162]],[[-0.1249307,51.4947162],[-0.1249743,51.4947184],[-0.1249874,51.4947195],[-0.1250738,51.4947564]],[[-0.1250738,51.4947564],[-0.1252283,51.4947586]],[[-0.1252283,51.4947586],[-0.1253222,51.494729]],[[-0.1253222,51.494729],[-0.1253924,51.4947333],[-0.1255055,51.4947349]],[[-0.1255055,51.4947349],[-0.125525,51.4947353],[-0.125551,51.4947359]],[[-0.125551,51.4947359],[-0.1256389,51.4947379],[-0.1258607,51.4947893]],[[-0.1258607,51.4947893],[-0.1260442,51.4948002]],[[-0.1260442,51.4948002],[-0.1261375,51.4948033]],[[-0.1261375,51.4948033],[-0.1265531,51.4948249],[-0.1268384,51.4948414]],[[-0.1268384,51.4948414],[-0.1270429,51.4948493],[-0.1271536,51.4948511],[-0.1273493,51.4948491],[-0.1277443,51.4948526],[-0.1280457,51.4948558]],[[-0.1280457,51.4948558],[-0.1284165,51.4948544],[-0.1286804,51.4948549]],[[-0.1286804,51.4948549],[-0.1287488,51.4948551],[-0.1288222,51.4948552],[-0.1288503,51.494855]],[[-0.1288503,51.494855],[-0.1290208,51.4948538]],[[-0.1290208,51.4948538],[-0.129281,51.4948566]],[[-0.129281,51.4948566],[-0.1293156,51.49486],[-0.1293711,51.4948578],[-0.1294436,51.494858]],[[-0.1294436,51.494858],[-0.1295446,51.4948591]],[[-0.1295446,51.4948591],[-0.1301137,51.4948655],[-0.130731,51.4948724],[-0.1309397,51.4948776],[-0.1312772,51.4948844],[-0.1318213,51.4948888],[-0.1318787,51.4948889],[-0.1323692,51.4948917],[-0.132424,51.4949],[-0.1324683,51.4949121],[-0.1325114,51.494928],[-0.1325797,51.4949629],[-0.1326449,51.4950112],[-0.1327554,51.4951146],[-0.1328986,51.4952883],[-0.1330161,51.4954307],[-0.1332118,51.4957114],[-0.1333729,51.4959583],[-0.1334552,51.4960866],[-0.1335412,51.4962055],[-0.1336194,51.4963282],[-0.1336505,51.4964003],[-0.1337327,51.4965109]],[[-0.1343478,51.4963399],[-0.1338895,51.4964707],[-0.1337327,51.4965109]],[[-0.134517,51.4962956],[-0.1344143,51.4963225],[-0.1343478,51.4963399]],[[-0.134517,51.4962956],[-0.1345439,51.4962613],[-0.1345918,51.4962457],[-0.1347621,51.4962069],[-0.1348661,51.4962]],[[-0.1348661,51.4962],[-0.1348896,51.4961915],[-0.134916,51.4961876],[-0.134943,51.4961888],[-0.1349684,51.4961948],[-0.1349897,51.4962052]],[[-0.1349897,51.4962052],[-0.1350047,51.4962184],[-0.1350131,51.4962337],[-0.1350143,51.4962498],[-0.1350081,51.4962655],[-0.134995,51.4962795]],[[-0.1355928,51.4964534],[-0.1352818,51.4963653],[-0.1350497,51.4962965],[-0.134995,51.4962795]],[[-0.1356084,51.4969358],[-0.1356557,51.4965531],[-0.1356574,51.496514],[-0.1356538,51.4965018],[-0.1356418,51.4964867],[-0.1356307,51.4964744],[-0.1355928,51.4964534]],[[-0.1355892,51.4973741],[-0.1355725,51.4973241],[-0.1355738,51.4972789],[-0.1355832,51.4971353],[-0.1356084,51.4969358]],[[-0.1356325,51.4974954],[-0.1355892,51.4973741]],[[-0.1446858,51.4960494],[-0.1445378,51.4960359]],[[-0.1445378,51.4960359],[-0.1444765,51.496034],[-0.144194,51.4959976],[-0.1440074,51.4959817],[-0.143849,51.4959754]],[[-0.143849,51.4959754],[-0.1437711,51.4959761],[-0.1437047,51.4959832],[-0.1436336,51.4959959]],[[-0.1436336,51.4959959],[-0.1435209,51.4960392]],[[-0.1435209,51.4960392],[-0.1434017,51.4960867]],[[-0.134995,51.4962795],[-0.1349729,51.496292],[-0.1349454,51.4962994],[-0.1349156,51.4963009],[-0.1348867,51.4962963],[-0.1348617,51.4962861],[-0.1348433,51.4962714]],[[-0.1348433,51.4962714],[-0.1347163,51.4962834],[-0.1346296,51.4962993],[-0.134589,51.4963077],[-0.134517,51.4962956]],[[-0.1258607,51.4947893],[-0.1256445,51.4947973],[-0.1254957,51.4947901]],[[-0.1254957,51.4947901],[-0.1254252,51.4947884],[-0.1253932,51.4947892],[-0.1253585,51.4947878],[-0.1252283,51.4947586]],[[-0.1250738,51.4947564],[-0.1249723,51.4947893],[-0.124928,51.4947872],[-0.1248396,51.4947831],[-0.124802,51.4947815],[-0.1247098,51.4947328]],[[-0.19292758215772968,51.532122916351895],[-0.1929088,51.5321222]],[[-0.1842135,51.5233095],[-0.1841657,51.523371],[-0.1839925,51.5234517],[-0.1838891,51.5234749]],[[-0.1613956,51.5128251],[-0.161407,51.5128597],[-0.161407,51.5129184],[-0.1613933,51.5129691],[-0.1613726,51.5130097],[-0.1613434,51.5130526],[-0.1613139,51.5130821],[-0.1612672,51.5131271]],[[-0.1607152,51.5131735],[-0.1606596,51.5131955],[-0.1606146,51.5132234],[-0.1605794,51.5132487],[-0.1605527,51.5132753],[-0.160533,51.5133032],[-0.160513,51.5133411],[-0.1604964,51.5133937],[-0.1604981,51.5134166],[-0.1605029,51.5134324],[-0.1605082,51.5134451],[-0.1605151,51.5134564],[-0.1605258,51.5134672],[-0.1608375,51.5136696],[-0.1612841,51.5139596],[-0.1614548,51.5140705],[-0.1614912,51.5140941],[-0.1615928,51.5142003]],[[-0.1629309,51.5150639],[-0.1629918,51.5150665],[-0.1630298,51.5150918],[-0.1632624,51.5152468],[-0.1632797,51.5152993]],[[-0.1639162,51.5157306],[-0.1639856,51.5157377],[-0.1640312,51.5157691],[-0.1640679,51.5157945],[-0.1641747,51.5158676],[-0.1642689,51.5159323],[-0.1649987,51.5164185]],[[-0.1649987,51.5164185],[-0.1651174,51.5165004],[-0.1652892,51.5166189]],[[-0.1652892,51.5166189],[-0.1654143,51.5167051]],[[-0.1654143,51.5167051],[-0.1654606,51.5167373],[-0.1654945,51.5167604],[-0.1655452,51.5167954]],[[-0.1655452,51.5167954],[-0.1656565,51.5168721]],[[-0.1656565,51.5168721],[-0.1657527,51.5169346]],[[-0.1657527,51.5169346],[-0.1658072,51.5169702],[-0.1658504,51.516998]],[[-0.1658504,51.516998],[-0.1658773,51.5170155],[-0.1660229,51.5171135]],[[-0.1660229,51.5171135],[-0.1662085,51.5172386],[-0.1662779,51.5172853],[-0.1662833,51.5172889]],[[-0.1662833,51.5172889],[-0.1669801,51.5177453],[-0.1671409,51.5178838],[-0.1671441,51.5178861],[-0.167291,51.5179922],[-0.1673379,51.5180253],[-0.1673603,51.5180412],[-0.1674657,51.5181183]],[[-0.1674657,51.5181183],[-0.1675815,51.5181992]],[[-0.1675815,51.5181992],[-0.167683,51.5182737],[-0.1676764,51.5183079]],[[-0.1680613,51.518576],[-0.1681468,51.5185898],[-0.1681699,51.5186054],[-0.1682584,51.5186654]],[[-0.1682584,51.5186654],[-0.168355,51.5187308],[-0.1683461,51.5187745]],[[-0.1690352,51.5192546],[-0.1691513,51.5192842],[-0.1692058,51.5193073],[-0.1694113,51.5194157]],[[-0.1694113,51.5194157],[-0.1695887,51.519525]],[[-0.1695887,51.519525],[-0.1698516,51.5196918],[-0.1699083,51.5197255],[-0.1699314,51.5197392],[-0.1700525,51.5198148]],[[-0.1700525,51.5198148],[-0.1701395,51.5198743]],[[-0.1701395,51.5198743],[-0.1702698,51.5199707],[-0.1703375,51.5200154]],[[-0.1703375,51.5200154],[-0.1703797,51.5200572]],[[-0.1703797,51.5200572],[-0.1705311,51.5201683],[-0.1706483,51.520256]],[[-0.1706483,51.520256],[-0.1707801,51.5203626],[-0.1708136,51.5203942],[-0.1710851,51.5206158],[-0.1711293,51.5206589],[-0.1711755,51.5207049],[-0.1712058,51.5207376],[-0.1712158,51.5208265]],[[-0.1779638,51.5255404],[-0.1780384,51.5255517],[-0.1780753,51.5255833],[-0.1781134,51.525617],[-0.1781898,51.5256847]],[[-0.1781898,51.5256847],[-0.1782656,51.5257526]],[[-0.1782656,51.5257526],[-0.1783762,51.5258523],[-0.178394,51.5258682]],[[-0.178394,51.5258682],[-0.1784738,51.5259407]],[[-0.20267793316831,51.53280247351485],[-0.2027167,51.5328039]],[[-0.2027167,51.5328039],[-0.202763,51.5328121]],[[-0.202763,51.5328121],[-0.2027986,51.5328184],[-0.2028381,51.5328259],[-0.2028764,51.5328306]],[[-0.2028764,51.5328306],[-0.2030281,51.5328494]],[[-0.1437113,51.4960452],[-0.1436205,51.4960426],[-0.1435209,51.4960392]],[[-0.1399498,51.5154965],[-0.1402933,51.5154746],[-0.1405042,51.5154542],[-0.1405518,51.5154488]],[[-0.1405518,51.5154488],[-0.1407937,51.515409],[-0.1413028,51.5153461],[-0.141733,51.5152704],[-0.1418031,51.5152614]],[[-0.1418031,51.5152614],[-0.1419463,51.5152429]],[[-0.1419463,51.5152429],[-0.1420527,51.5152292]],[[-0.1446858,51.4960494],[-0.1444894,51.4960755],[-0.1437113,51.4960452]],[[-0.1621353,51.5217957],[-0.1621768,51.521908]],[[-0.1621353,51.5217957],[-0.1620939,51.5217597],[-0.1620733,51.5217376],[-0.16206,51.5217226],[-0.1619433,51.5214895],[-0.1619291,51.5214687],[-0.1619111,51.5214484],[-0.1618488,51.5214319]],[[-0.1434900634802339,51.523890713973636],[-0.1435112,51.5238362],[-0.1435641,51.5237551],[-0.143615,51.5236963]],[[-0.143615,51.5236963],[-0.1436658,51.5236446],[-0.143744,51.5235879],[-0.1438171,51.523545],[-0.1439157,51.5234957]],[[-0.1439157,51.5234957],[-0.1439555,51.5234737],[-0.1439883,51.5234534],[-0.1440274,51.5234326],[-0.1440857,51.5233838],[-0.1441197,51.5233516],[-0.1441414,51.5233032],[-0.1441512,51.5232503]],[[-0.1437474,51.5224016],[-0.1438312,51.5225745],[-0.1438503,51.5226126],[-0.1438709,51.5226549],[-0.1439701,51.5228519],[-0.1440273,51.5229762],[-0.1441512,51.5232503]],[[-0.1437474,51.5224016],[-0.1437132,51.5223641],[-0.1437063,51.5223495]],[[-0.1437063,51.5223495],[-0.1437039,51.5223443],[-0.1436983,51.5222909]],[[-0.1436983,51.5222909],[-0.1436551,51.5221971]],[[-0.1436551,51.5221971],[-0.1436083,51.5221518]],[[-0.1436083,51.5221518],[-0.1435893,51.522109],[-0.143574,51.5220764],[-0.1435606,51.5220467],[-0.1435657,51.5219842]],[[-0.1435657,51.5219842],[-0.1435396,51.5219163],[-0.1433212,51.5214123],[-0.1432898,51.521348],[-0.1432724,51.5212978]],[[-0.1432724,51.5212978],[-0.1432509,51.5212547],[-0.1430206,51.5208006]],[[-0.1430206,51.5208006],[-0.1427648,51.5201973],[-0.1427521,51.5201678],[-0.1427242,51.5201085]],[[-0.1427242,51.5201085],[-0.1427987,51.5200966],[-0.1428295,51.5200915],[-0.1434045,51.5199952],[-0.1438967,51.5199102],[-0.1441044,51.5198743]],[[-0.1441044,51.5198743],[-0.1444864,51.5198092]],[[-0.1444864,51.5198092],[-0.1445558,51.5197974],[-0.144604,51.5197893],[-0.1447085,51.5197714]],[[-0.1447085,51.5197714],[-0.1446558,51.5196423]],[[-0.1446558,51.5196423],[-0.1446443,51.5196162]],[[-0.1446443,51.5196162],[-0.1444644,51.5192056],[-0.1441337,51.5184939],[-0.1440775,51.5183781]],[[-0.1440775,51.5183781],[-0.1439716,51.5182802],[-0.1438361,51.5181886]],[[-0.1438361,51.5181886],[-0.1437985,51.5181185]],[[-0.1437273,51.5180924],[-0.1437985,51.5181185]],[[-0.1436522,51.5180609],[-0.1437273,51.5180924]],[[-0.1435372,51.5180074],[-0.1435892,51.5180331],[-0.1436522,51.5180609]],[[-0.1434299,51.5179544],[-0.1435372,51.5180074]],[[-0.1433568,51.5179197],[-0.1434299,51.5179544]],[[-0.143121,51.5178089],[-0.1431612,51.517831],[-0.1433568,51.5179197]],[[-0.1429178,51.5175254],[-0.143,51.5176804],[-0.1430201,51.5177112],[-0.1430415,51.5177409],[-0.1430785,51.5177794],[-0.143121,51.5178089]],[[-0.1428562,51.5173731],[-0.1429023,51.5174861],[-0.1429178,51.5175254]],[[-0.1427961,51.5172372],[-0.1428162,51.5172826],[-0.1428562,51.5173731]],[[-0.1426143,51.5168419],[-0.1426416,51.5169136],[-0.1427961,51.5172372]],[[-0.142515,51.5166225],[-0.142585,51.5167648],[-0.1426143,51.5168419]],[[-0.1424879,51.5165664],[-0.142515,51.5166225]],[[-0.1424366,51.5164404],[-0.1424535,51.5164803],[-0.1424732,51.5165294],[-0.1424879,51.5165664]],[[-0.1423807,51.5163054],[-0.142397,51.5163424],[-0.1424366,51.5164404]],[[-0.142374,51.5162904],[-0.1423807,51.5163054]],[[-0.1422974,51.5161223],[-0.1423671,51.5162751],[-0.142374,51.5162904]],[[-0.1422603,51.5160473],[-0.1422024,51.5159984],[-0.1421756,51.5159602]],[[-0.1421756,51.5159602],[-0.1421426,51.5159091]],[[-0.1421426,51.5159091],[-0.1421246,51.5158476]],[[-0.1421246,51.5158476],[-0.1420554,51.5156106],[-0.1420507,51.5155946]],[[-0.1420507,51.5155946],[-0.1420357,51.515544]],[[-0.1420357,51.515544],[-0.1420058,51.5154428]],[[-0.1420058,51.5154428],[-0.1419912,51.5153957]],[[-0.1419912,51.5153957],[-0.141966,51.5153055]],[[-0.1437985,51.5181185],[-0.1439126,51.518116]],[[-0.1439126,51.518116],[-0.1439879,51.5181484],[-0.1440877,51.5182106],[-0.1441807,51.5182919]],[[-0.1441807,51.5182919],[-0.1442389,51.5183717]],[[-0.1442389,51.5183717],[-0.1443436,51.5185515],[-0.1446328,51.5191761],[-0.1448311,51.5195824]],[[-0.1448311,51.5195824],[-0.1448468,51.519616]],[[-0.1448468,51.519616],[-0.1448635,51.5196553],[-0.144899,51.5197389]],[[-0.144899,51.5197389],[-0.1449343,51.5198198]],[[-0.1449343,51.5198198],[-0.1449555,51.5198662]],[[-0.1449555,51.5198662],[-0.1452449,51.5205338],[-0.1453593,51.5207976]],[[-0.1453593,51.5207976],[-0.1453724,51.5208279]],[[-0.1453724,51.5208279],[-0.1453856,51.5208601],[-0.1454268,51.5209523]],[[-0.1454268,51.5209523],[-0.1454778,51.5210673]],[[-0.1454778,51.5210673],[-0.1455055,51.5211265]],[[-0.1455055,51.5211265],[-0.1458567,51.5218769]],[[-0.1458567,51.5218769],[-0.1458748,51.5219156]],[[-0.1458748,51.5219156],[-0.1458956,51.5219598],[-0.1459226,51.5220344]],[[-0.1459226,51.5220344],[-0.1457259,51.522067]],[[-0.1457259,51.522067],[-0.1455949,51.5220885],[-0.1455465,51.5220977],[-0.1454804,51.5221086],[-0.1449302,51.5221994],[-0.1449163,51.5222017],[-0.1449078,51.5222035],[-0.1443957,51.5222897]],[[-0.1443957,51.5222897],[-0.1441629,51.5223275]],[[-0.1441629,51.5223275],[-0.143883,51.5223762],[-0.1438396,51.5223841]],[[-0.1438396,51.5223841],[-0.1438038,51.5223905]],[[-0.1438038,51.5223905],[-0.1437474,51.5224016]],[[-0.1441512,51.5232503],[-0.144182,51.5233148],[-0.1441951,51.5233612]],[[-0.1441951,51.5233612],[-0.1442118,51.52342],[-0.1442135,51.5234315],[-0.1442144,51.5234773],[-0.1442161,51.5235636]],[[-0.1442161,51.5235636],[-0.1442294,51.5237116],[-0.1442309,51.5237724],[-0.1442311,51.5238778],[-0.1442335,51.5239133],[-0.1442338,51.5239873]],[[-0.1621768,51.521908],[-0.1623513,51.5222804],[-0.1623576,51.5222938],[-0.1623708,51.5223221]],[[-0.1499933,51.4855695],[-0.15003011158599705,51.48558565508461]],[[-0.1309121,51.4892641],[-0.1308317,51.4893148]],[[-0.1308317,51.4893148],[-0.1307649,51.4893602]],[[-0.1307649,51.4893602],[-0.130721,51.4893964],[-0.1306939,51.4894165]],[[-0.1306939,51.4894165],[-0.130654,51.4894474],[-0.130488,51.4895906]],[[-0.130488,51.4895906],[-0.1303241,51.4897246]],[[-0.1303241,51.4897246],[-0.1300654,51.4899311],[-0.1300391,51.4899535],[-0.1299532,51.4900429],[-0.1298873,51.4901153],[-0.1298125,51.4902088],[-0.1296966,51.4903504],[-0.1296736,51.4903787],[-0.1295275,51.4905579],[-0.1293618,51.4907549],[-0.1292395,51.4909106],[-0.1292086,51.4909508]],[[-0.1292086,51.4909508],[-0.1290493,51.4911466]],[[-0.1290493,51.4911466],[-0.1288283,51.4914141],[-0.128703,51.4915603],[-0.1284426,51.4918724],[-0.128418,51.4919053]],[[-0.128418,51.4919053],[-0.1284667,51.4919202]],[[-0.1284667,51.4919202],[-0.1285138,51.4919347]],[[-0.1285138,51.4919347],[-0.1287638,51.4920124]],[[-0.1287638,51.4920124],[-0.1288236,51.4920348]],[[-0.1288236,51.4920348],[-0.1288751,51.4920541]],[[-0.1289355,51.4928712],[-0.1289143,51.492522],[-0.1288871,51.4922991],[-0.1288458,51.4921278],[-0.1288466,51.492105],[-0.1288751,51.4920541]],[[-0.1289725,51.4939407],[-0.128971,51.4938211],[-0.1289658,51.4935907],[-0.1289555,51.4933749],[-0.1289522,51.4932434],[-0.1289436,51.4930445],[-0.1289355,51.4928712]],[[-0.1290009,51.4946648],[-0.128992,51.4941825],[-0.1289725,51.4939407]],[[-0.1290009,51.4947327],[-0.1290026,51.4947024],[-0.1290009,51.4946648]],[[-0.1290208,51.4948538],[-0.1290009,51.4947327]],[[-0.12909,51.4951214],[-0.1290792,51.4950826],[-0.1290681,51.4950317],[-0.1290483,51.4949525],[-0.1290208,51.4948538]],[[-0.1291123,51.4952099],[-0.12909,51.4951214]],[[-0.1293153,51.496424],[-0.129303,51.4963374],[-0.1292448,51.4959471],[-0.1291999,51.4956434],[-0.1291871,51.4955602],[-0.1291693,51.4954368],[-0.1291466,51.4953619],[-0.1291123,51.4952099]],[[-0.1293579,51.4967243],[-0.129353,51.4966897],[-0.1293153,51.496424]],[[-0.1293674,51.4969194],[-0.1293631,51.49677],[-0.1293579,51.4967243]],[[-0.1293744,51.4970437],[-0.1293698,51.4970132],[-0.1293667,51.4969711],[-0.1293674,51.4969194]],[[-0.1294289,51.4973058],[-0.1293802,51.4970823],[-0.1293744,51.4970437]],[[-0.1299665,51.4983967],[-0.1299492,51.4982807],[-0.1298608,51.4980642],[-0.1298365,51.4980355],[-0.1298002,51.4980009],[-0.1297087,51.4979201],[-0.1295935,51.4978346],[-0.1295427,51.4977686],[-0.1295111,51.4976981],[-0.1294924,51.4976136],[-0.1294589,51.4974451],[-0.1294289,51.4973058]],[[-0.1298074,51.4993303],[-0.1297674,51.4992951],[-0.129748,51.4992554],[-0.1297527,51.49922],[-0.1297632,51.4991833],[-0.1298431,51.4989232],[-0.1298949,51.4987402],[-0.1299173,51.4986548],[-0.1299633,51.498495],[-0.1299693,51.498451],[-0.1299665,51.4983967]],[[-0.1298074,51.4993303],[-0.1298586,51.4993854]],[[-0.1442338,51.5239873],[-0.14423364756093612,51.52400439011283]],[[-0.1289355,51.4928712],[-0.1288046,51.4927966],[-0.127965,51.4925354],[-0.1279128,51.4925197]],[[-0.1279128,51.4925197],[-0.1281138,51.4922748],[-0.1282411,51.492118],[-0.1282716,51.4920805],[-0.1283386,51.4919972],[-0.128418,51.4919053]],[[-0.1626556,51.5223614],[-0.162529,51.5223514],[-0.1624484,51.5223482],[-0.1623708,51.5223221]],[[-0.1797246,51.5174348],[-0.1800905,51.5172196],[-0.1801765,51.5171727],[-0.1802355,51.5171393],[-0.180425,51.5170371],[-0.1807987,51.5168332],[-0.180849,51.5168058],[-0.1809142,51.5167696]],[[-0.1809701,51.5168093],[-0.1809142,51.5167696]],[[-0.1810155,51.5168415],[-0.1809701,51.5168093]],[[-0.1810565,51.5168704],[-0.1810155,51.5168415]],[[-0.1811,51.5169009],[-0.1810565,51.5168704]],[[-0.181637,51.5172778],[-0.1811,51.5169009]],[[-0.1816956,51.517319],[-0.181637,51.5172778]],[[-0.1817809,51.5173788],[-0.1816956,51.517319]],[[-0.1818875,51.5174537],[-0.1817809,51.5173788]],[[-0.1820322,51.5175555],[-0.1819433,51.5174939],[-0.1819211,51.5174773],[-0.1818875,51.5174537]],[[-0.1690352,51.5192546],[-0.1689499,51.5193286],[-0.1680484,51.5195301]],[[-0.1680484,51.5195301],[-0.1676101,51.5196202],[-0.1671883,51.5197061],[-0.1671213,51.5197194],[-0.1660296,51.5199615]],[[-0.1660296,51.5199615],[-0.1659531,51.519989],[-0.1658834,51.5200197],[-0.1657941,51.5200638],[-0.1656634,51.5201272]],[[-0.1655002,51.5204105],[-0.1654465,51.5204868],[-0.1654243,51.5205376],[-0.1654199,51.5205578],[-0.1654139,51.5205851],[-0.1654172,51.5206159],[-0.1654224,51.5206701],[-0.1654298,51.5207018]],[[-0.1654298,51.5207018],[-0.1654488,51.5207628],[-0.1654721,51.5208129]],[[-0.1689662,51.5300975],[-0.1688765,51.5301177],[-0.1688511,51.530122],[-0.168817,51.5301259],[-0.168777,51.5301281],[-0.1687366,51.5301287],[-0.168691,51.5301273],[-0.1686057,51.5301242],[-0.1685419,51.5301228],[-0.168469,51.5301275],[-0.1684075,51.5301379],[-0.1683379,51.5301554],[-0.1682693,51.5301727],[-0.168113,51.5302273]],[[-0.168113,51.5302273],[-0.1679634,51.5302871],[-0.1679015,51.5303094]],[[-0.1679015,51.5303094],[-0.1678742,51.5303186],[-0.1678473,51.5303244],[-0.1678276,51.5303283],[-0.1678007,51.5303311],[-0.167771,51.5303315],[-0.1677454,51.5303302],[-0.1677149,51.5303261],[-0.1676879,51.5303202],[-0.1676548,51.5303106],[-0.1676284,51.5302994],[-0.1676111,51.5302889],[-0.1675875,51.5302727],[-0.1675702,51.5302551],[-0.1675579,51.530239],[-0.1675322,51.5302005]],[[-0.1272802,51.5074545],[-0.1271607,51.5074374],[-0.1270343,51.5074077]],[[-0.1270343,51.5074077],[-0.1268214,51.5073485],[-0.1266935,51.5072947]],[[-0.126659,51.5072857],[-0.1266935,51.5072947]],[[-0.1265054,51.5072601],[-0.126659,51.5072857]],[[-0.1424366,51.5164404],[-0.1426381,51.5164054],[-0.1428506,51.5163676]],[[-0.1428506,51.5163676],[-0.1434832,51.5162551]],[[-0.1434832,51.5162551],[-0.1434416,51.5162085],[-0.1431802,51.5159155]],[[-0.1431802,51.5159155],[-0.1430692,51.5157523]],[[-0.1430692,51.5157523],[-0.1430296,51.515703],[-0.1428132,51.5154617]],[[-0.1428132,51.5154617],[-0.1427689,51.5154136],[-0.1427481,51.51539],[-0.1427355,51.5153667],[-0.1427289,51.515338],[-0.1427251,51.5153034]],[[-0.1427251,51.5153034],[-0.1427147,51.515264],[-0.1427134,51.515259],[-0.1427024,51.5152032]],[[-0.2159516,51.5279139],[-0.21594599696055972,51.52788624938413]],[[-0.21590187081881795,51.52768291426606],[-0.2158889,51.5276276]],[[-0.1266935,51.5072947],[-0.1268477,51.5073006],[-0.1270539,51.5073206]],[[-0.1270539,51.5073206],[-0.1271061,51.5073276],[-0.127134,51.5073296],[-0.1271989,51.5073287],[-0.1272737,51.5073172],[-0.1273415,51.507302]],[[-0.1784738,51.5259407],[-0.1786287,51.5260878],[-0.1786391,51.5261004],[-0.1786309,51.5261515]],[[-0.1499664,51.4905865],[-0.1499731,51.4906414],[-0.1499353,51.4906784],[-0.1499084,51.4906998],[-0.1498404,51.4907574]],[[-0.1498404,51.4907574],[-0.14979,51.4908057],[-0.1497546,51.4908395]],[[-0.145279,51.4961815],[-0.1451832,51.4963153],[-0.1451091,51.4964597],[-0.1450313,51.4965715]],[[-0.1407061,51.5131204],[-0.1406182,51.5131478]],[[-0.1454448,51.5101551],[-0.1454877,51.5101122],[-0.1455304,51.5100631],[-0.1455416,51.5100201],[-0.1455397,51.509984]],[[-0.1455397,51.509984],[-0.1453438,51.5098408],[-0.1447227,51.5093818]],[[-0.1447227,51.5093818],[-0.1443869,51.5091645],[-0.1442049,51.5090201],[-0.1441245,51.5089227]],[[-0.1433249,51.5082276],[-0.1430972,51.5080365],[-0.1429122,51.5078813],[-0.1427913,51.5077774],[-0.1427349,51.5077277],[-0.1426346,51.5076408]],[[-0.1426346,51.5076408],[-0.1426118,51.5076263],[-0.1421757,51.5072595],[-0.1421217,51.507217],[-0.1420668,51.5071738]],[[-0.1420668,51.5071738],[-0.1419668,51.5070967]],[[-0.191968,51.5153815],[-0.1916975,51.5144943]],[[-0.1916975,51.5144943],[-0.1916076,51.5141994]],[[-0.1914316,51.5136167],[-0.1916076,51.5141994]],[[-0.1914316,51.5136167],[-0.1913164,51.5132875]],[[-0.1913164,51.5132875],[-0.1911797,51.5133096],[-0.1909437,51.5133475],[-0.1908814,51.5133452],[-0.1908292,51.5133259]],[[-0.1904173,51.5134254],[-0.1908292,51.5133259]],[[-0.1900796,51.5135069],[-0.1904173,51.5134254]],[[-0.1895221,51.5136448],[-0.1900796,51.5135069]],[[-0.1891614,51.5137069],[-0.1893391,51.5136863],[-0.1895221,51.5136448]],[[-0.1877733,51.5137825],[-0.1879442,51.5137769],[-0.1880123,51.51377],[-0.1891614,51.5137069]],[[-0.1877733,51.5137825],[-0.1876388,51.5137703]],[[-0.1876388,51.5137703],[-0.1875877,51.5137757],[-0.1875145,51.5137746]],[[-0.1875145,51.5137746],[-0.1873494,51.5137913],[-0.1870325,51.5138337],[-0.18699,51.5138381]],[[-0.18699,51.5138381],[-0.1869571,51.5138453],[-0.1869017,51.5138506]],[[-0.1869017,51.5138506],[-0.1867885,51.5138625]],[[-0.1867885,51.5138625],[-0.1867578,51.5137381]],[[-0.1867578,51.5137381],[-0.18645,51.5124923]],[[-0.18645,51.5124923],[-0.1863793,51.512206]],[[-0.1863793,51.512206],[-0.1863469,51.5120922]],[[-0.1863469,51.5120922],[-0.1862582,51.5120188],[-0.1859714,51.511157],[-0.1859657,51.5110856],[-0.185961,51.5110262]],[[-0.185961,51.5110262],[-0.1859596,51.5110082]],[[-0.1859596,51.5110082],[-0.1859555,51.5109563]],[[-0.1859555,51.5109563],[-0.1858966,51.510783]],[[-0.1858966,51.510783],[-0.1858113,51.5105317],[-0.1857992,51.5104877],[-0.1857916,51.51046],[-0.1857833,51.5104293],[-0.1857684,51.5103738]],[[-0.1798344,51.4996396],[-0.1796457,51.4988589],[-0.1795951,51.4986379],[-0.1794357,51.4979635],[-0.1794214,51.4978775],[-0.1794036,51.4977808]],[[-0.1794036,51.4977808],[-0.17940283226038256,51.49777614958376]],[[-0.1771451,51.5197853],[-0.1774144,51.5196148],[-0.1775527,51.5195427]],[[-0.1781441,51.4997675],[-0.1781046,51.4997705],[-0.1780533,51.4997744],[-0.1774597,51.4998193],[-0.1770893,51.4998468],[-0.1769096,51.4998596],[-0.1757143,51.4999514],[-0.1755345,51.499965],[-0.1752505,51.4999865],[-0.1747484,51.5000416],[-0.174448,51.500067]],[[-0.1499849,51.4858641],[-0.1499123,51.4858708]],[[-0.1499123,51.4858708],[-0.149831,51.4858721]],[[-0.149831,51.4858721],[-0.1497859,51.4858713],[-0.1497395,51.4858669],[-0.1497115,51.4858636]],[[-0.1497115,51.4858636],[-0.1496218,51.4858519]],[[-0.1496218,51.4858519],[-0.1495727,51.4858448]],[[-0.1495727,51.4858448],[-0.1495305,51.4858381],[-0.149443,51.485794]],[[-0.1320612,51.4891538],[-0.1320229,51.4892212],[-0.1319265,51.4893124],[-0.131902,51.4893327],[-0.131763,51.4894639],[-0.131719,51.4895054]],[[-0.131719,51.4895054],[-0.1316768,51.4895431],[-0.1316381,51.4895748]],[[-0.1316381,51.4895748],[-0.131603,51.489604]],[[-0.131603,51.489604],[-0.131534,51.4896645]],[[-0.1889667,51.5186966],[-0.1889856,51.5187673],[-0.188803,51.5194136]],[[-0.188803,51.5194136],[-0.1887748,51.5194935],[-0.1887037,51.5195822]],[[-0.1466392,51.4940988],[-0.1467818,51.4941366]],[[-0.1467818,51.4941366],[-0.1468959,51.4941675],[-0.1470467,51.4942136]],[[-0.1470467,51.4942136],[-0.1473127,51.4942948],[-0.1473828,51.4943164]],[[-0.147576,51.4940533],[-0.1474142,51.4942752],[-0.1474022,51.4942916],[-0.1473828,51.4943164]],[[-0.1482614,51.493112],[-0.1479285,51.493569],[-0.1477244,51.4938498],[-0.147576,51.4940533]],[[-0.1482614,51.493112],[-0.1483773,51.4931455]],[[-0.1483773,51.4931455],[-0.1489215,51.4933119]],[[-0.1782601,51.5192345],[-0.1781123,51.5193524],[-0.1780443,51.5194119],[-0.1780132,51.5194474],[-0.177988,51.5194978],[-0.177985,51.5195668],[-0.1779784,51.5196176]],[[-0.1806909,51.5200487],[-0.1808981,51.5200631],[-0.1810511,51.5201092]],[[-0.1810511,51.5201092],[-0.1811082,51.5201455],[-0.1813174,51.5203108],[-0.1813483,51.5203406],[-0.1813692,51.5203758],[-0.1813748,51.5204127],[-0.1813724,51.520446],[-0.181366,51.52047],[-0.1813603,51.5204801],[-0.1813375,51.5205169],[-0.1812986,51.5205546],[-0.1812314,51.5206037],[-0.1811293,51.5206913]],[[-0.1807597,51.5208918],[-0.1807365,51.5209279],[-0.180713,51.5209502],[-0.1806519,51.5210003],[-0.1806426,51.5210421],[-0.1806549,51.5210927],[-0.1806694,51.5211159],[-0.1806918,51.5211815]],[[-0.1820042,51.5221314],[-0.1821087,51.522148],[-0.1822716,51.5221988],[-0.1826907,51.522443],[-0.1827475,51.5224761]],[[-0.1827475,51.5224761],[-0.183709,51.5230257],[-0.1838259,51.523078],[-0.1838575,51.5230942],[-0.1840891,51.5232134],[-0.1842135,51.5233095]],[[-0.1317462,51.5084826],[-0.1318595,51.5084398],[-0.1324768,51.5082108],[-0.1329243,51.5080551]],[[-0.147961,51.4900367],[-0.1479192,51.4899006],[-0.1478817,51.4898471],[-0.1478254,51.4898054],[-0.147136,51.4894338],[-0.1469019,51.4893019],[-0.1467555,51.4892195],[-0.1467199,51.4891983],[-0.1465897,51.4891209],[-0.1464883,51.4890597],[-0.1462512,51.4889341],[-0.1454336,51.4885532],[-0.1446303,51.4881708],[-0.1434726,51.4876202],[-0.1434524,51.4875723],[-0.1434452,51.4875572],[-0.1434186,51.4875012]],[[-0.147961,51.4900367],[-0.1480643,51.4900326],[-0.1481305,51.4900337],[-0.1481683,51.4900344],[-0.148363,51.4900919],[-0.1485037,51.490159],[-0.14869,51.4902632],[-0.1487,51.4902688]],[[-0.1487,51.4902688],[-0.1488527,51.4903492],[-0.1490013,51.4904275],[-0.1492005,51.4905318]],[[-0.1492005,51.4905318],[-0.1492927,51.4905767],[-0.1493622,51.4906091]],[[-0.1493622,51.4906091],[-0.1494702,51.4906236],[-0.1495228,51.4906493],[-0.1496,51.4906856],[-0.1496467,51.4907048],[-0.1496966,51.4907197]],[[-0.1496259,51.4907901],[-0.1495724,51.490765],[-0.1494777,51.4907191],[-0.1493986,51.4906808],[-0.1493806,51.4906721],[-0.1493622,51.4906091]],[[-0.1510078,51.492414],[-0.1511047,51.4924711]],[[-0.1511047,51.4924711],[-0.1511214,51.4925231],[-0.1511289,51.492553]],[[-0.1511289,51.492553],[-0.15104,51.4926227]],[[-0.15104,51.4926227],[-0.1509518,51.4926782]],[[-0.1509518,51.4926782],[-0.1504632,51.4931198],[-0.1503363,51.4932454],[-0.1503065,51.493272],[-0.1502824,51.4932963]],[[-0.1516699,51.4941739],[-0.1516419,51.4941586],[-0.151597,51.4941315],[-0.1515649,51.4941121],[-0.1511185,51.4938251],[-0.1510731,51.4937964],[-0.1507878,51.493616],[-0.1503739,51.4933542],[-0.1502824,51.4932963]],[[-0.152569,51.494729],[-0.1520551,51.4944142],[-0.1516699,51.4941739]],[[-0.1530293,51.4950424],[-0.1529175,51.494971],[-0.1528887,51.4949527],[-0.1528708,51.4949412],[-0.1527201,51.4948333],[-0.152569,51.494729]],[[-0.1535434,51.4947192],[-0.1534248,51.4947938],[-0.1531776,51.494951],[-0.1531215,51.4949848],[-0.1530293,51.4950424]],[[-0.1541269,51.494352],[-0.1540275,51.494414],[-0.1539841,51.4944419],[-0.1535434,51.4947192]],[[-0.1549539,51.4938429],[-0.1548572,51.493903],[-0.1542856,51.4942582],[-0.1542113,51.4943004],[-0.1541269,51.494352]],[[-0.1549539,51.4938429],[-0.1559579,51.4932042]],[[-0.1559579,51.4932042],[-0.15598082158741475,51.49319297585985]],[[-0.1502824,51.4932963],[-0.1501992,51.4932621],[-0.1498594,51.4931474],[-0.1495636,51.4930473],[-0.1492137,51.4929417]],[[-0.1492137,51.4929417],[-0.1491217,51.4929135],[-0.1490606,51.4928948]],[[-0.1490606,51.4928948],[-0.1489312,51.4928551]],[[-0.1458135,51.4933378],[-0.1455844,51.4936454]],[[-0.1455844,51.4936454],[-0.1455413,51.4937032],[-0.1455017,51.4937563]],[[-0.1455017,51.4937563],[-0.1456089,51.4937886],[-0.1457602,51.4938341]],[[-0.1457602,51.4938341],[-0.1461054,51.4939368]],[[-0.1461054,51.4939368],[-0.1464151,51.4940333],[-0.1464905,51.4940568],[-0.1466392,51.4940988]],[[-0.147804,51.4925248],[-0.1476565,51.4924934],[-0.1469723,51.492278],[-0.1467416,51.4921943]],[[-0.1467416,51.4921943],[-0.1466464,51.4922214],[-0.1465893,51.4922378],[-0.1465533,51.4922635],[-0.1465439,51.4922702],[-0.1465343,51.4922776]],[[-0.1465343,51.4922776],[-0.1464693,51.492363],[-0.1460622,51.4930042],[-0.1458135,51.4933378]],[[-0.1445378,51.4960359],[-0.1444763,51.4960057],[-0.1442774,51.4959611],[-0.1442137,51.4959486],[-0.1441436,51.4959356],[-0.1440764,51.4959222],[-0.1439857,51.4959174]],[[-0.1439857,51.4959174],[-0.143947,51.4959161],[-0.1439047,51.4959171],[-0.1438521,51.4959251],[-0.1437967,51.4959366],[-0.143743,51.4959535],[-0.1436336,51.4959959]],[[-0.175935,51.5119985],[-0.1759046,51.512123],[-0.1758615,51.5122839]],[[-0.1758615,51.5122839],[-0.1758153,51.5124436],[-0.1758003,51.5124896],[-0.1757952,51.5125115],[-0.1757646,51.5125972],[-0.1757432,51.5126575]],[[-0.1757432,51.5126575],[-0.1756748,51.5127195],[-0.1756388,51.5127447],[-0.1755878,51.5127688],[-0.1755321,51.5127858],[-0.1754846,51.512791],[-0.1754346,51.5127933],[-0.1753822,51.512795],[-0.1753191,51.5127959]],[[-0.1753191,51.5127959],[-0.174877,51.5124901],[-0.1744858,51.5122222]],[[-0.1744858,51.5122222],[-0.1743622,51.5121416],[-0.1743156,51.5121111],[-0.174275,51.5120675]],[[-0.174275,51.5120675],[-0.1742593,51.5120523],[-0.1741638,51.5119854],[-0.1741182,51.5119535],[-0.1740325,51.5118935]],[[-0.1680741,51.5299877],[-0.1681148,51.5300127],[-0.1681476,51.530043],[-0.1681658,51.5300686],[-0.1681771,51.5300952],[-0.1681792,51.5301512],[-0.1681559,51.5301872],[-0.168113,51.5302273]],[[-0.1679015,51.5303094],[-0.1677947,51.5303998],[-0.1677401,51.5304513],[-0.1675968,51.5306116],[-0.1675004,51.5307471]],[[-0.1675004,51.5307471],[-0.1674625,51.5307983],[-0.1674308,51.5308131],[-0.1673113,51.5308323]],[[-0.1546299,51.5373414],[-0.15463072962060537,51.537343335781415]],[[-0.1615024,51.525857],[-0.1614549,51.5258071],[-0.1614354,51.5257665],[-0.1614219,51.5257367],[-0.1614093,51.5257108],[-0.1613883,51.525658]],[[-0.1613883,51.525658],[-0.1613718,51.5256048]],[[-0.1613718,51.5256048],[-0.1613554,51.5255574],[-0.1613418,51.5255219]],[[-0.1613418,51.5255219],[-0.1612944,51.5254295],[-0.161311,51.5253876]],[[-0.1612539,51.5252703],[-0.161311,51.5253876]],[[-0.1612102,51.5251807],[-0.1612539,51.5252703]],[[-0.1608694,51.5244251],[-0.1609023,51.5244959],[-0.1610972,51.5249384],[-0.1612102,51.5251807]],[[-0.1600825,51.5227207],[-0.1601261,51.5228151],[-0.160143,51.5228518],[-0.1601731,51.5229169],[-0.160244,51.5230708],[-0.1603583,51.52332],[-0.1604882,51.5236038],[-0.1607592,51.5241877],[-0.1608239,51.524327],[-0.1608694,51.5244251]],[[-0.160016,51.5225911],[-0.1600302,51.5226177],[-0.1600498,51.5226499],[-0.1600825,51.5227207]],[[-0.1599871,51.5225407],[-0.1599946,51.5225549],[-0.160016,51.5225911]],[[-0.159946,51.5224617],[-0.1599871,51.5225407]],[[-0.15992,51.5224132],[-0.159946,51.5224617]],[[-0.1598686,51.5223098],[-0.159882,51.5223399],[-0.1599062,51.5223865],[-0.15992,51.5224132]],[[-0.1598265,51.5222144],[-0.1598489,51.5222651],[-0.1598686,51.5223098]],[[-0.1597912,51.5221347],[-0.1598093,51.5221757],[-0.1598158,51.5221902],[-0.1598265,51.5222144]],[[-0.1597636,51.5220722],[-0.1597772,51.5221031],[-0.1597912,51.5221347]],[[-0.1597191,51.5219741],[-0.1597249,51.5219867],[-0.1597636,51.5220722]],[[-0.1596954,51.5219223],[-0.1597191,51.5219741]],[[-0.1596439,51.5218095],[-0.1596954,51.5219223]],[[-0.1421351,51.4945574],[-0.142247,51.4945279],[-0.142296,51.494515],[-0.1423606,51.494499]],[[-0.1423606,51.494499],[-0.1424304,51.4944792]],[[-0.1424304,51.4944792],[-0.1424708,51.4944708],[-0.14295,51.4943756]],[[-0.14295,51.4943756],[-0.1431818,51.4942972],[-0.1432566,51.4942114],[-0.1432827,51.4941815],[-0.1434821,51.4940243],[-0.143715,51.4938829],[-0.1440062,51.4937024],[-0.1441289,51.4936065],[-0.1442704,51.4934958],[-0.1443527,51.49344],[-0.1443865,51.4934171],[-0.1444768,51.4933952],[-0.1445566,51.4933959],[-0.1446826,51.493418]],[[-0.1446826,51.493418],[-0.1447774,51.4934797],[-0.1450995,51.4936238],[-0.1453063,51.4936963],[-0.1453636,51.4937164],[-0.1454033,51.4937278]],[[-0.1454033,51.4937278],[-0.1454663,51.4937461],[-0.1455017,51.4937563]],[[-0.1565496,51.5167259],[-0.1560447,51.5168186],[-0.1558675,51.5168535],[-0.1553097,51.5169621],[-0.1551845,51.5169856]],[[-0.1572997,51.5165846],[-0.1571909,51.5166052],[-0.1567094,51.5166967],[-0.1565496,51.5167259]],[[-0.161311,51.5253876],[-0.1613862,51.525411],[-0.1614073,51.5254533],[-0.1614243,51.5254874]],[[-0.1614243,51.5254874],[-0.1614416,51.5255214]],[[-0.1614416,51.5255214],[-0.1614953,51.525633]]]}},{"type":"Feature","properties":{"kind":"stops"},"geometry":{"type":"MultiPoint","coordinates":[[-0.1427649,51.4994913],[-0.1754622,51.5154494],[-0.13732,51.4883236],[-0.1568796,51.5238242],[-0.1859863,51.5297951],[-0.1561998,51.5142563],[-0.1872283,51.5101973],[-0.188251,51.5123038],[-0.1750689,51.5116952],[-0.1415305,51.505721],[-0.1244469,51.5130521],[-0.1466069,51.5236375],[-0.1702657,51.5204413],[-0.1434915,51.4966451],[-0.1229841,51.5066338],[-0.1283486,51.5119071],[-0.1435984,51.4951377],[-0.1283355,51.5075319],[-0.1420167,51.5156556],[-0.1246974,51.4917769],[-0.1375278,51.5099367],[-0.1263071,51.5041611],[-0.1258316,51.4978405],[-0.1317198,51.5163872],[-0.1278031,51.4894015],[-0.1252697,51.4935822],[-0.1440984,51.4963553],[-0.1419632,51.512168],[-0.1758811,51.5163808],[-0.1580778,51.5234241],[-0.1562404,51.522468],[-0.1560683,51.5222742],[-0.1568606,51.522345],[-0.1576808,51.5226503],[-0.1876903,51.5125981],[-0.1497856,51.5142559],[-0.1689819,51.5202318],[-0.1688174,51.5199253],[-0.1439454,51.5229962],[-0.1440555,51.5228337],[-0.1439341,51.5239528],[-0.1437229,51.5072919],[-0.1424272,51.507034],[-0.1427797,51.5066961],[-0.1431467,51.5065266],[-0.1422741,51.5069087],[-0.1129002,51.5110313],[-0.1129667,51.5108956],[-0.1434887,51.4965658],[-0.1432226,51.4958419],[-0.142829,51.4951916],[-0.1456464,51.4953152],[-0.1462583,51.4944555],[-0.1460166,51.4952954],[-0.1834412,51.5235869],[-0.1835126,51.5237249],[-0.1634759,51.5128511],[-0.1620917,51.5131082],[-0.1613805,51.5139235],[-0.1604358,51.5135719],[-0.1575114,51.5136003],[-0.1565615,51.5137028],[-0.1567854,51.5135629],[-0.1575376,51.5134847],[-0.1576877,51.5123317],[-0.158342,51.5115693],[-0.1627531,51.5223809],[-0.1627088,51.5221926],[-0.1429614,51.5155067],[-0.1430993,51.5159501],[-0.1427206,51.5154949],[-0.1424266,51.5160888],[-0.1438462,51.5149817],[-0.1418836,51.5144539],[-0.1427249,51.5167408],[-0.1420864,51.5159699],[-0.1416325,51.5145545],[-0.1436079,51.5151369],[-0.1362862,51.5093252],[-0.1357725,51.5098422],[-0.1367571,51.5097475],[-0.1370439,51.5099967],[-0.135631,51.5100428],[-0.1362077,51.5091424],[-0.1322,51.4898123],[-0.1329497,51.4904328],[-0.1332453,51.4890498],[-0.1330996,51.4889309],[-0.1871416,51.5105798],[-0.1862236,51.5104091],[-0.188802,51.5179448],[-0.18944,51.5199065],[-0.1893012,51.5195726],[-0.1736117,51.5337466],[-0.1502496,51.5008384],[-0.1508915,51.5020817],[-0.1508725,51.5013845],[-0.1530629,51.5027985],[-0.1533335,51.5027926],[-0.1535551,51.5027472],[-0.1537963,51.5026983],[-0.1538883,51.5029442],[-0.1536422,51.5029326],[-0.1534156,51.5029585],[-0.1531458,51.5029847],[-0.1622326,51.5007167],[-0.161825,51.5016147],[-0.1760059,51.5120026],[-0.1751175,51.5116516],[-0.1758874,51.5124958],[-0.1284754,51.5105612],[-0.1282835,51.5115954],[-0.1283227,51.5109838],[-0.2009375,51.5212479],[-0.1999551,51.5202932],[-0.1466304,51.4890858],[-0.1397144,51.4878998],[-0.1188129,51.5124686],[-0.1185414,51.5127552],[-0.117972,51.5130955],[-0.1755506,51.5155439],[-0.1737144,51.5167133],[-0.174412,51.5156332],[-0.1240619,51.5015951],[-0.1239008,51.5016208],[-0.177849,51.532456],[-0.1255719,51.4976475],[-0.1641301,51.5270854],[-0.1645226,51.5275443],[-0.176438,51.5368615],[-0.1367749,51.4973724],[-0.1377889,51.4971161],[-0.1642979,51.5346816],[-0.1629607,51.5351734],[-0.1231342,51.5096743],[-0.2112673,51.5318633],[-0.2023386,51.5246428],[-0.2033144,51.5249882],[-0.1551911,51.5171502],[-0.175669,51.5392831],[-0.1842202,51.5375728],[-0.1419831,51.4975199],[-0.142206,51.4977338],[-0.1385328,51.490463],[-0.1387199,51.4906995],[-0.1494758,51.4916625],[-0.1462027,51.5092709],[-0.1430223,51.508068],[-0.1943619,51.5302116],[-0.1287418,51.512484],[-0.1883905,51.5343456],[-0.1818875,51.5359926],[-0.1868571,51.5328296],[-0.1868568,51.5330384],[-0.2029799,51.5324661],[-0.2024798,51.5317262],[-0.1783633,51.5192583],[-0.1784081,51.5197608],[-0.1796785,51.5182988],[-0.1882061,51.5240066],[-0.1887522,51.5241168],[-0.1328554,51.5079786],[-0.1481687,51.4993554],[-0.1780882,51.5163704],[-0.1443106,51.4972816],[-0.1438839,51.4978676],[-0.1398003,51.5123684],[-0.138876,51.5113002],[-0.1742159,51.532379],[-0.196204,51.527959],[-0.1964401,51.5274838],[-0.1413542,51.5125642],[-0.1401216,51.5123225],[-0.1254068,51.4957103],[-0.1251655,51.4955321],[-0.125203,51.4956945],[-0.1311084,51.5122532],[-0.1703211,51.5256516],[-0.1677044,51.5243947],[-0.1736317,51.533949],[-0.1737766,51.532858],[-0.1917587,51.5207916],[-0.1920417,51.5209786],[-0.1376913,51.4860281],[-0.1788321,51.5258418],[-0.1795378,51.5254039],[-0.1600283,51.5223606],[-0.1604127,51.523211],[-0.165875,51.5333395],[-0.1654459,51.5336116],[-0.1542364,51.5084982],[-0.1712322,51.5206389],[-0.1706726,51.5205078],[-0.1928024,51.5262489],[-0.1928866,51.52614],[-0.1979924,51.5251468],[-0.1980236,51.5250173],[-0.1839026,51.5302836],[-0.184879,51.5313243],[-0.1797187,51.4994855],[-0.1208791,51.5084512],[-0.1211473,51.5081627],[-0.2018797,51.5325391],[-0.212854,51.527174],[-0.2114478,51.5269096],[-0.1733002,51.5017655],[-0.2015804,51.528974],[-0.1737162,51.527238],[-0.1705888,51.5259024],[-0.1662675,51.5171989],[-0.1651825,51.5164626],[-0.1645689,51.5163019],[-0.1844131,51.516848],[-0.1794569,51.517143],[-0.1526353,51.4948714],[-0.1533567,51.4947438],[-0.1511,51.4909012],[-0.1518242,51.4906854],[-0.1487778,51.490393],[-0.1505181,51.4931391],[-0.1472181,51.4934655],[-0.1992217,51.518327],[-0.2068435,51.5263276],[-0.1810399,51.5280575],[-0.1458853,51.4933672],[-0.1474863,51.4928077],[-0.1460077,51.4931893],[-0.1462055,51.4929316],[-0.1462829,51.4927979],[-0.1464349,51.4926025],[-0.1468317,51.4937283],[-0.1469896,51.4935112],[-0.1471484,51.4932752],[-0.1473093,51.4930542],[-0.1477844,51.50404],[-0.148817,51.503546],[-0.1481251,51.5038588],[-0.146112,51.4967496],[-0.1458328,51.4962916],[-0.1456548,51.4968934],[-0.1285773,51.4882339],[-0.1754696,51.531224],[-0.17671,51.5312934],[-0.1777395,51.5300367],[-0.1620885,51.5219218],[-0.1320799,51.5089881],[-0.1326652,51.5096019],[-0.1495499,51.5233575],[-0.1495574,51.5231408],[-0.1642159,51.4993784],[-0.2159409,51.5284917],[-0.2018647,51.5234301],[-0.2007702,51.5245734],[-0.2015602,51.5231278],[-0.2005733,51.5244913],[-0.1985575,51.523651],[-0.2003657,51.5237861],[-0.1292704,51.495546],[-0.1291098,51.495641],[-0.1254769,51.5049871],[-0.1262846,51.5040491],[-0.1263957,51.5041538],[-0.1261389,51.5041998],[-0.1260865,51.5037854],[-0.1671999,51.5125547],[-0.1669101,51.5124779],[-0.1862989,51.5122653],[-0.1975162,51.5188834],[-0.214952,51.5274793],[-0.1892129,51.5347636],[-0.1631778,51.5017524],[-0.182087,51.5106969],[-0.1808439,51.5107912],[-0.1696302,51.530477],[-0.1704155,51.5311199],[-0.1696213,51.5306439],[-0.2009408,51.5285102],[-0.1250434,51.4935042],[-0.1187244,51.5105475],[-0.1502181,51.4862167],[-0.1510046,51.505396],[-0.1519271,51.5051002],[-0.180744,51.5349574],[-0.1301077,51.494915],[-0.1309531,51.4948227],[-0.1585434,51.5120593],[-0.1580033,51.5110157],[-0.1584971,51.5119196],[-0.1539606,51.5373702],[-0.1344199,51.4977832],[-0.1347428,51.4975802],[-0.127345,51.4949059],[-0.1265699,51.4947768],[-0.1479262,51.504249],[-0.1583083,51.5186468],[-0.1758224,51.5239181],[-0.174915,51.5234555],[-0.1542091,51.5146093],[-0.1539134,51.5144306],[-0.1906304,51.5100917],[-0.1893498,51.5101783],[-0.1399445,51.5154495],[-0.1387604,51.5156984],[-0.171592,51.5201371],[-0.1715028,51.5197879],[-0.1290412,51.493816],[-0.1289362,51.494183],[-0.1411833,51.4943867],[-0.1418481,51.495312],[-0.1423375,51.496056],[-0.1438463,51.5198585],[-0.1394928,51.5080737],[-0.1463708,51.5146603],[-0.1461578,51.5147974],[-0.1667408,51.5204535],[-0.1483822,51.5040323],[-0.1414553,51.4852009],[-0.138361,51.4876465],[-0.1377949,51.4882909],[-0.1373058,51.4882728],[-0.1625675,51.5253965],[-0.1669917,51.529269],[-0.1668339,51.52937],[-0.1812171,51.5014704],[-0.1761478,51.5367575],[-0.1902486,51.5156146],[-0.1891707,51.5156448],[-0.187948,51.5158653],[-0.128105,51.4894859],[-0.1297573,51.4901714],[-0.1305495,51.4896646],[-0.1878907,51.5166861],[-0.1870545,51.5162838],[-0.1866122,51.5163954],[-0.1840757,51.5105559],[-0.1841802,51.5104083],[-0.1569535,51.5206989],[-0.1453408,51.52052],[-0.1562684,51.5142284],[-0.1563405,51.5147396],[-0.204315,51.5257021],[-0.1669231,51.5312966],[-0.167067,51.5313164],[-0.1799181,51.500521],[-0.1710912,51.5019771],[-0.1692438,51.5017977],[-0.133903,51.508616],[-0.1340613,51.5088467],[-0.1390598,51.4933164],[-0.1374075,51.4923903],[-0.1143704,51.5132422],[-0.1141295,51.5132891],[-0.1134677,51.5129392],[-0.1553803,51.4894073],[-0.1334627,51.5111375],[-0.1671189,51.5018621],[-0.1658689,51.5016984],[-0.1987789,51.528093],[-0.120458,51.5107924],[-0.1532148,51.513999],[-0.1516256,51.5141889],[-0.1523856,51.5139775],[-0.1618965,51.5261293],[-0.1663651,51.5246035],[-0.1667438,51.5243085],[-0.1391095,51.5083314],[-0.1763982,51.5016313],[-0.1779478,51.5016093],[-0.1787309,51.5015112],[-0.1790591,51.5015063],[-0.134903,51.4913699],[-0.192424,51.5326601],[-0.1287647,51.4915616],[-0.1281347,51.4920715],[-0.125924,51.4914283],[-0.1261086,51.4907769],[-0.1724232,51.5166828],[-0.1724815,51.51737],[-0.1334526,51.4961915],[-0.1336861,51.4962996],[-0.1962834,51.5185804],[-0.1959015,51.5180025],[-0.1353604,51.4889603],[-0.135351,51.4890836],[-0.1788197,51.5264327],[-0.1774817,51.525046],[-0.1265164,51.5081322],[-0.1262415,51.5082824],[-0.1262279,51.5086482],[-0.1254071,51.5085185],[-0.1263425,51.5080182],[-0.1298307,51.5077007],[-0.1291428,51.5076239],[-0.1273376,51.5082427],[-0.1270317,51.5081484],[-0.1293775,51.5074628],[-0.1264778,51.5072987],[-0.1266991,51.5072211],[-0.1301739,51.5080667],[-0.1684917,51.5189834],[-0.1680116,51.5183936],[-0.1941125,51.5227718],[-0.1944056,51.5227635],[-0.143849,51.4959754],[-0.1439857,51.4959174],[-0.1452901,51.4958307],[-0.1488199,51.4925815],[-0.1486663,51.4921653],[-0.1481067,51.4921071],[-0.1482412,51.4922649],[-0.1497893,51.4931954],[-0.1715089,51.5121365],[-0.1709716,51.5120721],[-0.1468371,51.4893302],[-0.2089385,51.5267631],[-0.1354132,51.5159259],[-0.140966,51.4929971],[-0.1405082,51.492825],[-0.1602085,51.5360617],[-0.1564285,51.5199147],[-0.1478283,51.499249],[-0.1590716,51.5219724],[-0.1583908,51.5218603],[-0.1664393,51.5188048],[-0.1693382,51.5169595],[-0.1262393,51.5018272],[-0.1262793,51.5015583],[-0.125983,51.502474],[-0.126088,51.5015633],[-0.1268122,51.5001776],[-0.1448139,51.5103784],[-0.1734465,51.522228],[-0.1733037,51.5223624],[-0.1341099,51.510619],[-0.1445323,51.5153286],[-0.1446877,51.5149907],[-0.1447472,51.515849],[-0.1454121,51.5147809],[-0.1575502,51.5120404],[-0.1573828,51.5117184],[-0.1802892,51.5289468],[-0.1804024,51.5287507],[-0.1554846,51.5178329],[-0.1574383,51.5166621],[-0.17497,51.5284945],[-0.1765997,51.5300111],[-0.1194043,51.512288],[-0.1190616,51.511918],[-0.1210519,51.5127079],[-0.1878844,51.5254504],[-0.1434587,51.4854469],[-0.1279183,51.5098658],[-0.1781475,51.4998373],[-0.1788289,51.4997872],[-0.1418711,51.4877525],[-0.1961189,51.5274995],[-0.1973283,51.5273129],[-0.1971269,51.5274148],[-0.1303118,51.5126793],[-0.2057676,51.5328759],[-0.1420438,51.5121988],[-0.1433808,51.4989812],[-0.1434798,51.4984583],[-0.1855075,51.5197823],[-0.1623674,51.5213854],[-0.1604202,51.5214951],[-0.1953828,51.5157918],[-0.1945057,51.5151566],[-0.1951071,51.5155088],[-0.1990661,51.5191243],[-0.1817145,51.5176878],[-0.1812345,51.5176888],[-0.1309145,51.4990281],[-0.1305258,51.4991695],[-0.12979,51.4987185],[-0.1316987,51.4986036],[-0.131465,51.4986873],[-0.1299819,51.498657],[-0.1322859,51.4996528],[-0.1297336,51.4989102],[-0.1410604,51.4966263],[-0.1399449,51.4969072],[-0.1252382,51.5010202],[-0.1452659,51.4870269],[-0.1451668,51.4866356],[-0.1421538,51.487621],[-0.1755274,51.5198392],[-0.1368605,51.5055097],[-0.1423444,51.4997107],[-0.1426866,51.4994047],[-0.1753464,51.5188429],[-0.1502704,51.4897983],[-0.1501538,51.4893618],[-0.1770845,51.5146831],[-0.1810905,51.5213809],[-0.1271454,51.5064996],[-0.127022,51.5063126],[-0.1264376,51.505263],[-0.1272878,51.5068034],[-0.1878864,51.5139692],[-0.1883007,51.5138062],[-0.1629615,51.5232617],[-0.1569352,51.5229821],[-0.1566498,51.522259],[-0.1575496,51.5231217],[-0.1213336,51.5069899],[-0.1479044,51.4992186],[-0.1357763,51.5098943],[-0.1493695,51.4917257],[-0.1790069,51.5112059],[-0.1231427,51.5017374],[-0.1262276,51.5085981],[-0.1786485,51.5184283],[-0.1438686,51.5237975],[-0.1251817,51.5011187],[-0.1266894,51.5008717],[-0.1637983,51.5241264],[-0.1627733,51.5232805],[-0.1636633,51.5242207],[-0.178584,51.518488],[-0.17724,51.5165815],[-0.177129,51.5166341],[-0.177434,51.5164607],[-0.1761907,51.5167924],[-0.1762156,51.5167714],[-0.1766946,51.5168604],[-0.1769041,51.5167482],[-0.1774004,51.516485],[-0.1769447,51.5167317],[-0.1770992,51.5166635],[-0.1772646,51.5165635],[-0.1662143,51.5203846],[-0.1635969,51.5222403],[-0.1436902,51.4942563],[-0.1445526,51.4949396],[-0.1437113,51.4960452],[-0.1246431,51.5077211],[-0.1243422,51.5077897],[-0.1240282,51.5079362],[-0.1244595,51.5078132],[-0.1241603,51.5078489],[-0.124131,51.5078714],[-0.1260127,51.5088889],[-0.1283193,51.5074191],[-0.1298125,51.4902088],[-0.1445015,51.4949287],[-0.1433106,51.4949888],[-0.1456801,51.4944796],[-0.1456077,51.4944671],[-0.1454368,51.4944784],[-0.1441036,51.4948394],[-0.1441432,51.4948479],[-0.1453774,51.4944765],[-0.1882443,51.5122731],[-0.1754503,51.5154037],[-0.1491082,51.514454],[-0.1751089,51.511798],[-0.1407785,51.5153611],[-0.1408111,51.5154617],[-0.1771694,51.515862],[-0.144097,51.4963251],[-0.1666628,51.5201004],[-0.1671631,51.5200588],[-0.1668361,51.5203099],[-0.1543827,51.5027911],[-0.1347361,51.5097354],[-0.1703891,51.5185794],[-0.1135009,51.5130182],[-0.161842,51.5016953],[-0.2128771,51.527103],[-0.1866198,51.5189969],[-0.1566779,51.5222984],[-0.1438906,51.5238238],[-0.1243781,51.5016824],[-0.1418986,51.5071603],[-0.1410125,51.5076664],[-0.1417687,51.5156576],[-0.1422817,51.515625],[-0.1427545,51.4971415],[-0.1431893,51.4961348],[-0.134254,51.4892267],[-0.1792789,51.5203193],[-0.1249331,51.508528],[-0.1246995,51.5009972],[-0.1401175,51.5062958],[-0.1414112,51.5061124],[-0.142581,51.5066493],[-0.1221357,51.5072381],[-0.1309793,51.5163847],[-0.1276346,51.5116078],[-0.1285118,51.5118987],[-0.1344256,51.5100143],[-0.1625358,51.5003514],[-0.1498594,51.4931474],[-0.161514,51.5013757],[-0.1676393,51.5196766],[-0.182007,51.5014936],[-0.1788127,51.51681],[-0.1486131,51.5131895],[-0.1460497,51.5138845],[-0.1339519,51.5150094],[-0.1443989,51.4973066],[-0.1669918,51.5313093],[-0.1362038,51.4891267],[-0.1340143,51.5098704],[-0.1275681,51.5115348],[-0.1240887,51.5131374],[-0.1466165,51.5236691],[-0.1469184,51.5237162],[-0.1512776,51.5047113],[-0.1392226,51.5113172],[-0.1715994,51.5200745],[-0.1791945,51.5203639],[-0.1218468,51.5104197],[-0.1435972,51.4960935],[-0.1800905,51.5172196],[-0.1422974,51.5161223],[-0.1421651,51.5159662],[-0.1439845,51.4959752],[-0.143856,51.496018],[-0.1437109,51.4960866],[-0.1435839,51.4961386],[-0.1496016,51.5146419],[-0.1142768,51.510994],[-0.1142971,51.5110163],[-0.1621608,51.5006767],[-0.1631693,51.5016868],[-0.1439641,51.5239044],[-0.1621768,51.521908],[-0.1564257,51.5147253],[-0.1575604,51.5135354],[-0.1265531,51.4948249],[-0.144693,51.5158619],[-0.126386,51.5080483],[-0.126478,51.5080928],[-0.1261746,51.5082354],[-0.1254525,51.5085429],[-0.1462728,51.5236746],[-0.1469565,51.5237669],[-0.1187414,51.5124367],[-0.1141126,51.5132376],[-0.1489215,51.4933119],[-0.1733366,51.5222992],[-0.1733685,51.5223208],[-0.1749723,51.5234212],[-0.1757418,51.5239489],[-0.1707317,51.5204878],[-0.1711293,51.5206589],[-0.1715029,51.5198345],[-0.1685835,51.5189393],[-0.167871,51.5184435],[-0.1678978,51.5184621],[-0.1662085,51.5172386],[-0.1646244,51.5162789],[-0.1604743,51.5135493],[-0.1612841,51.5139596],[-0.1676101,51.5196202],[-0.1688423,51.5199756],[-0.1689655,51.520186],[-0.1667819,51.5205155],[-0.1774146,51.5250792],[-0.1789037,51.5263983],[-0.1807554,51.5279832],[-0.1807959,51.5279728],[-0.1809667,51.5281038],[-0.1808037,51.5278691],[-0.1807205,51.527915],[-0.1838056,51.5303326],[-0.1849491,51.5312915],[-0.18679,51.5328752],[-0.1869401,51.5330052],[-0.1884626,51.5343093],[-0.1581374,51.5116046],[-0.157748,51.512316],[-0.1547342,51.5082645],[-0.1546417,51.5083035],[-0.1542635,51.5084402],[-0.1509115,51.5053951],[-0.1509392,51.5013393],[-0.1508387,51.5020351],[-0.1480819,51.4993914],[-0.14315,51.4958585],[-0.1439832,51.4978948],[-0.1455827,51.4969368],[-0.1443176,51.4948815],[-0.1443583,51.4948947],[-0.1293502,51.5075414],[-0.1291712,51.5075234],[-0.1298806,51.5075223],[-0.1265101,51.5072502],[-0.1298835,51.5076042],[-0.1301246,51.5080213],[-0.1298465,51.5075999],[-0.1272353,51.508256],[-0.1270964,51.508147],[-0.1130359,51.5109549],[-0.1128712,51.5109723],[-0.1605365,51.5216523],[-0.1208007,51.508419],[-0.1210984,51.5081286],[-0.1143319,51.5131944],[-0.1231699,51.5097143],[-0.1217815,51.5103773],[-0.1184583,51.512723],[-0.1178866,51.5130503],[-0.1189772,51.5119203],[-0.1188039,51.5105197],[-0.1185343,51.5105762],[-0.1399192,51.4968718],[-0.1411214,51.4966969],[-0.1378155,51.4971664],[-0.1367529,51.4973224],[-0.1391057,51.4932799],[-0.1373536,51.4924294],[-0.1336194,51.4963282],[-0.1335412,51.4962055],[-0.1309397,51.4948776],[-0.1205865,51.508613],[-0.1583892,51.5135178],[-0.1581495,51.5133982],[-0.1327997,51.5161338],[-0.1373579,51.5099316],[-0.1626556,51.5223614],[-0.1627681,51.522264],[-0.1623349,51.5213279],[-0.1604771,51.5215236],[-0.1603583,51.52332],[-0.1599062,51.5223865],[-0.1800486,51.5171709],[-0.1793197,51.5171567],[-0.178134,51.5163355],[-0.1590483,51.521912],[-0.1584144,51.5219165],[-0.1568709,51.520713],[-0.1555621,51.5178191],[-0.1573466,51.5166834],[-0.1582465,51.5186629],[-0.1541147,51.5146257],[-0.1540203,51.5144117],[-0.1451359,51.4944944],[-0.1756105,51.5155863],[-0.1736582,51.5166687],[-0.1724143,51.5173575],[-0.1723378,51.516717],[-0.1677906,51.518509],[-0.169408,51.5170023],[-0.1581146,51.5234181],[-0.1578361,51.5228086],[-0.1568245,51.522297],[-0.156228,51.5224064],[-0.1561013,51.5223268],[-0.149528,51.5233054],[-0.1495747,51.5231987],[-0.1440273,51.5229762],[-0.1439701,51.5228519],[-0.1574848,51.513543],[-0.1568266,51.513615],[-0.1565455,51.5136518],[-0.1578505,51.5110557],[-0.1582888,51.5119517],[-0.1584039,51.5122152],[-0.1576009,51.5120347],[-0.1574337,51.5117023],[-0.1512349,51.5058265],[-0.1513048,51.5058075],[-0.152225,51.5046579],[-0.1520554,51.5046285],[-0.1513087,51.504647],[-0.1520944,51.5051217],[-0.1421159,51.4956847],[-0.1424226,51.4960353],[-0.1421944,51.4956676],[-0.1419347,51.4952903],[-0.1411042,51.4944189],[-0.1332518,51.4890024],[-0.1330778,51.4889796],[-0.1321347,51.4898613],[-0.1330352,51.4903528],[-0.134946,51.4912851],[-0.1285169,51.4882682],[-0.1427633,51.4951876],[-0.1459617,51.4965086],[-0.1444694,51.5153373],[-0.146025,51.4967784],[-0.1450969,51.4965829],[-0.1450313,51.4965715],[-0.1453761,51.4958515],[-0.1459356,51.4952677],[-0.1457509,51.4953543],[-0.1883771,51.5190675],[-0.1399498,51.5154965],[-0.1387603,51.515669],[-0.1351279,51.5160358],[-0.135428,51.5159562],[-0.1317116,51.5163526],[-0.1448922,51.5148493],[-0.1454484,51.5148325],[-0.1449374,51.5148993],[-0.1446519,51.5149379],[-0.1461087,51.5147462],[-0.1464007,51.5147081],[-0.1497974,51.5143125],[-0.1520139,51.5141444],[-0.1519133,51.5140359],[-0.1531822,51.513965],[-0.1520003,51.5141011],[-0.1516028,51.514147],[-0.1532154,51.5139605],[-0.1524071,51.5140542],[-0.1519308,51.5141092],[-0.1530839,51.5028518],[-0.1538682,51.502902],[-0.1536637,51.5029748],[-0.1534537,51.5030109],[-0.1531587,51.5030443],[-0.153315,51.5027485],[-0.1535376,51.5027042],[-0.153779,51.5026541],[-0.1751552,51.5117416],[-0.1749868,51.5117195],[-0.1758003,51.5124896],[-0.1435856,51.5150893],[-0.1418015,51.5144661],[-0.141722,51.5145536],[-0.142585,51.5167648],[-0.1438797,51.5150484],[-0.1431802,51.5159155],[-0.1428132,51.5154617],[-0.1429661,51.515519],[-0.141422,51.5125988],[-0.1400671,51.5123938],[-0.1398817,51.5123387],[-0.1391413,51.5113339],[-0.1389615,51.5112816],[-0.1452449,51.5205338],[-0.1438967,51.5199102],[-0.175935,51.5119985],[-0.1362469,51.5091867],[-0.1362401,51.509282],[-0.1367526,51.5098465],[-0.1370922,51.509961],[-0.1355926,51.5100084],[-0.1339993,51.5088809],[-0.1338008,51.5086522],[-0.1329243,51.5080551],[-0.1327376,51.5095778],[-0.1321722,51.5089672],[-0.1252407,51.5009787],[-0.1268156,51.5002252],[-0.1273698,51.5067902],[-0.1272307,51.506483],[-0.127109,51.5062712],[-0.1265213,51.5052456],[-0.1254576,51.5049407],[-0.1260007,51.5037844],[-0.1260597,51.5042181],[-0.1263668,51.504037],[-0.1258953,51.5024693],[-0.1263132,51.5018164],[-0.1263535,51.5015576],[-0.125981,51.5015327],[-0.1275765,51.5006761],[-0.1275191,51.5006829],[-0.1257287,51.4978538],[-0.1257076,51.4976476],[-0.1256758,51.497388],[-0.1291871,51.4955602],[-0.1291999,51.4956434],[-0.1253241,51.4957206],[-0.1253018,51.4956361],[-0.1252739,51.4955299],[-0.1206538,51.5086435],[-0.126659,51.5072857],[-0.1425906,51.5116104],[-0.1972351,51.5274157],[-0.1972433,51.5273125],[-0.1799996,51.5181],[-0.1218816,51.5075217],[-0.1573755,51.5233342],[-0.1391789,51.5084092],[-0.1480731,51.5038081],[-0.1487651,51.5034976],[-0.1477244,51.5039985],[-0.1479679,51.5042778],[-0.1484432,51.5040784],[-0.1223154,51.5072768],[-0.1223732,51.5072934],[-0.1916805,51.520821],[-0.1922058,51.5209771],[-0.1359662,51.5060088],[-0.1740349,51.535435],[-0.1430972,51.5080365],[-0.1436691,51.5073267],[-0.1423614,51.5069841],[-0.1428458,51.5067498],[-0.1432004,51.5065755],[-0.1423155,51.5070063],[-0.1461373,51.5093125],[-0.1448756,51.5104265],[-0.1426382,51.51163],[-0.12805,51.5098763],[-0.1283973,51.5105651],[-0.1284044,51.5109927],[-0.1283762,51.511599],[-0.1286666,51.5124896],[-0.1302552,51.5126533],[-0.1311583,51.5123171],[-0.1335087,51.5111594],[-0.1340778,51.510552],[-0.149216,51.4926693],[-0.1489906,51.4932431],[-0.1434096,51.4855095],[-0.1832366,51.5230715],[-0.1834674,51.5229412],[-0.1800632,51.5181483],[-0.1541878,51.502678],[-0.170304,51.5204793],[-0.1744718,51.5354393],[-0.1872612,51.5102982],[-0.1301137,51.4948655],[-0.1422867,51.4996645],[-0.1433099,51.498963],[-0.1436007,51.4984882],[-0.14447,51.4970742],[-0.1420255,51.4975184],[-0.1322901,51.499699],[-0.1343723,51.497736],[-0.1347698,51.4976329],[-0.1315159,51.4987361],[-0.1317558,51.4986474],[-0.1308534,51.4989858],[-0.1299173,51.4986548],[-0.1304723,51.4991262],[-0.1298431,51.4989232],[-0.1298949,51.4987402],[-0.1481787,51.4921481],[-0.1480304,51.4922875],[-0.1504632,51.4931198],[-0.1471639,51.4934466],[-0.1534248,51.4947938],[-0.1527201,51.4948333],[-0.1273493,51.4948491],[-0.1278717,51.4895322],[-0.1278506,51.4894446],[-0.1258299,51.4914172],[-0.1261978,51.4908153],[-0.1251278,51.4935128],[-0.125132,51.4935867],[-0.130488,51.4895906],[-0.128703,51.4915603],[-0.1282411,51.492118],[-0.128992,51.4941825],[-0.128971,51.4938211],[-0.1382848,51.4876717],[-0.1377721,51.4882429],[-0.1397225,51.4879595],[-0.1418548,51.4876958],[-0.1421649,51.487655],[-0.145308,51.4866877],[-0.1451714,51.4870338],[-0.1465897,51.4891209],[-0.1469019,51.4893019],[-0.1488527,51.4903492],[-0.1415707,51.4851505],[-0.137616,51.4860511],[-0.1353116,51.4890066],[-0.1354132,51.4890536],[-0.1387826,51.4906565],[-0.1384965,51.4905216],[-0.1405929,51.4927951],[-0.1408911,51.4930353],[-0.1488729,51.492506],[-0.1498542,51.4926162],[-0.1488295,51.4921177],[-0.1751416,51.5116969],[-0.1771551,51.5147307],[-0.1714984,51.5120891],[-0.1709787,51.5121399],[-0.1669236,51.512535],[-0.1671846,51.5125096],[-0.1634877,51.5128992],[-0.1620668,51.51307],[-0.1395453,51.508136],[-0.1579571,51.5227873],[-0.160334,51.5250705],[-0.1651174,51.5165004],[-0.1766543,51.5168849],[-0.1797939,51.5343394],[-0.1445809,51.4962139],[-0.1441057,51.4962419],[-0.143854,51.4961941],[-0.143866,51.4962432],[-0.1434412,51.4950982],[-0.1434832,51.4951089],[-0.1436561,51.4951502],[-0.1433523,51.4949988],[-0.1451776,51.4945092],[-0.144516,51.4961725],[-0.1484784,51.4923652],[-0.1151841,51.5131096],[-0.1203144,51.5108736],[-0.158606,51.5121788],[-0.1621011,51.5255888],[-0.1648815,51.5228579],[-0.1460908,51.4947781],[-0.1754608,51.5163981],[-0.1858544,51.529847],[-0.1635799,51.5222736],[-0.1797434,51.5183434],[-0.1442,51.4966183],[-0.1442021,51.496701],[-0.1338926,51.516062],[-0.1339242,51.5161442],[-0.1605874,51.521717],[-0.1565035,51.519901],[-0.1552593,51.5171449],[-0.155128,51.51686],[-0.1552527,51.5168437],[-0.1184787,51.5105844],[-0.1602497,51.5251361],[-0.1428506,51.5163676],[-0.1416093,51.5165887],[-0.1419904,51.5156668],[-0.1465949,51.5236665],[-0.1344313,51.5100502],[-0.1575518,51.5231568],[-0.1151465,51.5130182],[-0.1169133,51.5131984],[-0.1182129,51.5127569],[-0.1187378,51.5121607],[-0.1188924,51.5121919],[-0.1168907,51.5132809],[-0.1183118,51.5128236],[-0.1153833,51.5124843],[-0.1415905,51.5165458],[-0.1409595,51.5159003],[-0.1800281,51.5176459],[-0.1577622,51.5226491],[-0.1569407,51.5235167],[-0.1311403,51.5157211],[-0.1665257,51.5188164],[-0.149889,51.5155716],[-0.1518453,51.4907299],[-0.2149018,51.5275291],[-0.2115145,51.5269644],[-0.2069171,51.5263922],[-0.2031879,51.5249954],[-0.2003095,51.5238407],[-0.1943243,51.5228096],[-0.1892816,51.5196282],[-0.1783501,51.5198091],[-0.1755268,51.5198845],[-0.1855086,51.5197238],[-0.1894582,51.5198649],[-0.1941872,51.5227311],[-0.1985916,51.5235973],[-0.2023885,51.5245941],[-0.2043906,51.5256583],[-0.2089488,51.5267],[-0.1880042,51.5159227],[-0.1844505,51.5168921],[-0.1812621,51.51774],[-0.1816929,51.5176437],[-0.1870074,51.5162098],[-0.1902397,51.5155717],[-0.1944888,51.5151002],[-0.1290591,51.4994599],[-0.1585679,51.5365276],[-0.1642368,51.5346375],[-0.1658022,51.5333187],[-0.1668747,51.5292781],[-0.1641257,51.5271914],[-0.1619881,51.5260856],[-0.1645961,51.527494],[-0.1669332,51.5293242],[-0.165533,51.5336312],[-0.1630195,51.5352214],[-0.1602586,51.5361142],[-0.1539635,51.537424],[-0.1821575,51.529031],[-0.1822143,51.5290067],[-0.1441059,51.4962052],[-0.1835375,51.523639],[-0.1796355,51.5254706],[-0.1804667,51.5287875],[-0.1776467,51.5301208],[-0.1742655,51.5323995],[-0.1737017,51.5339184],[-0.1761874,51.5367557],[-0.1757396,51.5392872],[-0.1763277,51.5368585],[-0.1735342,51.5337794],[-0.1737108,51.5328222],[-0.1755199,51.5311291],[-0.1802284,51.5289001],[-0.1788025,51.5258164],[-0.1834678,51.5236716],[-0.181021,51.5214148],[-0.1341728,51.4994295],[-0.1350491,51.4991032],[-0.1789863,51.5111449],[-0.1820546,51.5106693],[-0.1862107,51.5103348],[-0.1882607,51.5101802],[-0.1841934,51.5104935],[-0.1807827,51.5108608],[-0.1750519,51.528462],[-0.1736005,51.5272972],[-0.1695549,51.5305044],[-0.1696937,51.5306177],[-0.1703131,51.5311233],[-0.1580311,51.5235506],[-0.1951946,51.5154991],[-0.195992,51.5179934],[-0.1974875,51.5188236],[-0.200034,51.5202674],[-0.2016487,51.5231151],[-0.2006021,51.5245429],[-0.1980674,51.5250882],[-0.1962915,51.5279766],[-0.194446,51.5302328],[-0.1925145,51.5326761],[-0.1630113,51.5232556],[-0.1636152,51.5242297],[-0.1799968,51.5176622],[-0.1230389,51.5065891],[-0.1211611,51.5072479],[-0.1784387,51.5173841],[-0.1787456,51.5173288],[-0.1789801,51.5184038],[-0.1784865,51.5184322],[-0.1779349,51.5176935],[-0.1779782,51.5176403],[-0.1784675,51.5173681],[-0.1777953,51.5175711],[-0.1781479,51.5175292],[-0.1791893,51.5173201],[-0.178307,51.5174465],[-0.178715,51.5173492],[-0.1781011,51.5175595],[-0.1782821,51.5174621],[-0.1641701,51.5250496],[-0.1637477,51.5246296],[-0.1635054,51.5241966],[-0.1632976,51.5242354],[-0.1642182,51.5250419],[-0.1226902,51.5072765],[-0.1234038,51.5072621],[-0.1230939,51.5072842],[-0.1231353,51.507268],[-0.1234419,51.5072425],[-0.1227108,51.5072582],[-0.1283647,51.5074375],[-0.1283528,51.507502],[-0.1753885,51.5153945],[-0.1755019,51.5154558],[-0.1441052,51.4943148],[-0.144658,51.4936161],[-0.1454704,51.4932462],[-0.1448902,51.4932801],[-0.166783,51.5201369],[-0.1570164,51.5230626],[-0.1569454,51.5231696],[-0.1566076,51.5223228],[-0.1565713,51.52226],[-0.1420431,51.5158754],[-0.1407801,51.515438],[-0.1258881,51.500933],[-0.1258756,51.5009352],[-0.124773,51.5013665],[-0.1248508,51.50143],[-0.1430705,51.496663],[-0.1437259,51.4963106],[-0.1437391,51.4964017],[-0.1429264,51.4966259],[-0.1351923,51.4892056],[-0.1352394,51.4890913],[-0.1229496,51.5066386],[-0.1228613,51.5064815],[-0.1406244,51.5062973],[-0.1406602,51.5061021],[-0.1419317,51.5061987],[-0.1421696,51.5061312],[-0.1253321,51.5086809],[-0.125401,51.5086216],[-0.1258917,51.5079797],[-0.1261488,51.5081126],[-0.122256,51.5073215],[-0.1222527,51.5076394],[-0.1634625,51.5222919],[-0.1635862,51.5222391],[-0.1574493,51.5235995],[-0.1574956,51.5236751],[-0.1572798,51.5232466],[-0.157268,51.5232103],[-0.1883769,51.5123166],[-0.1883643,51.512242],[-0.1415012,51.5074268],[-0.1414524,51.5073699],[-0.125115,51.4916563],[-0.1874931,51.5190194],[-0.1874886,51.5190436],[-0.1407555,51.5153797],[-0.1668387,51.5202216],[-0.1667681,51.5201179],[-0.166856,51.5202448],[-0.1444285,51.4942093],[-0.1444049,51.4944021],[-0.1446474,51.4941937],[-0.1449858,51.4939651],[-0.1452183,51.4940228],[-0.1457905,51.4936139],[-0.1460223,51.4935274],[-0.1460689,51.4935411],[-0.1451438,51.4943373],[-0.14625,51.4935873],[-0.1464085,51.4936328],[-0.134557,51.4992422],[-0.1344676,51.4993376],[-0.1317948,51.5162942],[-0.1319751,51.5162314],[-0.1436062,51.5238927],[-0.1435412,51.5238078],[-0.1832562,51.5230557],[-0.1701378,51.5204382],[-0.1703298,51.5204571],[-0.1740425,51.5352536],[-0.1743188,51.535252],[-0.1545221,51.5081428],[-0.1280076,51.4895192],[-0.1635749,51.5239947],[-0.1614568,51.5013392],[-0.1544165,51.5027605],[-0.1543346,51.5026914],[-0.127644,51.5115763],[-0.1277249,51.5115066],[-0.1496423,51.515175],[-0.1493621,51.5143406],[-0.1498414,51.515173],[-0.1493848,51.514417],[-0.1470395,51.5137728],[-0.1469223,51.5133652],[-0.1418953,51.5159058],[-0.177914,51.5163605],[-0.1780369,51.5162944],[-0.176004,51.5165567],[-0.1758524,51.5166212],[-0.178507,51.5184085],[-0.1833609,51.5229562],[-0.1142136,51.5109884],[-0.1142278,51.5110306],[-0.1582375,51.5116658],[-0.1520828,51.5048407],[-0.1354467,51.4856127],[-0.1421442,51.5158493],[-0.1422961,51.5158131],[-0.1325464,51.5156148],[-0.1325093,51.515016],[-0.1339839,51.5098821],[-0.1346845,51.5097492],[-0.1342825,51.510065],[-0.1344905,51.5099829],[-0.1462102,51.4935767],[-0.1451806,51.4940114],[-0.1441344,51.4943241],[-0.1444045,51.4942034],[-0.1450346,51.4939782],[-0.122241,51.5074594],[-0.12234,51.5071698],[-0.1233598,51.5019941],[-0.1284573,51.5118772],[-0.1242967,51.5130978],[-0.1633534,51.5242245],[-0.1628512,51.5230041]]}},{"type":"Feature","properties":{"kind":"station","name":"St. James's Park"},"geometry":{"type":"Point","coordinates":[-0.1345942,51.4992816]}},{"type":"Feature","properties":{"kind":"station","name":"Westminster"},"geometry":{"type":"Point","coordinates":[-0.1249302,51.5013562]}},{"type":"Feature","properties":{"kind":"station","name":"Pimlico"},"geometry":{"type":"Point","coordinates":[-0.1353308,51.4891579]}},{"type":"Feature","properties":{"kind":"station","name":"Victoria"},"geometry":{"type":"Point","coordinates":[-0.1431522,51.4963688]}},{"type":"Feature","properties":{"kind":"station","name":"Baker Street"},"geometry":{"type":"Point","coordinates":[-0.1567431,51.5225853]}},{"type":"Feature","properties":{"kind":"station","name":"Paddington"},"geometry":{"type":"Point","coordinates":[-0.175365,51.5154795]}},{"type":"Feature","properties":{"kind":"station","name":"Green Line Coaches"},"geometry":{"type":"Point","coordinates":[-0.1461027,51.4930068]}},{"type":"Feature","properties":{"kind":"station","name":"Edgware Road"},"geometry":{"type":"Point","coordinates":[-0.1667636,51.5201935]}},{"type":"Feature","properties":{"kind":"station","name":"Bond Street"},"geometry":{"type":"Point","coordinates":[-0.1494231,51.5139808]}},{"type":"Feature","properties":{"kind":"station","name":"Leicester Square"},"geometry":{"type":"Point","coordinates":[-0.1282641,51.5114642]}},{"type":"Feature","properties":{"kind":"station","name":"Piccadilly Circus"},"geometry":{"type":"Point","coordinates":[-0.1345484,51.5098192]}},{"type":"Feature","properties":{"kind":"station","name":"Charing Cross"},"geometry":{"type":"Point","coordinates":[-0.1263945,51.5079664]}},{"type":"Feature","properties":{"kind":"station","name":"London Victoria"},"geometry":{"type":"Point","coordinates":[-0.1445802,51.4947328]}},{"type":"Feature","properties":{"kind":"station","name":"Jason's Trip"},"geometry":{"type":"Point","coordinates":[-0.1832994,51.5212597]}},{"type":"Feature","properties":{"kind":"station","name":"Paddington (Circle and Hammersmith & City lines)"},"geometry":{"type":"Point","coordinates":[-0.1787546,51.5185075]}},{"type":"Feature","properties":{"kind":"station","name":"Hyde Park Corner"},"geometry":{"type":"Point","coordinates":[-0.1543249,51.5027264]}},{"type":"Feature","properties":{"kind":"station","name":"Lancaster Gate"},"geometry":{"type":"Point","coordinates":[-0.1753808,51.5118427]}},{"type":"Feature","properties":{"kind":"station","name":"Edgware Road"},"geometry":{"type":"Point","coordinates":[-0.1702993,51.5204575]}},{"type":"Feature","properties":{"kind":"station","name":"Marylebone"},"geometry":{"type":"Point","coordinates":[-0.1635046,51.5222363]}},{"type":"Feature","properties":{"kind":"station","name":"Embankment"},"geometry":{"type":"Point","coordinates":[-0.1222409,51.5072143]}},{"type":"Feature","properties":{"kind":"station","name":"Warwick Avenue"},"geometry":{"type":"Point","coordinates":[-0.1833083,51.5229834]}},{"type":"Feature","properties":{"kind":"station","name":"Tottenham Court Road"},"geometry":{"type":"Point","coordinates":[-0.1305125,51.5159715]}},{"type":"Feature","properties":{"kind":"station","name":"Oxford Circus"},"geometry":{"type":"Point","coordinates":[-0.1419563,51.5154418]}},{"type":"Feature","properties":{"kind":"station","name":"London Marylebone"},"geometry":{"type":"Point","coordinates":[-0.163592,51.5243712]}},{"type":"Feature","properties":{"kind":"station","name":"Temple"},"geometry":{"type":"Point","coordinates":[-0.1143345,51.5109659]}},{"type":"Feature","properties":{"kind":"station","name":"Covent Garden"},"geometry":{"type":"Point","coordinates":[-0.1242695,51.5130942]}},{"type":"Feature","properties":{"kind":"station","name":"St. John's Wood"},"geometry":{"type":"Point","coordinates":[-0.1742097,51.5353523]}},{"type":"Feature","properties":{"kind":"station","name":"Green Park"},"geometry":{"type":"Point","coordinates":[-0.1429437,51.5066244]}},{"type":"Feature","properties":{"kind":"station","name":"Royal Oak"},"geometry":{"type":"Point","coordinates":[-0.1874439,51.5190222]}},{"type":"Feature","properties":{"kind":"station","name":"Bayswater"},"geometry":{"type":"Point","coordinates":[-0.1883854,51.5122764]}},{"type":"Feature","properties":{"kind":"station","name":"Marble Arch"},"geometry":{"type":"Point","coordinates":[-0.1582531,51.513435]}},{"type":"Feature","properties":{"kind":"station","name":"Great Portland Street"},"geometry":{"type":"Point","coordinates":[-0.1437048,51.5238146]}},{"type":"Feature","properties":{"kind":"station","name":"Queensway"},"geometry":{"type":"Point","coordinates":[-0.1872329,51.5104729]}},{"type":"Feature","properties":{"kind":"station","name":"Regent's Park"},"geometry":{"type":"Point","coordinates":[-0.1466357,51.5236277]}},{"type":"Feature","properties":{"kind":"station","name":"Maida Vale"},"geometry":{"type":"Point","coordinates":[-0.1857447,51.5298672]}},{"type":"Feature","properties":{"kind":"station","name":"London Paddington"},"geometry":{"type":"Point","coordinates":[-0.177317,51.5170952]}},{"type":"Feature","properties":{"kind":"station","name":"Charing Cross"},"geometry":{"type":"Point","coordinates":[-0.1236888,51.5074975]}},{"type":"Feature","properties":{"kind":"station","name":"Bond Street"},"geometry":{"type":"Point","coordinates":[-0.1470905,51.5135348]}},{"type":"Feature","properties":{"kind":"station","name":"Tottenham Court Road"},"geometry":{"type":"Point","coordinates":[-0.1325199,51.5153354]}},{"type":"Feature","properties":{"kind":"station","name":"London Waterbus"},"geometry":{"type":"Point","coordinates":[-0.1829269,51.5213702]}},{"type":"Feature","properties":{"kind":"station","name":"Paddington"},"geometry":{"type":"Point","coordinates":[-0.1780083,51.5163695]}},{"type":"Feature","properties":{"kind":"station","name":"Victoria Coach Station (Departures)"},"geometry":{"type":"Point","coordinates":[-0.1492276,51.492275]}},{"type":"Feature","properties":{"kind":"station","name":"Victoria Bus Station"},"geometry":{"type":"Point","coordinates":[-0.1439769,51.4960384]}},{"type":"Feature","properties":{"kind":"station","name":"Victoria Coach Station (Arrivals)"},"geometry":{"type":"Point","coordinates":[-0.1489124,51.4933587]}},{"type":"Feature","properties":{"kind":"station","name":"Oxford Circus Tube Station (building and tunnels)"},"geometry":{"type":"Point","coordinates":[-0.141333,51.5156796]}},{"type":"Feature","properties":{"kind":"station","name":"Hyde Park Corner Tube Station (building and tunnels)"},"geometry":{"type":"Point","coordinates":[-0.1532799,51.5028609]}},{"type":"Feature","properties":{"kind":"station","name":"Leicester Square Tube Station (buildings and tunnels)"},"geometry":{"type":"Point","coordinates":[-0.1279577,51.5116615]}},{"type":"Feature","properties":{"kind":"station","name":"Covent Garden Tube Station (Building and tunnels)"},"geometry":{"type":"Point","coordinates":[-0.1242967,51.5130885]}}]}
